solid OpenSCAD_Model
  facet normal -0.995132 -0.0985547 -0
    outer loop
      vertex 113.145 -20.3059 -30.3463
      vertex 113.036 -19.2053 -47
      vertex 113.145 -20.3059 -47
    endloop
  endfacet
  facet normal -0.995132 -0.0985547 0
    outer loop
      vertex 113.036 -19.2053 -47
      vertex 113.145 -20.3059 -30.3463
      vertex 113.036 -19.2053 -30.2686
    endloop
  endfacet
  facet normal -0.995132 -0.0985547 0
    outer loop
      vertex 113.145 -20.3059 30.3463
      vertex 113.036 -19.2053 47
      vertex 113.036 -19.2053 30.2686
    endloop
  endfacet
  facet normal -0.995132 -0.0985547 0
    outer loop
      vertex 113.036 -19.2053 47
      vertex 113.145 -20.3059 30.3463
      vertex 113.145 -20.3059 47
    endloop
  endfacet
  facet normal -0.986664 -0.162771 -0
    outer loop
      vertex 113.325 -21.397 -30.4754
      vertex 113.145 -20.3059 -47
      vertex 113.325 -21.397 -47
    endloop
  endfacet
  facet normal -0.986664 -0.162771 0
    outer loop
      vertex 113.145 -20.3059 -47
      vertex 113.325 -21.397 -30.4754
      vertex 113.145 -20.3059 -30.3463
    endloop
  endfacet
  facet normal -0.986664 -0.162771 0
    outer loop
      vertex 113.325 -21.397 30.4754
      vertex 113.145 -20.3059 47
      vertex 113.145 -20.3059 30.3463
    endloop
  endfacet
  facet normal -0.986664 -0.162771 0
    outer loop
      vertex 113.145 -20.3059 47
      vertex 113.325 -21.397 30.4754
      vertex 113.325 -21.397 47
    endloop
  endfacet
  facet normal -0.99947 -0.0325531 0
    outer loop
      vertex 113.036 -19.2053 30.2686
      vertex 113 -18.1 47
      vertex 113 -18.1 30.2427
    endloop
  endfacet
  facet normal -0.99947 -0.0325531 0
    outer loop
      vertex 113 -18.1 47
      vertex 113.036 -19.2053 30.2686
      vertex 113.036 -19.2053 47
    endloop
  endfacet
  facet normal -0.99947 -0.0325531 -0
    outer loop
      vertex 113.036 -19.2053 -30.2686
      vertex 113 -18.1 -47
      vertex 113.036 -19.2053 -47
    endloop
  endfacet
  facet normal -0.99947 -0.0325531 0
    outer loop
      vertex 113 -18.1 -47
      vertex 113.036 -19.2053 -30.2686
      vertex 113 -18.1 -30.2427
    endloop
  endfacet
  facet normal -0.910676 -0.413122 0
    outer loop
      vertex 114.743 -25.5747 31.4916
      vertex 114.286 -24.5673 47
      vertex 114.286 -24.5673 31.1645
    endloop
  endfacet
  facet normal -0.910676 -0.413122 0
    outer loop
      vertex 114.286 -24.5673 47
      vertex 114.743 -25.5747 31.4916
      vertex 114.743 -25.5747 47
    endloop
  endfacet
  facet normal -0.910676 -0.413122 -0
    outer loop
      vertex 114.743 -25.5747 -31.4916
      vertex 114.286 -24.5673 -47
      vertex 114.743 -25.5747 -47
    endloop
  endfacet
  facet normal -0.910676 -0.413122 0
    outer loop
      vertex 114.286 -24.5673 -47
      vertex 114.743 -25.5747 -31.4916
      vertex 114.286 -24.5673 -31.1645
    endloop
  endfacet
  facet normal -0.99947 0.0325531 0
    outer loop
      vertex 113 18.1 47
      vertex 113.036 19.2053 30.2686
      vertex 113 18.1 30.2427
    endloop
  endfacet
  facet normal -0.99947 0.0325531 0
    outer loop
      vertex 113.036 19.2053 30.2686
      vertex 113 18.1 47
      vertex 113.036 19.2053 47
    endloop
  endfacet
  facet normal -0.99947 0.0325531 0
    outer loop
      vertex 113 18.1 -47
      vertex 113.036 19.2053 -30.2686
      vertex 113.036 19.2053 -47
    endloop
  endfacet
  facet normal -0.99947 0.0325531 0
    outer loop
      vertex 113.036 19.2053 -30.2686
      vertex 113 18.1 -47
      vertex 113 18.1 -30.2427
    endloop
  endfacet
  facet normal 0.290334 0.956925 -0
    outer loop
      vertex 135.532 34.1031 2.1231
      vertex 134.474 34.4241 47
      vertex 135.532 34.1031 47
    endloop
  endfacet
  facet normal 0.291038 0.956712 1.81219e-05
    outer loop
      vertex 135.437 34.132 2.10089
      vertex 134.474 34.4241 47
      vertex 135.532 34.1031 2.1231
    endloop
  endfacet
  facet normal 0.290572 0.956853 7.20823e-06
    outer loop
      vertex 135.301 34.1733 2.05957
      vertex 134.474 34.4241 47
      vertex 135.437 34.132 2.10089
    endloop
  endfacet
  facet normal 0.290643 0.956831 8.64856e-06
    outer loop
      vertex 135.168 34.2137 2.00944
      vertex 134.474 34.4241 47
      vertex 135.301 34.1733 2.05957
    endloop
  endfacet
  facet normal 0.290049 0.957012 -1.36495e-06
    outer loop
      vertex 135.038 34.2531 1.9507
      vertex 134.474 34.4241 47
      vertex 135.168 34.2137 2.00944
    endloop
  endfacet
  facet normal 0.290852 0.956768 9.62e-06
    outer loop
      vertex 134.913 34.2911 1.88361
      vertex 134.474 34.4241 47
      vertex 135.038 34.2531 1.9507
    endloop
  endfacet
  facet normal 0.290247 0.956952 3.18863e-06
    outer loop
      vertex 134.792 34.3278 1.80845
      vertex 134.474 34.4241 47
      vertex 134.913 34.2911 1.88361
    endloop
  endfacet
  facet normal 0.289619 0.957142 -1.63503e-06
    outer loop
      vertex 134.676 34.3629 1.72554
      vertex 134.474 34.4241 47
      vertex 134.792 34.3278 1.80845
    endloop
  endfacet
  facet normal 0.290536 0.956864 2.83321e-06
    outer loop
      vertex 134.566 34.3963 1.63525
      vertex 134.474 34.4241 47
      vertex 134.676 34.3629 1.72554
    endloop
  endfacet
  facet normal 0.289256 0.957252 0
    outer loop
      vertex 134.474 34.4241 47
      vertex 134.566 34.3963 1.63525
      vertex 134.474 34.4241 1.5492
    endloop
  endfacet
  facet normal 0.290334 0.956925 0
    outer loop
      vertex 134.474 34.4241 -47
      vertex 135.532 34.1031 -2.1231
      vertex 135.532 34.1031 -47
    endloop
  endfacet
  facet normal 0.291038 0.956712 -1.81219e-05
    outer loop
      vertex 135.532 34.1031 -2.1231
      vertex 134.474 34.4241 -47
      vertex 135.437 34.132 -2.10089
    endloop
  endfacet
  facet normal 0.290572 0.956853 -7.20823e-06
    outer loop
      vertex 135.437 34.132 -2.10089
      vertex 134.474 34.4241 -47
      vertex 135.301 34.1733 -2.05957
    endloop
  endfacet
  facet normal 0.290643 0.956831 -8.64856e-06
    outer loop
      vertex 135.301 34.1733 -2.05957
      vertex 134.474 34.4241 -47
      vertex 135.168 34.2137 -2.00944
    endloop
  endfacet
  facet normal 0.290049 0.957012 1.36495e-06
    outer loop
      vertex 135.168 34.2137 -2.00944
      vertex 134.474 34.4241 -47
      vertex 135.038 34.2531 -1.9507
    endloop
  endfacet
  facet normal 0.290852 0.956768 -9.62e-06
    outer loop
      vertex 135.038 34.2531 -1.9507
      vertex 134.474 34.4241 -47
      vertex 134.913 34.2911 -1.88361
    endloop
  endfacet
  facet normal 0.290247 0.956952 -3.18863e-06
    outer loop
      vertex 134.913 34.2911 -1.88361
      vertex 134.474 34.4241 -47
      vertex 134.792 34.3278 -1.80845
    endloop
  endfacet
  facet normal 0.289619 0.957142 1.63503e-06
    outer loop
      vertex 134.792 34.3278 -1.80845
      vertex 134.474 34.4241 -47
      vertex 134.676 34.3629 -1.72554
    endloop
  endfacet
  facet normal 0.290536 0.956864 -2.83321e-06
    outer loop
      vertex 134.676 34.3629 -1.72554
      vertex 134.474 34.4241 -47
      vertex 134.566 34.3963 -1.63525
    endloop
  endfacet
  facet normal 0.289256 0.957252 0
    outer loop
      vertex 134.566 34.3963 -1.63525
      vertex 134.474 34.4241 -47
      vertex 134.474 34.4241 -1.5492
    endloop
  endfacet
  facet normal 0.995132 0.0985547 0
    outer loop
      vertex 146.964 19.2053 47
      vertex 146.855 20.3059 36.3957
      vertex 146.855 20.3059 47
    endloop
  endfacet
  facet normal 0.995132 0.0985547 0
    outer loop
      vertex 146.855 20.3059 36.3957
      vertex 146.964 19.2053 47
      vertex 146.964 19.2053 36.3628
    endloop
  endfacet
  facet normal 0.995132 0.0985547 -0
    outer loop
      vertex 146.964 19.2053 -47
      vertex 146.855 20.3059 -36.3957
      vertex 146.964 19.2053 -36.3628
    endloop
  endfacet
  facet normal 0.995132 0.0985547 0
    outer loop
      vertex 146.855 20.3059 -36.3957
      vertex 146.964 19.2053 -47
      vertex 146.855 20.3059 -47
    endloop
  endfacet
  facet normal 0.99947 -0.0325531 0
    outer loop
      vertex 146.964 -19.2053 -36.3628
      vertex 147 -18.1 -47
      vertex 147 -18.1 -36.3518
    endloop
  endfacet
  facet normal 0.99947 -0.0325531 0
    outer loop
      vertex 147 -18.1 -47
      vertex 146.964 -19.2053 -36.3628
      vertex 146.964 -19.2053 -47
    endloop
  endfacet
  facet normal 0.99947 -0.0325531 0
    outer loop
      vertex 146.964 -19.2053 47
      vertex 147 -18.1 36.3518
      vertex 147 -18.1 47
    endloop
  endfacet
  facet normal 0.99947 -0.0325531 0
    outer loop
      vertex 147 -18.1 36.3518
      vertex 146.964 -19.2053 47
      vertex 146.964 -19.2053 36.3628
    endloop
  endfacet
  facet normal 0.99947 0.0325531 0
    outer loop
      vertex 147 18.1 -36.3518
      vertex 146.964 19.2053 -47
      vertex 146.964 19.2053 -36.3628
    endloop
  endfacet
  facet normal 0.99947 0.0325531 0
    outer loop
      vertex 146.964 19.2053 -47
      vertex 147 18.1 -36.3518
      vertex 147 18.1 -47
    endloop
  endfacet
  facet normal 0.99947 0.0325531 0
    outer loop
      vertex 147 18.1 47
      vertex 146.964 19.2053 36.3628
      vertex 146.964 19.2053 47
    endloop
  endfacet
  facet normal 0.99947 0.0325531 0
    outer loop
      vertex 146.964 19.2053 36.3628
      vertex 147 18.1 47
      vertex 147 18.1 36.3518
    endloop
  endfacet
  facet normal 0.995132 -0.0985547 0
    outer loop
      vertex 146.855 -20.3059 -36.3957
      vertex 146.964 -19.2053 -47
      vertex 146.964 -19.2053 -36.3628
    endloop
  endfacet
  facet normal 0.995132 -0.0985547 0
    outer loop
      vertex 146.964 -19.2053 -47
      vertex 146.855 -20.3059 -36.3957
      vertex 146.855 -20.3059 -47
    endloop
  endfacet
  facet normal 0.995132 -0.0985547 0
    outer loop
      vertex 146.855 -20.3059 36.3957
      vertex 146.964 -19.2053 47
      vertex 146.855 -20.3059 47
    endloop
  endfacet
  facet normal 0.995132 -0.0985547 0
    outer loop
      vertex 146.964 -19.2053 47
      vertex 146.855 -20.3059 36.3957
      vertex 146.964 -19.2053 36.3628
    endloop
  endfacet
  facet normal 0.770417 -0.63754 0
    outer loop
      vertex 143.508 -28.3881 47
      vertex 143.413 -28.5029 37.2698
      vertex 143.508 -28.3881 37.2479
    endloop
  endfacet
  facet normal 0.772975 -0.634436 -6.16036e-05
    outer loop
      vertex 143.508 -28.3881 47
      vertex 143.005 -29 37.3372
      vertex 143.413 -28.5029 37.2698
    endloop
  endfacet
  facet normal 0.772796 -0.634655 -3.84164e-05
    outer loop
      vertex 142.806 -29.2429 47
      vertex 143.005 -29 37.3372
      vertex 143.508 -28.3881 47
    endloop
  endfacet
  facet normal 0.773546 -0.633741 0
    outer loop
      vertex 142.806 -29.2429 23.0019
      vertex 143.005 -29 37.3372
      vertex 142.806 -29.2429 47
    endloop
  endfacet
  facet normal 0.773546 -0.633741 0
    outer loop
      vertex 143.005 -29 37.3372
      vertex 142.806 -29.2429 23.0019
      vertex 143.005 -29 22.9414
    endloop
  endfacet
  facet normal 0.773546 -0.633741 0
    outer loop
      vertex 143.005 -29 -22.9414
      vertex 142.806 -29.2429 -23.0019
      vertex 143.005 -29 -37.3372
    endloop
  endfacet
  facet normal 0.770417 -0.63754 0
    outer loop
      vertex 143.413 -28.5029 -37.2698
      vertex 143.508 -28.3881 -47
      vertex 143.508 -28.3881 -37.2479
    endloop
  endfacet
  facet normal 0.772975 -0.634436 6.16036e-05
    outer loop
      vertex 143.005 -29 -37.3372
      vertex 143.508 -28.3881 -47
      vertex 143.413 -28.5029 -37.2698
    endloop
  endfacet
  facet normal 0.772796 -0.634655 3.84164e-05
    outer loop
      vertex 143.005 -29 -37.3372
      vertex 142.806 -29.2429 -47
      vertex 143.508 -28.3881 -47
    endloop
  endfacet
  facet normal 0.773546 -0.633741 0
    outer loop
      vertex 142.806 -29.2429 -47
      vertex 143.005 -29 -37.3372
      vertex 142.806 -29.2429 -23.0019
    endloop
  endfacet
  facet normal -0.973901 -0.226972 0
    outer loop
      vertex 113.576 -22.474 30.6553
      vertex 113.325 -21.397 47
      vertex 113.325 -21.397 30.4754
    endloop
  endfacet
  facet normal -0.973901 -0.226972 0
    outer loop
      vertex 113.325 -21.397 47
      vertex 113.576 -22.474 30.6553
      vertex 113.576 -22.474 47
    endloop
  endfacet
  facet normal -0.973901 -0.226972 -0
    outer loop
      vertex 113.576 -22.474 -30.6553
      vertex 113.325 -21.397 -47
      vertex 113.576 -22.474 -47
    endloop
  endfacet
  facet normal -0.973901 -0.226972 0
    outer loop
      vertex 113.325 -21.397 -47
      vertex 113.576 -22.474 -30.6553
      vertex 113.325 -21.397 -30.4754
    endloop
  endfacet
  facet normal -1 0 0
    outer loop
      vertex 113 -18.1 -47
      vertex 113 18.1 -30.2427
      vertex 113 18.1 -47
    endloop
  endfacet
  facet normal -1 -0 0
    outer loop
      vertex 113 18.1 -30.2427
      vertex 113 -18.1 -47
      vertex 113 -18.1 -30.2427
    endloop
  endfacet
  facet normal -1 0 0
    outer loop
      vertex 113 -18.1 30.2427
      vertex 113 18.1 47
      vertex 113 18.1 30.2427
    endloop
  endfacet
  facet normal -1 -0 0
    outer loop
      vertex 113 18.1 47
      vertex 113 -18.1 30.2427
      vertex 113 -18.1 47
    endloop
  endfacet
  facet normal 0 0 -1
    outer loop
      vertex 113 -18.1 -47
      vertex 147 -18.1 -47
      vertex 146.964 -19.2053 -47
    endloop
  endfacet
  facet normal 0 0 -1
    outer loop
      vertex 147 -18.1 -47
      vertex 113 -18.1 -47
      vertex 147 18.1 -47
    endloop
  endfacet
  facet normal 0 0 -1
    outer loop
      vertex 113 -18.1 -47
      vertex 146.964 -19.2053 -47
      vertex 146.855 -20.3059 -47
    endloop
  endfacet
  facet normal 0 0 -1
    outer loop
      vertex 113 18.1 -47
      vertex 147 18.1 -47
      vertex 113 -18.1 -47
    endloop
  endfacet
  facet normal 0 0 -1
    outer loop
      vertex 113 -18.1 -47
      vertex 146.855 -20.3059 -47
      vertex 146.675 -21.397 -47
    endloop
  endfacet
  facet normal 0 0 -1
    outer loop
      vertex 147 18.1 -47
      vertex 113 18.1 -47
      vertex 146.964 19.2053 -47
    endloop
  endfacet
  facet normal 0 0 -1
    outer loop
      vertex 113 -18.1 -47
      vertex 146.675 -21.397 -47
      vertex 146.424 -22.474 -47
    endloop
  endfacet
  facet normal -0 0 -1
    outer loop
      vertex 146.964 19.2053 -47
      vertex 113 18.1 -47
      vertex 146.855 20.3059 -47
    endloop
  endfacet
  facet normal 0 0 -1
    outer loop
      vertex 113 -18.1 -47
      vertex 146.424 -22.474 -47
      vertex 146.103 -23.5323 -47
    endloop
  endfacet
  facet normal -0 0 -1
    outer loop
      vertex 146.855 20.3059 -47
      vertex 113 18.1 -47
      vertex 146.675 21.397 -47
    endloop
  endfacet
  facet normal 0 0 -1
    outer loop
      vertex 113 -18.1 -47
      vertex 146.103 -23.5323 -47
      vertex 145.714 -24.5673 -47
    endloop
  endfacet
  facet normal -0 0 -1
    outer loop
      vertex 146.675 21.397 -47
      vertex 113 18.1 -47
      vertex 146.424 22.474 -47
    endloop
  endfacet
  facet normal 0 0 -1
    outer loop
      vertex 113 -18.1 -47
      vertex 145.714 -24.5673 -47
      vertex 145.257 -25.5747 -47
    endloop
  endfacet
  facet normal -0 0 -1
    outer loop
      vertex 146.424 22.474 -47
      vertex 113 18.1 -47
      vertex 146.103 23.5323 -47
    endloop
  endfacet
  facet normal 0 0 -1
    outer loop
      vertex 113 -18.1 -47
      vertex 145.257 -25.5747 -47
      vertex 144.736 -26.55 -47
    endloop
  endfacet
  facet normal -0 0 -1
    outer loop
      vertex 146.103 23.5323 -47
      vertex 113 18.1 -47
      vertex 145.714 24.5673 -47
    endloop
  endfacet
  facet normal 0 0 -1
    outer loop
      vertex 113 -18.1 -47
      vertex 144.736 -26.55 -47
      vertex 144.152 -27.4891 -47
    endloop
  endfacet
  facet normal -0 0 -1
    outer loop
      vertex 145.714 24.5673 -47
      vertex 113 18.1 -47
      vertex 145.257 25.5747 -47
    endloop
  endfacet
  facet normal 0 0 -1
    outer loop
      vertex 113 -18.1 -47
      vertex 144.152 -27.4891 -47
      vertex 143.508 -28.3881 -47
    endloop
  endfacet
  facet normal -0 0 -1
    outer loop
      vertex 145.257 25.5747 -47
      vertex 113 18.1 -47
      vertex 144.736 26.55 -47
    endloop
  endfacet
  facet normal 0 0 -1
    outer loop
      vertex 113 -18.1 -47
      vertex 143.508 -28.3881 -47
      vertex 142.806 -29.2429 -47
    endloop
  endfacet
  facet normal -0 0 -1
    outer loop
      vertex 144.736 26.55 -47
      vertex 113 18.1 -47
      vertex 144.152 27.4891 -47
    endloop
  endfacet
  facet normal 0 0 -1
    outer loop
      vertex 113 -18.1 -47
      vertex 142.806 -29.2429 -47
      vertex 142.05 -30.0501 -47
    endloop
  endfacet
  facet normal -0 0 -1
    outer loop
      vertex 144.152 27.4891 -47
      vertex 113 18.1 -47
      vertex 143.508 28.3881 -47
    endloop
  endfacet
  facet normal 0 0 -1
    outer loop
      vertex 113 -18.1 -47
      vertex 142.05 -30.0501 -47
      vertex 141.243 -30.8061 -47
    endloop
  endfacet
  facet normal -0 0 -1
    outer loop
      vertex 143.508 28.3881 -47
      vertex 113 18.1 -47
      vertex 142.806 29.2429 -47
    endloop
  endfacet
  facet normal 0 0 -1
    outer loop
      vertex 113 -18.1 -47
      vertex 141.243 -30.8061 -47
      vertex 140.388 -31.5077 -47
    endloop
  endfacet
  facet normal -0 0 -1
    outer loop
      vertex 142.806 29.2429 -47
      vertex 113 18.1 -47
      vertex 142.05 30.0501 -47
    endloop
  endfacet
  facet normal 0 0 -1
    outer loop
      vertex 113 -18.1 -47
      vertex 140.388 -31.5077 -47
      vertex 139.489 -32.1518 -47
    endloop
  endfacet
  facet normal -0 0 -1
    outer loop
      vertex 142.05 30.0501 -47
      vertex 113 18.1 -47
      vertex 141.243 30.8061 -47
    endloop
  endfacet
  facet normal 0 0 -1
    outer loop
      vertex 113 -18.1 -47
      vertex 139.489 -32.1518 -47
      vertex 138.55 -32.7358 -47
    endloop
  endfacet
  facet normal -0 0 -1
    outer loop
      vertex 141.243 30.8061 -47
      vertex 113 18.1 -47
      vertex 140.388 31.5077 -47
    endloop
  endfacet
  facet normal 0 0 -1
    outer loop
      vertex 113 -18.1 -47
      vertex 138.55 -32.7358 -47
      vertex 137.575 -33.2571 -47
    endloop
  endfacet
  facet normal -0 0 -1
    outer loop
      vertex 140.388 31.5077 -47
      vertex 113 18.1 -47
      vertex 139.489 32.1518 -47
    endloop
  endfacet
  facet normal 0 0 -1
    outer loop
      vertex 113 -18.1 -47
      vertex 137.575 -33.2571 -47
      vertex 136.567 -33.7136 -47
    endloop
  endfacet
  facet normal -0 0 -1
    outer loop
      vertex 139.489 32.1518 -47
      vertex 113 18.1 -47
      vertex 138.55 32.7358 -47
    endloop
  endfacet
  facet normal 0 0 -1
    outer loop
      vertex 113 -18.1 -47
      vertex 136.567 -33.7136 -47
      vertex 135.532 -34.1031 -47
    endloop
  endfacet
  facet normal -0 0 -1
    outer loop
      vertex 138.55 32.7358 -47
      vertex 113 18.1 -47
      vertex 137.575 33.2571 -47
    endloop
  endfacet
  facet normal 0 0 -1
    outer loop
      vertex 113 -18.1 -47
      vertex 135.532 -34.1031 -47
      vertex 134.474 -34.4241 -47
    endloop
  endfacet
  facet normal -0 0 -1
    outer loop
      vertex 137.575 33.2571 -47
      vertex 113 18.1 -47
      vertex 136.567 33.7136 -47
    endloop
  endfacet
  facet normal 0 0 -1
    outer loop
      vertex 113 -18.1 -47
      vertex 134.474 -34.4241 -47
      vertex 133.397 -34.6753 -47
    endloop
  endfacet
  facet normal -0 0 -1
    outer loop
      vertex 136.567 33.7136 -47
      vertex 113 18.1 -47
      vertex 135.532 34.1031 -47
    endloop
  endfacet
  facet normal 0 0 -1
    outer loop
      vertex 113 -18.1 -47
      vertex 133.397 -34.6753 -47
      vertex 132.306 -34.8554 -47
    endloop
  endfacet
  facet normal -0 0 -1
    outer loop
      vertex 135.532 34.1031 -47
      vertex 113 18.1 -47
      vertex 134.474 34.4241 -47
    endloop
  endfacet
  facet normal 0 0 -1
    outer loop
      vertex 113 -18.1 -47
      vertex 132.306 -34.8554 -47
      vertex 131.205 -34.9638 -47
    endloop
  endfacet
  facet normal -0 0 -1
    outer loop
      vertex 134.474 34.4241 -47
      vertex 113 18.1 -47
      vertex 133.397 34.6753 -47
    endloop
  endfacet
  facet normal 0 0 -1
    outer loop
      vertex 113 -18.1 -47
      vertex 131.205 -34.9638 -47
      vertex 130.1 -35 -47
    endloop
  endfacet
  facet normal -0 0 -1
    outer loop
      vertex 133.397 34.6753 -47
      vertex 113 18.1 -47
      vertex 132.306 34.8554 -47
    endloop
  endfacet
  facet normal 0 0 -1
    outer loop
      vertex 113 -18.1 -47
      vertex 130.1 -35 -47
      vertex 129.9 -35 -47
    endloop
  endfacet
  facet normal -0 0 -1
    outer loop
      vertex 132.306 34.8554 -47
      vertex 113 18.1 -47
      vertex 131.205 34.9638 -47
    endloop
  endfacet
  facet normal 0 0 -1
    outer loop
      vertex 113 -18.1 -47
      vertex 129.9 -35 -47
      vertex 128.795 -34.9638 -47
    endloop
  endfacet
  facet normal -0 0 -1
    outer loop
      vertex 131.205 34.9638 -47
      vertex 113 18.1 -47
      vertex 130.1 35 -47
    endloop
  endfacet
  facet normal 0 0 -1
    outer loop
      vertex 113 -18.1 -47
      vertex 128.795 -34.9638 -47
      vertex 127.694 -34.8554 -47
    endloop
  endfacet
  facet normal -0 0 -1
    outer loop
      vertex 130.1 35 -47
      vertex 113 18.1 -47
      vertex 129.9 35 -47
    endloop
  endfacet
  facet normal 0 0 -1
    outer loop
      vertex 113 -18.1 -47
      vertex 127.694 -34.8554 -47
      vertex 126.603 -34.6753 -47
    endloop
  endfacet
  facet normal 0 0 -1
    outer loop
      vertex 129.9 35 -47
      vertex 113 18.1 -47
      vertex 128.795 34.9638 -47
    endloop
  endfacet
  facet normal 0 0 -1
    outer loop
      vertex 113 -18.1 -47
      vertex 126.603 -34.6753 -47
      vertex 125.526 -34.4241 -47
    endloop
  endfacet
  facet normal 0 0 -1
    outer loop
      vertex 128.795 34.9638 -47
      vertex 113 18.1 -47
      vertex 127.694 34.8554 -47
    endloop
  endfacet
  facet normal 0 0 -1
    outer loop
      vertex 113 -18.1 -47
      vertex 125.526 -34.4241 -47
      vertex 124.468 -34.1031 -47
    endloop
  endfacet
  facet normal 0 0 -1
    outer loop
      vertex 127.694 34.8554 -47
      vertex 113 18.1 -47
      vertex 126.603 34.6753 -47
    endloop
  endfacet
  facet normal 0 0 -1
    outer loop
      vertex 113 -18.1 -47
      vertex 124.468 -34.1031 -47
      vertex 123.433 -33.7136 -47
    endloop
  endfacet
  facet normal 0 0 -1
    outer loop
      vertex 126.603 34.6753 -47
      vertex 113 18.1 -47
      vertex 125.526 34.4241 -47
    endloop
  endfacet
  facet normal 0 0 -1
    outer loop
      vertex 113 -18.1 -47
      vertex 123.433 -33.7136 -47
      vertex 122.425 -33.2571 -47
    endloop
  endfacet
  facet normal 0 0 -1
    outer loop
      vertex 125.526 34.4241 -47
      vertex 113 18.1 -47
      vertex 124.468 34.1031 -47
    endloop
  endfacet
  facet normal 0 0 -1
    outer loop
      vertex 113 -18.1 -47
      vertex 122.425 -33.2571 -47
      vertex 121.45 -32.7358 -47
    endloop
  endfacet
  facet normal 0 0 -1
    outer loop
      vertex 124.468 34.1031 -47
      vertex 113 18.1 -47
      vertex 123.433 33.7136 -47
    endloop
  endfacet
  facet normal 0 0 -1
    outer loop
      vertex 113 -18.1 -47
      vertex 121.45 -32.7358 -47
      vertex 120.511 -32.1518 -47
    endloop
  endfacet
  facet normal 0 0 -1
    outer loop
      vertex 123.433 33.7136 -47
      vertex 113 18.1 -47
      vertex 122.425 33.2571 -47
    endloop
  endfacet
  facet normal 0 0 -1
    outer loop
      vertex 113 -18.1 -47
      vertex 120.511 -32.1518 -47
      vertex 119.612 -31.5077 -47
    endloop
  endfacet
  facet normal 0 0 -1
    outer loop
      vertex 122.425 33.2571 -47
      vertex 113 18.1 -47
      vertex 121.45 32.7358 -47
    endloop
  endfacet
  facet normal 0 0 -1
    outer loop
      vertex 113 -18.1 -47
      vertex 119.612 -31.5077 -47
      vertex 118.757 -30.8061 -47
    endloop
  endfacet
  facet normal 0 0 -1
    outer loop
      vertex 121.45 32.7358 -47
      vertex 113 18.1 -47
      vertex 120.511 32.1518 -47
    endloop
  endfacet
  facet normal 0 0 -1
    outer loop
      vertex 113 -18.1 -47
      vertex 118.757 -30.8061 -47
      vertex 117.95 -30.0501 -47
    endloop
  endfacet
  facet normal 0 0 -1
    outer loop
      vertex 120.511 32.1518 -47
      vertex 113 18.1 -47
      vertex 119.612 31.5077 -47
    endloop
  endfacet
  facet normal 0 0 -1
    outer loop
      vertex 113 -18.1 -47
      vertex 117.95 -30.0501 -47
      vertex 117.194 -29.2429 -47
    endloop
  endfacet
  facet normal 0 0 -1
    outer loop
      vertex 119.612 31.5077 -47
      vertex 113 18.1 -47
      vertex 118.757 30.8061 -47
    endloop
  endfacet
  facet normal 0 0 -1
    outer loop
      vertex 113 -18.1 -47
      vertex 117.194 -29.2429 -47
      vertex 116.492 -28.3881 -47
    endloop
  endfacet
  facet normal 0 0 -1
    outer loop
      vertex 118.757 30.8061 -47
      vertex 113 18.1 -47
      vertex 117.95 30.0501 -47
    endloop
  endfacet
  facet normal 0 0 -1
    outer loop
      vertex 113 -18.1 -47
      vertex 116.492 -28.3881 -47
      vertex 115.848 -27.4891 -47
    endloop
  endfacet
  facet normal 0 0 -1
    outer loop
      vertex 117.95 30.0501 -47
      vertex 113 18.1 -47
      vertex 117.194 29.2429 -47
    endloop
  endfacet
  facet normal 0 0 -1
    outer loop
      vertex 113 -18.1 -47
      vertex 115.848 -27.4891 -47
      vertex 115.264 -26.55 -47
    endloop
  endfacet
  facet normal 0 0 -1
    outer loop
      vertex 117.194 29.2429 -47
      vertex 113 18.1 -47
      vertex 116.492 28.3881 -47
    endloop
  endfacet
  facet normal 0 0 -1
    outer loop
      vertex 113 -18.1 -47
      vertex 115.264 -26.55 -47
      vertex 114.743 -25.5747 -47
    endloop
  endfacet
  facet normal 0 0 -1
    outer loop
      vertex 116.492 28.3881 -47
      vertex 113 18.1 -47
      vertex 115.848 27.4891 -47
    endloop
  endfacet
  facet normal 0 0 -1
    outer loop
      vertex 113 -18.1 -47
      vertex 114.743 -25.5747 -47
      vertex 114.286 -24.5673 -47
    endloop
  endfacet
  facet normal 0 0 -1
    outer loop
      vertex 115.848 27.4891 -47
      vertex 113 18.1 -47
      vertex 115.264 26.55 -47
    endloop
  endfacet
  facet normal 0 0 -1
    outer loop
      vertex 113 -18.1 -47
      vertex 114.286 -24.5673 -47
      vertex 113.897 -23.5323 -47
    endloop
  endfacet
  facet normal 0 0 -1
    outer loop
      vertex 115.264 26.55 -47
      vertex 113 18.1 -47
      vertex 114.743 25.5747 -47
    endloop
  endfacet
  facet normal 0 0 -1
    outer loop
      vertex 113 -18.1 -47
      vertex 113.897 -23.5323 -47
      vertex 113.576 -22.474 -47
    endloop
  endfacet
  facet normal 0 0 -1
    outer loop
      vertex 114.743 25.5747 -47
      vertex 113 18.1 -47
      vertex 114.286 24.5673 -47
    endloop
  endfacet
  facet normal 0 0 -1
    outer loop
      vertex 113 -18.1 -47
      vertex 113.576 -22.474 -47
      vertex 113.325 -21.397 -47
    endloop
  endfacet
  facet normal 0 0 -1
    outer loop
      vertex 114.286 24.5673 -47
      vertex 113 18.1 -47
      vertex 113.897 23.5323 -47
    endloop
  endfacet
  facet normal 0 0 -1
    outer loop
      vertex 113 -18.1 -47
      vertex 113.325 -21.397 -47
      vertex 113.145 -20.3059 -47
    endloop
  endfacet
  facet normal 0 0 -1
    outer loop
      vertex 113.897 23.5323 -47
      vertex 113 18.1 -47
      vertex 113.576 22.474 -47
    endloop
  endfacet
  facet normal 0 0 -1
    outer loop
      vertex 113 -18.1 -47
      vertex 113.145 -20.3059 -47
      vertex 113.036 -19.2053 -47
    endloop
  endfacet
  facet normal 0 0 -1
    outer loop
      vertex 113.576 22.474 -47
      vertex 113 18.1 -47
      vertex 113.325 21.397 -47
    endloop
  endfacet
  facet normal 0 0 -1
    outer loop
      vertex 113.325 21.397 -47
      vertex 113 18.1 -47
      vertex 113.145 20.3059 -47
    endloop
  endfacet
  facet normal 0 0 -1
    outer loop
      vertex 113.145 20.3059 -47
      vertex 113 18.1 -47
      vertex 113.036 19.2053 -47
    endloop
  endfacet
  facet normal 0 0 1
    outer loop
      vertex 113 18.1 47
      vertex 147 18.1 47
      vertex 146.964 19.2053 47
    endloop
  endfacet
  facet normal 0 0 1
    outer loop
      vertex 147 18.1 47
      vertex 113 18.1 47
      vertex 147 -18.1 47
    endloop
  endfacet
  facet normal 0 0 1
    outer loop
      vertex 113 18.1 47
      vertex 146.964 19.2053 47
      vertex 146.855 20.3059 47
    endloop
  endfacet
  facet normal 0 0 1
    outer loop
      vertex 113 -18.1 47
      vertex 147 -18.1 47
      vertex 113 18.1 47
    endloop
  endfacet
  facet normal 0 0 1
    outer loop
      vertex 113 18.1 47
      vertex 146.855 20.3059 47
      vertex 146.675 21.397 47
    endloop
  endfacet
  facet normal 0 0 1
    outer loop
      vertex 147 -18.1 47
      vertex 113 -18.1 47
      vertex 146.964 -19.2053 47
    endloop
  endfacet
  facet normal 0 0 1
    outer loop
      vertex 113 18.1 47
      vertex 146.675 21.397 47
      vertex 146.424 22.474 47
    endloop
  endfacet
  facet normal 0 0 1
    outer loop
      vertex 146.964 -19.2053 47
      vertex 113 -18.1 47
      vertex 146.855 -20.3059 47
    endloop
  endfacet
  facet normal 0 0 1
    outer loop
      vertex 113 18.1 47
      vertex 146.424 22.474 47
      vertex 146.103 23.5323 47
    endloop
  endfacet
  facet normal 0 0 1
    outer loop
      vertex 146.855 -20.3059 47
      vertex 113 -18.1 47
      vertex 146.675 -21.397 47
    endloop
  endfacet
  facet normal 0 0 1
    outer loop
      vertex 113 18.1 47
      vertex 146.103 23.5323 47
      vertex 145.714 24.5673 47
    endloop
  endfacet
  facet normal 0 0 1
    outer loop
      vertex 146.675 -21.397 47
      vertex 113 -18.1 47
      vertex 146.424 -22.474 47
    endloop
  endfacet
  facet normal 0 0 1
    outer loop
      vertex 113 18.1 47
      vertex 145.714 24.5673 47
      vertex 145.257 25.5747 47
    endloop
  endfacet
  facet normal 0 0 1
    outer loop
      vertex 146.424 -22.474 47
      vertex 113 -18.1 47
      vertex 146.103 -23.5323 47
    endloop
  endfacet
  facet normal 0 0 1
    outer loop
      vertex 113 18.1 47
      vertex 145.257 25.5747 47
      vertex 144.736 26.55 47
    endloop
  endfacet
  facet normal 0 0 1
    outer loop
      vertex 146.103 -23.5323 47
      vertex 113 -18.1 47
      vertex 145.714 -24.5673 47
    endloop
  endfacet
  facet normal 0 0 1
    outer loop
      vertex 113 18.1 47
      vertex 144.736 26.55 47
      vertex 144.152 27.4891 47
    endloop
  endfacet
  facet normal 0 0 1
    outer loop
      vertex 145.714 -24.5673 47
      vertex 113 -18.1 47
      vertex 145.257 -25.5747 47
    endloop
  endfacet
  facet normal 0 0 1
    outer loop
      vertex 113 18.1 47
      vertex 144.152 27.4891 47
      vertex 143.508 28.3881 47
    endloop
  endfacet
  facet normal 0 0 1
    outer loop
      vertex 145.257 -25.5747 47
      vertex 113 -18.1 47
      vertex 144.736 -26.55 47
    endloop
  endfacet
  facet normal 0 0 1
    outer loop
      vertex 113 18.1 47
      vertex 143.508 28.3881 47
      vertex 142.806 29.2429 47
    endloop
  endfacet
  facet normal 0 0 1
    outer loop
      vertex 144.736 -26.55 47
      vertex 113 -18.1 47
      vertex 144.152 -27.4891 47
    endloop
  endfacet
  facet normal 0 0 1
    outer loop
      vertex 113 18.1 47
      vertex 142.806 29.2429 47
      vertex 142.05 30.0501 47
    endloop
  endfacet
  facet normal 0 0 1
    outer loop
      vertex 144.152 -27.4891 47
      vertex 113 -18.1 47
      vertex 143.508 -28.3881 47
    endloop
  endfacet
  facet normal 0 0 1
    outer loop
      vertex 113 18.1 47
      vertex 142.05 30.0501 47
      vertex 141.243 30.8061 47
    endloop
  endfacet
  facet normal 0 0 1
    outer loop
      vertex 143.508 -28.3881 47
      vertex 113 -18.1 47
      vertex 142.806 -29.2429 47
    endloop
  endfacet
  facet normal 0 0 1
    outer loop
      vertex 113 18.1 47
      vertex 141.243 30.8061 47
      vertex 140.388 31.5077 47
    endloop
  endfacet
  facet normal 0 0 1
    outer loop
      vertex 142.806 -29.2429 47
      vertex 113 -18.1 47
      vertex 142.05 -30.0501 47
    endloop
  endfacet
  facet normal 0 0 1
    outer loop
      vertex 113 18.1 47
      vertex 140.388 31.5077 47
      vertex 139.489 32.1518 47
    endloop
  endfacet
  facet normal 0 0 1
    outer loop
      vertex 142.05 -30.0501 47
      vertex 113 -18.1 47
      vertex 141.243 -30.8061 47
    endloop
  endfacet
  facet normal 0 0 1
    outer loop
      vertex 113 18.1 47
      vertex 139.489 32.1518 47
      vertex 138.55 32.7358 47
    endloop
  endfacet
  facet normal 0 0 1
    outer loop
      vertex 141.243 -30.8061 47
      vertex 113 -18.1 47
      vertex 140.388 -31.5077 47
    endloop
  endfacet
  facet normal 0 0 1
    outer loop
      vertex 113 18.1 47
      vertex 138.55 32.7358 47
      vertex 137.575 33.2571 47
    endloop
  endfacet
  facet normal 0 0 1
    outer loop
      vertex 140.388 -31.5077 47
      vertex 113 -18.1 47
      vertex 139.489 -32.1518 47
    endloop
  endfacet
  facet normal 0 0 1
    outer loop
      vertex 113 18.1 47
      vertex 137.575 33.2571 47
      vertex 136.567 33.7136 47
    endloop
  endfacet
  facet normal 0 0 1
    outer loop
      vertex 139.489 -32.1518 47
      vertex 113 -18.1 47
      vertex 138.55 -32.7358 47
    endloop
  endfacet
  facet normal 0 0 1
    outer loop
      vertex 113 18.1 47
      vertex 136.567 33.7136 47
      vertex 135.532 34.1031 47
    endloop
  endfacet
  facet normal 0 0 1
    outer loop
      vertex 138.55 -32.7358 47
      vertex 113 -18.1 47
      vertex 137.575 -33.2571 47
    endloop
  endfacet
  facet normal 0 0 1
    outer loop
      vertex 113 18.1 47
      vertex 135.532 34.1031 47
      vertex 134.474 34.4241 47
    endloop
  endfacet
  facet normal 0 0 1
    outer loop
      vertex 137.575 -33.2571 47
      vertex 113 -18.1 47
      vertex 136.567 -33.7136 47
    endloop
  endfacet
  facet normal 0 0 1
    outer loop
      vertex 113 18.1 47
      vertex 134.474 34.4241 47
      vertex 133.397 34.6753 47
    endloop
  endfacet
  facet normal 0 0 1
    outer loop
      vertex 136.567 -33.7136 47
      vertex 113 -18.1 47
      vertex 135.532 -34.1031 47
    endloop
  endfacet
  facet normal 0 0 1
    outer loop
      vertex 113 18.1 47
      vertex 133.397 34.6753 47
      vertex 132.306 34.8554 47
    endloop
  endfacet
  facet normal 0 0 1
    outer loop
      vertex 135.532 -34.1031 47
      vertex 113 -18.1 47
      vertex 134.474 -34.4241 47
    endloop
  endfacet
  facet normal 0 0 1
    outer loop
      vertex 113 18.1 47
      vertex 132.306 34.8554 47
      vertex 131.205 34.9638 47
    endloop
  endfacet
  facet normal 0 0 1
    outer loop
      vertex 134.474 -34.4241 47
      vertex 113 -18.1 47
      vertex 133.397 -34.6753 47
    endloop
  endfacet
  facet normal 0 0 1
    outer loop
      vertex 113 18.1 47
      vertex 131.205 34.9638 47
      vertex 130.1 35 47
    endloop
  endfacet
  facet normal 0 0 1
    outer loop
      vertex 133.397 -34.6753 47
      vertex 113 -18.1 47
      vertex 132.306 -34.8554 47
    endloop
  endfacet
  facet normal 0 0 1
    outer loop
      vertex 113 18.1 47
      vertex 130.1 35 47
      vertex 129.9 35 47
    endloop
  endfacet
  facet normal 0 0 1
    outer loop
      vertex 132.306 -34.8554 47
      vertex 113 -18.1 47
      vertex 131.205 -34.9638 47
    endloop
  endfacet
  facet normal 0 0 1
    outer loop
      vertex 113 18.1 47
      vertex 129.9 35 47
      vertex 128.795 34.9638 47
    endloop
  endfacet
  facet normal 0 0 1
    outer loop
      vertex 131.205 -34.9638 47
      vertex 113 -18.1 47
      vertex 130.1 -35 47
    endloop
  endfacet
  facet normal 0 0 1
    outer loop
      vertex 113 18.1 47
      vertex 128.795 34.9638 47
      vertex 127.694 34.8554 47
    endloop
  endfacet
  facet normal 0 0 1
    outer loop
      vertex 130.1 -35 47
      vertex 113 -18.1 47
      vertex 129.9 -35 47
    endloop
  endfacet
  facet normal 0 0 1
    outer loop
      vertex 113 18.1 47
      vertex 127.694 34.8554 47
      vertex 126.603 34.6753 47
    endloop
  endfacet
  facet normal 0 0 1
    outer loop
      vertex 129.9 -35 47
      vertex 113 -18.1 47
      vertex 128.795 -34.9638 47
    endloop
  endfacet
  facet normal 0 0 1
    outer loop
      vertex 113 18.1 47
      vertex 126.603 34.6753 47
      vertex 125.526 34.4241 47
    endloop
  endfacet
  facet normal 0 0 1
    outer loop
      vertex 128.795 -34.9638 47
      vertex 113 -18.1 47
      vertex 127.694 -34.8554 47
    endloop
  endfacet
  facet normal 0 0 1
    outer loop
      vertex 113 18.1 47
      vertex 125.526 34.4241 47
      vertex 124.468 34.1031 47
    endloop
  endfacet
  facet normal 0 0 1
    outer loop
      vertex 127.694 -34.8554 47
      vertex 113 -18.1 47
      vertex 126.603 -34.6753 47
    endloop
  endfacet
  facet normal 0 0 1
    outer loop
      vertex 113 18.1 47
      vertex 124.468 34.1031 47
      vertex 123.433 33.7136 47
    endloop
  endfacet
  facet normal 0 0 1
    outer loop
      vertex 126.603 -34.6753 47
      vertex 113 -18.1 47
      vertex 125.526 -34.4241 47
    endloop
  endfacet
  facet normal 0 0 1
    outer loop
      vertex 113 18.1 47
      vertex 123.433 33.7136 47
      vertex 122.425 33.2571 47
    endloop
  endfacet
  facet normal 0 0 1
    outer loop
      vertex 125.526 -34.4241 47
      vertex 113 -18.1 47
      vertex 124.468 -34.1031 47
    endloop
  endfacet
  facet normal 0 0 1
    outer loop
      vertex 113 18.1 47
      vertex 122.425 33.2571 47
      vertex 121.45 32.7358 47
    endloop
  endfacet
  facet normal 0 0 1
    outer loop
      vertex 124.468 -34.1031 47
      vertex 113 -18.1 47
      vertex 123.433 -33.7136 47
    endloop
  endfacet
  facet normal 0 0 1
    outer loop
      vertex 113 18.1 47
      vertex 121.45 32.7358 47
      vertex 120.511 32.1518 47
    endloop
  endfacet
  facet normal 0 0 1
    outer loop
      vertex 123.433 -33.7136 47
      vertex 113 -18.1 47
      vertex 122.425 -33.2571 47
    endloop
  endfacet
  facet normal 0 0 1
    outer loop
      vertex 113 18.1 47
      vertex 120.511 32.1518 47
      vertex 119.612 31.5077 47
    endloop
  endfacet
  facet normal 0 0 1
    outer loop
      vertex 122.425 -33.2571 47
      vertex 113 -18.1 47
      vertex 121.45 -32.7358 47
    endloop
  endfacet
  facet normal 0 0 1
    outer loop
      vertex 113 18.1 47
      vertex 119.612 31.5077 47
      vertex 118.757 30.8061 47
    endloop
  endfacet
  facet normal 0 0 1
    outer loop
      vertex 121.45 -32.7358 47
      vertex 113 -18.1 47
      vertex 120.511 -32.1518 47
    endloop
  endfacet
  facet normal 0 0 1
    outer loop
      vertex 113 18.1 47
      vertex 118.757 30.8061 47
      vertex 117.95 30.0501 47
    endloop
  endfacet
  facet normal 0 0 1
    outer loop
      vertex 120.511 -32.1518 47
      vertex 113 -18.1 47
      vertex 119.612 -31.5077 47
    endloop
  endfacet
  facet normal 0 0 1
    outer loop
      vertex 113 18.1 47
      vertex 117.95 30.0501 47
      vertex 117.194 29.2429 47
    endloop
  endfacet
  facet normal 0 0 1
    outer loop
      vertex 119.612 -31.5077 47
      vertex 113 -18.1 47
      vertex 118.757 -30.8061 47
    endloop
  endfacet
  facet normal 0 0 1
    outer loop
      vertex 113 18.1 47
      vertex 117.194 29.2429 47
      vertex 116.492 28.3881 47
    endloop
  endfacet
  facet normal 0 0 1
    outer loop
      vertex 118.757 -30.8061 47
      vertex 113 -18.1 47
      vertex 117.95 -30.0501 47
    endloop
  endfacet
  facet normal 0 0 1
    outer loop
      vertex 113 18.1 47
      vertex 116.492 28.3881 47
      vertex 115.848 27.4891 47
    endloop
  endfacet
  facet normal 0 0 1
    outer loop
      vertex 117.95 -30.0501 47
      vertex 113 -18.1 47
      vertex 117.194 -29.2429 47
    endloop
  endfacet
  facet normal 0 0 1
    outer loop
      vertex 113 18.1 47
      vertex 115.848 27.4891 47
      vertex 115.264 26.55 47
    endloop
  endfacet
  facet normal 0 0 1
    outer loop
      vertex 117.194 -29.2429 47
      vertex 113 -18.1 47
      vertex 116.492 -28.3881 47
    endloop
  endfacet
  facet normal 0 0 1
    outer loop
      vertex 113 18.1 47
      vertex 115.264 26.55 47
      vertex 114.743 25.5747 47
    endloop
  endfacet
  facet normal 0 0 1
    outer loop
      vertex 116.492 -28.3881 47
      vertex 113 -18.1 47
      vertex 115.848 -27.4891 47
    endloop
  endfacet
  facet normal 0 0 1
    outer loop
      vertex 113 18.1 47
      vertex 114.743 25.5747 47
      vertex 114.286 24.5673 47
    endloop
  endfacet
  facet normal 0 0 1
    outer loop
      vertex 115.848 -27.4891 47
      vertex 113 -18.1 47
      vertex 115.264 -26.55 47
    endloop
  endfacet
  facet normal 0 0 1
    outer loop
      vertex 113 18.1 47
      vertex 114.286 24.5673 47
      vertex 113.897 23.5323 47
    endloop
  endfacet
  facet normal 0 0 1
    outer loop
      vertex 115.264 -26.55 47
      vertex 113 -18.1 47
      vertex 114.743 -25.5747 47
    endloop
  endfacet
  facet normal 0 0 1
    outer loop
      vertex 113 18.1 47
      vertex 113.897 23.5323 47
      vertex 113.576 22.474 47
    endloop
  endfacet
  facet normal 0 0 1
    outer loop
      vertex 114.743 -25.5747 47
      vertex 113 -18.1 47
      vertex 114.286 -24.5673 47
    endloop
  endfacet
  facet normal 0 0 1
    outer loop
      vertex 113 18.1 47
      vertex 113.576 22.474 47
      vertex 113.325 21.397 47
    endloop
  endfacet
  facet normal 0 0 1
    outer loop
      vertex 114.286 -24.5673 47
      vertex 113 -18.1 47
      vertex 113.897 -23.5323 47
    endloop
  endfacet
  facet normal 0 0 1
    outer loop
      vertex 113 18.1 47
      vertex 113.325 21.397 47
      vertex 113.145 20.3059 47
    endloop
  endfacet
  facet normal 0 0 1
    outer loop
      vertex 113.897 -23.5323 47
      vertex 113 -18.1 47
      vertex 113.576 -22.474 47
    endloop
  endfacet
  facet normal 0 0 1
    outer loop
      vertex 113 18.1 47
      vertex 113.145 20.3059 47
      vertex 113.036 19.2053 47
    endloop
  endfacet
  facet normal 0 0 1
    outer loop
      vertex 113.576 -22.474 47
      vertex 113 -18.1 47
      vertex 113.325 -21.397 47
    endloop
  endfacet
  facet normal 0 0 1
    outer loop
      vertex 113.325 -21.397 47
      vertex 113 -18.1 47
      vertex 113.145 -20.3059 47
    endloop
  endfacet
  facet normal 0 0 1
    outer loop
      vertex 113.145 -20.3059 47
      vertex 113 -18.1 47
      vertex 113.036 -19.2053 47
    endloop
  endfacet
  facet normal -0.910676 0.413122 0
    outer loop
      vertex 114.286 24.5673 47
      vertex 114.743 25.5747 31.4916
      vertex 114.286 24.5673 31.1645
    endloop
  endfacet
  facet normal -0.910676 0.413122 0
    outer loop
      vertex 114.743 25.5747 31.4916
      vertex 114.286 24.5673 47
      vertex 114.743 25.5747 47
    endloop
  endfacet
  facet normal -0.910676 0.413122 0
    outer loop
      vertex 114.286 24.5673 -47
      vertex 114.743 25.5747 -31.4916
      vertex 114.743 25.5747 -47
    endloop
  endfacet
  facet normal -0.910676 0.413122 0
    outer loop
      vertex 114.743 25.5747 -31.4916
      vertex 114.286 24.5673 -47
      vertex 114.286 24.5673 -31.1645
    endloop
  endfacet
  facet normal -0.995132 0.0985547 0
    outer loop
      vertex 113.036 19.2053 47
      vertex 113.145 20.3059 30.3463
      vertex 113.036 19.2053 30.2686
    endloop
  endfacet
  facet normal -0.995132 0.0985547 0
    outer loop
      vertex 113.145 20.3059 30.3463
      vertex 113.036 19.2053 47
      vertex 113.145 20.3059 47
    endloop
  endfacet
  facet normal -0.995132 0.0985547 0
    outer loop
      vertex 113.036 19.2053 -47
      vertex 113.145 20.3059 -30.3463
      vertex 113.145 20.3059 -47
    endloop
  endfacet
  facet normal -0.995132 0.0985547 0
    outer loop
      vertex 113.145 20.3059 -30.3463
      vertex 113.036 19.2053 -47
      vertex 113.036 19.2053 -30.2686
    endloop
  endfacet
  facet normal 0.773546 0.633741 0
    outer loop
      vertex 142.806 29.2429 47
      vertex 143.005 29 37.3372
      vertex 142.806 29.2429 -47
    endloop
  endfacet
  facet normal 0.772796 0.634655 -3.84164e-05
    outer loop
      vertex 143.508 28.3881 47
      vertex 143.005 29 37.3372
      vertex 142.806 29.2429 47
    endloop
  endfacet
  facet normal 0.772975 0.634436 -6.16036e-05
    outer loop
      vertex 143.005 29 37.3372
      vertex 143.508 28.3881 47
      vertex 143.413 28.5029 37.2698
    endloop
  endfacet
  facet normal 0.770417 0.63754 0
    outer loop
      vertex 143.413 28.5029 37.2698
      vertex 143.508 28.3881 47
      vertex 143.508 28.3881 37.2479
    endloop
  endfacet
  facet normal 0.773546 0.633741 -0
    outer loop
      vertex 143.005 29 -37.3372
      vertex 142.806 29.2429 -47
      vertex 143.005 29 37.3372
    endloop
  endfacet
  facet normal 0.772975 0.634436 6.16036e-05
    outer loop
      vertex 143.508 28.3881 -47
      vertex 143.005 29 -37.3372
      vertex 143.413 28.5029 -37.2698
    endloop
  endfacet
  facet normal 0.770417 0.63754 -0
    outer loop
      vertex 143.508 28.3881 -47
      vertex 143.413 28.5029 -37.2698
      vertex 143.508 28.3881 -37.2479
    endloop
  endfacet
  facet normal 0.772796 0.634655 3.84164e-05
    outer loop
      vertex 143.005 29 -37.3372
      vertex 143.508 28.3881 -47
      vertex 142.806 29.2429 -47
    endloop
  endfacet
  facet normal -0.227144 0.973861 0
    outer loop
      vertex 126.603 34.6753 -47
      vertex 125.526 34.4241 47
      vertex 126.603 34.6753 47
    endloop
  endfacet
  facet normal -0.227144 0.973861 0
    outer loop
      vertex 125.526 34.4241 47
      vertex 126.603 34.6753 -47
      vertex 125.526 34.4241 -47
    endloop
  endfacet
  facet normal 0.935913 -0.352232 0
    outer loop
      vertex 146.103 -23.5323 47
      vertex 145.835 -24.2444 36.7052
      vertex 146.103 -23.5323 36.6239
    endloop
  endfacet
  facet normal 0.936069 -0.351817 0
    outer loop
      vertex 145.714 -24.5673 36.7335
      vertex 146.103 -23.5323 47
      vertex 145.714 -24.5673 47
    endloop
  endfacet
  facet normal 0.93641 -0.350909 -0.000104467
    outer loop
      vertex 146.103 -23.5323 47
      vertex 145.714 -24.5673 36.7335
      vertex 145.835 -24.2444 36.7052
    endloop
  endfacet
  facet normal 0.935913 -0.352232 0
    outer loop
      vertex 145.835 -24.2444 -36.7052
      vertex 146.103 -23.5323 -47
      vertex 146.103 -23.5323 -36.6239
    endloop
  endfacet
  facet normal 0.93641 -0.350909 0.000104467
    outer loop
      vertex 145.714 -24.5673 -36.7335
      vertex 146.103 -23.5323 -47
      vertex 145.835 -24.2444 -36.7052
    endloop
  endfacet
  facet normal 0.936069 -0.351817 0
    outer loop
      vertex 146.103 -23.5323 -47
      vertex 145.714 -24.5673 -36.7335
      vertex 145.714 -24.5673 -47
    endloop
  endfacet
  facet normal 1 -0 0
    outer loop
      vertex 147 -18.1 -36.3518
      vertex 147 18.1 -47
      vertex 147 18.1 -36.3518
    endloop
  endfacet
  facet normal 1 0 0
    outer loop
      vertex 147 18.1 -47
      vertex 147 -18.1 -36.3518
      vertex 147 -18.1 -47
    endloop
  endfacet
  facet normal 1 -0 0
    outer loop
      vertex 147 -18.1 47
      vertex 147 18.1 36.3518
      vertex 147 18.1 47
    endloop
  endfacet
  facet normal 1 0 0
    outer loop
      vertex 147 18.1 36.3518
      vertex 147 -18.1 47
      vertex 147 -18.1 36.3518
    endloop
  endfacet
  facet normal -0.936069 -0.351817 0
    outer loop
      vertex 114.286 -24.5673 31.1645
      vertex 113.897 -23.5323 47
      vertex 113.897 -23.5323 30.8854
    endloop
  endfacet
  facet normal -0.936069 -0.351817 0
    outer loop
      vertex 113.897 -23.5323 47
      vertex 114.286 -24.5673 31.1645
      vertex 114.286 -24.5673 47
    endloop
  endfacet
  facet normal -0.936069 -0.351817 -0
    outer loop
      vertex 114.286 -24.5673 -31.1645
      vertex 113.897 -23.5323 -47
      vertex 114.286 -24.5673 -47
    endloop
  endfacet
  facet normal -0.936069 -0.351817 0
    outer loop
      vertex 113.897 -23.5323 -47
      vertex 114.286 -24.5673 -31.1645
      vertex 113.897 -23.5323 -30.8854
    endloop
  endfacet
  facet normal -0.812938 0.58235 0
    outer loop
      vertex 115.848 27.4891 47
      vertex 116.492 28.3881 32.5933
      vertex 115.848 27.4891 32.1927
    endloop
  endfacet
  facet normal -0.812938 0.58235 0
    outer loop
      vertex 116.492 28.3881 32.5933
      vertex 115.848 27.4891 47
      vertex 116.492 28.3881 47
    endloop
  endfacet
  facet normal -0.812938 0.58235 0
    outer loop
      vertex 115.848 27.4891 -47
      vertex 116.492 28.3881 -32.5933
      vertex 116.492 28.3881 -47
    endloop
  endfacet
  facet normal -0.812938 0.58235 0
    outer loop
      vertex 116.492 28.3881 -32.5933
      vertex 115.848 27.4891 -47
      vertex 115.848 27.4891 -32.1927
    endloop
  endfacet
  facet normal -0.773546 0.633741 0
    outer loop
      vertex 117.194 29.2429 -47
      vertex 116.995 29 -32.9056
      vertex 117.194 29.2429 47
    endloop
  endfacet
  facet normal -0.772796 0.634655 2.63374e-05
    outer loop
      vertex 116.492 28.3881 -47
      vertex 116.995 29 -32.9056
      vertex 117.194 29.2429 -47
    endloop
  endfacet
  facet normal -0.772498 0.635017 0
    outer loop
      vertex 116.995 29 -32.9056
      vertex 116.492 28.3881 -47
      vertex 116.492 28.3881 -32.5933
    endloop
  endfacet
  facet normal -0.773546 0.633741 0
    outer loop
      vertex 116.995 29 32.9056
      vertex 117.194 29.2429 47
      vertex 116.995 29 -32.9056
    endloop
  endfacet
  facet normal -0.772498 0.635017 0
    outer loop
      vertex 116.492 28.3881 47
      vertex 116.995 29 32.9056
      vertex 116.492 28.3881 32.5933
    endloop
  endfacet
  facet normal -0.772796 0.634655 -2.63374e-05
    outer loop
      vertex 116.995 29 32.9056
      vertex 116.492 28.3881 47
      vertex 117.194 29.2429 47
    endloop
  endfacet
  facet normal -0.973901 0.226972 0
    outer loop
      vertex 113.325 21.397 47
      vertex 113.576 22.474 30.6553
      vertex 113.325 21.397 30.4754
    endloop
  endfacet
  facet normal -0.973901 0.226972 0
    outer loop
      vertex 113.576 22.474 30.6553
      vertex 113.325 21.397 47
      vertex 113.576 22.474 47
    endloop
  endfacet
  facet normal -0.973901 0.226972 0
    outer loop
      vertex 113.325 21.397 -47
      vertex 113.576 22.474 -30.6553
      vertex 113.576 22.474 -47
    endloop
  endfacet
  facet normal -0.973901 0.226972 0
    outer loop
      vertex 113.576 22.474 -30.6553
      vertex 113.325 21.397 -47
      vertex 113.325 21.397 -30.4754
    endloop
  endfacet
  facet normal -0.936069 0.351817 0
    outer loop
      vertex 113.897 23.5323 47
      vertex 114.286 24.5673 31.1645
      vertex 113.897 23.5323 30.8854
    endloop
  endfacet
  facet normal -0.936069 0.351817 0
    outer loop
      vertex 114.286 24.5673 31.1645
      vertex 113.897 23.5323 47
      vertex 114.286 24.5673 47
    endloop
  endfacet
  facet normal -0.936069 0.351817 0
    outer loop
      vertex 113.897 23.5323 -47
      vertex 114.286 24.5673 -31.1645
      vertex 114.286 24.5673 -47
    endloop
  endfacet
  facet normal -0.936069 0.351817 0
    outer loop
      vertex 114.286 24.5673 -31.1645
      vertex 113.897 23.5323 -47
      vertex 113.897 23.5323 -30.8854
    endloop
  endfacet
  facet normal -0.986664 0.162771 0
    outer loop
      vertex 113.145 20.3059 47
      vertex 113.325 21.397 30.4754
      vertex 113.145 20.3059 30.3463
    endloop
  endfacet
  facet normal -0.986664 0.162771 0
    outer loop
      vertex 113.325 21.397 30.4754
      vertex 113.145 20.3059 47
      vertex 113.325 21.397 47
    endloop
  endfacet
  facet normal -0.986664 0.162771 0
    outer loop
      vertex 113.145 20.3059 -47
      vertex 113.325 21.397 -30.4754
      vertex 113.325 21.397 -47
    endloop
  endfacet
  facet normal -0.986664 0.162771 0
    outer loop
      vertex 113.325 21.397 -30.4754
      vertex 113.145 20.3059 -47
      vertex 113.145 20.3059 -30.3463
    endloop
  endfacet
  facet normal 0.582409 0.812896 -0
    outer loop
      vertex 140.388 31.5077 -47
      vertex 139.489 32.1518 47
      vertex 140.388 31.5077 47
    endloop
  endfacet
  facet normal 0.582409 0.812896 0
    outer loop
      vertex 139.489 32.1518 47
      vertex 140.388 31.5077 -47
      vertex 139.489 32.1518 -47
    endloop
  endfacet
  facet normal 0.936069 0.351817 0
    outer loop
      vertex 146.103 23.5323 47
      vertex 145.714 24.5673 36.7335
      vertex 145.714 24.5673 47
    endloop
  endfacet
  facet normal 0.93641 0.350909 -0.000104467
    outer loop
      vertex 145.714 24.5673 36.7335
      vertex 146.103 23.5323 47
      vertex 145.835 24.2444 36.7052
    endloop
  endfacet
  facet normal 0.935913 0.352232 0
    outer loop
      vertex 145.835 24.2444 36.7052
      vertex 146.103 23.5323 47
      vertex 146.103 23.5323 36.6239
    endloop
  endfacet
  facet normal 0.93641 0.350909 0.000104467
    outer loop
      vertex 146.103 23.5323 -47
      vertex 145.714 24.5673 -36.7335
      vertex 145.835 24.2444 -36.7052
    endloop
  endfacet
  facet normal 0.935913 0.352232 -0
    outer loop
      vertex 146.103 23.5323 -47
      vertex 145.835 24.2444 -36.7052
      vertex 146.103 23.5323 -36.6239
    endloop
  endfacet
  facet normal 0.936069 0.351817 0
    outer loop
      vertex 145.714 24.5673 -36.7335
      vertex 146.103 23.5323 -47
      vertex 145.714 24.5673 -47
    endloop
  endfacet
  facet normal 0.0327426 0.999464 -0
    outer loop
      vertex 131.205 34.9638 -47
      vertex 130.1 35 47
      vertex 131.205 34.9638 47
    endloop
  endfacet
  facet normal 0.0327426 0.999464 0
    outer loop
      vertex 130.1 35 47
      vertex 131.205 34.9638 -47
      vertex 130.1 35 -47
    endloop
  endfacet
  facet normal -0.528128 0.849165 0
    outer loop
      vertex 121.45 32.7358 -47
      vertex 120.511 32.1518 47
      vertex 121.45 32.7358 47
    endloop
  endfacet
  facet normal -0.528128 0.849165 0
    outer loop
      vertex 120.511 32.1518 47
      vertex 121.45 32.7358 -47
      vertex 120.511 32.1518 -47
    endloop
  endfacet
  facet normal -0.729875 0.68358 0
    outer loop
      vertex 117.194 29.2429 -47
      vertex 117.95 30.0501 47
      vertex 117.95 30.0501 -47
    endloop
  endfacet
  facet normal -0.729875 0.68358 0
    outer loop
      vertex 117.95 30.0501 47
      vertex 117.194 29.2429 -47
      vertex 117.194 29.2429 47
    endloop
  endfacet
  facet normal 0.986664 -0.162771 0
    outer loop
      vertex 146.675 -21.397 -36.4503
      vertex 146.855 -20.3059 -47
      vertex 146.855 -20.3059 -36.3957
    endloop
  endfacet
  facet normal 0.986664 -0.162771 0
    outer loop
      vertex 146.855 -20.3059 -47
      vertex 146.675 -21.397 -36.4503
      vertex 146.675 -21.397 -47
    endloop
  endfacet
  facet normal 0.986664 -0.162771 0
    outer loop
      vertex 146.675 -21.397 36.4503
      vertex 146.855 -20.3059 47
      vertex 146.675 -21.397 47
    endloop
  endfacet
  facet normal 0.986664 -0.162771 0
    outer loop
      vertex 146.855 -20.3059 47
      vertex 146.675 -21.397 36.4503
      vertex 146.855 -20.3059 36.3957
    endloop
  endfacet
  facet normal 0.910676 -0.413122 0
    outer loop
      vertex 145.257 -25.5747 36.8399
      vertex 145.714 -24.5673 47
      vertex 145.257 -25.5747 47
    endloop
  endfacet
  facet normal 0.910676 -0.413122 0
    outer loop
      vertex 145.714 -24.5673 47
      vertex 145.257 -25.5747 36.8399
      vertex 145.714 -24.5673 36.7335
    endloop
  endfacet
  facet normal 0.910676 -0.413122 0
    outer loop
      vertex 145.257 -25.5747 -36.8399
      vertex 145.714 -24.5673 -47
      vertex 145.714 -24.5673 -36.7335
    endloop
  endfacet
  facet normal 0.910676 -0.413122 0
    outer loop
      vertex 145.714 -24.5673 -47
      vertex 145.257 -25.5747 -36.8399
      vertex 145.257 -25.5747 -47
    endloop
  endfacet
  facet normal 0.2272 -0.973848 0
    outer loop
      vertex 133.397 -34.6753 -47
      vertex 134.43 -34.4343 -23.9486
      vertex 133.397 -34.6753 -23.8468
    endloop
  endfacet
  facet normal 0.227144 -0.973861 2.64389e-06
    outer loop
      vertex 134.474 -34.4241 -47
      vertex 134.43 -34.4343 -23.9486
      vertex 133.397 -34.6753 -47
    endloop
  endfacet
  facet normal 0.22583 -0.974167 0
    outer loop
      vertex 134.43 -34.4343 -23.9486
      vertex 134.474 -34.4241 -47
      vertex 134.474 -34.4241 -23.95
    endloop
  endfacet
  facet normal 0.227144 -0.973861 -2.64389e-06
    outer loop
      vertex 134.43 -34.4343 23.9486
      vertex 134.474 -34.4241 47
      vertex 133.397 -34.6753 47
    endloop
  endfacet
  facet normal 0.22583 -0.974167 0
    outer loop
      vertex 134.474 -34.4241 47
      vertex 134.43 -34.4343 23.9486
      vertex 134.474 -34.4241 23.95
    endloop
  endfacet
  facet normal 0.2272 -0.973848 0
    outer loop
      vertex 134.43 -34.4343 23.9486
      vertex 133.397 -34.6753 47
      vertex 133.397 -34.6753 23.8468
    endloop
  endfacet
  facet normal -0.352213 -0.93592 0
    outer loop
      vertex 123.433 -33.7136 47
      vertex 124.468 -34.1031 21.0346
      vertex 124.468 -34.1031 47
    endloop
  endfacet
  facet normal -0.352004 -0.935998 9.50286e-06
    outer loop
      vertex 123.433 -33.7136 47
      vertex 124 -33.9271 20.7846
      vertex 124.468 -34.1031 21.0346
    endloop
  endfacet
  facet normal -0.352389 -0.935854 0
    outer loop
      vertex 124 -33.9271 20.7846
      vertex 123.433 -33.7136 47
      vertex 123.433 -33.7136 20.4318
    endloop
  endfacet
  facet normal -0.352389 -0.935854 0
    outer loop
      vertex 123.433 -33.7136 -47
      vertex 124 -33.9271 -20.7846
      vertex 123.433 -33.7136 -20.4318
    endloop
  endfacet
  facet normal -0.352004 -0.935998 -9.50286e-06
    outer loop
      vertex 123.433 -33.7136 -47
      vertex 124.468 -34.1031 -21.0346
      vertex 124 -33.9271 -20.7846
    endloop
  endfacet
  facet normal -0.352213 -0.93592 -0
    outer loop
      vertex 124.468 -34.1031 -21.0346
      vertex 123.433 -33.7136 -47
      vertex 124.468 -34.1031 -47
    endloop
  endfacet
  facet normal -0.528 -0.849244 0
    outer loop
      vertex 120.511 -32.1518 -47
      vertex 121.39 -32.6983 -19.0405
      vertex 120.511 -32.1518 -18.3192
    endloop
  endfacet
  facet normal -0.529955 -0.848026 8.52701e-05
    outer loop
      vertex 120.511 -32.1518 -47
      vertex 121.45 -32.7358 -19.0837
      vertex 121.39 -32.6983 -19.0405
    endloop
  endfacet
  facet normal -0.528128 -0.849165 -0
    outer loop
      vertex 121.45 -32.7358 -19.0837
      vertex 120.511 -32.1518 -47
      vertex 121.45 -32.7358 -47
    endloop
  endfacet
  facet normal -0.528128 -0.849165 0
    outer loop
      vertex 120.511 -32.1518 47
      vertex 121.45 -32.7358 19.0837
      vertex 121.45 -32.7358 47
    endloop
  endfacet
  facet normal -0.529955 -0.848026 -8.52701e-05
    outer loop
      vertex 120.511 -32.1518 47
      vertex 121.39 -32.6983 19.0405
      vertex 121.45 -32.7358 19.0837
    endloop
  endfacet
  facet normal -0.528 -0.849244 0
    outer loop
      vertex 121.39 -32.6983 19.0405
      vertex 120.511 -32.1518 47
      vertex 120.511 -32.1518 18.3192
    endloop
  endfacet
  facet normal -0.63435 -0.773046 0
    outer loop
      vertex 118.757 -30.8061 47
      vertex 119.612 -31.5077 17.5161
      vertex 119.612 -31.5077 47
    endloop
  endfacet
  facet normal -0.634118 -0.773237 1.12686e-05
    outer loop
      vertex 118.757 -30.8061 47
      vertex 119.029 -31.0296 16.9706
      vertex 119.612 -31.5077 17.5161
    endloop
  endfacet
  facet normal -0.634861 -0.772627 0
    outer loop
      vertex 119.029 -31.0296 16.9706
      vertex 118.757 -30.8061 47
      vertex 118.757 -30.8061 16.6797
    endloop
  endfacet
  facet normal -0.634861 -0.772627 0
    outer loop
      vertex 118.757 -30.8061 -47
      vertex 119.029 -31.0296 -16.9706
      vertex 118.757 -30.8061 -16.6797
    endloop
  endfacet
  facet normal -0.634118 -0.773237 -1.12686e-05
    outer loop
      vertex 118.757 -30.8061 -47
      vertex 119.612 -31.5077 -17.5161
      vertex 119.029 -31.0296 -16.9706
    endloop
  endfacet
  facet normal -0.63435 -0.773046 -0
    outer loop
      vertex 119.612 -31.5077 -17.5161
      vertex 118.757 -30.8061 -47
      vertex 119.612 -31.5077 -47
    endloop
  endfacet
  facet normal -0.84919 -0.528087 0
    outer loop
      vertex 115.848 -27.4891 32.1927
      vertex 115.264 -26.55 47
      vertex 115.264 -26.55 31.8296
    endloop
  endfacet
  facet normal -0.84919 -0.528087 0
    outer loop
      vertex 115.264 -26.55 47
      vertex 115.848 -27.4891 32.1927
      vertex 115.848 -27.4891 47
    endloop
  endfacet
  facet normal -0.84919 -0.528087 -0
    outer loop
      vertex 115.848 -27.4891 -32.1927
      vertex 115.264 -26.55 -47
      vertex 115.848 -27.4891 -47
    endloop
  endfacet
  facet normal -0.84919 -0.528087 0
    outer loop
      vertex 115.264 -26.55 -47
      vertex 115.848 -27.4891 -32.1927
      vertex 115.264 -26.55 -31.8296
    endloop
  endfacet
  facet normal -0.881829 0.471569 3.21914e-05
    outer loop
      vertex 114.743 25.5747 47
      vertex 115.264 26.55 31.8296
      vertex 114.888 25.8469 31.5958
    endloop
  endfacet
  facet normal -0.882586 0.470151 0
    outer loop
      vertex 114.743 25.5747 47
      vertex 114.888 25.8469 31.5958
      vertex 114.743 25.5747 31.4916
    endloop
  endfacet
  facet normal -0.882037 0.47118 0
    outer loop
      vertex 115.264 26.55 31.8296
      vertex 114.743 25.5747 47
      vertex 115.264 26.55 47
    endloop
  endfacet
  facet normal -0.882037 0.47118 0
    outer loop
      vertex 114.743 25.5747 -47
      vertex 115.264 26.55 -31.8296
      vertex 115.264 26.55 -47
    endloop
  endfacet
  facet normal -0.881829 0.471569 -3.21914e-05
    outer loop
      vertex 115.264 26.55 -31.8296
      vertex 114.743 25.5747 -47
      vertex 114.888 25.8469 -31.5958
    endloop
  endfacet
  facet normal -0.882586 0.470151 0
    outer loop
      vertex 114.888 25.8469 -31.5958
      vertex 114.743 25.5747 -47
      vertex 114.743 25.5747 -31.4916
    endloop
  endfacet
  facet normal -0.84919 0.528087 0
    outer loop
      vertex 115.264 26.55 47
      vertex 115.848 27.4891 32.1927
      vertex 115.264 26.55 31.8296
    endloop
  endfacet
  facet normal -0.84919 0.528087 0
    outer loop
      vertex 115.848 27.4891 32.1927
      vertex 115.264 26.55 47
      vertex 115.848 27.4891 47
    endloop
  endfacet
  facet normal -0.84919 0.528087 0
    outer loop
      vertex 115.264 26.55 -47
      vertex 115.848 27.4891 -32.1927
      vertex 115.848 27.4891 -47
    endloop
  endfacet
  facet normal -0.84919 0.528087 0
    outer loop
      vertex 115.848 27.4891 -32.1927
      vertex 115.264 26.55 -47
      vertex 115.264 26.55 -31.8296
    endloop
  endfacet
  facet normal -0.956948 0.290258 0
    outer loop
      vertex 113.576 22.474 47
      vertex 113.897 23.5323 30.8854
      vertex 113.576 22.474 30.6553
    endloop
  endfacet
  facet normal -0.956948 0.290258 0
    outer loop
      vertex 113.897 23.5323 30.8854
      vertex 113.576 22.474 47
      vertex 113.897 23.5323 47
    endloop
  endfacet
  facet normal -0.956948 0.290258 0
    outer loop
      vertex 113.576 22.474 -47
      vertex 113.897 23.5323 -30.8854
      vertex 113.897 23.5323 -47
    endloop
  endfacet
  facet normal -0.956948 0.290258 0
    outer loop
      vertex 113.897 23.5323 -30.8854
      vertex 113.576 22.474 -47
      vertex 113.576 22.474 -30.6553
    endloop
  endfacet
  facet normal 0.352567 0.935786 2.57173e-06
    outer loop
      vertex 136.142 33.8736 -2.17034
      vertex 136.567 33.7136 -47
      vertex 136 33.9271 -2.175
    endloop
  endfacet
  facet normal 0.35199 0.936004 -3.67248e-06
    outer loop
      vertex 136.284 33.8202 -2.15639
      vertex 136.567 33.7136 -47
      vertex 136.142 33.8736 -2.17034
    endloop
  endfacet
  facet normal 0.35288 0.935668 2.73941e-06
    outer loop
      vertex 136.424 33.7674 -2.13321
      vertex 136.567 33.7136 -47
      vertex 136.284 33.8202 -2.15639
    endloop
  endfacet
  facet normal 0.351567 0.936163 -2.03999e-06
    outer loop
      vertex 136.563 33.7152 -2.10089
      vertex 136.567 33.7136 -47
      vertex 136.424 33.7674 -2.13321
    endloop
  endfacet
  facet normal 0.371391 0.928477 -0
    outer loop
      vertex 136.567 33.7136 -47
      vertex 136.563 33.7152 -2.10089
      vertex 136.567 33.7136 -2.09955
    endloop
  endfacet
  facet normal 0.352213 0.93592 -2.54184e-06
    outer loop
      vertex 135.532 34.1031 -47
      vertex 136 33.9271 -2.175
      vertex 136.567 33.7136 -47
    endloop
  endfacet
  facet normal 0.352567 0.935786 -6.76047e-06
    outer loop
      vertex 136 33.9271 -2.175
      vertex 135.532 34.1031 -47
      vertex 135.858 33.9806 -2.17034
    endloop
  endfacet
  facet normal 0.35199 0.936004 -1.96888e-06
    outer loop
      vertex 135.858 33.9806 -2.17034
      vertex 135.532 34.1031 -47
      vertex 135.716 34.034 -2.15639
    endloop
  endfacet
  facet normal 0.35288 0.935669 -6.13615e-06
    outer loop
      vertex 135.716 34.034 -2.15639
      vertex 135.532 34.1031 -47
      vertex 135.576 34.0868 -2.13321
    endloop
  endfacet
  facet normal 0.347384 0.937723 0
    outer loop
      vertex 135.576 34.0868 -2.13321
      vertex 135.532 34.1031 -47
      vertex 135.532 34.1031 -2.1231
    endloop
  endfacet
  facet normal 0.352213 0.93592 2.54184e-06
    outer loop
      vertex 136.567 33.7136 47
      vertex 136 33.9271 2.175
      vertex 135.532 34.1031 47
    endloop
  endfacet
  facet normal 0.352567 0.935786 -2.57173e-06
    outer loop
      vertex 136.567 33.7136 47
      vertex 136.142 33.8736 2.17034
      vertex 136 33.9271 2.175
    endloop
  endfacet
  facet normal 0.35199 0.936004 3.67248e-06
    outer loop
      vertex 136.567 33.7136 47
      vertex 136.284 33.8202 2.15639
      vertex 136.142 33.8736 2.17034
    endloop
  endfacet
  facet normal 0.35288 0.935668 -2.73941e-06
    outer loop
      vertex 136.567 33.7136 47
      vertex 136.424 33.7674 2.13321
      vertex 136.284 33.8202 2.15639
    endloop
  endfacet
  facet normal 0.351567 0.936163 2.03999e-06
    outer loop
      vertex 136.567 33.7136 47
      vertex 136.563 33.7152 2.10089
      vertex 136.424 33.7674 2.13321
    endloop
  endfacet
  facet normal 0.371391 0.928477 0
    outer loop
      vertex 136.563 33.7152 2.10089
      vertex 136.567 33.7136 47
      vertex 136.567 33.7136 2.09955
    endloop
  endfacet
  facet normal 0.352567 0.935786 6.76047e-06
    outer loop
      vertex 135.858 33.9806 2.17034
      vertex 135.532 34.1031 47
      vertex 136 33.9271 2.175
    endloop
  endfacet
  facet normal 0.35199 0.936004 1.96888e-06
    outer loop
      vertex 135.716 34.034 2.15639
      vertex 135.532 34.1031 47
      vertex 135.858 33.9806 2.17034
    endloop
  endfacet
  facet normal 0.35288 0.935669 6.13615e-06
    outer loop
      vertex 135.576 34.0868 2.13321
      vertex 135.532 34.1031 47
      vertex 135.716 34.034 2.15639
    endloop
  endfacet
  facet normal 0.347384 0.937723 0
    outer loop
      vertex 135.532 34.1031 47
      vertex 135.576 34.0868 2.13321
      vertex 135.532 34.1031 2.1231
    endloop
  endfacet
  facet normal 0.412543 0.910938 0
    outer loop
      vertex 137.575 33.2571 47
      vertex 136.567 33.7136 2.09955
      vertex 136.567 33.7136 47
    endloop
  endfacet
  facet normal 0.412089 0.911144 1.22765e-05
    outer loop
      vertex 137.575 33.2571 47
      vertex 136.699 33.6539 2.05957
      vertex 136.567 33.7136 2.09955
    endloop
  endfacet
  facet normal 0.413487 0.91051 -2.05663e-05
    outer loop
      vertex 137.575 33.2571 47
      vertex 136.832 33.5935 2.00944
      vertex 136.699 33.6539 2.05957
    endloop
  endfacet
  facet normal 0.411537 0.911393 1.82359e-05
    outer loop
      vertex 137.575 33.2571 47
      vertex 136.962 33.5348 1.9507
      vertex 136.832 33.5935 2.00944
    endloop
  endfacet
  facet normal 0.414285 0.910147 -2.68281e-05
    outer loop
      vertex 137.575 33.2571 47
      vertex 137.087 33.4779 1.88361
      vertex 136.962 33.5348 1.9507
    endloop
  endfacet
  facet normal 0.412553 0.910934 -4.24325e-06
    outer loop
      vertex 137.575 33.2571 47
      vertex 137.208 33.4231 1.80845
      vertex 137.087 33.4779 1.88361
    endloop
  endfacet
  facet normal 0.411674 0.911331 4.3556e-06
    outer loop
      vertex 137.575 33.2571 47
      vertex 137.324 33.3707 1.72554
      vertex 137.208 33.4231 1.80845
    endloop
  endfacet
  facet normal 0.412429 0.91099 -6.91957e-07
    outer loop
      vertex 137.575 33.2571 47
      vertex 137.434 33.3209 1.63525
      vertex 137.324 33.3707 1.72554
    endloop
  endfacet
  facet normal 0.412548 0.910936 -1.13587e-06
    outer loop
      vertex 137.575 33.2571 47
      vertex 137.538 33.2738 1.53796
      vertex 137.434 33.3209 1.63525
    endloop
  endfacet
  facet normal 0.411389 0.91146 0
    outer loop
      vertex 137.538 33.2738 1.53796
      vertex 137.575 33.2571 47
      vertex 137.575 33.2571 1.49875
    endloop
  endfacet
  facet normal 0.411389 0.91146 -0
    outer loop
      vertex 137.575 33.2571 -47
      vertex 137.538 33.2738 -1.53796
      vertex 137.575 33.2571 -1.49875
    endloop
  endfacet
  facet normal 0.412548 0.910936 1.13587e-06
    outer loop
      vertex 137.575 33.2571 -47
      vertex 137.434 33.3209 -1.63525
      vertex 137.538 33.2738 -1.53796
    endloop
  endfacet
  facet normal 0.412429 0.91099 6.91957e-07
    outer loop
      vertex 137.575 33.2571 -47
      vertex 137.324 33.3707 -1.72554
      vertex 137.434 33.3209 -1.63525
    endloop
  endfacet
  facet normal 0.411674 0.911331 -4.3556e-06
    outer loop
      vertex 137.575 33.2571 -47
      vertex 137.208 33.4231 -1.80845
      vertex 137.324 33.3707 -1.72554
    endloop
  endfacet
  facet normal 0.412553 0.910934 4.24325e-06
    outer loop
      vertex 137.575 33.2571 -47
      vertex 137.087 33.4779 -1.88361
      vertex 137.208 33.4231 -1.80845
    endloop
  endfacet
  facet normal 0.414285 0.910147 2.68281e-05
    outer loop
      vertex 137.575 33.2571 -47
      vertex 136.962 33.5348 -1.9507
      vertex 137.087 33.4779 -1.88361
    endloop
  endfacet
  facet normal 0.411537 0.911393 -1.82359e-05
    outer loop
      vertex 137.575 33.2571 -47
      vertex 136.832 33.5935 -2.00944
      vertex 136.962 33.5348 -1.9507
    endloop
  endfacet
  facet normal 0.413487 0.91051 2.05663e-05
    outer loop
      vertex 137.575 33.2571 -47
      vertex 136.699 33.6539 -2.05957
      vertex 136.832 33.5935 -2.00944
    endloop
  endfacet
  facet normal 0.412089 0.911144 -1.22765e-05
    outer loop
      vertex 137.575 33.2571 -47
      vertex 136.567 33.7136 -2.09955
      vertex 136.699 33.6539 -2.05957
    endloop
  endfacet
  facet normal 0.412543 0.910938 0
    outer loop
      vertex 136.567 33.7136 -2.09955
      vertex 137.575 33.2571 -47
      vertex 136.567 33.7136 -47
    endloop
  endfacet
  facet normal 0.68367 0.729791 -0
    outer loop
      vertex 142.05 30.0501 -47
      vertex 141.243 30.8061 47
      vertex 142.05 30.0501 47
    endloop
  endfacet
  facet normal 0.68367 0.729791 0
    outer loop
      vertex 141.243 30.8061 47
      vertex 142.05 30.0501 -47
      vertex 141.243 30.8061 -47
    endloop
  endfacet
  facet normal 0.729875 0.68358 0
    outer loop
      vertex 142.806 29.2429 47
      vertex 142.05 30.0501 -47
      vertex 142.05 30.0501 47
    endloop
  endfacet
  facet normal 0.729875 0.68358 0
    outer loop
      vertex 142.05 30.0501 -47
      vertex 142.806 29.2429 47
      vertex 142.806 29.2429 -47
    endloop
  endfacet
  facet normal 0.63435 0.773046 -0
    outer loop
      vertex 141.243 30.8061 -47
      vertex 140.388 31.5077 47
      vertex 141.243 30.8061 47
    endloop
  endfacet
  facet normal 0.63435 0.773046 0
    outer loop
      vertex 140.388 31.5077 47
      vertex 141.243 30.8061 -47
      vertex 140.388 31.5077 -47
    endloop
  endfacet
  facet normal 0.812938 0.58235 -0
    outer loop
      vertex 144.152 27.4891 -47
      vertex 143.508 28.3881 -37.2479
      vertex 144.152 27.4891 -37.0977
    endloop
  endfacet
  facet normal 0.812938 0.58235 0
    outer loop
      vertex 143.508 28.3881 -37.2479
      vertex 144.152 27.4891 -47
      vertex 143.508 28.3881 -47
    endloop
  endfacet
  facet normal 0.812938 0.58235 0
    outer loop
      vertex 144.152 27.4891 47
      vertex 143.508 28.3881 37.2479
      vertex 143.508 28.3881 47
    endloop
  endfacet
  facet normal 0.812938 0.58235 0
    outer loop
      vertex 143.508 28.3881 37.2479
      vertex 144.152 27.4891 47
      vertex 144.152 27.4891 37.0977
    endloop
  endfacet
  facet normal 0.910676 0.413122 0
    outer loop
      vertex 145.714 24.5673 47
      vertex 145.257 25.5747 36.8399
      vertex 145.257 25.5747 47
    endloop
  endfacet
  facet normal 0.910676 0.413122 0
    outer loop
      vertex 145.257 25.5747 36.8399
      vertex 145.714 24.5673 47
      vertex 145.714 24.5673 36.7335
    endloop
  endfacet
  facet normal 0.910676 0.413122 -0
    outer loop
      vertex 145.714 24.5673 -47
      vertex 145.257 25.5747 -36.8399
      vertex 145.714 24.5673 -36.7335
    endloop
  endfacet
  facet normal 0.910676 0.413122 0
    outer loop
      vertex 145.257 25.5747 -36.8399
      vertex 145.714 24.5673 -47
      vertex 145.257 25.5747 -47
    endloop
  endfacet
  facet normal 0.84919 0.528087 0
    outer loop
      vertex 144.736 26.55 47
      vertex 144.152 27.4891 37.0977
      vertex 144.152 27.4891 47
    endloop
  endfacet
  facet normal 0.84919 0.528087 0
    outer loop
      vertex 144.152 27.4891 37.0977
      vertex 144.736 26.55 47
      vertex 144.736 26.55 36.9615
    endloop
  endfacet
  facet normal 0.84919 0.528087 -0
    outer loop
      vertex 144.736 26.55 -47
      vertex 144.152 27.4891 -37.0977
      vertex 144.736 26.55 -36.9615
    endloop
  endfacet
  facet normal 0.84919 0.528087 0
    outer loop
      vertex 144.152 27.4891 -37.0977
      vertex 144.736 26.55 -47
      vertex 144.152 27.4891 -47
    endloop
  endfacet
  facet normal 0.956948 0.290258 0
    outer loop
      vertex 146.424 22.474 47
      vertex 146.103 23.5323 36.6239
      vertex 146.103 23.5323 47
    endloop
  endfacet
  facet normal 0.956948 0.290258 0
    outer loop
      vertex 146.103 23.5323 36.6239
      vertex 146.424 22.474 47
      vertex 146.424 22.474 36.5265
    endloop
  endfacet
  facet normal 0.956948 0.290258 -0
    outer loop
      vertex 146.424 22.474 -47
      vertex 146.103 23.5323 -36.6239
      vertex 146.424 22.474 -36.5265
    endloop
  endfacet
  facet normal 0.956948 0.290258 0
    outer loop
      vertex 146.103 23.5323 -36.6239
      vertex 146.424 22.474 -47
      vertex 146.103 23.5323 -47
    endloop
  endfacet
  facet normal 0.973901 0.226972 0
    outer loop
      vertex 146.675 21.397 47
      vertex 146.424 22.474 36.5265
      vertex 146.424 22.474 47
    endloop
  endfacet
  facet normal 0.973901 0.226972 0
    outer loop
      vertex 146.424 22.474 36.5265
      vertex 146.675 21.397 47
      vertex 146.675 21.397 36.4503
    endloop
  endfacet
  facet normal 0.973901 0.226972 -0
    outer loop
      vertex 146.675 21.397 -47
      vertex 146.424 22.474 -36.5265
      vertex 146.675 21.397 -36.4503
    endloop
  endfacet
  facet normal 0.973901 0.226972 0
    outer loop
      vertex 146.424 22.474 -36.5265
      vertex 146.675 21.397 -47
      vertex 146.424 22.474 -47
    endloop
  endfacet
  facet normal 0.986664 0.162771 0
    outer loop
      vertex 146.855 20.3059 47
      vertex 146.675 21.397 36.4503
      vertex 146.675 21.397 47
    endloop
  endfacet
  facet normal 0.986664 0.162771 0
    outer loop
      vertex 146.675 21.397 36.4503
      vertex 146.855 20.3059 47
      vertex 146.855 20.3059 36.3957
    endloop
  endfacet
  facet normal 0.986664 0.162771 -0
    outer loop
      vertex 146.855 20.3059 -47
      vertex 146.675 21.397 -36.4503
      vertex 146.855 20.3059 -36.3957
    endloop
  endfacet
  facet normal 0.986664 0.162771 0
    outer loop
      vertex 146.675 21.397 -36.4503
      vertex 146.855 20.3059 -47
      vertex 146.675 21.397 -47
    endloop
  endfacet
  facet normal -0.162874 0.986647 0
    outer loop
      vertex 127.694 34.8554 -47
      vertex 126.603 34.6753 47
      vertex 127.694 34.8554 47
    endloop
  endfacet
  facet normal -0.162874 0.986647 0
    outer loop
      vertex 126.603 34.6753 47
      vertex 127.694 34.8554 -47
      vertex 126.603 34.6753 -47
    endloop
  endfacet
  facet normal -0.0979822 0.995188 0
    outer loop
      vertex 128.795 34.9638 -47
      vertex 127.694 34.8554 47
      vertex 128.795 34.9638 47
    endloop
  endfacet
  facet normal -0.0979822 0.995188 0
    outer loop
      vertex 127.694 34.8554 47
      vertex 128.795 34.9638 -47
      vertex 127.694 34.8554 -47
    endloop
  endfacet
  facet normal 0.0979822 0.995188 -0
    outer loop
      vertex 132.306 34.8554 -47
      vertex 131.205 34.9638 47
      vertex 132.306 34.8554 47
    endloop
  endfacet
  facet normal 0.0979822 0.995188 0
    outer loop
      vertex 131.205 34.9638 47
      vertex 132.306 34.8554 -47
      vertex 131.205 34.9638 -47
    endloop
  endfacet
  facet normal 0.162874 0.986647 -0
    outer loop
      vertex 133.397 34.6753 -47
      vertex 132.306 34.8554 47
      vertex 133.397 34.6753 47
    endloop
  endfacet
  facet normal 0.162874 0.986647 0
    outer loop
      vertex 132.306 34.8554 47
      vertex 133.397 34.6753 -47
      vertex 132.306 34.8554 -47
    endloop
  endfacet
  facet normal 0.227144 0.973861 -0
    outer loop
      vertex 134.474 34.4241 1.5492
      vertex 133.397 34.6753 47
      vertex 134.474 34.4241 47
    endloop
  endfacet
  facet normal 0.227228 0.973842 2.0961e-06
    outer loop
      vertex 134.462 34.4269 1.53796
      vertex 133.397 34.6753 47
      vertex 134.474 34.4241 1.5492
    endloop
  endfacet
  facet normal 0.227847 0.973697 1.73826e-05
    outer loop
      vertex 134.365 34.4496 1.43408
      vertex 133.397 34.6753 47
      vertex 134.462 34.4269 1.53796
    endloop
  endfacet
  facet normal 0.225906 0.974149 -2.60888e-05
    outer loop
      vertex 134.274 34.4707 1.32406
      vertex 133.397 34.6753 47
      vertex 134.365 34.4496 1.43408
    endloop
  endfacet
  facet normal 0.229055 0.973413 3.76775e-05
    outer loop
      vertex 134.192 34.49 1.20836
      vertex 133.397 34.6753 47
      vertex 134.274 34.4707 1.32406
    endloop
  endfacet
  facet normal 0.224461 0.974483 -4.64046e-05
    outer loop
      vertex 134.116 34.5075 1.0875
      vertex 133.397 34.6753 47
      vertex 134.192 34.49 1.20836
    endloop
  endfacet
  facet normal 0.228123 0.973632 1.40523e-05
    outer loop
      vertex 134.049 34.5232 0.961977
      vertex 133.397 34.6753 47
      vertex 134.116 34.5075 1.0875
    endloop
  endfacet
  facet normal 0.229798 0.973238 3.90746e-05
    outer loop
      vertex 133.991 34.5369 0.832336
      vertex 133.397 34.6753 47
      vertex 134.049 34.5232 0.961977
    endloop
  endfacet
  facet normal 0.223711 0.974656 -4.34929e-05
    outer loop
      vertex 133.94 34.5486 0.69913
      vertex 133.397 34.6753 47
      vertex 133.991 34.5369 0.832336
    endloop
  endfacet
  facet normal 0.227952 0.973672 8.93553e-06
    outer loop
      vertex 133.899 34.5582 0.562931
      vertex 133.397 34.6753 47
      vertex 133.94 34.5486 0.69913
    endloop
  endfacet
  facet normal 0.228146 0.973627 1.1141e-05
    outer loop
      vertex 133.867 34.5657 0.424321
      vertex 133.397 34.6753 47
      vertex 133.899 34.5582 0.562931
    endloop
  endfacet
  facet normal 0.228482 0.973548 1.47243e-05
    outer loop
      vertex 133.844 34.5711 0.283894
      vertex 133.397 34.6753 47
      vertex 133.867 34.5657 0.424321
    endloop
  endfacet
  facet normal 0.229215 0.973376 2.21179e-05
    outer loop
      vertex 133.83 34.5744 0.142251
      vertex 133.397 34.6753 47
      vertex 133.844 34.5711 0.283894
    endloop
  endfacet
  facet normal 0.217386 0.976086 -9.30286e-05
    outer loop
      vertex 133.825 34.5755 0
      vertex 133.397 34.6753 47
      vertex 133.83 34.5744 0.142251
    endloop
  endfacet
  facet normal 0.227144 0.973861 0
    outer loop
      vertex 133.397 34.6753 -47
      vertex 134.474 34.4241 -1.5492
      vertex 134.474 34.4241 -47
    endloop
  endfacet
  facet normal 0.227228 0.973842 -2.0961e-06
    outer loop
      vertex 134.474 34.4241 -1.5492
      vertex 133.397 34.6753 -47
      vertex 134.462 34.4269 -1.53796
    endloop
  endfacet
  facet normal 0.227847 0.973697 -1.73826e-05
    outer loop
      vertex 134.462 34.4269 -1.53796
      vertex 133.397 34.6753 -47
      vertex 134.365 34.4496 -1.43408
    endloop
  endfacet
  facet normal 0.225906 0.974149 2.60888e-05
    outer loop
      vertex 134.365 34.4496 -1.43408
      vertex 133.397 34.6753 -47
      vertex 134.274 34.4707 -1.32406
    endloop
  endfacet
  facet normal 0.229055 0.973413 -3.76775e-05
    outer loop
      vertex 134.274 34.4707 -1.32406
      vertex 133.397 34.6753 -47
      vertex 134.192 34.49 -1.20836
    endloop
  endfacet
  facet normal 0.224461 0.974483 4.64046e-05
    outer loop
      vertex 134.192 34.49 -1.20836
      vertex 133.397 34.6753 -47
      vertex 134.116 34.5075 -1.0875
    endloop
  endfacet
  facet normal 0.228123 0.973632 -1.40523e-05
    outer loop
      vertex 134.116 34.5075 -1.0875
      vertex 133.397 34.6753 -47
      vertex 134.049 34.5232 -0.961977
    endloop
  endfacet
  facet normal 0.229798 0.973238 -3.90746e-05
    outer loop
      vertex 134.049 34.5232 -0.961977
      vertex 133.397 34.6753 -47
      vertex 133.991 34.5369 -0.832336
    endloop
  endfacet
  facet normal 0.223711 0.974656 4.34929e-05
    outer loop
      vertex 133.991 34.5369 -0.832336
      vertex 133.397 34.6753 -47
      vertex 133.94 34.5486 -0.69913
    endloop
  endfacet
  facet normal 0.227952 0.973672 -8.93553e-06
    outer loop
      vertex 133.94 34.5486 -0.69913
      vertex 133.397 34.6753 -47
      vertex 133.899 34.5582 -0.562931
    endloop
  endfacet
  facet normal 0.228146 0.973627 -1.1141e-05
    outer loop
      vertex 133.899 34.5582 -0.562931
      vertex 133.397 34.6753 -47
      vertex 133.867 34.5657 -0.424321
    endloop
  endfacet
  facet normal 0.228482 0.973548 -1.47243e-05
    outer loop
      vertex 133.867 34.5657 -0.424321
      vertex 133.397 34.6753 -47
      vertex 133.844 34.5711 -0.283894
    endloop
  endfacet
  facet normal 0.229215 0.973376 -2.21179e-05
    outer loop
      vertex 133.844 34.5711 -0.283894
      vertex 133.397 34.6753 -47
      vertex 133.83 34.5744 -0.142251
    endloop
  endfacet
  facet normal 0.227086 0.973875 0
    outer loop
      vertex 133.825 34.5755 0
      vertex 133.397 34.6753 -47
      vertex 133.397 34.6753 47
    endloop
  endfacet
  facet normal 0.217386 0.976086 9.30286e-05
    outer loop
      vertex 133.83 34.5744 -0.142251
      vertex 133.397 34.6753 -47
      vertex 133.825 34.5755 0
    endloop
  endfacet
  facet normal -0.412543 0.910938 0
    outer loop
      vertex 123.433 33.7136 -47
      vertex 122.425 33.2571 47
      vertex 123.433 33.7136 47
    endloop
  endfacet
  facet normal -0.412543 0.910938 0
    outer loop
      vertex 122.425 33.2571 47
      vertex 123.433 33.7136 -47
      vertex 122.425 33.2571 -47
    endloop
  endfacet
  facet normal -0.352213 0.93592 0
    outer loop
      vertex 124.468 34.1031 -47
      vertex 123.433 33.7136 47
      vertex 124.468 34.1031 47
    endloop
  endfacet
  facet normal -0.352213 0.93592 0
    outer loop
      vertex 123.433 33.7136 47
      vertex 124.468 34.1031 -47
      vertex 123.433 33.7136 -47
    endloop
  endfacet
  facet normal -0.290334 0.956925 0
    outer loop
      vertex 125.526 34.4241 -47
      vertex 124.468 34.1031 47
      vertex 125.526 34.4241 47
    endloop
  endfacet
  facet normal -0.290334 0.956925 0
    outer loop
      vertex 124.468 34.1031 47
      vertex 125.526 34.4241 -47
      vertex 124.468 34.1031 -47
    endloop
  endfacet
  facet normal -0.63435 0.773046 0
    outer loop
      vertex 119.612 31.5077 -47
      vertex 118.757 30.8061 47
      vertex 119.612 31.5077 47
    endloop
  endfacet
  facet normal -0.63435 0.773046 0
    outer loop
      vertex 118.757 30.8061 47
      vertex 119.612 31.5077 -47
      vertex 118.757 30.8061 -47
    endloop
  endfacet
  facet normal -0.582409 0.812896 0
    outer loop
      vertex 120.511 32.1518 -47
      vertex 119.612 31.5077 47
      vertex 120.511 32.1518 47
    endloop
  endfacet
  facet normal -0.582409 0.812896 0
    outer loop
      vertex 119.612 31.5077 47
      vertex 120.511 32.1518 -47
      vertex 119.612 31.5077 -47
    endloop
  endfacet
  facet normal -0.68367 0.729791 0
    outer loop
      vertex 118.757 30.8061 -47
      vertex 117.95 30.0501 47
      vertex 118.757 30.8061 47
    endloop
  endfacet
  facet normal -0.68367 0.729791 0
    outer loop
      vertex 117.95 30.0501 47
      vertex 118.757 30.8061 -47
      vertex 117.95 30.0501 -47
    endloop
  endfacet
  facet normal 0.412543 -0.910938 0
    outer loop
      vertex 137.575 -33.2571 -47
      vertex 136.567 -33.7136 -23.9814
      vertex 136.567 -33.7136 -47
    endloop
  endfacet
  facet normal 0.412516 -0.91095 -1.41445e-06
    outer loop
      vertex 136.567 -33.7136 -23.9814
      vertex 137.575 -33.2571 -47
      vertex 137.57 -33.2594 -23.9486
    endloop
  endfacet
  facet normal 0.417906 -0.90849 0
    outer loop
      vertex 137.57 -33.2594 -23.9486
      vertex 137.575 -33.2571 -47
      vertex 137.575 -33.2571 -23.9481
    endloop
  endfacet
  facet normal 0.412543 -0.910938 0
    outer loop
      vertex 136.567 -33.7136 23.9814
      vertex 137.575 -33.2571 47
      vertex 136.567 -33.7136 47
    endloop
  endfacet
  facet normal 0.412516 -0.91095 1.41445e-06
    outer loop
      vertex 137.57 -33.2594 23.9486
      vertex 137.575 -33.2571 47
      vertex 136.567 -33.7136 23.9814
    endloop
  endfacet
  facet normal 0.417906 -0.90849 0
    outer loop
      vertex 137.575 -33.2571 47
      vertex 137.57 -33.2594 23.9486
      vertex 137.575 -33.2571 23.9481
    endloop
  endfacet
  facet normal 0.290334 -0.956925 0
    outer loop
      vertex 134.474 -34.4241 -47
      vertex 135.532 -34.1031 -23.9847
      vertex 134.474 -34.4241 -23.95
    endloop
  endfacet
  facet normal 0.290334 -0.956925 0
    outer loop
      vertex 135.532 -34.1031 -23.9847
      vertex 134.474 -34.4241 -47
      vertex 135.532 -34.1031 -47
    endloop
  endfacet
  facet normal 0.290334 -0.956925 0
    outer loop
      vertex 134.474 -34.4241 47
      vertex 135.532 -34.1031 23.9847
      vertex 135.532 -34.1031 47
    endloop
  endfacet
  facet normal 0.290334 -0.956925 0
    outer loop
      vertex 135.532 -34.1031 23.9847
      vertex 134.474 -34.4241 47
      vertex 134.474 -34.4241 23.95
    endloop
  endfacet
  facet normal 0.68367 -0.729791 0
    outer loop
      vertex 142.05 -30.0501 -47
      vertex 141.243 -30.8061 -23.4081
      vertex 141.243 -30.8061 -47
    endloop
  endfacet
  facet normal 0.68367 -0.729791 0
    outer loop
      vertex 141.243 -30.8061 -23.4081
      vertex 142.05 -30.0501 -47
      vertex 142.05 -30.0501 -23.2199
    endloop
  endfacet
  facet normal 0.68367 -0.729791 0
    outer loop
      vertex 141.243 -30.8061 23.4081
      vertex 142.05 -30.0501 47
      vertex 141.243 -30.8061 47
    endloop
  endfacet
  facet normal 0.68367 -0.729791 0
    outer loop
      vertex 142.05 -30.0501 47
      vertex 141.243 -30.8061 23.4081
      vertex 142.05 -30.0501 23.2199
    endloop
  endfacet
  facet normal 0.582409 -0.812896 0
    outer loop
      vertex 140.388 -31.5077 -47
      vertex 139.489 -32.1518 -23.7358
      vertex 139.489 -32.1518 -47
    endloop
  endfacet
  facet normal 0.582409 -0.812896 0
    outer loop
      vertex 139.489 -32.1518 -23.7358
      vertex 140.388 -31.5077 -47
      vertex 140.388 -31.5077 -23.5874
    endloop
  endfacet
  facet normal 0.582409 -0.812896 0
    outer loop
      vertex 139.489 -32.1518 23.7358
      vertex 140.388 -31.5077 47
      vertex 139.489 -32.1518 47
    endloop
  endfacet
  facet normal 0.582409 -0.812896 0
    outer loop
      vertex 140.388 -31.5077 47
      vertex 139.489 -32.1518 23.7358
      vertex 140.388 -31.5077 23.5874
    endloop
  endfacet
  facet normal 0.956948 -0.290258 0
    outer loop
      vertex 146.103 -23.5323 -36.6239
      vertex 146.424 -22.474 -47
      vertex 146.424 -22.474 -36.5265
    endloop
  endfacet
  facet normal 0.956948 -0.290258 0
    outer loop
      vertex 146.424 -22.474 -47
      vertex 146.103 -23.5323 -36.6239
      vertex 146.103 -23.5323 -47
    endloop
  endfacet
  facet normal 0.956948 -0.290258 0
    outer loop
      vertex 146.103 -23.5323 36.6239
      vertex 146.424 -22.474 47
      vertex 146.103 -23.5323 47
    endloop
  endfacet
  facet normal 0.956948 -0.290258 0
    outer loop
      vertex 146.424 -22.474 47
      vertex 146.103 -23.5323 36.6239
      vertex 146.424 -22.474 36.5265
    endloop
  endfacet
  facet normal 0.973901 -0.226972 0
    outer loop
      vertex 146.424 -22.474 36.5265
      vertex 146.675 -21.397 47
      vertex 146.424 -22.474 47
    endloop
  endfacet
  facet normal 0.973901 -0.226972 0
    outer loop
      vertex 146.675 -21.397 47
      vertex 146.424 -22.474 36.5265
      vertex 146.675 -21.397 36.4503
    endloop
  endfacet
  facet normal 0.973901 -0.226972 0
    outer loop
      vertex 146.424 -22.474 -36.5265
      vertex 146.675 -21.397 -47
      vertex 146.675 -21.397 -36.4503
    endloop
  endfacet
  facet normal 0.973901 -0.226972 0
    outer loop
      vertex 146.675 -21.397 -47
      vertex 146.424 -22.474 -36.5265
      vertex 146.424 -22.474 -47
    endloop
  endfacet
  facet normal 0.812938 -0.58235 0
    outer loop
      vertex 143.508 -28.3881 37.2479
      vertex 144.152 -27.4891 47
      vertex 143.508 -28.3881 47
    endloop
  endfacet
  facet normal 0.812938 -0.58235 0
    outer loop
      vertex 144.152 -27.4891 47
      vertex 143.508 -28.3881 37.2479
      vertex 144.152 -27.4891 37.0977
    endloop
  endfacet
  facet normal 0.812938 -0.58235 0
    outer loop
      vertex 143.508 -28.3881 -37.2479
      vertex 144.152 -27.4891 -47
      vertex 144.152 -27.4891 -37.0977
    endloop
  endfacet
  facet normal 0.812938 -0.58235 0
    outer loop
      vertex 144.152 -27.4891 -47
      vertex 143.508 -28.3881 -37.2479
      vertex 143.508 -28.3881 -47
    endloop
  endfacet
  facet normal 0 -1 0
    outer loop
      vertex 129.9 -35 47
      vertex 130.1 -35 23.2549
      vertex 130.1 -35 47
    endloop
  endfacet
  facet normal -0 -1 0
    outer loop
      vertex 130.1 -35 23.2549
      vertex 129.9 -35 47
      vertex 129.9 -35 23.2083
    endloop
  endfacet
  facet normal 0 -1 0
    outer loop
      vertex 129.9 -35 -47
      vertex 130.1 -35 -23.2549
      vertex 129.9 -35 -23.2083
    endloop
  endfacet
  facet normal 0 -1 -0
    outer loop
      vertex 130.1 -35 -23.2549
      vertex 129.9 -35 -47
      vertex 130.1 -35 -47
    endloop
  endfacet
  facet normal -0.471503 -0.881864 0
    outer loop
      vertex 121.45 -32.7358 -47
      vertex 122.425 -33.2571 -19.7826
      vertex 121.45 -32.7358 -19.0837
    endloop
  endfacet
  facet normal -0.471503 -0.881864 -0
    outer loop
      vertex 122.425 -33.2571 -19.7826
      vertex 121.45 -32.7358 -47
      vertex 122.425 -33.2571 -47
    endloop
  endfacet
  facet normal -0.471503 -0.881864 0
    outer loop
      vertex 121.45 -32.7358 47
      vertex 122.425 -33.2571 19.7826
      vertex 122.425 -33.2571 47
    endloop
  endfacet
  facet normal -0.471503 -0.881864 0
    outer loop
      vertex 122.425 -33.2571 19.7826
      vertex 121.45 -32.7358 47
      vertex 121.45 -32.7358 19.0837
    endloop
  endfacet
  facet normal -0.773546 -0.633741 0
    outer loop
      vertex 116.995 -29 14.6529
      vertex 117.194 -29.2429 14.8959
      vertex 116.995 -29 32.9056
    endloop
  endfacet
  facet normal -0.772498 -0.635017 0
    outer loop
      vertex 116.995 -29 32.9056
      vertex 116.492 -28.3881 47
      vertex 116.492 -28.3881 32.5933
    endloop
  endfacet
  facet normal -0.772796 -0.634655 -2.63374e-05
    outer loop
      vertex 116.995 -29 32.9056
      vertex 117.194 -29.2429 47
      vertex 116.492 -28.3881 47
    endloop
  endfacet
  facet normal -0.773546 -0.633741 -0
    outer loop
      vertex 117.194 -29.2429 47
      vertex 116.995 -29 32.9056
      vertex 117.194 -29.2429 14.8959
    endloop
  endfacet
  facet normal -0.772498 -0.635017 0
    outer loop
      vertex 116.492 -28.3881 -47
      vertex 116.995 -29 -32.9056
      vertex 116.492 -28.3881 -32.5933
    endloop
  endfacet
  facet normal -0.772796 -0.634655 2.63374e-05
    outer loop
      vertex 117.194 -29.2429 -47
      vertex 116.995 -29 -32.9056
      vertex 116.492 -28.3881 -47
    endloop
  endfacet
  facet normal -0.773546 -0.633741 -0
    outer loop
      vertex 117.194 -29.2429 -14.8959
      vertex 116.995 -29 -32.9056
      vertex 117.194 -29.2429 -47
    endloop
  endfacet
  facet normal -0.773546 -0.633741 0
    outer loop
      vertex 116.995 -29 -32.9056
      vertex 117.194 -29.2429 -14.8959
      vertex 116.995 -29 -14.6529
    endloop
  endfacet
  facet normal 0.471503 0.881864 0
    outer loop
      vertex 138.55 32.7358 47
      vertex 137.575 33.2571 1.49875
      vertex 137.575 33.2571 47
    endloop
  endfacet
  facet normal 0.473956 0.880549 -6.76223e-05
    outer loop
      vertex 138.55 32.7358 47
      vertex 137.635 33.2248 1.43408
      vertex 137.575 33.2571 1.49875
    endloop
  endfacet
  facet normal 0.468884 0.88326 6.33252e-05
    outer loop
      vertex 138.55 32.7358 47
      vertex 137.726 33.1765 1.32406
      vertex 137.635 33.2248 1.43408
    endloop
  endfacet
  facet normal 0.475224 0.879865 -8.37996e-05
    outer loop
      vertex 138.55 32.7358 47
      vertex 137.808 33.1322 1.20836
      vertex 137.726 33.1765 1.32406
    endloop
  endfacet
  facet normal 0.467659 0.883909 7.37861e-05
    outer loop
      vertex 138.55 32.7358 47
      vertex 137.884 33.092 1.0875
      vertex 137.808 33.1322 1.20836
    endloop
  endfacet
  facet normal 0.471281 0.881983 6.30838e-06
    outer loop
      vertex 138.55 32.7358 47
      vertex 137.951 33.0562 0.961977
      vertex 137.884 33.092 1.0875
    endloop
  endfacet
  facet normal 0.475963 0.879465 -7.21403e-05
    outer loop
      vertex 138.55 32.7358 47
      vertex 138.009 33.0248 0.832336
      vertex 137.951 33.0562 0.961977
    endloop
  endfacet
  facet normal 0.465353 0.885125 8.76146e-05
    outer loop
      vertex 138.55 32.7358 47
      vertex 138.06 32.998 0.69913
      vertex 138.009 33.0248 0.832336
    endloop
  endfacet
  facet normal 0.474393 0.880313 -3.53008e-05
    outer loop
      vertex 138.55 32.7358 47
      vertex 138.101 32.9759 0.562931
      vertex 138.06 32.998 0.69913
    endloop
  endfacet
  facet normal 0.475414 0.879762 -4.80163e-05
    outer loop
      vertex 138.55 32.7358 47
      vertex 138.133 32.9586 0.424321
      vertex 138.101 32.9759 0.562931
    endloop
  endfacet
  facet normal 0.474385 0.880317 -3.6154e-05
    outer loop
      vertex 138.55 32.7358 47
      vertex 138.156 32.9462 0.283894
      vertex 138.133 32.9586 0.424321
    endloop
  endfacet
  facet normal 0.467603 0.883939 3.73583e-05
    outer loop
      vertex 138.55 32.7358 47
      vertex 138.17 32.9388 0.142251
      vertex 138.156 32.9462 0.283894
    endloop
  endfacet
  facet normal 0.451785 0.892127 0.000201108
    outer loop
      vertex 138.55 32.7358 47
      vertex 138.175 32.9363 0
      vertex 138.17 32.9388 0.142251
    endloop
  endfacet
  facet normal 0.471503 0.881864 -0
    outer loop
      vertex 138.55 32.7358 -47
      vertex 138.175 32.9363 0
      vertex 138.55 32.7358 47
    endloop
  endfacet
  facet normal 0.451785 0.892127 -0.000201108
    outer loop
      vertex 138.55 32.7358 -47
      vertex 138.17 32.9388 -0.142251
      vertex 138.175 32.9363 0
    endloop
  endfacet
  facet normal 0.467603 0.883939 -3.73583e-05
    outer loop
      vertex 138.55 32.7358 -47
      vertex 138.156 32.9462 -0.283894
      vertex 138.17 32.9388 -0.142251
    endloop
  endfacet
  facet normal 0.474385 0.880317 3.6154e-05
    outer loop
      vertex 138.55 32.7358 -47
      vertex 138.133 32.9586 -0.424321
      vertex 138.156 32.9462 -0.283894
    endloop
  endfacet
  facet normal 0.475414 0.879762 4.80163e-05
    outer loop
      vertex 138.55 32.7358 -47
      vertex 138.101 32.9759 -0.562931
      vertex 138.133 32.9586 -0.424321
    endloop
  endfacet
  facet normal 0.474393 0.880313 3.53008e-05
    outer loop
      vertex 138.55 32.7358 -47
      vertex 138.06 32.998 -0.69913
      vertex 138.101 32.9759 -0.562931
    endloop
  endfacet
  facet normal 0.465353 0.885125 -8.76146e-05
    outer loop
      vertex 138.55 32.7358 -47
      vertex 138.009 33.0248 -0.832336
      vertex 138.06 32.998 -0.69913
    endloop
  endfacet
  facet normal 0.475963 0.879465 7.21403e-05
    outer loop
      vertex 138.55 32.7358 -47
      vertex 137.951 33.0562 -0.961977
      vertex 138.009 33.0248 -0.832336
    endloop
  endfacet
  facet normal 0.471281 0.881983 -6.30838e-06
    outer loop
      vertex 138.55 32.7358 -47
      vertex 137.884 33.092 -1.0875
      vertex 137.951 33.0562 -0.961977
    endloop
  endfacet
  facet normal 0.467659 0.883909 -7.37861e-05
    outer loop
      vertex 138.55 32.7358 -47
      vertex 137.808 33.1322 -1.20836
      vertex 137.884 33.092 -1.0875
    endloop
  endfacet
  facet normal 0.475224 0.879865 8.37996e-05
    outer loop
      vertex 138.55 32.7358 -47
      vertex 137.726 33.1765 -1.32406
      vertex 137.808 33.1322 -1.20836
    endloop
  endfacet
  facet normal 0.468884 0.88326 -6.33252e-05
    outer loop
      vertex 138.55 32.7358 -47
      vertex 137.635 33.2248 -1.43408
      vertex 137.726 33.1765 -1.32406
    endloop
  endfacet
  facet normal 0.473956 0.880549 6.76223e-05
    outer loop
      vertex 138.55 32.7358 -47
      vertex 137.575 33.2571 -1.49875
      vertex 137.635 33.2248 -1.43408
    endloop
  endfacet
  facet normal 0.471503 0.881864 0
    outer loop
      vertex 137.575 33.2571 -1.49875
      vertex 138.55 32.7358 -47
      vertex 137.575 33.2571 -47
    endloop
  endfacet
  facet normal 0.528128 0.849165 -0
    outer loop
      vertex 139.489 32.1518 -47
      vertex 138.55 32.7358 47
      vertex 139.489 32.1518 47
    endloop
  endfacet
  facet normal 0.528128 0.849165 0
    outer loop
      vertex 138.55 32.7358 47
      vertex 139.489 32.1518 -47
      vertex 138.55 32.7358 -47
    endloop
  endfacet
  facet normal 0.882037 0.47118 -0
    outer loop
      vertex 145.257 25.5747 -47
      vertex 144.736 26.55 -36.9615
      vertex 145.257 25.5747 -36.8399
    endloop
  endfacet
  facet normal 0.882037 0.47118 0
    outer loop
      vertex 144.736 26.55 -36.9615
      vertex 145.257 25.5747 -47
      vertex 144.736 26.55 -47
    endloop
  endfacet
  facet normal 0.882037 0.47118 0
    outer loop
      vertex 145.257 25.5747 47
      vertex 144.736 26.55 36.9615
      vertex 144.736 26.55 47
    endloop
  endfacet
  facet normal 0.882037 0.47118 0
    outer loop
      vertex 144.736 26.55 36.9615
      vertex 145.257 25.5747 47
      vertex 145.257 25.5747 36.8399
    endloop
  endfacet
  facet normal -0.0327426 0.999464 0
    outer loop
      vertex 129.9 35 -47
      vertex 128.795 34.9638 47
      vertex 129.9 35 47
    endloop
  endfacet
  facet normal -0.0327426 0.999464 0
    outer loop
      vertex 128.795 34.9638 47
      vertex 129.9 35 -47
      vertex 128.795 34.9638 -47
    endloop
  endfacet
  facet normal 0 1 -0
    outer loop
      vertex 130.1 35 -47
      vertex 129.9 35 47
      vertex 130.1 35 47
    endloop
  endfacet
  facet normal 0 1 0
    outer loop
      vertex 129.9 35 47
      vertex 130.1 35 -47
      vertex 129.9 35 -47
    endloop
  endfacet
  facet normal -0.471503 0.881864 0
    outer loop
      vertex 122.425 33.2571 -47
      vertex 121.45 32.7358 47
      vertex 122.425 33.2571 47
    endloop
  endfacet
  facet normal -0.471503 0.881864 0
    outer loop
      vertex 121.45 32.7358 47
      vertex 122.425 33.2571 -47
      vertex 121.45 32.7358 -47
    endloop
  endfacet
  facet normal 0.471503 -0.881864 0
    outer loop
      vertex 138.55 -32.7358 -47
      vertex 137.575 -33.2571 -23.9481
      vertex 137.575 -33.2571 -47
    endloop
  endfacet
  facet normal 0.471503 -0.881864 0
    outer loop
      vertex 137.575 -33.2571 -23.9481
      vertex 138.55 -32.7358 -47
      vertex 138.55 -32.7358 -23.8521
    endloop
  endfacet
  facet normal 0.471503 -0.881864 0
    outer loop
      vertex 137.575 -33.2571 23.9481
      vertex 138.55 -32.7358 47
      vertex 137.575 -33.2571 47
    endloop
  endfacet
  facet normal 0.471503 -0.881864 0
    outer loop
      vertex 138.55 -32.7358 47
      vertex 137.575 -33.2571 23.9481
      vertex 138.55 -32.7358 23.8521
    endloop
  endfacet
  facet normal 0.352 -0.936 0
    outer loop
      vertex 135.532 -34.1031 -23.9847
      vertex 135.532 -34.1031 -47
      vertex 136 -33.9271 -24
    endloop
  endfacet
  facet normal 0.352213 -0.93592 -4.95383e-06
    outer loop
      vertex 136.567 -33.7136 -47
      vertex 136 -33.9271 -24
      vertex 135.532 -34.1031 -47
    endloop
  endfacet
  facet normal 0.352389 -0.935854 0
    outer loop
      vertex 136 -33.9271 -24
      vertex 136.567 -33.7136 -47
      vertex 136.567 -33.7136 -23.9814
    endloop
  endfacet
  facet normal 0.352213 -0.93592 4.95383e-06
    outer loop
      vertex 135.532 -34.1031 47
      vertex 136 -33.9271 24
      vertex 136.567 -33.7136 47
    endloop
  endfacet
  facet normal 0.352 -0.936 0
    outer loop
      vertex 136 -33.9271 24
      vertex 135.532 -34.1031 47
      vertex 135.532 -34.1031 23.9847
    endloop
  endfacet
  facet normal 0.352389 -0.935854 0
    outer loop
      vertex 136.567 -33.7136 47
      vertex 136 -33.9271 24
      vertex 136.567 -33.7136 23.9814
    endloop
  endfacet
  facet normal 0.63435 -0.773046 0
    outer loop
      vertex 141.243 -30.8061 -47
      vertex 140.388 -31.5077 -23.5874
      vertex 140.388 -31.5077 -47
    endloop
  endfacet
  facet normal 0.634581 -0.772856 1.41293e-05
    outer loop
      vertex 140.388 -31.5077 -23.5874
      vertex 141.243 -30.8061 -47
      vertex 140.682 -31.2663 -23.5388
    endloop
  endfacet
  facet normal 0.634228 -0.773146 0
    outer loop
      vertex 140.682 -31.2663 -23.5388
      vertex 141.243 -30.8061 -47
      vertex 141.243 -30.8061 -23.4081
    endloop
  endfacet
  facet normal 0.63435 -0.773046 0
    outer loop
      vertex 140.388 -31.5077 23.5874
      vertex 141.243 -30.8061 47
      vertex 140.388 -31.5077 47
    endloop
  endfacet
  facet normal 0.634581 -0.772856 -1.41293e-05
    outer loop
      vertex 140.682 -31.2663 23.5388
      vertex 141.243 -30.8061 47
      vertex 140.388 -31.5077 23.5874
    endloop
  endfacet
  facet normal 0.634228 -0.773146 0
    outer loop
      vertex 141.243 -30.8061 47
      vertex 140.682 -31.2663 23.5388
      vertex 141.243 -30.8061 23.4081
    endloop
  endfacet
  facet normal 0.730129 -0.683309 0
    outer loop
      vertex 142.806 -29.2429 47
      vertex 142.212 -29.8776 23.1822
      vertex 142.806 -29.2429 23.0019
    endloop
  endfacet
  facet normal 0.729875 -0.68358 0
    outer loop
      vertex 142.05 -30.0501 23.2199
      vertex 142.806 -29.2429 47
      vertex 142.05 -30.0501 47
    endloop
  endfacet
  facet normal 0.728951 -0.684566 6.28671e-05
    outer loop
      vertex 142.806 -29.2429 47
      vertex 142.05 -30.0501 23.2199
      vertex 142.212 -29.8776 23.1822
    endloop
  endfacet
  facet normal 0.730129 -0.683309 0
    outer loop
      vertex 142.212 -29.8776 -23.1822
      vertex 142.806 -29.2429 -47
      vertex 142.806 -29.2429 -23.0019
    endloop
  endfacet
  facet normal 0.728951 -0.684566 -6.28671e-05
    outer loop
      vertex 142.05 -30.0501 -23.2199
      vertex 142.806 -29.2429 -47
      vertex 142.212 -29.8776 -23.1822
    endloop
  endfacet
  facet normal 0.729875 -0.68358 0
    outer loop
      vertex 142.806 -29.2429 -47
      vertex 142.05 -30.0501 -23.2199
      vertex 142.05 -30.0501 -47
    endloop
  endfacet
  facet normal 0.882037 -0.47118 0
    outer loop
      vertex 144.736 -26.55 36.9615
      vertex 145.257 -25.5747 47
      vertex 144.736 -26.55 47
    endloop
  endfacet
  facet normal 0.882037 -0.47118 0
    outer loop
      vertex 145.257 -25.5747 47
      vertex 144.736 -26.55 36.9615
      vertex 145.257 -25.5747 36.8399
    endloop
  endfacet
  facet normal 0.882037 -0.47118 0
    outer loop
      vertex 144.736 -26.55 -36.9615
      vertex 145.257 -25.5747 -47
      vertex 145.257 -25.5747 -36.8399
    endloop
  endfacet
  facet normal 0.882037 -0.47118 0
    outer loop
      vertex 145.257 -25.5747 -47
      vertex 144.736 -26.55 -36.9615
      vertex 144.736 -26.55 -47
    endloop
  endfacet
  facet normal 0.84919 -0.528087 0
    outer loop
      vertex 144.152 -27.4891 37.0977
      vertex 144.736 -26.55 47
      vertex 144.152 -27.4891 47
    endloop
  endfacet
  facet normal 0.84919 -0.528087 0
    outer loop
      vertex 144.736 -26.55 47
      vertex 144.152 -27.4891 37.0977
      vertex 144.736 -26.55 36.9615
    endloop
  endfacet
  facet normal 0.84919 -0.528087 0
    outer loop
      vertex 144.152 -27.4891 -37.0977
      vertex 144.736 -26.55 -47
      vertex 144.736 -26.55 -36.9615
    endloop
  endfacet
  facet normal 0.84919 -0.528087 0
    outer loop
      vertex 144.736 -26.55 -47
      vertex 144.152 -27.4891 -37.0977
      vertex 144.152 -27.4891 -47
    endloop
  endfacet
  facet normal -0.290334 -0.956925 0
    outer loop
      vertex 124.468 -34.1031 47
      vertex 125.526 -34.4241 21.5888
      vertex 125.526 -34.4241 47
    endloop
  endfacet
  facet normal -0.289847 -0.957073 2.21271e-05
    outer loop
      vertex 124.468 -34.1031 47
      vertex 125.385 -34.3814 21.5249
      vertex 125.526 -34.4241 21.5888
    endloop
  endfacet
  facet normal -0.29041 -0.956902 0
    outer loop
      vertex 125.385 -34.3814 21.5249
      vertex 124.468 -34.1031 47
      vertex 124.468 -34.1031 21.0346
    endloop
  endfacet
  facet normal -0.29041 -0.956902 0
    outer loop
      vertex 124.468 -34.1031 -47
      vertex 125.385 -34.3814 -21.5249
      vertex 124.468 -34.1031 -21.0346
    endloop
  endfacet
  facet normal -0.289847 -0.957073 -2.21271e-05
    outer loop
      vertex 124.468 -34.1031 -47
      vertex 125.526 -34.4241 -21.5888
      vertex 125.385 -34.3814 -21.5249
    endloop
  endfacet
  facet normal -0.290334 -0.956925 -0
    outer loop
      vertex 125.526 -34.4241 -21.5888
      vertex 124.468 -34.1031 -47
      vertex 125.526 -34.4241 -47
    endloop
  endfacet
  facet normal -0.0979822 -0.995188 0
    outer loop
      vertex 127.694 -34.8554 47
      vertex 128.795 -34.9638 22.8808
      vertex 128.795 -34.9638 47
    endloop
  endfacet
  facet normal -0.0977677 -0.995209 9.88754e-06
    outer loop
      vertex 127.694 -34.8554 47
      vertex 128.285 -34.9137 22.7263
      vertex 128.795 -34.9638 22.8808
    endloop
  endfacet
  facet normal -0.0981699 -0.99517 0
    outer loop
      vertex 128.285 -34.9137 22.7263
      vertex 127.694 -34.8554 47
      vertex 127.694 -34.8554 22.5038
    endloop
  endfacet
  facet normal -0.0981699 -0.99517 0
    outer loop
      vertex 127.694 -34.8554 -47
      vertex 128.285 -34.9137 -22.7263
      vertex 127.694 -34.8554 -22.5038
    endloop
  endfacet
  facet normal -0.0977677 -0.995209 -9.88754e-06
    outer loop
      vertex 127.694 -34.8554 -47
      vertex 128.795 -34.9638 -22.8808
      vertex 128.285 -34.9137 -22.7263
    endloop
  endfacet
  facet normal -0.0979822 -0.995188 -0
    outer loop
      vertex 128.795 -34.9638 -22.8808
      vertex 127.694 -34.8554 -47
      vertex 128.795 -34.9638 -47
    endloop
  endfacet
  facet normal 0.0977596 -0.99521 0
    outer loop
      vertex 131.205 -34.9638 -47
      vertex 131.318 -34.9527 -23.5388
      vertex 131.205 -34.9638 -23.5126
    endloop
  endfacet
  facet normal 0.0980075 -0.995186 -1.20547e-06
    outer loop
      vertex 131.205 -34.9638 -47
      vertex 132.306 -34.8554 -23.702
      vertex 131.318 -34.9527 -23.5388
    endloop
  endfacet
  facet normal 0.0979822 -0.995188 0
    outer loop
      vertex 132.306 -34.8554 -23.702
      vertex 131.205 -34.9638 -47
      vertex 132.306 -34.8554 -47
    endloop
  endfacet
  facet normal 0.0979822 -0.995188 0
    outer loop
      vertex 131.205 -34.9638 47
      vertex 132.306 -34.8554 23.702
      vertex 132.306 -34.8554 47
    endloop
  endfacet
  facet normal 0.0980075 -0.995186 1.20547e-06
    outer loop
      vertex 131.205 -34.9638 47
      vertex 131.318 -34.9527 23.5388
      vertex 132.306 -34.8554 23.702
    endloop
  endfacet
  facet normal 0.0977596 -0.99521 0
    outer loop
      vertex 131.318 -34.9527 23.5388
      vertex 131.205 -34.9638 47
      vertex 131.205 -34.9638 23.5126
    endloop
  endfacet
  facet normal 0.0327426 -0.999464 0
    outer loop
      vertex 130.1 -35 47
      vertex 131.205 -34.9638 23.5126
      vertex 131.205 -34.9638 47
    endloop
  endfacet
  facet normal 0.0327426 -0.999464 0
    outer loop
      vertex 131.205 -34.9638 23.5126
      vertex 130.1 -35 47
      vertex 130.1 -35 23.2549
    endloop
  endfacet
  facet normal 0.0327426 -0.999464 0
    outer loop
      vertex 130.1 -35 -47
      vertex 131.205 -34.9638 -23.5126
      vertex 130.1 -35 -23.2549
    endloop
  endfacet
  facet normal 0.0327426 -0.999464 0
    outer loop
      vertex 131.205 -34.9638 -23.5126
      vertex 130.1 -35 -47
      vertex 131.205 -34.9638 -47
    endloop
  endfacet
  facet normal -0.582409 -0.812896 0
    outer loop
      vertex 119.612 -31.5077 47
      vertex 120.511 -32.1518 18.3192
      vertex 120.511 -32.1518 47
    endloop
  endfacet
  facet normal -0.582542 -0.8128 -6.30097e-06
    outer loop
      vertex 119.612 -31.5077 47
      vertex 120.176 -31.9117 18.0442
      vertex 120.511 -32.1518 18.3192
    endloop
  endfacet
  facet normal -0.582328 -0.812954 0
    outer loop
      vertex 120.176 -31.9117 18.0442
      vertex 119.612 -31.5077 47
      vertex 119.612 -31.5077 17.5161
    endloop
  endfacet
  facet normal -0.582328 -0.812954 0
    outer loop
      vertex 119.612 -31.5077 -47
      vertex 120.176 -31.9117 -18.0442
      vertex 119.612 -31.5077 -17.5161
    endloop
  endfacet
  facet normal -0.582542 -0.8128 6.30097e-06
    outer loop
      vertex 119.612 -31.5077 -47
      vertex 120.511 -32.1518 -18.3192
      vertex 120.176 -31.9117 -18.0442
    endloop
  endfacet
  facet normal -0.582409 -0.812896 -0
    outer loop
      vertex 120.511 -32.1518 -18.3192
      vertex 119.612 -31.5077 -47
      vertex 120.511 -32.1518 -47
    endloop
  endfacet
  facet normal -0.68367 -0.729791 0
    outer loop
      vertex 117.95 -30.0501 47
      vertex 118.757 -30.8061 16.6797
      vertex 118.757 -30.8061 47
    endloop
  endfacet
  facet normal -0.68368 -0.729782 -4.90868e-07
    outer loop
      vertex 117.95 -30.0501 47
      vertex 117.956 -30.0557 15.8243
      vertex 118.757 -30.8061 16.6797
    endloop
  endfacet
  facet normal -0.682318 -0.731055 0
    outer loop
      vertex 117.956 -30.0557 15.8243
      vertex 117.95 -30.0501 47
      vertex 117.95 -30.0501 15.817
    endloop
  endfacet
  facet normal -0.682318 -0.731055 0
    outer loop
      vertex 117.95 -30.0501 -47
      vertex 117.956 -30.0557 -15.8243
      vertex 117.95 -30.0501 -15.817
    endloop
  endfacet
  facet normal -0.68368 -0.729782 4.90868e-07
    outer loop
      vertex 117.95 -30.0501 -47
      vertex 118.757 -30.8061 -16.6797
      vertex 117.956 -30.0557 -15.8243
    endloop
  endfacet
  facet normal -0.68367 -0.729791 -0
    outer loop
      vertex 118.757 -30.8061 -16.6797
      vertex 117.95 -30.0501 -47
      vertex 118.757 -30.8061 -47
    endloop
  endfacet
  facet normal -0.729875 -0.68358 0
    outer loop
      vertex 117.95 -30.0501 15.817
      vertex 117.194 -29.2429 47
      vertex 117.194 -29.2429 14.8959
    endloop
  endfacet
  facet normal -0.729875 -0.68358 0
    outer loop
      vertex 117.194 -29.2429 47
      vertex 117.95 -30.0501 15.817
      vertex 117.95 -30.0501 47
    endloop
  endfacet
  facet normal -0.729875 -0.68358 -0
    outer loop
      vertex 117.95 -30.0501 -15.817
      vertex 117.194 -29.2429 -47
      vertex 117.95 -30.0501 -47
    endloop
  endfacet
  facet normal -0.729875 -0.68358 0
    outer loop
      vertex 117.194 -29.2429 -47
      vertex 117.95 -30.0501 -15.817
      vertex 117.194 -29.2429 -14.8959
    endloop
  endfacet
  facet normal -0.812938 -0.58235 0
    outer loop
      vertex 116.492 -28.3881 32.5933
      vertex 115.848 -27.4891 47
      vertex 115.848 -27.4891 32.1927
    endloop
  endfacet
  facet normal -0.812938 -0.58235 0
    outer loop
      vertex 115.848 -27.4891 47
      vertex 116.492 -28.3881 32.5933
      vertex 116.492 -28.3881 47
    endloop
  endfacet
  facet normal -0.812938 -0.58235 -0
    outer loop
      vertex 116.492 -28.3881 -32.5933
      vertex 115.848 -27.4891 -47
      vertex 116.492 -28.3881 -47
    endloop
  endfacet
  facet normal -0.812938 -0.58235 0
    outer loop
      vertex 115.848 -27.4891 -47
      vertex 116.492 -28.3881 -32.5933
      vertex 115.848 -27.4891 -32.1927
    endloop
  endfacet
  facet normal 0.528128 -0.849165 0
    outer loop
      vertex 139.489 -32.1518 -47
      vertex 138.55 -32.7358 -23.8521
      vertex 138.55 -32.7358 -47
    endloop
  endfacet
  facet normal 0.527825 -0.849353 -1.70697e-05
    outer loop
      vertex 138.55 -32.7358 -23.8521
      vertex 139.489 -32.1518 -47
      vertex 139.133 -32.3735 -23.7947
    endloop
  endfacet
  facet normal 0.528627 -0.848855 0
    outer loop
      vertex 139.133 -32.3735 -23.7947
      vertex 139.489 -32.1518 -47
      vertex 139.489 -32.1518 -23.7358
    endloop
  endfacet
  facet normal 0.528128 -0.849165 0
    outer loop
      vertex 138.55 -32.7358 23.8521
      vertex 139.489 -32.1518 47
      vertex 138.55 -32.7358 47
    endloop
  endfacet
  facet normal 0.527825 -0.849353 1.70697e-05
    outer loop
      vertex 139.133 -32.3735 23.7947
      vertex 139.489 -32.1518 47
      vertex 138.55 -32.7358 23.8521
    endloop
  endfacet
  facet normal 0.528627 -0.848855 0
    outer loop
      vertex 139.489 -32.1518 47
      vertex 139.133 -32.3735 23.7947
      vertex 139.489 -32.1518 23.7358
    endloop
  endfacet
  facet normal -0.412543 -0.910938 0
    outer loop
      vertex 122.425 -33.2571 47
      vertex 123.433 -33.7136 20.4318
      vertex 123.433 -33.7136 47
    endloop
  endfacet
  facet normal -0.412488 -0.910963 2.4938e-06
    outer loop
      vertex 122.425 -33.2571 47
      vertex 122.666 -33.3663 19.9553
      vertex 123.433 -33.7136 20.4318
    endloop
  endfacet
  facet normal -0.412721 -0.910858 0
    outer loop
      vertex 122.666 -33.3663 19.9553
      vertex 122.425 -33.2571 47
      vertex 122.425 -33.2571 19.7826
    endloop
  endfacet
  facet normal -0.412721 -0.910858 0
    outer loop
      vertex 122.425 -33.2571 -47
      vertex 122.666 -33.3663 -19.9553
      vertex 122.425 -33.2571 -19.7826
    endloop
  endfacet
  facet normal -0.412488 -0.910963 -2.4938e-06
    outer loop
      vertex 122.425 -33.2571 -47
      vertex 123.433 -33.7136 -20.4318
      vertex 122.666 -33.3663 -19.9553
    endloop
  endfacet
  facet normal -0.412543 -0.910938 -0
    outer loop
      vertex 123.433 -33.7136 -20.4318
      vertex 122.425 -33.2571 -47
      vertex 123.433 -33.7136 -47
    endloop
  endfacet
  facet normal -0.227144 -0.973861 0
    outer loop
      vertex 125.526 -34.4241 -47
      vertex 126.603 -34.6753 -22.0768
      vertex 125.526 -34.4241 -21.5888
    endloop
  endfacet
  facet normal -0.227144 -0.973861 -0
    outer loop
      vertex 126.603 -34.6753 -22.0768
      vertex 125.526 -34.4241 -47
      vertex 126.603 -34.6753 -47
    endloop
  endfacet
  facet normal -0.227144 -0.973861 0
    outer loop
      vertex 125.526 -34.4241 47
      vertex 126.603 -34.6753 22.0768
      vertex 126.603 -34.6753 47
    endloop
  endfacet
  facet normal -0.227144 -0.973861 0
    outer loop
      vertex 126.603 -34.6753 22.0768
      vertex 125.526 -34.4241 47
      vertex 125.526 -34.4241 21.5888
    endloop
  endfacet
  facet normal -0.162874 -0.986647 0
    outer loop
      vertex 126.603 -34.6753 47
      vertex 127.694 -34.8554 22.5038
      vertex 127.694 -34.8554 47
    endloop
  endfacet
  facet normal -0.16294 -0.986636 -3.03185e-06
    outer loop
      vertex 126.603 -34.6753 47
      vertex 126.816 -34.7104 22.1731
      vertex 127.694 -34.8554 22.5038
    endloop
  endfacet
  facet normal -0.162596 -0.986693 0
    outer loop
      vertex 126.816 -34.7104 22.1731
      vertex 126.603 -34.6753 47
      vertex 126.603 -34.6753 22.0768
    endloop
  endfacet
  facet normal -0.162596 -0.986693 0
    outer loop
      vertex 126.603 -34.6753 -47
      vertex 126.816 -34.7104 -22.1731
      vertex 126.603 -34.6753 -22.0768
    endloop
  endfacet
  facet normal -0.16294 -0.986636 3.03185e-06
    outer loop
      vertex 126.603 -34.6753 -47
      vertex 127.694 -34.8554 -22.5038
      vertex 126.816 -34.7104 -22.1731
    endloop
  endfacet
  facet normal -0.162874 -0.986647 -0
    outer loop
      vertex 127.694 -34.8554 -22.5038
      vertex 126.603 -34.6753 -47
      vertex 127.694 -34.8554 -47
    endloop
  endfacet
  facet normal 0.16303 -0.986621 0
    outer loop
      vertex 132.306 -34.8554 -47
      vertex 132.867 -34.7627 -23.7947
      vertex 132.306 -34.8554 -23.702
    endloop
  endfacet
  facet normal 0.162709 -0.986674 7.97148e-06
    outer loop
      vertex 132.306 -34.8554 -47
      vertex 133.397 -34.6753 -23.8468
      vertex 132.867 -34.7627 -23.7947
    endloop
  endfacet
  facet normal 0.162874 -0.986647 0
    outer loop
      vertex 133.397 -34.6753 -23.8468
      vertex 132.306 -34.8554 -47
      vertex 133.397 -34.6753 -47
    endloop
  endfacet
  facet normal 0.162874 -0.986647 0
    outer loop
      vertex 132.306 -34.8554 47
      vertex 133.397 -34.6753 23.8468
      vertex 133.397 -34.6753 47
    endloop
  endfacet
  facet normal 0.162709 -0.986674 -7.97148e-06
    outer loop
      vertex 132.306 -34.8554 47
      vertex 132.867 -34.7627 23.7947
      vertex 133.397 -34.6753 23.8468
    endloop
  endfacet
  facet normal 0.16303 -0.986621 0
    outer loop
      vertex 132.867 -34.7627 23.7947
      vertex 132.306 -34.8554 47
      vertex 132.306 -34.8554 23.702
    endloop
  endfacet
  facet normal -0.0327426 -0.999464 0
    outer loop
      vertex 128.795 -34.9638 47
      vertex 129.9 -35 23.2083
      vertex 129.9 -35 47
    endloop
  endfacet
  facet normal -0.0330148 -0.999455 -1.26532e-05
    outer loop
      vertex 128.795 -34.9638 47
      vertex 129.788 -34.9963 23.1822
      vertex 129.9 -35 23.2083
    endloop
  endfacet
  facet normal -0.0327116 -0.999465 0
    outer loop
      vertex 129.788 -34.9963 23.1822
      vertex 128.795 -34.9638 47
      vertex 128.795 -34.9638 22.8808
    endloop
  endfacet
  facet normal -0.0327116 -0.999465 0
    outer loop
      vertex 128.795 -34.9638 -47
      vertex 129.788 -34.9963 -23.1822
      vertex 128.795 -34.9638 -22.8808
    endloop
  endfacet
  facet normal -0.0330148 -0.999455 1.26532e-05
    outer loop
      vertex 128.795 -34.9638 -47
      vertex 129.9 -35 -23.2083
      vertex 129.788 -34.9963 -23.1822
    endloop
  endfacet
  facet normal -0.0327426 -0.999464 -0
    outer loop
      vertex 129.9 -35 -23.2083
      vertex 128.795 -34.9638 -47
      vertex 129.9 -35 -47
    endloop
  endfacet
  facet normal -0.882586 -0.470151 0
    outer loop
      vertex 114.888 -25.8469 31.5958
      vertex 114.743 -25.5747 47
      vertex 114.743 -25.5747 31.4916
    endloop
  endfacet
  facet normal -0.881829 -0.471569 3.21914e-05
    outer loop
      vertex 115.264 -26.55 31.8296
      vertex 114.743 -25.5747 47
      vertex 114.888 -25.8469 31.5958
    endloop
  endfacet
  facet normal -0.882037 -0.47118 0
    outer loop
      vertex 114.743 -25.5747 47
      vertex 115.264 -26.55 31.8296
      vertex 115.264 -26.55 47
    endloop
  endfacet
  facet normal -0.882586 -0.470151 0
    outer loop
      vertex 114.743 -25.5747 -47
      vertex 114.888 -25.8469 -31.5958
      vertex 114.743 -25.5747 -31.4916
    endloop
  endfacet
  facet normal -0.882037 -0.47118 -0
    outer loop
      vertex 115.264 -26.55 -31.8296
      vertex 114.743 -25.5747 -47
      vertex 115.264 -26.55 -47
    endloop
  endfacet
  facet normal -0.881829 -0.471569 -3.21914e-05
    outer loop
      vertex 114.743 -25.5747 -47
      vertex 115.264 -26.55 -31.8296
      vertex 114.888 -25.8469 -31.5958
    endloop
  endfacet
  facet normal -0.956948 -0.290258 0
    outer loop
      vertex 113.897 -23.5323 30.8854
      vertex 113.576 -22.474 47
      vertex 113.576 -22.474 30.6553
    endloop
  endfacet
  facet normal -0.956948 -0.290258 0
    outer loop
      vertex 113.576 -22.474 47
      vertex 113.897 -23.5323 30.8854
      vertex 113.897 -23.5323 47
    endloop
  endfacet
  facet normal -0.956948 -0.290258 -0
    outer loop
      vertex 113.897 -23.5323 -30.8854
      vertex 113.576 -22.474 -47
      vertex 113.897 -23.5323 -47
    endloop
  endfacet
  facet normal -0.956948 -0.290258 0
    outer loop
      vertex 113.576 -22.474 -47
      vertex 113.897 -23.5323 -30.8854
      vertex 113.576 -22.474 -30.6553
    endloop
  endfacet
  facet normal 0.999469 -0 0.0325741
    outer loop
      vertex 173.919 -29 2.48532
      vertex 174 29 0
      vertex 173.919 29 2.48532
    endloop
  endfacet
  facet normal 0.999469 0 0.0325741
    outer loop
      vertex 174 29 0
      vertex 173.919 -29 2.48532
      vertex 174 -29 0
    endloop
  endfacet
  facet normal 0.995174 -0 0.0981228
    outer loop
      vertex 173.675 -29 4.96
      vertex 173.919 29 2.48532
      vertex 173.675 29 4.96
    endloop
  endfacet
  facet normal 0.995174 0 0.0981228
    outer loop
      vertex 173.919 29 2.48532
      vertex 173.675 -29 4.96
      vertex 173.919 -29 2.48532
    endloop
  endfacet
  facet normal 0.683564 0 0.729891
    outer loop
      vertex 161.055 29 28.5699
      vertex 162.87 -29 26.8701
      vertex 162.87 29 26.8701
    endloop
  endfacet
  facet normal 0.683564 0 0.729891
    outer loop
      vertex 162.87 -29 26.8701
      vertex 161.055 29 28.5699
      vertex 161.055 -29 28.5699
    endloop
  endfacet
  facet normal -0.729851 0 0.683607
    outer loop
      vertex 107.43 -29 25.0551
      vertex 109.13 29 26.8701
      vertex 107.43 29 25.0551
    endloop
  endfacet
  facet normal -0.729851 0 0.683607
    outer loop
      vertex 109.13 29 26.8701
      vertex 107.43 -29 25.0551
      vertex 109.13 -29 26.8701
    endloop
  endfacet
  facet normal 0.910903 -0 0.412621
    outer loop
      vertex 170.081 -29 16.807
      vertex 171.107 29 14.542
      vertex 170.081 29 16.807
    endloop
  endfacet
  facet normal 0.910903 0 0.412621
    outer loop
      vertex 171.107 29 14.542
      vertex 170.081 -29 16.807
      vertex 171.107 -29 14.542
    endloop
  endfacet
  facet normal 0.528031 0 0.849225
    outer loop
      vertex 155 29 32.909
      vertex 157.112 -29 31.5958
      vertex 157.112 29 31.5958
    endloop
  endfacet
  facet normal 0.528031 0 0.849225
    outer loop
      vertex 157.112 -29 31.5958
      vertex 155 29 32.909
      vertex 155 -29 32.909
    endloop
  endfacet
  facet normal -0.935897 0 0.352273
    outer loop
      vertex 100.017 -29 12.2147
      vertex 100.893 29 14.542
      vertex 100.017 29 12.2147
    endloop
  endfacet
  facet normal -0.935897 0 0.352273
    outer loop
      vertex 100.893 29 14.542
      vertex 100.017 -29 12.2147
      vertex 100.893 -29 14.542
    endloop
  endfacet
  facet normal -0.773111 0 0.634271
    outer loop
      vertex 105.853 -29 23.1329
      vertex 107.43 29 25.0551
      vertex 105.853 29 23.1329
    endloop
  endfacet
  facet normal -0.773111 0 0.634271
    outer loop
      vertex 107.43 29 25.0551
      vertex 105.853 -29 23.1329
      vertex 107.43 -29 25.0551
    endloop
  endfacet
  facet normal 0.973847 -0 0.227206
    outer loop
      vertex 172.705 -29 9.83512
      vertex 173.27 29 7.41343
      vertex 172.705 29 9.83512
    endloop
  endfacet
  facet normal 0.973847 0 0.227206
    outer loop
      vertex 173.27 29 7.41343
      vertex 172.705 -29 9.83512
      vertex 173.27 -29 7.41343
    endloop
  endfacet
  facet normal 0.881952 -0 0.47134
    outer loop
      vertex 168.909 -29 19
      vertex 170.081 29 16.807
      vertex 168.909 29 19
    endloop
  endfacet
  facet normal 0.881952 0 0.47134
    outer loop
      vertex 170.081 29 16.807
      vertex 168.909 -29 19
      vertex 170.081 -29 16.807
    endloop
  endfacet
  facet normal 0.162987 0 0.986628
    outer loop
      vertex 143.413 29 37.2698
      vertex 143.005 29 37.3372
      vertex 143.413 28.5029 37.2698
    endloop
  endfacet
  facet normal 0.162987 0 0.986628
    outer loop
      vertex 143.413 -28.5029 37.2698
      vertex 143.005 -29 37.3372
      vertex 143.413 -29 37.2698
    endloop
  endfacet
  facet normal 0.290237 0 0.956955
    outer loop
      vertex 148.215 29 35.9833
      vertex 147 18.1 36.3518
      vertex 148.215 -29 35.9833
    endloop
  endfacet
  facet normal 0.290685 -5.45859e-05 0.956819
    outer loop
      vertex 148.215 29 35.9833
      vertex 146.964 19.2053 36.3628
      vertex 147 18.1 36.3518
    endloop
  endfacet
  facet normal 0.289711 8.12841e-05 0.957114
    outer loop
      vertex 148.215 29 35.9833
      vertex 146.855 20.3059 36.3957
      vertex 146.964 19.2053 36.3628
    endloop
  endfacet
  facet normal 0.290231 -7.53303e-06 0.956957
    outer loop
      vertex 148.215 29 35.9833
      vertex 146.675 21.397 36.4503
      vertex 146.855 20.3059 36.3957
    endloop
  endfacet
  facet normal 0.290356 -3.5144e-05 0.956919
    outer loop
      vertex 148.215 29 35.9833
      vertex 146.424 22.474 36.5265
      vertex 146.675 21.397 36.4503
    endloop
  endfacet
  facet normal 0.2903 -1.82741e-05 0.956936
    outer loop
      vertex 148.215 29 35.9833
      vertex 146.103 23.5323 36.6239
      vertex 146.424 22.474 36.5265
    endloop
  endfacet
  facet normal 0.290261 -0 0.956948
    outer loop
      vertex 145.835 24.2444 36.7052
      vertex 148.215 29 35.9833
      vertex 145.835 29 36.7052
    endloop
  endfacet
  facet normal 0.290275 -7.99252e-06 0.956943
    outer loop
      vertex 148.215 29 35.9833
      vertex 145.835 24.2444 36.7052
      vertex 146.103 23.5323 36.6239
    endloop
  endfacet
  facet normal 0.290237 -0 0.956955
    outer loop
      vertex 147 -18.1 36.3518
      vertex 148.215 -29 35.9833
      vertex 147 18.1 36.3518
    endloop
  endfacet
  facet normal 0.290685 5.45859e-05 0.956819
    outer loop
      vertex 146.964 -19.2053 36.3628
      vertex 148.215 -29 35.9833
      vertex 147 -18.1 36.3518
    endloop
  endfacet
  facet normal 0.289711 -8.12841e-05 0.957114
    outer loop
      vertex 146.855 -20.3059 36.3957
      vertex 148.215 -29 35.9833
      vertex 146.964 -19.2053 36.3628
    endloop
  endfacet
  facet normal 0.290231 7.53303e-06 0.956957
    outer loop
      vertex 146.675 -21.397 36.4503
      vertex 148.215 -29 35.9833
      vertex 146.855 -20.3059 36.3957
    endloop
  endfacet
  facet normal 0.290356 3.5144e-05 0.956919
    outer loop
      vertex 146.424 -22.474 36.5265
      vertex 148.215 -29 35.9833
      vertex 146.675 -21.397 36.4503
    endloop
  endfacet
  facet normal 0.2903 1.82741e-05 0.956936
    outer loop
      vertex 146.103 -23.5323 36.6239
      vertex 148.215 -29 35.9833
      vertex 146.424 -22.474 36.5265
    endloop
  endfacet
  facet normal 0.290275 7.99252e-06 0.956943
    outer loop
      vertex 145.835 -24.2444 36.7052
      vertex 148.215 -29 35.9833
      vertex 146.103 -23.5323 36.6239
    endloop
  endfacet
  facet normal 0.290261 0 0.956948
    outer loop
      vertex 148.215 -29 35.9833
      vertex 145.835 -24.2444 36.7052
      vertex 145.835 -29 36.7052
    endloop
  endfacet
  facet normal 0.582523 0 0.812814
    outer loop
      vertex 157.112 29 31.5958
      vertex 159.133 -29 30.1474
      vertex 159.133 29 30.1474
    endloop
  endfacet
  facet normal 0.582523 0 0.812814
    outer loop
      vertex 159.133 -29 30.1474
      vertex 157.112 29 31.5958
      vertex 157.112 -29 31.5958
    endloop
  endfacet
  facet normal -0.986641 0 0.16291
    outer loop
      vertex 98.3251 -29 4.96
      vertex 98.7302 29 7.41343
      vertex 98.3251 29 4.96
    endloop
  endfacet
  facet normal -0.986641 0 0.16291
    outer loop
      vertex 98.7302 29 7.41343
      vertex 98.3251 -29 4.96
      vertex 98.7302 -29 7.41343
    endloop
  endfacet
  facet normal -0.849227 0 0.528027
    outer loop
      vertex 103.091 -29 19
      vertex 104.404 29 21.1117
      vertex 103.091 29 19
    endloop
  endfacet
  facet normal -0.849227 0 0.528027
    outer loop
      vertex 104.404 29 21.1117
      vertex 103.091 -29 19
      vertex 104.404 -29 21.1117
    endloop
  endfacet
  facet normal -0.9569 0 0.290418
    outer loop
      vertex 99.2948 -29 9.83512
      vertex 100.017 29 12.2147
      vertex 99.2948 29 9.83512
    endloop
  endfacet
  facet normal -0.9569 0 0.290418
    outer loop
      vertex 100.017 29 12.2147
      vertex 99.2948 -29 9.83512
      vertex 100.017 -29 12.2147
    endloop
  endfacet
  facet normal -0.582523 0 0.812814
    outer loop
      vertex 112.867 29 30.1474
      vertex 114.888 25.8469 31.5958
      vertex 114.888 29 31.5958
    endloop
  endfacet
  facet normal -0.582997 -0.000459908 0.812474
    outer loop
      vertex 114.888 25.8469 31.5958
      vertex 112.867 29 30.1474
      vertex 114.743 25.5747 31.4916
    endloop
  endfacet
  facet normal -0.582255 0.000155248 0.813006
    outer loop
      vertex 114.743 25.5747 31.4916
      vertex 112.867 29 30.1474
      vertex 114.286 24.5673 31.1645
    endloop
  endfacet
  facet normal -0.582781 -9.95113e-05 0.812629
    outer loop
      vertex 114.286 24.5673 31.1645
      vertex 112.867 29 30.1474
      vertex 113.897 23.5323 30.8854
    endloop
  endfacet
  facet normal -0.582537 -2.99961e-05 0.812804
    outer loop
      vertex 113.897 23.5323 30.8854
      vertex 112.867 29 30.1474
      vertex 113.576 22.474 30.6553
    endloop
  endfacet
  facet normal -0.582452 0 0.812865
    outer loop
      vertex 113 18.1 30.2427
      vertex 112.867 29 30.1474
      vertex 113 -18.1 30.2427
    endloop
  endfacet
  facet normal -0.583584 -2.09259e-05 0.812053
    outer loop
      vertex 113.036 19.2053 30.2686
      vertex 112.867 29 30.1474
      vertex 113 18.1 30.2427
    endloop
  endfacet
  facet normal -0.580806 5.16234e-05 0.814042
    outer loop
      vertex 113.145 20.3059 30.3463
      vertex 112.867 29 30.1474
      vertex 113.036 19.2053 30.2686
    endloop
  endfacet
  facet normal -0.582664 -3.81939e-05 0.812713
    outer loop
      vertex 113.325 21.397 30.4754
      vertex 112.867 29 30.1474
      vertex 113.145 20.3059 30.3463
    endloop
  endfacet
  facet normal -0.582491 -2.24056e-05 0.812837
    outer loop
      vertex 113.576 22.474 30.6553
      vertex 112.867 29 30.1474
      vertex 113.325 21.397 30.4754
    endloop
  endfacet
  facet normal -0.582997 0.000459908 0.812474
    outer loop
      vertex 112.867 -29 30.1474
      vertex 114.888 -25.8469 31.5958
      vertex 114.743 -25.5747 31.4916
    endloop
  endfacet
  facet normal -0.582255 -0.000155248 0.813006
    outer loop
      vertex 112.867 -29 30.1474
      vertex 114.743 -25.5747 31.4916
      vertex 114.286 -24.5673 31.1645
    endloop
  endfacet
  facet normal -0.582781 9.95113e-05 0.812629
    outer loop
      vertex 112.867 -29 30.1474
      vertex 114.286 -24.5673 31.1645
      vertex 113.897 -23.5323 30.8854
    endloop
  endfacet
  facet normal -0.582537 2.99961e-05 0.812804
    outer loop
      vertex 112.867 -29 30.1474
      vertex 113.897 -23.5323 30.8854
      vertex 113.576 -22.474 30.6553
    endloop
  endfacet
  facet normal -0.582491 2.24056e-05 0.812837
    outer loop
      vertex 112.867 -29 30.1474
      vertex 113.576 -22.474 30.6553
      vertex 113.325 -21.397 30.4754
    endloop
  endfacet
  facet normal -0.582523 0 0.812814
    outer loop
      vertex 114.888 -25.8469 31.5958
      vertex 112.867 -29 30.1474
      vertex 114.888 -29 31.5958
    endloop
  endfacet
  facet normal -0.582664 3.81939e-05 0.812713
    outer loop
      vertex 113.145 -20.3059 30.3463
      vertex 112.867 -29 30.1474
      vertex 113.325 -21.397 30.4754
    endloop
  endfacet
  facet normal -0.580806 -5.16234e-05 0.814042
    outer loop
      vertex 113.036 -19.2053 30.2686
      vertex 112.867 -29 30.1474
      vertex 113.145 -20.3059 30.3463
    endloop
  endfacet
  facet normal -0.583584 2.09259e-05 0.812053
    outer loop
      vertex 113 -18.1 30.2427
      vertex 112.867 -29 30.1474
      vertex 113.036 -19.2053 30.2686
    endloop
  endfacet
  facet normal -0.582452 0 0.812865
    outer loop
      vertex 112.867 -29 30.1474
      vertex 113 -18.1 30.2427
      vertex 112.867 29 30.1474
    endloop
  endfacet
  facet normal 0.986647 0 -0.162871
    outer loop
      vertex 173.675 -29 -4.96
      vertex 173.27 29 -7.41343
      vertex 173.675 29 -4.96
    endloop
  endfacet
  facet normal 0.986647 0 -0.162871
    outer loop
      vertex 173.27 29 -7.41343
      vertex 173.675 -29 -4.96
      vertex 173.27 -29 -7.41343
    endloop
  endfacet
  facet normal -0.683564 0 -0.729891
    outer loop
      vertex 109.13 -29 -26.8701
      vertex 110.945 29 -28.5699
      vertex 110.945 -29 -28.5699
    endloop
  endfacet
  facet normal -0.683564 0 -0.729891
    outer loop
      vertex 110.945 29 -28.5699
      vertex 109.13 -29 -26.8701
      vertex 109.13 29 -26.8701
    endloop
  endfacet
  facet normal -0.910903 0 -0.412621
    outer loop
      vertex 101.919 -29 -16.807
      vertex 100.893 29 -14.542
      vertex 101.919 29 -16.807
    endloop
  endfacet
  facet normal -0.910903 -0 -0.412621
    outer loop
      vertex 100.893 29 -14.542
      vertex 101.919 -29 -16.807
      vertex 100.893 -29 -14.542
    endloop
  endfacet
  facet normal 0.986647 -0 0.162871
    outer loop
      vertex 173.27 -29 7.41343
      vertex 173.675 29 4.96
      vertex 173.27 29 7.41343
    endloop
  endfacet
  facet normal 0.986647 0 0.162871
    outer loop
      vertex 173.675 29 4.96
      vertex 173.27 -29 7.41343
      vertex 173.675 -29 4.96
    endloop
  endfacet
  facet normal 0.935897 -0 0.352273
    outer loop
      vertex 171.107 -29 14.542
      vertex 171.983 29 12.2147
      vertex 171.107 29 14.542
    endloop
  endfacet
  facet normal 0.935897 0 0.352273
    outer loop
      vertex 171.983 29 12.2147
      vertex 171.107 -29 14.542
      vertex 171.983 -29 12.2147
    endloop
  endfacet
  facet normal 0.956922 -0 0.290344
    outer loop
      vertex 171.983 -29 12.2147
      vertex 172.705 29 9.83512
      vertex 171.983 29 12.2147
    endloop
  endfacet
  facet normal 0.956922 0 0.290344
    outer loop
      vertex 172.705 29 9.83512
      vertex 171.983 -29 12.2147
      vertex 172.705 -29 9.83512
    endloop
  endfacet
  facet normal 0.773111 -0 0.634271
    outer loop
      vertex 164.57 -29 25.0551
      vertex 166.147 29 23.1329
      vertex 164.57 29 25.0551
    endloop
  endfacet
  facet normal 0.773111 0 0.634271
    outer loop
      vertex 166.147 29 23.1329
      vertex 164.57 -29 25.0551
      vertex 166.147 -29 23.1329
    endloop
  endfacet
  facet normal 0.729851 -0 0.683607
    outer loop
      vertex 162.87 -29 26.8701
      vertex 164.57 29 25.0551
      vertex 162.87 29 26.8701
    endloop
  endfacet
  facet normal 0.729851 0 0.683607
    outer loop
      vertex 164.57 29 25.0551
      vertex 162.87 -29 26.8701
      vertex 164.57 -29 25.0551
    endloop
  endfacet
  facet normal 0.471402 0 0.881918
    outer loop
      vertex 152.807 29 34.0812
      vertex 155 -29 32.909
      vertex 155 29 32.909
    endloop
  endfacet
  facet normal 0.471402 0 0.881918
    outer loop
      vertex 155 -29 32.909
      vertex 152.807 29 34.0812
      vertex 152.807 -29 34.0812
    endloop
  endfacet
  facet normal 0.412688 0 0.910873
    outer loop
      vertex 150.542 29 35.1074
      vertex 152.807 -29 34.0812
      vertex 152.807 29 34.0812
    endloop
  endfacet
  facet normal 0.412688 0 0.910873
    outer loop
      vertex 152.807 -29 34.0812
      vertex 150.542 29 35.1074
      vertex 150.542 -29 35.1074
    endloop
  endfacet
  facet normal 0.352278 0 0.935895
    outer loop
      vertex 148.215 29 35.9833
      vertex 150.542 -29 35.1074
      vertex 150.542 29 35.1074
    endloop
  endfacet
  facet normal 0.352278 0 0.935895
    outer loop
      vertex 150.542 -29 35.1074
      vertex 148.215 29 35.9833
      vertex 148.215 -29 35.9833
    endloop
  endfacet
  facet normal 0.634431 0 0.77298
    outer loop
      vertex 159.133 29 30.1474
      vertex 161.055 -29 28.5699
      vertex 161.055 29 28.5699
    endloop
  endfacet
  facet normal 0.634431 0 0.77298
    outer loop
      vertex 161.055 -29 28.5699
      vertex 159.133 29 30.1474
      vertex 159.133 -29 30.1474
    endloop
  endfacet
  facet normal -0.995186 0 0.0980033
    outer loop
      vertex 98.0814 -29 2.48532
      vertex 98.3251 29 4.96
      vertex 98.0814 29 2.48532
    endloop
  endfacet
  facet normal -0.995186 0 0.0980033
    outer loop
      vertex 98.3251 29 4.96
      vertex 98.0814 -29 2.48532
      vertex 98.3251 -29 4.96
    endloop
  endfacet
  facet normal 0 1 0
    outer loop
      vertex 145.835 29 36.7052
      vertex 143.005 29 37.3372
      vertex 143.413 29 37.2698
    endloop
  endfacet
  facet normal 0 1 0
    outer loop
      vertex 148.215 29 35.9833
      vertex 143.005 29 37.3372
      vertex 145.835 29 36.7052
    endloop
  endfacet
  facet normal 0 1 0
    outer loop
      vertex 150.542 29 35.1074
      vertex 143.005 29 37.3372
      vertex 148.215 29 35.9833
    endloop
  endfacet
  facet normal 0 1 0
    outer loop
      vertex 152.807 29 34.0812
      vertex 143.005 29 37.3372
      vertex 150.542 29 35.1074
    endloop
  endfacet
  facet normal 0 1 0
    outer loop
      vertex 155 29 32.909
      vertex 143.005 29 37.3372
      vertex 152.807 29 34.0812
    endloop
  endfacet
  facet normal 0 1 0
    outer loop
      vertex 157.112 29 31.5958
      vertex 143.005 29 37.3372
      vertex 155 29 32.909
    endloop
  endfacet
  facet normal 0 1 0
    outer loop
      vertex 159.133 29 30.1474
      vertex 143.005 29 37.3372
      vertex 157.112 29 31.5958
    endloop
  endfacet
  facet normal 0 1 0
    outer loop
      vertex 161.055 29 28.5699
      vertex 143.005 29 37.3372
      vertex 159.133 29 30.1474
    endloop
  endfacet
  facet normal 0 1 0
    outer loop
      vertex 162.87 29 26.8701
      vertex 143.005 29 37.3372
      vertex 161.055 29 28.5699
    endloop
  endfacet
  facet normal 0 1 0
    outer loop
      vertex 164.57 29 25.0551
      vertex 143.005 29 37.3372
      vertex 162.87 29 26.8701
    endloop
  endfacet
  facet normal 0 1 0
    outer loop
      vertex 166.147 29 23.1329
      vertex 143.005 29 37.3372
      vertex 164.57 29 25.0551
    endloop
  endfacet
  facet normal 0 1 0
    outer loop
      vertex 167.596 29 21.1117
      vertex 143.005 29 37.3372
      vertex 166.147 29 23.1329
    endloop
  endfacet
  facet normal 0 1 0
    outer loop
      vertex 168.909 29 19
      vertex 143.005 29 37.3372
      vertex 167.596 29 21.1117
    endloop
  endfacet
  facet normal 0 1 0
    outer loop
      vertex 170.081 29 16.807
      vertex 143.005 29 37.3372
      vertex 168.909 29 19
    endloop
  endfacet
  facet normal 0 1 0
    outer loop
      vertex 171.107 29 14.542
      vertex 143.005 29 37.3372
      vertex 170.081 29 16.807
    endloop
  endfacet
  facet normal 0 1 0
    outer loop
      vertex 171.983 29 12.2147
      vertex 143.005 29 37.3372
      vertex 171.107 29 14.542
    endloop
  endfacet
  facet normal 0 1 0
    outer loop
      vertex 172.705 29 9.83512
      vertex 143.005 29 37.3372
      vertex 171.983 29 12.2147
    endloop
  endfacet
  facet normal 0 1 0
    outer loop
      vertex 173.27 29 7.41343
      vertex 143.005 29 37.3372
      vertex 172.705 29 9.83512
    endloop
  endfacet
  facet normal 0 1 0
    outer loop
      vertex 173.675 29 4.96
      vertex 143.005 29 37.3372
      vertex 173.27 29 7.41343
    endloop
  endfacet
  facet normal 0 1 0
    outer loop
      vertex 173.919 29 2.48532
      vertex 143.005 29 37.3372
      vertex 173.675 29 4.96
    endloop
  endfacet
  facet normal 0 1 0
    outer loop
      vertex 174 29 0
      vertex 143.005 29 37.3372
      vertex 173.919 29 2.48532
    endloop
  endfacet
  facet normal 0 1 -0
    outer loop
      vertex 173.919 29 -2.48532
      vertex 143.005 29 37.3372
      vertex 174 29 0
    endloop
  endfacet
  facet normal 0 1 -0
    outer loop
      vertex 173.675 29 -4.96
      vertex 143.005 29 37.3372
      vertex 173.919 29 -2.48532
    endloop
  endfacet
  facet normal 0 1 -0
    outer loop
      vertex 173.27 29 -7.41343
      vertex 143.005 29 37.3372
      vertex 173.675 29 -4.96
    endloop
  endfacet
  facet normal 0 1 -0
    outer loop
      vertex 172.705 29 -9.83512
      vertex 143.005 29 37.3372
      vertex 173.27 29 -7.41343
    endloop
  endfacet
  facet normal 0 1 -0
    outer loop
      vertex 171.983 29 -12.2147
      vertex 143.005 29 37.3372
      vertex 172.705 29 -9.83512
    endloop
  endfacet
  facet normal 0 1 -0
    outer loop
      vertex 171.107 29 -14.542
      vertex 143.005 29 37.3372
      vertex 171.983 29 -12.2147
    endloop
  endfacet
  facet normal 0 1 -0
    outer loop
      vertex 170.081 29 -16.807
      vertex 143.005 29 37.3372
      vertex 171.107 29 -14.542
    endloop
  endfacet
  facet normal 0 1 -0
    outer loop
      vertex 168.909 29 -19
      vertex 143.005 29 37.3372
      vertex 170.081 29 -16.807
    endloop
  endfacet
  facet normal 0 1 -0
    outer loop
      vertex 167.596 29 -21.1117
      vertex 143.005 29 37.3372
      vertex 168.909 29 -19
    endloop
  endfacet
  facet normal 0 1 -0
    outer loop
      vertex 166.147 29 -23.1329
      vertex 143.005 29 37.3372
      vertex 167.596 29 -21.1117
    endloop
  endfacet
  facet normal 0 1 -0
    outer loop
      vertex 164.57 29 -25.0551
      vertex 143.005 29 37.3372
      vertex 166.147 29 -23.1329
    endloop
  endfacet
  facet normal 0 1 -0
    outer loop
      vertex 162.87 29 -26.8701
      vertex 143.005 29 37.3372
      vertex 164.57 29 -25.0551
    endloop
  endfacet
  facet normal 0 1 -0
    outer loop
      vertex 161.055 29 -28.5699
      vertex 143.005 29 37.3372
      vertex 162.87 29 -26.8701
    endloop
  endfacet
  facet normal 0 1 -0
    outer loop
      vertex 159.133 29 -30.1474
      vertex 143.005 29 37.3372
      vertex 161.055 29 -28.5699
    endloop
  endfacet
  facet normal 0 1 -0
    outer loop
      vertex 157.112 29 -31.5958
      vertex 143.005 29 37.3372
      vertex 159.133 29 -30.1474
    endloop
  endfacet
  facet normal 0 1 -0
    outer loop
      vertex 155 29 -32.909
      vertex 143.005 29 37.3372
      vertex 157.112 29 -31.5958
    endloop
  endfacet
  facet normal 0 1 -0
    outer loop
      vertex 152.807 29 -34.0812
      vertex 143.005 29 37.3372
      vertex 155 29 -32.909
    endloop
  endfacet
  facet normal 0 1 -0
    outer loop
      vertex 150.542 29 -35.1074
      vertex 143.005 29 37.3372
      vertex 152.807 29 -34.0812
    endloop
  endfacet
  facet normal 0 1 -0
    outer loop
      vertex 148.215 29 -35.9833
      vertex 143.005 29 37.3372
      vertex 150.542 29 -35.1074
    endloop
  endfacet
  facet normal 0 1 -0
    outer loop
      vertex 145.835 29 -36.7052
      vertex 143.005 29 37.3372
      vertex 148.215 29 -35.9833
    endloop
  endfacet
  facet normal 0 1 0
    outer loop
      vertex 143.005 29 -37.3372
      vertex 145.835 29 -36.7052
      vertex 143.413 29 -37.2698
    endloop
  endfacet
  facet normal 0 1 0
    outer loop
      vertex 145.835 29 -36.7052
      vertex 143.005 29 -37.3372
      vertex 143.005 29 37.3372
    endloop
  endfacet
  facet normal 0 1 0
    outer loop
      vertex 116.995 29 32.9056
      vertex 112.867 29 30.1474
      vertex 114.888 29 31.5958
    endloop
  endfacet
  facet normal 0 1 0
    outer loop
      vertex 116.995 29 32.9056
      vertex 110.945 29 28.5699
      vertex 112.867 29 30.1474
    endloop
  endfacet
  facet normal 0 1 0
    outer loop
      vertex 116.995 29 32.9056
      vertex 109.13 29 26.8701
      vertex 110.945 29 28.5699
    endloop
  endfacet
  facet normal 0 1 0
    outer loop
      vertex 116.995 29 32.9056
      vertex 107.43 29 25.0551
      vertex 109.13 29 26.8701
    endloop
  endfacet
  facet normal 0 1 0
    outer loop
      vertex 116.995 29 32.9056
      vertex 105.853 29 23.1329
      vertex 107.43 29 25.0551
    endloop
  endfacet
  facet normal 0 1 0
    outer loop
      vertex 116.995 29 32.9056
      vertex 104.404 29 21.1117
      vertex 105.853 29 23.1329
    endloop
  endfacet
  facet normal 0 1 0
    outer loop
      vertex 116.995 29 32.9056
      vertex 103.091 29 19
      vertex 104.404 29 21.1117
    endloop
  endfacet
  facet normal 0 1 0
    outer loop
      vertex 116.995 29 32.9056
      vertex 101.919 29 16.807
      vertex 103.091 29 19
    endloop
  endfacet
  facet normal 0 1 0
    outer loop
      vertex 116.995 29 32.9056
      vertex 100.893 29 14.542
      vertex 101.919 29 16.807
    endloop
  endfacet
  facet normal 0 1 0
    outer loop
      vertex 116.995 29 32.9056
      vertex 100.017 29 12.2147
      vertex 100.893 29 14.542
    endloop
  endfacet
  facet normal 0 1 0
    outer loop
      vertex 116.995 29 32.9056
      vertex 99.2948 29 9.83512
      vertex 100.017 29 12.2147
    endloop
  endfacet
  facet normal 0 1 0
    outer loop
      vertex 116.995 29 32.9056
      vertex 98.7302 29 7.41343
      vertex 99.2948 29 9.83512
    endloop
  endfacet
  facet normal 0 1 0
    outer loop
      vertex 116.995 29 32.9056
      vertex 98.3251 29 4.96
      vertex 98.7302 29 7.41343
    endloop
  endfacet
  facet normal 0 1 0
    outer loop
      vertex 116.995 29 32.9056
      vertex 98.0814 29 2.48532
      vertex 98.3251 29 4.96
    endloop
  endfacet
  facet normal 0 1 0
    outer loop
      vertex 116.995 29 32.9056
      vertex 98 29 0
      vertex 98.0814 29 2.48532
    endloop
  endfacet
  facet normal 0 1 0
    outer loop
      vertex 116.995 29 32.9056
      vertex 98.0814 29 -2.48532
      vertex 98 29 0
    endloop
  endfacet
  facet normal 0 1 0
    outer loop
      vertex 116.995 29 32.9056
      vertex 98.3251 29 -4.96
      vertex 98.0814 29 -2.48532
    endloop
  endfacet
  facet normal 0 1 0
    outer loop
      vertex 116.995 29 32.9056
      vertex 98.7302 29 -7.41343
      vertex 98.3251 29 -4.96
    endloop
  endfacet
  facet normal 0 1 0
    outer loop
      vertex 116.995 29 32.9056
      vertex 99.2948 29 -9.83512
      vertex 98.7302 29 -7.41343
    endloop
  endfacet
  facet normal 0 1 0
    outer loop
      vertex 116.995 29 32.9056
      vertex 100.017 29 -12.2147
      vertex 99.2948 29 -9.83512
    endloop
  endfacet
  facet normal 0 1 0
    outer loop
      vertex 116.995 29 32.9056
      vertex 100.893 29 -14.542
      vertex 100.017 29 -12.2147
    endloop
  endfacet
  facet normal 0 1 0
    outer loop
      vertex 116.995 29 32.9056
      vertex 101.919 29 -16.807
      vertex 100.893 29 -14.542
    endloop
  endfacet
  facet normal 0 1 0
    outer loop
      vertex 116.995 29 32.9056
      vertex 103.091 29 -19
      vertex 101.919 29 -16.807
    endloop
  endfacet
  facet normal 0 1 0
    outer loop
      vertex 116.995 29 32.9056
      vertex 104.404 29 -21.1117
      vertex 103.091 29 -19
    endloop
  endfacet
  facet normal 0 1 0
    outer loop
      vertex 116.995 29 32.9056
      vertex 105.853 29 -23.1329
      vertex 104.404 29 -21.1117
    endloop
  endfacet
  facet normal 0 1 0
    outer loop
      vertex 116.995 29 32.9056
      vertex 107.43 29 -25.0551
      vertex 105.853 29 -23.1329
    endloop
  endfacet
  facet normal 0 1 0
    outer loop
      vertex 116.995 29 32.9056
      vertex 109.13 29 -26.8701
      vertex 107.43 29 -25.0551
    endloop
  endfacet
  facet normal 0 1 0
    outer loop
      vertex 116.995 29 32.9056
      vertex 110.945 29 -28.5699
      vertex 109.13 29 -26.8701
    endloop
  endfacet
  facet normal 0 1 0
    outer loop
      vertex 116.995 29 32.9056
      vertex 112.867 29 -30.1474
      vertex 110.945 29 -28.5699
    endloop
  endfacet
  facet normal 0 1 0
    outer loop
      vertex 116.995 29 32.9056
      vertex 114.888 29 -31.5958
      vertex 112.867 29 -30.1474
    endloop
  endfacet
  facet normal -0 1 0
    outer loop
      vertex 114.888 29 -31.5958
      vertex 116.995 29 32.9056
      vertex 116.995 29 -32.9056
    endloop
  endfacet
  facet normal -0.812727 0 0.582645
    outer loop
      vertex 104.404 -29 21.1117
      vertex 105.853 29 23.1329
      vertex 104.404 29 21.1117
    endloop
  endfacet
  facet normal -0.812727 0 0.582645
    outer loop
      vertex 105.853 29 23.1329
      vertex 104.404 -29 21.1117
      vertex 105.853 -29 23.1329
    endloop
  endfacet
  facet normal -0.910903 0 0.412621
    outer loop
      vertex 100.893 -29 14.542
      vertex 101.919 29 16.807
      vertex 100.893 29 14.542
    endloop
  endfacet
  facet normal -0.910903 0 0.412621
    outer loop
      vertex 101.919 29 16.807
      vertex 100.893 -29 14.542
      vertex 101.919 -29 16.807
    endloop
  endfacet
  facet normal -0.881952 0 0.47134
    outer loop
      vertex 101.919 -29 16.807
      vertex 103.091 29 19
      vertex 101.919 29 16.807
    endloop
  endfacet
  facet normal -0.881952 0 0.47134
    outer loop
      vertex 103.091 29 19
      vertex 101.919 -29 16.807
      vertex 103.091 -29 19
    endloop
  endfacet
  facet normal 0 -1 0
    outer loop
      vertex 116.995 -29 14.6529
      vertex 114.888 -29 31.5958
      vertex 112.867 -29 30.1474
    endloop
  endfacet
  facet normal 0 -1 0
    outer loop
      vertex 116.995 -29 14.6529
      vertex 112.867 -29 30.1474
      vertex 110.945 -29 28.5699
    endloop
  endfacet
  facet normal 0 -1 0
    outer loop
      vertex 116.995 -29 14.6529
      vertex 110.945 -29 28.5699
      vertex 109.13 -29 26.8701
    endloop
  endfacet
  facet normal 0 -1 0
    outer loop
      vertex 116.995 -29 14.6529
      vertex 109.13 -29 26.8701
      vertex 107.43 -29 25.0551
    endloop
  endfacet
  facet normal 0 -1 0
    outer loop
      vertex 116.995 -29 14.6529
      vertex 107.43 -29 25.0551
      vertex 105.853 -29 23.1329
    endloop
  endfacet
  facet normal 0 -1 0
    outer loop
      vertex 116.96 -29 14.6103
      vertex 105.853 -29 23.1329
      vertex 104.404 -29 21.1117
    endloop
  endfacet
  facet normal 0 -1 0
    outer loop
      vertex 116.045 -29 13.3337
      vertex 104.404 -29 21.1117
      vertex 103.091 -29 19
    endloop
  endfacet
  facet normal 0 -1 0
    outer loop
      vertex 115.215 -29 12
      vertex 103.091 -29 19
      vertex 101.919 -29 16.807
    endloop
  endfacet
  facet normal 0 -1 0
    outer loop
      vertex 114.888 -29 31.5958
      vertex 116.995 -29 14.6529
      vertex 116.995 -29 32.9056
    endloop
  endfacet
  facet normal 0 -1 0
    outer loop
      vertex 105.853 -29 23.1329
      vertex 116.96 -29 14.6103
      vertex 116.995 -29 14.6529
    endloop
  endfacet
  facet normal 0 -1 0
    outer loop
      vertex 114.475 -29 10.6149
      vertex 101.919 -29 16.807
      vertex 100.893 -29 14.542
    endloop
  endfacet
  facet normal 0 -1 0
    outer loop
      vertex 104.404 -29 21.1117
      vertex 116.045 -29 13.3337
      vertex 116.96 -29 14.6103
    endloop
  endfacet
  facet normal 0 -1 0
    outer loop
      vertex 113.827 -29 9.1844
      vertex 100.893 -29 14.542
      vertex 100.017 -29 12.2147
    endloop
  endfacet
  facet normal 0 -1 0
    outer loop
      vertex 103.091 -29 19
      vertex 115.215 -29 12
      vertex 116.045 -29 13.3337
    endloop
  endfacet
  facet normal 0 -1 0
    outer loop
      vertex 101.919 -29 16.807
      vertex 114.475 -29 10.6149
      vertex 115.215 -29 12
    endloop
  endfacet
  facet normal 0 -1 0
    outer loop
      vertex 113.274 -29 7.71455
      vertex 100.017 -29 12.2147
      vertex 99.2948 -29 9.83512
    endloop
  endfacet
  facet normal 0 -1 0
    outer loop
      vertex 100.893 -29 14.542
      vertex 113.827 -29 9.1844
      vertex 114.475 -29 10.6149
    endloop
  endfacet
  facet normal 0 -1 0
    outer loop
      vertex 100.017 -29 12.2147
      vertex 113.274 -29 7.71455
      vertex 113.827 -29 9.1844
    endloop
  endfacet
  facet normal 0 -1 0
    outer loop
      vertex 112.818 -29 6.21166
      vertex 99.2948 -29 9.83512
      vertex 98.7302 -29 7.41343
    endloop
  endfacet
  facet normal 0 -1 0
    outer loop
      vertex 99.2948 -29 9.83512
      vertex 112.818 -29 6.21166
      vertex 113.274 -29 7.71455
    endloop
  endfacet
  facet normal 0 -1 0
    outer loop
      vertex 112.461 -29 4.68217
      vertex 98.7302 -29 7.41343
      vertex 98.3251 -29 4.96
    endloop
  endfacet
  facet normal 0 -1 0
    outer loop
      vertex 98.7302 -29 7.41343
      vertex 112.461 -29 4.68217
      vertex 112.818 -29 6.21166
    endloop
  endfacet
  facet normal 0 -1 0
    outer loop
      vertex 98.3251 -29 4.96
      vertex 112.205 -29 3.13263
      vertex 112.461 -29 4.68217
    endloop
  endfacet
  facet normal 0 -1 0
    outer loop
      vertex 98.0814 -29 2.48532
      vertex 112.205 -29 3.13263
      vertex 98.3251 -29 4.96
    endloop
  endfacet
  facet normal 0 -1 0
    outer loop
      vertex 98.0814 -29 2.48532
      vertex 112.051 -29 1.56967
      vertex 112.205 -29 3.13263
    endloop
  endfacet
  facet normal 0 -1 0
    outer loop
      vertex 98 -29 0
      vertex 112.051 -29 1.56967
      vertex 98.0814 -29 2.48532
    endloop
  endfacet
  facet normal 0 -1 0
    outer loop
      vertex 98 -29 0
      vertex 112 -29 0
      vertex 112.051 -29 1.56967
    endloop
  endfacet
  facet normal 0 -1 0
    outer loop
      vertex 98 -29 0
      vertex 112.051 -29 -1.56967
      vertex 112 -29 0
    endloop
  endfacet
  facet normal 0 -1 0
    outer loop
      vertex 98.0814 -29 -2.48532
      vertex 112.051 -29 -1.56967
      vertex 98 -29 0
    endloop
  endfacet
  facet normal 0 -1 0
    outer loop
      vertex 98.0814 -29 -2.48532
      vertex 112.205 -29 -3.13263
      vertex 112.051 -29 -1.56967
    endloop
  endfacet
  facet normal 0 -1 0
    outer loop
      vertex 98.3251 -29 -4.96
      vertex 112.205 -29 -3.13263
      vertex 98.0814 -29 -2.48532
    endloop
  endfacet
  facet normal 0 -1 -0
    outer loop
      vertex 112.205 -29 -3.13263
      vertex 98.3251 -29 -4.96
      vertex 112.461 -29 -4.68217
    endloop
  endfacet
  facet normal 0 -1 0
    outer loop
      vertex 98.7302 -29 -7.41343
      vertex 112.461 -29 -4.68217
      vertex 98.3251 -29 -4.96
    endloop
  endfacet
  facet normal 0 -1 -0
    outer loop
      vertex 112.461 -29 -4.68217
      vertex 98.7302 -29 -7.41343
      vertex 112.818 -29 -6.21166
    endloop
  endfacet
  facet normal 0 -1 0
    outer loop
      vertex 99.2948 -29 -9.83512
      vertex 112.818 -29 -6.21166
      vertex 98.7302 -29 -7.41343
    endloop
  endfacet
  facet normal 0 -1 -0
    outer loop
      vertex 112.818 -29 -6.21166
      vertex 99.2948 -29 -9.83512
      vertex 113.274 -29 -7.71455
    endloop
  endfacet
  facet normal 0 -1 0
    outer loop
      vertex 100.017 -29 -12.2147
      vertex 113.274 -29 -7.71455
      vertex 99.2948 -29 -9.83512
    endloop
  endfacet
  facet normal 0 -1 -0
    outer loop
      vertex 113.274 -29 -7.71455
      vertex 100.017 -29 -12.2147
      vertex 113.827 -29 -9.1844
    endloop
  endfacet
  facet normal 0 -1 0
    outer loop
      vertex 100.893 -29 -14.542
      vertex 113.827 -29 -9.1844
      vertex 100.017 -29 -12.2147
    endloop
  endfacet
  facet normal 0 -1 -0
    outer loop
      vertex 113.827 -29 -9.1844
      vertex 100.893 -29 -14.542
      vertex 114.475 -29 -10.6149
    endloop
  endfacet
  facet normal 0 -1 0
    outer loop
      vertex 101.919 -29 -16.807
      vertex 114.475 -29 -10.6149
      vertex 100.893 -29 -14.542
    endloop
  endfacet
  facet normal 0 -1 -0
    outer loop
      vertex 114.475 -29 -10.6149
      vertex 101.919 -29 -16.807
      vertex 115.215 -29 -12
    endloop
  endfacet
  facet normal 0 -1 0
    outer loop
      vertex 103.091 -29 -19
      vertex 115.215 -29 -12
      vertex 101.919 -29 -16.807
    endloop
  endfacet
  facet normal 0 -1 -0
    outer loop
      vertex 115.215 -29 -12
      vertex 103.091 -29 -19
      vertex 116.045 -29 -13.3337
    endloop
  endfacet
  facet normal 0 -1 0
    outer loop
      vertex 104.404 -29 -21.1117
      vertex 116.045 -29 -13.3337
      vertex 103.091 -29 -19
    endloop
  endfacet
  facet normal 0 -1 -0
    outer loop
      vertex 116.045 -29 -13.3337
      vertex 104.404 -29 -21.1117
      vertex 116.96 -29 -14.6103
    endloop
  endfacet
  facet normal 0 -1 0
    outer loop
      vertex 105.853 -29 -23.1329
      vertex 116.96 -29 -14.6103
      vertex 104.404 -29 -21.1117
    endloop
  endfacet
  facet normal 0 -1 -0
    outer loop
      vertex 116.96 -29 -14.6103
      vertex 105.853 -29 -23.1329
      vertex 116.995 -29 -14.6529
    endloop
  endfacet
  facet normal 0 -1 0
    outer loop
      vertex 107.43 -29 -25.0551
      vertex 116.995 -29 -14.6529
      vertex 105.853 -29 -23.1329
    endloop
  endfacet
  facet normal 0 -1 0
    outer loop
      vertex 109.13 -29 -26.8701
      vertex 116.995 -29 -14.6529
      vertex 107.43 -29 -25.0551
    endloop
  endfacet
  facet normal 0 -1 0
    outer loop
      vertex 110.945 -29 -28.5699
      vertex 116.995 -29 -14.6529
      vertex 109.13 -29 -26.8701
    endloop
  endfacet
  facet normal 0 -1 0
    outer loop
      vertex 112.867 -29 -30.1474
      vertex 116.995 -29 -14.6529
      vertex 110.945 -29 -28.5699
    endloop
  endfacet
  facet normal 0 -1 0
    outer loop
      vertex 114.888 -29 -31.5958
      vertex 116.995 -29 -14.6529
      vertex 112.867 -29 -30.1474
    endloop
  endfacet
  facet normal 0 -1 -0
    outer loop
      vertex 116.995 -29 -14.6529
      vertex 114.888 -29 -31.5958
      vertex 116.995 -29 -32.9056
    endloop
  endfacet
  facet normal 0 -1 0
    outer loop
      vertex 143.005 -29 22.9414
      vertex 143.413 -29 37.2698
      vertex 143.005 -29 37.3372
    endloop
  endfacet
  facet normal 0 -1 -0
    outer loop
      vertex 143.413 -29 37.2698
      vertex 143.005 -29 22.9414
      vertex 145.835 -29 36.7052
    endloop
  endfacet
  facet normal 0 -1 -0
    outer loop
      vertex 145.835 -29 36.7052
      vertex 143.005 -29 22.9414
      vertex 148.215 -29 35.9833
    endloop
  endfacet
  facet normal 0 -1 0
    outer loop
      vertex 143.715 -29 22.7263
      vertex 148.215 -29 35.9833
      vertex 143.005 -29 22.9414
    endloop
  endfacet
  facet normal 0 -1 0
    outer loop
      vertex 145.184 -29 22.1731
      vertex 150.542 -29 35.1074
      vertex 143.715 -29 22.7263
    endloop
  endfacet
  facet normal 0 -1 -0
    outer loop
      vertex 150.542 -29 35.1074
      vertex 145.184 -29 22.1731
      vertex 152.807 -29 34.0812
    endloop
  endfacet
  facet normal 0 -1 -0
    outer loop
      vertex 152.807 -29 34.0812
      vertex 146.615 -29 21.5249
      vertex 155 -29 32.909
    endloop
  endfacet
  facet normal 0 -1 0
    outer loop
      vertex 148 -29 20.7846
      vertex 155 -29 32.909
      vertex 146.615 -29 21.5249
    endloop
  endfacet
  facet normal 0 -1 0
    outer loop
      vertex 149.334 -29 19.9553
      vertex 157.112 -29 31.5958
      vertex 148 -29 20.7846
    endloop
  endfacet
  facet normal 0 -1 -0
    outer loop
      vertex 157.112 -29 31.5958
      vertex 149.334 -29 19.9553
      vertex 159.133 -29 30.1474
    endloop
  endfacet
  facet normal 0 -1 -0
    outer loop
      vertex 159.133 -29 30.1474
      vertex 150.61 -29 19.0405
      vertex 161.055 -29 28.5699
    endloop
  endfacet
  facet normal 0 -1 -0
    outer loop
      vertex 148.215 -29 35.9833
      vertex 143.715 -29 22.7263
      vertex 150.542 -29 35.1074
    endloop
  endfacet
  facet normal 0 -1 0
    outer loop
      vertex 146.615 -29 21.5249
      vertex 152.807 -29 34.0812
      vertex 145.184 -29 22.1731
    endloop
  endfacet
  facet normal 0 -1 -0
    outer loop
      vertex 155 -29 32.909
      vertex 148 -29 20.7846
      vertex 157.112 -29 31.5958
    endloop
  endfacet
  facet normal 0 -1 0
    outer loop
      vertex 150.61 -29 19.0405
      vertex 159.133 -29 30.1474
      vertex 149.334 -29 19.9553
    endloop
  endfacet
  facet normal 0 -1 0
    outer loop
      vertex 151.824 -29 18.0442
      vertex 161.055 -29 28.5699
      vertex 150.61 -29 19.0405
    endloop
  endfacet
  facet normal 0 -1 -0
    outer loop
      vertex 161.055 -29 28.5699
      vertex 151.824 -29 18.0442
      vertex 162.87 -29 26.8701
    endloop
  endfacet
  facet normal 0 -1 0
    outer loop
      vertex 152.971 -29 16.9706
      vertex 162.87 -29 26.8701
      vertex 151.824 -29 18.0442
    endloop
  endfacet
  facet normal 0 -1 -0
    outer loop
      vertex 162.87 -29 26.8701
      vertex 152.971 -29 16.9706
      vertex 164.57 -29 25.0551
    endloop
  endfacet
  facet normal 0 -1 0
    outer loop
      vertex 154.044 -29 15.8243
      vertex 164.57 -29 25.0551
      vertex 152.971 -29 16.9706
    endloop
  endfacet
  facet normal 0 -1 -0
    outer loop
      vertex 164.57 -29 25.0551
      vertex 154.044 -29 15.8243
      vertex 166.147 -29 23.1329
    endloop
  endfacet
  facet normal 0 -1 0
    outer loop
      vertex 155.04 -29 14.6103
      vertex 166.147 -29 23.1329
      vertex 154.044 -29 15.8243
    endloop
  endfacet
  facet normal 0 -1 -0
    outer loop
      vertex 166.147 -29 23.1329
      vertex 155.04 -29 14.6103
      vertex 167.596 -29 21.1117
    endloop
  endfacet
  facet normal 0 -1 0
    outer loop
      vertex 155.955 -29 13.3337
      vertex 167.596 -29 21.1117
      vertex 155.04 -29 14.6103
    endloop
  endfacet
  facet normal 0 -1 -0
    outer loop
      vertex 167.596 -29 21.1117
      vertex 155.955 -29 13.3337
      vertex 168.909 -29 19
    endloop
  endfacet
  facet normal 0 -1 0
    outer loop
      vertex 156.785 -29 12
      vertex 168.909 -29 19
      vertex 155.955 -29 13.3337
    endloop
  endfacet
  facet normal 0 -1 -0
    outer loop
      vertex 168.909 -29 19
      vertex 156.785 -29 12
      vertex 170.081 -29 16.807
    endloop
  endfacet
  facet normal 0 -1 0
    outer loop
      vertex 157.525 -29 10.6149
      vertex 170.081 -29 16.807
      vertex 156.785 -29 12
    endloop
  endfacet
  facet normal 0 -1 -0
    outer loop
      vertex 170.081 -29 16.807
      vertex 157.525 -29 10.6149
      vertex 171.107 -29 14.542
    endloop
  endfacet
  facet normal 0 -1 0
    outer loop
      vertex 158.173 -29 9.1844
      vertex 171.107 -29 14.542
      vertex 157.525 -29 10.6149
    endloop
  endfacet
  facet normal 0 -1 -0
    outer loop
      vertex 171.107 -29 14.542
      vertex 158.173 -29 9.1844
      vertex 171.983 -29 12.2147
    endloop
  endfacet
  facet normal 0 -1 0
    outer loop
      vertex 158.726 -29 7.71455
      vertex 171.983 -29 12.2147
      vertex 158.173 -29 9.1844
    endloop
  endfacet
  facet normal 0 -1 -0
    outer loop
      vertex 171.983 -29 12.2147
      vertex 158.726 -29 7.71455
      vertex 172.705 -29 9.83512
    endloop
  endfacet
  facet normal 0 -1 0
    outer loop
      vertex 159.182 -29 6.21166
      vertex 172.705 -29 9.83512
      vertex 158.726 -29 7.71455
    endloop
  endfacet
  facet normal 0 -1 -0
    outer loop
      vertex 172.705 -29 9.83512
      vertex 159.182 -29 6.21166
      vertex 173.27 -29 7.41343
    endloop
  endfacet
  facet normal 0 -1 0
    outer loop
      vertex 159.539 -29 4.68217
      vertex 173.27 -29 7.41343
      vertex 159.182 -29 6.21166
    endloop
  endfacet
  facet normal 0 -1 -0
    outer loop
      vertex 173.27 -29 7.41343
      vertex 159.539 -29 4.68217
      vertex 173.675 -29 4.96
    endloop
  endfacet
  facet normal 0 -1 0
    outer loop
      vertex 159.795 -29 3.13263
      vertex 173.675 -29 4.96
      vertex 159.539 -29 4.68217
    endloop
  endfacet
  facet normal 0 -1 0
    outer loop
      vertex 159.795 -29 3.13263
      vertex 173.919 -29 2.48532
      vertex 173.675 -29 4.96
    endloop
  endfacet
  facet normal 0 -1 0
    outer loop
      vertex 159.949 -29 1.56967
      vertex 173.919 -29 2.48532
      vertex 159.795 -29 3.13263
    endloop
  endfacet
  facet normal 0 -1 0
    outer loop
      vertex 160 -29 0
      vertex 173.919 -29 2.48532
      vertex 159.949 -29 1.56967
    endloop
  endfacet
  facet normal 0 -1 0
    outer loop
      vertex 160 -29 0
      vertex 174 -29 0
      vertex 173.919 -29 2.48532
    endloop
  endfacet
  facet normal 0 -1 0
    outer loop
      vertex 159.949 -29 -1.56967
      vertex 174 -29 0
      vertex 160 -29 0
    endloop
  endfacet
  facet normal 0 -1 0
    outer loop
      vertex 159.949 -29 -1.56967
      vertex 173.919 -29 -2.48532
      vertex 174 -29 0
    endloop
  endfacet
  facet normal 0 -1 0
    outer loop
      vertex 159.795 -29 -3.13263
      vertex 173.919 -29 -2.48532
      vertex 159.949 -29 -1.56967
    endloop
  endfacet
  facet normal 0 -1 0
    outer loop
      vertex 173.675 -29 -4.96
      vertex 159.795 -29 -3.13263
      vertex 159.539 -29 -4.68217
    endloop
  endfacet
  facet normal 0 -1 0
    outer loop
      vertex 159.795 -29 -3.13263
      vertex 173.675 -29 -4.96
      vertex 173.919 -29 -2.48532
    endloop
  endfacet
  facet normal 0 -1 0
    outer loop
      vertex 173.27 -29 -7.41343
      vertex 159.539 -29 -4.68217
      vertex 159.182 -29 -6.21166
    endloop
  endfacet
  facet normal 0 -1 0
    outer loop
      vertex 159.539 -29 -4.68217
      vertex 173.27 -29 -7.41343
      vertex 173.675 -29 -4.96
    endloop
  endfacet
  facet normal 0 -1 0
    outer loop
      vertex 172.705 -29 -9.83512
      vertex 159.182 -29 -6.21166
      vertex 158.726 -29 -7.71455
    endloop
  endfacet
  facet normal 0 -1 0
    outer loop
      vertex 171.983 -29 -12.2147
      vertex 158.726 -29 -7.71455
      vertex 158.173 -29 -9.1844
    endloop
  endfacet
  facet normal 0 -1 0
    outer loop
      vertex 159.182 -29 -6.21166
      vertex 172.705 -29 -9.83512
      vertex 173.27 -29 -7.41343
    endloop
  endfacet
  facet normal 0 -1 0
    outer loop
      vertex 171.107 -29 -14.542
      vertex 158.173 -29 -9.1844
      vertex 157.525 -29 -10.6149
    endloop
  endfacet
  facet normal 0 -1 0
    outer loop
      vertex 170.081 -29 -16.807
      vertex 157.525 -29 -10.6149
      vertex 156.785 -29 -12
    endloop
  endfacet
  facet normal 0 -1 0
    outer loop
      vertex 158.726 -29 -7.71455
      vertex 171.983 -29 -12.2147
      vertex 172.705 -29 -9.83512
    endloop
  endfacet
  facet normal 0 -1 0
    outer loop
      vertex 168.909 -29 -19
      vertex 156.785 -29 -12
      vertex 155.955 -29 -13.3337
    endloop
  endfacet
  facet normal 0 -1 0
    outer loop
      vertex 158.173 -29 -9.1844
      vertex 171.107 -29 -14.542
      vertex 171.983 -29 -12.2147
    endloop
  endfacet
  facet normal 0 -1 0
    outer loop
      vertex 167.596 -29 -21.1117
      vertex 155.955 -29 -13.3337
      vertex 155.04 -29 -14.6103
    endloop
  endfacet
  facet normal 0 -1 0
    outer loop
      vertex 166.147 -29 -23.1329
      vertex 155.04 -29 -14.6103
      vertex 154.044 -29 -15.8243
    endloop
  endfacet
  facet normal 0 -1 0
    outer loop
      vertex 157.525 -29 -10.6149
      vertex 170.081 -29 -16.807
      vertex 171.107 -29 -14.542
    endloop
  endfacet
  facet normal 0 -1 0
    outer loop
      vertex 164.57 -29 -25.0551
      vertex 154.044 -29 -15.8243
      vertex 152.971 -29 -16.9706
    endloop
  endfacet
  facet normal 0 -1 0
    outer loop
      vertex 162.87 -29 -26.8701
      vertex 152.971 -29 -16.9706
      vertex 151.824 -29 -18.0442
    endloop
  endfacet
  facet normal 0 -1 0
    outer loop
      vertex 156.785 -29 -12
      vertex 168.909 -29 -19
      vertex 170.081 -29 -16.807
    endloop
  endfacet
  facet normal 0 -1 0
    outer loop
      vertex 161.055 -29 -28.5699
      vertex 151.824 -29 -18.0442
      vertex 150.61 -29 -19.0405
    endloop
  endfacet
  facet normal 0 -1 0
    outer loop
      vertex 159.133 -29 -30.1474
      vertex 150.61 -29 -19.0405
      vertex 149.334 -29 -19.9553
    endloop
  endfacet
  facet normal 0 -1 0
    outer loop
      vertex 157.112 -29 -31.5958
      vertex 149.334 -29 -19.9553
      vertex 148 -29 -20.7846
    endloop
  endfacet
  facet normal 0 -1 0
    outer loop
      vertex 155.955 -29 -13.3337
      vertex 167.596 -29 -21.1117
      vertex 168.909 -29 -19
    endloop
  endfacet
  facet normal 0 -1 0
    outer loop
      vertex 155 -29 -32.909
      vertex 148 -29 -20.7846
      vertex 146.615 -29 -21.5249
    endloop
  endfacet
  facet normal 0 -1 0
    outer loop
      vertex 152.807 -29 -34.0812
      vertex 146.615 -29 -21.5249
      vertex 145.184 -29 -22.1731
    endloop
  endfacet
  facet normal 0 -1 0
    outer loop
      vertex 150.542 -29 -35.1074
      vertex 145.184 -29 -22.1731
      vertex 143.715 -29 -22.7263
    endloop
  endfacet
  facet normal 0 -1 0
    outer loop
      vertex 148.215 -29 -35.9833
      vertex 143.715 -29 -22.7263
      vertex 143.005 -29 -22.9414
    endloop
  endfacet
  facet normal 0 -1 0
    outer loop
      vertex 155.04 -29 -14.6103
      vertex 166.147 -29 -23.1329
      vertex 167.596 -29 -21.1117
    endloop
  endfacet
  facet normal 0 -1 0
    outer loop
      vertex 154.044 -29 -15.8243
      vertex 164.57 -29 -25.0551
      vertex 166.147 -29 -23.1329
    endloop
  endfacet
  facet normal 0 -1 0
    outer loop
      vertex 152.971 -29 -16.9706
      vertex 162.87 -29 -26.8701
      vertex 164.57 -29 -25.0551
    endloop
  endfacet
  facet normal 0 -1 0
    outer loop
      vertex 151.824 -29 -18.0442
      vertex 161.055 -29 -28.5699
      vertex 162.87 -29 -26.8701
    endloop
  endfacet
  facet normal 0 -1 0
    outer loop
      vertex 150.61 -29 -19.0405
      vertex 159.133 -29 -30.1474
      vertex 161.055 -29 -28.5699
    endloop
  endfacet
  facet normal 0 -1 0
    outer loop
      vertex 149.334 -29 -19.9553
      vertex 157.112 -29 -31.5958
      vertex 159.133 -29 -30.1474
    endloop
  endfacet
  facet normal 0 -1 0
    outer loop
      vertex 148 -29 -20.7846
      vertex 155 -29 -32.909
      vertex 157.112 -29 -31.5958
    endloop
  endfacet
  facet normal 0 -1 0
    outer loop
      vertex 146.615 -29 -21.5249
      vertex 152.807 -29 -34.0812
      vertex 155 -29 -32.909
    endloop
  endfacet
  facet normal 0 -1 0
    outer loop
      vertex 145.184 -29 -22.1731
      vertex 150.542 -29 -35.1074
      vertex 152.807 -29 -34.0812
    endloop
  endfacet
  facet normal 0 -1 0
    outer loop
      vertex 143.715 -29 -22.7263
      vertex 148.215 -29 -35.9833
      vertex 150.542 -29 -35.1074
    endloop
  endfacet
  facet normal 0 -1 0
    outer loop
      vertex 143.005 -29 -22.9414
      vertex 145.835 -29 -36.7052
      vertex 148.215 -29 -35.9833
    endloop
  endfacet
  facet normal 0 -1 0
    outer loop
      vertex 143.005 -29 -22.9414
      vertex 143.413 -29 -37.2698
      vertex 145.835 -29 -36.7052
    endloop
  endfacet
  facet normal -0 -1 0
    outer loop
      vertex 143.413 -29 -37.2698
      vertex 143.005 -29 -22.9414
      vertex 143.005 -29 -37.3372
    endloop
  endfacet
  facet normal -0.527947 0.000535742 0.849277
    outer loop
      vertex 114.888 29 31.5958
      vertex 116.492 28.3881 32.5933
      vertex 116.995 29 32.9056
    endloop
  endfacet
  facet normal -0.528116 -7.97345e-05 0.849172
    outer loop
      vertex 114.888 29 31.5958
      vertex 115.848 27.4891 32.1927
      vertex 116.492 28.3881 32.5933
    endloop
  endfacet
  facet normal -0.528018 6.47433e-06 0.849233
    outer loop
      vertex 114.888 29 31.5958
      vertex 115.264 26.55 31.8296
      vertex 115.848 27.4891 32.1927
    endloop
  endfacet
  facet normal -0.528049 0 0.849214
    outer loop
      vertex 115.264 26.55 31.8296
      vertex 114.888 29 31.5958
      vertex 114.888 25.8469 31.5958
    endloop
  endfacet
  facet normal -0.527947 -0.000535742 0.849277
    outer loop
      vertex 116.492 -28.3881 32.5933
      vertex 114.888 -29 31.5958
      vertex 116.995 -29 32.9056
    endloop
  endfacet
  facet normal -0.528116 7.97345e-05 0.849172
    outer loop
      vertex 115.848 -27.4891 32.1927
      vertex 114.888 -29 31.5958
      vertex 116.492 -28.3881 32.5933
    endloop
  endfacet
  facet normal -0.528018 -6.47433e-06 0.849233
    outer loop
      vertex 115.264 -26.55 31.8296
      vertex 114.888 -29 31.5958
      vertex 115.848 -27.4891 32.1927
    endloop
  endfacet
  facet normal -0.528049 0 0.849214
    outer loop
      vertex 114.888 -29 31.5958
      vertex 115.264 -26.55 31.8296
      vertex 114.888 -25.8469 31.5958
    endloop
  endfacet
  facet normal -0.634431 0 0.77298
    outer loop
      vertex 110.945 29 28.5699
      vertex 112.867 -29 30.1474
      vertex 112.867 29 30.1474
    endloop
  endfacet
  facet normal -0.634431 0 0.77298
    outer loop
      vertex 112.867 -29 30.1474
      vertex 110.945 29 28.5699
      vertex 110.945 -29 28.5699
    endloop
  endfacet
  facet normal -0.683564 0 0.729891
    outer loop
      vertex 109.13 29 26.8701
      vertex 110.945 -29 28.5699
      vertex 110.945 29 28.5699
    endloop
  endfacet
  facet normal -0.683564 0 0.729891
    outer loop
      vertex 110.945 -29 28.5699
      vertex 109.13 29 26.8701
      vertex 109.13 -29 26.8701
    endloop
  endfacet
  facet normal 0.881952 0 -0.47134
    outer loop
      vertex 170.081 -29 -16.807
      vertex 168.909 29 -19
      vertex 170.081 29 -16.807
    endloop
  endfacet
  facet normal 0.881952 0 -0.47134
    outer loop
      vertex 168.909 29 -19
      vertex 170.081 -29 -16.807
      vertex 168.909 -29 -19
    endloop
  endfacet
  facet normal 0.935897 0 -0.352273
    outer loop
      vertex 171.983 -29 -12.2147
      vertex 171.107 29 -14.542
      vertex 171.983 29 -12.2147
    endloop
  endfacet
  facet normal 0.935897 0 -0.352273
    outer loop
      vertex 171.107 29 -14.542
      vertex 171.983 -29 -12.2147
      vertex 171.107 -29 -14.542
    endloop
  endfacet
  facet normal 0.973847 0 -0.227206
    outer loop
      vertex 173.27 -29 -7.41343
      vertex 172.705 29 -9.83512
      vertex 173.27 29 -7.41343
    endloop
  endfacet
  facet normal 0.973847 0 -0.227206
    outer loop
      vertex 172.705 29 -9.83512
      vertex 173.27 -29 -7.41343
      vertex 172.705 -29 -9.83512
    endloop
  endfacet
  facet normal 0.773111 0 -0.634271
    outer loop
      vertex 166.147 -29 -23.1329
      vertex 164.57 29 -25.0551
      vertex 166.147 29 -23.1329
    endloop
  endfacet
  facet normal 0.773111 0 -0.634271
    outer loop
      vertex 164.57 29 -25.0551
      vertex 166.147 -29 -23.1329
      vertex 164.57 -29 -25.0551
    endloop
  endfacet
  facet normal 0.471402 0 -0.881918
    outer loop
      vertex 152.807 -29 -34.0812
      vertex 155 29 -32.909
      vertex 155 -29 -32.909
    endloop
  endfacet
  facet normal 0.471402 0 -0.881918
    outer loop
      vertex 155 29 -32.909
      vertex 152.807 -29 -34.0812
      vertex 152.807 29 -34.0812
    endloop
  endfacet
  facet normal 0.683564 0 -0.729891
    outer loop
      vertex 161.055 -29 -28.5699
      vertex 162.87 29 -26.8701
      vertex 162.87 -29 -26.8701
    endloop
  endfacet
  facet normal 0.683564 0 -0.729891
    outer loop
      vertex 162.87 29 -26.8701
      vertex 161.055 -29 -28.5699
      vertex 161.055 29 -28.5699
    endloop
  endfacet
  facet normal -0.773111 0 -0.634271
    outer loop
      vertex 107.43 -29 -25.0551
      vertex 105.853 29 -23.1329
      vertex 107.43 29 -25.0551
    endloop
  endfacet
  facet normal -0.773111 -0 -0.634271
    outer loop
      vertex 105.853 29 -23.1329
      vertex 107.43 -29 -25.0551
      vertex 105.853 -29 -23.1329
    endloop
  endfacet
  facet normal -0.995186 0 -0.0980033
    outer loop
      vertex 98.3251 -29 -4.96
      vertex 98.0814 29 -2.48532
      vertex 98.3251 29 -4.96
    endloop
  endfacet
  facet normal -0.995186 -0 -0.0980033
    outer loop
      vertex 98.0814 29 -2.48532
      vertex 98.3251 -29 -4.96
      vertex 98.0814 -29 -2.48532
    endloop
  endfacet
  facet normal 0.227738 0 -0.973722
    outer loop
      vertex 145.835 -29 -36.7052
      vertex 145.714 -24.5673 -36.7335
      vertex 145.835 -24.2444 -36.7052
    endloop
  endfacet
  facet normal 0.226814 -2.662e-05 -0.973938
    outer loop
      vertex 145.835 -29 -36.7052
      vertex 145.257 -25.5747 -36.8399
      vertex 145.714 -24.5673 -36.7335
    endloop
  endfacet
  facet normal 0.227211 4.39998e-05 -0.973846
    outer loop
      vertex 145.835 -29 -36.7052
      vertex 144.736 -26.55 -36.9615
      vertex 145.257 -25.5747 -36.8399
    endloop
  endfacet
  facet normal 0.227121 1.81893e-06 -0.973866
    outer loop
      vertex 145.835 -29 -36.7052
      vertex 144.152 -27.4891 -37.0977
      vertex 144.736 -26.55 -36.9615
    endloop
  endfacet
  facet normal 0.227125 6.50279e-06 -0.973866
    outer loop
      vertex 145.835 -29 -36.7052
      vertex 143.508 -28.3881 -37.2479
      vertex 144.152 -27.4891 -37.0977
    endloop
  endfacet
  facet normal 0.227026 -0.000391127 -0.973889
    outer loop
      vertex 143.413 -29 -37.2698
      vertex 143.508 -28.3881 -37.2479
      vertex 145.835 -29 -36.7052
    endloop
  endfacet
  facet normal 0.224635 0 -0.974443
    outer loop
      vertex 143.508 -28.3881 -37.2479
      vertex 143.413 -29 -37.2698
      vertex 143.413 -28.5029 -37.2698
    endloop
  endfacet
  facet normal 0.227738 0 -0.973722
    outer loop
      vertex 145.714 24.5673 -36.7335
      vertex 145.835 29 -36.7052
      vertex 145.835 24.2444 -36.7052
    endloop
  endfacet
  facet normal 0.226814 2.662e-05 -0.973938
    outer loop
      vertex 145.257 25.5747 -36.8399
      vertex 145.835 29 -36.7052
      vertex 145.714 24.5673 -36.7335
    endloop
  endfacet
  facet normal 0.227211 -4.39998e-05 -0.973846
    outer loop
      vertex 144.736 26.55 -36.9615
      vertex 145.835 29 -36.7052
      vertex 145.257 25.5747 -36.8399
    endloop
  endfacet
  facet normal 0.227121 -1.81893e-06 -0.973866
    outer loop
      vertex 144.152 27.4891 -37.0977
      vertex 145.835 29 -36.7052
      vertex 144.736 26.55 -36.9615
    endloop
  endfacet
  facet normal 0.227125 -6.50279e-06 -0.973866
    outer loop
      vertex 143.508 28.3881 -37.2479
      vertex 145.835 29 -36.7052
      vertex 144.152 27.4891 -37.0977
    endloop
  endfacet
  facet normal 0.224635 0 -0.974443
    outer loop
      vertex 143.413 29 -37.2698
      vertex 143.508 28.3881 -37.2479
      vertex 143.413 28.5029 -37.2698
    endloop
  endfacet
  facet normal 0.227026 0.000391127 -0.973889
    outer loop
      vertex 143.508 28.3881 -37.2479
      vertex 143.413 29 -37.2698
      vertex 145.835 29 -36.7052
    endloop
  endfacet
  facet normal 0.412688 0 -0.910873
    outer loop
      vertex 150.542 -29 -35.1074
      vertex 152.807 29 -34.0812
      vertex 152.807 -29 -34.0812
    endloop
  endfacet
  facet normal 0.412688 0 -0.910873
    outer loop
      vertex 152.807 29 -34.0812
      vertex 150.542 -29 -35.1074
      vertex 150.542 29 -35.1074
    endloop
  endfacet
  facet normal 0.849227 -0 0.528027
    outer loop
      vertex 167.596 -29 21.1117
      vertex 168.909 29 19
      vertex 167.596 29 21.1117
    endloop
  endfacet
  facet normal 0.849227 0 0.528027
    outer loop
      vertex 168.909 29 19
      vertex 167.596 -29 21.1117
      vertex 168.909 -29 19
    endloop
  endfacet
  facet normal 0.812727 -0 0.582645
    outer loop
      vertex 166.147 -29 23.1329
      vertex 167.596 29 21.1117
      vertex 166.147 29 23.1329
    endloop
  endfacet
  facet normal 0.812727 0 0.582645
    outer loop
      vertex 167.596 29 21.1117
      vertex 166.147 -29 23.1329
      vertex 167.596 -29 21.1117
    endloop
  endfacet
  facet normal 0.227738 0 0.973722
    outer loop
      vertex 145.835 29 36.7052
      vertex 145.714 24.5673 36.7335
      vertex 145.835 24.2444 36.7052
    endloop
  endfacet
  facet normal 0.226814 2.662e-05 0.973938
    outer loop
      vertex 145.835 29 36.7052
      vertex 145.257 25.5747 36.8399
      vertex 145.714 24.5673 36.7335
    endloop
  endfacet
  facet normal 0.227211 -4.39998e-05 0.973846
    outer loop
      vertex 145.835 29 36.7052
      vertex 144.736 26.55 36.9615
      vertex 145.257 25.5747 36.8399
    endloop
  endfacet
  facet normal 0.227121 -1.81893e-06 0.973866
    outer loop
      vertex 145.835 29 36.7052
      vertex 144.152 27.4891 37.0977
      vertex 144.736 26.55 36.9615
    endloop
  endfacet
  facet normal 0.227125 -6.50279e-06 0.973866
    outer loop
      vertex 145.835 29 36.7052
      vertex 143.508 28.3881 37.2479
      vertex 144.152 27.4891 37.0977
    endloop
  endfacet
  facet normal 0.227026 0.000391127 0.973889
    outer loop
      vertex 143.413 29 37.2698
      vertex 143.508 28.3881 37.2479
      vertex 145.835 29 36.7052
    endloop
  endfacet
  facet normal 0.224635 0 0.974443
    outer loop
      vertex 143.508 28.3881 37.2479
      vertex 143.413 29 37.2698
      vertex 143.413 28.5029 37.2698
    endloop
  endfacet
  facet normal 0.227738 0 0.973722
    outer loop
      vertex 145.714 -24.5673 36.7335
      vertex 145.835 -29 36.7052
      vertex 145.835 -24.2444 36.7052
    endloop
  endfacet
  facet normal 0.226814 -2.662e-05 0.973938
    outer loop
      vertex 145.257 -25.5747 36.8399
      vertex 145.835 -29 36.7052
      vertex 145.714 -24.5673 36.7335
    endloop
  endfacet
  facet normal 0.227211 4.39998e-05 0.973846
    outer loop
      vertex 144.736 -26.55 36.9615
      vertex 145.835 -29 36.7052
      vertex 145.257 -25.5747 36.8399
    endloop
  endfacet
  facet normal 0.227121 1.81893e-06 0.973866
    outer loop
      vertex 144.152 -27.4891 37.0977
      vertex 145.835 -29 36.7052
      vertex 144.736 -26.55 36.9615
    endloop
  endfacet
  facet normal 0.227125 6.50279e-06 0.973866
    outer loop
      vertex 143.508 -28.3881 37.2479
      vertex 145.835 -29 36.7052
      vertex 144.152 -27.4891 37.0977
    endloop
  endfacet
  facet normal 0.224635 -0 0.974443
    outer loop
      vertex 143.413 -29 37.2698
      vertex 143.508 -28.3881 37.2479
      vertex 143.413 -28.5029 37.2698
    endloop
  endfacet
  facet normal 0.227026 -0.000391127 0.973889
    outer loop
      vertex 143.508 -28.3881 37.2479
      vertex 143.413 -29 37.2698
      vertex 145.835 -29 36.7052
    endloop
  endfacet
  facet normal -0.973882 0 0.227054
    outer loop
      vertex 98.7302 -29 7.41343
      vertex 99.2948 29 9.83512
      vertex 98.7302 29 7.41343
    endloop
  endfacet
  facet normal -0.973882 0 0.227054
    outer loop
      vertex 99.2948 29 9.83512
      vertex 98.7302 -29 7.41343
      vertex 99.2948 -29 9.83512
    endloop
  endfacet
  facet normal -0.999464 0 0.0327348
    outer loop
      vertex 98 -29 0
      vertex 98.0814 29 2.48532
      vertex 98 29 0
    endloop
  endfacet
  facet normal -0.999464 0 0.0327348
    outer loop
      vertex 98.0814 29 2.48532
      vertex 98 -29 0
      vertex 98.0814 -29 2.48532
    endloop
  endfacet
  facet normal -0.999464 0 -0.0327348
    outer loop
      vertex 98.0814 -29 -2.48532
      vertex 98 29 0
      vertex 98.0814 29 -2.48532
    endloop
  endfacet
  facet normal -0.999464 -0 -0.0327348
    outer loop
      vertex 98 29 0
      vertex 98.0814 -29 -2.48532
      vertex 98 -29 0
    endloop
  endfacet
  facet normal 0.910903 0 -0.412621
    outer loop
      vertex 171.107 -29 -14.542
      vertex 170.081 29 -16.807
      vertex 171.107 29 -14.542
    endloop
  endfacet
  facet normal 0.910903 0 -0.412621
    outer loop
      vertex 170.081 29 -16.807
      vertex 171.107 -29 -14.542
      vertex 170.081 -29 -16.807
    endloop
  endfacet
  facet normal 0.956922 0 -0.290344
    outer loop
      vertex 172.705 -29 -9.83512
      vertex 171.983 29 -12.2147
      vertex 172.705 29 -9.83512
    endloop
  endfacet
  facet normal 0.956922 0 -0.290344
    outer loop
      vertex 171.983 29 -12.2147
      vertex 172.705 -29 -9.83512
      vertex 171.983 -29 -12.2147
    endloop
  endfacet
  facet normal 0.995174 0 -0.0981228
    outer loop
      vertex 173.919 -29 -2.48532
      vertex 173.675 29 -4.96
      vertex 173.919 29 -2.48532
    endloop
  endfacet
  facet normal 0.995174 0 -0.0981228
    outer loop
      vertex 173.675 29 -4.96
      vertex 173.919 -29 -2.48532
      vertex 173.675 -29 -4.96
    endloop
  endfacet
  facet normal 0.999469 0 -0.0325741
    outer loop
      vertex 174 -29 0
      vertex 173.919 29 -2.48532
      vertex 174 29 0
    endloop
  endfacet
  facet normal 0.999469 0 -0.0325741
    outer loop
      vertex 173.919 29 -2.48532
      vertex 174 -29 0
      vertex 173.919 -29 -2.48532
    endloop
  endfacet
  facet normal -0.973882 0 -0.227054
    outer loop
      vertex 99.2948 -29 -9.83512
      vertex 98.7302 29 -7.41343
      vertex 99.2948 29 -9.83512
    endloop
  endfacet
  facet normal -0.973882 -0 -0.227054
    outer loop
      vertex 98.7302 29 -7.41343
      vertex 99.2948 -29 -9.83512
      vertex 98.7302 -29 -7.41343
    endloop
  endfacet
  facet normal -0.986641 0 -0.16291
    outer loop
      vertex 98.7302 -29 -7.41343
      vertex 98.3251 29 -4.96
      vertex 98.7302 29 -7.41343
    endloop
  endfacet
  facet normal -0.986641 -0 -0.16291
    outer loop
      vertex 98.3251 29 -4.96
      vertex 98.7302 -29 -7.41343
      vertex 98.3251 -29 -4.96
    endloop
  endfacet
  facet normal 0.162987 0 -0.986628
    outer loop
      vertex 143.413 28.5029 -37.2698
      vertex 143.005 29 -37.3372
      vertex 143.413 29 -37.2698
    endloop
  endfacet
  facet normal 0.162987 0 -0.986628
    outer loop
      vertex 143.413 -29 -37.2698
      vertex 143.005 -29 -37.3372
      vertex 143.413 -28.5029 -37.2698
    endloop
  endfacet
  facet normal 0.352278 0 -0.935895
    outer loop
      vertex 148.215 -29 -35.9833
      vertex 150.542 29 -35.1074
      vertex 150.542 -29 -35.1074
    endloop
  endfacet
  facet normal 0.352278 0 -0.935895
    outer loop
      vertex 150.542 29 -35.1074
      vertex 148.215 -29 -35.9833
      vertex 148.215 29 -35.9833
    endloop
  endfacet
  facet normal 0.812727 0 -0.582645
    outer loop
      vertex 167.596 -29 -21.1117
      vertex 166.147 29 -23.1329
      vertex 167.596 29 -21.1117
    endloop
  endfacet
  facet normal 0.812727 0 -0.582645
    outer loop
      vertex 166.147 29 -23.1329
      vertex 167.596 -29 -21.1117
      vertex 166.147 -29 -23.1329
    endloop
  endfacet
  facet normal 0.849227 0 -0.528027
    outer loop
      vertex 168.909 -29 -19
      vertex 167.596 29 -21.1117
      vertex 168.909 29 -19
    endloop
  endfacet
  facet normal 0.849227 0 -0.528027
    outer loop
      vertex 167.596 29 -21.1117
      vertex 168.909 -29 -19
      vertex 167.596 -29 -21.1117
    endloop
  endfacet
  facet normal 0.729851 0 -0.683607
    outer loop
      vertex 164.57 -29 -25.0551
      vertex 162.87 29 -26.8701
      vertex 164.57 29 -25.0551
    endloop
  endfacet
  facet normal 0.729851 0 -0.683607
    outer loop
      vertex 162.87 29 -26.8701
      vertex 164.57 -29 -25.0551
      vertex 162.87 -29 -26.8701
    endloop
  endfacet
  facet normal 0.634431 0 -0.77298
    outer loop
      vertex 159.133 -29 -30.1474
      vertex 161.055 29 -28.5699
      vertex 161.055 -29 -28.5699
    endloop
  endfacet
  facet normal 0.634431 0 -0.77298
    outer loop
      vertex 161.055 29 -28.5699
      vertex 159.133 -29 -30.1474
      vertex 159.133 29 -30.1474
    endloop
  endfacet
  facet normal 0.528031 0 -0.849225
    outer loop
      vertex 155 -29 -32.909
      vertex 157.112 29 -31.5958
      vertex 157.112 -29 -31.5958
    endloop
  endfacet
  facet normal 0.528031 0 -0.849225
    outer loop
      vertex 157.112 29 -31.5958
      vertex 155 -29 -32.909
      vertex 155 29 -32.909
    endloop
  endfacet
  facet normal -0.729851 0 -0.683607
    outer loop
      vertex 109.13 -29 -26.8701
      vertex 107.43 29 -25.0551
      vertex 109.13 29 -26.8701
    endloop
  endfacet
  facet normal -0.729851 -0 -0.683607
    outer loop
      vertex 107.43 29 -25.0551
      vertex 109.13 -29 -26.8701
      vertex 107.43 -29 -25.0551
    endloop
  endfacet
  facet normal 0.290237 0 -0.956955
    outer loop
      vertex 148.215 -29 -35.9833
      vertex 147 -18.1 -36.3518
      vertex 148.215 29 -35.9833
    endloop
  endfacet
  facet normal 0.290685 5.45859e-05 -0.956819
    outer loop
      vertex 148.215 -29 -35.9833
      vertex 146.964 -19.2053 -36.3628
      vertex 147 -18.1 -36.3518
    endloop
  endfacet
  facet normal 0.289711 -8.12841e-05 -0.957114
    outer loop
      vertex 148.215 -29 -35.9833
      vertex 146.855 -20.3059 -36.3957
      vertex 146.964 -19.2053 -36.3628
    endloop
  endfacet
  facet normal 0.290231 7.53303e-06 -0.956957
    outer loop
      vertex 148.215 -29 -35.9833
      vertex 146.675 -21.397 -36.4503
      vertex 146.855 -20.3059 -36.3957
    endloop
  endfacet
  facet normal 0.290356 3.5144e-05 -0.956919
    outer loop
      vertex 148.215 -29 -35.9833
      vertex 146.424 -22.474 -36.5265
      vertex 146.675 -21.397 -36.4503
    endloop
  endfacet
  facet normal 0.2903 1.82741e-05 -0.956936
    outer loop
      vertex 148.215 -29 -35.9833
      vertex 146.103 -23.5323 -36.6239
      vertex 146.424 -22.474 -36.5265
    endloop
  endfacet
  facet normal 0.290261 0 -0.956948
    outer loop
      vertex 145.835 -24.2444 -36.7052
      vertex 148.215 -29 -35.9833
      vertex 145.835 -29 -36.7052
    endloop
  endfacet
  facet normal 0.290275 7.99252e-06 -0.956943
    outer loop
      vertex 148.215 -29 -35.9833
      vertex 145.835 -24.2444 -36.7052
      vertex 146.103 -23.5323 -36.6239
    endloop
  endfacet
  facet normal 0.290237 0 -0.956955
    outer loop
      vertex 147 18.1 -36.3518
      vertex 148.215 29 -35.9833
      vertex 147 -18.1 -36.3518
    endloop
  endfacet
  facet normal 0.290685 -5.45859e-05 -0.956819
    outer loop
      vertex 146.964 19.2053 -36.3628
      vertex 148.215 29 -35.9833
      vertex 147 18.1 -36.3518
    endloop
  endfacet
  facet normal 0.289711 8.12841e-05 -0.957114
    outer loop
      vertex 146.855 20.3059 -36.3957
      vertex 148.215 29 -35.9833
      vertex 146.964 19.2053 -36.3628
    endloop
  endfacet
  facet normal 0.290231 -7.53303e-06 -0.956957
    outer loop
      vertex 146.675 21.397 -36.4503
      vertex 148.215 29 -35.9833
      vertex 146.855 20.3059 -36.3957
    endloop
  endfacet
  facet normal 0.290356 -3.5144e-05 -0.956919
    outer loop
      vertex 146.424 22.474 -36.5265
      vertex 148.215 29 -35.9833
      vertex 146.675 21.397 -36.4503
    endloop
  endfacet
  facet normal 0.2903 -1.82741e-05 -0.956936
    outer loop
      vertex 146.103 23.5323 -36.6239
      vertex 148.215 29 -35.9833
      vertex 146.424 22.474 -36.5265
    endloop
  endfacet
  facet normal 0.290275 -7.99252e-06 -0.956943
    outer loop
      vertex 145.835 24.2444 -36.7052
      vertex 148.215 29 -35.9833
      vertex 146.103 23.5323 -36.6239
    endloop
  endfacet
  facet normal 0.290261 0 -0.956948
    outer loop
      vertex 148.215 29 -35.9833
      vertex 145.835 24.2444 -36.7052
      vertex 145.835 29 -36.7052
    endloop
  endfacet
  facet normal 0.582523 0 -0.812814
    outer loop
      vertex 157.112 -29 -31.5958
      vertex 159.133 29 -30.1474
      vertex 159.133 -29 -30.1474
    endloop
  endfacet
  facet normal 0.582523 0 -0.812814
    outer loop
      vertex 159.133 29 -30.1474
      vertex 157.112 -29 -31.5958
      vertex 157.112 29 -31.5958
    endloop
  endfacet
  facet normal -0.634431 0 -0.77298
    outer loop
      vertex 110.945 -29 -28.5699
      vertex 112.867 29 -30.1474
      vertex 112.867 -29 -30.1474
    endloop
  endfacet
  facet normal -0.634431 0 -0.77298
    outer loop
      vertex 112.867 29 -30.1474
      vertex 110.945 -29 -28.5699
      vertex 110.945 29 -28.5699
    endloop
  endfacet
  facet normal -0.527947 -0.000535742 -0.849277
    outer loop
      vertex 114.888 -29 -31.5958
      vertex 116.492 -28.3881 -32.5933
      vertex 116.995 -29 -32.9056
    endloop
  endfacet
  facet normal -0.528116 7.97345e-05 -0.849172
    outer loop
      vertex 114.888 -29 -31.5958
      vertex 115.848 -27.4891 -32.1927
      vertex 116.492 -28.3881 -32.5933
    endloop
  endfacet
  facet normal -0.528018 -6.47433e-06 -0.849233
    outer loop
      vertex 114.888 -29 -31.5958
      vertex 115.264 -26.55 -31.8296
      vertex 115.848 -27.4891 -32.1927
    endloop
  endfacet
  facet normal -0.528049 0 -0.849214
    outer loop
      vertex 115.264 -26.55 -31.8296
      vertex 114.888 -29 -31.5958
      vertex 114.888 -25.8469 -31.5958
    endloop
  endfacet
  facet normal -0.527947 0.000535742 -0.849277
    outer loop
      vertex 116.492 28.3881 -32.5933
      vertex 114.888 29 -31.5958
      vertex 116.995 29 -32.9056
    endloop
  endfacet
  facet normal -0.528116 -7.97345e-05 -0.849172
    outer loop
      vertex 115.848 27.4891 -32.1927
      vertex 114.888 29 -31.5958
      vertex 116.492 28.3881 -32.5933
    endloop
  endfacet
  facet normal -0.528018 6.47433e-06 -0.849233
    outer loop
      vertex 115.264 26.55 -31.8296
      vertex 114.888 29 -31.5958
      vertex 115.848 27.4891 -32.1927
    endloop
  endfacet
  facet normal -0.528049 -0 -0.849214
    outer loop
      vertex 114.888 29 -31.5958
      vertex 115.264 26.55 -31.8296
      vertex 114.888 25.8469 -31.5958
    endloop
  endfacet
  facet normal -0.582523 0 -0.812814
    outer loop
      vertex 112.867 -29 -30.1474
      vertex 114.888 -25.8469 -31.5958
      vertex 114.888 -29 -31.5958
    endloop
  endfacet
  facet normal -0.582997 0.000459908 -0.812474
    outer loop
      vertex 114.888 -25.8469 -31.5958
      vertex 112.867 -29 -30.1474
      vertex 114.743 -25.5747 -31.4916
    endloop
  endfacet
  facet normal -0.582255 -0.000155248 -0.813006
    outer loop
      vertex 114.743 -25.5747 -31.4916
      vertex 112.867 -29 -30.1474
      vertex 114.286 -24.5673 -31.1645
    endloop
  endfacet
  facet normal -0.582781 9.95113e-05 -0.812629
    outer loop
      vertex 114.286 -24.5673 -31.1645
      vertex 112.867 -29 -30.1474
      vertex 113.897 -23.5323 -30.8854
    endloop
  endfacet
  facet normal -0.582537 2.99961e-05 -0.812804
    outer loop
      vertex 113.897 -23.5323 -30.8854
      vertex 112.867 -29 -30.1474
      vertex 113.576 -22.474 -30.6553
    endloop
  endfacet
  facet normal -0.582452 0 -0.812865
    outer loop
      vertex 113 -18.1 -30.2427
      vertex 112.867 -29 -30.1474
      vertex 113 18.1 -30.2427
    endloop
  endfacet
  facet normal -0.583584 2.09259e-05 -0.812053
    outer loop
      vertex 113.036 -19.2053 -30.2686
      vertex 112.867 -29 -30.1474
      vertex 113 -18.1 -30.2427
    endloop
  endfacet
  facet normal -0.580806 -5.16234e-05 -0.814042
    outer loop
      vertex 113.145 -20.3059 -30.3463
      vertex 112.867 -29 -30.1474
      vertex 113.036 -19.2053 -30.2686
    endloop
  endfacet
  facet normal -0.582664 3.81939e-05 -0.812713
    outer loop
      vertex 113.325 -21.397 -30.4754
      vertex 112.867 -29 -30.1474
      vertex 113.145 -20.3059 -30.3463
    endloop
  endfacet
  facet normal -0.582491 2.24056e-05 -0.812837
    outer loop
      vertex 113.576 -22.474 -30.6553
      vertex 112.867 -29 -30.1474
      vertex 113.325 -21.397 -30.4754
    endloop
  endfacet
  facet normal -0.582997 -0.000459908 -0.812474
    outer loop
      vertex 112.867 29 -30.1474
      vertex 114.888 25.8469 -31.5958
      vertex 114.743 25.5747 -31.4916
    endloop
  endfacet
  facet normal -0.582255 0.000155248 -0.813006
    outer loop
      vertex 112.867 29 -30.1474
      vertex 114.743 25.5747 -31.4916
      vertex 114.286 24.5673 -31.1645
    endloop
  endfacet
  facet normal -0.582781 -9.95113e-05 -0.812629
    outer loop
      vertex 112.867 29 -30.1474
      vertex 114.286 24.5673 -31.1645
      vertex 113.897 23.5323 -30.8854
    endloop
  endfacet
  facet normal -0.582537 -2.99961e-05 -0.812804
    outer loop
      vertex 112.867 29 -30.1474
      vertex 113.897 23.5323 -30.8854
      vertex 113.576 22.474 -30.6553
    endloop
  endfacet
  facet normal -0.582491 -2.24056e-05 -0.812837
    outer loop
      vertex 112.867 29 -30.1474
      vertex 113.576 22.474 -30.6553
      vertex 113.325 21.397 -30.4754
    endloop
  endfacet
  facet normal -0.582523 0 -0.812814
    outer loop
      vertex 114.888 25.8469 -31.5958
      vertex 112.867 29 -30.1474
      vertex 114.888 29 -31.5958
    endloop
  endfacet
  facet normal -0.582664 -3.81939e-05 -0.812713
    outer loop
      vertex 113.145 20.3059 -30.3463
      vertex 112.867 29 -30.1474
      vertex 113.325 21.397 -30.4754
    endloop
  endfacet
  facet normal -0.580806 5.16234e-05 -0.814042
    outer loop
      vertex 113.036 19.2053 -30.2686
      vertex 112.867 29 -30.1474
      vertex 113.145 20.3059 -30.3463
    endloop
  endfacet
  facet normal -0.583584 -2.09259e-05 -0.812053
    outer loop
      vertex 113 18.1 -30.2427
      vertex 112.867 29 -30.1474
      vertex 113.036 19.2053 -30.2686
    endloop
  endfacet
  facet normal -0.582452 -0 -0.812865
    outer loop
      vertex 112.867 29 -30.1474
      vertex 113 18.1 -30.2427
      vertex 112.867 -29 -30.1474
    endloop
  endfacet
  facet normal -0.881952 0 -0.47134
    outer loop
      vertex 103.091 -29 -19
      vertex 101.919 29 -16.807
      vertex 103.091 29 -19
    endloop
  endfacet
  facet normal -0.881952 -0 -0.47134
    outer loop
      vertex 101.919 29 -16.807
      vertex 103.091 -29 -19
      vertex 101.919 -29 -16.807
    endloop
  endfacet
  facet normal -0.849227 0 -0.528027
    outer loop
      vertex 104.404 -29 -21.1117
      vertex 103.091 29 -19
      vertex 104.404 29 -21.1117
    endloop
  endfacet
  facet normal -0.849227 -0 -0.528027
    outer loop
      vertex 103.091 29 -19
      vertex 104.404 -29 -21.1117
      vertex 103.091 -29 -19
    endloop
  endfacet
  facet normal -0.812727 0 -0.582645
    outer loop
      vertex 105.853 -29 -23.1329
      vertex 104.404 29 -21.1117
      vertex 105.853 29 -23.1329
    endloop
  endfacet
  facet normal -0.812727 -0 -0.582645
    outer loop
      vertex 104.404 29 -21.1117
      vertex 105.853 -29 -23.1329
      vertex 104.404 -29 -21.1117
    endloop
  endfacet
  facet normal -0.9569 0 -0.290418
    outer loop
      vertex 100.017 -29 -12.2147
      vertex 99.2948 29 -9.83512
      vertex 100.017 29 -12.2147
    endloop
  endfacet
  facet normal -0.9569 -0 -0.290418
    outer loop
      vertex 99.2948 29 -9.83512
      vertex 100.017 -29 -12.2147
      vertex 99.2948 -29 -9.83512
    endloop
  endfacet
  facet normal -0.935897 0 -0.352273
    outer loop
      vertex 100.893 -29 -14.542
      vertex 100.017 29 -12.2147
      vertex 100.893 29 -14.542
    endloop
  endfacet
  facet normal -0.935897 -0 -0.352273
    outer loop
      vertex 100.017 29 -12.2147
      vertex 100.893 -29 -14.542
      vertex 100.017 -29 -12.2147
    endloop
  endfacet
  facet normal -0.999473 0 -0.0324738
    outer loop
      vertex 160 -29 0
      vertex 159.949 -23 1.56967
      vertex 160 -23 0
    endloop
  endfacet
  facet normal -0.999473 -0 -0.0324738
    outer loop
      vertex 159.949 -23 1.56967
      vertex 160 -29 0
      vertex 159.949 -29 1.56967
    endloop
  endfacet
  facet normal -0.995181 0 -0.0980562
    outer loop
      vertex 159.949 -29 1.56967
      vertex 159.795 -23 3.13263
      vertex 159.949 -23 1.56967
    endloop
  endfacet
  facet normal -0.995181 -0 -0.0980562
    outer loop
      vertex 159.795 -23 3.13263
      vertex 159.949 -29 1.56967
      vertex 159.795 -29 3.13263
    endloop
  endfacet
  facet normal 0.0326772 -6.34146e-06 -0.999466
    outer loop
      vertex 134.43 -23 23.9486
      vertex 136 -33.9271 24
      vertex 135.532 -34.1031 23.9847
    endloop
  endfacet
  facet normal 0.032779 3.76631e-06 -0.999463
    outer loop
      vertex 134.43 -23 23.9486
      vertex 135.532 -34.1031 23.9847
      vertex 134.474 -34.4241 23.95
    endloop
  endfacet
  facet normal 0.0318021 0 -0.999494
    outer loop
      vertex 134.43 -23 23.9486
      vertex 134.474 -34.4241 23.95
      vertex 134.43 -34.4343 23.9486
    endloop
  endfacet
  facet normal 0.0327213 0 -0.999465
    outer loop
      vertex 136 -33.9271 24
      vertex 134.43 -23 23.9486
      vertex 136 -23 24
    endloop
  endfacet
  facet normal -0.683361 0 -0.730081
    outer loop
      vertex 151.824 -29 18.0442
      vertex 152.971 -23 16.9706
      vertex 152.971 -29 16.9706
    endloop
  endfacet
  facet normal -0.683361 0 -0.730081
    outer loop
      vertex 152.971 -23 16.9706
      vertex 151.824 -29 18.0442
      vertex 151.824 -23 18.0442
    endloop
  endfacet
  facet normal 0.730063 0 -0.68338
    outer loop
      vertex 119.029 -23 16.9706
      vertex 117.956 -30.0557 15.8243
      vertex 117.956 -23 15.8243
    endloop
  endfacet
  facet normal 0.729952 3.62138e-05 -0.683498
    outer loop
      vertex 119.029 -23 16.9706
      vertex 118.757 -30.8061 16.6797
      vertex 117.956 -30.0557 15.8243
    endloop
  endfacet
  facet normal 0.730437 0 -0.68298
    outer loop
      vertex 118.757 -30.8061 16.6797
      vertex 119.029 -23 16.9706
      vertex 119.029 -31.0296 16.9706
    endloop
  endfacet
  facet normal -0.9109 0 -0.412627
    outer loop
      vertex 158.173 -29 9.1844
      vertex 157.525 -23 10.6149
      vertex 158.173 -23 9.1844
    endloop
  endfacet
  facet normal -0.9109 -0 -0.412627
    outer loop
      vertex 157.525 -23 10.6149
      vertex 158.173 -29 9.1844
      vertex 157.525 -29 10.6149
    endloop
  endfacet
  facet normal 0.225867 0 -0.974158
    outer loop
      vertex 131.205 -34.9638 23.5126
      vertex 131.318 -23 23.5388
      vertex 131.318 -34.9527 23.5388
    endloop
  endfacet
  facet normal 0.227118 5.05598e-06 -0.973867
    outer loop
      vertex 129.788 -23 23.1822
      vertex 131.205 -34.9638 23.5126
      vertex 130.1 -35 23.2549
    endloop
  endfacet
  facet normal 0.226922 -3.24638e-07 -0.973913
    outer loop
      vertex 129.788 -23 23.1822
      vertex 130.1 -35 23.2549
      vertex 129.9 -35 23.2083
    endloop
  endfacet
  facet normal 0.226955 0 -0.973905
    outer loop
      vertex 129.788 -23 23.1822
      vertex 129.9 -35 23.2083
      vertex 129.788 -34.9963 23.1822
    endloop
  endfacet
  facet normal 0.226988 -1.11624e-05 -0.973898
    outer loop
      vertex 131.205 -34.9638 23.5126
      vertex 129.788 -23 23.1822
      vertex 131.318 -23 23.5388
    endloop
  endfacet
  facet normal -0.973824 0 -0.227301
    outer loop
      vertex 159.539 -29 4.68217
      vertex 159.182 -23 6.21166
      vertex 159.539 -23 4.68217
    endloop
  endfacet
  facet normal -0.973824 -0 -0.227301
    outer loop
      vertex 159.182 -23 6.21166
      vertex 159.539 -29 4.68217
      vertex 159.182 -29 6.21166
    endloop
  endfacet
  facet normal -0.16308 -1.64657e-05 -0.986613
    outer loop
      vertex 139.133 -23 23.7947
      vertex 140.682 -31.2663 23.5388
      vertex 140.388 -31.5077 23.5874
    endloop
  endfacet
  facet normal -0.162878 1.4082e-05 -0.986646
    outer loop
      vertex 139.133 -23 23.7947
      vertex 140.388 -31.5077 23.5874
      vertex 139.489 -32.1518 23.7358
    endloop
  endfacet
  facet normal -0.16323 -0 -0.986588
    outer loop
      vertex 139.133 -23 23.7947
      vertex 139.489 -32.1518 23.7358
      vertex 139.133 -32.3735 23.7947
    endloop
  endfacet
  facet normal -0.162994 0 -0.986627
    outer loop
      vertex 140.682 -31.2663 23.5388
      vertex 139.133 -23 23.7947
      vertex 140.682 -23 23.5388
    endloop
  endfacet
  facet normal -0.634392 0 -0.773012
    outer loop
      vertex 150.61 -29 19.0405
      vertex 151.824 -23 18.0442
      vertex 151.824 -29 18.0442
    endloop
  endfacet
  facet normal -0.634392 0 -0.773012
    outer loop
      vertex 151.824 -23 18.0442
      vertex 150.61 -29 19.0405
      vertex 150.61 -23 19.0405
    endloop
  endfacet
  facet normal 0.849016 0 -0.528367
    outer loop
      vertex 116.045 -29 13.3337
      vertex 115.215 -23 12
      vertex 116.045 -23 13.3337
    endloop
  endfacet
  facet normal 0.849016 0 -0.528367
    outer loop
      vertex 115.215 -23 12
      vertex 116.045 -29 13.3337
      vertex 115.215 -29 12
    endloop
  endfacet
  facet normal 0.882014 0 -0.471223
    outer loop
      vertex 115.215 -29 12
      vertex 114.475 -23 10.6149
      vertex 115.215 -23 12
    endloop
  endfacet
  facet normal 0.882014 0 -0.471223
    outer loop
      vertex 114.475 -23 10.6149
      vertex 115.215 -29 12
      vertex 114.475 -29 10.6149
    endloop
  endfacet
  facet normal 0.582482 0 -0.812844
    outer loop
      vertex 122.425 -33.2571 19.7826
      vertex 122.666 -23 19.9553
      vertex 122.666 -33.3663 19.9553
    endloop
  endfacet
  facet normal 0.5826 -4.20574e-06 -0.812759
    outer loop
      vertex 121.45 -32.7358 19.0837
      vertex 122.666 -23 19.9553
      vertex 122.425 -33.2571 19.7826
    endloop
  endfacet
  facet normal 0.58418 -0.000303128 -0.811624
    outer loop
      vertex 121.39 -32.6983 19.0405
      vertex 122.666 -23 19.9553
      vertex 121.45 -32.7358 19.0837
    endloop
  endfacet
  facet normal 0.582659 0 -0.812717
    outer loop
      vertex 122.666 -23 19.9553
      vertex 121.39 -32.6983 19.0405
      vertex 121.39 -23 19.0405
    endloop
  endfacet
  facet normal 0.163029 4.74107e-06 -0.986621
    outer loop
      vertex 131.318 -23 23.5388
      vertex 132.867 -34.7627 23.7947
      vertex 132.306 -34.8554 23.702
    endloop
  endfacet
  facet normal 0.162974 0 -0.98663
    outer loop
      vertex 131.318 -23 23.5388
      vertex 132.306 -34.8554 23.702
      vertex 131.318 -34.9527 23.5388
    endloop
  endfacet
  facet normal 0.162994 0 -0.986627
    outer loop
      vertex 132.867 -34.7627 23.7947
      vertex 131.318 -23 23.5388
      vertex 132.867 -23 23.7947
    endloop
  endfacet
  facet normal -0.973824 0 0.227301
    outer loop
      vertex 159.182 -29 -6.21166
      vertex 159.539 -23 -4.68217
      vertex 159.182 -23 -6.21166
    endloop
  endfacet
  facet normal -0.973824 0 0.227301
    outer loop
      vertex 159.539 -23 -4.68217
      vertex 159.182 -29 -6.21166
      vertex 159.539 -29 -4.68217
    endloop
  endfacet
  facet normal 0.772663 0 0.634817
    outer loop
      vertex 116.995 -29 -14.6529
      vertex 116.96 -23 -14.6103
      vertex 116.96 -29 -14.6103
    endloop
  endfacet
  facet normal 0.773105 6.4107e-06 0.634278
    outer loop
      vertex 116.96 -23 -14.6103
      vertex 116.995 -29 -14.6529
      vertex 117.956 -23 -15.8243
    endloop
  endfacet
  facet normal 0.773583 -0.00018397 0.633695
    outer loop
      vertex 117.194 -29.2429 -14.8959
      vertex 117.956 -23 -15.8243
      vertex 116.995 -29 -14.6529
    endloop
  endfacet
  facet normal 0.77298 -9.27613e-07 0.63443
    outer loop
      vertex 117.95 -30.0501 -15.817
      vertex 117.956 -23 -15.8243
      vertex 117.194 -29.2429 -14.8959
    endloop
  endfacet
  facet normal 0.772541 0 0.634965
    outer loop
      vertex 117.956 -23 -15.8243
      vertex 117.95 -30.0501 -15.817
      vertex 117.956 -30.0557 -15.8243
    endloop
  endfacet
  facet normal 0.9109 -0 0.412627
    outer loop
      vertex 113.827 -29 -9.1844
      vertex 114.475 -23 -10.6149
      vertex 113.827 -23 -9.1844
    endloop
  endfacet
  facet normal 0.9109 0 0.412627
    outer loop
      vertex 114.475 -23 -10.6149
      vertex 113.827 -29 -9.1844
      vertex 114.475 -29 -10.6149
    endloop
  endfacet
  facet normal -0.0979906 0 0.995187
    outer loop
      vertex 137.57 -23 -23.9486
      vertex 139.133 -32.3735 -23.7947
      vertex 139.133 -23 -23.7947
    endloop
  endfacet
  facet normal -0.0979833 1.23759e-06 0.995188
    outer loop
      vertex 139.133 -32.3735 -23.7947
      vertex 137.57 -23 -23.9486
      vertex 138.55 -32.7358 -23.8521
    endloop
  endfacet
  facet normal -0.0979881 7.46146e-07 0.995188
    outer loop
      vertex 138.55 -32.7358 -23.8521
      vertex 137.57 -23 -23.9486
      vertex 137.575 -33.2571 -23.9481
    endloop
  endfacet
  facet normal -0.0995037 0 0.995037
    outer loop
      vertex 137.575 -33.2571 -23.9481
      vertex 137.57 -23 -23.9486
      vertex 137.57 -33.2594 -23.9486
    endloop
  endfacet
  facet normal -0.352422 0 0.935841
    outer loop
      vertex 143.715 -23 -22.7263
      vertex 145.184 -29 -22.1731
      vertex 145.184 -23 -22.1731
    endloop
  endfacet
  facet normal -0.352422 0 0.935841
    outer loop
      vertex 145.184 -29 -22.1731
      vertex 143.715 -23 -22.7263
      vertex 143.715 -29 -22.7263
    endloop
  endfacet
  facet normal -0.986626 0 -0.163001
    outer loop
      vertex 159.795 -29 3.13263
      vertex 159.539 -23 4.68217
      vertex 159.795 -23 3.13263
    endloop
  endfacet
  facet normal -0.986626 -0 -0.163001
    outer loop
      vertex 159.539 -23 4.68217
      vertex 159.795 -29 3.13263
      vertex 159.539 -29 4.68217
    endloop
  endfacet
  facet normal -0.956922 0 -0.290345
    outer loop
      vertex 159.182 -29 6.21166
      vertex 158.726 -23 7.71455
      vertex 159.182 -23 6.21166
    endloop
  endfacet
  facet normal -0.956922 -0 -0.290345
    outer loop
      vertex 158.726 -23 7.71455
      vertex 159.182 -29 6.21166
      vertex 158.726 -29 7.71455
    endloop
  endfacet
  facet normal -0.773105 0 -0.634278
    outer loop
      vertex 155.04 -29 14.6103
      vertex 154.044 -23 15.8243
      vertex 155.04 -23 14.6103
    endloop
  endfacet
  facet normal -0.773105 -0 -0.634278
    outer loop
      vertex 154.044 -23 15.8243
      vertex 155.04 -29 14.6103
      vertex 154.044 -29 15.8243
    endloop
  endfacet
  facet normal -0.812786 0 -0.582562
    outer loop
      vertex 155.955 -29 13.3337
      vertex 155.04 -23 14.6103
      vertex 155.955 -23 13.3337
    endloop
  endfacet
  facet normal -0.812786 -0 -0.582562
    outer loop
      vertex 155.04 -23 14.6103
      vertex 155.955 -29 13.3337
      vertex 155.04 -29 14.6103
    endloop
  endfacet
  facet normal -0.882014 0 -0.471223
    outer loop
      vertex 157.525 -29 10.6149
      vertex 156.785 -23 12
      vertex 157.525 -23 10.6149
    endloop
  endfacet
  facet normal -0.882014 -0 -0.471223
    outer loop
      vertex 156.785 -23 12
      vertex 157.525 -29 10.6149
      vertex 156.785 -29 12
    endloop
  endfacet
  facet normal -0.0979833 1.23759e-06 -0.995188
    outer loop
      vertex 137.57 -23 23.9486
      vertex 139.133 -32.3735 23.7947
      vertex 138.55 -32.7358 23.8521
    endloop
  endfacet
  facet normal -0.0979881 7.46146e-07 -0.995188
    outer loop
      vertex 137.57 -23 23.9486
      vertex 138.55 -32.7358 23.8521
      vertex 137.575 -33.2571 23.9481
    endloop
  endfacet
  facet normal -0.0995037 -0 -0.995037
    outer loop
      vertex 137.57 -23 23.9486
      vertex 137.575 -33.2571 23.9481
      vertex 137.57 -33.2594 23.9486
    endloop
  endfacet
  facet normal -0.0979906 0 -0.995187
    outer loop
      vertex 139.133 -32.3735 23.7947
      vertex 137.57 -23 23.9486
      vertex 139.133 -23 23.7947
    endloop
  endfacet
  facet normal -0.289944 0 -0.957044
    outer loop
      vertex 143.005 -29 22.9414
      vertex 143.715 -23 22.7263
      vertex 143.715 -29 22.7263
    endloop
  endfacet
  facet normal -0.29083 -3.95373e-05 -0.956775
    outer loop
      vertex 142.212 -23 23.1822
      vertex 143.005 -29 22.9414
      vertex 142.806 -29.2429 23.0019
    endloop
  endfacet
  facet normal -0.29045 -0 -0.95689
    outer loop
      vertex 142.212 -23 23.1822
      vertex 142.806 -29.2429 23.0019
      vertex 142.212 -29.8776 23.1822
    endloop
  endfacet
  facet normal -0.290267 4.17775e-05 -0.956946
    outer loop
      vertex 143.005 -29 22.9414
      vertex 142.212 -23 23.1822
      vertex 143.715 -23 22.7263
    endloop
  endfacet
  facet normal -0.352422 0 -0.935841
    outer loop
      vertex 143.715 -29 22.7263
      vertex 145.184 -23 22.1731
      vertex 145.184 -29 22.1731
    endloop
  endfacet
  facet normal -0.352422 0 -0.935841
    outer loop
      vertex 145.184 -23 22.1731
      vertex 143.715 -29 22.7263
      vertex 143.715 -23 22.7263
    endloop
  endfacet
  facet normal -0.471398 0 -0.881921
    outer loop
      vertex 146.615 -29 21.5249
      vertex 148 -23 20.7846
      vertex 148 -29 20.7846
    endloop
  endfacet
  facet normal -0.471398 0 -0.881921
    outer loop
      vertex 148 -23 20.7846
      vertex 146.615 -29 21.5249
      vertex 146.615 -23 21.5249
    endloop
  endfacet
  facet normal 0.995181 0 -0.0980562
    outer loop
      vertex 112.205 -29 3.13263
      vertex 112.051 -23 1.56967
      vertex 112.205 -23 3.13263
    endloop
  endfacet
  facet normal 0.995181 0 -0.0980562
    outer loop
      vertex 112.051 -23 1.56967
      vertex 112.205 -29 3.13263
      vertex 112.051 -29 1.56967
    endloop
  endfacet
  facet normal 0 -1 0
    outer loop
      vertex 136 -23 2.175
      vertex 136 -23 24
      vertex 134.43 -23 23.9486
    endloop
  endfacet
  facet normal 0 -1 0
    outer loop
      vertex 135.858 -23 2.17034
      vertex 134.43 -23 23.9486
      vertex 132.867 -23 23.7947
    endloop
  endfacet
  facet normal 0 -1 0
    outer loop
      vertex 136 -23 24
      vertex 136 -23 2.175
      vertex 137.57 -23 23.9486
    endloop
  endfacet
  facet normal 0 -1 0
    outer loop
      vertex 135.716 -23 2.15639
      vertex 132.867 -23 23.7947
      vertex 131.318 -23 23.5388
    endloop
  endfacet
  facet normal 0 -1 0
    outer loop
      vertex 136.142 -23 2.17034
      vertex 137.57 -23 23.9486
      vertex 136 -23 2.175
    endloop
  endfacet
  facet normal 0 -1 0
    outer loop
      vertex 135.576 -23 2.13321
      vertex 131.318 -23 23.5388
      vertex 129.788 -23 23.1822
    endloop
  endfacet
  facet normal 0 -1 -0
    outer loop
      vertex 137.57 -23 23.9486
      vertex 136.142 -23 2.17034
      vertex 139.133 -23 23.7947
    endloop
  endfacet
  facet normal 0 -1 0
    outer loop
      vertex 135.437 -23 2.10089
      vertex 129.788 -23 23.1822
      vertex 128.285 -23 22.7263
    endloop
  endfacet
  facet normal 0 -1 0
    outer loop
      vertex 136.284 -23 2.15639
      vertex 139.133 -23 23.7947
      vertex 136.142 -23 2.17034
    endloop
  endfacet
  facet normal 0 -1 0
    outer loop
      vertex 135.301 -23 2.05957
      vertex 128.285 -23 22.7263
      vertex 126.816 -23 22.1731
    endloop
  endfacet
  facet normal 0 -1 -0
    outer loop
      vertex 139.133 -23 23.7947
      vertex 136.284 -23 2.15639
      vertex 140.682 -23 23.5388
    endloop
  endfacet
  facet normal 0 -1 0
    outer loop
      vertex 135.168 -23 2.00944
      vertex 126.816 -23 22.1731
      vertex 125.385 -23 21.5249
    endloop
  endfacet
  facet normal 0 -1 0
    outer loop
      vertex 136.424 -23 2.13321
      vertex 140.682 -23 23.5388
      vertex 136.284 -23 2.15639
    endloop
  endfacet
  facet normal 0 -1 0
    outer loop
      vertex 135.038 -23 1.9507
      vertex 125.385 -23 21.5249
      vertex 124 -23 20.7846
    endloop
  endfacet
  facet normal 0 -1 -0
    outer loop
      vertex 140.682 -23 23.5388
      vertex 136.424 -23 2.13321
      vertex 142.212 -23 23.1822
    endloop
  endfacet
  facet normal 0 -1 0
    outer loop
      vertex 134.913 -23 1.88361
      vertex 124 -23 20.7846
      vertex 122.666 -23 19.9553
    endloop
  endfacet
  facet normal 0 -1 0
    outer loop
      vertex 136.563 -23 2.10089
      vertex 142.212 -23 23.1822
      vertex 136.424 -23 2.13321
    endloop
  endfacet
  facet normal 0 -1 0
    outer loop
      vertex 134.792 -23 1.80845
      vertex 122.666 -23 19.9553
      vertex 121.39 -23 19.0405
    endloop
  endfacet
  facet normal 0 -1 -0
    outer loop
      vertex 142.212 -23 23.1822
      vertex 136.563 -23 2.10089
      vertex 143.715 -23 22.7263
    endloop
  endfacet
  facet normal 0 -1 0
    outer loop
      vertex 134.676 -23 1.72554
      vertex 121.39 -23 19.0405
      vertex 120.176 -23 18.0442
    endloop
  endfacet
  facet normal 0 -1 0
    outer loop
      vertex 136.699 -23 2.05957
      vertex 143.715 -23 22.7263
      vertex 136.563 -23 2.10089
    endloop
  endfacet
  facet normal 0 -1 0
    outer loop
      vertex 134.566 -23 1.63525
      vertex 120.176 -23 18.0442
      vertex 119.029 -23 16.9706
    endloop
  endfacet
  facet normal 0 -1 -0
    outer loop
      vertex 143.715 -23 22.7263
      vertex 136.699 -23 2.05957
      vertex 145.184 -23 22.1731
    endloop
  endfacet
  facet normal 0 -1 0
    outer loop
      vertex 134.462 -23 1.53796
      vertex 119.029 -23 16.9706
      vertex 117.956 -23 15.8243
    endloop
  endfacet
  facet normal 0 -1 0
    outer loop
      vertex 136.832 -23 2.00944
      vertex 145.184 -23 22.1731
      vertex 136.699 -23 2.05957
    endloop
  endfacet
  facet normal 0 -1 0
    outer loop
      vertex 134.365 -23 1.43408
      vertex 117.956 -23 15.8243
      vertex 116.96 -23 14.6103
    endloop
  endfacet
  facet normal 0 -1 -0
    outer loop
      vertex 145.184 -23 22.1731
      vertex 136.832 -23 2.00944
      vertex 146.615 -23 21.5249
    endloop
  endfacet
  facet normal 0 -1 0
    outer loop
      vertex 134.274 -23 1.32406
      vertex 116.96 -23 14.6103
      vertex 116.045 -23 13.3337
    endloop
  endfacet
  facet normal 0 -1 0
    outer loop
      vertex 136.962 -23 1.9507
      vertex 146.615 -23 21.5249
      vertex 136.832 -23 2.00944
    endloop
  endfacet
  facet normal 0 -1 0
    outer loop
      vertex 134.192 -23 1.20836
      vertex 116.045 -23 13.3337
      vertex 115.215 -23 12
    endloop
  endfacet
  facet normal 0 -1 -0
    outer loop
      vertex 146.615 -23 21.5249
      vertex 136.962 -23 1.9507
      vertex 148 -23 20.7846
    endloop
  endfacet
  facet normal 0 -1 0
    outer loop
      vertex 134.116 -23 1.0875
      vertex 115.215 -23 12
      vertex 114.475 -23 10.6149
    endloop
  endfacet
  facet normal 0 -1 0
    outer loop
      vertex 137.087 -23 1.88361
      vertex 148 -23 20.7846
      vertex 136.962 -23 1.9507
    endloop
  endfacet
  facet normal 0 -1 0
    outer loop
      vertex 134.049 -23 0.961977
      vertex 114.475 -23 10.6149
      vertex 113.827 -23 9.1844
    endloop
  endfacet
  facet normal 0 -1 -0
    outer loop
      vertex 148 -23 20.7846
      vertex 137.087 -23 1.88361
      vertex 149.334 -23 19.9553
    endloop
  endfacet
  facet normal 0 -1 0
    outer loop
      vertex 133.991 -23 0.832336
      vertex 113.827 -23 9.1844
      vertex 113.274 -23 7.71455
    endloop
  endfacet
  facet normal 0 -1 0
    outer loop
      vertex 137.208 -23 1.80845
      vertex 149.334 -23 19.9553
      vertex 137.087 -23 1.88361
    endloop
  endfacet
  facet normal 0 -1 0
    outer loop
      vertex 133.94 -23 0.69913
      vertex 113.274 -23 7.71455
      vertex 112.818 -23 6.21166
    endloop
  endfacet
  facet normal 0 -1 -0
    outer loop
      vertex 149.334 -23 19.9553
      vertex 137.208 -23 1.80845
      vertex 150.61 -23 19.0405
    endloop
  endfacet
  facet normal 0 -1 0
    outer loop
      vertex 133.899 -23 0.562931
      vertex 112.818 -23 6.21166
      vertex 112.461 -23 4.68217
    endloop
  endfacet
  facet normal 0 -1 0
    outer loop
      vertex 137.324 -23 1.72554
      vertex 150.61 -23 19.0405
      vertex 137.208 -23 1.80845
    endloop
  endfacet
  facet normal 0 -1 0
    outer loop
      vertex 133.867 -23 0.424321
      vertex 112.461 -23 4.68217
      vertex 112.205 -23 3.13263
    endloop
  endfacet
  facet normal 0 -1 -0
    outer loop
      vertex 150.61 -23 19.0405
      vertex 137.324 -23 1.72554
      vertex 151.824 -23 18.0442
    endloop
  endfacet
  facet normal 0 -1 0
    outer loop
      vertex 137.434 -23 1.63525
      vertex 151.824 -23 18.0442
      vertex 137.324 -23 1.72554
    endloop
  endfacet
  facet normal 0 -1 0
    outer loop
      vertex 134.43 -23 23.9486
      vertex 135.858 -23 2.17034
      vertex 136 -23 2.175
    endloop
  endfacet
  facet normal 0 -1 0
    outer loop
      vertex 132.867 -23 23.7947
      vertex 135.716 -23 2.15639
      vertex 135.858 -23 2.17034
    endloop
  endfacet
  facet normal 0 -1 0
    outer loop
      vertex 131.318 -23 23.5388
      vertex 135.576 -23 2.13321
      vertex 135.716 -23 2.15639
    endloop
  endfacet
  facet normal 0 -1 0
    outer loop
      vertex 129.788 -23 23.1822
      vertex 135.437 -23 2.10089
      vertex 135.576 -23 2.13321
    endloop
  endfacet
  facet normal 0 -1 0
    outer loop
      vertex 128.285 -23 22.7263
      vertex 135.301 -23 2.05957
      vertex 135.437 -23 2.10089
    endloop
  endfacet
  facet normal 0 -1 0
    outer loop
      vertex 126.816 -23 22.1731
      vertex 135.168 -23 2.00944
      vertex 135.301 -23 2.05957
    endloop
  endfacet
  facet normal 0 -1 0
    outer loop
      vertex 125.385 -23 21.5249
      vertex 135.038 -23 1.9507
      vertex 135.168 -23 2.00944
    endloop
  endfacet
  facet normal 0 -1 0
    outer loop
      vertex 124 -23 20.7846
      vertex 134.913 -23 1.88361
      vertex 135.038 -23 1.9507
    endloop
  endfacet
  facet normal 0 -1 0
    outer loop
      vertex 122.666 -23 19.9553
      vertex 134.792 -23 1.80845
      vertex 134.913 -23 1.88361
    endloop
  endfacet
  facet normal 0 -1 0
    outer loop
      vertex 121.39 -23 19.0405
      vertex 134.676 -23 1.72554
      vertex 134.792 -23 1.80845
    endloop
  endfacet
  facet normal 0 -1 0
    outer loop
      vertex 120.176 -23 18.0442
      vertex 134.566 -23 1.63525
      vertex 134.676 -23 1.72554
    endloop
  endfacet
  facet normal 0 -1 0
    outer loop
      vertex 133.844 -23 0.283894
      vertex 112.205 -23 3.13263
      vertex 112.051 -23 1.56967
    endloop
  endfacet
  facet normal 0 -1 0
    outer loop
      vertex 119.029 -23 16.9706
      vertex 134.462 -23 1.53796
      vertex 134.566 -23 1.63525
    endloop
  endfacet
  facet normal 0 -1 0
    outer loop
      vertex 117.956 -23 15.8243
      vertex 134.365 -23 1.43408
      vertex 134.462 -23 1.53796
    endloop
  endfacet
  facet normal 0 -1 0
    outer loop
      vertex 116.96 -23 14.6103
      vertex 134.274 -23 1.32406
      vertex 134.365 -23 1.43408
    endloop
  endfacet
  facet normal 0 -1 0
    outer loop
      vertex 116.045 -23 13.3337
      vertex 134.192 -23 1.20836
      vertex 134.274 -23 1.32406
    endloop
  endfacet
  facet normal 0 -1 0
    outer loop
      vertex 115.215 -23 12
      vertex 134.116 -23 1.0875
      vertex 134.192 -23 1.20836
    endloop
  endfacet
  facet normal 0 -1 0
    outer loop
      vertex 114.475 -23 10.6149
      vertex 134.049 -23 0.961977
      vertex 134.116 -23 1.0875
    endloop
  endfacet
  facet normal 0 -1 0
    outer loop
      vertex 113.827 -23 9.1844
      vertex 133.991 -23 0.832336
      vertex 134.049 -23 0.961977
    endloop
  endfacet
  facet normal 0 -1 0
    outer loop
      vertex 113.274 -23 7.71455
      vertex 133.94 -23 0.69913
      vertex 133.991 -23 0.832336
    endloop
  endfacet
  facet normal 0 -1 0
    outer loop
      vertex 112.818 -23 6.21166
      vertex 133.899 -23 0.562931
      vertex 133.94 -23 0.69913
    endloop
  endfacet
  facet normal 0 -1 0
    outer loop
      vertex 112.461 -23 4.68217
      vertex 133.867 -23 0.424321
      vertex 133.899 -23 0.562931
    endloop
  endfacet
  facet normal 0 -1 0
    outer loop
      vertex 112.205 -23 3.13263
      vertex 133.844 -23 0.283894
      vertex 133.867 -23 0.424321
    endloop
  endfacet
  facet normal 0 -1 0
    outer loop
      vertex 112.051 -23 1.56967
      vertex 133.83 -23 0.142251
      vertex 133.844 -23 0.283894
    endloop
  endfacet
  facet normal 0 -1 0
    outer loop
      vertex 112 -23 0
      vertex 133.83 -23 0.142251
      vertex 112.051 -23 1.56967
    endloop
  endfacet
  facet normal 0 -1 0
    outer loop
      vertex 112 -23 0
      vertex 133.825 -23 0
      vertex 133.83 -23 0.142251
    endloop
  endfacet
  facet normal 0 -1 0
    outer loop
      vertex 112 -23 0
      vertex 133.83 -23 -0.142251
      vertex 133.825 -23 0
    endloop
  endfacet
  facet normal 0 -1 0
    outer loop
      vertex 112.051 -23 -1.56967
      vertex 133.83 -23 -0.142251
      vertex 112 -23 0
    endloop
  endfacet
  facet normal 0 -1 -0
    outer loop
      vertex 133.83 -23 -0.142251
      vertex 112.051 -23 -1.56967
      vertex 133.844 -23 -0.283894
    endloop
  endfacet
  facet normal 0 -1 0
    outer loop
      vertex 112.205 -23 -3.13263
      vertex 133.844 -23 -0.283894
      vertex 112.051 -23 -1.56967
    endloop
  endfacet
  facet normal 0 -1 -0
    outer loop
      vertex 133.844 -23 -0.283894
      vertex 112.205 -23 -3.13263
      vertex 133.867 -23 -0.424321
    endloop
  endfacet
  facet normal 0 -1 0
    outer loop
      vertex 112.461 -23 -4.68217
      vertex 133.867 -23 -0.424321
      vertex 112.205 -23 -3.13263
    endloop
  endfacet
  facet normal 0 -1 -0
    outer loop
      vertex 133.867 -23 -0.424321
      vertex 112.461 -23 -4.68217
      vertex 133.899 -23 -0.562931
    endloop
  endfacet
  facet normal 0 -1 0
    outer loop
      vertex 112.818 -23 -6.21166
      vertex 133.899 -23 -0.562931
      vertex 112.461 -23 -4.68217
    endloop
  endfacet
  facet normal 0 -1 -0
    outer loop
      vertex 133.899 -23 -0.562931
      vertex 112.818 -23 -6.21166
      vertex 133.94 -23 -0.69913
    endloop
  endfacet
  facet normal 0 -1 0
    outer loop
      vertex 113.274 -23 -7.71455
      vertex 133.94 -23 -0.69913
      vertex 112.818 -23 -6.21166
    endloop
  endfacet
  facet normal 0 -1 -0
    outer loop
      vertex 133.94 -23 -0.69913
      vertex 113.274 -23 -7.71455
      vertex 133.991 -23 -0.832336
    endloop
  endfacet
  facet normal 0 -1 0
    outer loop
      vertex 113.827 -23 -9.1844
      vertex 133.991 -23 -0.832336
      vertex 113.274 -23 -7.71455
    endloop
  endfacet
  facet normal 0 -1 -0
    outer loop
      vertex 133.991 -23 -0.832336
      vertex 113.827 -23 -9.1844
      vertex 134.049 -23 -0.961977
    endloop
  endfacet
  facet normal 0 -1 0
    outer loop
      vertex 114.475 -23 -10.6149
      vertex 134.049 -23 -0.961977
      vertex 113.827 -23 -9.1844
    endloop
  endfacet
  facet normal 0 -1 -0
    outer loop
      vertex 134.049 -23 -0.961977
      vertex 114.475 -23 -10.6149
      vertex 134.116 -23 -1.0875
    endloop
  endfacet
  facet normal 0 -1 0
    outer loop
      vertex 115.215 -23 -12
      vertex 134.116 -23 -1.0875
      vertex 114.475 -23 -10.6149
    endloop
  endfacet
  facet normal 0 -1 -0
    outer loop
      vertex 134.116 -23 -1.0875
      vertex 115.215 -23 -12
      vertex 134.192 -23 -1.20836
    endloop
  endfacet
  facet normal 0 -1 0
    outer loop
      vertex 116.045 -23 -13.3337
      vertex 134.192 -23 -1.20836
      vertex 115.215 -23 -12
    endloop
  endfacet
  facet normal 0 -1 -0
    outer loop
      vertex 134.192 -23 -1.20836
      vertex 116.045 -23 -13.3337
      vertex 134.274 -23 -1.32406
    endloop
  endfacet
  facet normal 0 -1 0
    outer loop
      vertex 116.96 -23 -14.6103
      vertex 134.274 -23 -1.32406
      vertex 116.045 -23 -13.3337
    endloop
  endfacet
  facet normal 0 -1 -0
    outer loop
      vertex 134.274 -23 -1.32406
      vertex 116.96 -23 -14.6103
      vertex 134.365 -23 -1.43408
    endloop
  endfacet
  facet normal 0 -1 0
    outer loop
      vertex 117.956 -23 -15.8243
      vertex 134.365 -23 -1.43408
      vertex 116.96 -23 -14.6103
    endloop
  endfacet
  facet normal 0 -1 -0
    outer loop
      vertex 134.365 -23 -1.43408
      vertex 117.956 -23 -15.8243
      vertex 134.462 -23 -1.53796
    endloop
  endfacet
  facet normal 0 -1 0
    outer loop
      vertex 119.029 -23 -16.9706
      vertex 134.462 -23 -1.53796
      vertex 117.956 -23 -15.8243
    endloop
  endfacet
  facet normal 0 -1 -0
    outer loop
      vertex 134.462 -23 -1.53796
      vertex 119.029 -23 -16.9706
      vertex 134.566 -23 -1.63525
    endloop
  endfacet
  facet normal 0 -1 0
    outer loop
      vertex 120.176 -23 -18.0442
      vertex 134.566 -23 -1.63525
      vertex 119.029 -23 -16.9706
    endloop
  endfacet
  facet normal 0 -1 -0
    outer loop
      vertex 151.824 -23 18.0442
      vertex 137.434 -23 1.63525
      vertex 152.971 -23 16.9706
    endloop
  endfacet
  facet normal 0 -1 0
    outer loop
      vertex 137.538 -23 1.53796
      vertex 152.971 -23 16.9706
      vertex 137.434 -23 1.63525
    endloop
  endfacet
  facet normal 0 -1 -0
    outer loop
      vertex 152.971 -23 16.9706
      vertex 137.538 -23 1.53796
      vertex 154.044 -23 15.8243
    endloop
  endfacet
  facet normal 0 -1 0
    outer loop
      vertex 137.635 -23 1.43408
      vertex 154.044 -23 15.8243
      vertex 137.538 -23 1.53796
    endloop
  endfacet
  facet normal 0 -1 -0
    outer loop
      vertex 154.044 -23 15.8243
      vertex 137.635 -23 1.43408
      vertex 155.04 -23 14.6103
    endloop
  endfacet
  facet normal 0 -1 0
    outer loop
      vertex 137.726 -23 1.32406
      vertex 155.04 -23 14.6103
      vertex 137.635 -23 1.43408
    endloop
  endfacet
  facet normal 0 -1 -0
    outer loop
      vertex 155.04 -23 14.6103
      vertex 137.726 -23 1.32406
      vertex 155.955 -23 13.3337
    endloop
  endfacet
  facet normal 0 -1 0
    outer loop
      vertex 137.808 -23 1.20836
      vertex 155.955 -23 13.3337
      vertex 137.726 -23 1.32406
    endloop
  endfacet
  facet normal 0 -1 -0
    outer loop
      vertex 155.955 -23 13.3337
      vertex 137.808 -23 1.20836
      vertex 156.785 -23 12
    endloop
  endfacet
  facet normal 0 -1 0
    outer loop
      vertex 137.884 -23 1.0875
      vertex 156.785 -23 12
      vertex 137.808 -23 1.20836
    endloop
  endfacet
  facet normal 0 -1 -0
    outer loop
      vertex 156.785 -23 12
      vertex 137.884 -23 1.0875
      vertex 157.525 -23 10.6149
    endloop
  endfacet
  facet normal 0 -1 0
    outer loop
      vertex 137.951 -23 0.961977
      vertex 157.525 -23 10.6149
      vertex 137.884 -23 1.0875
    endloop
  endfacet
  facet normal 0 -1 -0
    outer loop
      vertex 157.525 -23 10.6149
      vertex 137.951 -23 0.961977
      vertex 158.173 -23 9.1844
    endloop
  endfacet
  facet normal 0 -1 0
    outer loop
      vertex 138.009 -23 0.832336
      vertex 158.173 -23 9.1844
      vertex 137.951 -23 0.961977
    endloop
  endfacet
  facet normal 0 -1 -0
    outer loop
      vertex 158.173 -23 9.1844
      vertex 138.009 -23 0.832336
      vertex 158.726 -23 7.71455
    endloop
  endfacet
  facet normal 0 -1 0
    outer loop
      vertex 138.06 -23 0.69913
      vertex 158.726 -23 7.71455
      vertex 138.009 -23 0.832336
    endloop
  endfacet
  facet normal 0 -1 -0
    outer loop
      vertex 158.726 -23 7.71455
      vertex 138.06 -23 0.69913
      vertex 159.182 -23 6.21166
    endloop
  endfacet
  facet normal 0 -1 0
    outer loop
      vertex 138.101 -23 0.562931
      vertex 159.182 -23 6.21166
      vertex 138.06 -23 0.69913
    endloop
  endfacet
  facet normal 0 -1 -0
    outer loop
      vertex 159.182 -23 6.21166
      vertex 138.101 -23 0.562931
      vertex 159.539 -23 4.68217
    endloop
  endfacet
  facet normal 0 -1 0
    outer loop
      vertex 138.133 -23 0.424321
      vertex 159.539 -23 4.68217
      vertex 138.101 -23 0.562931
    endloop
  endfacet
  facet normal 0 -1 -0
    outer loop
      vertex 159.539 -23 4.68217
      vertex 138.133 -23 0.424321
      vertex 159.795 -23 3.13263
    endloop
  endfacet
  facet normal 0 -1 0
    outer loop
      vertex 138.156 -23 0.283894
      vertex 159.795 -23 3.13263
      vertex 138.133 -23 0.424321
    endloop
  endfacet
  facet normal 0 -1 -0
    outer loop
      vertex 159.795 -23 3.13263
      vertex 138.156 -23 0.283894
      vertex 159.949 -23 1.56967
    endloop
  endfacet
  facet normal 0 -1 0
    outer loop
      vertex 138.17 -23 0.142251
      vertex 159.949 -23 1.56967
      vertex 138.156 -23 0.283894
    endloop
  endfacet
  facet normal 0 -1 0
    outer loop
      vertex 138.175 -23 0
      vertex 159.949 -23 1.56967
      vertex 138.17 -23 0.142251
    endloop
  endfacet
  facet normal 0 -1 0
    outer loop
      vertex 138.175 -23 0
      vertex 160 -23 0
      vertex 159.949 -23 1.56967
    endloop
  endfacet
  facet normal 0 -1 0
    outer loop
      vertex 138.17 -23 -0.142251
      vertex 160 -23 0
      vertex 138.175 -23 0
    endloop
  endfacet
  facet normal 0 -1 0
    outer loop
      vertex 159.949 -23 -1.56967
      vertex 138.17 -23 -0.142251
      vertex 138.156 -23 -0.283894
    endloop
  endfacet
  facet normal 0 -1 0
    outer loop
      vertex 159.795 -23 -3.13263
      vertex 138.156 -23 -0.283894
      vertex 138.133 -23 -0.424321
    endloop
  endfacet
  facet normal 0 -1 0
    outer loop
      vertex 159.539 -23 -4.68217
      vertex 138.133 -23 -0.424321
      vertex 138.101 -23 -0.562931
    endloop
  endfacet
  facet normal 0 -1 0
    outer loop
      vertex 159.182 -23 -6.21166
      vertex 138.101 -23 -0.562931
      vertex 138.06 -23 -0.69913
    endloop
  endfacet
  facet normal 0 -1 0
    outer loop
      vertex 158.726 -23 -7.71455
      vertex 138.06 -23 -0.69913
      vertex 138.009 -23 -0.832336
    endloop
  endfacet
  facet normal 0 -1 0
    outer loop
      vertex 158.173 -23 -9.1844
      vertex 138.009 -23 -0.832336
      vertex 137.951 -23 -0.961977
    endloop
  endfacet
  facet normal 0 -1 0
    outer loop
      vertex 157.525 -23 -10.6149
      vertex 137.951 -23 -0.961977
      vertex 137.884 -23 -1.0875
    endloop
  endfacet
  facet normal 0 -1 0
    outer loop
      vertex 156.785 -23 -12
      vertex 137.884 -23 -1.0875
      vertex 137.808 -23 -1.20836
    endloop
  endfacet
  facet normal 0 -1 0
    outer loop
      vertex 155.955 -23 -13.3337
      vertex 137.808 -23 -1.20836
      vertex 137.726 -23 -1.32406
    endloop
  endfacet
  facet normal 0 -1 0
    outer loop
      vertex 155.04 -23 -14.6103
      vertex 137.726 -23 -1.32406
      vertex 137.635 -23 -1.43408
    endloop
  endfacet
  facet normal 0 -1 0
    outer loop
      vertex 154.044 -23 -15.8243
      vertex 137.635 -23 -1.43408
      vertex 137.538 -23 -1.53796
    endloop
  endfacet
  facet normal 0 -1 0
    outer loop
      vertex 138.17 -23 -0.142251
      vertex 159.949 -23 -1.56967
      vertex 160 -23 0
    endloop
  endfacet
  facet normal 0 -1 0
    outer loop
      vertex 152.971 -23 -16.9706
      vertex 137.538 -23 -1.53796
      vertex 137.434 -23 -1.63525
    endloop
  endfacet
  facet normal 0 -1 0
    outer loop
      vertex 151.824 -23 -18.0442
      vertex 137.434 -23 -1.63525
      vertex 137.324 -23 -1.72554
    endloop
  endfacet
  facet normal 0 -1 0
    outer loop
      vertex 150.61 -23 -19.0405
      vertex 137.324 -23 -1.72554
      vertex 137.208 -23 -1.80845
    endloop
  endfacet
  facet normal 0 -1 0
    outer loop
      vertex 149.334 -23 -19.9553
      vertex 137.208 -23 -1.80845
      vertex 137.087 -23 -1.88361
    endloop
  endfacet
  facet normal 0 -1 0
    outer loop
      vertex 148 -23 -20.7846
      vertex 137.087 -23 -1.88361
      vertex 136.962 -23 -1.9507
    endloop
  endfacet
  facet normal 0 -1 0
    outer loop
      vertex 146.615 -23 -21.5249
      vertex 136.962 -23 -1.9507
      vertex 136.832 -23 -2.00944
    endloop
  endfacet
  facet normal 0 -1 0
    outer loop
      vertex 145.184 -23 -22.1731
      vertex 136.832 -23 -2.00944
      vertex 136.699 -23 -2.05957
    endloop
  endfacet
  facet normal 0 -1 0
    outer loop
      vertex 143.715 -23 -22.7263
      vertex 136.699 -23 -2.05957
      vertex 136.563 -23 -2.10089
    endloop
  endfacet
  facet normal 0 -1 0
    outer loop
      vertex 142.212 -23 -23.1822
      vertex 136.563 -23 -2.10089
      vertex 136.424 -23 -2.13321
    endloop
  endfacet
  facet normal 0 -1 0
    outer loop
      vertex 140.682 -23 -23.5388
      vertex 136.424 -23 -2.13321
      vertex 136.284 -23 -2.15639
    endloop
  endfacet
  facet normal 0 -1 0
    outer loop
      vertex 139.133 -23 -23.7947
      vertex 136.284 -23 -2.15639
      vertex 136.142 -23 -2.17034
    endloop
  endfacet
  facet normal 0 -1 0
    outer loop
      vertex 137.57 -23 -23.9486
      vertex 136.142 -23 -2.17034
      vertex 136 -23 -2.175
    endloop
  endfacet
  facet normal 0 -1 -0
    outer loop
      vertex 134.566 -23 -1.63525
      vertex 120.176 -23 -18.0442
      vertex 134.676 -23 -1.72554
    endloop
  endfacet
  facet normal 0 -1 0
    outer loop
      vertex 138.156 -23 -0.283894
      vertex 159.795 -23 -3.13263
      vertex 159.949 -23 -1.56967
    endloop
  endfacet
  facet normal 0 -1 0
    outer loop
      vertex 121.39 -23 -19.0405
      vertex 134.676 -23 -1.72554
      vertex 120.176 -23 -18.0442
    endloop
  endfacet
  facet normal 0 -1 0
    outer loop
      vertex 138.133 -23 -0.424321
      vertex 159.539 -23 -4.68217
      vertex 159.795 -23 -3.13263
    endloop
  endfacet
  facet normal 0 -1 -0
    outer loop
      vertex 134.676 -23 -1.72554
      vertex 121.39 -23 -19.0405
      vertex 134.792 -23 -1.80845
    endloop
  endfacet
  facet normal 0 -1 0
    outer loop
      vertex 138.101 -23 -0.562931
      vertex 159.182 -23 -6.21166
      vertex 159.539 -23 -4.68217
    endloop
  endfacet
  facet normal 0 -1 0
    outer loop
      vertex 122.666 -23 -19.9553
      vertex 134.792 -23 -1.80845
      vertex 121.39 -23 -19.0405
    endloop
  endfacet
  facet normal 0 -1 0
    outer loop
      vertex 138.06 -23 -0.69913
      vertex 158.726 -23 -7.71455
      vertex 159.182 -23 -6.21166
    endloop
  endfacet
  facet normal 0 -1 -0
    outer loop
      vertex 134.792 -23 -1.80845
      vertex 122.666 -23 -19.9553
      vertex 134.913 -23 -1.88361
    endloop
  endfacet
  facet normal 0 -1 0
    outer loop
      vertex 138.009 -23 -0.832336
      vertex 158.173 -23 -9.1844
      vertex 158.726 -23 -7.71455
    endloop
  endfacet
  facet normal 0 -1 0
    outer loop
      vertex 124 -23 -20.7846
      vertex 134.913 -23 -1.88361
      vertex 122.666 -23 -19.9553
    endloop
  endfacet
  facet normal 0 -1 0
    outer loop
      vertex 137.951 -23 -0.961977
      vertex 157.525 -23 -10.6149
      vertex 158.173 -23 -9.1844
    endloop
  endfacet
  facet normal 0 -1 -0
    outer loop
      vertex 134.913 -23 -1.88361
      vertex 124 -23 -20.7846
      vertex 135.038 -23 -1.9507
    endloop
  endfacet
  facet normal 0 -1 0
    outer loop
      vertex 137.884 -23 -1.0875
      vertex 156.785 -23 -12
      vertex 157.525 -23 -10.6149
    endloop
  endfacet
  facet normal 0 -1 0
    outer loop
      vertex 125.385 -23 -21.5249
      vertex 135.038 -23 -1.9507
      vertex 124 -23 -20.7846
    endloop
  endfacet
  facet normal 0 -1 0
    outer loop
      vertex 137.808 -23 -1.20836
      vertex 155.955 -23 -13.3337
      vertex 156.785 -23 -12
    endloop
  endfacet
  facet normal 0 -1 -0
    outer loop
      vertex 135.038 -23 -1.9507
      vertex 125.385 -23 -21.5249
      vertex 135.168 -23 -2.00944
    endloop
  endfacet
  facet normal 0 -1 0
    outer loop
      vertex 137.726 -23 -1.32406
      vertex 155.04 -23 -14.6103
      vertex 155.955 -23 -13.3337
    endloop
  endfacet
  facet normal 0 -1 0
    outer loop
      vertex 126.816 -23 -22.1731
      vertex 135.168 -23 -2.00944
      vertex 125.385 -23 -21.5249
    endloop
  endfacet
  facet normal 0 -1 0
    outer loop
      vertex 137.635 -23 -1.43408
      vertex 154.044 -23 -15.8243
      vertex 155.04 -23 -14.6103
    endloop
  endfacet
  facet normal 0 -1 -0
    outer loop
      vertex 135.168 -23 -2.00944
      vertex 126.816 -23 -22.1731
      vertex 135.301 -23 -2.05957
    endloop
  endfacet
  facet normal 0 -1 0
    outer loop
      vertex 137.538 -23 -1.53796
      vertex 152.971 -23 -16.9706
      vertex 154.044 -23 -15.8243
    endloop
  endfacet
  facet normal 0 -1 0
    outer loop
      vertex 128.285 -23 -22.7263
      vertex 135.301 -23 -2.05957
      vertex 126.816 -23 -22.1731
    endloop
  endfacet
  facet normal 0 -1 0
    outer loop
      vertex 137.434 -23 -1.63525
      vertex 151.824 -23 -18.0442
      vertex 152.971 -23 -16.9706
    endloop
  endfacet
  facet normal 0 -1 -0
    outer loop
      vertex 135.301 -23 -2.05957
      vertex 128.285 -23 -22.7263
      vertex 135.437 -23 -2.10089
    endloop
  endfacet
  facet normal 0 -1 0
    outer loop
      vertex 137.324 -23 -1.72554
      vertex 150.61 -23 -19.0405
      vertex 151.824 -23 -18.0442
    endloop
  endfacet
  facet normal 0 -1 0
    outer loop
      vertex 129.788 -23 -23.1822
      vertex 135.437 -23 -2.10089
      vertex 128.285 -23 -22.7263
    endloop
  endfacet
  facet normal 0 -1 0
    outer loop
      vertex 137.208 -23 -1.80845
      vertex 149.334 -23 -19.9553
      vertex 150.61 -23 -19.0405
    endloop
  endfacet
  facet normal 0 -1 -0
    outer loop
      vertex 135.437 -23 -2.10089
      vertex 129.788 -23 -23.1822
      vertex 135.576 -23 -2.13321
    endloop
  endfacet
  facet normal 0 -1 0
    outer loop
      vertex 137.087 -23 -1.88361
      vertex 148 -23 -20.7846
      vertex 149.334 -23 -19.9553
    endloop
  endfacet
  facet normal 0 -1 0
    outer loop
      vertex 131.318 -23 -23.5388
      vertex 135.576 -23 -2.13321
      vertex 129.788 -23 -23.1822
    endloop
  endfacet
  facet normal 0 -1 0
    outer loop
      vertex 136.962 -23 -1.9507
      vertex 146.615 -23 -21.5249
      vertex 148 -23 -20.7846
    endloop
  endfacet
  facet normal 0 -1 -0
    outer loop
      vertex 135.576 -23 -2.13321
      vertex 131.318 -23 -23.5388
      vertex 135.716 -23 -2.15639
    endloop
  endfacet
  facet normal 0 -1 0
    outer loop
      vertex 136.832 -23 -2.00944
      vertex 145.184 -23 -22.1731
      vertex 146.615 -23 -21.5249
    endloop
  endfacet
  facet normal 0 -1 0
    outer loop
      vertex 132.867 -23 -23.7947
      vertex 135.716 -23 -2.15639
      vertex 131.318 -23 -23.5388
    endloop
  endfacet
  facet normal 0 -1 0
    outer loop
      vertex 136.699 -23 -2.05957
      vertex 143.715 -23 -22.7263
      vertex 145.184 -23 -22.1731
    endloop
  endfacet
  facet normal 0 -1 -0
    outer loop
      vertex 135.716 -23 -2.15639
      vertex 132.867 -23 -23.7947
      vertex 135.858 -23 -2.17034
    endloop
  endfacet
  facet normal 0 -1 0
    outer loop
      vertex 136.563 -23 -2.10089
      vertex 142.212 -23 -23.1822
      vertex 143.715 -23 -22.7263
    endloop
  endfacet
  facet normal 0 -1 0
    outer loop
      vertex 134.43 -23 -23.9486
      vertex 135.858 -23 -2.17034
      vertex 132.867 -23 -23.7947
    endloop
  endfacet
  facet normal 0 -1 0
    outer loop
      vertex 136.424 -23 -2.13321
      vertex 140.682 -23 -23.5388
      vertex 142.212 -23 -23.1822
    endloop
  endfacet
  facet normal 0 -1 -0
    outer loop
      vertex 135.858 -23 -2.17034
      vertex 134.43 -23 -23.9486
      vertex 136 -23 -2.175
    endloop
  endfacet
  facet normal 0 -1 0
    outer loop
      vertex 136.284 -23 -2.15639
      vertex 139.133 -23 -23.7947
      vertex 140.682 -23 -23.5388
    endloop
  endfacet
  facet normal 0 -1 0
    outer loop
      vertex 136 -23 -24
      vertex 136 -23 -2.175
      vertex 134.43 -23 -23.9486
    endloop
  endfacet
  facet normal 0 -1 0
    outer loop
      vertex 136.142 -23 -2.17034
      vertex 137.57 -23 -23.9486
      vertex 139.133 -23 -23.7947
    endloop
  endfacet
  facet normal 0 -1 0
    outer loop
      vertex 136 -23 -2.175
      vertex 136 -23 -24
      vertex 137.57 -23 -23.9486
    endloop
  endfacet
  facet normal 0.935951 0 -0.352132
    outer loop
      vertex 113.827 -29 9.1844
      vertex 113.274 -23 7.71455
      vertex 113.827 -23 9.1844
    endloop
  endfacet
  facet normal 0.935951 0 -0.352132
    outer loop
      vertex 113.274 -23 7.71455
      vertex 113.827 -29 9.1844
      vertex 113.274 -29 7.71455
    endloop
  endfacet
  facet normal 0.956922 0 -0.290345
    outer loop
      vertex 113.274 -29 7.71455
      vertex 112.818 -23 6.21166
      vertex 113.274 -23 7.71455
    endloop
  endfacet
  facet normal 0.956922 0 -0.290345
    outer loop
      vertex 112.818 -23 6.21166
      vertex 113.274 -29 7.71455
      vertex 112.818 -29 6.21166
    endloop
  endfacet
  facet normal 0.634353 0 -0.773044
    outer loop
      vertex 120.511 -32.1518 18.3192
      vertex 121.39 -23 19.0405
      vertex 121.39 -32.6983 19.0405
    endloop
  endfacet
  facet normal 0.634484 -2.11107e-05 -0.772936
    outer loop
      vertex 120.176 -31.9117 18.0442
      vertex 121.39 -23 19.0405
      vertex 120.511 -32.1518 18.3192
    endloop
  endfacet
  facet normal 0.634392 0 -0.773012
    outer loop
      vertex 121.39 -23 19.0405
      vertex 120.176 -31.9117 18.0442
      vertex 120.176 -23 18.0442
    endloop
  endfacet
  facet normal 0.528302 0 -0.849057
    outer loop
      vertex 123.433 -33.7136 20.4318
      vertex 124 -23 20.7846
      vertex 124 -33.9271 20.7846
    endloop
  endfacet
  facet normal 0.527721 4.26109e-05 -0.849418
    outer loop
      vertex 122.666 -33.3663 19.9553
      vertex 124 -23 20.7846
      vertex 123.433 -33.7136 20.4318
    endloop
  endfacet
  facet normal 0.52796 0 -0.849269
    outer loop
      vertex 124 -23 20.7846
      vertex 122.666 -33.3663 19.9553
      vertex 122.666 -23 19.9553
    endloop
  endfacet
  facet normal 0.411965 0 -0.9112
    outer loop
      vertex 126.603 -34.6753 22.0768
      vertex 126.816 -23 22.1731
      vertex 126.816 -34.7104 22.1731
    endloop
  endfacet
  facet normal 0.412716 -1.65109e-05 -0.91086
    outer loop
      vertex 125.526 -34.4241 21.5888
      vertex 126.816 -23 22.1731
      vertex 126.603 -34.6753 22.0768
    endloop
  endfacet
  facet normal 0.412774 -2.44401e-05 -0.910833
    outer loop
      vertex 125.385 -34.3814 21.5249
      vertex 126.816 -23 22.1731
      vertex 125.526 -34.4241 21.5888
    endloop
  endfacet
  facet normal 0.412613 0 -0.910906
    outer loop
      vertex 126.816 -23 22.1731
      vertex 125.385 -34.3814 21.5249
      vertex 125.385 -23 21.5249
    endloop
  endfacet
  facet normal 0.290441 0 -0.956893
    outer loop
      vertex 128.795 -34.9638 22.8808
      vertex 129.788 -23 23.1822
      vertex 129.788 -34.9963 23.1822
    endloop
  endfacet
  facet normal 0.289933 4.59753e-05 -0.957047
    outer loop
      vertex 128.285 -34.9137 22.7263
      vertex 129.788 -23 23.1822
      vertex 128.795 -34.9638 22.8808
    endloop
  endfacet
  facet normal 0.290267 0 -0.956946
    outer loop
      vertex 129.788 -23 23.1822
      vertex 128.285 -34.9137 22.7263
      vertex 128.285 -23 22.7263
    endloop
  endfacet
  facet normal 0.0980703 1.09983e-05 -0.995179
    outer loop
      vertex 132.867 -23 23.7947
      vertex 134.43 -34.4343 23.9486
      vertex 133.397 -34.6753 23.8468
    endloop
  endfacet
  facet normal 0.0978303 0 -0.995203
    outer loop
      vertex 132.867 -23 23.7947
      vertex 133.397 -34.6753 23.8468
      vertex 132.867 -34.7627 23.7947
    endloop
  endfacet
  facet normal 0.0979906 0 -0.995187
    outer loop
      vertex 134.43 -34.4343 23.9486
      vertex 132.867 -23 23.7947
      vertex 134.43 -23 23.9486
    endloop
  endfacet
  facet normal -0.999473 0 0.0324738
    outer loop
      vertex 159.949 -29 -1.56967
      vertex 160 -23 0
      vertex 159.949 -23 -1.56967
    endloop
  endfacet
  facet normal -0.999473 0 0.0324738
    outer loop
      vertex 160 -23 0
      vertex 159.949 -29 -1.56967
      vertex 160 -29 0
    endloop
  endfacet
  facet normal -0.730063 0 0.68338
    outer loop
      vertex 152.971 -29 -16.9706
      vertex 154.044 -23 -15.8243
      vertex 152.971 -23 -16.9706
    endloop
  endfacet
  facet normal -0.730063 0 0.68338
    outer loop
      vertex 154.044 -23 -15.8243
      vertex 152.971 -29 -16.9706
      vertex 154.044 -29 -15.8243
    endloop
  endfacet
  facet normal -0.773105 0 0.634278
    outer loop
      vertex 154.044 -29 -15.8243
      vertex 155.04 -23 -14.6103
      vertex 154.044 -23 -15.8243
    endloop
  endfacet
  facet normal -0.773105 0 0.634278
    outer loop
      vertex 155.04 -23 -14.6103
      vertex 154.044 -29 -15.8243
      vertex 155.04 -29 -14.6103
    endloop
  endfacet
  facet normal 0.882014 -0 0.471223
    outer loop
      vertex 114.475 -29 -10.6149
      vertex 115.215 -23 -12
      vertex 114.475 -23 -10.6149
    endloop
  endfacet
  facet normal 0.882014 0 0.471223
    outer loop
      vertex 115.215 -23 -12
      vertex 114.475 -29 -10.6149
      vertex 115.215 -29 -12
    endloop
  endfacet
  facet normal 0.973824 -0 0.227301
    outer loop
      vertex 112.461 -29 -4.68217
      vertex 112.818 -23 -6.21166
      vertex 112.461 -23 -4.68217
    endloop
  endfacet
  facet normal 0.973824 0 0.227301
    outer loop
      vertex 112.818 -23 -6.21166
      vertex 112.461 -29 -4.68217
      vertex 112.818 -29 -6.21166
    endloop
  endfacet
  facet normal 0.956922 -0 0.290345
    outer loop
      vertex 112.818 -29 -6.21166
      vertex 113.274 -23 -7.71455
      vertex 112.818 -23 -6.21166
    endloop
  endfacet
  facet normal 0.956922 0 0.290345
    outer loop
      vertex 113.274 -23 -7.71455
      vertex 112.818 -29 -6.21166
      vertex 113.274 -29 -7.71455
    endloop
  endfacet
  facet normal -0.226988 0 0.973898
    outer loop
      vertex 140.682 -23 -23.5388
      vertex 142.212 -29.8776 -23.1822
      vertex 142.212 -23 -23.1822
    endloop
  endfacet
  facet normal -0.226722 6.23347e-05 0.973959
    outer loop
      vertex 142.212 -29.8776 -23.1822
      vertex 140.682 -23 -23.5388
      vertex 142.05 -30.0501 -23.2199
    endloop
  endfacet
  facet normal -0.227102 -1.5252e-05 0.973871
    outer loop
      vertex 142.05 -30.0501 -23.2199
      vertex 140.682 -23 -23.5388
      vertex 141.243 -30.8061 -23.4081
    endloop
  endfacet
  facet normal -0.2269 0 0.973918
    outer loop
      vertex 141.243 -30.8061 -23.4081
      vertex 140.682 -23 -23.5388
      vertex 140.682 -31.2663 -23.5388
    endloop
  endfacet
  facet normal -0.0327213 0 0.999465
    outer loop
      vertex 136 -23 -24
      vertex 137.57 -33.2594 -23.9486
      vertex 137.57 -23 -23.9486
    endloop
  endfacet
  facet normal -0.0326868 5.28651e-06 0.999466
    outer loop
      vertex 137.57 -33.2594 -23.9486
      vertex 136 -23 -24
      vertex 136.567 -33.7136 -23.9814
    endloop
  endfacet
  facet normal -0.0327866 0 0.999462
    outer loop
      vertex 136.567 -33.7136 -23.9814
      vertex 136 -23 -24
      vertex 136 -33.9271 -24
    endloop
  endfacet
  facet normal -0.412613 0 0.910906
    outer loop
      vertex 145.184 -23 -22.1731
      vertex 146.615 -29 -21.5249
      vertex 146.615 -23 -21.5249
    endloop
  endfacet
  facet normal -0.412613 0 0.910906
    outer loop
      vertex 146.615 -29 -21.5249
      vertex 145.184 -23 -22.1731
      vertex 145.184 -29 -22.1731
    endloop
  endfacet
  facet normal -0.289944 0 0.957044
    outer loop
      vertex 143.715 -23 -22.7263
      vertex 143.005 -29 -22.9414
      vertex 143.715 -29 -22.7263
    endloop
  endfacet
  facet normal -0.290267 4.17775e-05 0.956946
    outer loop
      vertex 142.212 -23 -23.1822
      vertex 143.005 -29 -22.9414
      vertex 143.715 -23 -22.7263
    endloop
  endfacet
  facet normal -0.29083 -3.95373e-05 0.956775
    outer loop
      vertex 143.005 -29 -22.9414
      vertex 142.212 -23 -23.1822
      vertex 142.806 -29.2429 -23.0019
    endloop
  endfacet
  facet normal -0.29045 0 0.95689
    outer loop
      vertex 142.806 -29.2429 -23.0019
      vertex 142.212 -23 -23.1822
      vertex 142.212 -29.8776 -23.1822
    endloop
  endfacet
  facet normal -0.935951 0 -0.352132
    outer loop
      vertex 158.726 -29 7.71455
      vertex 158.173 -23 9.1844
      vertex 158.726 -23 7.71455
    endloop
  endfacet
  facet normal -0.935951 -0 -0.352132
    outer loop
      vertex 158.173 -23 9.1844
      vertex 158.726 -29 7.71455
      vertex 158.173 -29 9.1844
    endloop
  endfacet
  facet normal -0.730063 0 -0.68338
    outer loop
      vertex 154.044 -29 15.8243
      vertex 152.971 -23 16.9706
      vertex 154.044 -23 15.8243
    endloop
  endfacet
  facet normal -0.730063 -0 -0.68338
    outer loop
      vertex 152.971 -23 16.9706
      vertex 154.044 -29 15.8243
      vertex 152.971 -29 16.9706
    endloop
  endfacet
  facet normal -0.849016 0 -0.528367
    outer loop
      vertex 156.785 -29 12
      vertex 155.955 -23 13.3337
      vertex 156.785 -23 12
    endloop
  endfacet
  facet normal -0.849016 -0 -0.528367
    outer loop
      vertex 155.955 -23 13.3337
      vertex 156.785 -29 12
      vertex 155.955 -29 13.3337
    endloop
  endfacet
  facet normal -0.226722 6.23347e-05 -0.973959
    outer loop
      vertex 140.682 -23 23.5388
      vertex 142.212 -29.8776 23.1822
      vertex 142.05 -30.0501 23.2199
    endloop
  endfacet
  facet normal -0.227102 -1.5252e-05 -0.973871
    outer loop
      vertex 140.682 -23 23.5388
      vertex 142.05 -30.0501 23.2199
      vertex 141.243 -30.8061 23.4081
    endloop
  endfacet
  facet normal -0.2269 -0 -0.973918
    outer loop
      vertex 140.682 -23 23.5388
      vertex 141.243 -30.8061 23.4081
      vertex 140.682 -31.2663 23.5388
    endloop
  endfacet
  facet normal -0.226988 0 -0.973898
    outer loop
      vertex 142.212 -29.8776 23.1822
      vertex 140.682 -23 23.5388
      vertex 142.212 -23 23.1822
    endloop
  endfacet
  facet normal -0.0326868 5.28651e-06 -0.999466
    outer loop
      vertex 136 -23 24
      vertex 137.57 -33.2594 23.9486
      vertex 136.567 -33.7136 23.9814
    endloop
  endfacet
  facet normal -0.0327866 -0 -0.999462
    outer loop
      vertex 136 -23 24
      vertex 136.567 -33.7136 23.9814
      vertex 136 -33.9271 24
    endloop
  endfacet
  facet normal -0.0327213 0 -0.999465
    outer loop
      vertex 137.57 -33.2594 23.9486
      vertex 136 -23 24
      vertex 137.57 -23 23.9486
    endloop
  endfacet
  facet normal -0.412613 0 -0.910906
    outer loop
      vertex 145.184 -29 22.1731
      vertex 146.615 -23 21.5249
      vertex 146.615 -29 21.5249
    endloop
  endfacet
  facet normal -0.412613 0 -0.910906
    outer loop
      vertex 146.615 -23 21.5249
      vertex 145.184 -29 22.1731
      vertex 145.184 -23 22.1731
    endloop
  endfacet
  facet normal -0.582659 0 -0.812717
    outer loop
      vertex 149.334 -29 19.9553
      vertex 150.61 -23 19.0405
      vertex 150.61 -29 19.0405
    endloop
  endfacet
  facet normal -0.582659 0 -0.812717
    outer loop
      vertex 150.61 -23 19.0405
      vertex 149.334 -29 19.9553
      vertex 149.334 -23 19.9553
    endloop
  endfacet
  facet normal -0.52796 0 -0.849269
    outer loop
      vertex 148 -29 20.7846
      vertex 149.334 -23 19.9553
      vertex 149.334 -29 19.9553
    endloop
  endfacet
  facet normal -0.52796 0 -0.849269
    outer loop
      vertex 149.334 -23 19.9553
      vertex 148 -29 20.7846
      vertex 148 -23 20.7846
    endloop
  endfacet
  facet normal 0.812786 0 -0.582562
    outer loop
      vertex 116.96 -29 14.6103
      vertex 116.045 -23 13.3337
      vertex 116.96 -23 14.6103
    endloop
  endfacet
  facet normal 0.812786 0 -0.582562
    outer loop
      vertex 116.045 -23 13.3337
      vertex 116.96 -29 14.6103
      vertex 116.045 -29 13.3337
    endloop
  endfacet
  facet normal 0.773105 6.4107e-06 -0.634278
    outer loop
      vertex 117.956 -23 15.8243
      vertex 116.995 -29 14.6529
      vertex 116.96 -23 14.6103
    endloop
  endfacet
  facet normal 0.773583 -0.00018397 -0.633695
    outer loop
      vertex 117.956 -23 15.8243
      vertex 117.194 -29.2429 14.8959
      vertex 116.995 -29 14.6529
    endloop
  endfacet
  facet normal 0.77298 -9.27613e-07 -0.63443
    outer loop
      vertex 117.956 -23 15.8243
      vertex 117.95 -30.0501 15.817
      vertex 117.194 -29.2429 14.8959
    endloop
  endfacet
  facet normal 0.772541 0 -0.634965
    outer loop
      vertex 117.95 -30.0501 15.817
      vertex 117.956 -23 15.8243
      vertex 117.956 -30.0557 15.8243
    endloop
  endfacet
  facet normal 0.772663 0 -0.634817
    outer loop
      vertex 116.96 -23 14.6103
      vertex 116.995 -29 14.6529
      vertex 116.96 -29 14.6103
    endloop
  endfacet
  facet normal 0.9109 0 -0.412627
    outer loop
      vertex 114.475 -29 10.6149
      vertex 113.827 -23 9.1844
      vertex 114.475 -23 10.6149
    endloop
  endfacet
  facet normal 0.9109 0 -0.412627
    outer loop
      vertex 113.827 -23 9.1844
      vertex 114.475 -29 10.6149
      vertex 113.827 -29 9.1844
    endloop
  endfacet
  facet normal 0.973824 0 -0.227301
    outer loop
      vertex 112.818 -29 6.21166
      vertex 112.461 -23 4.68217
      vertex 112.818 -23 6.21166
    endloop
  endfacet
  facet normal 0.973824 0 -0.227301
    outer loop
      vertex 112.461 -23 4.68217
      vertex 112.818 -29 6.21166
      vertex 112.461 -29 4.68217
    endloop
  endfacet
  facet normal 0.986626 0 -0.163001
    outer loop
      vertex 112.461 -29 4.68217
      vertex 112.205 -23 3.13263
      vertex 112.461 -23 4.68217
    endloop
  endfacet
  facet normal 0.986626 0 -0.163001
    outer loop
      vertex 112.205 -23 3.13263
      vertex 112.461 -29 4.68217
      vertex 112.205 -29 3.13263
    endloop
  endfacet
  facet normal 0.999473 0 -0.0324738
    outer loop
      vertex 112.051 -29 1.56967
      vertex 112 -23 0
      vertex 112.051 -23 1.56967
    endloop
  endfacet
  facet normal 0.999473 0 -0.0324738
    outer loop
      vertex 112 -23 0
      vertex 112.051 -29 1.56967
      vertex 112 -29 0
    endloop
  endfacet
  facet normal 0.999473 -0 0.0324738
    outer loop
      vertex 112 -29 0
      vertex 112.051 -23 -1.56967
      vertex 112 -23 0
    endloop
  endfacet
  facet normal 0.999473 0 0.0324738
    outer loop
      vertex 112.051 -23 -1.56967
      vertex 112 -29 0
      vertex 112.051 -29 -1.56967
    endloop
  endfacet
  facet normal 0.683493 0 -0.729957
    outer loop
      vertex 119.612 -31.5077 17.5161
      vertex 120.176 -23 18.0442
      vertex 120.176 -31.9117 18.0442
    endloop
  endfacet
  facet normal 0.683246 3.07594e-05 -0.730188
    outer loop
      vertex 119.029 -31.0296 16.9706
      vertex 120.176 -23 18.0442
      vertex 119.612 -31.5077 17.5161
    endloop
  endfacet
  facet normal 0.683361 0 -0.730081
    outer loop
      vertex 120.176 -23 18.0442
      vertex 119.029 -31.0296 16.9706
      vertex 119.029 -23 16.9706
    endloop
  endfacet
  facet normal 0.471511 0 -0.88186
    outer loop
      vertex 124.468 -34.1031 21.0346
      vertex 125.385 -23 21.5249
      vertex 125.385 -34.3814 21.5249
    endloop
  endfacet
  facet normal 0.471185 3.46384e-05 -0.882034
    outer loop
      vertex 124 -33.9271 20.7846
      vertex 125.385 -23 21.5249
      vertex 124.468 -34.1031 21.0346
    endloop
  endfacet
  facet normal 0.471398 0 -0.881921
    outer loop
      vertex 125.385 -23 21.5249
      vertex 124 -33.9271 20.7846
      vertex 124 -23 20.7846
    endloop
  endfacet
  facet normal 0.352338 0 -0.935873
    outer loop
      vertex 127.694 -34.8554 22.5038
      vertex 128.285 -23 22.7263
      vertex 128.285 -34.9137 22.7263
    endloop
  endfacet
  facet normal 0.352477 -7.90942e-06 -0.935821
    outer loop
      vertex 126.816 -34.7104 22.1731
      vertex 128.285 -23 22.7263
      vertex 127.694 -34.8554 22.5038
    endloop
  endfacet
  facet normal 0.352422 0 -0.935841
    outer loop
      vertex 128.285 -23 22.7263
      vertex 126.816 -34.7104 22.1731
      vertex 126.816 -23 22.1731
    endloop
  endfacet
  facet normal -0.882014 0 0.471223
    outer loop
      vertex 156.785 -29 -12
      vertex 157.525 -23 -10.6149
      vertex 156.785 -23 -12
    endloop
  endfacet
  facet normal -0.882014 0 0.471223
    outer loop
      vertex 157.525 -23 -10.6149
      vertex 156.785 -29 -12
      vertex 157.525 -29 -10.6149
    endloop
  endfacet
  facet normal -0.935951 0 0.352132
    outer loop
      vertex 158.173 -29 -9.1844
      vertex 158.726 -23 -7.71455
      vertex 158.173 -23 -9.1844
    endloop
  endfacet
  facet normal -0.935951 0 0.352132
    outer loop
      vertex 158.726 -23 -7.71455
      vertex 158.173 -29 -9.1844
      vertex 158.726 -29 -7.71455
    endloop
  endfacet
  facet normal -0.956922 0 0.290345
    outer loop
      vertex 158.726 -29 -7.71455
      vertex 159.182 -23 -6.21166
      vertex 158.726 -23 -7.71455
    endloop
  endfacet
  facet normal -0.956922 0 0.290345
    outer loop
      vertex 159.182 -23 -6.21166
      vertex 158.726 -29 -7.71455
      vertex 159.182 -29 -6.21166
    endloop
  endfacet
  facet normal -0.683361 0 0.730081
    outer loop
      vertex 151.824 -23 -18.0442
      vertex 152.971 -29 -16.9706
      vertex 152.971 -23 -16.9706
    endloop
  endfacet
  facet normal -0.683361 0 0.730081
    outer loop
      vertex 152.971 -29 -16.9706
      vertex 151.824 -23 -18.0442
      vertex 151.824 -29 -18.0442
    endloop
  endfacet
  facet normal -0.471398 0 0.881921
    outer loop
      vertex 146.615 -23 -21.5249
      vertex 148 -29 -20.7846
      vertex 148 -23 -20.7846
    endloop
  endfacet
  facet normal -0.471398 0 0.881921
    outer loop
      vertex 148 -29 -20.7846
      vertex 146.615 -23 -21.5249
      vertex 146.615 -29 -21.5249
    endloop
  endfacet
  facet normal -0.634392 0 0.773012
    outer loop
      vertex 150.61 -23 -19.0405
      vertex 151.824 -29 -18.0442
      vertex 151.824 -23 -18.0442
    endloop
  endfacet
  facet normal -0.634392 0 0.773012
    outer loop
      vertex 151.824 -29 -18.0442
      vertex 150.61 -23 -19.0405
      vertex 150.61 -29 -19.0405
    endloop
  endfacet
  facet normal -0.582659 0 0.812717
    outer loop
      vertex 149.334 -23 -19.9553
      vertex 150.61 -29 -19.0405
      vertex 150.61 -23 -19.0405
    endloop
  endfacet
  facet normal -0.582659 0 0.812717
    outer loop
      vertex 150.61 -29 -19.0405
      vertex 149.334 -23 -19.9553
      vertex 149.334 -29 -19.9553
    endloop
  endfacet
  facet normal -0.812786 0 0.582562
    outer loop
      vertex 155.04 -29 -14.6103
      vertex 155.955 -23 -13.3337
      vertex 155.04 -23 -14.6103
    endloop
  endfacet
  facet normal -0.812786 0 0.582562
    outer loop
      vertex 155.955 -23 -13.3337
      vertex 155.04 -29 -14.6103
      vertex 155.955 -29 -13.3337
    endloop
  endfacet
  facet normal -0.849016 0 0.528367
    outer loop
      vertex 155.955 -29 -13.3337
      vertex 156.785 -23 -12
      vertex 155.955 -23 -13.3337
    endloop
  endfacet
  facet normal -0.849016 0 0.528367
    outer loop
      vertex 156.785 -23 -12
      vertex 155.955 -29 -13.3337
      vertex 156.785 -29 -12
    endloop
  endfacet
  facet normal 0.683493 0 0.729957
    outer loop
      vertex 120.176 -23 -18.0442
      vertex 119.612 -31.5077 -17.5161
      vertex 120.176 -31.9117 -18.0442
    endloop
  endfacet
  facet normal 0.683361 -0 0.730081
    outer loop
      vertex 119.029 -31.0296 -16.9706
      vertex 120.176 -23 -18.0442
      vertex 119.029 -23 -16.9706
    endloop
  endfacet
  facet normal 0.683246 3.07594e-05 0.730188
    outer loop
      vertex 120.176 -23 -18.0442
      vertex 119.029 -31.0296 -16.9706
      vertex 119.612 -31.5077 -17.5161
    endloop
  endfacet
  facet normal 0.730063 -0 0.68338
    outer loop
      vertex 117.956 -30.0557 -15.8243
      vertex 119.029 -23 -16.9706
      vertex 117.956 -23 -15.8243
    endloop
  endfacet
  facet normal 0.729952 3.62138e-05 0.683498
    outer loop
      vertex 118.757 -30.8061 -16.6797
      vertex 119.029 -23 -16.9706
      vertex 117.956 -30.0557 -15.8243
    endloop
  endfacet
  facet normal 0.730437 0 0.68298
    outer loop
      vertex 119.029 -23 -16.9706
      vertex 118.757 -30.8061 -16.6797
      vertex 119.029 -31.0296 -16.9706
    endloop
  endfacet
  facet normal 0.849016 -0 0.528367
    outer loop
      vertex 115.215 -29 -12
      vertex 116.045 -23 -13.3337
      vertex 115.215 -23 -12
    endloop
  endfacet
  facet normal 0.849016 0 0.528367
    outer loop
      vertex 116.045 -23 -13.3337
      vertex 115.215 -29 -12
      vertex 116.045 -29 -13.3337
    endloop
  endfacet
  facet normal 0.812786 -0 0.582562
    outer loop
      vertex 116.045 -29 -13.3337
      vertex 116.96 -23 -14.6103
      vertex 116.045 -23 -13.3337
    endloop
  endfacet
  facet normal 0.812786 0 0.582562
    outer loop
      vertex 116.96 -23 -14.6103
      vertex 116.045 -29 -13.3337
      vertex 116.96 -29 -14.6103
    endloop
  endfacet
  facet normal 0.935951 -0 0.352132
    outer loop
      vertex 113.274 -29 -7.71455
      vertex 113.827 -23 -9.1844
      vertex 113.274 -23 -7.71455
    endloop
  endfacet
  facet normal 0.935951 0 0.352132
    outer loop
      vertex 113.827 -23 -9.1844
      vertex 113.274 -29 -7.71455
      vertex 113.827 -29 -9.1844
    endloop
  endfacet
  facet normal 0.986626 -0 0.163001
    outer loop
      vertex 112.205 -29 -3.13263
      vertex 112.461 -23 -4.68217
      vertex 112.205 -23 -3.13263
    endloop
  endfacet
  facet normal 0.986626 0 0.163001
    outer loop
      vertex 112.461 -23 -4.68217
      vertex 112.205 -29 -3.13263
      vertex 112.461 -29 -4.68217
    endloop
  endfacet
  facet normal 0.995181 -0 0.0980562
    outer loop
      vertex 112.051 -29 -1.56967
      vertex 112.205 -23 -3.13263
      vertex 112.051 -23 -1.56967
    endloop
  endfacet
  facet normal 0.995181 0 0.0980562
    outer loop
      vertex 112.205 -23 -3.13263
      vertex 112.051 -29 -1.56967
      vertex 112.205 -29 -3.13263
    endloop
  endfacet
  facet normal -0.162994 0 0.986627
    outer loop
      vertex 139.133 -23 -23.7947
      vertex 140.682 -31.2663 -23.5388
      vertex 140.682 -23 -23.5388
    endloop
  endfacet
  facet normal -0.16308 -1.64657e-05 0.986613
    outer loop
      vertex 140.682 -31.2663 -23.5388
      vertex 139.133 -23 -23.7947
      vertex 140.388 -31.5077 -23.5874
    endloop
  endfacet
  facet normal -0.162878 1.4082e-05 0.986646
    outer loop
      vertex 140.388 -31.5077 -23.5874
      vertex 139.133 -23 -23.7947
      vertex 139.489 -32.1518 -23.7358
    endloop
  endfacet
  facet normal -0.16323 0 0.986588
    outer loop
      vertex 139.489 -32.1518 -23.7358
      vertex 139.133 -23 -23.7947
      vertex 139.133 -32.3735 -23.7947
    endloop
  endfacet
  facet normal -0.986626 0 0.163001
    outer loop
      vertex 159.539 -29 -4.68217
      vertex 159.795 -23 -3.13263
      vertex 159.539 -23 -4.68217
    endloop
  endfacet
  facet normal -0.986626 0 0.163001
    outer loop
      vertex 159.795 -23 -3.13263
      vertex 159.539 -29 -4.68217
      vertex 159.795 -29 -3.13263
    endloop
  endfacet
  facet normal -0.995181 0 0.0980562
    outer loop
      vertex 159.795 -29 -3.13263
      vertex 159.949 -23 -1.56967
      vertex 159.795 -23 -3.13263
    endloop
  endfacet
  facet normal -0.995181 0 0.0980562
    outer loop
      vertex 159.949 -23 -1.56967
      vertex 159.795 -29 -3.13263
      vertex 159.949 -29 -1.56967
    endloop
  endfacet
  facet normal -0.9109 0 0.412627
    outer loop
      vertex 157.525 -29 -10.6149
      vertex 158.173 -23 -9.1844
      vertex 157.525 -23 -10.6149
    endloop
  endfacet
  facet normal -0.9109 0 0.412627
    outer loop
      vertex 158.173 -23 -9.1844
      vertex 157.525 -29 -10.6149
      vertex 158.173 -29 -9.1844
    endloop
  endfacet
  facet normal -0.52796 0 0.849269
    outer loop
      vertex 148 -23 -20.7846
      vertex 149.334 -29 -19.9553
      vertex 149.334 -23 -19.9553
    endloop
  endfacet
  facet normal -0.52796 0 0.849269
    outer loop
      vertex 149.334 -29 -19.9553
      vertex 148 -23 -20.7846
      vertex 148 -29 -20.7846
    endloop
  endfacet
  facet normal 0.290441 0 0.956893
    outer loop
      vertex 129.788 -23 -23.1822
      vertex 128.795 -34.9638 -22.8808
      vertex 129.788 -34.9963 -23.1822
    endloop
  endfacet
  facet normal 0.290267 -0 0.956946
    outer loop
      vertex 128.285 -34.9137 -22.7263
      vertex 129.788 -23 -23.1822
      vertex 128.285 -23 -22.7263
    endloop
  endfacet
  facet normal 0.289933 4.59753e-05 0.957047
    outer loop
      vertex 129.788 -23 -23.1822
      vertex 128.285 -34.9137 -22.7263
      vertex 128.795 -34.9638 -22.8808
    endloop
  endfacet
  facet normal 0.0979906 0 0.995187
    outer loop
      vertex 132.867 -23 -23.7947
      vertex 134.43 -34.4343 -23.9486
      vertex 134.43 -23 -23.9486
    endloop
  endfacet
  facet normal 0.0980703 1.09983e-05 0.995179
    outer loop
      vertex 134.43 -34.4343 -23.9486
      vertex 132.867 -23 -23.7947
      vertex 133.397 -34.6753 -23.8468
    endloop
  endfacet
  facet normal 0.0978303 0 0.995203
    outer loop
      vertex 133.397 -34.6753 -23.8468
      vertex 132.867 -23 -23.7947
      vertex 132.867 -34.7627 -23.7947
    endloop
  endfacet
  facet normal 0.0327213 0 0.999465
    outer loop
      vertex 134.43 -23 -23.9486
      vertex 136 -33.9271 -24
      vertex 136 -23 -24
    endloop
  endfacet
  facet normal 0.0326772 -6.34146e-06 0.999466
    outer loop
      vertex 136 -33.9271 -24
      vertex 134.43 -23 -23.9486
      vertex 135.532 -34.1031 -23.9847
    endloop
  endfacet
  facet normal 0.032779 3.76631e-06 0.999463
    outer loop
      vertex 135.532 -34.1031 -23.9847
      vertex 134.43 -23 -23.9486
      vertex 134.474 -34.4241 -23.95
    endloop
  endfacet
  facet normal 0.0318021 0 0.999494
    outer loop
      vertex 134.474 -34.4241 -23.95
      vertex 134.43 -23 -23.9486
      vertex 134.43 -34.4343 -23.9486
    endloop
  endfacet
  facet normal 0.352338 0 0.935873
    outer loop
      vertex 128.285 -23 -22.7263
      vertex 127.694 -34.8554 -22.5038
      vertex 128.285 -34.9137 -22.7263
    endloop
  endfacet
  facet normal 0.352422 -0 0.935841
    outer loop
      vertex 126.816 -34.7104 -22.1731
      vertex 128.285 -23 -22.7263
      vertex 126.816 -23 -22.1731
    endloop
  endfacet
  facet normal 0.352477 -7.90942e-06 0.935821
    outer loop
      vertex 128.285 -23 -22.7263
      vertex 126.816 -34.7104 -22.1731
      vertex 127.694 -34.8554 -22.5038
    endloop
  endfacet
  facet normal 0.471511 0 0.88186
    outer loop
      vertex 125.385 -23 -21.5249
      vertex 124.468 -34.1031 -21.0346
      vertex 125.385 -34.3814 -21.5249
    endloop
  endfacet
  facet normal 0.471398 -0 0.881921
    outer loop
      vertex 124 -33.9271 -20.7846
      vertex 125.385 -23 -21.5249
      vertex 124 -23 -20.7846
    endloop
  endfacet
  facet normal 0.471185 3.46384e-05 0.882034
    outer loop
      vertex 125.385 -23 -21.5249
      vertex 124 -33.9271 -20.7846
      vertex 124.468 -34.1031 -21.0346
    endloop
  endfacet
  facet normal 0.528302 0 0.849057
    outer loop
      vertex 124 -23 -20.7846
      vertex 123.433 -33.7136 -20.4318
      vertex 124 -33.9271 -20.7846
    endloop
  endfacet
  facet normal 0.52796 -0 0.849269
    outer loop
      vertex 122.666 -33.3663 -19.9553
      vertex 124 -23 -20.7846
      vertex 122.666 -23 -19.9553
    endloop
  endfacet
  facet normal 0.527721 4.26109e-05 0.849418
    outer loop
      vertex 124 -23 -20.7846
      vertex 122.666 -33.3663 -19.9553
      vertex 123.433 -33.7136 -20.4318
    endloop
  endfacet
  facet normal 0.225867 0 0.974158
    outer loop
      vertex 131.318 -23 -23.5388
      vertex 131.205 -34.9638 -23.5126
      vertex 131.318 -34.9527 -23.5388
    endloop
  endfacet
  facet normal 0.226988 -1.11624e-05 0.973898
    outer loop
      vertex 129.788 -23 -23.1822
      vertex 131.205 -34.9638 -23.5126
      vertex 131.318 -23 -23.5388
    endloop
  endfacet
  facet normal 0.227118 5.05598e-06 0.973867
    outer loop
      vertex 131.205 -34.9638 -23.5126
      vertex 129.788 -23 -23.1822
      vertex 130.1 -35 -23.2549
    endloop
  endfacet
  facet normal 0.226922 -3.24638e-07 0.973913
    outer loop
      vertex 130.1 -35 -23.2549
      vertex 129.788 -23 -23.1822
      vertex 129.9 -35 -23.2083
    endloop
  endfacet
  facet normal 0.226955 0 0.973905
    outer loop
      vertex 129.9 -35 -23.2083
      vertex 129.788 -23 -23.1822
      vertex 129.788 -34.9963 -23.1822
    endloop
  endfacet
  facet normal 0.162994 0 0.986627
    outer loop
      vertex 131.318 -23 -23.5388
      vertex 132.867 -34.7627 -23.7947
      vertex 132.867 -23 -23.7947
    endloop
  endfacet
  facet normal 0.163029 4.74107e-06 0.986621
    outer loop
      vertex 132.867 -34.7627 -23.7947
      vertex 131.318 -23 -23.5388
      vertex 132.306 -34.8554 -23.702
    endloop
  endfacet
  facet normal 0.162974 0 0.98663
    outer loop
      vertex 132.306 -34.8554 -23.702
      vertex 131.318 -23 -23.5388
      vertex 131.318 -34.9527 -23.5388
    endloop
  endfacet
  facet normal 0.411965 0 0.9112
    outer loop
      vertex 126.816 -23 -22.1731
      vertex 126.603 -34.6753 -22.0768
      vertex 126.816 -34.7104 -22.1731
    endloop
  endfacet
  facet normal 0.412716 -1.65109e-05 0.91086
    outer loop
      vertex 126.816 -23 -22.1731
      vertex 125.526 -34.4241 -21.5888
      vertex 126.603 -34.6753 -22.0768
    endloop
  endfacet
  facet normal 0.412613 -0 0.910906
    outer loop
      vertex 125.385 -34.3814 -21.5249
      vertex 126.816 -23 -22.1731
      vertex 125.385 -23 -21.5249
    endloop
  endfacet
  facet normal 0.412774 -2.44401e-05 0.910833
    outer loop
      vertex 126.816 -23 -22.1731
      vertex 125.385 -34.3814 -21.5249
      vertex 125.526 -34.4241 -21.5888
    endloop
  endfacet
  facet normal 0.634353 0 0.773044
    outer loop
      vertex 121.39 -23 -19.0405
      vertex 120.511 -32.1518 -18.3192
      vertex 121.39 -32.6983 -19.0405
    endloop
  endfacet
  facet normal 0.634392 -0 0.773012
    outer loop
      vertex 120.176 -31.9117 -18.0442
      vertex 121.39 -23 -19.0405
      vertex 120.176 -23 -18.0442
    endloop
  endfacet
  facet normal 0.634484 -2.11107e-05 0.772936
    outer loop
      vertex 121.39 -23 -19.0405
      vertex 120.176 -31.9117 -18.0442
      vertex 120.511 -32.1518 -18.3192
    endloop
  endfacet
  facet normal 0.582482 0 0.812844
    outer loop
      vertex 122.666 -23 -19.9553
      vertex 122.425 -33.2571 -19.7826
      vertex 122.666 -33.3663 -19.9553
    endloop
  endfacet
  facet normal 0.5826 -4.20574e-06 0.812759
    outer loop
      vertex 122.666 -23 -19.9553
      vertex 121.45 -32.7358 -19.0837
      vertex 122.425 -33.2571 -19.7826
    endloop
  endfacet
  facet normal 0.582659 -0 0.812717
    outer loop
      vertex 121.39 -32.6983 -19.0405
      vertex 122.666 -23 -19.9553
      vertex 121.39 -23 -19.0405
    endloop
  endfacet
  facet normal 0.58418 -0.000303128 0.811624
    outer loop
      vertex 122.666 -23 -19.9553
      vertex 121.39 -32.6983 -19.0405
      vertex 121.45 -32.7358 -19.0837
    endloop
  endfacet
  facet normal -0.999383 0 -0.0351274
    outer loop
      vertex 138.17 -23 0.142251
      vertex 138.175 32.9363 0
      vertex 138.175 -23 0
    endloop
  endfacet
  facet normal -0.999383 0 -0.0351274
    outer loop
      vertex 138.175 32.9363 0
      vertex 138.17 -23 0.142251
      vertex 138.17 32.9388 0.142251
    endloop
  endfacet
  facet normal 0.0327992 0 -0.999462
    outer loop
      vertex 135.858 -23 2.17034
      vertex 136 33.9271 2.175
      vertex 136 -23 2.175
    endloop
  endfacet
  facet normal 0.0327992 0 -0.999462
    outer loop
      vertex 136 33.9271 2.175
      vertex 135.858 -23 2.17034
      vertex 135.858 33.9806 2.17034
    endloop
  endfacet
  facet normal -0.683156 0 -0.730273
    outer loop
      vertex 137.434 -23 1.63525
      vertex 137.538 33.2738 1.53796
      vertex 137.538 -23 1.53796
    endloop
  endfacet
  facet normal -0.683156 0 -0.730273
    outer loop
      vertex 137.538 33.2738 1.53796
      vertex 137.434 -23 1.63525
      vertex 137.434 33.3209 1.63525
    endloop
  endfacet
  facet normal 0.352696 0 -0.935738
    outer loop
      vertex 135.168 -23 2.00944
      vertex 135.301 34.1733 2.05957
      vertex 135.301 -23 2.05957
    endloop
  endfacet
  facet normal 0.352696 0 -0.935738
    outer loop
      vertex 135.301 34.1733 2.05957
      vertex 135.168 -23 2.00944
      vertex 135.168 34.2137 2.00944
    endloop
  endfacet
  facet normal 0.815872 -0 0.578233
    outer loop
      vertex 134.192 -23 -1.20836
      vertex 134.274 34.4707 -1.32406
      vertex 134.192 34.49 -1.20836
    endloop
  endfacet
  facet normal 0.815872 0 0.578233
    outer loop
      vertex 134.274 34.4707 -1.32406
      vertex 134.192 -23 -1.20836
      vertex 134.274 -23 -1.32406
    endloop
  endfacet
  facet normal -0.352696 0 -0.935738
    outer loop
      vertex 136.699 -23 2.05957
      vertex 136.832 33.5935 2.00944
      vertex 136.832 -23 2.00944
    endloop
  endfacet
  facet normal -0.352696 0 -0.935738
    outer loop
      vertex 136.832 33.5935 2.00944
      vertex 136.699 -23 2.05957
      vertex 136.699 33.6539 2.05957
    endloop
  endfacet
  facet normal 0.815872 0 -0.578233
    outer loop
      vertex 134.192 -23 1.20836
      vertex 134.274 34.4707 1.32406
      vertex 134.274 -23 1.32406
    endloop
  endfacet
  facet normal 0.815872 0 -0.578233
    outer loop
      vertex 134.274 34.4707 1.32406
      vertex 134.192 -23 1.20836
      vertex 134.192 34.49 1.20836
    endloop
  endfacet
  facet normal 0.352696 -0 0.935738
    outer loop
      vertex 135.168 -23 -2.00944
      vertex 135.301 34.1733 -2.05957
      vertex 135.168 34.2137 -2.00944
    endloop
  endfacet
  facet normal 0.352696 0 0.935738
    outer loop
      vertex 135.301 34.1733 -2.05957
      vertex 135.168 -23 -2.00944
      vertex 135.301 -23 -2.05957
    endloop
  endfacet
  facet normal -0.974371 0 -0.224947
    outer loop
      vertex 138.101 -23 0.562931
      vertex 138.133 32.9586 0.424321
      vertex 138.133 -23 0.424321
    endloop
  endfacet
  facet normal -0.974371 0 -0.224947
    outer loop
      vertex 138.133 32.9586 0.424321
      vertex 138.101 -23 0.562931
      vertex 138.101 32.9759 0.562931
    endloop
  endfacet
  facet normal -0.912811 0 -0.408382
    outer loop
      vertex 137.951 -23 0.961977
      vertex 138.009 33.0248 0.832336
      vertex 138.009 -23 0.832336
    endloop
  endfacet
  facet normal -0.912811 0 -0.408382
    outer loop
      vertex 138.009 33.0248 0.832336
      vertex 137.951 -23 0.961977
      vertex 137.951 33.0562 0.961977
    endloop
  endfacet
  facet normal -0.957554 0 -0.288253
    outer loop
      vertex 138.06 -23 0.69913
      vertex 138.101 32.9759 0.562931
      vertex 138.101 -23 0.562931
    endloop
  endfacet
  facet normal -0.957554 0 -0.288253
    outer loop
      vertex 138.101 32.9759 0.562931
      vertex 138.06 -23 0.69913
      vertex 138.06 32.998 0.69913
    endloop
  endfacet
  facet normal -0.687039 0.148059 -0.711376
    outer loop
      vertex 137.635 33.2248 1.43408
      vertex 137.538 33.2738 1.53796
      vertex 137.575 33.2571 1.49875
    endloop
  endfacet
  facet normal -0.730896 0 -0.682489
    outer loop
      vertex 137.538 -23 1.53796
      vertex 137.635 33.2248 1.43408
      vertex 137.635 -23 1.43408
    endloop
  endfacet
  facet normal -0.730896 0 -0.682489
    outer loop
      vertex 137.635 33.2248 1.43408
      vertex 137.538 -23 1.53796
      vertex 137.538 33.2738 1.53796
    endloop
  endfacet
  facet normal -0.163348 0 -0.986569
    outer loop
      vertex 136.284 -23 2.15639
      vertex 136.424 33.7674 2.13321
      vertex 136.424 -23 2.13321
    endloop
  endfacet
  facet normal -0.163348 0 -0.986569
    outer loop
      vertex 136.424 33.7674 2.13321
      vertex 136.284 -23 2.15639
      vertex 136.284 33.8202 2.15639
    endloop
  endfacet
  facet normal -0.0327992 0 -0.999462
    outer loop
      vertex 136 -23 2.175
      vertex 136.142 33.8736 2.17034
      vertex 136.142 -23 2.17034
    endloop
  endfacet
  facet normal -0.0327992 0 -0.999462
    outer loop
      vertex 136.142 33.8736 2.17034
      vertex 136 -23 2.175
      vertex 136 33.9271 2.175
    endloop
  endfacet
  facet normal -0.411763 0 -0.911291
    outer loop
      vertex 136.832 -23 2.00944
      vertex 136.962 33.5348 1.9507
      vertex 136.962 -23 1.9507
    endloop
  endfacet
  facet normal -0.411763 0 -0.911291
    outer loop
      vertex 136.962 33.5348 1.9507
      vertex 136.832 -23 2.00944
      vertex 136.832 33.5935 2.00944
    endloop
  endfacet
  facet normal 0.846539 0 -0.532326
    outer loop
      vertex 134.116 -23 1.0875
      vertex 134.192 34.49 1.20836
      vertex 134.192 -23 1.20836
    endloop
  endfacet
  facet normal 0.846539 0 -0.532326
    outer loop
      vertex 134.192 34.49 1.20836
      vertex 134.116 -23 1.0875
      vertex 134.116 34.5075 1.0875
    endloop
  endfacet
  facet normal 0.974371 0 -0.224947
    outer loop
      vertex 133.867 -23 0.424321
      vertex 133.899 34.5582 0.562931
      vertex 133.899 -23 0.562931
    endloop
  endfacet
  facet normal 0.974371 0 -0.224947
    outer loop
      vertex 133.899 34.5582 0.562931
      vertex 133.867 -23 0.424321
      vertex 133.867 34.5657 0.424321
    endloop
  endfacet
  facet normal 0.527649 0 -0.849462
    outer loop
      vertex 134.792 -23 1.80845
      vertex 134.913 34.2911 1.88361
      vertex 134.913 -23 1.88361
    endloop
  endfacet
  facet normal 0.527649 0 -0.849462
    outer loop
      vertex 134.913 34.2911 1.88361
      vertex 134.792 -23 1.80845
      vertex 134.792 34.3278 1.80845
    endloop
  endfacet
  facet normal -0.163348 0 0.986569
    outer loop
      vertex 136.284 -23 -2.15639
      vertex 136.424 33.7674 -2.13321
      vertex 136.284 33.8202 -2.15639
    endloop
  endfacet
  facet normal -0.163348 0 0.986569
    outer loop
      vertex 136.424 33.7674 -2.13321
      vertex 136.284 -23 -2.15639
      vertex 136.424 -23 -2.13321
    endloop
  endfacet
  facet normal -0.226476 0 0.974017
    outer loop
      vertex 136.424 -23 -2.13321
      vertex 136.563 33.7152 -2.10089
      vertex 136.424 33.7674 -2.13321
    endloop
  endfacet
  facet normal -0.226476 0 0.974017
    outer loop
      vertex 136.563 33.7152 -2.10089
      vertex 136.424 -23 -2.13321
      vertex 136.563 -23 -2.10089
    endloop
  endfacet
  facet normal -0.815872 0 0.578233
    outer loop
      vertex 137.726 -23 -1.32406
      vertex 137.808 33.1322 -1.20836
      vertex 137.726 33.1765 -1.32406
    endloop
  endfacet
  facet normal -0.815872 0 0.578233
    outer loop
      vertex 137.808 33.1322 -1.20836
      vertex 137.726 -23 -1.32406
      vertex 137.808 -23 -1.20836
    endloop
  endfacet
  facet normal -0.846539 0 0.532326
    outer loop
      vertex 137.808 -23 -1.20836
      vertex 137.884 33.092 -1.0875
      vertex 137.808 33.1322 -1.20836
    endloop
  endfacet
  facet normal -0.846539 0 0.532326
    outer loop
      vertex 137.884 33.092 -1.0875
      vertex 137.808 -23 -1.20836
      vertex 137.884 -23 -1.0875
    endloop
  endfacet
  facet normal -0.999383 0 0.0351274
    outer loop
      vertex 138.17 -23 -0.142251
      vertex 138.175 32.9363 0
      vertex 138.17 32.9388 -0.142251
    endloop
  endfacet
  facet normal -0.999383 0 0.0351274
    outer loop
      vertex 138.175 32.9363 0
      vertex 138.17 -23 -0.142251
      vertex 138.175 -23 0
    endloop
  endfacet
  facet normal 0.527649 -0 0.849462
    outer loop
      vertex 134.792 -23 -1.80845
      vertex 134.913 34.2911 -1.88361
      vertex 134.792 34.3278 -1.80845
    endloop
  endfacet
  facet normal 0.527649 0 0.849462
    outer loop
      vertex 134.913 34.2911 -1.88361
      vertex 134.792 -23 -1.80845
      vertex 134.913 -23 -1.88361
    endloop
  endfacet
  facet normal 0.0977688 -0 0.995209
    outer loop
      vertex 135.716 -23 -2.15639
      vertex 135.858 33.9806 -2.17034
      vertex 135.716 34.034 -2.15639
    endloop
  endfacet
  facet normal 0.0977688 0 0.995209
    outer loop
      vertex 135.858 33.9806 -2.17034
      vertex 135.716 -23 -2.15639
      vertex 135.858 -23 -2.17034
    endloop
  endfacet
  facet normal 0.581484 -0 0.813558
    outer loop
      vertex 134.676 -23 -1.72554
      vertex 134.792 34.3278 -1.80845
      vertex 134.676 34.3629 -1.72554
    endloop
  endfacet
  facet normal 0.581484 0 0.813558
    outer loop
      vertex 134.792 34.3278 -1.80845
      vertex 134.676 -23 -1.72554
      vertex 134.792 -23 -1.80845
    endloop
  endfacet
  facet normal 0.77057 -0 0.637356
    outer loop
      vertex 134.274 -23 -1.32406
      vertex 134.365 34.4496 -1.43408
      vertex 134.274 34.4707 -1.32406
    endloop
  endfacet
  facet normal 0.77057 0 0.637356
    outer loop
      vertex 134.365 34.4496 -1.43408
      vertex 134.274 -23 -1.32406
      vertex 134.365 -23 -1.43408
    endloop
  endfacet
  facet normal -0.933892 0 -0.357555
    outer loop
      vertex 138.009 -23 0.832336
      vertex 138.06 32.998 0.69913
      vertex 138.06 -23 0.69913
    endloop
  endfacet
  facet normal -0.933892 0 -0.357555
    outer loop
      vertex 138.06 32.998 0.69913
      vertex 138.009 -23 0.832336
      vertex 138.009 33.0248 0.832336
    endloop
  endfacet
  facet normal -0.77057 0 -0.637356
    outer loop
      vertex 137.635 -23 1.43408
      vertex 137.726 33.1765 1.32406
      vertex 137.726 -23 1.32406
    endloop
  endfacet
  facet normal -0.77057 0 -0.637356
    outer loop
      vertex 137.726 33.1765 1.32406
      vertex 137.635 -23 1.43408
      vertex 137.635 33.2248 1.43408
    endloop
  endfacet
  facet normal -0.882194 0 -0.470886
    outer loop
      vertex 137.884 -23 1.0875
      vertex 137.951 33.0562 0.961977
      vertex 137.951 -23 0.961977
    endloop
  endfacet
  facet normal -0.882194 0 -0.470886
    outer loop
      vertex 137.951 33.0562 0.961977
      vertex 137.884 -23 1.0875
      vertex 137.884 33.092 1.0875
    endloop
  endfacet
  facet normal -0.0977688 0 -0.995209
    outer loop
      vertex 136.142 -23 2.17034
      vertex 136.284 33.8202 2.15639
      vertex 136.284 -23 2.15639
    endloop
  endfacet
  facet normal -0.0977688 0 -0.995209
    outer loop
      vertex 136.284 33.8202 2.15639
      vertex 136.142 -23 2.17034
      vertex 136.142 33.8736 2.17034
    endloop
  endfacet
  facet normal -0.290702 0 -0.956814
    outer loop
      vertex 136.563 -23 2.10089
      vertex 136.699 33.6539 2.05957
      vertex 136.699 -23 2.05957
    endloop
  endfacet
  facet normal -0.290702 -0 -0.956814
    outer loop
      vertex 136.563 33.7152 2.10089
      vertex 136.699 33.6539 2.05957
      vertex 136.563 -23 2.10089
    endloop
  endfacet
  facet normal -0.443508 -0.469239 -0.76362
    outer loop
      vertex 136.699 33.6539 2.05957
      vertex 136.563 33.7152 2.10089
      vertex 136.567 33.7136 2.09955
    endloop
  endfacet
  facet normal -0.47291 0 -0.881111
    outer loop
      vertex 136.962 -23 1.9507
      vertex 137.087 33.4779 1.88361
      vertex 137.087 -23 1.88361
    endloop
  endfacet
  facet normal -0.47291 0 -0.881111
    outer loop
      vertex 137.087 33.4779 1.88361
      vertex 136.962 -23 1.9507
      vertex 136.962 33.5348 1.9507
    endloop
  endfacet
  facet normal -0.634458 0 -0.772958
    outer loop
      vertex 137.324 -23 1.72554
      vertex 137.434 33.3209 1.63525
      vertex 137.434 -23 1.63525
    endloop
  endfacet
  facet normal -0.634458 0 -0.772958
    outer loop
      vertex 137.434 33.3209 1.63525
      vertex 137.324 -23 1.72554
      vertex 137.324 33.3707 1.72554
    endloop
  endfacet
  facet normal 0.999383 0 -0.0351274
    outer loop
      vertex 133.83 -23 0.142251
      vertex 133.825 34.5755 0
      vertex 133.83 34.5744 0.142251
    endloop
  endfacet
  facet normal 0.999383 0 -0.0351274
    outer loop
      vertex 133.825 34.5755 0
      vertex 133.83 -23 0.142251
      vertex 133.825 -23 0
    endloop
  endfacet
  facet normal 0.77057 0 -0.637356
    outer loop
      vertex 134.274 -23 1.32406
      vertex 134.365 34.4496 1.43408
      vertex 134.365 -23 1.43408
    endloop
  endfacet
  facet normal 0.77057 0 -0.637356
    outer loop
      vertex 134.365 34.4496 1.43408
      vertex 134.274 -23 1.32406
      vertex 134.274 34.4707 1.32406
    endloop
  endfacet
  facet normal 0.912811 0 -0.408382
    outer loop
      vertex 133.991 -23 0.832336
      vertex 134.049 34.5232 0.961977
      vertex 134.049 -23 0.961977
    endloop
  endfacet
  facet normal 0.912811 0 -0.408382
    outer loop
      vertex 134.049 34.5232 0.961977
      vertex 133.991 -23 0.832336
      vertex 133.991 34.5369 0.832336
    endloop
  endfacet
  facet normal 0.986851 0 -0.161633
    outer loop
      vertex 133.844 -23 0.283894
      vertex 133.867 34.5657 0.424321
      vertex 133.867 -23 0.424321
    endloop
  endfacet
  facet normal 0.986851 0 -0.161633
    outer loop
      vertex 133.867 34.5657 0.424321
      vertex 133.844 -23 0.283894
      vertex 133.844 34.5711 0.283894
    endloop
  endfacet
  facet normal 0.957554 0 -0.288253
    outer loop
      vertex 133.899 -23 0.562931
      vertex 133.94 34.5486 0.69913
      vertex 133.94 -23 0.69913
    endloop
  endfacet
  facet normal 0.957554 0 -0.288253
    outer loop
      vertex 133.94 34.5486 0.69913
      vertex 133.899 -23 0.562931
      vertex 133.899 34.5582 0.562931
    endloop
  endfacet
  facet normal 0.683156 0 -0.730273
    outer loop
      vertex 134.462 -23 1.53796
      vertex 134.566 34.3963 1.63525
      vertex 134.566 -23 1.63525
    endloop
  endfacet
  facet normal 0.683156 0 -0.730273
    outer loop
      vertex 134.462 34.4269 1.53796
      vertex 134.566 34.3963 1.63525
      vertex 134.462 -23 1.53796
    endloop
  endfacet
  facet normal 0.685309 0.0141791 -0.728114
    outer loop
      vertex 134.566 34.3963 1.63525
      vertex 134.462 34.4269 1.53796
      vertex 134.474 34.4241 1.5492
    endloop
  endfacet
  facet normal 0.581484 0 -0.813558
    outer loop
      vertex 134.676 -23 1.72554
      vertex 134.792 34.3278 1.80845
      vertex 134.792 -23 1.80845
    endloop
  endfacet
  facet normal 0.581484 0 -0.813558
    outer loop
      vertex 134.792 34.3278 1.80845
      vertex 134.676 -23 1.72554
      vertex 134.676 34.3629 1.72554
    endloop
  endfacet
  facet normal 0.47291 0 -0.881111
    outer loop
      vertex 134.913 -23 1.88361
      vertex 135.038 34.2531 1.9507
      vertex 135.038 -23 1.9507
    endloop
  endfacet
  facet normal 0.47291 0 -0.881111
    outer loop
      vertex 135.038 34.2531 1.9507
      vertex 134.913 -23 1.88361
      vertex 134.913 34.2911 1.88361
    endloop
  endfacet
  facet normal 0.290702 0 -0.956814
    outer loop
      vertex 135.301 -23 2.05957
      vertex 135.437 34.132 2.10089
      vertex 135.437 -23 2.10089
    endloop
  endfacet
  facet normal 0.290702 0 -0.956814
    outer loop
      vertex 135.437 34.132 2.10089
      vertex 135.301 -23 2.05957
      vertex 135.301 34.1733 2.05957
    endloop
  endfacet
  facet normal 0.0977688 0 -0.995209
    outer loop
      vertex 135.716 -23 2.15639
      vertex 135.858 33.9806 2.17034
      vertex 135.858 -23 2.17034
    endloop
  endfacet
  facet normal 0.0977688 0 -0.995209
    outer loop
      vertex 135.858 33.9806 2.17034
      vertex 135.716 -23 2.15639
      vertex 135.716 34.034 2.15639
    endloop
  endfacet
  facet normal -0.0327992 0 0.999462
    outer loop
      vertex 136 -23 -2.175
      vertex 136.142 33.8736 -2.17034
      vertex 136 33.9271 -2.175
    endloop
  endfacet
  facet normal -0.0327992 0 0.999462
    outer loop
      vertex 136.142 33.8736 -2.17034
      vertex 136 -23 -2.175
      vertex 136.142 -23 -2.17034
    endloop
  endfacet
  facet normal -0.0977688 0 0.995209
    outer loop
      vertex 136.142 -23 -2.17034
      vertex 136.284 33.8202 -2.15639
      vertex 136.142 33.8736 -2.17034
    endloop
  endfacet
  facet normal -0.0977688 0 0.995209
    outer loop
      vertex 136.284 33.8202 -2.15639
      vertex 136.142 -23 -2.17034
      vertex 136.284 -23 -2.15639
    endloop
  endfacet
  facet normal -0.443508 -0.469239 0.76362
    outer loop
      vertex 136.563 33.7152 -2.10089
      vertex 136.699 33.6539 -2.05957
      vertex 136.567 33.7136 -2.09955
    endloop
  endfacet
  facet normal -0.290702 0 0.956814
    outer loop
      vertex 136.699 33.6539 -2.05957
      vertex 136.563 33.7152 -2.10089
      vertex 136.563 -23 -2.10089
    endloop
  endfacet
  facet normal -0.290702 0 0.956814
    outer loop
      vertex 136.699 33.6539 -2.05957
      vertex 136.563 -23 -2.10089
      vertex 136.699 -23 -2.05957
    endloop
  endfacet
  facet normal -0.352696 0 0.935738
    outer loop
      vertex 136.699 -23 -2.05957
      vertex 136.832 33.5935 -2.00944
      vertex 136.699 33.6539 -2.05957
    endloop
  endfacet
  facet normal -0.352696 0 0.935738
    outer loop
      vertex 136.832 33.5935 -2.00944
      vertex 136.699 -23 -2.05957
      vertex 136.832 -23 -2.00944
    endloop
  endfacet
  facet normal -0.683156 0 0.730273
    outer loop
      vertex 137.434 -23 -1.63525
      vertex 137.538 33.2738 -1.53796
      vertex 137.434 33.3209 -1.63525
    endloop
  endfacet
  facet normal -0.683156 0 0.730273
    outer loop
      vertex 137.538 33.2738 -1.53796
      vertex 137.434 -23 -1.63525
      vertex 137.538 -23 -1.53796
    endloop
  endfacet
  facet normal -0.581484 0 0.813558
    outer loop
      vertex 137.208 -23 -1.80845
      vertex 137.324 33.3707 -1.72554
      vertex 137.208 33.4231 -1.80845
    endloop
  endfacet
  facet normal -0.581484 0 0.813558
    outer loop
      vertex 137.324 33.3707 -1.72554
      vertex 137.208 -23 -1.80845
      vertex 137.324 -23 -1.72554
    endloop
  endfacet
  facet normal -0.527649 0 0.849462
    outer loop
      vertex 137.087 -23 -1.88361
      vertex 137.208 33.4231 -1.80845
      vertex 137.087 33.4779 -1.88361
    endloop
  endfacet
  facet normal -0.527649 0 0.849462
    outer loop
      vertex 137.208 33.4231 -1.80845
      vertex 137.087 -23 -1.88361
      vertex 137.208 -23 -1.80845
    endloop
  endfacet
  facet normal -0.687039 0.148059 0.711376
    outer loop
      vertex 137.538 33.2738 -1.53796
      vertex 137.635 33.2248 -1.43408
      vertex 137.575 33.2571 -1.49875
    endloop
  endfacet
  facet normal -0.730896 0 0.682489
    outer loop
      vertex 137.538 -23 -1.53796
      vertex 137.635 33.2248 -1.43408
      vertex 137.538 33.2738 -1.53796
    endloop
  endfacet
  facet normal -0.730896 0 0.682489
    outer loop
      vertex 137.635 33.2248 -1.43408
      vertex 137.538 -23 -1.53796
      vertex 137.635 -23 -1.43408
    endloop
  endfacet
  facet normal -0.77057 0 0.637356
    outer loop
      vertex 137.635 -23 -1.43408
      vertex 137.726 33.1765 -1.32406
      vertex 137.635 33.2248 -1.43408
    endloop
  endfacet
  facet normal -0.77057 0 0.637356
    outer loop
      vertex 137.726 33.1765 -1.32406
      vertex 137.635 -23 -1.43408
      vertex 137.726 -23 -1.32406
    endloop
  endfacet
  facet normal -0.882194 0 0.470886
    outer loop
      vertex 137.884 -23 -1.0875
      vertex 137.951 33.0562 -0.961977
      vertex 137.884 33.092 -1.0875
    endloop
  endfacet
  facet normal -0.882194 0 0.470886
    outer loop
      vertex 137.951 33.0562 -0.961977
      vertex 137.884 -23 -1.0875
      vertex 137.951 -23 -0.961977
    endloop
  endfacet
  facet normal -0.912811 0 0.408382
    outer loop
      vertex 137.951 -23 -0.961977
      vertex 138.009 33.0248 -0.832336
      vertex 137.951 33.0562 -0.961977
    endloop
  endfacet
  facet normal -0.912811 0 0.408382
    outer loop
      vertex 138.009 33.0248 -0.832336
      vertex 137.951 -23 -0.961977
      vertex 138.009 -23 -0.832336
    endloop
  endfacet
  facet normal -0.974371 0 0.224947
    outer loop
      vertex 138.101 -23 -0.562931
      vertex 138.133 32.9586 -0.424321
      vertex 138.101 32.9759 -0.562931
    endloop
  endfacet
  facet normal -0.974371 0 0.224947
    outer loop
      vertex 138.133 32.9586 -0.424321
      vertex 138.101 -23 -0.562931
      vertex 138.133 -23 -0.424321
    endloop
  endfacet
  facet normal -0.933892 0 0.357555
    outer loop
      vertex 138.009 -23 -0.832336
      vertex 138.06 32.998 -0.69913
      vertex 138.009 33.0248 -0.832336
    endloop
  endfacet
  facet normal -0.933892 0 0.357555
    outer loop
      vertex 138.06 32.998 -0.69913
      vertex 138.009 -23 -0.832336
      vertex 138.06 -23 -0.69913
    endloop
  endfacet
  facet normal 0.0327992 -0 0.999462
    outer loop
      vertex 135.858 -23 -2.17034
      vertex 136 33.9271 -2.175
      vertex 135.858 33.9806 -2.17034
    endloop
  endfacet
  facet normal 0.0327992 0 0.999462
    outer loop
      vertex 136 33.9271 -2.175
      vertex 135.858 -23 -2.17034
      vertex 136 -23 -2.175
    endloop
  endfacet
  facet normal 0.685309 0.0141791 0.728114
    outer loop
      vertex 134.462 34.4269 -1.53796
      vertex 134.566 34.3963 -1.63525
      vertex 134.474 34.4241 -1.5492
    endloop
  endfacet
  facet normal 0.683156 0 0.730273
    outer loop
      vertex 134.566 34.3963 -1.63525
      vertex 134.462 34.4269 -1.53796
      vertex 134.462 -23 -1.53796
    endloop
  endfacet
  facet normal 0.683156 0 0.730273
    outer loop
      vertex 134.566 34.3963 -1.63525
      vertex 134.462 -23 -1.53796
      vertex 134.566 -23 -1.63525
    endloop
  endfacet
  facet normal 0.244154 0.0586928 0.967959
    outer loop
      vertex 135.437 34.132 -2.10089
      vertex 135.576 34.0868 -2.13321
      vertex 135.532 34.1031 -2.1231
    endloop
  endfacet
  facet normal 0.226476 0 0.974017
    outer loop
      vertex 135.576 34.0868 -2.13321
      vertex 135.437 34.132 -2.10089
      vertex 135.437 -23 -2.10089
    endloop
  endfacet
  facet normal 0.226476 0 0.974017
    outer loop
      vertex 135.576 34.0868 -2.13321
      vertex 135.437 -23 -2.10089
      vertex 135.576 -23 -2.13321
    endloop
  endfacet
  facet normal 0.163348 -0 0.986569
    outer loop
      vertex 135.576 -23 -2.13321
      vertex 135.716 34.034 -2.15639
      vertex 135.576 34.0868 -2.13321
    endloop
  endfacet
  facet normal 0.163348 0 0.986569
    outer loop
      vertex 135.716 34.034 -2.15639
      vertex 135.576 -23 -2.13321
      vertex 135.716 -23 -2.15639
    endloop
  endfacet
  facet normal 0.634458 -0 0.772958
    outer loop
      vertex 134.566 -23 -1.63525
      vertex 134.676 34.3629 -1.72554
      vertex 134.566 34.3963 -1.63525
    endloop
  endfacet
  facet normal 0.634458 0 0.772958
    outer loop
      vertex 134.676 34.3629 -1.72554
      vertex 134.566 -23 -1.63525
      vertex 134.676 -23 -1.72554
    endloop
  endfacet
  facet normal 0.730896 -0 0.682489
    outer loop
      vertex 134.365 -23 -1.43408
      vertex 134.462 34.4269 -1.53796
      vertex 134.365 34.4496 -1.43408
    endloop
  endfacet
  facet normal 0.730896 0 0.682489
    outer loop
      vertex 134.462 34.4269 -1.53796
      vertex 134.365 -23 -1.43408
      vertex 134.462 -23 -1.53796
    endloop
  endfacet
  facet normal 0.846539 -0 0.532326
    outer loop
      vertex 134.116 -23 -1.0875
      vertex 134.192 34.49 -1.20836
      vertex 134.116 34.5075 -1.0875
    endloop
  endfacet
  facet normal 0.846539 0 0.532326
    outer loop
      vertex 134.192 34.49 -1.20836
      vertex 134.116 -23 -1.0875
      vertex 134.192 -23 -1.20836
    endloop
  endfacet
  facet normal 0.912811 -0 0.408382
    outer loop
      vertex 133.991 -23 -0.832336
      vertex 134.049 34.5232 -0.961977
      vertex 133.991 34.5369 -0.832336
    endloop
  endfacet
  facet normal 0.912811 0 0.408382
    outer loop
      vertex 134.049 34.5232 -0.961977
      vertex 133.991 -23 -0.832336
      vertex 134.049 -23 -0.961977
    endloop
  endfacet
  facet normal 0.986851 -0 0.161633
    outer loop
      vertex 133.844 -23 -0.283894
      vertex 133.867 34.5657 -0.424321
      vertex 133.844 34.5711 -0.283894
    endloop
  endfacet
  facet normal 0.986851 0 0.161633
    outer loop
      vertex 133.867 34.5657 -0.424321
      vertex 133.844 -23 -0.283894
      vertex 133.867 -23 -0.424321
    endloop
  endfacet
  facet normal 0.974371 -0 0.224947
    outer loop
      vertex 133.867 -23 -0.424321
      vertex 133.899 34.5582 -0.562931
      vertex 133.867 34.5657 -0.424321
    endloop
  endfacet
  facet normal 0.974371 0 0.224947
    outer loop
      vertex 133.899 34.5582 -0.562931
      vertex 133.867 -23 -0.424321
      vertex 133.899 -23 -0.562931
    endloop
  endfacet
  facet normal -0.986851 0 -0.161633
    outer loop
      vertex 138.133 -23 0.424321
      vertex 138.156 32.9462 0.283894
      vertex 138.156 -23 0.283894
    endloop
  endfacet
  facet normal -0.986851 0 -0.161633
    outer loop
      vertex 138.156 32.9462 0.283894
      vertex 138.133 -23 0.424321
      vertex 138.133 32.9586 0.424321
    endloop
  endfacet
  facet normal -0.995151 0 -0.0983607
    outer loop
      vertex 138.156 -23 0.283894
      vertex 138.17 32.9388 0.142251
      vertex 138.17 -23 0.142251
    endloop
  endfacet
  facet normal -0.995151 0 -0.0983607
    outer loop
      vertex 138.17 32.9388 0.142251
      vertex 138.156 -23 0.283894
      vertex 138.156 32.9462 0.283894
    endloop
  endfacet
  facet normal -0.846539 0 -0.532326
    outer loop
      vertex 137.808 -23 1.20836
      vertex 137.884 33.092 1.0875
      vertex 137.884 -23 1.0875
    endloop
  endfacet
  facet normal -0.846539 0 -0.532326
    outer loop
      vertex 137.884 33.092 1.0875
      vertex 137.808 -23 1.20836
      vertex 137.808 33.1322 1.20836
    endloop
  endfacet
  facet normal -0.815872 0 -0.578233
    outer loop
      vertex 137.726 -23 1.32406
      vertex 137.808 33.1322 1.20836
      vertex 137.808 -23 1.20836
    endloop
  endfacet
  facet normal -0.815872 0 -0.578233
    outer loop
      vertex 137.808 33.1322 1.20836
      vertex 137.726 -23 1.32406
      vertex 137.726 33.1765 1.32406
    endloop
  endfacet
  facet normal -0.226476 0 -0.974017
    outer loop
      vertex 136.424 -23 2.13321
      vertex 136.563 33.7152 2.10089
      vertex 136.563 -23 2.10089
    endloop
  endfacet
  facet normal -0.226476 0 -0.974017
    outer loop
      vertex 136.563 33.7152 2.10089
      vertex 136.424 -23 2.13321
      vertex 136.424 33.7674 2.13321
    endloop
  endfacet
  facet normal -0.581484 0 -0.813558
    outer loop
      vertex 137.208 -23 1.80845
      vertex 137.324 33.3707 1.72554
      vertex 137.324 -23 1.72554
    endloop
  endfacet
  facet normal -0.581484 0 -0.813558
    outer loop
      vertex 137.324 33.3707 1.72554
      vertex 137.208 -23 1.80845
      vertex 137.208 33.4231 1.80845
    endloop
  endfacet
  facet normal -0.527649 0 -0.849462
    outer loop
      vertex 137.087 -23 1.88361
      vertex 137.208 33.4231 1.80845
      vertex 137.208 -23 1.80845
    endloop
  endfacet
  facet normal -0.527649 0 -0.849462
    outer loop
      vertex 137.208 33.4231 1.80845
      vertex 137.087 -23 1.88361
      vertex 137.087 33.4779 1.88361
    endloop
  endfacet
  facet normal 0.730896 0 -0.682489
    outer loop
      vertex 134.365 -23 1.43408
      vertex 134.462 34.4269 1.53796
      vertex 134.462 -23 1.53796
    endloop
  endfacet
  facet normal 0.730896 0 -0.682489
    outer loop
      vertex 134.462 34.4269 1.53796
      vertex 134.365 -23 1.43408
      vertex 134.365 34.4496 1.43408
    endloop
  endfacet
  facet normal 0.882194 0 -0.470886
    outer loop
      vertex 134.049 -23 0.961977
      vertex 134.116 34.5075 1.0875
      vertex 134.116 -23 1.0875
    endloop
  endfacet
  facet normal 0.882194 0 -0.470886
    outer loop
      vertex 134.116 34.5075 1.0875
      vertex 134.049 -23 0.961977
      vertex 134.049 34.5232 0.961977
    endloop
  endfacet
  facet normal 0.995151 0 -0.0983607
    outer loop
      vertex 133.83 -23 0.142251
      vertex 133.844 34.5711 0.283894
      vertex 133.844 -23 0.283894
    endloop
  endfacet
  facet normal 0.995151 0 -0.0983607
    outer loop
      vertex 133.844 34.5711 0.283894
      vertex 133.83 -23 0.142251
      vertex 133.83 34.5744 0.142251
    endloop
  endfacet
  facet normal 0.933892 0 -0.357555
    outer loop
      vertex 133.94 -23 0.69913
      vertex 133.991 34.5369 0.832336
      vertex 133.991 -23 0.832336
    endloop
  endfacet
  facet normal 0.933892 0 -0.357555
    outer loop
      vertex 133.991 34.5369 0.832336
      vertex 133.94 -23 0.69913
      vertex 133.94 34.5486 0.69913
    endloop
  endfacet
  facet normal 0.634458 0 -0.772958
    outer loop
      vertex 134.566 -23 1.63525
      vertex 134.676 34.3629 1.72554
      vertex 134.676 -23 1.72554
    endloop
  endfacet
  facet normal 0.634458 0 -0.772958
    outer loop
      vertex 134.676 34.3629 1.72554
      vertex 134.566 -23 1.63525
      vertex 134.566 34.3963 1.63525
    endloop
  endfacet
  facet normal 0.411763 0 -0.911291
    outer loop
      vertex 135.038 -23 1.9507
      vertex 135.168 34.2137 2.00944
      vertex 135.168 -23 2.00944
    endloop
  endfacet
  facet normal 0.411763 0 -0.911291
    outer loop
      vertex 135.168 34.2137 2.00944
      vertex 135.038 -23 1.9507
      vertex 135.038 34.2531 1.9507
    endloop
  endfacet
  facet normal 0.163348 0 -0.986569
    outer loop
      vertex 135.576 -23 2.13321
      vertex 135.716 34.034 2.15639
      vertex 135.716 -23 2.15639
    endloop
  endfacet
  facet normal 0.163348 0 -0.986569
    outer loop
      vertex 135.716 34.034 2.15639
      vertex 135.576 -23 2.13321
      vertex 135.576 34.0868 2.13321
    endloop
  endfacet
  facet normal 0.226476 0 -0.974017
    outer loop
      vertex 135.437 -23 2.10089
      vertex 135.576 34.0868 2.13321
      vertex 135.576 -23 2.13321
    endloop
  endfacet
  facet normal 0.226476 0 -0.974017
    outer loop
      vertex 135.437 34.132 2.10089
      vertex 135.576 34.0868 2.13321
      vertex 135.437 -23 2.10089
    endloop
  endfacet
  facet normal 0.244154 0.0586928 -0.967959
    outer loop
      vertex 135.576 34.0868 2.13321
      vertex 135.437 34.132 2.10089
      vertex 135.532 34.1031 2.1231
    endloop
  endfacet
  facet normal -0.634458 0 0.772958
    outer loop
      vertex 137.324 -23 -1.72554
      vertex 137.434 33.3209 -1.63525
      vertex 137.324 33.3707 -1.72554
    endloop
  endfacet
  facet normal -0.634458 0 0.772958
    outer loop
      vertex 137.434 33.3209 -1.63525
      vertex 137.324 -23 -1.72554
      vertex 137.434 -23 -1.63525
    endloop
  endfacet
  facet normal -0.411763 0 0.911291
    outer loop
      vertex 136.832 -23 -2.00944
      vertex 136.962 33.5348 -1.9507
      vertex 136.832 33.5935 -2.00944
    endloop
  endfacet
  facet normal -0.411763 0 0.911291
    outer loop
      vertex 136.962 33.5348 -1.9507
      vertex 136.832 -23 -2.00944
      vertex 136.962 -23 -1.9507
    endloop
  endfacet
  facet normal -0.47291 0 0.881111
    outer loop
      vertex 136.962 -23 -1.9507
      vertex 137.087 33.4779 -1.88361
      vertex 136.962 33.5348 -1.9507
    endloop
  endfacet
  facet normal -0.47291 0 0.881111
    outer loop
      vertex 137.087 33.4779 -1.88361
      vertex 136.962 -23 -1.9507
      vertex 137.087 -23 -1.88361
    endloop
  endfacet
  facet normal -0.986851 0 0.161633
    outer loop
      vertex 138.133 -23 -0.424321
      vertex 138.156 32.9462 -0.283894
      vertex 138.133 32.9586 -0.424321
    endloop
  endfacet
  facet normal -0.986851 0 0.161633
    outer loop
      vertex 138.156 32.9462 -0.283894
      vertex 138.133 -23 -0.424321
      vertex 138.156 -23 -0.283894
    endloop
  endfacet
  facet normal -0.995151 0 0.0983607
    outer loop
      vertex 138.156 -23 -0.283894
      vertex 138.17 32.9388 -0.142251
      vertex 138.156 32.9462 -0.283894
    endloop
  endfacet
  facet normal -0.995151 0 0.0983607
    outer loop
      vertex 138.17 32.9388 -0.142251
      vertex 138.156 -23 -0.283894
      vertex 138.17 -23 -0.142251
    endloop
  endfacet
  facet normal -0.957554 0 0.288253
    outer loop
      vertex 138.06 -23 -0.69913
      vertex 138.101 32.9759 -0.562931
      vertex 138.06 32.998 -0.69913
    endloop
  endfacet
  facet normal -0.957554 0 0.288253
    outer loop
      vertex 138.101 32.9759 -0.562931
      vertex 138.06 -23 -0.69913
      vertex 138.101 -23 -0.562931
    endloop
  endfacet
  facet normal 0.290702 -0 0.956814
    outer loop
      vertex 135.301 -23 -2.05957
      vertex 135.437 34.132 -2.10089
      vertex 135.301 34.1733 -2.05957
    endloop
  endfacet
  facet normal 0.290702 0 0.956814
    outer loop
      vertex 135.437 34.132 -2.10089
      vertex 135.301 -23 -2.05957
      vertex 135.437 -23 -2.10089
    endloop
  endfacet
  facet normal 0.47291 -0 0.881111
    outer loop
      vertex 134.913 -23 -1.88361
      vertex 135.038 34.2531 -1.9507
      vertex 134.913 34.2911 -1.88361
    endloop
  endfacet
  facet normal 0.47291 0 0.881111
    outer loop
      vertex 135.038 34.2531 -1.9507
      vertex 134.913 -23 -1.88361
      vertex 135.038 -23 -1.9507
    endloop
  endfacet
  facet normal 0.411763 -0 0.911291
    outer loop
      vertex 135.038 -23 -1.9507
      vertex 135.168 34.2137 -2.00944
      vertex 135.038 34.2531 -1.9507
    endloop
  endfacet
  facet normal 0.411763 0 0.911291
    outer loop
      vertex 135.168 34.2137 -2.00944
      vertex 135.038 -23 -1.9507
      vertex 135.168 -23 -2.00944
    endloop
  endfacet
  facet normal 0.882194 -0 0.470886
    outer loop
      vertex 134.049 -23 -0.961977
      vertex 134.116 34.5075 -1.0875
      vertex 134.049 34.5232 -0.961977
    endloop
  endfacet
  facet normal 0.882194 0 0.470886
    outer loop
      vertex 134.116 34.5075 -1.0875
      vertex 134.049 -23 -0.961977
      vertex 134.116 -23 -1.0875
    endloop
  endfacet
  facet normal 0.999383 -0 0.0351274
    outer loop
      vertex 133.825 -23 0
      vertex 133.83 34.5744 -0.142251
      vertex 133.825 34.5755 0
    endloop
  endfacet
  facet normal 0.999383 0 0.0351274
    outer loop
      vertex 133.83 34.5744 -0.142251
      vertex 133.825 -23 0
      vertex 133.83 -23 -0.142251
    endloop
  endfacet
  facet normal 0.995151 -0 0.0983607
    outer loop
      vertex 133.83 -23 -0.142251
      vertex 133.844 34.5711 -0.283894
      vertex 133.83 34.5744 -0.142251
    endloop
  endfacet
  facet normal 0.995151 0 0.0983607
    outer loop
      vertex 133.844 34.5711 -0.283894
      vertex 133.83 -23 -0.142251
      vertex 133.844 -23 -0.283894
    endloop
  endfacet
  facet normal 0.957554 -0 0.288253
    outer loop
      vertex 133.899 -23 -0.562931
      vertex 133.94 34.5486 -0.69913
      vertex 133.899 34.5582 -0.562931
    endloop
  endfacet
  facet normal 0.957554 0 0.288253
    outer loop
      vertex 133.94 34.5486 -0.69913
      vertex 133.899 -23 -0.562931
      vertex 133.94 -23 -0.69913
    endloop
  endfacet
  facet normal 0.933892 -0 0.357555
    outer loop
      vertex 133.94 -23 -0.69913
      vertex 133.991 34.5369 -0.832336
      vertex 133.94 34.5486 -0.69913
    endloop
  endfacet
  facet normal 0.933892 0 0.357555
    outer loop
      vertex 133.991 34.5369 -0.832336
      vertex 133.94 -23 -0.69913
      vertex 133.991 -23 -0.832336
    endloop
  endfacet
endsolid OpenSCAD_Model
