solid OpenSCAD_Model
  facet normal -0.876733 -0.478698 0.0467699
    outer loop
      vertex -3.99559 -2.0773 -17.0154
      vertex -3.67233 -1.40612 -4.08602
      vertex -4.20044 -1.72885 -17.289
    endloop
  endfacet
  facet normal -0.876722 -0.478719 0.0467706
    outer loop
      vertex -3.67233 -1.40612 -4.08602
      vertex -3.99559 -2.0773 -17.0154
      vertex -3.62706 -1.49345 -4.13129
    endloop
  endfacet
  facet normal 0.706425 -0.706323 0.0455206
    outer loop
      vertex 3.42687 -2.70015 -16.3738
      vertex 3.22479 -2.13308 -4.4388
      vertex 3.15143 -2.20999 -4.49372
    endloop
  endfacet
  facet normal 0.706377 -0.70637 0.0455221
    outer loop
      vertex 3.22479 -2.13308 -4.4388
      vertex 3.42687 -2.70015 -16.3738
      vertex 3.71367 -2.43183 -16.6606
    endloop
  endfacet
  facet normal -0.706444 -0.706303 0.0455226
    outer loop
      vertex -2.97352 -2.39646 -4.62689
      vertex -3.39838 -2.72679 -16.3453
      vertex -2.93058 -2.44092 -4.65034
    endloop
  endfacet
  facet normal -0.706331 -0.706416 0.0455217
    outer loop
      vertex -3.15143 -2.20999 -4.49372
      vertex -3.39838 -2.72679 -16.3453
      vertex -2.97352 -2.39646 -4.62689
    endloop
  endfacet
  facet normal -0.706204 -0.706543 0.0455246
    outer loop
      vertex -3.39838 -2.72679 -16.3453
      vertex -3.15143 -2.20999 -4.49372
      vertex -3.42687 -2.70015 -16.3738
    endloop
  endfacet
  facet normal -0.799651 -0.598652 0.0466194
    outer loop
      vertex -3.77875 -2.34996 -16.7257
      vertex -3.28558 -2.04834 -4.39329
      vertex -3.96837 -2.1164 -16.979
    endloop
  endfacet
  facet normal -0.799682 -0.598612 0.0466196
    outer loop
      vertex -3.71367 -2.43183 -16.6606
      vertex -3.28558 -2.04834 -4.39329
      vertex -3.77875 -2.34996 -16.7257
    endloop
  endfacet
  facet normal -0.799636 -0.598673 0.0466199
    outer loop
      vertex -3.28558 -2.04834 -4.39329
      vertex -3.71367 -2.43183 -16.6606
      vertex -3.22479 -2.13308 -4.4388
    endloop
  endfacet
  facet normal -0.876832 -0.478517 0.0467647
    outer loop
      vertex -3.98374 -2.09746 -16.9995
      vertex -3.62706 -1.49345 -4.13129
      vertex -3.99559 -2.0773 -17.0154
    endloop
  endfacet
  facet normal -0.876747 -0.478672 0.0467696
    outer loop
      vertex -3.62706 -1.49345 -4.13129
      vertex -3.98374 -2.09746 -16.9995
      vertex -3.60173 -1.54232 -4.15662
    endloop
  endfacet
  facet normal -0.876712 -0.478736 0.0467713
    outer loop
      vertex -3.60173 -1.54232 -4.15662
      vertex -3.98374 -2.09746 -16.9995
      vertex -3.47385 -1.78586 -4.25235
    endloop
  endfacet
  facet normal -0.999201 0 0.0399684
    outer loop
      vertex -4.49287 0.495641 -17.8217
      vertex -3.93301 -0.153506 -3.82534
      vertex -3.93301 0.153506 -3.82534
    endloop
  endfacet
  facet normal -0.999201 0 0.0399684
    outer loop
      vertex -3.93301 -0.153506 -3.82534
      vertex -4.49287 0.495641 -17.8217
      vertex -4.49287 -0.495641 -17.8217
    endloop
  endfacet
  facet normal -0.478861 -0.876952 0.0405908
    outer loop
      vertex -2.28478 -2.87928 -5.00298
      vertex -2.65697 -3.17434 -15.7685
      vertex -2.22721 -2.91171 -5.02445
    endloop
  endfacet
  facet normal -0.478712 -0.877033 0.0405879
    outer loop
      vertex -2.32929 -2.85386 -4.97867
      vertex -2.65697 -3.17434 -15.7685
      vertex -2.28478 -2.87928 -5.00298
    endloop
  endfacet
  facet normal -0.478897 -0.876932 0.0405905
    outer loop
      vertex -2.32929 -2.85386 -4.97867
      vertex -2.7032 -3.15026 -15.7937
      vertex -2.65697 -3.17434 -15.7685
    endloop
  endfacet
  facet normal -0.478821 -0.876974 0.040589
    outer loop
      vertex -2.7032 -3.15026 -15.7937
      vertex -2.32929 -2.85386 -4.97867
      vertex -3.0012 -2.99788 -16.0168
    endloop
  endfacet
  facet normal -0.799739 -0.598535 0.0466208
    outer loop
      vertex -3.96837 -2.1164 -16.979
      vertex -3.47385 -1.78586 -4.25235
      vertex -3.98374 -2.09746 -16.9995
    endloop
  endfacet
  facet normal -0.799676 -0.598619 0.0466205
    outer loop
      vertex -3.47385 -1.78586 -4.25235
      vertex -3.96837 -2.1164 -16.979
      vertex -3.28558 -2.04834 -4.39329
    endloop
  endfacet
  facet normal -0.478861 0.876952 0.0405908
    outer loop
      vertex -2.65697 3.17434 -15.7685
      vertex -2.28478 2.87928 -5.00298
      vertex -2.22721 2.91171 -5.02445
    endloop
  endfacet
  facet normal -0.478712 0.877033 0.0405879
    outer loop
      vertex -2.65697 3.17434 -15.7685
      vertex -2.32929 2.85386 -4.97867
      vertex -2.28478 2.87928 -5.00298
    endloop
  endfacet
  facet normal -0.478897 0.876932 0.0405905
    outer loop
      vertex -2.7032 3.15026 -15.7937
      vertex -2.32929 2.85386 -4.97867
      vertex -2.65697 3.17434 -15.7685
    endloop
  endfacet
  facet normal -0.478821 0.876974 0.040589
    outer loop
      vertex -2.32929 2.85386 -4.97867
      vertex -2.7032 3.15026 -15.7937
      vertex -3.0012 2.99788 -16.0168
    endloop
  endfacet
  facet normal -0.799682 0.598612 0.0466196
    outer loop
      vertex -3.28558 2.04834 -4.39329
      vertex -3.71367 2.43183 -16.6606
      vertex -3.77875 2.34996 -16.7257
    endloop
  endfacet
  facet normal -0.799651 0.598652 0.0466194
    outer loop
      vertex -3.28558 2.04834 -4.39329
      vertex -3.77875 2.34996 -16.7257
      vertex -3.96837 2.1164 -16.979
    endloop
  endfacet
  facet normal -0.799636 0.598673 0.0466199
    outer loop
      vertex -3.71367 2.43183 -16.6606
      vertex -3.28558 2.04834 -4.39329
      vertex -3.22479 2.13308 -4.4388
    endloop
  endfacet
  facet normal 0.799676 -0.598619 0.0466205
    outer loop
      vertex 3.96837 -2.1164 -16.979
      vertex 3.47385 -1.78586 -4.25235
      vertex 3.28558 -2.04834 -4.39329
    endloop
  endfacet
  facet normal 0.799739 -0.598535 0.0466208
    outer loop
      vertex 3.47385 -1.78586 -4.25235
      vertex 3.96837 -2.1164 -16.979
      vertex 3.98374 -2.09746 -16.9995
    endloop
  endfacet
  facet normal 0.478861 0.876952 0.0405911
    outer loop
      vertex 2.59525 2.70191 -4.83344
      vertex 3.0012 2.99788 -16.0168
      vertex 2.32929 2.85386 -4.97867
    endloop
  endfacet
  facet normal 0.478804 0.876983 0.0405899
    outer loop
      vertex 3.0012 2.99788 -16.0168
      vertex 2.59525 2.70191 -4.83344
      vertex 3.04387 2.97606 -16.0487
    endloop
  endfacet
  facet normal 0 -1 0
    outer loop
      vertex 0 -3.5 -18.9
      vertex 0 -3.5 -15
      vertex -0.711574 -3.5 -15.0509
    endloop
  endfacet
  facet normal 0 -1 0
    outer loop
      vertex -0.156546 -3.5 -18.9112
      vertex -0.711574 -3.5 -15.0509
      vertex -1.40866 -3.5 -15.2025
    endloop
  endfacet
  facet normal 0 -1 0
    outer loop
      vertex 0 -3.5 -15
      vertex 0 -3.5 -18.9
      vertex 0.711574 -3.5 -15.0509
    endloop
  endfacet
  facet normal 0 -1 0
    outer loop
      vertex -0.309905 -3.5 -18.9446
      vertex -1.40866 -3.5 -15.2025
      vertex -2.07708 -3.5 -15.4518
    endloop
  endfacet
  facet normal 0 -1 0
    outer loop
      vertex 0.156546 -3.5 -18.9112
      vertex 0.711574 -3.5 -15.0509
      vertex 0 -3.5 -18.9
    endloop
  endfacet
  facet normal 0 -1 0
    outer loop
      vertex -0.456956 -3.5 -18.9994
      vertex -2.07708 -3.5 -15.4518
      vertex -2.7032 -3.5 -15.7937
    endloop
  endfacet
  facet normal 0 -1 -0
    outer loop
      vertex 0.711574 -3.5 -15.0509
      vertex 0.156546 -3.5 -18.9112
      vertex 1.40866 -3.5 -15.2025
    endloop
  endfacet
  facet normal 0 -1 0
    outer loop
      vertex -0.594705 -3.5 -19.0746
      vertex -2.7032 -3.5 -15.7937
      vertex -3.2743 -3.5 -16.2213
    endloop
  endfacet
  facet normal 0 -1 0
    outer loop
      vertex 0.309905 -3.5 -18.9446
      vertex 1.40866 -3.5 -15.2025
      vertex 0.156546 -3.5 -18.9112
    endloop
  endfacet
  facet normal 0 -1 0
    outer loop
      vertex -0.720346 -3.5 -19.1687
      vertex -3.2743 -3.5 -16.2213
      vertex -3.77875 -3.5 -16.7257
    endloop
  endfacet
  facet normal 0 -1 -0
    outer loop
      vertex 1.40866 -3.5 -15.2025
      vertex 0.309905 -3.5 -18.9446
      vertex 2.07708 -3.5 -15.4518
    endloop
  endfacet
  facet normal 0 -1 0
    outer loop
      vertex -0.831324 -3.5 -19.2797
      vertex -3.77875 -3.5 -16.7257
      vertex -4.20627 -3.5 -17.2968
    endloop
  endfacet
  facet normal 0 -1 0
    outer loop
      vertex 0.456956 -3.5 -18.9994
      vertex 2.07708 -3.5 -15.4518
      vertex 0.309905 -3.5 -18.9446
    endloop
  endfacet
  facet normal 0 -1 0
    outer loop
      vertex -0.925379 -3.5 -19.4053
      vertex -4.20627 -3.5 -17.2968
      vertex -4.54816 -3.5 -17.9229
    endloop
  endfacet
  facet normal 0 -1 -0
    outer loop
      vertex 2.07708 -3.5 -15.4518
      vertex 0.456956 -3.5 -18.9994
      vertex 2.7032 -3.5 -15.7937
    endloop
  endfacet
  facet normal 0 -1 0
    outer loop
      vertex -1.0006 -3.5 -19.543
      vertex -4.54816 -3.5 -17.9229
      vertex -4.79746 -3.5 -18.5913
    endloop
  endfacet
  facet normal 0 -1 0
    outer loop
      vertex 0.594705 -3.5 -19.0746
      vertex 2.7032 -3.5 -15.7937
      vertex 0.456956 -3.5 -18.9994
    endloop
  endfacet
  facet normal 0 -1 -0
    outer loop
      vertex 2.7032 -3.5 -15.7937
      vertex 0.594705 -3.5 -19.0746
      vertex 3.2743 -3.5 -16.2213
    endloop
  endfacet
  facet normal 0 -1 0
    outer loop
      vertex -0.711574 -3.5 -15.0509
      vertex -0.156546 -3.5 -18.9112
      vertex 0 -3.5 -18.9
    endloop
  endfacet
  facet normal 0 -1 0
    outer loop
      vertex -1.40866 -3.5 -15.2025
      vertex -0.309905 -3.5 -18.9446
      vertex -0.156546 -3.5 -18.9112
    endloop
  endfacet
  facet normal 0 -1 0
    outer loop
      vertex -2.07708 -3.5 -15.4518
      vertex -0.456956 -3.5 -18.9994
      vertex -0.309905 -3.5 -18.9446
    endloop
  endfacet
  facet normal 0 -1 0
    outer loop
      vertex -2.7032 -3.5 -15.7937
      vertex -0.594705 -3.5 -19.0746
      vertex -0.456956 -3.5 -18.9994
    endloop
  endfacet
  facet normal 0 -1 0
    outer loop
      vertex -3.2743 -3.5 -16.2213
      vertex -0.720346 -3.5 -19.1687
      vertex -0.594705 -3.5 -19.0746
    endloop
  endfacet
  facet normal 0 -1 0
    outer loop
      vertex -3.77875 -3.5 -16.7257
      vertex -0.831324 -3.5 -19.2797
      vertex -0.720346 -3.5 -19.1687
    endloop
  endfacet
  facet normal 0 -1 0
    outer loop
      vertex -1.05544 -3.5 -19.6901
      vertex -4.79746 -3.5 -18.5913
      vertex -4.94911 -3.5 -19.2884
    endloop
  endfacet
  facet normal 0 -1 0
    outer loop
      vertex -4.20627 -3.5 -17.2968
      vertex -0.925379 -3.5 -19.4053
      vertex -0.831324 -3.5 -19.2797
    endloop
  endfacet
  facet normal 0 -1 0
    outer loop
      vertex -4.54816 -3.5 -17.9229
      vertex -1.0006 -3.5 -19.543
      vertex -0.925379 -3.5 -19.4053
    endloop
  endfacet
  facet normal 0 -1 0
    outer loop
      vertex -4.79746 -3.5 -18.5913
      vertex -1.05544 -3.5 -19.6901
      vertex -1.0006 -3.5 -19.543
    endloop
  endfacet
  facet normal 0 -1 0
    outer loop
      vertex -4.94911 -3.5 -19.2884
      vertex -1.0888 -3.5 -19.8435
      vertex -1.05544 -3.5 -19.6901
    endloop
  endfacet
  facet normal 0 -1 0
    outer loop
      vertex -5 -3.5 -20
      vertex -1.0888 -3.5 -19.8435
      vertex -4.94911 -3.5 -19.2884
    endloop
  endfacet
  facet normal 0 -1 0
    outer loop
      vertex -5 -3.5 -20
      vertex -1.1 -3.5 -20
      vertex -1.0888 -3.5 -19.8435
    endloop
  endfacet
  facet normal 0 -1 0
    outer loop
      vertex -5 -3.5 -20
      vertex -1.0888 -3.5 -20.1565
      vertex -1.1 -3.5 -20
    endloop
  endfacet
  facet normal 0 -1 0
    outer loop
      vertex -4.94911 -3.5 -20.7116
      vertex -1.0888 -3.5 -20.1565
      vertex -5 -3.5 -20
    endloop
  endfacet
  facet normal 0 -1 -0
    outer loop
      vertex -1.0888 -3.5 -20.1565
      vertex -4.94911 -3.5 -20.7116
      vertex -1.05544 -3.5 -20.3099
    endloop
  endfacet
  facet normal 0 -1 0
    outer loop
      vertex -4.79746 -3.5 -21.4087
      vertex -1.05544 -3.5 -20.3099
      vertex -4.94911 -3.5 -20.7116
    endloop
  endfacet
  facet normal 0 -1 -0
    outer loop
      vertex -1.05544 -3.5 -20.3099
      vertex -4.79746 -3.5 -21.4087
      vertex -1.0006 -3.5 -20.457
    endloop
  endfacet
  facet normal 0 -1 0
    outer loop
      vertex -4.54816 -3.5 -22.0771
      vertex -1.0006 -3.5 -20.457
      vertex -4.79746 -3.5 -21.4087
    endloop
  endfacet
  facet normal 0 -1 -0
    outer loop
      vertex -1.0006 -3.5 -20.457
      vertex -4.54816 -3.5 -22.0771
      vertex -0.925379 -3.5 -20.5947
    endloop
  endfacet
  facet normal 0 -1 0
    outer loop
      vertex -4.20627 -3.5 -22.7032
      vertex -0.925379 -3.5 -20.5947
      vertex -4.54816 -3.5 -22.0771
    endloop
  endfacet
  facet normal 0 -1 -0
    outer loop
      vertex -0.925379 -3.5 -20.5947
      vertex -4.20627 -3.5 -22.7032
      vertex -0.831324 -3.5 -20.7203
    endloop
  endfacet
  facet normal 0 -1 0
    outer loop
      vertex -3.77875 -3.5 -23.2743
      vertex -0.831324 -3.5 -20.7203
      vertex -4.20627 -3.5 -22.7032
    endloop
  endfacet
  facet normal 0 -1 -0
    outer loop
      vertex -0.831324 -3.5 -20.7203
      vertex -3.77875 -3.5 -23.2743
      vertex -0.720346 -3.5 -20.8313
    endloop
  endfacet
  facet normal 0 -1 -0
    outer loop
      vertex -0.720346 -3.5 -20.8313
      vertex -3.2743 -3.5 -23.7787
      vertex -0.594705 -3.5 -20.9254
    endloop
  endfacet
  facet normal 0 -1 0
    outer loop
      vertex -3.2743 -3.5 -23.7787
      vertex -0.720346 -3.5 -20.8313
      vertex -3.77875 -3.5 -23.2743
    endloop
  endfacet
  facet normal 0 -1 0
    outer loop
      vertex 0.720346 -3.5 -19.1687
      vertex 3.2743 -3.5 -16.2213
      vertex 0.594705 -3.5 -19.0746
    endloop
  endfacet
  facet normal 0 -1 -0
    outer loop
      vertex 3.2743 -3.5 -16.2213
      vertex 0.720346 -3.5 -19.1687
      vertex 3.77875 -3.5 -16.7257
    endloop
  endfacet
  facet normal 0 -1 0
    outer loop
      vertex 0.831324 -3.5 -19.2797
      vertex 3.77875 -3.5 -16.7257
      vertex 0.720346 -3.5 -19.1687
    endloop
  endfacet
  facet normal 0 -1 -0
    outer loop
      vertex 3.77875 -3.5 -16.7257
      vertex 0.831324 -3.5 -19.2797
      vertex 4.20627 -3.5 -17.2968
    endloop
  endfacet
  facet normal 0 -1 0
    outer loop
      vertex 0.925379 -3.5 -19.4053
      vertex 4.20627 -3.5 -17.2968
      vertex 0.831324 -3.5 -19.2797
    endloop
  endfacet
  facet normal 0 -1 -0
    outer loop
      vertex 4.20627 -3.5 -17.2968
      vertex 0.925379 -3.5 -19.4053
      vertex 4.54816 -3.5 -17.9229
    endloop
  endfacet
  facet normal 0 -1 0
    outer loop
      vertex 1.0006 -3.5 -19.543
      vertex 4.54816 -3.5 -17.9229
      vertex 0.925379 -3.5 -19.4053
    endloop
  endfacet
  facet normal 0 -1 -0
    outer loop
      vertex 4.54816 -3.5 -17.9229
      vertex 1.0006 -3.5 -19.543
      vertex 4.79746 -3.5 -18.5913
    endloop
  endfacet
  facet normal 0 -1 0
    outer loop
      vertex 1.05544 -3.5 -19.6901
      vertex 4.79746 -3.5 -18.5913
      vertex 1.0006 -3.5 -19.543
    endloop
  endfacet
  facet normal 0 -1 -0
    outer loop
      vertex 4.79746 -3.5 -18.5913
      vertex 1.05544 -3.5 -19.6901
      vertex 4.94911 -3.5 -19.2884
    endloop
  endfacet
  facet normal 0 -1 0
    outer loop
      vertex 1.0888 -3.5 -19.8435
      vertex 4.94911 -3.5 -19.2884
      vertex 1.05544 -3.5 -19.6901
    endloop
  endfacet
  facet normal 0 -1 0
    outer loop
      vertex 1.1 -3.5 -20
      vertex 4.94911 -3.5 -19.2884
      vertex 1.0888 -3.5 -19.8435
    endloop
  endfacet
  facet normal 0 -1 0
    outer loop
      vertex 1.1 -3.5 -20
      vertex 5 -3.5 -20
      vertex 4.94911 -3.5 -19.2884
    endloop
  endfacet
  facet normal 0 -1 0
    outer loop
      vertex 1.0888 -3.5 -20.1565
      vertex 5 -3.5 -20
      vertex 1.1 -3.5 -20
    endloop
  endfacet
  facet normal 0 -1 0
    outer loop
      vertex 4.94911 -3.5 -20.7116
      vertex 1.0888 -3.5 -20.1565
      vertex 1.05544 -3.5 -20.3099
    endloop
  endfacet
  facet normal 0 -1 0
    outer loop
      vertex 4.79746 -3.5 -21.4087
      vertex 1.05544 -3.5 -20.3099
      vertex 1.0006 -3.5 -20.457
    endloop
  endfacet
  facet normal 0 -1 0
    outer loop
      vertex 4.54816 -3.5 -22.0771
      vertex 1.0006 -3.5 -20.457
      vertex 0.925379 -3.5 -20.5947
    endloop
  endfacet
  facet normal 0 -1 0
    outer loop
      vertex 1.0888 -3.5 -20.1565
      vertex 4.94911 -3.5 -20.7116
      vertex 5 -3.5 -20
    endloop
  endfacet
  facet normal 0 -1 0
    outer loop
      vertex 4.20627 -3.5 -22.7032
      vertex 0.925379 -3.5 -20.5947
      vertex 0.831324 -3.5 -20.7203
    endloop
  endfacet
  facet normal 0 -1 0
    outer loop
      vertex 3.77875 -3.5 -23.2743
      vertex 0.831324 -3.5 -20.7203
      vertex 0.720346 -3.5 -20.8313
    endloop
  endfacet
  facet normal 0 -1 0
    outer loop
      vertex 3.2743 -3.5 -23.7787
      vertex 0.720346 -3.5 -20.8313
      vertex 0.594705 -3.5 -20.9254
    endloop
  endfacet
  facet normal 0 -1 0
    outer loop
      vertex 2.7032 -3.5 -24.2063
      vertex 0.594705 -3.5 -20.9254
      vertex 0.456956 -3.5 -21.0006
    endloop
  endfacet
  facet normal 0 -1 0
    outer loop
      vertex 2.07708 -3.5 -24.5482
      vertex 0.456956 -3.5 -21.0006
      vertex 0.309905 -3.5 -21.0554
    endloop
  endfacet
  facet normal 0 -1 0
    outer loop
      vertex 1.40866 -3.5 -24.7975
      vertex 0.309905 -3.5 -21.0554
      vertex 0.156546 -3.5 -21.0888
    endloop
  endfacet
  facet normal 0 -1 0
    outer loop
      vertex 1.05544 -3.5 -20.3099
      vertex 4.79746 -3.5 -21.4087
      vertex 4.94911 -3.5 -20.7116
    endloop
  endfacet
  facet normal 0 -1 0
    outer loop
      vertex 0.711574 -3.5 -24.9491
      vertex 0.156546 -3.5 -21.0888
      vertex 0 -3.5 -21.1
    endloop
  endfacet
  facet normal 0 -1 0
    outer loop
      vertex -2.7032 -3.5 -24.2063
      vertex -0.594705 -3.5 -20.9254
      vertex -3.2743 -3.5 -23.7787
    endloop
  endfacet
  facet normal 0 -1 -0
    outer loop
      vertex -0.594705 -3.5 -20.9254
      vertex -2.7032 -3.5 -24.2063
      vertex -0.456956 -3.5 -21.0006
    endloop
  endfacet
  facet normal 0 -1 0
    outer loop
      vertex 1.0006 -3.5 -20.457
      vertex 4.54816 -3.5 -22.0771
      vertex 4.79746 -3.5 -21.4087
    endloop
  endfacet
  facet normal 0 -1 0
    outer loop
      vertex -2.07708 -3.5 -24.5482
      vertex -0.456956 -3.5 -21.0006
      vertex -2.7032 -3.5 -24.2063
    endloop
  endfacet
  facet normal 0 -1 0
    outer loop
      vertex 0.925379 -3.5 -20.5947
      vertex 4.20627 -3.5 -22.7032
      vertex 4.54816 -3.5 -22.0771
    endloop
  endfacet
  facet normal 0 -1 -0
    outer loop
      vertex -0.456956 -3.5 -21.0006
      vertex -2.07708 -3.5 -24.5482
      vertex -0.309905 -3.5 -21.0554
    endloop
  endfacet
  facet normal 0 -1 0
    outer loop
      vertex 0.831324 -3.5 -20.7203
      vertex 3.77875 -3.5 -23.2743
      vertex 4.20627 -3.5 -22.7032
    endloop
  endfacet
  facet normal 0 -1 0
    outer loop
      vertex -1.40866 -3.5 -24.7975
      vertex -0.309905 -3.5 -21.0554
      vertex -2.07708 -3.5 -24.5482
    endloop
  endfacet
  facet normal 0 -1 0
    outer loop
      vertex 0.720346 -3.5 -20.8313
      vertex 3.2743 -3.5 -23.7787
      vertex 3.77875 -3.5 -23.2743
    endloop
  endfacet
  facet normal 0 -1 -0
    outer loop
      vertex -0.309905 -3.5 -21.0554
      vertex -1.40866 -3.5 -24.7975
      vertex -0.156546 -3.5 -21.0888
    endloop
  endfacet
  facet normal 0 -1 0
    outer loop
      vertex 0.594705 -3.5 -20.9254
      vertex 2.7032 -3.5 -24.2063
      vertex 3.2743 -3.5 -23.7787
    endloop
  endfacet
  facet normal 0 -1 0
    outer loop
      vertex -0.711574 -3.5 -24.9491
      vertex -0.156546 -3.5 -21.0888
      vertex -1.40866 -3.5 -24.7975
    endloop
  endfacet
  facet normal 0 -1 0
    outer loop
      vertex 0.456956 -3.5 -21.0006
      vertex 2.07708 -3.5 -24.5482
      vertex 2.7032 -3.5 -24.2063
    endloop
  endfacet
  facet normal 0 -1 -0
    outer loop
      vertex -0.156546 -3.5 -21.0888
      vertex -0.711574 -3.5 -24.9491
      vertex 0 -3.5 -21.1
    endloop
  endfacet
  facet normal 0 -1 0
    outer loop
      vertex 0.309905 -3.5 -21.0554
      vertex 1.40866 -3.5 -24.7975
      vertex 2.07708 -3.5 -24.5482
    endloop
  endfacet
  facet normal 0 -1 0
    outer loop
      vertex 0 -3.5 -25
      vertex 0 -3.5 -21.1
      vertex -0.711574 -3.5 -24.9491
    endloop
  endfacet
  facet normal 0 -1 0
    outer loop
      vertex 0.156546 -3.5 -21.0888
      vertex 0.711574 -3.5 -24.9491
      vertex 1.40866 -3.5 -24.7975
    endloop
  endfacet
  facet normal 0 -1 0
    outer loop
      vertex 0 -3.5 -21.1
      vertex 0 -3.5 -25
      vertex 0.711574 -3.5 -24.9491
    endloop
  endfacet
  facet normal -0.349238 -0.936309 0.0368555
    outer loop
      vertex -2.22721 -2.91171 -5.02445
      vertex -2.24697 -3.31844 -15.5446
      vertex -1.83206 -3.0649 -5.17183
    endloop
  endfacet
  facet normal -0.349209 -0.93632 0.0368559
    outer loop
      vertex -2.24697 -3.31844 -15.5446
      vertex -2.22721 -2.91171 -5.02445
      vertex -2.65697 -3.17434 -15.7685
    endloop
  endfacet
  facet normal -0.976364 -0.211561 0.0442258
    outer loop
      vertex -4.45859 -0.92665 -17.7589
      vertex -3.90364 -0.581165 -3.85472
      vertex -4.4599 -0.921106 -17.7613
    endloop
  endfacet
  facet normal -0.976196 -0.212329 0.0442382
    outer loop
      vertex -3.90364 -0.581165 -3.85472
      vertex -4.45859 -0.92665 -17.7589
      vertex -3.83523 -0.909936 -3.92312
    endloop
  endfacet
  facet normal -0.59872 0.799776 0.0434993
    outer loop
      vertex -3.04387 2.97606 -16.0487
      vertex -2.93058 2.44092 -4.65034
      vertex -2.59525 2.70191 -4.83344
    endloop
  endfacet
  facet normal -0.598755 0.79975 0.0434985
    outer loop
      vertex -3.2743 2.81293 -16.2213
      vertex -2.93058 2.44092 -4.65034
      vertex -3.04387 2.97606 -16.0487
    endloop
  endfacet
  facet normal -0.598706 0.799787 0.0434982
    outer loop
      vertex -2.93058 2.44092 -4.65034
      vertex -3.2743 2.81293 -16.2213
      vertex -3.39838 2.72679 -16.3453
    endloop
  endfacet
  facet normal 0.349238 0.936309 0.0368555
    outer loop
      vertex 2.22721 2.91171 -5.02445
      vertex 2.24697 3.31844 -15.5446
      vertex 1.83206 3.0649 -5.17183
    endloop
  endfacet
  facet normal 0.349209 0.93632 0.0368559
    outer loop
      vertex 2.24697 3.31844 -15.5446
      vertex 2.22721 2.91171 -5.02445
      vertex 2.65697 3.17434 -15.7685
    endloop
  endfacet
  facet normal 0.976184 0.212384 0.0442379
    outer loop
      vertex 3.83523 0.909936 -3.92312
      vertex 4.36172 1.33495 -17.5815
      vertex 3.81616 1.00156 -3.94219
    endloop
  endfacet
  facet normal 0.976185 0.212381 0.0442378
    outer loop
      vertex 4.36172 1.33495 -17.5815
      vertex 3.83523 0.909936 -3.92312
      vertex 4.45859 0.92665 -17.7589
    endloop
  endfacet
  facet normal 0.212399 -0.976647 0.0323707
    outer loop
      vertex 1.88301 -3.39215 -15.3795
      vertex 1.83206 -3.0649 -5.17183
      vertex 1.71263 -3.09235 -5.21638
    endloop
  endfacet
  facet normal 0.212449 -0.976636 0.0323706
    outer loop
      vertex 2.07708 -3.35233 -15.4518
      vertex 1.83206 -3.0649 -5.17183
      vertex 1.88301 -3.39215 -15.3795
    endloop
  endfacet
  facet normal 0.212501 -0.976624 0.0323715
    outer loop
      vertex 1.83206 -3.0649 -5.17183
      vertex 2.07708 -3.35233 -15.4518
      vertex 2.24697 -3.31844 -15.5446
    endloop
  endfacet
  facet normal -1.98498e-06 -0.999701 0.024438
    outer loop
      vertex -0.782731 -3.19307 -5.44402
      vertex 0 -3.42667 -15
      vertex 0 -3.19444 -5.5
    endloop
  endfacet
  facet normal 1.7653e-05 -0.999701 0.0244378
    outer loop
      vertex -0.711574 -3.42791 -15.0509
      vertex -0.782731 -3.19307 -5.44402
      vertex -0.995905 -3.19194 -5.39764
    endloop
  endfacet
  facet normal -5.96708e-06 -0.999701 0.0244376
    outer loop
      vertex -0.782731 -3.19307 -5.44402
      vertex -0.711574 -3.42791 -15.0509
      vertex 0 -3.42667 -15
    endloop
  endfacet
  facet normal 6.16928e-06 -0.999701 0.0244375
    outer loop
      vertex -0.711574 -3.42791 -15.0509
      vertex -0.995905 -3.19194 -5.39764
      vertex -1.38792 -3.43151 -15.198
    endloop
  endfacet
  facet normal 1.98498e-06 -0.999701 0.024438
    outer loop
      vertex 0 -3.42667 -15
      vertex 0.782731 -3.19307 -5.44402
      vertex 0 -3.19444 -5.5
    endloop
  endfacet
  facet normal 5.96708e-06 -0.999701 0.0244376
    outer loop
      vertex 0.711574 -3.42791 -15.0509
      vertex 0.782731 -3.19307 -5.44402
      vertex 0 -3.42667 -15
    endloop
  endfacet
  facet normal -1.7653e-05 -0.999701 0.0244378
    outer loop
      vertex 0.782731 -3.19307 -5.44402
      vertex 0.711574 -3.42791 -15.0509
      vertex 0.995905 -3.19194 -5.39764
    endloop
  endfacet
  facet normal -6.16928e-06 -0.999701 0.0244375
    outer loop
      vertex 0.995905 -3.19194 -5.39764
      vertex 0.711574 -3.42791 -15.0509
      vertex 1.38792 -3.43151 -15.198
    endloop
  endfacet
  facet normal 0.935958 0.349097 0.0459709
    outer loop
      vertex 3.81616 1.00156 -3.94219
      vertex 4.20044 1.72885 -17.289
      vertex 3.67233 1.40612 -4.08602
    endloop
  endfacet
  facet normal 0.935854 0.349374 0.045983
    outer loop
      vertex 4.20044 1.72885 -17.289
      vertex 3.81616 1.00156 -3.94219
      vertex 4.20627 1.71426 -17.2968
    endloop
  endfacet
  facet normal 0.935966 0.349076 0.0459704
    outer loop
      vertex 4.20627 1.71426 -17.2968
      vertex 3.81616 1.00156 -3.94219
      vertex 4.36172 1.33495 -17.5815
    endloop
  endfacet
  facet normal 0.349238 -0.936309 0.0368555
    outer loop
      vertex 2.24697 -3.31844 -15.5446
      vertex 2.22721 -2.91171 -5.02445
      vertex 1.83206 -3.0649 -5.17183
    endloop
  endfacet
  facet normal 0.349209 -0.93632 0.0368559
    outer loop
      vertex 2.22721 -2.91171 -5.02445
      vertex 2.24697 -3.31844 -15.5446
      vertex 2.65697 -3.17434 -15.7685
    endloop
  endfacet
  facet normal 0.478861 -0.876952 0.0405908
    outer loop
      vertex 2.65697 -3.17434 -15.7685
      vertex 2.28478 -2.87928 -5.00298
      vertex 2.22721 -2.91171 -5.02445
    endloop
  endfacet
  facet normal 0.478712 -0.877033 0.0405879
    outer loop
      vertex 2.65697 -3.17434 -15.7685
      vertex 2.32929 -2.85386 -4.97867
      vertex 2.28478 -2.87928 -5.00298
    endloop
  endfacet
  facet normal 0.478897 -0.876932 0.0405905
    outer loop
      vertex 2.7032 -3.15026 -15.7937
      vertex 2.32929 -2.85386 -4.97867
      vertex 2.65697 -3.17434 -15.7685
    endloop
  endfacet
  facet normal 0.478821 -0.876974 0.040589
    outer loop
      vertex 2.32929 -2.85386 -4.97867
      vertex 2.7032 -3.15026 -15.7937
      vertex 3.0012 -2.99788 -16.0168
    endloop
  endfacet
  facet normal -0.706377 -0.70637 0.0455221
    outer loop
      vertex -3.42687 -2.70015 -16.3738
      vertex -3.22479 -2.13308 -4.4388
      vertex -3.71367 -2.43183 -16.6606
    endloop
  endfacet
  facet normal -0.706425 -0.706323 0.0455206
    outer loop
      vertex -3.22479 -2.13308 -4.4388
      vertex -3.42687 -2.70015 -16.3738
      vertex -3.15143 -2.20999 -4.49372
    endloop
  endfacet
  facet normal -0.976185 0.212381 0.0442378
    outer loop
      vertex -3.83523 0.909936 -3.92312
      vertex -4.36172 1.33495 -17.5815
      vertex -4.45859 0.92665 -17.7589
    endloop
  endfacet
  facet normal -0.976184 0.212384 0.0442379
    outer loop
      vertex -4.36172 1.33495 -17.5815
      vertex -3.83523 0.909936 -3.92312
      vertex -3.81616 1.00156 -3.94219
    endloop
  endfacet
  facet normal -0.935966 -0.349076 0.0459704
    outer loop
      vertex -4.20627 -1.71426 -17.2968
      vertex -3.81616 -1.00156 -3.94219
      vertex -4.36172 -1.33495 -17.5815
    endloop
  endfacet
  facet normal -0.935854 -0.349374 0.045983
    outer loop
      vertex -4.20044 -1.72885 -17.289
      vertex -3.81616 -1.00156 -3.94219
      vertex -4.20627 -1.71426 -17.2968
    endloop
  endfacet
  facet normal -0.935958 -0.349097 0.0459709
    outer loop
      vertex -3.81616 -1.00156 -3.94219
      vertex -4.20044 -1.72885 -17.289
      vertex -3.67233 -1.40612 -4.08602
    endloop
  endfacet
  facet normal -0.0713456 0.99708 0.0272275
    outer loop
      vertex -1.38792 3.43151 -15.198
      vertex -1.41916 3.15914 -5.30557
      vertex -0.995905 3.19194 -5.39764
    endloop
  endfacet
  facet normal -0.0712902 0.997084 0.0272278
    outer loop
      vertex -1.40866 3.43015 -15.2025
      vertex -1.41916 3.15914 -5.30557
      vertex -1.38792 3.43151 -15.198
    endloop
  endfacet
  facet normal -0.071354 0.997079 0.0272276
    outer loop
      vertex -1.41916 3.15914 -5.30557
      vertex -1.40866 3.43015 -15.2025
      vertex -1.8212 3.40483 -15.3564
    endloop
  endfacet
  facet normal 1.98498e-06 0.999701 0.024438
    outer loop
      vertex 0.782731 3.19307 -5.44402
      vertex 0 3.42667 -15
      vertex 0 3.19444 -5.5
    endloop
  endfacet
  facet normal -1.7653e-05 0.999701 0.0244378
    outer loop
      vertex 0.711574 3.42791 -15.0509
      vertex 0.782731 3.19307 -5.44402
      vertex 0.995905 3.19194 -5.39764
    endloop
  endfacet
  facet normal 5.96708e-06 0.999701 0.0244376
    outer loop
      vertex 0.782731 3.19307 -5.44402
      vertex 0.711574 3.42791 -15.0509
      vertex 0 3.42667 -15
    endloop
  endfacet
  facet normal -6.16928e-06 0.999701 0.0244375
    outer loop
      vertex 0.711574 3.42791 -15.0509
      vertex 0.995905 3.19194 -5.39764
      vertex 1.38792 3.43151 -15.198
    endloop
  endfacet
  facet normal -1.98498e-06 0.999701 0.024438
    outer loop
      vertex 0 3.42667 -15
      vertex -0.782731 3.19307 -5.44402
      vertex 0 3.19444 -5.5
    endloop
  endfacet
  facet normal -5.96708e-06 0.999701 0.0244376
    outer loop
      vertex -0.711574 3.42791 -15.0509
      vertex -0.782731 3.19307 -5.44402
      vertex 0 3.42667 -15
    endloop
  endfacet
  facet normal 1.7653e-05 0.999701 0.0244378
    outer loop
      vertex -0.782731 3.19307 -5.44402
      vertex -0.711574 3.42791 -15.0509
      vertex -0.995905 3.19194 -5.39764
    endloop
  endfacet
  facet normal 6.16928e-06 0.999701 0.0244375
    outer loop
      vertex -0.995905 3.19194 -5.39764
      vertex -0.711574 3.42791 -15.0509
      vertex -1.38792 3.43151 -15.198
    endloop
  endfacet
  facet normal 0.0713456 0.99708 0.0272275
    outer loop
      vertex 1.41916 3.15914 -5.30557
      vertex 1.38792 3.43151 -15.198
      vertex 0.995905 3.19194 -5.39764
    endloop
  endfacet
  facet normal 0.0712902 0.997084 0.0272278
    outer loop
      vertex 1.41916 3.15914 -5.30557
      vertex 1.40866 3.43015 -15.2025
      vertex 1.38792 3.43151 -15.198
    endloop
  endfacet
  facet normal 0.071354 0.997079 0.0272276
    outer loop
      vertex 1.40866 3.43015 -15.2025
      vertex 1.41916 3.15914 -5.30557
      vertex 1.8212 3.40483 -15.3564
    endloop
  endfacet
  facet normal -0.478861 -0.876952 0.0405911
    outer loop
      vertex -2.59525 -2.70191 -4.83344
      vertex -3.0012 -2.99788 -16.0168
      vertex -2.32929 -2.85386 -4.97867
    endloop
  endfacet
  facet normal -0.478804 -0.876983 0.0405899
    outer loop
      vertex -3.0012 -2.99788 -16.0168
      vertex -2.59525 -2.70191 -4.83344
      vertex -3.04387 -2.97606 -16.0487
    endloop
  endfacet
  facet normal 0.0713456 -0.99708 0.0272275
    outer loop
      vertex 1.38792 -3.43151 -15.198
      vertex 1.41916 -3.15914 -5.30557
      vertex 0.995905 -3.19194 -5.39764
    endloop
  endfacet
  facet normal 0.0712902 -0.997084 0.0272278
    outer loop
      vertex 1.40866 -3.43015 -15.2025
      vertex 1.41916 -3.15914 -5.30557
      vertex 1.38792 -3.43151 -15.198
    endloop
  endfacet
  facet normal 0.071354 -0.997079 0.0272276
    outer loop
      vertex 1.41916 -3.15914 -5.30557
      vertex 1.40866 -3.43015 -15.2025
      vertex 1.8212 -3.40483 -15.3564
    endloop
  endfacet
  facet normal 0.706425 0.706323 0.0455206
    outer loop
      vertex 3.22479 2.13308 -4.4388
      vertex 3.42687 2.70015 -16.3738
      vertex 3.15143 2.20999 -4.49372
    endloop
  endfacet
  facet normal 0.706377 0.70637 0.0455221
    outer loop
      vertex 3.42687 2.70015 -16.3738
      vertex 3.22479 2.13308 -4.4388
      vertex 3.71367 2.43183 -16.6606
    endloop
  endfacet
  facet normal 0.799636 -0.598673 0.0466199
    outer loop
      vertex 3.71367 -2.43183 -16.6606
      vertex 3.28558 -2.04834 -4.39329
      vertex 3.22479 -2.13308 -4.4388
    endloop
  endfacet
  facet normal 0.799651 -0.598652 0.0466194
    outer loop
      vertex 3.28558 -2.04834 -4.39329
      vertex 3.77875 -2.34996 -16.7257
      vertex 3.96837 -2.1164 -16.979
    endloop
  endfacet
  facet normal 0.799682 -0.598612 0.0466196
    outer loop
      vertex 3.28558 -2.04834 -4.39329
      vertex 3.71367 -2.43183 -16.6606
      vertex 3.77875 -2.34996 -16.7257
    endloop
  endfacet
  facet normal 0.478861 -0.876952 0.0405911
    outer loop
      vertex 3.0012 -2.99788 -16.0168
      vertex 2.59525 -2.70191 -4.83344
      vertex 2.32929 -2.85386 -4.97867
    endloop
  endfacet
  facet normal 0.478804 -0.876983 0.0405899
    outer loop
      vertex 2.59525 -2.70191 -4.83344
      vertex 3.0012 -2.99788 -16.0168
      vertex 3.04387 -2.97606 -16.0487
    endloop
  endfacet
  facet normal -0.212399 -0.976647 0.0323707
    outer loop
      vertex -1.83206 -3.0649 -5.17183
      vertex -1.88301 -3.39215 -15.3795
      vertex -1.71263 -3.09235 -5.21638
    endloop
  endfacet
  facet normal -0.212449 -0.976636 0.0323706
    outer loop
      vertex -1.83206 -3.0649 -5.17183
      vertex -2.07708 -3.35233 -15.4518
      vertex -1.88301 -3.39215 -15.3795
    endloop
  endfacet
  facet normal -0.212501 -0.976624 0.0323715
    outer loop
      vertex -2.07708 -3.35233 -15.4518
      vertex -1.83206 -3.0649 -5.17183
      vertex -2.24697 -3.31844 -15.5446
    endloop
  endfacet
  facet normal -0.935854 0.349374 0.045983
    outer loop
      vertex -3.81616 1.00156 -3.94219
      vertex -4.20044 1.72885 -17.289
      vertex -4.20627 1.71426 -17.2968
    endloop
  endfacet
  facet normal -0.935966 0.349076 0.0459704
    outer loop
      vertex -3.81616 1.00156 -3.94219
      vertex -4.20627 1.71426 -17.2968
      vertex -4.36172 1.33495 -17.5815
    endloop
  endfacet
  facet normal -0.935958 0.349097 0.0459709
    outer loop
      vertex -4.20044 1.72885 -17.289
      vertex -3.81616 1.00156 -3.94219
      vertex -3.67233 1.40612 -4.08602
    endloop
  endfacet
  facet normal -0.976185 -0.212381 0.0442378
    outer loop
      vertex -4.36172 -1.33495 -17.5815
      vertex -3.83523 -0.909936 -3.92312
      vertex -4.45859 -0.92665 -17.7589
    endloop
  endfacet
  facet normal -0.976184 -0.212384 0.0442379
    outer loop
      vertex -3.83523 -0.909936 -3.92312
      vertex -4.36172 -1.33495 -17.5815
      vertex -3.81616 -1.00156 -3.94219
    endloop
  endfacet
  facet normal -0.706377 0.70637 0.0455221
    outer loop
      vertex -3.22479 2.13308 -4.4388
      vertex -3.42687 2.70015 -16.3738
      vertex -3.71367 2.43183 -16.6606
    endloop
  endfacet
  facet normal -0.706425 0.706323 0.0455206
    outer loop
      vertex -3.42687 2.70015 -16.3738
      vertex -3.22479 2.13308 -4.4388
      vertex -3.15143 2.20999 -4.49372
    endloop
  endfacet
  facet normal -0.478861 0.876952 0.0405911
    outer loop
      vertex -3.0012 2.99788 -16.0168
      vertex -2.59525 2.70191 -4.83344
      vertex -2.32929 2.85386 -4.97867
    endloop
  endfacet
  facet normal -0.478804 0.876983 0.0405899
    outer loop
      vertex -2.59525 2.70191 -4.83344
      vertex -3.0012 2.99788 -16.0168
      vertex -3.04387 2.97606 -16.0487
    endloop
  endfacet
  facet normal -0.212399 0.976647 0.0323707
    outer loop
      vertex -1.88301 3.39215 -15.3795
      vertex -1.83206 3.0649 -5.17183
      vertex -1.71263 3.09235 -5.21638
    endloop
  endfacet
  facet normal -0.212449 0.976636 0.0323706
    outer loop
      vertex -2.07708 3.35233 -15.4518
      vertex -1.83206 3.0649 -5.17183
      vertex -1.88301 3.39215 -15.3795
    endloop
  endfacet
  facet normal -0.212501 0.976624 0.0323715
    outer loop
      vertex -1.83206 3.0649 -5.17183
      vertex -2.07708 3.35233 -15.4518
      vertex -2.24697 3.31844 -15.5446
    endloop
  endfacet
  facet normal 0 1 -0
    outer loop
      vertex 0.227703 3.5 -16.4163
      vertex 0 3.5 -15
      vertex 0.711574 3.5 -15.0509
    endloop
  endfacet
  facet normal 0 1 0
    outer loop
      vertex 0.664663 3.5 -16.5446
      vertex 0.711574 3.5 -15.0509
      vertex 1.40866 3.5 -15.2025
    endloop
  endfacet
  facet normal 0 1 0
    outer loop
      vertex 0 3.5 -15
      vertex 0.227703 3.5 -16.4163
      vertex 0 3.5 -16.4
    endloop
  endfacet
  facet normal 0 1 0
    outer loop
      vertex 1.04778 3.5 -16.7908
      vertex 1.40866 3.5 -15.2025
      vertex 2.07708 3.5 -15.4518
    endloop
  endfacet
  facet normal 0 1 0
    outer loop
      vertex -0.227703 3.5 -16.4163
      vertex 0 3.5 -15
      vertex 0 3.5 -16.4
    endloop
  endfacet
  facet normal 0 1 0
    outer loop
      vertex 1.2092 3.5 -16.9522
      vertex 2.07708 3.5 -15.4518
      vertex 2.7032 3.5 -15.7937
    endloop
  endfacet
  facet normal 0 1 0
    outer loop
      vertex 0 3.5 -15
      vertex -0.227703 3.5 -16.4163
      vertex -0.711574 3.5 -15.0509
    endloop
  endfacet
  facet normal 0 1 0
    outer loop
      vertex 1.45541 3.5 -17.3353
      vertex 2.7032 3.5 -15.7937
      vertex 3.2743 3.5 -16.2213
    endloop
  endfacet
  facet normal 0 1 -0
    outer loop
      vertex -0.450771 3.5 -16.4648
      vertex -0.711574 3.5 -15.0509
      vertex -0.227703 3.5 -16.4163
    endloop
  endfacet
  facet normal 0 1 0
    outer loop
      vertex -0.711574 3.5 -15.0509
      vertex -0.664663 3.5 -16.5446
      vertex -1.40866 3.5 -15.2025
    endloop
  endfacet
  facet normal 0 1 -0
    outer loop
      vertex -0.664663 3.5 -16.5446
      vertex -0.711574 3.5 -15.0509
      vertex -0.450771 3.5 -16.4648
    endloop
  endfacet
  facet normal 0 1 0
    outer loop
      vertex 0.711574 3.5 -15.0509
      vertex 0.450771 3.5 -16.4648
      vertex 0.227703 3.5 -16.4163
    endloop
  endfacet
  facet normal 0 1 0
    outer loop
      vertex 0.711574 3.5 -15.0509
      vertex 0.664663 3.5 -16.5446
      vertex 0.450771 3.5 -16.4648
    endloop
  endfacet
  facet normal 0 1 0
    outer loop
      vertex 1.40866 3.5 -15.2025
      vertex 0.865025 3.5 -16.654
      vertex 0.664663 3.5 -16.5446
    endloop
  endfacet
  facet normal 0 1 0
    outer loop
      vertex 1.53519 3.5 -17.5492
      vertex 3.2743 3.5 -16.2213
      vertex 3.77875 3.5 -16.7257
    endloop
  endfacet
  facet normal 0 1 0
    outer loop
      vertex 1.40866 3.5 -15.2025
      vertex 1.04778 3.5 -16.7908
      vertex 0.865025 3.5 -16.654
    endloop
  endfacet
  facet normal 0 1 0
    outer loop
      vertex 2.07708 3.5 -15.4518
      vertex 1.2092 3.5 -16.9522
      vertex 1.04778 3.5 -16.7908
    endloop
  endfacet
  facet normal 0 1 0
    outer loop
      vertex 2.7032 3.5 -15.7937
      vertex 1.34601 3.5 -17.135
      vertex 1.2092 3.5 -16.9522
    endloop
  endfacet
  facet normal 0 1 0
    outer loop
      vertex 1.58371 3.5 -17.7723
      vertex 3.77875 3.5 -16.7257
      vertex 4.20627 3.5 -17.2968
    endloop
  endfacet
  facet normal 0 1 0
    outer loop
      vertex 2.7032 3.5 -15.7937
      vertex 1.45541 3.5 -17.3353
      vertex 1.34601 3.5 -17.135
    endloop
  endfacet
  facet normal 0 1 0
    outer loop
      vertex 3.2743 3.5 -16.2213
      vertex 1.53519 3.5 -17.5492
      vertex 1.45541 3.5 -17.3353
    endloop
  endfacet
  facet normal 0 1 0
    outer loop
      vertex 3.77875 3.5 -16.7257
      vertex 1.58371 3.5 -17.7723
      vertex 1.53519 3.5 -17.5492
    endloop
  endfacet
  facet normal 0 1 0
    outer loop
      vertex 1.58371 3.5 -18.2277
      vertex 4.20627 3.5 -17.2968
      vertex 4.54816 3.5 -17.9229
    endloop
  endfacet
  facet normal 0 1 0
    outer loop
      vertex 4.20627 3.5 -17.2968
      vertex 1.6 3.5 -18
      vertex 1.58371 3.5 -17.7723
    endloop
  endfacet
  facet normal 0 1 0
    outer loop
      vertex 4.20627 3.5 -17.2968
      vertex 1.58371 3.5 -18.2277
      vertex 1.6 3.5 -18
    endloop
  endfacet
  facet normal 0 1 0
    outer loop
      vertex 4.54816 3.5 -17.9229
      vertex 1.53519 3.5 -18.4508
      vertex 1.58371 3.5 -18.2277
    endloop
  endfacet
  facet normal 0 1 0
    outer loop
      vertex 4.79746 3.5 -18.5913
      vertex 1.53519 3.5 -18.4508
      vertex 4.54816 3.5 -17.9229
    endloop
  endfacet
  facet normal 0 1 0
    outer loop
      vertex 4.79746 3.5 -18.5913
      vertex 1.45541 3.5 -18.6647
      vertex 1.53519 3.5 -18.4508
    endloop
  endfacet
  facet normal 0 1 0
    outer loop
      vertex 4.94911 3.5 -19.2884
      vertex 1.45541 3.5 -18.6647
      vertex 4.79746 3.5 -18.5913
    endloop
  endfacet
  facet normal 0 1 0
    outer loop
      vertex 1.45541 3.5 -18.6647
      vertex 4.94911 3.5 -19.2884
      vertex 1.34601 3.5 -18.865
    endloop
  endfacet
  facet normal 0 1 0
    outer loop
      vertex 5 3.5 -20
      vertex 1.34601 3.5 -18.865
      vertex 4.94911 3.5 -19.2884
    endloop
  endfacet
  facet normal 0 1 0
    outer loop
      vertex 1.34601 3.5 -18.865
      vertex 1.0888 3.5 -19.8435
      vertex 1.2092 3.5 -19.0478
    endloop
  endfacet
  facet normal -0 1 0
    outer loop
      vertex 1.05544 3.5 -19.6901
      vertex 1.2092 3.5 -19.0478
      vertex 1.0888 3.5 -19.8435
    endloop
  endfacet
  facet normal 0 1 0
    outer loop
      vertex 1.04778 3.5 -19.2092
      vertex 0.925379 3.5 -19.4053
      vertex 0.87526 3.5 -19.3383
    endloop
  endfacet
  facet normal 0 1 0
    outer loop
      vertex 1.04778 3.5 -19.2092
      vertex 1.0006 3.5 -19.543
      vertex 0.925379 3.5 -19.4053
    endloop
  endfacet
  facet normal 0 1 0
    outer loop
      vertex 1.2092 3.5 -19.0478
      vertex 1.0006 3.5 -19.543
      vertex 1.04778 3.5 -19.2092
    endloop
  endfacet
  facet normal -0 1 0
    outer loop
      vertex 1.0006 3.5 -19.543
      vertex 1.2092 3.5 -19.0478
      vertex 1.05544 3.5 -19.6901
    endloop
  endfacet
  facet normal 0 1 0
    outer loop
      vertex 1.1 3.5 -20
      vertex 1.34601 3.5 -18.865
      vertex 5 3.5 -20
    endloop
  endfacet
  facet normal 0 1 0
    outer loop
      vertex 1.34601 3.5 -18.865
      vertex 1.1 3.5 -20
      vertex 1.0888 3.5 -19.8435
    endloop
  endfacet
  facet normal 0 1 0
    outer loop
      vertex 5 3.5 -20
      vertex 1.0888 3.5 -20.1565
      vertex 1.1 3.5 -20
    endloop
  endfacet
  facet normal 0 1 -0
    outer loop
      vertex 4.94911 3.5 -20.7116
      vertex 1.0888 3.5 -20.1565
      vertex 5 3.5 -20
    endloop
  endfacet
  facet normal 0 1 0
    outer loop
      vertex 1.0888 3.5 -20.1565
      vertex 4.94911 3.5 -20.7116
      vertex 1.05544 3.5 -20.3099
    endloop
  endfacet
  facet normal 0 1 -0
    outer loop
      vertex 4.79746 3.5 -21.4087
      vertex 1.05544 3.5 -20.3099
      vertex 4.94911 3.5 -20.7116
    endloop
  endfacet
  facet normal 0 1 0
    outer loop
      vertex 1.05544 3.5 -20.3099
      vertex 4.79746 3.5 -21.4087
      vertex 1.0006 3.5 -20.457
    endloop
  endfacet
  facet normal 0 1 -0
    outer loop
      vertex 4.54816 3.5 -22.0771
      vertex 1.0006 3.5 -20.457
      vertex 4.79746 3.5 -21.4087
    endloop
  endfacet
  facet normal 0 1 0
    outer loop
      vertex 1.0006 3.5 -20.457
      vertex 4.54816 3.5 -22.0771
      vertex 0.925379 3.5 -20.5947
    endloop
  endfacet
  facet normal 0 1 -0
    outer loop
      vertex 4.20627 3.5 -22.7032
      vertex 0.925379 3.5 -20.5947
      vertex 4.54816 3.5 -22.0771
    endloop
  endfacet
  facet normal 0 1 0
    outer loop
      vertex 0.925379 3.5 -20.5947
      vertex 4.20627 3.5 -22.7032
      vertex 0.831324 3.5 -20.7203
    endloop
  endfacet
  facet normal 0 1 -0
    outer loop
      vertex 3.77875 3.5 -23.2743
      vertex 0.831324 3.5 -20.7203
      vertex 4.20627 3.5 -22.7032
    endloop
  endfacet
  facet normal 0 1 0
    outer loop
      vertex 0.831324 3.5 -20.7203
      vertex 3.77875 3.5 -23.2743
      vertex 0.720346 3.5 -20.8313
    endloop
  endfacet
  facet normal 0 1 0
    outer loop
      vertex 0.720346 3.5 -20.8313
      vertex 3.2743 3.5 -23.7787
      vertex 0.594705 3.5 -20.9254
    endloop
  endfacet
  facet normal 0 1 -0
    outer loop
      vertex 3.2743 3.5 -23.7787
      vertex 0.720346 3.5 -20.8313
      vertex 3.77875 3.5 -23.2743
    endloop
  endfacet
  facet normal 0 1 -0
    outer loop
      vertex -0.865025 3.5 -16.654
      vertex -1.40866 3.5 -15.2025
      vertex -0.664663 3.5 -16.5446
    endloop
  endfacet
  facet normal 0 1 -0
    outer loop
      vertex -1.04778 3.5 -16.7908
      vertex -1.40866 3.5 -15.2025
      vertex -0.865025 3.5 -16.654
    endloop
  endfacet
  facet normal 0 1 0
    outer loop
      vertex -1.40866 3.5 -15.2025
      vertex -1.04778 3.5 -16.7908
      vertex -2.07708 3.5 -15.4518
    endloop
  endfacet
  facet normal 0 1 -0
    outer loop
      vertex -1.2092 3.5 -16.9522
      vertex -2.07708 3.5 -15.4518
      vertex -1.04778 3.5 -16.7908
    endloop
  endfacet
  facet normal 0 1 0
    outer loop
      vertex -2.07708 3.5 -15.4518
      vertex -1.2092 3.5 -16.9522
      vertex -2.7032 3.5 -15.7937
    endloop
  endfacet
  facet normal 0 1 -0
    outer loop
      vertex -1.34601 3.5 -17.135
      vertex -2.7032 3.5 -15.7937
      vertex -1.2092 3.5 -16.9522
    endloop
  endfacet
  facet normal 0 1 -0
    outer loop
      vertex -1.45541 3.5 -17.3353
      vertex -2.7032 3.5 -15.7937
      vertex -1.34601 3.5 -17.135
    endloop
  endfacet
  facet normal 0 1 0
    outer loop
      vertex -2.7032 3.5 -15.7937
      vertex -1.45541 3.5 -17.3353
      vertex -3.2743 3.5 -16.2213
    endloop
  endfacet
  facet normal 0 1 -0
    outer loop
      vertex -1.53519 3.5 -17.5492
      vertex -3.2743 3.5 -16.2213
      vertex -1.45541 3.5 -17.3353
    endloop
  endfacet
  facet normal 0 1 0
    outer loop
      vertex -3.2743 3.5 -16.2213
      vertex -1.53519 3.5 -17.5492
      vertex -3.77875 3.5 -16.7257
    endloop
  endfacet
  facet normal 0 1 -0
    outer loop
      vertex -1.58371 3.5 -17.7723
      vertex -3.77875 3.5 -16.7257
      vertex -1.53519 3.5 -17.5492
    endloop
  endfacet
  facet normal 0 1 0
    outer loop
      vertex -3.77875 3.5 -16.7257
      vertex -1.58371 3.5 -17.7723
      vertex -4.20627 3.5 -17.2968
    endloop
  endfacet
  facet normal 0 1 -0
    outer loop
      vertex -1.6 3.5 -18
      vertex -4.20627 3.5 -17.2968
      vertex -1.58371 3.5 -17.7723
    endloop
  endfacet
  facet normal 0 1 0
    outer loop
      vertex -1.58371 3.5 -18.2277
      vertex -4.20627 3.5 -17.2968
      vertex -1.6 3.5 -18
    endloop
  endfacet
  facet normal 0 1 0
    outer loop
      vertex -4.20627 3.5 -17.2968
      vertex -1.58371 3.5 -18.2277
      vertex -4.54816 3.5 -17.9229
    endloop
  endfacet
  facet normal 0 1 0
    outer loop
      vertex -1.53519 3.5 -18.4508
      vertex -4.54816 3.5 -17.9229
      vertex -1.58371 3.5 -18.2277
    endloop
  endfacet
  facet normal 0 1 0
    outer loop
      vertex -1.53519 3.5 -18.4508
      vertex -4.79746 3.5 -18.5913
      vertex -4.54816 3.5 -17.9229
    endloop
  endfacet
  facet normal 0 1 0
    outer loop
      vertex -1.45541 3.5 -18.6647
      vertex -4.79746 3.5 -18.5913
      vertex -1.53519 3.5 -18.4508
    endloop
  endfacet
  facet normal 0 1 0
    outer loop
      vertex -4.94911 3.5 -19.2884
      vertex -1.45541 3.5 -18.6647
      vertex -1.34601 3.5 -18.865
    endloop
  endfacet
  facet normal 0 1 0
    outer loop
      vertex -1.0888 3.5 -19.8435
      vertex -1.34601 3.5 -18.865
      vertex -1.2092 3.5 -19.0478
    endloop
  endfacet
  facet normal 0 1 0
    outer loop
      vertex -1.0006 3.5 -19.543
      vertex -1.2092 3.5 -19.0478
      vertex -1.04778 3.5 -19.2092
    endloop
  endfacet
  facet normal 0 1 0
    outer loop
      vertex -1.45541 3.5 -18.6647
      vertex -4.94911 3.5 -19.2884
      vertex -4.79746 3.5 -18.5913
    endloop
  endfacet
  facet normal 0 1 -0
    outer loop
      vertex -0.925379 3.5 -19.4053
      vertex -1.04778 3.5 -19.2092
      vertex -0.87526 3.5 -19.3383
    endloop
  endfacet
  facet normal 0 1 -0
    outer loop
      vertex -1.0006 3.5 -19.543
      vertex -1.04778 3.5 -19.2092
      vertex -0.925379 3.5 -19.4053
    endloop
  endfacet
  facet normal 0 1 0
    outer loop
      vertex -1.2092 3.5 -19.0478
      vertex -1.0006 3.5 -19.543
      vertex -1.05544 3.5 -19.6901
    endloop
  endfacet
  facet normal 0 1 0
    outer loop
      vertex -1.2092 3.5 -19.0478
      vertex -1.05544 3.5 -19.6901
      vertex -1.0888 3.5 -19.8435
    endloop
  endfacet
  facet normal 0 1 -0
    outer loop
      vertex -1.1 3.5 -20
      vertex -1.34601 3.5 -18.865
      vertex -1.0888 3.5 -19.8435
    endloop
  endfacet
  facet normal 0 1 0
    outer loop
      vertex -5 3.5 -20
      vertex -1.34601 3.5 -18.865
      vertex -1.1 3.5 -20
    endloop
  endfacet
  facet normal 0 1 0
    outer loop
      vertex -1.34601 3.5 -18.865
      vertex -5 3.5 -20
      vertex -4.94911 3.5 -19.2884
    endloop
  endfacet
  facet normal 0 1 0
    outer loop
      vertex -1.0888 3.5 -20.1565
      vertex -5 3.5 -20
      vertex -1.1 3.5 -20
    endloop
  endfacet
  facet normal 0 1 0
    outer loop
      vertex -4.94911 3.5 -20.7116
      vertex -1.0888 3.5 -20.1565
      vertex -1.05544 3.5 -20.3099
    endloop
  endfacet
  facet normal 0 1 0
    outer loop
      vertex -4.79746 3.5 -21.4087
      vertex -1.05544 3.5 -20.3099
      vertex -1.0006 3.5 -20.457
    endloop
  endfacet
  facet normal 0 1 0
    outer loop
      vertex -4.54816 3.5 -22.0771
      vertex -1.0006 3.5 -20.457
      vertex -0.925379 3.5 -20.5947
    endloop
  endfacet
  facet normal 0 1 0
    outer loop
      vertex -1.0888 3.5 -20.1565
      vertex -4.94911 3.5 -20.7116
      vertex -5 3.5 -20
    endloop
  endfacet
  facet normal 0 1 0
    outer loop
      vertex -4.20627 3.5 -22.7032
      vertex -0.925379 3.5 -20.5947
      vertex -0.831324 3.5 -20.7203
    endloop
  endfacet
  facet normal 0 1 0
    outer loop
      vertex -3.77875 3.5 -23.2743
      vertex -0.831324 3.5 -20.7203
      vertex -0.720346 3.5 -20.8313
    endloop
  endfacet
  facet normal 0 1 0
    outer loop
      vertex -3.2743 3.5 -23.7787
      vertex -0.720346 3.5 -20.8313
      vertex -0.594705 3.5 -20.9254
    endloop
  endfacet
  facet normal 0 1 0
    outer loop
      vertex -2.7032 3.5 -24.2063
      vertex -0.594705 3.5 -20.9254
      vertex -0.456956 3.5 -21.0006
    endloop
  endfacet
  facet normal 0 1 0
    outer loop
      vertex -2.07708 3.5 -24.5482
      vertex -0.456956 3.5 -21.0006
      vertex -0.309905 3.5 -21.0554
    endloop
  endfacet
  facet normal 0 1 0
    outer loop
      vertex -1.40866 3.5 -24.7975
      vertex -0.309905 3.5 -21.0554
      vertex -0.156546 3.5 -21.0888
    endloop
  endfacet
  facet normal 0 1 0
    outer loop
      vertex -1.05544 3.5 -20.3099
      vertex -4.79746 3.5 -21.4087
      vertex -4.94911 3.5 -20.7116
    endloop
  endfacet
  facet normal 0 1 0
    outer loop
      vertex -0.711574 3.5 -24.9491
      vertex -0.156546 3.5 -21.0888
      vertex 0 3.5 -21.1
    endloop
  endfacet
  facet normal 0 1 -0
    outer loop
      vertex 2.7032 3.5 -24.2063
      vertex 0.594705 3.5 -20.9254
      vertex 3.2743 3.5 -23.7787
    endloop
  endfacet
  facet normal 0 1 0
    outer loop
      vertex 0.594705 3.5 -20.9254
      vertex 2.7032 3.5 -24.2063
      vertex 0.456956 3.5 -21.0006
    endloop
  endfacet
  facet normal 0 1 0
    outer loop
      vertex -1.0006 3.5 -20.457
      vertex -4.54816 3.5 -22.0771
      vertex -4.79746 3.5 -21.4087
    endloop
  endfacet
  facet normal 0 1 -0
    outer loop
      vertex 2.07708 3.5 -24.5482
      vertex 0.456956 3.5 -21.0006
      vertex 2.7032 3.5 -24.2063
    endloop
  endfacet
  facet normal 0 1 0
    outer loop
      vertex -0.925379 3.5 -20.5947
      vertex -4.20627 3.5 -22.7032
      vertex -4.54816 3.5 -22.0771
    endloop
  endfacet
  facet normal 0 1 0
    outer loop
      vertex 0.456956 3.5 -21.0006
      vertex 2.07708 3.5 -24.5482
      vertex 0.309905 3.5 -21.0554
    endloop
  endfacet
  facet normal 0 1 0
    outer loop
      vertex -0.831324 3.5 -20.7203
      vertex -3.77875 3.5 -23.2743
      vertex -4.20627 3.5 -22.7032
    endloop
  endfacet
  facet normal 0 1 -0
    outer loop
      vertex 1.40866 3.5 -24.7975
      vertex 0.309905 3.5 -21.0554
      vertex 2.07708 3.5 -24.5482
    endloop
  endfacet
  facet normal 0 1 0
    outer loop
      vertex -0.720346 3.5 -20.8313
      vertex -3.2743 3.5 -23.7787
      vertex -3.77875 3.5 -23.2743
    endloop
  endfacet
  facet normal 0 1 0
    outer loop
      vertex 0.309905 3.5 -21.0554
      vertex 1.40866 3.5 -24.7975
      vertex 0.156546 3.5 -21.0888
    endloop
  endfacet
  facet normal 0 1 0
    outer loop
      vertex -0.594705 3.5 -20.9254
      vertex -2.7032 3.5 -24.2063
      vertex -3.2743 3.5 -23.7787
    endloop
  endfacet
  facet normal 0 1 -0
    outer loop
      vertex 0.711574 3.5 -24.9491
      vertex 0.156546 3.5 -21.0888
      vertex 1.40866 3.5 -24.7975
    endloop
  endfacet
  facet normal 0 1 0
    outer loop
      vertex -0.456956 3.5 -21.0006
      vertex -2.07708 3.5 -24.5482
      vertex -2.7032 3.5 -24.2063
    endloop
  endfacet
  facet normal 0 1 0
    outer loop
      vertex 0.156546 3.5 -21.0888
      vertex 0.711574 3.5 -24.9491
      vertex 0 3.5 -21.1
    endloop
  endfacet
  facet normal 0 1 0
    outer loop
      vertex -0.309905 3.5 -21.0554
      vertex -1.40866 3.5 -24.7975
      vertex -2.07708 3.5 -24.5482
    endloop
  endfacet
  facet normal 0 1 0
    outer loop
      vertex 0 3.5 -25
      vertex 0 3.5 -21.1
      vertex 0.711574 3.5 -24.9491
    endloop
  endfacet
  facet normal 0 1 0
    outer loop
      vertex -0.156546 3.5 -21.0888
      vertex -0.711574 3.5 -24.9491
      vertex -1.40866 3.5 -24.7975
    endloop
  endfacet
  facet normal 0 1 0
    outer loop
      vertex 0 3.5 -21.1
      vertex 0 3.5 -25
      vertex -0.711574 3.5 -24.9491
    endloop
  endfacet
  facet normal -0.876733 0.478698 0.0467699
    outer loop
      vertex -3.67233 1.40612 -4.08602
      vertex -3.99559 2.0773 -17.0154
      vertex -4.20044 1.72885 -17.289
    endloop
  endfacet
  facet normal -0.876722 0.478719 0.0467706
    outer loop
      vertex -3.99559 2.0773 -17.0154
      vertex -3.67233 1.40612 -4.08602
      vertex -3.62706 1.49345 -4.13129
    endloop
  endfacet
  facet normal -0.799739 0.598535 0.0466208
    outer loop
      vertex -3.47385 1.78586 -4.25235
      vertex -3.96837 2.1164 -16.979
      vertex -3.98374 2.09746 -16.9995
    endloop
  endfacet
  facet normal -0.799676 0.598619 0.0466205
    outer loop
      vertex -3.96837 2.1164 -16.979
      vertex -3.47385 1.78586 -4.25235
      vertex -3.28558 2.04834 -4.39329
    endloop
  endfacet
  facet normal 0.876747 -0.478672 0.0467696
    outer loop
      vertex 3.98374 -2.09746 -16.9995
      vertex 3.62706 -1.49345 -4.13129
      vertex 3.60173 -1.54232 -4.15662
    endloop
  endfacet
  facet normal 0.876712 -0.478736 0.0467713
    outer loop
      vertex 3.98374 -2.09746 -16.9995
      vertex 3.60173 -1.54232 -4.15662
      vertex 3.47385 -1.78586 -4.25235
    endloop
  endfacet
  facet normal 0.876832 -0.478517 0.0467647
    outer loop
      vertex 3.62706 -1.49345 -4.13129
      vertex 3.98374 -2.09746 -16.9995
      vertex 3.99559 -2.0773 -17.0154
    endloop
  endfacet
  facet normal 0.996587 -0.0713001 0.0416061
    outer loop
      vertex 4.4599 -0.921106 -17.7613
      vertex 3.93301 -0.153506 -3.82534
      vertex 3.90364 -0.581165 -3.85472
    endloop
  endfacet
  facet normal 0.996585 -0.0713204 0.0416072
    outer loop
      vertex 3.93301 -0.153506 -3.82534
      vertex 4.4599 -0.921106 -17.7613
      vertex 4.49287 -0.495641 -17.8217
    endloop
  endfacet
  facet normal 0.996587 0.0713001 0.0416061
    outer loop
      vertex 3.93301 0.153506 -3.82534
      vertex 4.4599 0.921106 -17.7613
      vertex 3.90364 0.581165 -3.85472
    endloop
  endfacet
  facet normal 0.996585 0.0713204 0.0416072
    outer loop
      vertex 4.4599 0.921106 -17.7613
      vertex 3.93301 0.153506 -3.82534
      vertex 4.49287 0.495641 -17.8217
    endloop
  endfacet
  facet normal 0.976196 0.212329 0.0442382
    outer loop
      vertex 3.90364 0.581165 -3.85472
      vertex 4.45859 0.92665 -17.7589
      vertex 3.83523 0.909936 -3.92312
    endloop
  endfacet
  facet normal 0.976364 0.211561 0.0442258
    outer loop
      vertex 4.45859 0.92665 -17.7589
      vertex 3.90364 0.581165 -3.85472
      vertex 4.4599 0.921106 -17.7613
    endloop
  endfacet
  facet normal -0.59872 -0.799776 0.0434993
    outer loop
      vertex -2.93058 -2.44092 -4.65034
      vertex -3.04387 -2.97606 -16.0487
      vertex -2.59525 -2.70191 -4.83344
    endloop
  endfacet
  facet normal -0.598755 -0.79975 0.0434985
    outer loop
      vertex -2.93058 -2.44092 -4.65034
      vertex -3.2743 -2.81293 -16.2213
      vertex -3.04387 -2.97606 -16.0487
    endloop
  endfacet
  facet normal -0.598706 -0.799787 0.0434982
    outer loop
      vertex -3.2743 -2.81293 -16.2213
      vertex -2.93058 -2.44092 -4.65034
      vertex -3.39838 -2.72679 -16.3453
    endloop
  endfacet
  facet normal 0.212381 -0.976651 0.0323694
    outer loop
      vertex 1.8212 -3.40483 -15.3564
      vertex 1.54953 -3.12985 -5.27721
      vertex 1.41916 -3.15914 -5.30557
    endloop
  endfacet
  facet normal 0.212474 -0.97663 0.0323713
    outer loop
      vertex 1.8212 -3.40483 -15.3564
      vertex 1.71263 -3.09235 -5.21638
      vertex 1.54953 -3.12985 -5.27721
    endloop
  endfacet
  facet normal 0.21245 -0.976636 0.0323712
    outer loop
      vertex 1.71263 -3.09235 -5.21638
      vertex 1.8212 -3.40483 -15.3564
      vertex 1.88301 -3.39215 -15.3795
    endloop
  endfacet
  facet normal 0.799636 0.598673 0.0466199
    outer loop
      vertex 3.28558 2.04834 -4.39329
      vertex 3.71367 2.43183 -16.6606
      vertex 3.22479 2.13308 -4.4388
    endloop
  endfacet
  facet normal 0.799682 0.598612 0.0466196
    outer loop
      vertex 3.71367 2.43183 -16.6606
      vertex 3.28558 2.04834 -4.39329
      vertex 3.77875 2.34996 -16.7257
    endloop
  endfacet
  facet normal 0.799651 0.598652 0.0466194
    outer loop
      vertex 3.77875 2.34996 -16.7257
      vertex 3.28558 2.04834 -4.39329
      vertex 3.96837 2.1164 -16.979
    endloop
  endfacet
  facet normal 0.876712 0.478736 0.0467713
    outer loop
      vertex 3.60173 1.54232 -4.15662
      vertex 3.98374 2.09746 -16.9995
      vertex 3.47385 1.78586 -4.25235
    endloop
  endfacet
  facet normal 0.876747 0.478672 0.0467696
    outer loop
      vertex 3.62706 1.49345 -4.13129
      vertex 3.98374 2.09746 -16.9995
      vertex 3.60173 1.54232 -4.15662
    endloop
  endfacet
  facet normal 0.876832 0.478517 0.0467647
    outer loop
      vertex 3.98374 2.09746 -16.9995
      vertex 3.62706 1.49345 -4.13129
      vertex 3.99559 2.0773 -17.0154
    endloop
  endfacet
  facet normal 0.59872 0.799776 0.0434993
    outer loop
      vertex 2.93058 2.44092 -4.65034
      vertex 3.04387 2.97606 -16.0487
      vertex 2.59525 2.70191 -4.83344
    endloop
  endfacet
  facet normal 0.598755 0.79975 0.0434985
    outer loop
      vertex 2.93058 2.44092 -4.65034
      vertex 3.2743 2.81293 -16.2213
      vertex 3.04387 2.97606 -16.0487
    endloop
  endfacet
  facet normal 0.598706 0.799787 0.0434982
    outer loop
      vertex 3.2743 2.81293 -16.2213
      vertex 2.93058 2.44092 -4.65034
      vertex 3.39838 2.72679 -16.3453
    endloop
  endfacet
  facet normal 0.478861 0.876952 0.0405908
    outer loop
      vertex 2.28478 2.87928 -5.00298
      vertex 2.65697 3.17434 -15.7685
      vertex 2.22721 2.91171 -5.02445
    endloop
  endfacet
  facet normal 0.478712 0.877033 0.0405879
    outer loop
      vertex 2.32929 2.85386 -4.97867
      vertex 2.65697 3.17434 -15.7685
      vertex 2.28478 2.87928 -5.00298
    endloop
  endfacet
  facet normal 0.478897 0.876932 0.0405905
    outer loop
      vertex 2.32929 2.85386 -4.97867
      vertex 2.7032 3.15026 -15.7937
      vertex 2.65697 3.17434 -15.7685
    endloop
  endfacet
  facet normal 0.478821 0.876974 0.040589
    outer loop
      vertex 2.7032 3.15026 -15.7937
      vertex 2.32929 2.85386 -4.97867
      vertex 3.0012 2.99788 -16.0168
    endloop
  endfacet
  facet normal 0.212399 0.976647 0.0323707
    outer loop
      vertex 1.83206 3.0649 -5.17183
      vertex 1.88301 3.39215 -15.3795
      vertex 1.71263 3.09235 -5.21638
    endloop
  endfacet
  facet normal 0.212449 0.976636 0.0323706
    outer loop
      vertex 1.83206 3.0649 -5.17183
      vertex 2.07708 3.35233 -15.4518
      vertex 1.88301 3.39215 -15.3795
    endloop
  endfacet
  facet normal 0.212501 0.976624 0.0323715
    outer loop
      vertex 2.07708 3.35233 -15.4518
      vertex 1.83206 3.0649 -5.17183
      vertex 2.24697 3.31844 -15.5446
    endloop
  endfacet
  facet normal 0.212381 0.976651 0.0323694
    outer loop
      vertex 1.54953 3.12985 -5.27721
      vertex 1.8212 3.40483 -15.3564
      vertex 1.41916 3.15914 -5.30557
    endloop
  endfacet
  facet normal 0.212474 0.97663 0.0323713
    outer loop
      vertex 1.71263 3.09235 -5.21638
      vertex 1.8212 3.40483 -15.3564
      vertex 1.54953 3.12985 -5.27721
    endloop
  endfacet
  facet normal 0.21245 0.976636 0.0323712
    outer loop
      vertex 1.8212 3.40483 -15.3564
      vertex 1.71263 3.09235 -5.21638
      vertex 1.88301 3.39215 -15.3795
    endloop
  endfacet
  facet normal -0.212381 -0.976651 0.0323694
    outer loop
      vertex -1.54953 -3.12985 -5.27721
      vertex -1.8212 -3.40483 -15.3564
      vertex -1.41916 -3.15914 -5.30557
    endloop
  endfacet
  facet normal -0.212474 -0.97663 0.0323713
    outer loop
      vertex -1.71263 -3.09235 -5.21638
      vertex -1.8212 -3.40483 -15.3564
      vertex -1.54953 -3.12985 -5.27721
    endloop
  endfacet
  facet normal -0.21245 -0.976636 0.0323712
    outer loop
      vertex -1.8212 -3.40483 -15.3564
      vertex -1.71263 -3.09235 -5.21638
      vertex -1.88301 -3.39215 -15.3795
    endloop
  endfacet
  facet normal -0.0713456 -0.99708 0.0272275
    outer loop
      vertex -1.41916 -3.15914 -5.30557
      vertex -1.38792 -3.43151 -15.198
      vertex -0.995905 -3.19194 -5.39764
    endloop
  endfacet
  facet normal -0.0712902 -0.997084 0.0272278
    outer loop
      vertex -1.41916 -3.15914 -5.30557
      vertex -1.40866 -3.43015 -15.2025
      vertex -1.38792 -3.43151 -15.198
    endloop
  endfacet
  facet normal -0.071354 -0.997079 0.0272276
    outer loop
      vertex -1.40866 -3.43015 -15.2025
      vertex -1.41916 -3.15914 -5.30557
      vertex -1.8212 -3.40483 -15.3564
    endloop
  endfacet
  facet normal -0.976364 0.211561 0.0442258
    outer loop
      vertex -3.90364 0.581165 -3.85472
      vertex -4.45859 0.92665 -17.7589
      vertex -4.4599 0.921106 -17.7613
    endloop
  endfacet
  facet normal -0.976196 0.212329 0.0442382
    outer loop
      vertex -4.45859 0.92665 -17.7589
      vertex -3.90364 0.581165 -3.85472
      vertex -3.83523 0.909936 -3.92312
    endloop
  endfacet
  facet normal -0.996585 -0.0713204 0.0416072
    outer loop
      vertex -4.4599 -0.921106 -17.7613
      vertex -3.93301 -0.153506 -3.82534
      vertex -4.49287 -0.495641 -17.8217
    endloop
  endfacet
  facet normal -0.996587 -0.0713001 0.0416061
    outer loop
      vertex -3.93301 -0.153506 -3.82534
      vertex -4.4599 -0.921106 -17.7613
      vertex -3.90364 -0.581165 -3.85472
    endloop
  endfacet
  facet normal -0.706444 0.706303 0.0455226
    outer loop
      vertex -3.39838 2.72679 -16.3453
      vertex -2.97352 2.39646 -4.62689
      vertex -2.93058 2.44092 -4.65034
    endloop
  endfacet
  facet normal -0.706331 0.706416 0.0455217
    outer loop
      vertex -3.39838 2.72679 -16.3453
      vertex -3.15143 2.20999 -4.49372
      vertex -2.97352 2.39646 -4.62689
    endloop
  endfacet
  facet normal -0.706204 0.706543 0.0455246
    outer loop
      vertex -3.15143 2.20999 -4.49372
      vertex -3.39838 2.72679 -16.3453
      vertex -3.42687 2.70015 -16.3738
    endloop
  endfacet
  facet normal -0.349238 0.936309 0.0368555
    outer loop
      vertex -2.24697 3.31844 -15.5446
      vertex -2.22721 2.91171 -5.02445
      vertex -1.83206 3.0649 -5.17183
    endloop
  endfacet
  facet normal -0.349209 0.93632 0.0368559
    outer loop
      vertex -2.22721 2.91171 -5.02445
      vertex -2.24697 3.31844 -15.5446
      vertex -2.65697 3.17434 -15.7685
    endloop
  endfacet
  facet normal -0.212381 0.976651 0.0323694
    outer loop
      vertex -1.8212 3.40483 -15.3564
      vertex -1.54953 3.12985 -5.27721
      vertex -1.41916 3.15914 -5.30557
    endloop
  endfacet
  facet normal -0.212474 0.97663 0.0323713
    outer loop
      vertex -1.8212 3.40483 -15.3564
      vertex -1.71263 3.09235 -5.21638
      vertex -1.54953 3.12985 -5.27721
    endloop
  endfacet
  facet normal -0.21245 0.976636 0.0323712
    outer loop
      vertex -1.71263 3.09235 -5.21638
      vertex -1.8212 3.40483 -15.3564
      vertex -1.88301 3.39215 -15.3795
    endloop
  endfacet
  facet normal -0.876832 0.478517 0.0467647
    outer loop
      vertex -3.62706 1.49345 -4.13129
      vertex -3.98374 2.09746 -16.9995
      vertex -3.99559 2.0773 -17.0154
    endloop
  endfacet
  facet normal -0.876712 0.478736 0.0467713
    outer loop
      vertex -3.98374 2.09746 -16.9995
      vertex -3.60173 1.54232 -4.15662
      vertex -3.47385 1.78586 -4.25235
    endloop
  endfacet
  facet normal -0.876747 0.478672 0.0467696
    outer loop
      vertex -3.98374 2.09746 -16.9995
      vertex -3.62706 1.49345 -4.13129
      vertex -3.60173 1.54232 -4.15662
    endloop
  endfacet
  facet normal 0.999201 -0 0.0399684
    outer loop
      vertex 3.93301 -0.153506 -3.82534
      vertex 4.49287 0.495641 -17.8217
      vertex 3.93301 0.153506 -3.82534
    endloop
  endfacet
  facet normal 0.999201 0 0.0399684
    outer loop
      vertex 4.49287 0.495641 -17.8217
      vertex 3.93301 -0.153506 -3.82534
      vertex 4.49287 -0.495641 -17.8217
    endloop
  endfacet
  facet normal 0.706444 0.706303 0.0455226
    outer loop
      vertex 2.97352 2.39646 -4.62689
      vertex 3.39838 2.72679 -16.3453
      vertex 2.93058 2.44092 -4.65034
    endloop
  endfacet
  facet normal 0.706331 0.706416 0.0455217
    outer loop
      vertex 3.15143 2.20999 -4.49372
      vertex 3.39838 2.72679 -16.3453
      vertex 2.97352 2.39646 -4.62689
    endloop
  endfacet
  facet normal 0.706204 0.706543 0.0455246
    outer loop
      vertex 3.39838 2.72679 -16.3453
      vertex 3.15143 2.20999 -4.49372
      vertex 3.42687 2.70015 -16.3738
    endloop
  endfacet
  facet normal 0.935958 -0.349097 0.0459709
    outer loop
      vertex 4.20044 -1.72885 -17.289
      vertex 3.81616 -1.00156 -3.94219
      vertex 3.67233 -1.40612 -4.08602
    endloop
  endfacet
  facet normal 0.935966 -0.349076 0.0459704
    outer loop
      vertex 3.81616 -1.00156 -3.94219
      vertex 4.20627 -1.71426 -17.2968
      vertex 4.36172 -1.33495 -17.5815
    endloop
  endfacet
  facet normal 0.935854 -0.349374 0.045983
    outer loop
      vertex 3.81616 -1.00156 -3.94219
      vertex 4.20044 -1.72885 -17.289
      vertex 4.20627 -1.71426 -17.2968
    endloop
  endfacet
  facet normal 0.976184 -0.212384 0.0442379
    outer loop
      vertex 4.36172 -1.33495 -17.5815
      vertex 3.83523 -0.909936 -3.92312
      vertex 3.81616 -1.00156 -3.94219
    endloop
  endfacet
  facet normal 0.976185 -0.212381 0.0442378
    outer loop
      vertex 3.83523 -0.909936 -3.92312
      vertex 4.36172 -1.33495 -17.5815
      vertex 4.45859 -0.92665 -17.7589
    endloop
  endfacet
  facet normal 0.976196 -0.212329 0.0442382
    outer loop
      vertex 4.45859 -0.92665 -17.7589
      vertex 3.90364 -0.581165 -3.85472
      vertex 3.83523 -0.909936 -3.92312
    endloop
  endfacet
  facet normal 0.976364 -0.211561 0.0442258
    outer loop
      vertex 3.90364 -0.581165 -3.85472
      vertex 4.45859 -0.92665 -17.7589
      vertex 4.4599 -0.921106 -17.7613
    endloop
  endfacet
  facet normal 0.876722 -0.478719 0.0467706
    outer loop
      vertex 3.99559 -2.0773 -17.0154
      vertex 3.67233 -1.40612 -4.08602
      vertex 3.62706 -1.49345 -4.13129
    endloop
  endfacet
  facet normal 0.876733 -0.478698 0.0467699
    outer loop
      vertex 3.67233 -1.40612 -4.08602
      vertex 3.99559 -2.0773 -17.0154
      vertex 4.20044 -1.72885 -17.289
    endloop
  endfacet
  facet normal 0.59872 -0.799776 0.0434993
    outer loop
      vertex 3.04387 -2.97606 -16.0487
      vertex 2.93058 -2.44092 -4.65034
      vertex 2.59525 -2.70191 -4.83344
    endloop
  endfacet
  facet normal 0.598755 -0.79975 0.0434985
    outer loop
      vertex 3.2743 -2.81293 -16.2213
      vertex 2.93058 -2.44092 -4.65034
      vertex 3.04387 -2.97606 -16.0487
    endloop
  endfacet
  facet normal 0.598706 -0.799787 0.0434982
    outer loop
      vertex 2.93058 -2.44092 -4.65034
      vertex 3.2743 -2.81293 -16.2213
      vertex 3.39838 -2.72679 -16.3453
    endloop
  endfacet
  facet normal 0.706444 -0.706303 0.0455226
    outer loop
      vertex 3.39838 -2.72679 -16.3453
      vertex 2.97352 -2.39646 -4.62689
      vertex 2.93058 -2.44092 -4.65034
    endloop
  endfacet
  facet normal 0.706331 -0.706416 0.0455217
    outer loop
      vertex 3.39838 -2.72679 -16.3453
      vertex 3.15143 -2.20999 -4.49372
      vertex 2.97352 -2.39646 -4.62689
    endloop
  endfacet
  facet normal 0.706204 -0.706543 0.0455246
    outer loop
      vertex 3.15143 -2.20999 -4.49372
      vertex 3.39838 -2.72679 -16.3453
      vertex 3.42687 -2.70015 -16.3738
    endloop
  endfacet
  facet normal -0.996585 0.0713204 0.0416072
    outer loop
      vertex -3.93301 0.153506 -3.82534
      vertex -4.4599 0.921106 -17.7613
      vertex -4.49287 0.495641 -17.8217
    endloop
  endfacet
  facet normal -0.996587 0.0713001 0.0416061
    outer loop
      vertex -4.4599 0.921106 -17.7613
      vertex -3.93301 0.153506 -3.82534
      vertex -3.90364 0.581165 -3.85472
    endloop
  endfacet
  facet normal 0.876722 0.478719 0.0467706
    outer loop
      vertex 3.67233 1.40612 -4.08602
      vertex 3.99559 2.0773 -17.0154
      vertex 3.62706 1.49345 -4.13129
    endloop
  endfacet
  facet normal 0.876733 0.478698 0.0467699
    outer loop
      vertex 3.99559 2.0773 -17.0154
      vertex 3.67233 1.40612 -4.08602
      vertex 4.20044 1.72885 -17.289
    endloop
  endfacet
  facet normal 0.799676 0.598619 0.0466205
    outer loop
      vertex 3.47385 1.78586 -4.25235
      vertex 3.96837 2.1164 -16.979
      vertex 3.28558 2.04834 -4.39329
    endloop
  endfacet
  facet normal 0.799739 0.598535 0.0466208
    outer loop
      vertex 3.96837 2.1164 -16.979
      vertex 3.47385 1.78586 -4.25235
      vertex 3.98374 2.09746 -16.9995
    endloop
  endfacet
  facet normal 0.997452 -0 0.0713366
    outer loop
      vertex 5.44402 -4 0.782731
      vertex 5.5 4 0
      vertex 5.44402 4 0.782731
    endloop
  endfacet
  facet normal 0.997452 0 0.0713366
    outer loop
      vertex 5.5 4 0
      vertex 5.44402 -4 0.782731
      vertex 5.5 -4 0
    endloop
  endfacet
  facet normal 0.977146 -0 0.212569
    outer loop
      vertex 5.27721 -4 1.54953
      vertex 5.44402 4 0.782731
      vertex 5.27721 4 1.54953
    endloop
  endfacet
  facet normal 0.977146 0 0.212569
    outer loop
      vertex 5.44402 4 0.782731
      vertex 5.27721 -4 1.54953
      vertex 5.44402 -4 0.782731
    endloop
  endfacet
  facet normal -0.997452 0 0.0713366
    outer loop
      vertex -5.5 -4 0
      vertex -5.44402 4 0.782731
      vertex -5.5 4 0
    endloop
  endfacet
  facet normal -0.997452 0 0.0713366
    outer loop
      vertex -5.44402 4 0.782731
      vertex -5.5 -4 0
      vertex -5.44402 -4 0.782731
    endloop
  endfacet
  facet normal 0.0712548 0 0.997458
    outer loop
      vertex 0.782731 4 5.44402
      vertex 0.7 -1.75 5.44993
      vertex 0.782731 -4 5.44402
    endloop
  endfacet
  facet normal 0.0713726 -1.70382e-06 0.99745
    outer loop
      vertex 0.782731 4 5.44402
      vertex 0.692875 -1.65038 5.45044
      vertex 0.7 -1.75 5.44993
    endloop
  endfacet
  facet normal 0.0714008 -2.15478e-06 0.997448
    outer loop
      vertex 0.782731 4 5.44402
      vertex 0.671644 -1.55279 5.45196
      vertex 0.692875 -1.65038 5.45044
    endloop
  endfacet
  facet normal 0.0714383 -2.90941e-06 0.997445
    outer loop
      vertex 0.782731 4 5.44402
      vertex 0.636742 -1.45921 5.45446
      vertex 0.671644 -1.55279 5.45196
    endloop
  endfacet
  facet normal 0.0712721 1.55829e-06 0.997457
    outer loop
      vertex 0.782731 4 5.44402
      vertex 0.588877 -1.37155 5.45788
      vertex 0.636742 -1.45921 5.45446
    endloop
  endfacet
  facet normal 0.0713259 -3.9229e-07 0.997453
    outer loop
      vertex 0.782731 4 5.44402
      vertex 0.529024 -1.2916 5.46216
      vertex 0.588877 -1.37155 5.45788
    endloop
  endfacet
  facet normal 0.071325 -3.49623e-07 0.997453
    outer loop
      vertex 0.782731 4 5.44402
      vertex 0.458402 -1.22097 5.46721
      vertex 0.529024 -1.2916 5.46216
    endloop
  endfacet
  facet normal 0.071357 -2.34864e-06 0.997451
    outer loop
      vertex 0.782731 4 5.44402
      vertex 0.378448 -1.16112 5.47293
      vertex 0.458402 -1.22097 5.46721
    endloop
  endfacet
  facet normal 0.0713449 -1.39889e-06 0.997452
    outer loop
      vertex 0.782731 4 5.44402
      vertex 0.29079 -1.11326 5.4792
      vertex 0.378448 -1.16112 5.47293
    endloop
  endfacet
  facet normal 0.0714123 -7.90987e-06 0.997447
    outer loop
      vertex 0.782731 4 5.44402
      vertex 0.197212 -1.07835 5.4859
      vertex 0.29079 -1.11326 5.4792
    endloop
  endfacet
  facet normal 0.07134 4.60459e-07 0.997452
    outer loop
      vertex 0.782731 4 5.44402
      vertex 0.0996199 -1.05712 5.49288
      vertex 0.197212 -1.07835 5.4859
    endloop
  endfacet
  facet normal 0.0713366 9.26623e-07 0.997452
    outer loop
      vertex 0 4 5.5
      vertex 0.0996199 -1.05712 5.49288
      vertex 0.782731 4 5.44402
    endloop
  endfacet
  facet normal 0.0712898 0 0.997456
    outer loop
      vertex 0.0996199 -1.05712 5.49288
      vertex 0 4 5.5
      vertex 0 -1.05 5.5
    endloop
  endfacet
  facet normal 0.0713482 3.45429e-06 0.997451
    outer loop
      vertex 0.692875 -1.84962 5.45044
      vertex 0.782731 -4 5.44402
      vertex 0.7 -1.75 5.44993
    endloop
  endfacet
  facet normal 0.0713873 5.09686e-06 0.997449
    outer loop
      vertex 0.671644 -1.94721 5.45196
      vertex 0.782731 -4 5.44402
      vertex 0.692875 -1.84962 5.45044
    endloop
  endfacet
  facet normal 0.0714268 7.2414e-06 0.997446
    outer loop
      vertex 0.636742 -2.04079 5.45446
      vertex 0.782731 -4 5.44402
      vertex 0.671644 -1.94721 5.45196
    endloop
  endfacet
  facet normal 0.0712766 -4.0078e-06 0.997457
    outer loop
      vertex 0.588877 -2.12845 5.45788
      vertex 0.782731 -4 5.44402
      vertex 0.636742 -2.04079 5.45446
    endloop
  endfacet
  facet normal 0.071325 1.03675e-06 0.997453
    outer loop
      vertex 0.529024 -2.2084 5.46216
      vertex 0.782731 -4 5.44402
      vertex 0.588877 -2.12845 5.45788
    endloop
  endfacet
  facet normal 0.0713244 9.47919e-07 0.997453
    outer loop
      vertex 0.458402 -2.27902 5.46721
      vertex 0.782731 -4 5.44402
      vertex 0.529024 -2.2084 5.46216
    endloop
  endfacet
  facet normal 0.0713539 6.53446e-06 0.997451
    outer loop
      vertex 0.378448 -2.33888 5.47293
      vertex 0.782731 -4 5.44402
      vertex 0.458402 -2.27902 5.46721
    endloop
  endfacet
  facet normal 0.0713435 4.00064e-06 0.997452
    outer loop
      vertex 0.29079 -2.38674 5.4792
      vertex 0.782731 -4 5.44402
      vertex 0.378448 -2.33888 5.47293
    endloop
  endfacet
  facet normal 0.0714066 2.33184e-05 0.997447
    outer loop
      vertex 0.197212 -2.42164 5.4859
      vertex 0.782731 -4 5.44402
      vertex 0.29079 -2.38674 5.4792
    endloop
  endfacet
  facet normal 0.0713407 -3.26929e-06 0.997452
    outer loop
      vertex 0 -4 5.5
      vertex 0.197212 -2.42164 5.4859
      vertex 0.0996199 -2.44287 5.49288
    endloop
  endfacet
  facet normal 0.0712898 -0 0.997456
    outer loop
      vertex 0 -4 5.5
      vertex 0.0996199 -2.44287 5.49288
      vertex 0 -2.45 5.5
    endloop
  endfacet
  facet normal 0.0713366 -2.76174e-06 0.997452
    outer loop
      vertex 0.197212 -2.42164 5.4859
      vertex 0 -4 5.5
      vertex 0.782731 -4 5.44402
    endloop
  endfacet
  facet normal 0.707107 -0 0.707107
    outer loop
      vertex 3.60173 -4 4.15662
      vertex 4.15662 4 3.60173
      vertex 3.60173 4 4.15662
    endloop
  endfacet
  facet normal 0.707107 0 0.707107
    outer loop
      vertex 4.15662 4 3.60173
      vertex 3.60173 -4 4.15662
      vertex 4.15662 -4 3.60173
    endloop
  endfacet
  facet normal -0.599276 0 0.800543
    outer loop
      vertex -3.60173 4 4.15662
      vertex -2.97352 -4 4.62689
      vertex -2.97352 4 4.62689
    endloop
  endfacet
  facet normal -0.599276 0 0.800543
    outer loop
      vertex -2.97352 -4 4.62689
      vertex -3.60173 4 4.15662
      vertex -3.60173 -4 4.15662
    endloop
  endfacet
  facet normal -0.34946 0 0.936951
    outer loop
      vertex -2.28478 4 5.00298
      vertex -1.54953 -4 5.27721
      vertex -1.54953 4 5.27721
    endloop
  endfacet
  facet normal -0.34946 0 0.936951
    outer loop
      vertex -1.54953 -4 5.27721
      vertex -2.28478 4 5.00298
      vertex -2.28478 -4 5.00298
    endloop
  endfacet
  facet normal 0.0713366 0 -0.997452
    outer loop
      vertex 0 -4 -5.5
      vertex 0.782731 -3.19307 -5.44402
      vertex 0.782731 -4 -5.44402
    endloop
  endfacet
  facet normal 0.0713366 0 -0.997452
    outer loop
      vertex 0.782731 -3.19307 -5.44402
      vertex 0 -4 -5.5
      vertex 0 -3.19444 -5.5
    endloop
  endfacet
  facet normal 0.0713366 0 -0.997452
    outer loop
      vertex 0 3.19444 -5.5
      vertex 0.782731 4 -5.44402
      vertex 0.782731 3.19307 -5.44402
    endloop
  endfacet
  facet normal 0.0713366 0 -0.997452
    outer loop
      vertex 0.782731 4 -5.44402
      vertex 0 3.19444 -5.5
      vertex 0 4 -5.5
    endloop
  endfacet
  facet normal 0.800543 0 -0.599276
    outer loop
      vertex 4.62689 -4 -2.97352
      vertex 4.15662 4 -3.60173
      vertex 4.62689 4 -2.97352
    endloop
  endfacet
  facet normal 0.800543 0 -0.599276
    outer loop
      vertex 4.15662 4 -3.60173
      vertex 4.62689 -4 -2.97352
      vertex 4.15662 -4 -3.60173
    endloop
  endfacet
  facet normal 0.877674 -0 0.479258
    outer loop
      vertex 4.62689 -4 2.97352
      vertex 5.00298 4 2.28478
      vertex 4.62689 4 2.97352
    endloop
  endfacet
  facet normal 0.877674 0 0.479258
    outer loop
      vertex 5.00298 4 2.28478
      vertex 4.62689 -4 2.97352
      vertex 5.00298 -4 2.28478
    endloop
  endfacet
  facet normal 0.479258 0 0.877674
    outer loop
      vertex 2.28478 4 5.00298
      vertex 2.97352 -4 4.62689
      vertex 2.97352 4 4.62689
    endloop
  endfacet
  facet normal 0.479258 0 0.877674
    outer loop
      vertex 2.97352 -4 4.62689
      vertex 2.28478 4 5.00298
      vertex 2.28478 -4 5.00298
    endloop
  endfacet
  facet normal 0.599276 0 0.800543
    outer loop
      vertex 2.97352 4 4.62689
      vertex 3.60173 -4 4.15662
      vertex 3.60173 4 4.15662
    endloop
  endfacet
  facet normal 0.599276 0 0.800543
    outer loop
      vertex 3.60173 -4 4.15662
      vertex 2.97352 4 4.62689
      vertex 2.97352 -4 4.62689
    endloop
  endfacet
  facet normal -0.877674 0 0.479258
    outer loop
      vertex -5.00298 -4 2.28478
      vertex -4.62689 4 2.97352
      vertex -5.00298 4 2.28478
    endloop
  endfacet
  facet normal -0.877674 0 0.479258
    outer loop
      vertex -4.62689 4 2.97352
      vertex -5.00298 -4 2.28478
      vertex -4.62689 -4 2.97352
    endloop
  endfacet
  facet normal -0.707107 0 0.707107
    outer loop
      vertex -4.15662 -4 3.60173
      vertex -3.60173 4 4.15662
      vertex -4.15662 4 3.60173
    endloop
  endfacet
  facet normal -0.707107 0 0.707107
    outer loop
      vertex -3.60173 4 4.15662
      vertex -4.15662 -4 3.60173
      vertex -3.60173 -4 4.15662
    endloop
  endfacet
  facet normal -0.212569 0 0.977146
    outer loop
      vertex -1.54953 4 5.27721
      vertex -0.782731 -4 5.44402
      vertex -0.782731 4 5.44402
    endloop
  endfacet
  facet normal -0.212569 0 0.977146
    outer loop
      vertex -0.782731 -4 5.44402
      vertex -1.54953 4 5.27721
      vertex -1.54953 -4 5.27721
    endloop
  endfacet
  facet normal 0.877674 0 -0.479258
    outer loop
      vertex 5.00298 -4 -2.28478
      vertex 4.62689 4 -2.97352
      vertex 5.00298 4 -2.28478
    endloop
  endfacet
  facet normal 0.877674 0 -0.479258
    outer loop
      vertex 4.62689 4 -2.97352
      vertex 5.00298 -4 -2.28478
      vertex 4.62689 -4 -2.97352
    endloop
  endfacet
  facet normal -0.707107 0 -0.707107
    outer loop
      vertex -3.60173 1.54232 -4.15662
      vertex -4.15662 4 -3.60173
      vertex -3.60173 4 -4.15662
    endloop
  endfacet
  facet normal -0.707107 0 -0.707107
    outer loop
      vertex -3.62706 1.49345 -4.13129
      vertex -4.15662 4 -3.60173
      vertex -3.60173 1.54232 -4.15662
    endloop
  endfacet
  facet normal -0.707107 1.04448e-15 -0.707107
    outer loop
      vertex -3.67233 1.40612 -4.08602
      vertex -4.15662 4 -3.60173
      vertex -3.62706 1.49345 -4.13129
    endloop
  endfacet
  facet normal -0.707107 -1.81084e-16 -0.707107
    outer loop
      vertex -3.81616 1.00156 -3.94219
      vertex -4.15662 4 -3.60173
      vertex -3.67233 1.40612 -4.08602
    endloop
  endfacet
  facet normal -0.707107 0 -0.707107
    outer loop
      vertex -3.83523 0.909936 -3.92312
      vertex -4.15662 4 -3.60173
      vertex -3.81616 1.00156 -3.94219
    endloop
  endfacet
  facet normal -0.707072 7.1681e-06 -0.707141
    outer loop
      vertex -3.90364 0.581165 -3.85472
      vertex -4.15662 4 -3.60173
      vertex -3.83523 0.909936 -3.92312
    endloop
  endfacet
  facet normal -0.707172 -7.57916e-06 -0.707042
    outer loop
      vertex -3.93301 0.153506 -3.82534
      vertex -4.15662 4 -3.60173
      vertex -3.90364 0.581165 -3.85472
    endloop
  endfacet
  facet normal -0.707107 0 -0.707107
    outer loop
      vertex -3.93301 -0.153506 -3.82534
      vertex -4.15662 4 -3.60173
      vertex -3.93301 0.153506 -3.82534
    endloop
  endfacet
  facet normal -0.707107 0 -0.707107
    outer loop
      vertex -4.15662 -4 -3.60173
      vertex -3.60173 -1.54232 -4.15662
      vertex -3.60173 -4 -4.15662
    endloop
  endfacet
  facet normal -0.707107 0 -0.707107
    outer loop
      vertex -3.60173 -1.54232 -4.15662
      vertex -4.15662 -4 -3.60173
      vertex -3.62706 -1.49345 -4.13129
    endloop
  endfacet
  facet normal -0.707107 -1.04448e-15 -0.707107
    outer loop
      vertex -3.62706 -1.49345 -4.13129
      vertex -4.15662 -4 -3.60173
      vertex -3.67233 -1.40612 -4.08602
    endloop
  endfacet
  facet normal -0.707107 1.89707e-16 -0.707107
    outer loop
      vertex -3.67233 -1.40612 -4.08602
      vertex -4.15662 -4 -3.60173
      vertex -3.81616 -1.00156 -3.94219
    endloop
  endfacet
  facet normal -0.707107 0 -0.707107
    outer loop
      vertex -3.81616 -1.00156 -3.94219
      vertex -4.15662 -4 -3.60173
      vertex -3.83523 -0.909936 -3.92312
    endloop
  endfacet
  facet normal -0.707107 0 -0.707107
    outer loop
      vertex -3.93301 -0.153506 -3.82534
      vertex -4.15662 -4 -3.60173
      vertex -4.15662 4 -3.60173
    endloop
  endfacet
  facet normal -0.707172 7.57916e-06 -0.707042
    outer loop
      vertex -3.90364 -0.581165 -3.85472
      vertex -4.15662 -4 -3.60173
      vertex -3.93301 -0.153506 -3.82534
    endloop
  endfacet
  facet normal -0.707072 -7.1681e-06 -0.707141
    outer loop
      vertex -3.83523 -0.909936 -3.92312
      vertex -4.15662 -4 -3.60173
      vertex -3.90364 -0.581165 -3.85472
    endloop
  endfacet
  facet normal 0 1 0
    outer loop
      vertex 0 4 1.1
      vertex 0 4 5.5
      vertex 0.782731 4 5.44402
    endloop
  endfacet
  facet normal 0 1 0
    outer loop
      vertex 0.156546 4 1.0888
      vertex 0.782731 4 5.44402
      vertex 1.54953 4 5.27721
    endloop
  endfacet
  facet normal 0 1 0
    outer loop
      vertex 0 4 5.5
      vertex 0 4 1.1
      vertex -0.782731 4 5.44402
    endloop
  endfacet
  facet normal 0 1 0
    outer loop
      vertex 0.309905 4 1.05544
      vertex 1.54953 4 5.27721
      vertex 2.28478 4 5.00298
    endloop
  endfacet
  facet normal 0 1 -0
    outer loop
      vertex -0.156546 4 1.0888
      vertex -0.782731 4 5.44402
      vertex 0 4 1.1
    endloop
  endfacet
  facet normal 0 1 0
    outer loop
      vertex 0.456956 4 1.0006
      vertex 2.28478 4 5.00298
      vertex 2.97352 4 4.62689
    endloop
  endfacet
  facet normal 0 1 0
    outer loop
      vertex -0.782731 4 5.44402
      vertex -0.156546 4 1.0888
      vertex -1.54953 4 5.27721
    endloop
  endfacet
  facet normal 0 1 0
    outer loop
      vertex 0.594705 4 0.925379
      vertex 2.97352 4 4.62689
      vertex 3.60173 4 4.15662
    endloop
  endfacet
  facet normal 0 1 -0
    outer loop
      vertex -0.309905 4 1.05544
      vertex -1.54953 4 5.27721
      vertex -0.156546 4 1.0888
    endloop
  endfacet
  facet normal 0 1 0
    outer loop
      vertex 0.720346 4 0.831324
      vertex 3.60173 4 4.15662
      vertex 4.15662 4 3.60173
    endloop
  endfacet
  facet normal 0 1 0
    outer loop
      vertex -1.54953 4 5.27721
      vertex -0.309905 4 1.05544
      vertex -2.28478 4 5.00298
    endloop
  endfacet
  facet normal 0 1 0
    outer loop
      vertex 0.831324 4 0.720346
      vertex 4.15662 4 3.60173
      vertex 4.62689 4 2.97352
    endloop
  endfacet
  facet normal 0 1 -0
    outer loop
      vertex -0.456956 4 1.0006
      vertex -2.28478 4 5.00298
      vertex -0.309905 4 1.05544
    endloop
  endfacet
  facet normal 0 1 0
    outer loop
      vertex 0.925379 4 0.594705
      vertex 4.62689 4 2.97352
      vertex 5.00298 4 2.28478
    endloop
  endfacet
  facet normal 0 1 0
    outer loop
      vertex -2.28478 4 5.00298
      vertex -0.456956 4 1.0006
      vertex -2.97352 4 4.62689
    endloop
  endfacet
  facet normal 0 1 0
    outer loop
      vertex 1.0006 4 0.456956
      vertex 5.00298 4 2.28478
      vertex 5.27721 4 1.54953
    endloop
  endfacet
  facet normal 0 1 -0
    outer loop
      vertex -0.594705 4 0.925379
      vertex -2.97352 4 4.62689
      vertex -0.456956 4 1.0006
    endloop
  endfacet
  facet normal 0 1 0
    outer loop
      vertex -2.97352 4 4.62689
      vertex -0.594705 4 0.925379
      vertex -3.60173 4 4.15662
    endloop
  endfacet
  facet normal 0 1 0
    outer loop
      vertex 0.782731 4 5.44402
      vertex 0.156546 4 1.0888
      vertex 0 4 1.1
    endloop
  endfacet
  facet normal 0 1 0
    outer loop
      vertex 1.54953 4 5.27721
      vertex 0.309905 4 1.05544
      vertex 0.156546 4 1.0888
    endloop
  endfacet
  facet normal 0 1 0
    outer loop
      vertex 2.28478 4 5.00298
      vertex 0.456956 4 1.0006
      vertex 0.309905 4 1.05544
    endloop
  endfacet
  facet normal 0 1 0
    outer loop
      vertex 2.97352 4 4.62689
      vertex 0.594705 4 0.925379
      vertex 0.456956 4 1.0006
    endloop
  endfacet
  facet normal 0 1 0
    outer loop
      vertex 3.60173 4 4.15662
      vertex 0.720346 4 0.831324
      vertex 0.594705 4 0.925379
    endloop
  endfacet
  facet normal 0 1 0
    outer loop
      vertex 1.05544 4 0.309905
      vertex 5.27721 4 1.54953
      vertex 5.44402 4 0.782731
    endloop
  endfacet
  facet normal 0 1 0
    outer loop
      vertex 4.15662 4 3.60173
      vertex 0.831324 4 0.720346
      vertex 0.720346 4 0.831324
    endloop
  endfacet
  facet normal 0 1 0
    outer loop
      vertex 4.62689 4 2.97352
      vertex 0.925379 4 0.594705
      vertex 0.831324 4 0.720346
    endloop
  endfacet
  facet normal 0 1 0
    outer loop
      vertex 5.00298 4 2.28478
      vertex 1.0006 4 0.456956
      vertex 0.925379 4 0.594705
    endloop
  endfacet
  facet normal 0 1 0
    outer loop
      vertex 5.27721 4 1.54953
      vertex 1.05544 4 0.309905
      vertex 1.0006 4 0.456956
    endloop
  endfacet
  facet normal 0 1 0
    outer loop
      vertex 5.44402 4 0.782731
      vertex 1.0888 4 0.156546
      vertex 1.05544 4 0.309905
    endloop
  endfacet
  facet normal 0 1 0
    outer loop
      vertex 5.5 4 0
      vertex 1.0888 4 0.156546
      vertex 5.44402 4 0.782731
    endloop
  endfacet
  facet normal 0 1 0
    outer loop
      vertex 5.5 4 0
      vertex 1.1 4 0
      vertex 1.0888 4 0.156546
    endloop
  endfacet
  facet normal 0 1 0
    outer loop
      vertex 5.5 4 0
      vertex 1.0888 4 -0.156546
      vertex 1.1 4 0
    endloop
  endfacet
  facet normal 0 1 -0
    outer loop
      vertex 5.44402 4 -0.782731
      vertex 1.0888 4 -0.156546
      vertex 5.5 4 0
    endloop
  endfacet
  facet normal 0 1 0
    outer loop
      vertex 1.0888 4 -0.156546
      vertex 5.44402 4 -0.782731
      vertex 1.05544 4 -0.309905
    endloop
  endfacet
  facet normal 0 1 -0
    outer loop
      vertex 5.27721 4 -1.54953
      vertex 1.05544 4 -0.309905
      vertex 5.44402 4 -0.782731
    endloop
  endfacet
  facet normal 0 1 0
    outer loop
      vertex 1.05544 4 -0.309905
      vertex 5.27721 4 -1.54953
      vertex 1.0006 4 -0.456956
    endloop
  endfacet
  facet normal 0 1 -0
    outer loop
      vertex 5.00298 4 -2.28478
      vertex 1.0006 4 -0.456956
      vertex 5.27721 4 -1.54953
    endloop
  endfacet
  facet normal 0 1 0
    outer loop
      vertex 1.0006 4 -0.456956
      vertex 5.00298 4 -2.28478
      vertex 0.925379 4 -0.594705
    endloop
  endfacet
  facet normal 0 1 -0
    outer loop
      vertex 4.62689 4 -2.97352
      vertex 0.925379 4 -0.594705
      vertex 5.00298 4 -2.28478
    endloop
  endfacet
  facet normal 0 1 0
    outer loop
      vertex 0.925379 4 -0.594705
      vertex 4.62689 4 -2.97352
      vertex 0.831324 4 -0.720346
    endloop
  endfacet
  facet normal 0 1 -0
    outer loop
      vertex 4.15662 4 -3.60173
      vertex 0.831324 4 -0.720346
      vertex 4.62689 4 -2.97352
    endloop
  endfacet
  facet normal 0 1 0
    outer loop
      vertex 0.831324 4 -0.720346
      vertex 4.15662 4 -3.60173
      vertex 0.720346 4 -0.831324
    endloop
  endfacet
  facet normal 0 1 -0
    outer loop
      vertex 3.60173 4 -4.15662
      vertex 0.720346 4 -0.831324
      vertex 4.15662 4 -3.60173
    endloop
  endfacet
  facet normal 0 1 0
    outer loop
      vertex 0.720346 4 -0.831324
      vertex 3.60173 4 -4.15662
      vertex 0.594705 4 -0.925379
    endloop
  endfacet
  facet normal 0 1 -0
    outer loop
      vertex -0.720346 4 0.831324
      vertex -3.60173 4 4.15662
      vertex -0.594705 4 0.925379
    endloop
  endfacet
  facet normal 0 1 0
    outer loop
      vertex -3.60173 4 4.15662
      vertex -0.720346 4 0.831324
      vertex -4.15662 4 3.60173
    endloop
  endfacet
  facet normal 0 1 -0
    outer loop
      vertex -0.831324 4 0.720346
      vertex -4.15662 4 3.60173
      vertex -0.720346 4 0.831324
    endloop
  endfacet
  facet normal 0 1 0
    outer loop
      vertex -4.15662 4 3.60173
      vertex -0.831324 4 0.720346
      vertex -4.62689 4 2.97352
    endloop
  endfacet
  facet normal 0 1 -0
    outer loop
      vertex -0.925379 4 0.594705
      vertex -4.62689 4 2.97352
      vertex -0.831324 4 0.720346
    endloop
  endfacet
  facet normal 0 1 0
    outer loop
      vertex -4.62689 4 2.97352
      vertex -0.925379 4 0.594705
      vertex -5.00298 4 2.28478
    endloop
  endfacet
  facet normal 0 1 -0
    outer loop
      vertex -1.0006 4 0.456956
      vertex -5.00298 4 2.28478
      vertex -0.925379 4 0.594705
    endloop
  endfacet
  facet normal 0 1 0
    outer loop
      vertex -5.00298 4 2.28478
      vertex -1.0006 4 0.456956
      vertex -5.27721 4 1.54953
    endloop
  endfacet
  facet normal 0 1 -0
    outer loop
      vertex -1.05544 4 0.309905
      vertex -5.27721 4 1.54953
      vertex -1.0006 4 0.456956
    endloop
  endfacet
  facet normal 0 1 0
    outer loop
      vertex -5.27721 4 1.54953
      vertex -1.05544 4 0.309905
      vertex -5.44402 4 0.782731
    endloop
  endfacet
  facet normal 0 1 -0
    outer loop
      vertex -1.0888 4 0.156546
      vertex -5.44402 4 0.782731
      vertex -1.05544 4 0.309905
    endloop
  endfacet
  facet normal 0 1 -0
    outer loop
      vertex -1.1 4 0
      vertex -5.44402 4 0.782731
      vertex -1.0888 4 0.156546
    endloop
  endfacet
  facet normal 0 1 0
    outer loop
      vertex -1.1 4 0
      vertex -5.5 4 0
      vertex -5.44402 4 0.782731
    endloop
  endfacet
  facet normal 0 1 0
    outer loop
      vertex -1.0888 4 -0.156546
      vertex -5.5 4 0
      vertex -1.1 4 0
    endloop
  endfacet
  facet normal 0 1 0
    outer loop
      vertex -5.44402 4 -0.782731
      vertex -1.0888 4 -0.156546
      vertex -1.05544 4 -0.309905
    endloop
  endfacet
  facet normal 0 1 0
    outer loop
      vertex -5.27721 4 -1.54953
      vertex -1.05544 4 -0.309905
      vertex -1.0006 4 -0.456956
    endloop
  endfacet
  facet normal 0 1 0
    outer loop
      vertex -5.00298 4 -2.28478
      vertex -1.0006 4 -0.456956
      vertex -0.925379 4 -0.594705
    endloop
  endfacet
  facet normal 0 1 0
    outer loop
      vertex -4.62689 4 -2.97352
      vertex -0.925379 4 -0.594705
      vertex -0.831324 4 -0.720346
    endloop
  endfacet
  facet normal 0 1 0
    outer loop
      vertex -1.0888 4 -0.156546
      vertex -5.44402 4 -0.782731
      vertex -5.5 4 0
    endloop
  endfacet
  facet normal 0 1 0
    outer loop
      vertex -4.15662 4 -3.60173
      vertex -0.831324 4 -0.720346
      vertex -0.720346 4 -0.831324
    endloop
  endfacet
  facet normal 0 1 0
    outer loop
      vertex -3.60173 4 -4.15662
      vertex -0.720346 4 -0.831324
      vertex -0.594705 4 -0.925379
    endloop
  endfacet
  facet normal 0 1 0
    outer loop
      vertex -2.97352 4 -4.62689
      vertex -0.594705 4 -0.925379
      vertex -0.456956 4 -1.0006
    endloop
  endfacet
  facet normal 0 1 0
    outer loop
      vertex -2.28478 4 -5.00298
      vertex -0.456956 4 -1.0006
      vertex -0.309905 4 -1.05544
    endloop
  endfacet
  facet normal 0 1 0
    outer loop
      vertex -1.54953 4 -5.27721
      vertex -0.309905 4 -1.05544
      vertex -0.156546 4 -1.0888
    endloop
  endfacet
  facet normal 0 1 0
    outer loop
      vertex -0.782731 4 -5.44402
      vertex -0.156546 4 -1.0888
      vertex 0 4 -1.1
    endloop
  endfacet
  facet normal 0 1 -0
    outer loop
      vertex 2.97352 4 -4.62689
      vertex 0.594705 4 -0.925379
      vertex 3.60173 4 -4.15662
    endloop
  endfacet
  facet normal 0 1 0
    outer loop
      vertex -1.05544 4 -0.309905
      vertex -5.27721 4 -1.54953
      vertex -5.44402 4 -0.782731
    endloop
  endfacet
  facet normal 0 1 0
    outer loop
      vertex 0.594705 4 -0.925379
      vertex 2.97352 4 -4.62689
      vertex 0.456956 4 -1.0006
    endloop
  endfacet
  facet normal 0 1 0
    outer loop
      vertex -1.0006 4 -0.456956
      vertex -5.00298 4 -2.28478
      vertex -5.27721 4 -1.54953
    endloop
  endfacet
  facet normal 0 1 -0
    outer loop
      vertex 2.28478 4 -5.00298
      vertex 0.456956 4 -1.0006
      vertex 2.97352 4 -4.62689
    endloop
  endfacet
  facet normal 0 1 0
    outer loop
      vertex -0.925379 4 -0.594705
      vertex -4.62689 4 -2.97352
      vertex -5.00298 4 -2.28478
    endloop
  endfacet
  facet normal 0 1 0
    outer loop
      vertex 0.456956 4 -1.0006
      vertex 2.28478 4 -5.00298
      vertex 0.309905 4 -1.05544
    endloop
  endfacet
  facet normal 0 1 0
    outer loop
      vertex -0.831324 4 -0.720346
      vertex -4.15662 4 -3.60173
      vertex -4.62689 4 -2.97352
    endloop
  endfacet
  facet normal 0 1 -0
    outer loop
      vertex 1.54953 4 -5.27721
      vertex 0.309905 4 -1.05544
      vertex 2.28478 4 -5.00298
    endloop
  endfacet
  facet normal 0 1 0
    outer loop
      vertex -0.720346 4 -0.831324
      vertex -3.60173 4 -4.15662
      vertex -4.15662 4 -3.60173
    endloop
  endfacet
  facet normal 0 1 0
    outer loop
      vertex 0.309905 4 -1.05544
      vertex 1.54953 4 -5.27721
      vertex 0.156546 4 -1.0888
    endloop
  endfacet
  facet normal 0 1 0
    outer loop
      vertex -0.594705 4 -0.925379
      vertex -2.97352 4 -4.62689
      vertex -3.60173 4 -4.15662
    endloop
  endfacet
  facet normal 0 1 -0
    outer loop
      vertex 0.782731 4 -5.44402
      vertex 0.156546 4 -1.0888
      vertex 1.54953 4 -5.27721
    endloop
  endfacet
  facet normal 0 1 0
    outer loop
      vertex -0.456956 4 -1.0006
      vertex -2.28478 4 -5.00298
      vertex -2.97352 4 -4.62689
    endloop
  endfacet
  facet normal 0 1 0
    outer loop
      vertex 0.156546 4 -1.0888
      vertex 0.782731 4 -5.44402
      vertex 0 4 -1.1
    endloop
  endfacet
  facet normal 0 1 0
    outer loop
      vertex -0.309905 4 -1.05544
      vertex -1.54953 4 -5.27721
      vertex -2.28478 4 -5.00298
    endloop
  endfacet
  facet normal 0 1 0
    outer loop
      vertex 0 4 -5.5
      vertex 0 4 -1.1
      vertex 0.782731 4 -5.44402
    endloop
  endfacet
  facet normal 0 1 0
    outer loop
      vertex -0.156546 4 -1.0888
      vertex -0.782731 4 -5.44402
      vertex -1.54953 4 -5.27721
    endloop
  endfacet
  facet normal 0 1 0
    outer loop
      vertex 0 4 -1.1
      vertex 0 4 -5.5
      vertex -0.782731 4 -5.44402
    endloop
  endfacet
  facet normal 0.800543 -0 0.599276
    outer loop
      vertex 4.15662 -4 3.60173
      vertex 4.62689 4 2.97352
      vertex 4.15662 4 3.60173
    endloop
  endfacet
  facet normal 0.800543 0 0.599276
    outer loop
      vertex 4.62689 4 2.97352
      vertex 4.15662 -4 3.60173
      vertex 4.62689 -4 2.97352
    endloop
  endfacet
  facet normal 0.34946 0 0.936951
    outer loop
      vertex 1.54953 4 5.27721
      vertex 2.28478 -4 5.00298
      vertex 2.28478 4 5.00298
    endloop
  endfacet
  facet normal 0.34946 0 0.936951
    outer loop
      vertex 2.28478 -4 5.00298
      vertex 1.54953 4 5.27721
      vertex 1.54953 -4 5.27721
    endloop
  endfacet
  facet normal -0.936951 0 0.34946
    outer loop
      vertex -5.27721 -4 1.54953
      vertex -5.00298 4 2.28478
      vertex -5.27721 4 1.54953
    endloop
  endfacet
  facet normal -0.936951 0 0.34946
    outer loop
      vertex -5.00298 4 2.28478
      vertex -5.27721 -4 1.54953
      vertex -5.00298 -4 2.28478
    endloop
  endfacet
  facet normal -0.800543 0 0.599276
    outer loop
      vertex -4.62689 -4 2.97352
      vertex -4.15662 4 3.60173
      vertex -4.62689 4 2.97352
    endloop
  endfacet
  facet normal -0.800543 0 0.599276
    outer loop
      vertex -4.15662 4 3.60173
      vertex -4.62689 -4 2.97352
      vertex -4.15662 -4 3.60173
    endloop
  endfacet
  facet normal 0 -1 0
    outer loop
      vertex 0 -4 1.1
      vertex 0 -4 5.5
      vertex -0.782731 -4 5.44402
    endloop
  endfacet
  facet normal 0 -1 0
    outer loop
      vertex -0.156546 -4 1.0888
      vertex -0.782731 -4 5.44402
      vertex -1.54953 -4 5.27721
    endloop
  endfacet
  facet normal 0 -1 0
    outer loop
      vertex 0 -4 5.5
      vertex 0 -4 1.1
      vertex 0.782731 -4 5.44402
    endloop
  endfacet
  facet normal 0 -1 0
    outer loop
      vertex -0.309905 -4 1.05544
      vertex -1.54953 -4 5.27721
      vertex -2.28478 -4 5.00298
    endloop
  endfacet
  facet normal 0 -1 0
    outer loop
      vertex 0.156546 -4 1.0888
      vertex 0.782731 -4 5.44402
      vertex 0 -4 1.1
    endloop
  endfacet
  facet normal 0 -1 0
    outer loop
      vertex -0.456956 -4 1.0006
      vertex -2.28478 -4 5.00298
      vertex -2.97352 -4 4.62689
    endloop
  endfacet
  facet normal 0 -1 -0
    outer loop
      vertex 0.782731 -4 5.44402
      vertex 0.156546 -4 1.0888
      vertex 1.54953 -4 5.27721
    endloop
  endfacet
  facet normal 0 -1 0
    outer loop
      vertex -0.594705 -4 0.925379
      vertex -2.97352 -4 4.62689
      vertex -3.60173 -4 4.15662
    endloop
  endfacet
  facet normal 0 -1 0
    outer loop
      vertex 0.309905 -4 1.05544
      vertex 1.54953 -4 5.27721
      vertex 0.156546 -4 1.0888
    endloop
  endfacet
  facet normal 0 -1 0
    outer loop
      vertex -0.720346 -4 0.831324
      vertex -3.60173 -4 4.15662
      vertex -4.15662 -4 3.60173
    endloop
  endfacet
  facet normal 0 -1 -0
    outer loop
      vertex 1.54953 -4 5.27721
      vertex 0.309905 -4 1.05544
      vertex 2.28478 -4 5.00298
    endloop
  endfacet
  facet normal 0 -1 0
    outer loop
      vertex -0.831324 -4 0.720346
      vertex -4.15662 -4 3.60173
      vertex -4.62689 -4 2.97352
    endloop
  endfacet
  facet normal 0 -1 0
    outer loop
      vertex 0.456956 -4 1.0006
      vertex 2.28478 -4 5.00298
      vertex 0.309905 -4 1.05544
    endloop
  endfacet
  facet normal 0 -1 0
    outer loop
      vertex -0.925379 -4 0.594705
      vertex -4.62689 -4 2.97352
      vertex -5.00298 -4 2.28478
    endloop
  endfacet
  facet normal 0 -1 -0
    outer loop
      vertex 2.28478 -4 5.00298
      vertex 0.456956 -4 1.0006
      vertex 2.97352 -4 4.62689
    endloop
  endfacet
  facet normal 0 -1 0
    outer loop
      vertex -1.0006 -4 0.456956
      vertex -5.00298 -4 2.28478
      vertex -5.27721 -4 1.54953
    endloop
  endfacet
  facet normal 0 -1 0
    outer loop
      vertex 0.594705 -4 0.925379
      vertex 2.97352 -4 4.62689
      vertex 0.456956 -4 1.0006
    endloop
  endfacet
  facet normal 0 -1 -0
    outer loop
      vertex 2.97352 -4 4.62689
      vertex 0.594705 -4 0.925379
      vertex 3.60173 -4 4.15662
    endloop
  endfacet
  facet normal 0 -1 0
    outer loop
      vertex -0.782731 -4 5.44402
      vertex -0.156546 -4 1.0888
      vertex 0 -4 1.1
    endloop
  endfacet
  facet normal 0 -1 0
    outer loop
      vertex -1.54953 -4 5.27721
      vertex -0.309905 -4 1.05544
      vertex -0.156546 -4 1.0888
    endloop
  endfacet
  facet normal 0 -1 0
    outer loop
      vertex -2.28478 -4 5.00298
      vertex -0.456956 -4 1.0006
      vertex -0.309905 -4 1.05544
    endloop
  endfacet
  facet normal 0 -1 0
    outer loop
      vertex -2.97352 -4 4.62689
      vertex -0.594705 -4 0.925379
      vertex -0.456956 -4 1.0006
    endloop
  endfacet
  facet normal 0 -1 0
    outer loop
      vertex -3.60173 -4 4.15662
      vertex -0.720346 -4 0.831324
      vertex -0.594705 -4 0.925379
    endloop
  endfacet
  facet normal 0 -1 0
    outer loop
      vertex -1.05544 -4 0.309905
      vertex -5.27721 -4 1.54953
      vertex -5.44402 -4 0.782731
    endloop
  endfacet
  facet normal 0 -1 0
    outer loop
      vertex -4.15662 -4 3.60173
      vertex -0.831324 -4 0.720346
      vertex -0.720346 -4 0.831324
    endloop
  endfacet
  facet normal 0 -1 0
    outer loop
      vertex -4.62689 -4 2.97352
      vertex -0.925379 -4 0.594705
      vertex -0.831324 -4 0.720346
    endloop
  endfacet
  facet normal 0 -1 0
    outer loop
      vertex -5.00298 -4 2.28478
      vertex -1.0006 -4 0.456956
      vertex -0.925379 -4 0.594705
    endloop
  endfacet
  facet normal 0 -1 0
    outer loop
      vertex -5.27721 -4 1.54953
      vertex -1.05544 -4 0.309905
      vertex -1.0006 -4 0.456956
    endloop
  endfacet
  facet normal 0 -1 0
    outer loop
      vertex -5.44402 -4 0.782731
      vertex -1.0888 -4 0.156546
      vertex -1.05544 -4 0.309905
    endloop
  endfacet
  facet normal 0 -1 0
    outer loop
      vertex -5.5 -4 0
      vertex -1.0888 -4 0.156546
      vertex -5.44402 -4 0.782731
    endloop
  endfacet
  facet normal 0 -1 0
    outer loop
      vertex -5.5 -4 0
      vertex -1.1 -4 0
      vertex -1.0888 -4 0.156546
    endloop
  endfacet
  facet normal 0 -1 0
    outer loop
      vertex -5.5 -4 0
      vertex -1.0888 -4 -0.156546
      vertex -1.1 -4 0
    endloop
  endfacet
  facet normal 0 -1 0
    outer loop
      vertex -5.44402 -4 -0.782731
      vertex -1.0888 -4 -0.156546
      vertex -5.5 -4 0
    endloop
  endfacet
  facet normal 0 -1 -0
    outer loop
      vertex -1.0888 -4 -0.156546
      vertex -5.44402 -4 -0.782731
      vertex -1.05544 -4 -0.309905
    endloop
  endfacet
  facet normal 0 -1 0
    outer loop
      vertex -5.27721 -4 -1.54953
      vertex -1.05544 -4 -0.309905
      vertex -5.44402 -4 -0.782731
    endloop
  endfacet
  facet normal 0 -1 -0
    outer loop
      vertex -1.05544 -4 -0.309905
      vertex -5.27721 -4 -1.54953
      vertex -1.0006 -4 -0.456956
    endloop
  endfacet
  facet normal 0 -1 0
    outer loop
      vertex -5.00298 -4 -2.28478
      vertex -1.0006 -4 -0.456956
      vertex -5.27721 -4 -1.54953
    endloop
  endfacet
  facet normal 0 -1 -0
    outer loop
      vertex -1.0006 -4 -0.456956
      vertex -5.00298 -4 -2.28478
      vertex -0.925379 -4 -0.594705
    endloop
  endfacet
  facet normal 0 -1 0
    outer loop
      vertex -4.62689 -4 -2.97352
      vertex -0.925379 -4 -0.594705
      vertex -5.00298 -4 -2.28478
    endloop
  endfacet
  facet normal 0 -1 -0
    outer loop
      vertex -0.925379 -4 -0.594705
      vertex -4.62689 -4 -2.97352
      vertex -0.831324 -4 -0.720346
    endloop
  endfacet
  facet normal 0 -1 0
    outer loop
      vertex -4.15662 -4 -3.60173
      vertex -0.831324 -4 -0.720346
      vertex -4.62689 -4 -2.97352
    endloop
  endfacet
  facet normal 0 -1 -0
    outer loop
      vertex -0.831324 -4 -0.720346
      vertex -4.15662 -4 -3.60173
      vertex -0.720346 -4 -0.831324
    endloop
  endfacet
  facet normal 0 -1 0
    outer loop
      vertex -3.60173 -4 -4.15662
      vertex -0.720346 -4 -0.831324
      vertex -4.15662 -4 -3.60173
    endloop
  endfacet
  facet normal 0 -1 -0
    outer loop
      vertex -0.720346 -4 -0.831324
      vertex -3.60173 -4 -4.15662
      vertex -0.594705 -4 -0.925379
    endloop
  endfacet
  facet normal 0 -1 0
    outer loop
      vertex 0.720346 -4 0.831324
      vertex 3.60173 -4 4.15662
      vertex 0.594705 -4 0.925379
    endloop
  endfacet
  facet normal 0 -1 -0
    outer loop
      vertex 3.60173 -4 4.15662
      vertex 0.720346 -4 0.831324
      vertex 4.15662 -4 3.60173
    endloop
  endfacet
  facet normal 0 -1 0
    outer loop
      vertex 0.831324 -4 0.720346
      vertex 4.15662 -4 3.60173
      vertex 0.720346 -4 0.831324
    endloop
  endfacet
  facet normal 0 -1 -0
    outer loop
      vertex 4.15662 -4 3.60173
      vertex 0.831324 -4 0.720346
      vertex 4.62689 -4 2.97352
    endloop
  endfacet
  facet normal 0 -1 0
    outer loop
      vertex 0.925379 -4 0.594705
      vertex 4.62689 -4 2.97352
      vertex 0.831324 -4 0.720346
    endloop
  endfacet
  facet normal 0 -1 -0
    outer loop
      vertex 4.62689 -4 2.97352
      vertex 0.925379 -4 0.594705
      vertex 5.00298 -4 2.28478
    endloop
  endfacet
  facet normal 0 -1 0
    outer loop
      vertex 1.0006 -4 0.456956
      vertex 5.00298 -4 2.28478
      vertex 0.925379 -4 0.594705
    endloop
  endfacet
  facet normal 0 -1 -0
    outer loop
      vertex 5.00298 -4 2.28478
      vertex 1.0006 -4 0.456956
      vertex 5.27721 -4 1.54953
    endloop
  endfacet
  facet normal 0 -1 0
    outer loop
      vertex 1.05544 -4 0.309905
      vertex 5.27721 -4 1.54953
      vertex 1.0006 -4 0.456956
    endloop
  endfacet
  facet normal 0 -1 -0
    outer loop
      vertex 5.27721 -4 1.54953
      vertex 1.05544 -4 0.309905
      vertex 5.44402 -4 0.782731
    endloop
  endfacet
  facet normal 0 -1 0
    outer loop
      vertex 1.0888 -4 0.156546
      vertex 5.44402 -4 0.782731
      vertex 1.05544 -4 0.309905
    endloop
  endfacet
  facet normal 0 -1 0
    outer loop
      vertex 1.1 -4 0
      vertex 5.44402 -4 0.782731
      vertex 1.0888 -4 0.156546
    endloop
  endfacet
  facet normal 0 -1 0
    outer loop
      vertex 1.1 -4 0
      vertex 5.5 -4 0
      vertex 5.44402 -4 0.782731
    endloop
  endfacet
  facet normal 0 -1 0
    outer loop
      vertex 1.0888 -4 -0.156546
      vertex 5.5 -4 0
      vertex 1.1 -4 0
    endloop
  endfacet
  facet normal 0 -1 0
    outer loop
      vertex 5.44402 -4 -0.782731
      vertex 1.0888 -4 -0.156546
      vertex 1.05544 -4 -0.309905
    endloop
  endfacet
  facet normal 0 -1 0
    outer loop
      vertex 5.27721 -4 -1.54953
      vertex 1.05544 -4 -0.309905
      vertex 1.0006 -4 -0.456956
    endloop
  endfacet
  facet normal 0 -1 0
    outer loop
      vertex 5.00298 -4 -2.28478
      vertex 1.0006 -4 -0.456956
      vertex 0.925379 -4 -0.594705
    endloop
  endfacet
  facet normal 0 -1 0
    outer loop
      vertex 4.62689 -4 -2.97352
      vertex 0.925379 -4 -0.594705
      vertex 0.831324 -4 -0.720346
    endloop
  endfacet
  facet normal 0 -1 0
    outer loop
      vertex 1.0888 -4 -0.156546
      vertex 5.44402 -4 -0.782731
      vertex 5.5 -4 0
    endloop
  endfacet
  facet normal 0 -1 0
    outer loop
      vertex 4.15662 -4 -3.60173
      vertex 0.831324 -4 -0.720346
      vertex 0.720346 -4 -0.831324
    endloop
  endfacet
  facet normal 0 -1 0
    outer loop
      vertex 3.60173 -4 -4.15662
      vertex 0.720346 -4 -0.831324
      vertex 0.594705 -4 -0.925379
    endloop
  endfacet
  facet normal 0 -1 0
    outer loop
      vertex 2.97352 -4 -4.62689
      vertex 0.594705 -4 -0.925379
      vertex 0.456956 -4 -1.0006
    endloop
  endfacet
  facet normal 0 -1 0
    outer loop
      vertex 2.28478 -4 -5.00298
      vertex 0.456956 -4 -1.0006
      vertex 0.309905 -4 -1.05544
    endloop
  endfacet
  facet normal 0 -1 0
    outer loop
      vertex 1.54953 -4 -5.27721
      vertex 0.309905 -4 -1.05544
      vertex 0.156546 -4 -1.0888
    endloop
  endfacet
  facet normal 0 -1 0
    outer loop
      vertex 0.782731 -4 -5.44402
      vertex 0.156546 -4 -1.0888
      vertex 0 -4 -1.1
    endloop
  endfacet
  facet normal 0 -1 0
    outer loop
      vertex -2.97352 -4 -4.62689
      vertex -0.594705 -4 -0.925379
      vertex -3.60173 -4 -4.15662
    endloop
  endfacet
  facet normal 0 -1 0
    outer loop
      vertex 1.05544 -4 -0.309905
      vertex 5.27721 -4 -1.54953
      vertex 5.44402 -4 -0.782731
    endloop
  endfacet
  facet normal 0 -1 -0
    outer loop
      vertex -0.594705 -4 -0.925379
      vertex -2.97352 -4 -4.62689
      vertex -0.456956 -4 -1.0006
    endloop
  endfacet
  facet normal 0 -1 0
    outer loop
      vertex 1.0006 -4 -0.456956
      vertex 5.00298 -4 -2.28478
      vertex 5.27721 -4 -1.54953
    endloop
  endfacet
  facet normal 0 -1 0
    outer loop
      vertex -2.28478 -4 -5.00298
      vertex -0.456956 -4 -1.0006
      vertex -2.97352 -4 -4.62689
    endloop
  endfacet
  facet normal 0 -1 0
    outer loop
      vertex 0.925379 -4 -0.594705
      vertex 4.62689 -4 -2.97352
      vertex 5.00298 -4 -2.28478
    endloop
  endfacet
  facet normal 0 -1 -0
    outer loop
      vertex -0.456956 -4 -1.0006
      vertex -2.28478 -4 -5.00298
      vertex -0.309905 -4 -1.05544
    endloop
  endfacet
  facet normal 0 -1 0
    outer loop
      vertex 0.831324 -4 -0.720346
      vertex 4.15662 -4 -3.60173
      vertex 4.62689 -4 -2.97352
    endloop
  endfacet
  facet normal 0 -1 0
    outer loop
      vertex -1.54953 -4 -5.27721
      vertex -0.309905 -4 -1.05544
      vertex -2.28478 -4 -5.00298
    endloop
  endfacet
  facet normal 0 -1 0
    outer loop
      vertex 0.720346 -4 -0.831324
      vertex 3.60173 -4 -4.15662
      vertex 4.15662 -4 -3.60173
    endloop
  endfacet
  facet normal 0 -1 -0
    outer loop
      vertex -0.309905 -4 -1.05544
      vertex -1.54953 -4 -5.27721
      vertex -0.156546 -4 -1.0888
    endloop
  endfacet
  facet normal 0 -1 0
    outer loop
      vertex 0.594705 -4 -0.925379
      vertex 2.97352 -4 -4.62689
      vertex 3.60173 -4 -4.15662
    endloop
  endfacet
  facet normal 0 -1 0
    outer loop
      vertex -0.782731 -4 -5.44402
      vertex -0.156546 -4 -1.0888
      vertex -1.54953 -4 -5.27721
    endloop
  endfacet
  facet normal 0 -1 0
    outer loop
      vertex 0.456956 -4 -1.0006
      vertex 2.28478 -4 -5.00298
      vertex 2.97352 -4 -4.62689
    endloop
  endfacet
  facet normal 0 -1 -0
    outer loop
      vertex -0.156546 -4 -1.0888
      vertex -0.782731 -4 -5.44402
      vertex 0 -4 -1.1
    endloop
  endfacet
  facet normal 0 -1 0
    outer loop
      vertex 0.309905 -4 -1.05544
      vertex 1.54953 -4 -5.27721
      vertex 2.28478 -4 -5.00298
    endloop
  endfacet
  facet normal 0 -1 0
    outer loop
      vertex 0 -4 -5.5
      vertex 0 -4 -1.1
      vertex -0.782731 -4 -5.44402
    endloop
  endfacet
  facet normal 0 -1 0
    outer loop
      vertex 0.156546 -4 -1.0888
      vertex 0.782731 -4 -5.44402
      vertex 1.54953 -4 -5.27721
    endloop
  endfacet
  facet normal 0 -1 0
    outer loop
      vertex 0 -4 -1.1
      vertex 0 -4 -5.5
      vertex 0.782731 -4 -5.44402
    endloop
  endfacet
  facet normal -0.479258 0 0.877674
    outer loop
      vertex -2.97352 4 4.62689
      vertex -2.28478 -4 5.00298
      vertex -2.28478 4 5.00298
    endloop
  endfacet
  facet normal -0.479258 0 0.877674
    outer loop
      vertex -2.28478 -4 5.00298
      vertex -2.97352 4 4.62689
      vertex -2.97352 -4 4.62689
    endloop
  endfacet
  facet normal -0.0712898 0 0.997456
    outer loop
      vertex 0 4 5.5
      vertex -0.0996199 -1.05712 5.49288
      vertex 0 -1.05 5.5
    endloop
  endfacet
  facet normal -0.0713366 9.26623e-07 0.997452
    outer loop
      vertex -0.782731 4 5.44402
      vertex -0.0996199 -1.05712 5.49288
      vertex 0 4 5.5
    endloop
  endfacet
  facet normal -0.07134 4.60459e-07 0.997452
    outer loop
      vertex -0.0996199 -1.05712 5.49288
      vertex -0.782731 4 5.44402
      vertex -0.197212 -1.07835 5.4859
    endloop
  endfacet
  facet normal -0.0714123 -7.90987e-06 0.997447
    outer loop
      vertex -0.197212 -1.07835 5.4859
      vertex -0.782731 4 5.44402
      vertex -0.29079 -1.11326 5.4792
    endloop
  endfacet
  facet normal -0.0713449 -1.39889e-06 0.997452
    outer loop
      vertex -0.29079 -1.11326 5.4792
      vertex -0.782731 4 5.44402
      vertex -0.378448 -1.16112 5.47293
    endloop
  endfacet
  facet normal -0.071357 -2.34864e-06 0.997451
    outer loop
      vertex -0.378448 -1.16112 5.47293
      vertex -0.782731 4 5.44402
      vertex -0.458402 -1.22097 5.46721
    endloop
  endfacet
  facet normal -0.071325 -3.49623e-07 0.997453
    outer loop
      vertex -0.458402 -1.22097 5.46721
      vertex -0.782731 4 5.44402
      vertex -0.529024 -1.2916 5.46216
    endloop
  endfacet
  facet normal -0.0713259 -3.9229e-07 0.997453
    outer loop
      vertex -0.529024 -1.2916 5.46216
      vertex -0.782731 4 5.44402
      vertex -0.588877 -1.37155 5.45788
    endloop
  endfacet
  facet normal -0.0712721 1.55829e-06 0.997457
    outer loop
      vertex -0.588877 -1.37155 5.45788
      vertex -0.782731 4 5.44402
      vertex -0.636742 -1.45921 5.45446
    endloop
  endfacet
  facet normal -0.0714383 -2.90941e-06 0.997445
    outer loop
      vertex -0.636742 -1.45921 5.45446
      vertex -0.782731 4 5.44402
      vertex -0.671644 -1.55279 5.45196
    endloop
  endfacet
  facet normal -0.0713726 -1.70382e-06 0.99745
    outer loop
      vertex -0.692875 -1.65038 5.45044
      vertex -0.782731 4 5.44402
      vertex -0.7 -1.75 5.44993
    endloop
  endfacet
  facet normal -0.0714008 -2.15478e-06 0.997448
    outer loop
      vertex -0.671644 -1.55279 5.45196
      vertex -0.782731 4 5.44402
      vertex -0.692875 -1.65038 5.45044
    endloop
  endfacet
  facet normal -0.0712898 0 0.997456
    outer loop
      vertex -0.0996199 -2.44287 5.49288
      vertex 0 -4 5.5
      vertex 0 -2.45 5.5
    endloop
  endfacet
  facet normal -0.0713407 -3.26929e-06 0.997452
    outer loop
      vertex -0.197212 -2.42164 5.4859
      vertex 0 -4 5.5
      vertex -0.0996199 -2.44287 5.49288
    endloop
  endfacet
  facet normal -0.0714066 2.33184e-05 0.997447
    outer loop
      vertex -0.782731 -4 5.44402
      vertex -0.197212 -2.42164 5.4859
      vertex -0.29079 -2.38674 5.4792
    endloop
  endfacet
  facet normal -0.0713435 4.00064e-06 0.997452
    outer loop
      vertex -0.782731 -4 5.44402
      vertex -0.29079 -2.38674 5.4792
      vertex -0.378448 -2.33888 5.47293
    endloop
  endfacet
  facet normal -0.0713539 6.53446e-06 0.997451
    outer loop
      vertex -0.782731 -4 5.44402
      vertex -0.378448 -2.33888 5.47293
      vertex -0.458402 -2.27902 5.46721
    endloop
  endfacet
  facet normal -0.0713244 9.47919e-07 0.997453
    outer loop
      vertex -0.782731 -4 5.44402
      vertex -0.458402 -2.27902 5.46721
      vertex -0.529024 -2.2084 5.46216
    endloop
  endfacet
  facet normal -0.071325 1.03675e-06 0.997453
    outer loop
      vertex -0.782731 -4 5.44402
      vertex -0.529024 -2.2084 5.46216
      vertex -0.588877 -2.12845 5.45788
    endloop
  endfacet
  facet normal -0.0712766 -4.0078e-06 0.997457
    outer loop
      vertex -0.782731 -4 5.44402
      vertex -0.588877 -2.12845 5.45788
      vertex -0.636742 -2.04079 5.45446
    endloop
  endfacet
  facet normal -0.0714268 7.2414e-06 0.997446
    outer loop
      vertex -0.782731 -4 5.44402
      vertex -0.636742 -2.04079 5.45446
      vertex -0.671644 -1.94721 5.45196
    endloop
  endfacet
  facet normal -0.0713366 -2.76174e-06 0.997452
    outer loop
      vertex -0.197212 -2.42164 5.4859
      vertex -0.782731 -4 5.44402
      vertex 0 -4 5.5
    endloop
  endfacet
  facet normal -0.0713873 5.09686e-06 0.997449
    outer loop
      vertex -0.692875 -1.84962 5.45044
      vertex -0.782731 -4 5.44402
      vertex -0.671644 -1.94721 5.45196
    endloop
  endfacet
  facet normal -0.0713482 3.45429e-06 0.997451
    outer loop
      vertex -0.7 -1.75 5.44993
      vertex -0.782731 -4 5.44402
      vertex -0.692875 -1.84962 5.45044
    endloop
  endfacet
  facet normal -0.0712548 0 0.997458
    outer loop
      vertex -0.782731 -4 5.44402
      vertex -0.7 -1.75 5.44993
      vertex -0.782731 4 5.44402
    endloop
  endfacet
  facet normal 0.349428 0 -0.936963
    outer loop
      vertex 2.22721 2.91171 -5.02445
      vertex 2.28478 4 -5.00298
      vertex 2.28478 2.87928 -5.00298
    endloop
  endfacet
  facet normal 0.349457 -1.69966e-06 -0.936953
    outer loop
      vertex 1.83206 3.0649 -5.17183
      vertex 2.28478 4 -5.00298
      vertex 2.22721 2.91171 -5.02445
    endloop
  endfacet
  facet normal 0.3495 1.06213e-05 -0.936936
    outer loop
      vertex 1.54953 4 -5.27721
      vertex 1.83206 3.0649 -5.17183
      vertex 1.71263 3.09235 -5.21638
    endloop
  endfacet
  facet normal 0.349448 0 -0.936956
    outer loop
      vertex 1.54953 4 -5.27721
      vertex 1.71263 3.09235 -5.21638
      vertex 1.54953 3.12985 -5.27721
    endloop
  endfacet
  facet normal 0.34946 -3.32939e-06 -0.936951
    outer loop
      vertex 1.83206 3.0649 -5.17183
      vertex 1.54953 4 -5.27721
      vertex 2.28478 4 -5.00298
    endloop
  endfacet
  facet normal 0.349428 0 -0.936963
    outer loop
      vertex 2.28478 -4 -5.00298
      vertex 2.22721 -2.91171 -5.02445
      vertex 2.28478 -2.87928 -5.00298
    endloop
  endfacet
  facet normal 0.349457 1.69966e-06 -0.936953
    outer loop
      vertex 2.28478 -4 -5.00298
      vertex 1.83206 -3.0649 -5.17183
      vertex 2.22721 -2.91171 -5.02445
    endloop
  endfacet
  facet normal 0.34946 3.32939e-06 -0.936951
    outer loop
      vertex 1.54953 -4 -5.27721
      vertex 1.83206 -3.0649 -5.17183
      vertex 2.28478 -4 -5.00298
    endloop
  endfacet
  facet normal 0.3495 -1.06213e-05 -0.936936
    outer loop
      vertex 1.83206 -3.0649 -5.17183
      vertex 1.54953 -4 -5.27721
      vertex 1.71263 -3.09235 -5.21638
    endloop
  endfacet
  facet normal 0.349448 0 -0.936956
    outer loop
      vertex 1.71263 -3.09235 -5.21638
      vertex 1.54953 -4 -5.27721
      vertex 1.54953 -3.12985 -5.27721
    endloop
  endfacet
  facet normal 0.479296 0 -0.877653
    outer loop
      vertex 2.93058 2.44092 -4.65034
      vertex 2.97352 4 -4.62689
      vertex 2.97352 2.39646 -4.62689
    endloop
  endfacet
  facet normal 0.479242 1.93036e-06 -0.877683
    outer loop
      vertex 2.59525 2.70191 -4.83344
      vertex 2.97352 4 -4.62689
      vertex 2.93058 2.44092 -4.65034
    endloop
  endfacet
  facet normal 0.479259 -4.60741e-06 -0.877673
    outer loop
      vertex 2.32929 2.85386 -4.97867
      vertex 2.97352 4 -4.62689
      vertex 2.59525 2.70191 -4.83344
    endloop
  endfacet
  facet normal 0.479316 -4.56266e-05 -0.877643
    outer loop
      vertex 2.28478 2.87928 -5.00298
      vertex 2.97352 4 -4.62689
      vertex 2.32929 2.85386 -4.97867
    endloop
  endfacet
  facet normal 0.479258 0 -0.877674
    outer loop
      vertex 2.97352 4 -4.62689
      vertex 2.28478 2.87928 -5.00298
      vertex 2.28478 4 -5.00298
    endloop
  endfacet
  facet normal 0.479296 0 -0.877653
    outer loop
      vertex 2.97352 -4 -4.62689
      vertex 2.93058 -2.44092 -4.65034
      vertex 2.97352 -2.39646 -4.62689
    endloop
  endfacet
  facet normal 0.479242 -1.93036e-06 -0.877683
    outer loop
      vertex 2.97352 -4 -4.62689
      vertex 2.59525 -2.70191 -4.83344
      vertex 2.93058 -2.44092 -4.65034
    endloop
  endfacet
  facet normal 0.479259 4.60741e-06 -0.877673
    outer loop
      vertex 2.97352 -4 -4.62689
      vertex 2.32929 -2.85386 -4.97867
      vertex 2.59525 -2.70191 -4.83344
    endloop
  endfacet
  facet normal 0.479258 3.89531e-06 -0.877674
    outer loop
      vertex 2.28478 -4 -5.00298
      vertex 2.32929 -2.85386 -4.97867
      vertex 2.97352 -4 -4.62689
    endloop
  endfacet
  facet normal 0.479336 0 -0.877632
    outer loop
      vertex 2.32929 -2.85386 -4.97867
      vertex 2.28478 -4 -5.00298
      vertex 2.28478 -2.87928 -5.00298
    endloop
  endfacet
  facet normal -0.349448 0 -0.936956
    outer loop
      vertex -1.71263 3.09235 -5.21638
      vertex -1.54953 4 -5.27721
      vertex -1.54953 3.12985 -5.27721
    endloop
  endfacet
  facet normal -0.3495 1.06213e-05 -0.936936
    outer loop
      vertex -1.83206 3.0649 -5.17183
      vertex -1.54953 4 -5.27721
      vertex -1.71263 3.09235 -5.21638
    endloop
  endfacet
  facet normal -0.349457 -1.69966e-06 -0.936953
    outer loop
      vertex -2.28478 4 -5.00298
      vertex -1.83206 3.0649 -5.17183
      vertex -2.22721 2.91171 -5.02445
    endloop
  endfacet
  facet normal -0.349428 -0 -0.936963
    outer loop
      vertex -2.28478 4 -5.00298
      vertex -2.22721 2.91171 -5.02445
      vertex -2.28478 2.87928 -5.00298
    endloop
  endfacet
  facet normal -0.34946 -3.32939e-06 -0.936951
    outer loop
      vertex -1.83206 3.0649 -5.17183
      vertex -2.28478 4 -5.00298
      vertex -1.54953 4 -5.27721
    endloop
  endfacet
  facet normal -0.349448 0 -0.936956
    outer loop
      vertex -1.54953 -4 -5.27721
      vertex -1.71263 -3.09235 -5.21638
      vertex -1.54953 -3.12985 -5.27721
    endloop
  endfacet
  facet normal -0.3495 -1.06213e-05 -0.936936
    outer loop
      vertex -1.54953 -4 -5.27721
      vertex -1.83206 -3.0649 -5.17183
      vertex -1.71263 -3.09235 -5.21638
    endloop
  endfacet
  facet normal -0.34946 3.32939e-06 -0.936951
    outer loop
      vertex -2.28478 -4 -5.00298
      vertex -1.83206 -3.0649 -5.17183
      vertex -1.54953 -4 -5.27721
    endloop
  endfacet
  facet normal -0.349457 1.69966e-06 -0.936953
    outer loop
      vertex -1.83206 -3.0649 -5.17183
      vertex -2.28478 -4 -5.00298
      vertex -2.22721 -2.91171 -5.02445
    endloop
  endfacet
  facet normal -0.349428 0 -0.936963
    outer loop
      vertex -2.22721 -2.91171 -5.02445
      vertex -2.28478 -4 -5.00298
      vertex -2.28478 -2.87928 -5.00298
    endloop
  endfacet
  facet normal -0.479336 0 -0.877632
    outer loop
      vertex -2.32929 2.85386 -4.97867
      vertex -2.28478 4 -5.00298
      vertex -2.28478 2.87928 -5.00298
    endloop
  endfacet
  facet normal -0.479259 -4.60741e-06 -0.877673
    outer loop
      vertex -2.97352 4 -4.62689
      vertex -2.32929 2.85386 -4.97867
      vertex -2.59525 2.70191 -4.83344
    endloop
  endfacet
  facet normal -0.479242 1.93036e-06 -0.877683
    outer loop
      vertex -2.97352 4 -4.62689
      vertex -2.59525 2.70191 -4.83344
      vertex -2.93058 2.44092 -4.65034
    endloop
  endfacet
  facet normal -0.479296 -0 -0.877653
    outer loop
      vertex -2.97352 4 -4.62689
      vertex -2.93058 2.44092 -4.65034
      vertex -2.97352 2.39646 -4.62689
    endloop
  endfacet
  facet normal -0.479258 -3.89531e-06 -0.877674
    outer loop
      vertex -2.32929 2.85386 -4.97867
      vertex -2.97352 4 -4.62689
      vertex -2.28478 4 -5.00298
    endloop
  endfacet
  facet normal -0.479336 0 -0.877632
    outer loop
      vertex -2.28478 -4 -5.00298
      vertex -2.32929 -2.85386 -4.97867
      vertex -2.28478 -2.87928 -5.00298
    endloop
  endfacet
  facet normal -0.479258 3.89531e-06 -0.877674
    outer loop
      vertex -2.97352 -4 -4.62689
      vertex -2.32929 -2.85386 -4.97867
      vertex -2.28478 -4 -5.00298
    endloop
  endfacet
  facet normal -0.479259 4.60741e-06 -0.877673
    outer loop
      vertex -2.32929 -2.85386 -4.97867
      vertex -2.97352 -4 -4.62689
      vertex -2.59525 -2.70191 -4.83344
    endloop
  endfacet
  facet normal -0.479242 -1.93036e-06 -0.877683
    outer loop
      vertex -2.59525 -2.70191 -4.83344
      vertex -2.97352 -4 -4.62689
      vertex -2.93058 -2.44092 -4.65034
    endloop
  endfacet
  facet normal -0.479296 0 -0.877653
    outer loop
      vertex -2.93058 -2.44092 -4.65034
      vertex -2.97352 -4 -4.62689
      vertex -2.97352 -2.39646 -4.62689
    endloop
  endfacet
  facet normal -0.877674 0 -0.479258
    outer loop
      vertex -4.62689 -4 -2.97352
      vertex -5.00298 4 -2.28478
      vertex -4.62689 4 -2.97352
    endloop
  endfacet
  facet normal -0.877674 -0 -0.479258
    outer loop
      vertex -5.00298 4 -2.28478
      vertex -4.62689 -4 -2.97352
      vertex -5.00298 -4 -2.28478
    endloop
  endfacet
  facet normal -0.800543 0 -0.599276
    outer loop
      vertex -4.15662 -4 -3.60173
      vertex -4.62689 4 -2.97352
      vertex -4.15662 4 -3.60173
    endloop
  endfacet
  facet normal -0.800543 -0 -0.599276
    outer loop
      vertex -4.62689 4 -2.97352
      vertex -4.15662 -4 -3.60173
      vertex -4.62689 -4 -2.97352
    endloop
  endfacet
  facet normal -0.936951 0 -0.34946
    outer loop
      vertex -5.00298 -4 -2.28478
      vertex -5.27721 4 -1.54953
      vertex -5.00298 4 -2.28478
    endloop
  endfacet
  facet normal -0.936951 -0 -0.34946
    outer loop
      vertex -5.27721 4 -1.54953
      vertex -5.00298 -4 -2.28478
      vertex -5.27721 -4 -1.54953
    endloop
  endfacet
  facet normal -0.997452 0 -0.0713366
    outer loop
      vertex -5.44402 -4 -0.782731
      vertex -5.5 4 0
      vertex -5.44402 4 -0.782731
    endloop
  endfacet
  facet normal -0.997452 -0 -0.0713366
    outer loop
      vertex -5.5 4 0
      vertex -5.44402 -4 -0.782731
      vertex -5.5 -4 0
    endloop
  endfacet
  facet normal 0.936951 -0 0.34946
    outer loop
      vertex 5.00298 -4 2.28478
      vertex 5.27721 4 1.54953
      vertex 5.00298 4 2.28478
    endloop
  endfacet
  facet normal 0.936951 0 0.34946
    outer loop
      vertex 5.27721 4 1.54953
      vertex 5.00298 -4 2.28478
      vertex 5.27721 -4 1.54953
    endloop
  endfacet
  facet normal 0.212569 0 0.977146
    outer loop
      vertex 0.782731 4 5.44402
      vertex 1.54953 -4 5.27721
      vertex 1.54953 4 5.27721
    endloop
  endfacet
  facet normal 0.212569 0 0.977146
    outer loop
      vertex 1.54953 -4 5.27721
      vertex 0.782731 4 5.44402
      vertex 0.782731 -4 5.44402
    endloop
  endfacet
  facet normal -0.977146 0 0.212569
    outer loop
      vertex -5.44402 -4 0.782731
      vertex -5.27721 4 1.54953
      vertex -5.44402 4 0.782731
    endloop
  endfacet
  facet normal -0.977146 0 0.212569
    outer loop
      vertex -5.27721 4 1.54953
      vertex -5.44402 -4 0.782731
      vertex -5.27721 -4 1.54953
    endloop
  endfacet
  facet normal 0.212563 0 -0.977147
    outer loop
      vertex 1.54953 -4 -5.27721
      vertex 1.41916 -3.15914 -5.30557
      vertex 1.54953 -3.12985 -5.27721
    endloop
  endfacet
  facet normal 0.212558 -9.38422e-07 -0.977149
    outer loop
      vertex 1.54953 -4 -5.27721
      vertex 0.995905 -3.19194 -5.39764
      vertex 1.41916 -3.15914 -5.30557
    endloop
  endfacet
  facet normal 0.212569 7.22693e-06 -0.977146
    outer loop
      vertex 0.782731 -4 -5.44402
      vertex 0.995905 -3.19194 -5.39764
      vertex 1.54953 -4 -5.27721
    endloop
  endfacet
  facet normal 0.212595 0 -0.97714
    outer loop
      vertex 0.995905 -3.19194 -5.39764
      vertex 0.782731 -4 -5.44402
      vertex 0.782731 -3.19307 -5.44402
    endloop
  endfacet
  facet normal 0.212563 0 -0.977147
    outer loop
      vertex 1.41916 3.15914 -5.30557
      vertex 1.54953 4 -5.27721
      vertex 1.54953 3.12985 -5.27721
    endloop
  endfacet
  facet normal 0.212558 9.38422e-07 -0.977149
    outer loop
      vertex 0.995905 3.19194 -5.39764
      vertex 1.54953 4 -5.27721
      vertex 1.41916 3.15914 -5.30557
    endloop
  endfacet
  facet normal 0.212595 0 -0.97714
    outer loop
      vertex 0.782731 4 -5.44402
      vertex 0.995905 3.19194 -5.39764
      vertex 0.782731 3.19307 -5.44402
    endloop
  endfacet
  facet normal 0.212569 -7.22693e-06 -0.977146
    outer loop
      vertex 0.995905 3.19194 -5.39764
      vertex 0.782731 4 -5.44402
      vertex 1.54953 4 -5.27721
    endloop
  endfacet
  facet normal 0.599279 0 -0.800541
    outer loop
      vertex 3.47385 1.78586 -4.25235
      vertex 3.60173 4 -4.15662
      vertex 3.60173 1.54232 -4.15662
    endloop
  endfacet
  facet normal 0.599285 -5.68914e-07 -0.800536
    outer loop
      vertex 3.28558 2.04834 -4.39329
      vertex 3.60173 4 -4.15662
      vertex 3.47385 1.78586 -4.25235
    endloop
  endfacet
  facet normal 0.5993 -4.49824e-06 -0.800524
    outer loop
      vertex 3.22479 2.13308 -4.4388
      vertex 3.60173 4 -4.15662
      vertex 3.28558 2.04834 -4.39329
    endloop
  endfacet
  facet normal 0.599299 -3.95565e-06 -0.800525
    outer loop
      vertex 3.15143 2.20999 -4.49372
      vertex 3.60173 4 -4.15662
      vertex 3.22479 2.13308 -4.4388
    endloop
  endfacet
  facet normal 0.599253 1.39452e-05 -0.80056
    outer loop
      vertex 2.97352 2.39646 -4.62689
      vertex 3.60173 4 -4.15662
      vertex 3.15143 2.20999 -4.49372
    endloop
  endfacet
  facet normal 0.599276 0 -0.800543
    outer loop
      vertex 3.60173 4 -4.15662
      vertex 2.97352 2.39646 -4.62689
      vertex 2.97352 4 -4.62689
    endloop
  endfacet
  facet normal 0.599279 0 -0.800541
    outer loop
      vertex 3.60173 -4 -4.15662
      vertex 3.47385 -1.78586 -4.25235
      vertex 3.60173 -1.54232 -4.15662
    endloop
  endfacet
  facet normal 0.599285 5.68914e-07 -0.800536
    outer loop
      vertex 3.60173 -4 -4.15662
      vertex 3.28558 -2.04834 -4.39329
      vertex 3.47385 -1.78586 -4.25235
    endloop
  endfacet
  facet normal 0.5993 4.49824e-06 -0.800524
    outer loop
      vertex 3.60173 -4 -4.15662
      vertex 3.22479 -2.13308 -4.4388
      vertex 3.28558 -2.04834 -4.39329
    endloop
  endfacet
  facet normal 0.599299 3.95565e-06 -0.800525
    outer loop
      vertex 3.60173 -4 -4.15662
      vertex 3.15143 -2.20999 -4.49372
      vertex 3.22479 -2.13308 -4.4388
    endloop
  endfacet
  facet normal 0.599276 0 -0.800543
    outer loop
      vertex 2.97352 -2.39646 -4.62689
      vertex 3.60173 -4 -4.15662
      vertex 2.97352 -4 -4.62689
    endloop
  endfacet
  facet normal 0.599253 -1.39452e-05 -0.80056
    outer loop
      vertex 3.60173 -4 -4.15662
      vertex 2.97352 -2.39646 -4.62689
      vertex 3.15143 -2.20999 -4.49372
    endloop
  endfacet
  facet normal 0.707107 0 -0.707107
    outer loop
      vertex 4.15662 4 -3.60173
      vertex 3.60173 1.54232 -4.15662
      vertex 3.60173 4 -4.15662
    endloop
  endfacet
  facet normal 0.707107 0 -0.707107
    outer loop
      vertex 4.15662 4 -3.60173
      vertex 3.62706 1.49345 -4.13129
      vertex 3.60173 1.54232 -4.15662
    endloop
  endfacet
  facet normal 0.707107 9.8304e-16 -0.707107
    outer loop
      vertex 4.15662 4 -3.60173
      vertex 3.67233 1.40612 -4.08602
      vertex 3.62706 1.49345 -4.13129
    endloop
  endfacet
  facet normal 0.707107 -1.72461e-16 -0.707107
    outer loop
      vertex 4.15662 4 -3.60173
      vertex 3.81616 1.00156 -3.94219
      vertex 3.67233 1.40612 -4.08602
    endloop
  endfacet
  facet normal 0.707107 0 -0.707107
    outer loop
      vertex 4.15662 4 -3.60173
      vertex 3.83523 0.909936 -3.92312
      vertex 3.81616 1.00156 -3.94219
    endloop
  endfacet
  facet normal 0.707072 7.1681e-06 -0.707141
    outer loop
      vertex 4.15662 4 -3.60173
      vertex 3.90364 0.581165 -3.85472
      vertex 3.83523 0.909936 -3.92312
    endloop
  endfacet
  facet normal 0.707172 -7.57916e-06 -0.707042
    outer loop
      vertex 4.15662 4 -3.60173
      vertex 3.93301 0.153506 -3.82534
      vertex 3.90364 0.581165 -3.85472
    endloop
  endfacet
  facet normal 0.707107 0 -0.707107
    outer loop
      vertex 4.15662 4 -3.60173
      vertex 3.93301 -0.153506 -3.82534
      vertex 3.93301 0.153506 -3.82534
    endloop
  endfacet
  facet normal 0.707107 0 -0.707107
    outer loop
      vertex 4.15662 -4 -3.60173
      vertex 3.93301 -0.153506 -3.82534
      vertex 4.15662 4 -3.60173
    endloop
  endfacet
  facet normal 0.707172 7.57916e-06 -0.707042
    outer loop
      vertex 4.15662 -4 -3.60173
      vertex 3.90364 -0.581165 -3.85472
      vertex 3.93301 -0.153506 -3.82534
    endloop
  endfacet
  facet normal 0.707072 -7.1681e-06 -0.707141
    outer loop
      vertex 4.15662 -4 -3.60173
      vertex 3.83523 -0.909936 -3.92312
      vertex 3.90364 -0.581165 -3.85472
    endloop
  endfacet
  facet normal 0.707107 0 -0.707107
    outer loop
      vertex 4.15662 -4 -3.60173
      vertex 3.81616 -1.00156 -3.94219
      vertex 3.83523 -0.909936 -3.92312
    endloop
  endfacet
  facet normal 0.707107 1.72461e-16 -0.707107
    outer loop
      vertex 4.15662 -4 -3.60173
      vertex 3.67233 -1.40612 -4.08602
      vertex 3.81616 -1.00156 -3.94219
    endloop
  endfacet
  facet normal 0.707107 -9.8304e-16 -0.707107
    outer loop
      vertex 4.15662 -4 -3.60173
      vertex 3.62706 -1.49345 -4.13129
      vertex 3.67233 -1.40612 -4.08602
    endloop
  endfacet
  facet normal 0.707107 0 -0.707107
    outer loop
      vertex 4.15662 -4 -3.60173
      vertex 3.60173 -1.54232 -4.15662
      vertex 3.62706 -1.49345 -4.13129
    endloop
  endfacet
  facet normal 0.707107 0 -0.707107
    outer loop
      vertex 3.60173 -1.54232 -4.15662
      vertex 4.15662 -4 -3.60173
      vertex 3.60173 -4 -4.15662
    endloop
  endfacet
  facet normal 0.977146 0 -0.212569
    outer loop
      vertex 5.44402 -4 -0.782731
      vertex 5.27721 4 -1.54953
      vertex 5.44402 4 -0.782731
    endloop
  endfacet
  facet normal 0.977146 0 -0.212569
    outer loop
      vertex 5.27721 4 -1.54953
      vertex 5.44402 -4 -0.782731
      vertex 5.27721 -4 -1.54953
    endloop
  endfacet
  facet normal 0.997452 0 -0.0713366
    outer loop
      vertex 5.5 -4 0
      vertex 5.44402 4 -0.782731
      vertex 5.5 4 0
    endloop
  endfacet
  facet normal 0.997452 0 -0.0713366
    outer loop
      vertex 5.44402 4 -0.782731
      vertex 5.5 -4 0
      vertex 5.44402 -4 -0.782731
    endloop
  endfacet
  facet normal -0.599276 0 -0.800543
    outer loop
      vertex -3.60173 -4 -4.15662
      vertex -2.97352 -2.39646 -4.62689
      vertex -2.97352 -4 -4.62689
    endloop
  endfacet
  facet normal -0.599253 -1.39452e-05 -0.80056
    outer loop
      vertex -2.97352 -2.39646 -4.62689
      vertex -3.60173 -4 -4.15662
      vertex -3.15143 -2.20999 -4.49372
    endloop
  endfacet
  facet normal -0.599299 3.95565e-06 -0.800525
    outer loop
      vertex -3.15143 -2.20999 -4.49372
      vertex -3.60173 -4 -4.15662
      vertex -3.22479 -2.13308 -4.4388
    endloop
  endfacet
  facet normal -0.5993 4.49824e-06 -0.800524
    outer loop
      vertex -3.22479 -2.13308 -4.4388
      vertex -3.60173 -4 -4.15662
      vertex -3.28558 -2.04834 -4.39329
    endloop
  endfacet
  facet normal -0.599285 5.68914e-07 -0.800536
    outer loop
      vertex -3.28558 -2.04834 -4.39329
      vertex -3.60173 -4 -4.15662
      vertex -3.47385 -1.78586 -4.25235
    endloop
  endfacet
  facet normal -0.599279 0 -0.800541
    outer loop
      vertex -3.47385 -1.78586 -4.25235
      vertex -3.60173 -4 -4.15662
      vertex -3.60173 -1.54232 -4.15662
    endloop
  endfacet
  facet normal -0.599253 1.39452e-05 -0.80056
    outer loop
      vertex -3.60173 4 -4.15662
      vertex -2.97352 2.39646 -4.62689
      vertex -3.15143 2.20999 -4.49372
    endloop
  endfacet
  facet normal -0.599299 -3.95565e-06 -0.800525
    outer loop
      vertex -3.60173 4 -4.15662
      vertex -3.15143 2.20999 -4.49372
      vertex -3.22479 2.13308 -4.4388
    endloop
  endfacet
  facet normal -0.5993 -4.49824e-06 -0.800524
    outer loop
      vertex -3.60173 4 -4.15662
      vertex -3.22479 2.13308 -4.4388
      vertex -3.28558 2.04834 -4.39329
    endloop
  endfacet
  facet normal -0.599285 -5.68914e-07 -0.800536
    outer loop
      vertex -3.60173 4 -4.15662
      vertex -3.28558 2.04834 -4.39329
      vertex -3.47385 1.78586 -4.25235
    endloop
  endfacet
  facet normal -0.599279 -0 -0.800541
    outer loop
      vertex -3.60173 4 -4.15662
      vertex -3.47385 1.78586 -4.25235
      vertex -3.60173 1.54232 -4.15662
    endloop
  endfacet
  facet normal -0.599276 0 -0.800543
    outer loop
      vertex -2.97352 2.39646 -4.62689
      vertex -3.60173 4 -4.15662
      vertex -2.97352 4 -4.62689
    endloop
  endfacet
  facet normal -0.212595 0 -0.97714
    outer loop
      vertex -0.995905 3.19194 -5.39764
      vertex -0.782731 4 -5.44402
      vertex -0.782731 3.19307 -5.44402
    endloop
  endfacet
  facet normal -0.212558 9.38422e-07 -0.977149
    outer loop
      vertex -1.54953 4 -5.27721
      vertex -0.995905 3.19194 -5.39764
      vertex -1.41916 3.15914 -5.30557
    endloop
  endfacet
  facet normal -0.212563 -0 -0.977147
    outer loop
      vertex -1.54953 4 -5.27721
      vertex -1.41916 3.15914 -5.30557
      vertex -1.54953 3.12985 -5.27721
    endloop
  endfacet
  facet normal -0.212569 -7.22693e-06 -0.977146
    outer loop
      vertex -0.995905 3.19194 -5.39764
      vertex -1.54953 4 -5.27721
      vertex -0.782731 4 -5.44402
    endloop
  endfacet
  facet normal -0.212595 0 -0.97714
    outer loop
      vertex -0.782731 -4 -5.44402
      vertex -0.995905 -3.19194 -5.39764
      vertex -0.782731 -3.19307 -5.44402
    endloop
  endfacet
  facet normal -0.212569 7.22693e-06 -0.977146
    outer loop
      vertex -1.54953 -4 -5.27721
      vertex -0.995905 -3.19194 -5.39764
      vertex -0.782731 -4 -5.44402
    endloop
  endfacet
  facet normal -0.212558 -9.38422e-07 -0.977149
    outer loop
      vertex -0.995905 -3.19194 -5.39764
      vertex -1.54953 -4 -5.27721
      vertex -1.41916 -3.15914 -5.30557
    endloop
  endfacet
  facet normal -0.212563 0 -0.977147
    outer loop
      vertex -1.41916 -3.15914 -5.30557
      vertex -1.54953 -4 -5.27721
      vertex -1.54953 -3.12985 -5.27721
    endloop
  endfacet
  facet normal -0.0713366 0 -0.997452
    outer loop
      vertex -0.782731 3.19307 -5.44402
      vertex 0 4 -5.5
      vertex 0 3.19444 -5.5
    endloop
  endfacet
  facet normal -0.0713366 0 -0.997452
    outer loop
      vertex 0 4 -5.5
      vertex -0.782731 3.19307 -5.44402
      vertex -0.782731 4 -5.44402
    endloop
  endfacet
  facet normal -0.0713366 0 -0.997452
    outer loop
      vertex -0.782731 -4 -5.44402
      vertex 0 -3.19444 -5.5
      vertex 0 -4 -5.5
    endloop
  endfacet
  facet normal -0.0713366 0 -0.997452
    outer loop
      vertex 0 -3.19444 -5.5
      vertex -0.782731 -4 -5.44402
      vertex -0.782731 -3.19307 -5.44402
    endloop
  endfacet
  facet normal -0.977146 0 -0.212569
    outer loop
      vertex -5.27721 -4 -1.54953
      vertex -5.44402 4 -0.782731
      vertex -5.27721 4 -1.54953
    endloop
  endfacet
  facet normal -0.977146 -0 -0.212569
    outer loop
      vertex -5.44402 4 -0.782731
      vertex -5.27721 -4 -1.54953
      vertex -5.44402 -4 -0.782731
    endloop
  endfacet
  facet normal 0.936951 0 -0.34946
    outer loop
      vertex 5.27721 -4 -1.54953
      vertex 5.00298 4 -2.28478
      vertex 5.27721 4 -1.54953
    endloop
  endfacet
  facet normal 0.936951 0 -0.34946
    outer loop
      vertex 5.00298 4 -2.28478
      vertex 5.27721 -4 -1.54953
      vertex 5.00298 -4 -2.28478
    endloop
  endfacet
  facet normal 0.997453 -0 0.0713327
    outer loop
      vertex 4.94911 -3.5 -19.2884
      vertex 5 3.5 -20
      vertex 4.94911 3.5 -19.2884
    endloop
  endfacet
  facet normal 0.997453 0 0.0713327
    outer loop
      vertex 5 3.5 -20
      vertex 4.94911 -3.5 -19.2884
      vertex 5 -3.5 -20
    endloop
  endfacet
  facet normal 0.977145 -0 0.212572
    outer loop
      vertex 4.79746 -3.5 -18.5913
      vertex 4.94911 3.5 -19.2884
      vertex 4.79746 3.5 -18.5913
    endloop
  endfacet
  facet normal 0.977145 0 0.212572
    outer loop
      vertex 4.94911 3.5 -19.2884
      vertex 4.79746 -3.5 -18.5913
      vertex 4.94911 -3.5 -19.2884
    endloop
  endfacet
  facet normal -0.997453 0 0.0713327
    outer loop
      vertex -5 -3.5 -20
      vertex -4.94911 3.5 -19.2884
      vertex -5 3.5 -20
    endloop
  endfacet
  facet normal -0.997453 0 0.0713327
    outer loop
      vertex -4.94911 3.5 -19.2884
      vertex -5 -3.5 -20
      vertex -4.94911 -3.5 -19.2884
    endloop
  endfacet
  facet normal 0.707072 -0 0.707142
    outer loop
      vertex 3.2743 2.81293 -16.2213
      vertex 3.77875 3.5 -16.7257
      vertex 3.2743 3.5 -16.2213
    endloop
  endfacet
  facet normal 0.706944 0.000187675 0.70727
    outer loop
      vertex 3.39838 2.72679 -16.3453
      vertex 3.77875 3.5 -16.7257
      vertex 3.2743 2.81293 -16.2213
    endloop
  endfacet
  facet normal 0.707201 -6.48279e-05 0.707013
    outer loop
      vertex 3.42687 2.70015 -16.3738
      vertex 3.77875 3.5 -16.7257
      vertex 3.39838 2.72679 -16.3453
    endloop
  endfacet
  facet normal 0.707113 1.25255e-05 0.707101
    outer loop
      vertex 3.71367 2.43183 -16.6606
      vertex 3.77875 3.5 -16.7257
      vertex 3.42687 2.70015 -16.3738
    endloop
  endfacet
  facet normal 0.707215 0 0.706998
    outer loop
      vertex 3.77875 3.5 -16.7257
      vertex 3.71367 2.43183 -16.6606
      vertex 3.77875 2.34996 -16.7257
    endloop
  endfacet
  facet normal 0.707201 6.48279e-05 0.707013
    outer loop
      vertex 3.77875 -3.5 -16.7257
      vertex 3.42687 -2.70015 -16.3738
      vertex 3.39838 -2.72679 -16.3453
    endloop
  endfacet
  facet normal 0.707072 0 0.707142
    outer loop
      vertex 3.77875 -3.5 -16.7257
      vertex 3.2743 -2.81293 -16.2213
      vertex 3.2743 -3.5 -16.2213
    endloop
  endfacet
  facet normal 0.706944 -0.000187675 0.70727
    outer loop
      vertex 3.2743 -2.81293 -16.2213
      vertex 3.77875 -3.5 -16.7257
      vertex 3.39838 -2.72679 -16.3453
    endloop
  endfacet
  facet normal 0.707113 -1.25255e-05 0.707101
    outer loop
      vertex 3.42687 -2.70015 -16.3738
      vertex 3.77875 -3.5 -16.7257
      vertex 3.71367 -2.43183 -16.6606
    endloop
  endfacet
  facet normal 0.707215 0 0.706998
    outer loop
      vertex 3.71367 -2.43183 -16.6606
      vertex 3.77875 -3.5 -16.7257
      vertex 3.77875 -2.34996 -16.7257
    endloop
  endfacet
  facet normal -0.707072 0 0.707142
    outer loop
      vertex -3.77875 3.5 -16.7257
      vertex -3.2743 2.81293 -16.2213
      vertex -3.2743 3.5 -16.2213
    endloop
  endfacet
  facet normal -0.706944 0.000187675 0.70727
    outer loop
      vertex -3.77875 3.5 -16.7257
      vertex -3.39838 2.72679 -16.3453
      vertex -3.2743 2.81293 -16.2213
    endloop
  endfacet
  facet normal -0.707201 -6.48279e-05 0.707013
    outer loop
      vertex -3.77875 3.5 -16.7257
      vertex -3.42687 2.70015 -16.3738
      vertex -3.39838 2.72679 -16.3453
    endloop
  endfacet
  facet normal -0.707113 1.25255e-05 0.707101
    outer loop
      vertex -3.77875 3.5 -16.7257
      vertex -3.71367 2.43183 -16.6606
      vertex -3.42687 2.70015 -16.3738
    endloop
  endfacet
  facet normal -0.707215 0 0.706998
    outer loop
      vertex -3.71367 2.43183 -16.6606
      vertex -3.77875 3.5 -16.7257
      vertex -3.77875 2.34996 -16.7257
    endloop
  endfacet
  facet normal -0.707113 -1.25255e-05 0.707101
    outer loop
      vertex -3.77875 -3.5 -16.7257
      vertex -3.42687 -2.70015 -16.3738
      vertex -3.71367 -2.43183 -16.6606
    endloop
  endfacet
  facet normal -0.707215 0 0.706998
    outer loop
      vertex -3.77875 -3.5 -16.7257
      vertex -3.71367 -2.43183 -16.6606
      vertex -3.77875 -2.34996 -16.7257
    endloop
  endfacet
  facet normal -0.707201 6.48279e-05 0.707013
    outer loop
      vertex -3.42687 -2.70015 -16.3738
      vertex -3.77875 -3.5 -16.7257
      vertex -3.39838 -2.72679 -16.3453
    endloop
  endfacet
  facet normal -0.706944 -0.000187675 0.70727
    outer loop
      vertex -3.77875 -3.5 -16.7257
      vertex -3.2743 -2.81293 -16.2213
      vertex -3.39838 -2.72679 -16.3453
    endloop
  endfacet
  facet normal -0.707072 0 0.707142
    outer loop
      vertex -3.2743 -2.81293 -16.2213
      vertex -3.77875 -3.5 -16.7257
      vertex -3.2743 -3.5 -16.2213
    endloop
  endfacet
  facet normal -0.349525 0 0.936927
    outer loop
      vertex -1.40866 3.5 -15.2025
      vertex -1.8212 3.40483 -15.3564
      vertex -1.40866 3.43015 -15.2025
    endloop
  endfacet
  facet normal -0.349455 -0.000347836 0.936953
    outer loop
      vertex -2.07708 3.5 -15.4518
      vertex -1.8212 3.40483 -15.3564
      vertex -1.40866 3.5 -15.2025
    endloop
  endfacet
  facet normal -0.349815 -0.0014528 0.936818
    outer loop
      vertex -1.8212 3.40483 -15.3564
      vertex -2.07708 3.5 -15.4518
      vertex -1.88301 3.39215 -15.3795
    endloop
  endfacet
  facet normal -0.349107 0 0.937083
    outer loop
      vertex -1.88301 3.39215 -15.3795
      vertex -2.07708 3.5 -15.4518
      vertex -2.07708 3.35233 -15.4518
    endloop
  endfacet
  facet normal -0.349525 0 0.936927
    outer loop
      vertex -1.8212 -3.40483 -15.3564
      vertex -1.40866 -3.5 -15.2025
      vertex -1.40866 -3.43015 -15.2025
    endloop
  endfacet
  facet normal -0.349815 0.0014528 0.936818
    outer loop
      vertex -2.07708 -3.5 -15.4518
      vertex -1.8212 -3.40483 -15.3564
      vertex -1.88301 -3.39215 -15.3795
    endloop
  endfacet
  facet normal -0.349107 0 0.937083
    outer loop
      vertex -2.07708 -3.5 -15.4518
      vertex -1.88301 -3.39215 -15.3795
      vertex -2.07708 -3.35233 -15.4518
    endloop
  endfacet
  facet normal -0.349455 0.000347836 0.936953
    outer loop
      vertex -1.8212 -3.40483 -15.3564
      vertex -2.07708 -3.5 -15.4518
      vertex -1.40866 -3.5 -15.2025
    endloop
  endfacet
  facet normal 0.0689559 0 -0.99762
    outer loop
      vertex 0.711574 -3.5 -24.9491
      vertex 0.7 -1.75 -24.9499
      vertex 0.711574 3.5 -24.9491
    endloop
  endfacet
  facet normal 0.0699146 6.37121e-06 -0.997553
    outer loop
      vertex 0.711574 -3.5 -24.9491
      vertex 0.692875 -1.84962 -24.9504
      vertex 0.7 -1.75 -24.9499
    endloop
  endfacet
  facet normal 0.0748618 6.27059e-05 -0.997194
    outer loop
      vertex 0.711574 -3.5 -24.9491
      vertex 0.671644 -1.94721 -24.952
      vertex 0.692875 -1.84962 -24.9504
    endloop
  endfacet
  facet normal 0.07151 -2.39459e-05 -0.99744
    outer loop
      vertex 0.711574 -3.5 -24.9491
      vertex 0.636742 -2.04079 -24.9545
      vertex 0.671644 -1.94721 -24.952
    endloop
  endfacet
  facet normal 0.0709507 -5.27717e-05 -0.99748
    outer loop
      vertex 0.711574 -3.5 -24.9491
      vertex 0.588877 -2.12845 -24.9579
      vertex 0.636742 -2.04079 -24.9545
    endloop
  endfacet
  facet normal 0.0716451 9.66704e-06 -0.99743
    outer loop
      vertex 0.711574 -3.5 -24.9491
      vertex 0.529024 -2.2084 -24.9622
      vertex 0.588877 -2.12845 -24.9579
    endloop
  endfacet
  facet normal 0.0707409 -0.000118793 -0.997495
    outer loop
      vertex 0.711574 -3.5 -24.9491
      vertex 0.458402 -2.27902 -24.9672
      vertex 0.529024 -2.2084 -24.9622
    endloop
  endfacet
  facet normal 0.0711374 -3.61478e-05 -0.997467
    outer loop
      vertex 0.711574 -3.5 -24.9491
      vertex 0.378448 -2.33888 -24.9729
      vertex 0.458402 -2.27902 -24.9672
    endloop
  endfacet
  facet normal 0.0716281 0.000105343 -0.997431
    outer loop
      vertex 0.711574 -3.5 -24.9491
      vertex 0.29079 -2.38674 -24.9792
      vertex 0.378448 -2.33888 -24.9729
    endloop
  endfacet
  facet normal 0.0714073 2.14406e-05 -0.997447
    outer loop
      vertex 0.711574 -3.5 -24.9491
      vertex 0.197212 -2.42164 -24.9859
      vertex 0.29079 -2.38674 -24.9792
    endloop
  endfacet
  facet normal 0.0713493 -6.3661e-06 -0.997451
    outer loop
      vertex 0 -3.5 -25
      vertex 0.197212 -2.42164 -24.9859
      vertex 0.711574 -3.5 -24.9491
    endloop
  endfacet
  facet normal 0.0715528 -4.37794e-05 -0.997437
    outer loop
      vertex 0.197212 -2.42164 -24.9859
      vertex 0 -3.5 -25
      vertex 0.0996199 -2.44287 -24.9929
    endloop
  endfacet
  facet normal 0.0710906 0 -0.99747
    outer loop
      vertex 0.0996199 -2.44287 -24.9929
      vertex 0 -3.5 -25
      vertex 0 -2.45 -25
    endloop
  endfacet
  facet normal 0.069972 -2.25074e-06 -0.997549
    outer loop
      vertex 0.692875 -1.65038 -24.9504
      vertex 0.711574 3.5 -24.9491
      vertex 0.7 -1.75 -24.9499
    endloop
  endfacet
  facet normal 0.0750534 -2.07926e-05 -0.99718
    outer loop
      vertex 0.671644 -1.55279 -24.952
      vertex 0.711574 3.5 -24.9491
      vertex 0.692875 -1.65038 -24.9504
    endloop
  endfacet
  facet normal 0.0714666 7.7031e-06 -0.997443
    outer loop
      vertex 0.636742 -1.45921 -24.9545
      vertex 0.711574 3.5 -24.9491
      vertex 0.671644 -1.55279 -24.952
    endloop
  endfacet
  facet normal 0.0708847 1.65293e-05 -0.997485
    outer loop
      vertex 0.588877 -1.37155 -24.9579
      vertex 0.711574 3.5 -24.9491
      vertex 0.636742 -1.45921 -24.9545
    endloop
  endfacet
  facet normal 0.0716541 -2.94774e-06 -0.99743
    outer loop
      vertex 0.529024 -1.2916 -24.9622
      vertex 0.711574 3.5 -24.9491
      vertex 0.588877 -1.37155 -24.9579
    endloop
  endfacet
  facet normal 0.0706577 3.52055e-05 -0.997501
    outer loop
      vertex 0.458402 -1.22097 -24.9672
      vertex 0.711574 3.5 -24.9491
      vertex 0.529024 -1.2916 -24.9622
    endloop
  endfacet
  facet normal 0.0711182 1.03834e-05 -0.997468
    outer loop
      vertex 0.378448 -1.16112 -24.9729
      vertex 0.711574 3.5 -24.9491
      vertex 0.458402 -1.22097 -24.9672
    endloop
  endfacet
  facet normal 0.0716695 -2.92123e-05 -0.997428
    outer loop
      vertex 0.29079 -1.11326 -24.9792
      vertex 0.711574 3.5 -24.9491
      vertex 0.378448 -1.16112 -24.9729
    endloop
  endfacet
  facet normal 0.0714131 -5.70909e-06 -0.997447
    outer loop
      vertex 0.197212 -1.07835 -24.9859
      vertex 0.711574 3.5 -24.9491
      vertex 0.29079 -1.11326 -24.9792
    endloop
  endfacet
  facet normal 0.071539 -1.99272e-05 -0.997438
    outer loop
      vertex 0.0996199 -1.05712 -24.9929
      vertex 0.711574 3.5 -24.9491
      vertex 0.197212 -1.07835 -24.9859
    endloop
  endfacet
  facet normal 0.0710906 0 -0.99747
    outer loop
      vertex 0 3.5 -25
      vertex 0.0996199 -1.05712 -24.9929
      vertex 0 -1.05 -25
    endloop
  endfacet
  facet normal 0.0713493 5.68361e-06 -0.997451
    outer loop
      vertex 0.0996199 -1.05712 -24.9929
      vertex 0 3.5 -25
      vertex 0.711574 3.5 -24.9491
    endloop
  endfacet
  facet normal 0.93695 -0 0.349464
    outer loop
      vertex 4.54816 -3.5 -17.9229
      vertex 4.79746 3.5 -18.5913
      vertex 4.54816 3.5 -17.9229
    endloop
  endfacet
  facet normal 0.93695 0 0.349464
    outer loop
      vertex 4.79746 3.5 -18.5913
      vertex 4.54816 -3.5 -17.9229
      vertex 4.79746 -3.5 -18.5913
    endloop
  endfacet
  facet normal 0.349107 0 0.937083
    outer loop
      vertex 2.07708 3.5 -15.4518
      vertex 1.88301 3.39215 -15.3795
      vertex 2.07708 3.35233 -15.4518
    endloop
  endfacet
  facet normal 0.349815 -0.0014528 0.936818
    outer loop
      vertex 2.07708 3.5 -15.4518
      vertex 1.8212 3.40483 -15.3564
      vertex 1.88301 3.39215 -15.3795
    endloop
  endfacet
  facet normal 0.349455 -0.000347836 0.936953
    outer loop
      vertex 1.40866 3.5 -15.2025
      vertex 1.8212 3.40483 -15.3564
      vertex 2.07708 3.5 -15.4518
    endloop
  endfacet
  facet normal 0.349525 0 0.936927
    outer loop
      vertex 1.8212 3.40483 -15.3564
      vertex 1.40866 3.5 -15.2025
      vertex 1.40866 3.43015 -15.2025
    endloop
  endfacet
  facet normal 0.349107 0 0.937083
    outer loop
      vertex 1.88301 -3.39215 -15.3795
      vertex 2.07708 -3.5 -15.4518
      vertex 2.07708 -3.35233 -15.4518
    endloop
  endfacet
  facet normal 0.349815 0.0014528 0.936818
    outer loop
      vertex 1.8212 -3.40483 -15.3564
      vertex 2.07708 -3.5 -15.4518
      vertex 1.88301 -3.39215 -15.3795
    endloop
  endfacet
  facet normal 0.349525 -0 0.936927
    outer loop
      vertex 1.40866 -3.5 -15.2025
      vertex 1.8212 -3.40483 -15.3564
      vertex 1.40866 -3.43015 -15.2025
    endloop
  endfacet
  facet normal 0.349455 0.000347836 0.936953
    outer loop
      vertex 1.8212 -3.40483 -15.3564
      vertex 1.40866 -3.5 -15.2025
      vertex 2.07708 -3.5 -15.4518
    endloop
  endfacet
  facet normal 0.478613 0 0.878026
    outer loop
      vertex 2.7032 3.5 -15.7937
      vertex 2.65697 3.17434 -15.7685
      vertex 2.7032 3.15026 -15.7937
    endloop
  endfacet
  facet normal 0.479255 -0.000118313 0.877676
    outer loop
      vertex 2.7032 3.5 -15.7937
      vertex 2.24697 3.31844 -15.5446
      vertex 2.65697 3.17434 -15.7685
    endloop
  endfacet
  facet normal 0.479263 -0.00014318 0.877672
    outer loop
      vertex 2.07708 3.5 -15.4518
      vertex 2.24697 3.31844 -15.5446
      vertex 2.7032 3.5 -15.7937
    endloop
  endfacet
  facet normal 0.47938 0 0.877607
    outer loop
      vertex 2.24697 3.31844 -15.5446
      vertex 2.07708 3.5 -15.4518
      vertex 2.07708 3.35233 -15.4518
    endloop
  endfacet
  facet normal 0.478613 0 0.878026
    outer loop
      vertex 2.65697 -3.17434 -15.7685
      vertex 2.7032 -3.5 -15.7937
      vertex 2.7032 -3.15026 -15.7937
    endloop
  endfacet
  facet normal 0.479255 0.000118313 0.877676
    outer loop
      vertex 2.24697 -3.31844 -15.5446
      vertex 2.7032 -3.5 -15.7937
      vertex 2.65697 -3.17434 -15.7685
    endloop
  endfacet
  facet normal 0.47938 -0 0.877607
    outer loop
      vertex 2.07708 -3.5 -15.4518
      vertex 2.24697 -3.31844 -15.5446
      vertex 2.07708 -3.35233 -15.4518
    endloop
  endfacet
  facet normal 0.479263 0.00014318 0.877672
    outer loop
      vertex 2.24697 -3.31844 -15.5446
      vertex 2.07708 -3.5 -15.4518
      vertex 2.7032 -3.5 -15.7937
    endloop
  endfacet
  facet normal -0.877671 0 0.479264
    outer loop
      vertex -4.54816 3.5 -17.9229
      vertex -4.20627 1.71426 -17.2968
      vertex -4.20627 3.5 -17.2968
    endloop
  endfacet
  facet normal -0.877683 -1.03997e-05 0.479241
    outer loop
      vertex -4.54816 3.5 -17.9229
      vertex -4.36172 1.33495 -17.5815
      vertex -4.20627 1.71426 -17.2968
    endloop
  endfacet
  facet normal -0.877669 -5.09359e-06 0.479267
    outer loop
      vertex -4.54816 3.5 -17.9229
      vertex -4.45859 0.92665 -17.7589
      vertex -4.36172 1.33495 -17.5815
    endloop
  endfacet
  facet normal -0.87774 -1.5857e-05 0.479137
    outer loop
      vertex -4.54816 3.5 -17.9229
      vertex -4.4599 0.921106 -17.7613
      vertex -4.45859 0.92665 -17.7589
    endloop
  endfacet
  facet normal -0.877711 -1.15402e-05 0.47919
    outer loop
      vertex -4.54816 3.5 -17.9229
      vertex -4.49287 0.495641 -17.8217
      vertex -4.4599 0.921106 -17.7613
    endloop
  endfacet
  facet normal -0.877567 0 0.479454
    outer loop
      vertex -4.54816 3.5 -17.9229
      vertex -4.49287 -0.495641 -17.8217
      vertex -4.49287 0.495641 -17.8217
    endloop
  endfacet
  facet normal -0.877567 0 0.479454
    outer loop
      vertex -4.54816 -3.5 -17.9229
      vertex -4.49287 -0.495641 -17.8217
      vertex -4.54816 3.5 -17.9229
    endloop
  endfacet
  facet normal -0.877711 1.15402e-05 0.47919
    outer loop
      vertex -4.54816 -3.5 -17.9229
      vertex -4.4599 -0.921106 -17.7613
      vertex -4.49287 -0.495641 -17.8217
    endloop
  endfacet
  facet normal -0.87774 1.5857e-05 0.479137
    outer loop
      vertex -4.54816 -3.5 -17.9229
      vertex -4.45859 -0.92665 -17.7589
      vertex -4.4599 -0.921106 -17.7613
    endloop
  endfacet
  facet normal -0.877669 5.09359e-06 0.479267
    outer loop
      vertex -4.54816 -3.5 -17.9229
      vertex -4.36172 -1.33495 -17.5815
      vertex -4.45859 -0.92665 -17.7589
    endloop
  endfacet
  facet normal -0.877683 1.03997e-05 0.479241
    outer loop
      vertex -4.54816 -3.5 -17.9229
      vertex -4.20627 -1.71426 -17.2968
      vertex -4.36172 -1.33495 -17.5815
    endloop
  endfacet
  facet normal -0.877671 0 0.479264
    outer loop
      vertex -4.20627 -1.71426 -17.2968
      vertex -4.54816 -3.5 -17.9229
      vertex -4.20627 -3.5 -17.2968
    endloop
  endfacet
  facet normal -0.800541 0 0.599278
    outer loop
      vertex -4.20627 3.5 -17.2968
      vertex -3.77875 2.34996 -16.7257
      vertex -3.77875 3.5 -16.7257
    endloop
  endfacet
  facet normal -0.800539 2.1979e-06 0.59928
    outer loop
      vertex -4.20627 3.5 -17.2968
      vertex -3.96837 2.1164 -16.979
      vertex -3.77875 2.34996 -16.7257
    endloop
  endfacet
  facet normal -0.800172 0.000177708 0.59977
    outer loop
      vertex -4.20627 3.5 -17.2968
      vertex -3.98374 2.09746 -16.9995
      vertex -3.96837 2.1164 -16.979
    endloop
  endfacet
  facet normal -0.80155 -0.00043123 0.597928
    outer loop
      vertex -4.20627 3.5 -17.2968
      vertex -3.99559 2.0773 -17.0154
      vertex -3.98374 2.09746 -16.9995
    endloop
  endfacet
  facet normal -0.800494 4.50428e-06 0.599341
    outer loop
      vertex -4.20627 3.5 -17.2968
      vertex -4.20044 1.72885 -17.289
      vertex -3.99559 2.0773 -17.0154
    endloop
  endfacet
  facet normal -0.800985 0 0.598685
    outer loop
      vertex -4.20044 1.72885 -17.289
      vertex -4.20627 3.5 -17.2968
      vertex -4.20627 1.71426 -17.2968
    endloop
  endfacet
  facet normal -0.800985 0 0.598685
    outer loop
      vertex -4.20627 -3.5 -17.2968
      vertex -4.20044 -1.72885 -17.289
      vertex -4.20627 -1.71426 -17.2968
    endloop
  endfacet
  facet normal -0.800494 -4.50428e-06 0.599341
    outer loop
      vertex -4.20627 -3.5 -17.2968
      vertex -3.99559 -2.0773 -17.0154
      vertex -4.20044 -1.72885 -17.289
    endloop
  endfacet
  facet normal -0.80155 0.00043123 0.597928
    outer loop
      vertex -4.20627 -3.5 -17.2968
      vertex -3.98374 -2.09746 -16.9995
      vertex -3.99559 -2.0773 -17.0154
    endloop
  endfacet
  facet normal -0.800172 -0.000177708 0.59977
    outer loop
      vertex -4.20627 -3.5 -17.2968
      vertex -3.96837 -2.1164 -16.979
      vertex -3.98374 -2.09746 -16.9995
    endloop
  endfacet
  facet normal -0.800539 -2.1979e-06 0.59928
    outer loop
      vertex -4.20627 -3.5 -17.2968
      vertex -3.77875 -2.34996 -16.7257
      vertex -3.96837 -2.1164 -16.979
    endloop
  endfacet
  facet normal -0.800541 0 0.599278
    outer loop
      vertex -3.77875 -2.34996 -16.7257
      vertex -4.20627 -3.5 -17.2968
      vertex -3.77875 -3.5 -16.7257
    endloop
  endfacet
  facet normal -0.212524 0 0.977156
    outer loop
      vertex -0.711574 3.5 -15.0509
      vertex -1.38792 3.43151 -15.198
      vertex -0.711574 3.42791 -15.0509
    endloop
  endfacet
  facet normal -0.212509 -0.000149347 0.977159
    outer loop
      vertex -1.40866 3.5 -15.2025
      vertex -1.38792 3.43151 -15.198
      vertex -0.711574 3.5 -15.0509
    endloop
  endfacet
  facet normal -0.212038 0 0.977261
    outer loop
      vertex -1.38792 3.43151 -15.198
      vertex -1.40866 3.5 -15.2025
      vertex -1.40866 3.43015 -15.2025
    endloop
  endfacet
  facet normal -0.212524 0 0.977156
    outer loop
      vertex -1.38792 -3.43151 -15.198
      vertex -0.711574 -3.5 -15.0509
      vertex -0.711574 -3.42791 -15.0509
    endloop
  endfacet
  facet normal -0.212038 0 0.977261
    outer loop
      vertex -1.40866 -3.5 -15.2025
      vertex -1.38792 -3.43151 -15.198
      vertex -1.40866 -3.43015 -15.2025
    endloop
  endfacet
  facet normal -0.212509 0.000149347 0.977159
    outer loop
      vertex -1.38792 -3.43151 -15.198
      vertex -1.40866 -3.5 -15.2025
      vertex -0.711574 -3.5 -15.0509
    endloop
  endfacet
  facet normal 0.977145 0 -0.212572
    outer loop
      vertex 4.94911 -3.5 -20.7116
      vertex 4.79746 3.5 -21.4087
      vertex 4.94911 3.5 -20.7116
    endloop
  endfacet
  facet normal 0.977145 0 -0.212572
    outer loop
      vertex 4.79746 3.5 -21.4087
      vertex 4.94911 -3.5 -20.7116
      vertex 4.79746 -3.5 -21.4087
    endloop
  endfacet
  facet normal -0.707072 0 -0.707142
    outer loop
      vertex -3.2743 -3.5 -23.7787
      vertex -3.77875 3.5 -23.2743
      vertex -3.2743 3.5 -23.7787
    endloop
  endfacet
  facet normal -0.707072 -0 -0.707142
    outer loop
      vertex -3.77875 3.5 -23.2743
      vertex -3.2743 -3.5 -23.7787
      vertex -3.77875 -3.5 -23.2743
    endloop
  endfacet
  facet normal -0.997453 0 -0.0713327
    outer loop
      vertex -4.94911 -3.5 -20.7116
      vertex -5 3.5 -20
      vertex -4.94911 3.5 -20.7116
    endloop
  endfacet
  facet normal -0.997453 -0 -0.0713327
    outer loop
      vertex -5 3.5 -20
      vertex -4.94911 -3.5 -20.7116
      vertex -5 -3.5 -20
    endloop
  endfacet
  facet normal 0.800541 -0 0.599278
    outer loop
      vertex 3.77875 2.34996 -16.7257
      vertex 4.20627 3.5 -17.2968
      vertex 3.77875 3.5 -16.7257
    endloop
  endfacet
  facet normal 0.800539 2.1979e-06 0.59928
    outer loop
      vertex 3.96837 2.1164 -16.979
      vertex 4.20627 3.5 -17.2968
      vertex 3.77875 2.34996 -16.7257
    endloop
  endfacet
  facet normal 0.800172 0.000177708 0.59977
    outer loop
      vertex 3.98374 2.09746 -16.9995
      vertex 4.20627 3.5 -17.2968
      vertex 3.96837 2.1164 -16.979
    endloop
  endfacet
  facet normal 0.80155 -0.00043123 0.597928
    outer loop
      vertex 3.99559 2.0773 -17.0154
      vertex 4.20627 3.5 -17.2968
      vertex 3.98374 2.09746 -16.9995
    endloop
  endfacet
  facet normal 0.800494 4.50428e-06 0.599341
    outer loop
      vertex 4.20044 1.72885 -17.289
      vertex 4.20627 3.5 -17.2968
      vertex 3.99559 2.0773 -17.0154
    endloop
  endfacet
  facet normal 0.800985 0 0.598685
    outer loop
      vertex 4.20627 3.5 -17.2968
      vertex 4.20044 1.72885 -17.289
      vertex 4.20627 1.71426 -17.2968
    endloop
  endfacet
  facet normal 0.800541 0 0.599278
    outer loop
      vertex 4.20627 -3.5 -17.2968
      vertex 3.77875 -2.34996 -16.7257
      vertex 3.77875 -3.5 -16.7257
    endloop
  endfacet
  facet normal 0.800539 -2.1979e-06 0.59928
    outer loop
      vertex 3.77875 -2.34996 -16.7257
      vertex 4.20627 -3.5 -17.2968
      vertex 3.96837 -2.1164 -16.979
    endloop
  endfacet
  facet normal 0.800172 -0.000177708 0.59977
    outer loop
      vertex 3.96837 -2.1164 -16.979
      vertex 4.20627 -3.5 -17.2968
      vertex 3.98374 -2.09746 -16.9995
    endloop
  endfacet
  facet normal 0.80155 0.00043123 0.597928
    outer loop
      vertex 3.98374 -2.09746 -16.9995
      vertex 4.20627 -3.5 -17.2968
      vertex 3.99559 -2.0773 -17.0154
    endloop
  endfacet
  facet normal 0.800494 -4.50428e-06 0.599341
    outer loop
      vertex 3.99559 -2.0773 -17.0154
      vertex 4.20627 -3.5 -17.2968
      vertex 4.20044 -1.72885 -17.289
    endloop
  endfacet
  facet normal 0.800985 0 0.598685
    outer loop
      vertex 4.20044 -1.72885 -17.289
      vertex 4.20627 -3.5 -17.2968
      vertex 4.20627 -1.71426 -17.2968
    endloop
  endfacet
  facet normal 0.877671 -0 0.479264
    outer loop
      vertex 4.20627 1.71426 -17.2968
      vertex 4.54816 3.5 -17.9229
      vertex 4.20627 3.5 -17.2968
    endloop
  endfacet
  facet normal 0.877683 -1.03997e-05 0.479241
    outer loop
      vertex 4.36172 1.33495 -17.5815
      vertex 4.54816 3.5 -17.9229
      vertex 4.20627 1.71426 -17.2968
    endloop
  endfacet
  facet normal 0.877669 -5.09359e-06 0.479267
    outer loop
      vertex 4.45859 0.92665 -17.7589
      vertex 4.54816 3.5 -17.9229
      vertex 4.36172 1.33495 -17.5815
    endloop
  endfacet
  facet normal 0.87774 -1.5857e-05 0.479137
    outer loop
      vertex 4.4599 0.921106 -17.7613
      vertex 4.54816 3.5 -17.9229
      vertex 4.45859 0.92665 -17.7589
    endloop
  endfacet
  facet normal 0.877711 -1.15402e-05 0.47919
    outer loop
      vertex 4.49287 0.495641 -17.8217
      vertex 4.54816 3.5 -17.9229
      vertex 4.4599 0.921106 -17.7613
    endloop
  endfacet
  facet normal 0.877567 -0 0.479454
    outer loop
      vertex 4.49287 -0.495641 -17.8217
      vertex 4.54816 3.5 -17.9229
      vertex 4.49287 0.495641 -17.8217
    endloop
  endfacet
  facet normal 0.877671 0 0.479264
    outer loop
      vertex 4.54816 -3.5 -17.9229
      vertex 4.20627 -1.71426 -17.2968
      vertex 4.20627 -3.5 -17.2968
    endloop
  endfacet
  facet normal 0.877683 1.03997e-05 0.479241
    outer loop
      vertex 4.20627 -1.71426 -17.2968
      vertex 4.54816 -3.5 -17.9229
      vertex 4.36172 -1.33495 -17.5815
    endloop
  endfacet
  facet normal 0.877669 5.09359e-06 0.479267
    outer loop
      vertex 4.36172 -1.33495 -17.5815
      vertex 4.54816 -3.5 -17.9229
      vertex 4.45859 -0.92665 -17.7589
    endloop
  endfacet
  facet normal 0.877567 0 0.479454
    outer loop
      vertex 4.49287 -0.495641 -17.8217
      vertex 4.54816 -3.5 -17.9229
      vertex 4.54816 3.5 -17.9229
    endloop
  endfacet
  facet normal 0.877711 1.15402e-05 0.47919
    outer loop
      vertex 4.4599 -0.921106 -17.7613
      vertex 4.54816 -3.5 -17.9229
      vertex 4.49287 -0.495641 -17.8217
    endloop
  endfacet
  facet normal 0.87774 1.5857e-05 0.479137
    outer loop
      vertex 4.45859 -0.92665 -17.7589
      vertex 4.54816 -3.5 -17.9229
      vertex 4.4599 -0.921106 -17.7613
    endloop
  endfacet
  facet normal 0.212038 0 0.977261
    outer loop
      vertex 1.40866 3.5 -15.2025
      vertex 1.38792 3.43151 -15.198
      vertex 1.40866 3.43015 -15.2025
    endloop
  endfacet
  facet normal 0.212509 -0.000149347 0.977159
    outer loop
      vertex 0.711574 3.5 -15.0509
      vertex 1.38792 3.43151 -15.198
      vertex 1.40866 3.5 -15.2025
    endloop
  endfacet
  facet normal 0.212524 0 0.977156
    outer loop
      vertex 1.38792 3.43151 -15.198
      vertex 0.711574 3.5 -15.0509
      vertex 0.711574 3.42791 -15.0509
    endloop
  endfacet
  facet normal 0.212038 0 0.977261
    outer loop
      vertex 1.38792 -3.43151 -15.198
      vertex 1.40866 -3.5 -15.2025
      vertex 1.40866 -3.43015 -15.2025
    endloop
  endfacet
  facet normal 0.212524 -0 0.977156
    outer loop
      vertex 0.711574 -3.5 -15.0509
      vertex 1.38792 -3.43151 -15.198
      vertex 0.711574 -3.42791 -15.0509
    endloop
  endfacet
  facet normal 0.212509 0.000149347 0.977159
    outer loop
      vertex 1.38792 -3.43151 -15.198
      vertex 0.711574 -3.5 -15.0509
      vertex 1.40866 -3.5 -15.2025
    endloop
  endfacet
  facet normal 0.599505 0 0.800371
    outer loop
      vertex 3.2743 3.5 -16.2213
      vertex 3.04387 2.97606 -16.0487
      vertex 3.2743 2.81293 -16.2213
    endloop
  endfacet
  facet normal 0.598903 0.000413066 0.800821
    outer loop
      vertex 3.2743 3.5 -16.2213
      vertex 3.0012 2.99788 -16.0168
      vertex 3.04387 2.97606 -16.0487
    endloop
  endfacet
  facet normal 0.599349 3.45865e-05 0.800488
    outer loop
      vertex 2.7032 3.5 -15.7937
      vertex 3.0012 2.99788 -16.0168
      vertex 3.2743 3.5 -16.2213
    endloop
  endfacet
  facet normal 0.599312 0 0.800515
    outer loop
      vertex 3.0012 2.99788 -16.0168
      vertex 2.7032 3.5 -15.7937
      vertex 2.7032 3.15026 -15.7937
    endloop
  endfacet
  facet normal 0.599505 0 0.800371
    outer loop
      vertex 3.04387 -2.97606 -16.0487
      vertex 3.2743 -3.5 -16.2213
      vertex 3.2743 -2.81293 -16.2213
    endloop
  endfacet
  facet normal 0.598903 -0.000413066 0.800821
    outer loop
      vertex 3.0012 -2.99788 -16.0168
      vertex 3.2743 -3.5 -16.2213
      vertex 3.04387 -2.97606 -16.0487
    endloop
  endfacet
  facet normal 0.599312 -0 0.800515
    outer loop
      vertex 2.7032 -3.5 -15.7937
      vertex 3.0012 -2.99788 -16.0168
      vertex 2.7032 -3.15026 -15.7937
    endloop
  endfacet
  facet normal 0.599349 -3.45865e-05 0.800488
    outer loop
      vertex 3.0012 -2.99788 -16.0168
      vertex 2.7032 -3.5 -15.7937
      vertex 3.2743 -3.5 -16.2213
    endloop
  endfacet
  facet normal -0.93695 0 0.349464
    outer loop
      vertex -4.79746 -3.5 -18.5913
      vertex -4.54816 3.5 -17.9229
      vertex -4.79746 3.5 -18.5913
    endloop
  endfacet
  facet normal -0.93695 0 0.349464
    outer loop
      vertex -4.54816 3.5 -17.9229
      vertex -4.79746 -3.5 -18.5913
      vertex -4.54816 -3.5 -17.9229
    endloop
  endfacet
  facet normal -0.977145 0 0.212572
    outer loop
      vertex -4.94911 -3.5 -19.2884
      vertex -4.79746 3.5 -18.5913
      vertex -4.94911 3.5 -19.2884
    endloop
  endfacet
  facet normal -0.977145 0 0.212572
    outer loop
      vertex -4.79746 3.5 -18.5913
      vertex -4.94911 -3.5 -19.2884
      vertex -4.79746 -3.5 -18.5913
    endloop
  endfacet
  facet normal -0.47938 0 0.877607
    outer loop
      vertex -2.07708 3.5 -15.4518
      vertex -2.24697 3.31844 -15.5446
      vertex -2.07708 3.35233 -15.4518
    endloop
  endfacet
  facet normal -0.479263 -0.00014318 0.877672
    outer loop
      vertex -2.7032 3.5 -15.7937
      vertex -2.24697 3.31844 -15.5446
      vertex -2.07708 3.5 -15.4518
    endloop
  endfacet
  facet normal -0.479255 -0.000118313 0.877676
    outer loop
      vertex -2.24697 3.31844 -15.5446
      vertex -2.7032 3.5 -15.7937
      vertex -2.65697 3.17434 -15.7685
    endloop
  endfacet
  facet normal -0.478613 0 0.878026
    outer loop
      vertex -2.65697 3.17434 -15.7685
      vertex -2.7032 3.5 -15.7937
      vertex -2.7032 3.15026 -15.7937
    endloop
  endfacet
  facet normal -0.47938 0 0.877607
    outer loop
      vertex -2.24697 -3.31844 -15.5446
      vertex -2.07708 -3.5 -15.4518
      vertex -2.07708 -3.35233 -15.4518
    endloop
  endfacet
  facet normal -0.479255 0.000118313 0.877676
    outer loop
      vertex -2.7032 -3.5 -15.7937
      vertex -2.24697 -3.31844 -15.5446
      vertex -2.65697 -3.17434 -15.7685
    endloop
  endfacet
  facet normal -0.478613 0 0.878026
    outer loop
      vertex -2.7032 -3.5 -15.7937
      vertex -2.65697 -3.17434 -15.7685
      vertex -2.7032 -3.15026 -15.7937
    endloop
  endfacet
  facet normal -0.479263 0.00014318 0.877672
    outer loop
      vertex -2.24697 -3.31844 -15.5446
      vertex -2.7032 -3.5 -15.7937
      vertex -2.07708 -3.5 -15.4518
    endloop
  endfacet
  facet normal -0.599312 0 0.800515
    outer loop
      vertex -3.0012 -2.99788 -16.0168
      vertex -2.7032 -3.5 -15.7937
      vertex -2.7032 -3.15026 -15.7937
    endloop
  endfacet
  facet normal -0.598903 -0.000413066 0.800821
    outer loop
      vertex -3.2743 -3.5 -16.2213
      vertex -3.0012 -2.99788 -16.0168
      vertex -3.04387 -2.97606 -16.0487
    endloop
  endfacet
  facet normal -0.599505 0 0.800371
    outer loop
      vertex -3.2743 -3.5 -16.2213
      vertex -3.04387 -2.97606 -16.0487
      vertex -3.2743 -2.81293 -16.2213
    endloop
  endfacet
  facet normal -0.599349 -3.45865e-05 0.800488
    outer loop
      vertex -3.0012 -2.99788 -16.0168
      vertex -3.2743 -3.5 -16.2213
      vertex -2.7032 -3.5 -15.7937
    endloop
  endfacet
  facet normal -0.599312 0 0.800515
    outer loop
      vertex -2.7032 3.5 -15.7937
      vertex -3.0012 2.99788 -16.0168
      vertex -2.7032 3.15026 -15.7937
    endloop
  endfacet
  facet normal -0.599349 3.45865e-05 0.800488
    outer loop
      vertex -3.2743 3.5 -16.2213
      vertex -3.0012 2.99788 -16.0168
      vertex -2.7032 3.5 -15.7937
    endloop
  endfacet
  facet normal -0.598903 0.000413066 0.800821
    outer loop
      vertex -3.0012 2.99788 -16.0168
      vertex -3.2743 3.5 -16.2213
      vertex -3.04387 2.97606 -16.0487
    endloop
  endfacet
  facet normal -0.599505 0 0.800371
    outer loop
      vertex -3.04387 2.97606 -16.0487
      vertex -3.2743 3.5 -16.2213
      vertex -3.2743 2.81293 -16.2213
    endloop
  endfacet
  facet normal 0.997453 0 -0.0713327
    outer loop
      vertex 5 -3.5 -20
      vertex 4.94911 3.5 -20.7116
      vertex 5 3.5 -20
    endloop
  endfacet
  facet normal 0.997453 0 -0.0713327
    outer loop
      vertex 4.94911 3.5 -20.7116
      vertex 5 -3.5 -20
      vertex 4.94911 -3.5 -20.7116
    endloop
  endfacet
  facet normal 0.707072 0 -0.707142
    outer loop
      vertex 3.77875 -3.5 -23.2743
      vertex 3.2743 3.5 -23.7787
      vertex 3.77875 3.5 -23.2743
    endloop
  endfacet
  facet normal 0.707072 0 -0.707142
    outer loop
      vertex 3.2743 3.5 -23.7787
      vertex 3.77875 -3.5 -23.2743
      vertex 3.2743 -3.5 -23.7787
    endloop
  endfacet
  facet normal 0.479263 0 -0.877672
    outer loop
      vertex 2.07708 -3.5 -24.5482
      vertex 2.7032 3.5 -24.2063
      vertex 2.7032 -3.5 -24.2063
    endloop
  endfacet
  facet normal 0.479263 0 -0.877672
    outer loop
      vertex 2.7032 3.5 -24.2063
      vertex 2.07708 -3.5 -24.5482
      vertex 2.07708 3.5 -24.5482
    endloop
  endfacet
  facet normal 0.800541 0 -0.599278
    outer loop
      vertex 4.20627 -3.5 -22.7032
      vertex 3.77875 3.5 -23.2743
      vertex 4.20627 3.5 -22.7032
    endloop
  endfacet
  facet normal 0.800541 0 -0.599278
    outer loop
      vertex 3.77875 3.5 -23.2743
      vertex 4.20627 -3.5 -22.7032
      vertex 3.77875 -3.5 -23.2743
    endloop
  endfacet
  facet normal -0.349455 0 -0.936953
    outer loop
      vertex -2.07708 -3.5 -24.5482
      vertex -1.40866 3.5 -24.7975
      vertex -1.40866 -3.5 -24.7975
    endloop
  endfacet
  facet normal -0.349455 0 -0.936953
    outer loop
      vertex -1.40866 3.5 -24.7975
      vertex -2.07708 -3.5 -24.5482
      vertex -2.07708 3.5 -24.5482
    endloop
  endfacet
  facet normal -0.0710906 0 -0.99747
    outer loop
      vertex 0 -3.5 -25
      vertex -0.0996199 -2.44287 -24.9929
      vertex 0 -2.45 -25
    endloop
  endfacet
  facet normal -0.0715528 -4.37794e-05 -0.997437
    outer loop
      vertex 0 -3.5 -25
      vertex -0.197212 -2.42164 -24.9859
      vertex -0.0996199 -2.44287 -24.9929
    endloop
  endfacet
  facet normal -0.0713493 -6.3661e-06 -0.997451
    outer loop
      vertex -0.711574 -3.5 -24.9491
      vertex -0.197212 -2.42164 -24.9859
      vertex 0 -3.5 -25
    endloop
  endfacet
  facet normal -0.0714073 2.14406e-05 -0.997447
    outer loop
      vertex -0.197212 -2.42164 -24.9859
      vertex -0.711574 -3.5 -24.9491
      vertex -0.29079 -2.38674 -24.9792
    endloop
  endfacet
  facet normal -0.0716281 0.000105343 -0.997431
    outer loop
      vertex -0.29079 -2.38674 -24.9792
      vertex -0.711574 -3.5 -24.9491
      vertex -0.378448 -2.33888 -24.9729
    endloop
  endfacet
  facet normal -0.0711374 -3.61478e-05 -0.997467
    outer loop
      vertex -0.378448 -2.33888 -24.9729
      vertex -0.711574 -3.5 -24.9491
      vertex -0.458402 -2.27902 -24.9672
    endloop
  endfacet
  facet normal -0.0707409 -0.000118793 -0.997495
    outer loop
      vertex -0.458402 -2.27902 -24.9672
      vertex -0.711574 -3.5 -24.9491
      vertex -0.529024 -2.2084 -24.9622
    endloop
  endfacet
  facet normal -0.0716451 9.66704e-06 -0.99743
    outer loop
      vertex -0.529024 -2.2084 -24.9622
      vertex -0.711574 -3.5 -24.9491
      vertex -0.588877 -2.12845 -24.9579
    endloop
  endfacet
  facet normal -0.0699146 6.37121e-06 -0.997553
    outer loop
      vertex -0.692875 -1.84962 -24.9504
      vertex -0.711574 -3.5 -24.9491
      vertex -0.7 -1.75 -24.9499
    endloop
  endfacet
  facet normal -0.0748618 6.27059e-05 -0.997194
    outer loop
      vertex -0.671644 -1.94721 -24.952
      vertex -0.711574 -3.5 -24.9491
      vertex -0.692875 -1.84962 -24.9504
    endloop
  endfacet
  facet normal -0.07151 -2.39459e-05 -0.99744
    outer loop
      vertex -0.636742 -2.04079 -24.9545
      vertex -0.711574 -3.5 -24.9491
      vertex -0.671644 -1.94721 -24.952
    endloop
  endfacet
  facet normal -0.0709507 -5.27717e-05 -0.99748
    outer loop
      vertex -0.588877 -2.12845 -24.9579
      vertex -0.711574 -3.5 -24.9491
      vertex -0.636742 -2.04079 -24.9545
    endloop
  endfacet
  facet normal -0.0710906 0 -0.99747
    outer loop
      vertex -0.0996199 -1.05712 -24.9929
      vertex 0 3.5 -25
      vertex 0 -1.05 -25
    endloop
  endfacet
  facet normal -0.071539 -1.99272e-05 -0.997438
    outer loop
      vertex -0.711574 3.5 -24.9491
      vertex -0.0996199 -1.05712 -24.9929
      vertex -0.197212 -1.07835 -24.9859
    endloop
  endfacet
  facet normal -0.0714131 -5.70909e-06 -0.997447
    outer loop
      vertex -0.711574 3.5 -24.9491
      vertex -0.197212 -1.07835 -24.9859
      vertex -0.29079 -1.11326 -24.9792
    endloop
  endfacet
  facet normal -0.0716695 -2.92123e-05 -0.997428
    outer loop
      vertex -0.711574 3.5 -24.9491
      vertex -0.29079 -1.11326 -24.9792
      vertex -0.378448 -1.16112 -24.9729
    endloop
  endfacet
  facet normal -0.0711182 1.03834e-05 -0.997468
    outer loop
      vertex -0.711574 3.5 -24.9491
      vertex -0.378448 -1.16112 -24.9729
      vertex -0.458402 -1.22097 -24.9672
    endloop
  endfacet
  facet normal -0.0706577 3.52055e-05 -0.997501
    outer loop
      vertex -0.711574 3.5 -24.9491
      vertex -0.458402 -1.22097 -24.9672
      vertex -0.529024 -1.2916 -24.9622
    endloop
  endfacet
  facet normal -0.0716541 -2.94774e-06 -0.99743
    outer loop
      vertex -0.711574 3.5 -24.9491
      vertex -0.529024 -1.2916 -24.9622
      vertex -0.588877 -1.37155 -24.9579
    endloop
  endfacet
  facet normal -0.0708847 1.65293e-05 -0.997485
    outer loop
      vertex -0.711574 3.5 -24.9491
      vertex -0.588877 -1.37155 -24.9579
      vertex -0.636742 -1.45921 -24.9545
    endloop
  endfacet
  facet normal -0.0714666 7.7031e-06 -0.997443
    outer loop
      vertex -0.711574 3.5 -24.9491
      vertex -0.636742 -1.45921 -24.9545
      vertex -0.671644 -1.55279 -24.952
    endloop
  endfacet
  facet normal -0.0750534 -2.07926e-05 -0.99718
    outer loop
      vertex -0.711574 3.5 -24.9491
      vertex -0.671644 -1.55279 -24.952
      vertex -0.692875 -1.65038 -24.9504
    endloop
  endfacet
  facet normal -0.0713493 5.68361e-06 -0.997451
    outer loop
      vertex -0.0996199 -1.05712 -24.9929
      vertex -0.711574 3.5 -24.9491
      vertex 0 3.5 -25
    endloop
  endfacet
  facet normal -0.069972 -2.25074e-06 -0.997549
    outer loop
      vertex -0.7 -1.75 -24.9499
      vertex -0.711574 3.5 -24.9491
      vertex -0.692875 -1.65038 -24.9504
    endloop
  endfacet
  facet normal -0.0689559 -0 -0.99762
    outer loop
      vertex -0.711574 3.5 -24.9491
      vertex -0.7 -1.75 -24.9499
      vertex -0.711574 -3.5 -24.9491
    endloop
  endfacet
  facet normal -0.877671 0 -0.479264
    outer loop
      vertex -4.20627 -3.5 -22.7032
      vertex -4.54816 3.5 -22.0771
      vertex -4.20627 3.5 -22.7032
    endloop
  endfacet
  facet normal -0.877671 -0 -0.479264
    outer loop
      vertex -4.54816 3.5 -22.0771
      vertex -4.20627 -3.5 -22.7032
      vertex -4.54816 -3.5 -22.0771
    endloop
  endfacet
  facet normal -0.800541 0 -0.599278
    outer loop
      vertex -3.77875 -3.5 -23.2743
      vertex -4.20627 3.5 -22.7032
      vertex -3.77875 3.5 -23.2743
    endloop
  endfacet
  facet normal -0.800541 -0 -0.599278
    outer loop
      vertex -4.20627 3.5 -22.7032
      vertex -3.77875 -3.5 -23.2743
      vertex -4.20627 -3.5 -22.7032
    endloop
  endfacet
  facet normal 0.0713493 0 0.997451
    outer loop
      vertex 0 3.5 -15
      vertex 0.711574 3.42791 -15.0509
      vertex 0.711574 3.5 -15.0509
    endloop
  endfacet
  facet normal 0.0713493 0 0.997451
    outer loop
      vertex 0.711574 3.42791 -15.0509
      vertex 0 3.5 -15
      vertex 0 3.42667 -15
    endloop
  endfacet
  facet normal 0.0713493 0 0.997451
    outer loop
      vertex 0 -3.42667 -15
      vertex 0.711574 -3.5 -15.0509
      vertex 0.711574 -3.42791 -15.0509
    endloop
  endfacet
  facet normal 0.0713493 0 0.997451
    outer loop
      vertex 0.711574 -3.5 -15.0509
      vertex 0 -3.42667 -15
      vertex 0 -3.5 -15
    endloop
  endfacet
  facet normal -0.0713493 0 0.997451
    outer loop
      vertex -0.711574 3.5 -15.0509
      vertex 0 3.42667 -15
      vertex 0 3.5 -15
    endloop
  endfacet
  facet normal -0.0713493 0 0.997451
    outer loop
      vertex 0 3.42667 -15
      vertex -0.711574 3.5 -15.0509
      vertex -0.711574 3.42791 -15.0509
    endloop
  endfacet
  facet normal -0.0713493 0 0.997451
    outer loop
      vertex -0.711574 -3.42791 -15.0509
      vertex 0 -3.5 -15
      vertex 0 -3.42667 -15
    endloop
  endfacet
  facet normal -0.0713493 0 0.997451
    outer loop
      vertex 0 -3.5 -15
      vertex -0.711574 -3.42791 -15.0509
      vertex -0.711574 -3.5 -15.0509
    endloop
  endfacet
  facet normal 0.212509 0 -0.977159
    outer loop
      vertex 0.711574 -3.5 -24.9491
      vertex 1.40866 3.5 -24.7975
      vertex 1.40866 -3.5 -24.7975
    endloop
  endfacet
  facet normal 0.212509 0 -0.977159
    outer loop
      vertex 1.40866 3.5 -24.7975
      vertex 0.711574 -3.5 -24.9491
      vertex 0.711574 3.5 -24.9491
    endloop
  endfacet
  facet normal 0.349455 0 -0.936953
    outer loop
      vertex 1.40866 -3.5 -24.7975
      vertex 2.07708 3.5 -24.5482
      vertex 2.07708 -3.5 -24.5482
    endloop
  endfacet
  facet normal 0.349455 0 -0.936953
    outer loop
      vertex 2.07708 3.5 -24.5482
      vertex 1.40866 -3.5 -24.7975
      vertex 1.40866 3.5 -24.7975
    endloop
  endfacet
  facet normal 0.599349 0 -0.800488
    outer loop
      vertex 2.7032 -3.5 -24.2063
      vertex 3.2743 3.5 -23.7787
      vertex 3.2743 -3.5 -23.7787
    endloop
  endfacet
  facet normal 0.599349 0 -0.800488
    outer loop
      vertex 3.2743 3.5 -23.7787
      vertex 2.7032 -3.5 -24.2063
      vertex 2.7032 3.5 -24.2063
    endloop
  endfacet
  facet normal -0.599349 0 -0.800488
    outer loop
      vertex -3.2743 -3.5 -23.7787
      vertex -2.7032 3.5 -24.2063
      vertex -2.7032 -3.5 -24.2063
    endloop
  endfacet
  facet normal -0.599349 0 -0.800488
    outer loop
      vertex -2.7032 3.5 -24.2063
      vertex -3.2743 -3.5 -23.7787
      vertex -3.2743 3.5 -23.7787
    endloop
  endfacet
  facet normal -0.479263 0 -0.877672
    outer loop
      vertex -2.7032 -3.5 -24.2063
      vertex -2.07708 3.5 -24.5482
      vertex -2.07708 -3.5 -24.5482
    endloop
  endfacet
  facet normal -0.479263 0 -0.877672
    outer loop
      vertex -2.07708 3.5 -24.5482
      vertex -2.7032 -3.5 -24.2063
      vertex -2.7032 3.5 -24.2063
    endloop
  endfacet
  facet normal -0.212509 0 -0.977159
    outer loop
      vertex -1.40866 -3.5 -24.7975
      vertex -0.711574 3.5 -24.9491
      vertex -0.711574 -3.5 -24.9491
    endloop
  endfacet
  facet normal -0.212509 0 -0.977159
    outer loop
      vertex -0.711574 3.5 -24.9491
      vertex -1.40866 -3.5 -24.7975
      vertex -1.40866 3.5 -24.7975
    endloop
  endfacet
  facet normal -0.977145 0 -0.212572
    outer loop
      vertex -4.79746 -3.5 -21.4087
      vertex -4.94911 3.5 -20.7116
      vertex -4.79746 3.5 -21.4087
    endloop
  endfacet
  facet normal -0.977145 -0 -0.212572
    outer loop
      vertex -4.94911 3.5 -20.7116
      vertex -4.79746 -3.5 -21.4087
      vertex -4.94911 -3.5 -20.7116
    endloop
  endfacet
  facet normal -0.93695 0 -0.349464
    outer loop
      vertex -4.54816 -3.5 -22.0771
      vertex -4.79746 3.5 -21.4087
      vertex -4.54816 3.5 -22.0771
    endloop
  endfacet
  facet normal -0.93695 -0 -0.349464
    outer loop
      vertex -4.79746 3.5 -21.4087
      vertex -4.54816 -3.5 -22.0771
      vertex -4.79746 -3.5 -21.4087
    endloop
  endfacet
  facet normal 0.93695 0 -0.349464
    outer loop
      vertex 4.79746 -3.5 -21.4087
      vertex 4.54816 3.5 -22.0771
      vertex 4.79746 3.5 -21.4087
    endloop
  endfacet
  facet normal 0.93695 0 -0.349464
    outer loop
      vertex 4.54816 3.5 -22.0771
      vertex 4.79746 -3.5 -21.4087
      vertex 4.54816 -3.5 -22.0771
    endloop
  endfacet
  facet normal 0.877671 0 -0.479264
    outer loop
      vertex 4.54816 -3.5 -22.0771
      vertex 4.20627 3.5 -22.7032
      vertex 4.54816 3.5 -22.0771
    endloop
  endfacet
  facet normal 0.877671 0 -0.479264
    outer loop
      vertex 4.20627 3.5 -22.7032
      vertex 4.54816 -3.5 -22.0771
      vertex 4.20627 -3.5 -22.7032
    endloop
  endfacet
  facet normal -0.877683 -0.479241 0
    outer loop
      vertex 0.636742 -1.45921 -24.9545
      vertex 0.588877 -1.37155 -20.9286
      vertex 0.588877 -1.37155 -24.9579
    endloop
  endfacet
  facet normal -0.877619 -0.479358 3.30714e-06
    outer loop
      vertex 0.588877 -1.37155 -20.9286
      vertex 0.636742 -1.45921 -24.9545
      vertex 0.594705 -1.38222 -20.9254
    endloop
  endfacet
  facet normal -0.877692 -0.479225 0
    outer loop
      vertex 0.594705 -1.38222 -20.9254
      vertex 0.636742 -1.45921 -24.9545
      vertex 0.636742 -1.45921 -20.8939
    endloop
  endfacet
  facet normal -0.877619 -0.479359 -2.94399e-06
    outer loop
      vertex 0.636742 -1.45921 5.45446
      vertex 0.588877 -1.37155 0.928561
      vertex 0.594705 -1.38222 0.925379
    endloop
  endfacet
  facet normal -0.877692 -0.479225 -0
    outer loop
      vertex 0.636742 -1.45921 5.45446
      vertex 0.594705 -1.38222 0.925379
      vertex 0.636742 -1.45921 0.89391
    endloop
  endfacet
  facet normal -0.877683 -0.479241 0
    outer loop
      vertex 0.588877 -1.37155 0.928561
      vertex 0.636742 -1.45921 5.45446
      vertex 0.588877 -1.37155 5.45788
    endloop
  endfacet
  facet normal -0.877619 -0.479359 0
    outer loop
      vertex 0.594705 -1.38222 -19.0746
      vertex 0.588877 -1.37155 -0.928561
      vertex 0.588877 -1.37155 -19.0714
    endloop
  endfacet
  facet normal -0.877619 -0.479359 0
    outer loop
      vertex 0.594705 -1.38222 -19.0746
      vertex 0.594705 -1.38222 -0.925379
      vertex 0.588877 -1.37155 -0.928561
    endloop
  endfacet
  facet normal -0.877692 -0.479225 0
    outer loop
      vertex 0.636742 -1.45921 -19.1061
      vertex 0.594705 -1.38222 -0.925379
      vertex 0.594705 -1.38222 -19.0746
    endloop
  endfacet
  facet normal -0.877692 -0.479225 0
    outer loop
      vertex 0.594705 -1.38222 -0.925379
      vertex 0.636742 -1.45921 -19.1061
      vertex 0.636742 -1.45921 -0.89391
    endloop
  endfacet
  facet normal -0.800526 -0.599298 0
    outer loop
      vertex 0.588877 -1.37155 -24.9579
      vertex 0.529024 -1.2916 -20.9612
      vertex 0.529024 -1.2916 -24.9622
    endloop
  endfacet
  facet normal -0.800526 -0.599298 0
    outer loop
      vertex 0.529024 -1.2916 -20.9612
      vertex 0.588877 -1.37155 -24.9579
      vertex 0.588877 -1.37155 -20.9286
    endloop
  endfacet
  facet normal -0.800526 -0.599298 -0
    outer loop
      vertex 0.588877 -1.37155 5.45788
      vertex 0.529024 -1.2916 0.961243
      vertex 0.588877 -1.37155 0.928561
    endloop
  endfacet
  facet normal -0.800526 -0.599298 0
    outer loop
      vertex 0.529024 -1.2916 0.961243
      vertex 0.588877 -1.37155 5.45788
      vertex 0.529024 -1.2916 5.46216
    endloop
  endfacet
  facet normal -0.800526 -0.599298 0
    outer loop
      vertex 0.588877 -1.37155 -19.0714
      vertex 0.529024 -1.2916 -0.961243
      vertex 0.529024 -1.2916 -19.0388
    endloop
  endfacet
  facet normal -0.800526 -0.599298 0
    outer loop
      vertex 0.529024 -1.2916 -0.961243
      vertex 0.588877 -1.37155 -19.0714
      vertex 0.588877 -1.37155 -0.928561
    endloop
  endfacet
  facet normal -0.21242 -0.977179 0
    outer loop
      vertex 0.156546 -1.06951 -21.0888
      vertex 0.197212 -1.07835 -24.9859
      vertex 0.197212 -1.07835 -21.08
    endloop
  endfacet
  facet normal -0.212671 -0.977124 -2.75082e-06
    outer loop
      vertex 0.0996199 -1.05712 -21.0929
      vertex 0.197212 -1.07835 -24.9859
      vertex 0.156546 -1.06951 -21.0888
    endloop
  endfacet
  facet normal -0.212567 -0.977147 0
    outer loop
      vertex 0.197212 -1.07835 -24.9859
      vertex 0.0996199 -1.05712 -21.0929
      vertex 0.0996199 -1.05712 -24.9929
    endloop
  endfacet
  facet normal -0.212567 -0.977147 0
    outer loop
      vertex 0.0996199 -1.05712 1.09287
      vertex 0.197212 -1.07835 5.4859
      vertex 0.0996199 -1.05712 5.49288
    endloop
  endfacet
  facet normal -0.212671 -0.977124 2.43824e-06
    outer loop
      vertex 0.156546 -1.06951 1.0888
      vertex 0.197212 -1.07835 5.4859
      vertex 0.0996199 -1.05712 1.09287
    endloop
  endfacet
  facet normal -0.21242 -0.977179 -0
    outer loop
      vertex 0.197212 -1.07835 5.4859
      vertex 0.156546 -1.06951 1.0888
      vertex 0.197212 -1.07835 1.07996
    endloop
  endfacet
  facet normal -0.212672 -0.977124 0
    outer loop
      vertex 0.0996199 -1.05712 -18.9071
      vertex 0.156546 -1.06951 -1.0888
      vertex 0.0996199 -1.05712 -1.09287
    endloop
  endfacet
  facet normal -0.212672 -0.977124 0
    outer loop
      vertex 0.156546 -1.06951 -18.9112
      vertex 0.156546 -1.06951 -1.0888
      vertex 0.0996199 -1.05712 -18.9071
    endloop
  endfacet
  facet normal -0.21242 -0.977179 -0
    outer loop
      vertex 0.156546 -1.06951 -1.0888
      vertex 0.156546 -1.06951 -18.9112
      vertex 0.197212 -1.07835 -1.07996
    endloop
  endfacet
  facet normal -0.21242 -0.977179 -0
    outer loop
      vertex 0.197212 -1.07835 -1.07996
      vertex 0.156546 -1.06951 -18.9112
      vertex 0.197212 -1.07835 -18.92
    endloop
  endfacet
  facet normal 0.479177 -0.877718 0
    outer loop
      vertex -0.378448 -1.16112 -24.9729
      vertex -0.309905 -1.1237 -21.0554
      vertex -0.378448 -1.16112 -21.0299
    endloop
  endfacet
  facet normal 0.479334 -0.877633 -3.56816e-06
    outer loop
      vertex -0.378448 -1.16112 -24.9729
      vertex -0.29079 -1.11326 -21.0596
      vertex -0.309905 -1.1237 -21.0554
    endloop
  endfacet
  facet normal 0.479211 -0.8777 0
    outer loop
      vertex -0.29079 -1.11326 -21.0596
      vertex -0.378448 -1.16112 -24.9729
      vertex -0.29079 -1.11326 -24.9792
    endloop
  endfacet
  facet normal 0.479211 -0.8777 0
    outer loop
      vertex -0.378448 -1.16112 5.47293
      vertex -0.29079 -1.11326 1.0596
      vertex -0.29079 -1.11326 5.4792
    endloop
  endfacet
  facet normal 0.479334 -0.877633 3.16578e-06
    outer loop
      vertex -0.378448 -1.16112 5.47293
      vertex -0.309905 -1.1237 1.05544
      vertex -0.29079 -1.11326 1.0596
    endloop
  endfacet
  facet normal 0.479177 -0.877718 0
    outer loop
      vertex -0.309905 -1.1237 1.05544
      vertex -0.378448 -1.16112 5.47293
      vertex -0.378448 -1.16112 1.02988
    endloop
  endfacet
  facet normal 0.479335 -0.877632 0
    outer loop
      vertex -0.309905 -1.1237 -1.05544
      vertex -0.29079 -1.11326 -18.9404
      vertex -0.29079 -1.11326 -1.0596
    endloop
  endfacet
  facet normal 0.479177 -0.877718 0
    outer loop
      vertex -0.309905 -1.1237 -18.9446
      vertex -0.309905 -1.1237 -1.05544
      vertex -0.378448 -1.16112 -1.02988
    endloop
  endfacet
  facet normal 0.479335 -0.877632 0
    outer loop
      vertex -0.309905 -1.1237 -1.05544
      vertex -0.309905 -1.1237 -18.9446
      vertex -0.29079 -1.11326 -18.9404
    endloop
  endfacet
  facet normal 0.479177 -0.877718 0
    outer loop
      vertex -0.309905 -1.1237 -18.9446
      vertex -0.378448 -1.16112 -1.02988
      vertex -0.378448 -1.16112 -18.9701
    endloop
  endfacet
  facet normal 0.877619 -0.479358 3.30714e-06
    outer loop
      vertex -0.636742 -1.45921 -24.9545
      vertex -0.588877 -1.37155 -20.9286
      vertex -0.594705 -1.38222 -20.9254
    endloop
  endfacet
  facet normal 0.877692 -0.479225 0
    outer loop
      vertex -0.636742 -1.45921 -24.9545
      vertex -0.594705 -1.38222 -20.9254
      vertex -0.636742 -1.45921 -20.8939
    endloop
  endfacet
  facet normal 0.877683 -0.479241 0
    outer loop
      vertex -0.588877 -1.37155 -20.9286
      vertex -0.636742 -1.45921 -24.9545
      vertex -0.588877 -1.37155 -24.9579
    endloop
  endfacet
  facet normal 0.877683 -0.479241 0
    outer loop
      vertex -0.636742 -1.45921 5.45446
      vertex -0.588877 -1.37155 0.928561
      vertex -0.588877 -1.37155 5.45788
    endloop
  endfacet
  facet normal 0.877619 -0.479359 -2.94399e-06
    outer loop
      vertex -0.588877 -1.37155 0.928561
      vertex -0.636742 -1.45921 5.45446
      vertex -0.594705 -1.38222 0.925379
    endloop
  endfacet
  facet normal 0.877692 -0.479225 0
    outer loop
      vertex -0.594705 -1.38222 0.925379
      vertex -0.636742 -1.45921 5.45446
      vertex -0.636742 -1.45921 0.89391
    endloop
  endfacet
  facet normal 0.877619 -0.479359 0
    outer loop
      vertex -0.594705 -1.38222 -0.925379
      vertex -0.588877 -1.37155 -19.0714
      vertex -0.588877 -1.37155 -0.928561
    endloop
  endfacet
  facet normal 0.877619 -0.479359 0
    outer loop
      vertex -0.594705 -1.38222 -0.925379
      vertex -0.594705 -1.38222 -19.0746
      vertex -0.588877 -1.37155 -19.0714
    endloop
  endfacet
  facet normal 0.877692 -0.479225 0
    outer loop
      vertex -0.636742 -1.45921 -0.89391
      vertex -0.594705 -1.38222 -19.0746
      vertex -0.594705 -1.38222 -0.925379
    endloop
  endfacet
  facet normal 0.877692 -0.479225 0
    outer loop
      vertex -0.594705 -1.38222 -19.0746
      vertex -0.636742 -1.45921 -0.89391
      vertex -0.636742 -1.45921 -19.1061
    endloop
  endfacet
  facet normal -0.997452 0.0713396 0
    outer loop
      vertex 0.692875 -1.84962 -20.8519
      vertex 0.7 -1.75 -24.9499
      vertex 0.692875 -1.84962 -24.9504
    endloop
  endfacet
  facet normal -0.997452 0.0713396 0
    outer loop
      vertex 0.7 -1.75 -24.9499
      vertex 0.692875 -1.84962 -20.8519
      vertex 0.7 -1.75 -20.8466
    endloop
  endfacet
  facet normal -0.997452 0.0713396 0
    outer loop
      vertex 0.692875 -1.84962 0.851889
      vertex 0.7 -1.75 5.44993
      vertex 0.7 -1.75 0.846555
    endloop
  endfacet
  facet normal -0.997452 0.0713396 0
    outer loop
      vertex 0.7 -1.75 5.44993
      vertex 0.692875 -1.84962 0.851889
      vertex 0.692875 -1.84962 5.45044
    endloop
  endfacet
  facet normal -0.997452 0.0713396 0
    outer loop
      vertex 0.692875 -1.84962 -19.1481
      vertex 0.7 -1.75 -0.846555
      vertex 0.7 -1.75 -19.1534
    endloop
  endfacet
  facet normal -0.997452 0.0713396 0
    outer loop
      vertex 0.7 -1.75 -0.846555
      vertex 0.692875 -1.84962 -19.1481
      vertex 0.692875 -1.84962 -0.851889
    endloop
  endfacet
  facet normal 0.0712898 -0.997456 0
    outer loop
      vertex -0.0996199 -1.05712 -24.9929
      vertex 0 -1.05 -21.1
      vertex -0.0996199 -1.05712 -21.0929
    endloop
  endfacet
  facet normal 0.0712898 -0.997456 0
    outer loop
      vertex 0 -1.05 -21.1
      vertex -0.0996199 -1.05712 -24.9929
      vertex 0 -1.05 -25
    endloop
  endfacet
  facet normal 0.0712898 -0.997456 0
    outer loop
      vertex -0.0996199 -1.05712 5.49288
      vertex 0 -1.05 1.1
      vertex 0 -1.05 5.5
    endloop
  endfacet
  facet normal 0.0712898 -0.997456 0
    outer loop
      vertex 0 -1.05 1.1
      vertex -0.0996199 -1.05712 5.49288
      vertex -0.0996199 -1.05712 1.09287
    endloop
  endfacet
  facet normal 0.0712898 -0.997456 0
    outer loop
      vertex -0.0996199 -1.05712 -1.09287
      vertex 0 -1.05 -18.9
      vertex 0 -1.05 -1.1
    endloop
  endfacet
  facet normal 0.0712898 -0.997456 0
    outer loop
      vertex 0 -1.05 -18.9
      vertex -0.0996199 -1.05712 -1.09287
      vertex -0.0996199 -1.05712 -18.9071
    endloop
  endfacet
  facet normal -0.479177 -0.877718 0
    outer loop
      vertex 0.309905 -1.1237 -21.0554
      vertex 0.378448 -1.16112 -24.9729
      vertex 0.378448 -1.16112 -21.0299
    endloop
  endfacet
  facet normal -0.479334 -0.877633 -3.56816e-06
    outer loop
      vertex 0.29079 -1.11326 -21.0596
      vertex 0.378448 -1.16112 -24.9729
      vertex 0.309905 -1.1237 -21.0554
    endloop
  endfacet
  facet normal -0.479211 -0.8777 0
    outer loop
      vertex 0.378448 -1.16112 -24.9729
      vertex 0.29079 -1.11326 -21.0596
      vertex 0.29079 -1.11326 -24.9792
    endloop
  endfacet
  facet normal -0.479211 -0.8777 0
    outer loop
      vertex 0.29079 -1.11326 1.0596
      vertex 0.378448 -1.16112 5.47293
      vertex 0.29079 -1.11326 5.4792
    endloop
  endfacet
  facet normal -0.479334 -0.877633 3.16578e-06
    outer loop
      vertex 0.309905 -1.1237 1.05544
      vertex 0.378448 -1.16112 5.47293
      vertex 0.29079 -1.11326 1.0596
    endloop
  endfacet
  facet normal -0.479177 -0.877718 -0
    outer loop
      vertex 0.378448 -1.16112 5.47293
      vertex 0.309905 -1.1237 1.05544
      vertex 0.378448 -1.16112 1.02988
    endloop
  endfacet
  facet normal -0.479335 -0.877632 0
    outer loop
      vertex 0.29079 -1.11326 -18.9404
      vertex 0.309905 -1.1237 -1.05544
      vertex 0.29079 -1.11326 -1.0596
    endloop
  endfacet
  facet normal -0.479335 -0.877632 0
    outer loop
      vertex 0.309905 -1.1237 -18.9446
      vertex 0.309905 -1.1237 -1.05544
      vertex 0.29079 -1.11326 -18.9404
    endloop
  endfacet
  facet normal -0.479177 -0.877718 -0
    outer loop
      vertex 0.309905 -1.1237 -1.05544
      vertex 0.309905 -1.1237 -18.9446
      vertex 0.378448 -1.16112 -1.02988
    endloop
  endfacet
  facet normal -0.479177 -0.877718 -0
    outer loop
      vertex 0.378448 -1.16112 -1.02988
      vertex 0.309905 -1.1237 -18.9446
      vertex 0.378448 -1.16112 -18.9701
    endloop
  endfacet
  facet normal 0.997452 -0.0713396 0
    outer loop
      vertex -0.7 -1.75 -24.9499
      vertex -0.692875 -1.65038 -20.8519
      vertex -0.7 -1.75 -20.8466
    endloop
  endfacet
  facet normal 0.997452 -0.0713396 0
    outer loop
      vertex -0.692875 -1.65038 -20.8519
      vertex -0.7 -1.75 -24.9499
      vertex -0.692875 -1.65038 -24.9504
    endloop
  endfacet
  facet normal 0.997452 -0.0713396 0
    outer loop
      vertex -0.7 -1.75 5.44993
      vertex -0.692875 -1.65038 0.851889
      vertex -0.692875 -1.65038 5.45044
    endloop
  endfacet
  facet normal 0.997452 -0.0713396 0
    outer loop
      vertex -0.692875 -1.65038 0.851889
      vertex -0.7 -1.75 5.44993
      vertex -0.7 -1.75 0.846555
    endloop
  endfacet
  facet normal 0.997452 -0.0713396 0
    outer loop
      vertex -0.7 -1.75 -0.846555
      vertex -0.692875 -1.65038 -19.1481
      vertex -0.692875 -1.65038 -0.851889
    endloop
  endfacet
  facet normal 0.997452 -0.0713396 0
    outer loop
      vertex -0.692875 -1.65038 -19.1481
      vertex -0.7 -1.75 -0.846555
      vertex -0.7 -1.75 -19.1534
    endloop
  endfacet
  facet normal 0.800526 -0.599298 0
    outer loop
      vertex -0.588877 -1.37155 -24.9579
      vertex -0.529024 -1.2916 -20.9612
      vertex -0.588877 -1.37155 -20.9286
    endloop
  endfacet
  facet normal 0.800526 -0.599298 0
    outer loop
      vertex -0.529024 -1.2916 -20.9612
      vertex -0.588877 -1.37155 -24.9579
      vertex -0.529024 -1.2916 -24.9622
    endloop
  endfacet
  facet normal 0.800526 -0.599298 0
    outer loop
      vertex -0.588877 -1.37155 5.45788
      vertex -0.529024 -1.2916 0.961243
      vertex -0.529024 -1.2916 5.46216
    endloop
  endfacet
  facet normal 0.800526 -0.599298 0
    outer loop
      vertex -0.529024 -1.2916 0.961243
      vertex -0.588877 -1.37155 5.45788
      vertex -0.588877 -1.37155 0.928561
    endloop
  endfacet
  facet normal 0.800526 -0.599298 0
    outer loop
      vertex -0.588877 -1.37155 -0.928561
      vertex -0.529024 -1.2916 -19.0388
      vertex -0.529024 -1.2916 -0.961243
    endloop
  endfacet
  facet normal 0.800526 -0.599298 0
    outer loop
      vertex -0.529024 -1.2916 -19.0388
      vertex -0.588877 -1.37155 -0.928561
      vertex -0.588877 -1.37155 -19.0714
    endloop
  endfacet
  facet normal 0.598403 -0.801195 0
    outer loop
      vertex -0.458402 -1.22097 -24.9672
      vertex -0.456956 -1.21989 -21.0006
      vertex -0.458402 -1.22097 -20.9998
    endloop
  endfacet
  facet normal 0.599275 -0.800543 -4.95513e-07
    outer loop
      vertex -0.458402 -1.22097 -24.9672
      vertex -0.378448 -1.16112 -21.0299
      vertex -0.456956 -1.21989 -21.0006
    endloop
  endfacet
  facet normal 0.59926 -0.800555 0
    outer loop
      vertex -0.378448 -1.16112 -21.0299
      vertex -0.458402 -1.22097 -24.9672
      vertex -0.378448 -1.16112 -24.9729
    endloop
  endfacet
  facet normal 0.59926 -0.800555 0
    outer loop
      vertex -0.458402 -1.22097 5.46721
      vertex -0.378448 -1.16112 1.02988
      vertex -0.378448 -1.16112 5.47293
    endloop
  endfacet
  facet normal 0.599275 -0.800543 4.4005e-07
    outer loop
      vertex -0.458402 -1.22097 5.46721
      vertex -0.456956 -1.21989 1.0006
      vertex -0.378448 -1.16112 1.02988
    endloop
  endfacet
  facet normal 0.598403 -0.801195 0
    outer loop
      vertex -0.456956 -1.21989 1.0006
      vertex -0.458402 -1.22097 5.46721
      vertex -0.458402 -1.22097 0.999806
    endloop
  endfacet
  facet normal 0.599275 -0.800543 0
    outer loop
      vertex -0.456956 -1.21989 -1.0006
      vertex -0.378448 -1.16112 -18.9701
      vertex -0.378448 -1.16112 -1.02988
    endloop
  endfacet
  facet normal 0.598403 -0.801195 0
    outer loop
      vertex -0.456956 -1.21989 -18.9994
      vertex -0.456956 -1.21989 -1.0006
      vertex -0.458402 -1.22097 -0.999806
    endloop
  endfacet
  facet normal 0.599275 -0.800543 0
    outer loop
      vertex -0.456956 -1.21989 -1.0006
      vertex -0.456956 -1.21989 -18.9994
      vertex -0.378448 -1.16112 -18.9701
    endloop
  endfacet
  facet normal 0.598403 -0.801195 0
    outer loop
      vertex -0.456956 -1.21989 -18.9994
      vertex -0.458402 -1.22097 -0.999806
      vertex -0.458402 -1.22097 -19.0002
    endloop
  endfacet
  facet normal 0.349528 -0.936926 0
    outer loop
      vertex -0.29079 -1.11326 -24.9792
      vertex -0.197212 -1.07835 -21.08
      vertex -0.29079 -1.11326 -21.0596
    endloop
  endfacet
  facet normal 0.349528 -0.936926 0
    outer loop
      vertex -0.197212 -1.07835 -21.08
      vertex -0.29079 -1.11326 -24.9792
      vertex -0.197212 -1.07835 -24.9859
    endloop
  endfacet
  facet normal 0.349528 -0.936926 0
    outer loop
      vertex -0.29079 -1.11326 5.4792
      vertex -0.197212 -1.07835 1.07996
      vertex -0.197212 -1.07835 5.4859
    endloop
  endfacet
  facet normal 0.349528 -0.936926 0
    outer loop
      vertex -0.197212 -1.07835 1.07996
      vertex -0.29079 -1.11326 5.4792
      vertex -0.29079 -1.11326 1.0596
    endloop
  endfacet
  facet normal 0.349528 -0.936926 0
    outer loop
      vertex -0.29079 -1.11326 -1.0596
      vertex -0.197212 -1.07835 -18.92
      vertex -0.197212 -1.07835 -1.07996
    endloop
  endfacet
  facet normal 0.349528 -0.936926 0
    outer loop
      vertex -0.197212 -1.07835 -18.92
      vertex -0.29079 -1.11326 -1.0596
      vertex -0.29079 -1.11326 -18.9404
    endloop
  endfacet
  facet normal 0.707147 -0.707067 0
    outer loop
      vertex -0.529024 -1.2916 -24.9622
      vertex -0.458402 -1.22097 -20.9998
      vertex -0.529024 -1.2916 -20.9612
    endloop
  endfacet
  facet normal 0.707147 -0.707067 0
    outer loop
      vertex -0.458402 -1.22097 -20.9998
      vertex -0.529024 -1.2916 -24.9622
      vertex -0.458402 -1.22097 -24.9672
    endloop
  endfacet
  facet normal 0.707147 -0.707067 0
    outer loop
      vertex -0.529024 -1.2916 5.46216
      vertex -0.458402 -1.22097 0.999806
      vertex -0.458402 -1.22097 5.46721
    endloop
  endfacet
  facet normal 0.707147 -0.707067 0
    outer loop
      vertex -0.458402 -1.22097 0.999806
      vertex -0.529024 -1.2916 5.46216
      vertex -0.529024 -1.2916 0.961243
    endloop
  endfacet
  facet normal 0.707147 -0.707067 0
    outer loop
      vertex -0.529024 -1.2916 -0.961243
      vertex -0.458402 -1.22097 -19.0002
      vertex -0.458402 -1.22097 -0.999806
    endloop
  endfacet
  facet normal 0.707147 -0.707067 0
    outer loop
      vertex -0.458402 -1.22097 -19.0002
      vertex -0.529024 -1.2916 -0.961243
      vertex -0.529024 -1.2916 -19.0388
    endloop
  endfacet
  facet normal -0.997452 -0.0713396 0
    outer loop
      vertex 0.7 -1.75 -24.9499
      vertex 0.692875 -1.65038 -20.8519
      vertex 0.692875 -1.65038 -24.9504
    endloop
  endfacet
  facet normal -0.997452 -0.0713396 0
    outer loop
      vertex 0.692875 -1.65038 -20.8519
      vertex 0.7 -1.75 -24.9499
      vertex 0.7 -1.75 -20.8466
    endloop
  endfacet
  facet normal -0.997452 -0.0713396 -0
    outer loop
      vertex 0.7 -1.75 5.44993
      vertex 0.692875 -1.65038 0.851889
      vertex 0.7 -1.75 0.846555
    endloop
  endfacet
  facet normal -0.997452 -0.0713396 0
    outer loop
      vertex 0.692875 -1.65038 0.851889
      vertex 0.7 -1.75 5.44993
      vertex 0.692875 -1.65038 5.45044
    endloop
  endfacet
  facet normal -0.997452 -0.0713396 0
    outer loop
      vertex 0.7 -1.75 -19.1534
      vertex 0.692875 -1.65038 -0.851889
      vertex 0.692875 -1.65038 -19.1481
    endloop
  endfacet
  facet normal -0.997452 -0.0713396 0
    outer loop
      vertex 0.692875 -1.65038 -0.851889
      vertex 0.7 -1.75 -19.1534
      vertex 0.7 -1.75 -0.846555
    endloop
  endfacet
  facet normal -0.977144 0.212581 0
    outer loop
      vertex 0.671644 -1.94721 -20.8678
      vertex 0.692875 -1.84962 -24.9504
      vertex 0.671644 -1.94721 -24.952
    endloop
  endfacet
  facet normal -0.977144 0.212581 0
    outer loop
      vertex 0.692875 -1.84962 -24.9504
      vertex 0.671644 -1.94721 -20.8678
      vertex 0.692875 -1.84962 -20.8519
    endloop
  endfacet
  facet normal -0.977144 0.212581 0
    outer loop
      vertex 0.671644 -1.94721 0.867782
      vertex 0.692875 -1.84962 5.45044
      vertex 0.692875 -1.84962 0.851889
    endloop
  endfacet
  facet normal -0.977144 0.212581 0
    outer loop
      vertex 0.692875 -1.84962 5.45044
      vertex 0.671644 -1.94721 0.867782
      vertex 0.671644 -1.94721 5.45196
    endloop
  endfacet
  facet normal -0.977144 0.212581 0
    outer loop
      vertex 0.671644 -1.94721 -19.1322
      vertex 0.692875 -1.84962 -0.851889
      vertex 0.692875 -1.84962 -19.1481
    endloop
  endfacet
  facet normal -0.977144 0.212581 0
    outer loop
      vertex 0.692875 -1.84962 -0.851889
      vertex 0.671644 -1.94721 -19.1322
      vertex 0.671644 -1.94721 -0.867782
    endloop
  endfacet
  facet normal -0.601942 0.79854 0
    outer loop
      vertex 0.458402 -2.27902 -24.9672
      vertex 0.456956 -2.28011 -21.0006
      vertex 0.458402 -2.27902 -20.9998
    endloop
  endfacet
  facet normal -0.599276 0.800543 1.52242e-06
    outer loop
      vertex 0.458402 -2.27902 -24.9672
      vertex 0.378448 -2.33888 -21.0299
      vertex 0.456956 -2.28011 -21.0006
    endloop
  endfacet
  facet normal -0.599324 0.800507 0
    outer loop
      vertex 0.378448 -2.33888 -21.0299
      vertex 0.458402 -2.27902 -24.9672
      vertex 0.378448 -2.33888 -24.9729
    endloop
  endfacet
  facet normal -0.599324 0.800507 0
    outer loop
      vertex 0.458402 -2.27902 5.46721
      vertex 0.378448 -2.33888 1.02988
      vertex 0.378448 -2.33888 5.47293
    endloop
  endfacet
  facet normal -0.599276 0.800543 -1.35202e-06
    outer loop
      vertex 0.458402 -2.27902 5.46721
      vertex 0.456956 -2.28011 1.0006
      vertex 0.378448 -2.33888 1.02988
    endloop
  endfacet
  facet normal -0.601942 0.79854 0
    outer loop
      vertex 0.456956 -2.28011 1.0006
      vertex 0.458402 -2.27902 5.46721
      vertex 0.458402 -2.27902 0.999806
    endloop
  endfacet
  facet normal -0.599275 0.800543 0
    outer loop
      vertex 0.456956 -2.28011 -1.0006
      vertex 0.378448 -2.33888 -18.9701
      vertex 0.378448 -2.33888 -1.02988
    endloop
  endfacet
  facet normal -0.601942 0.79854 0
    outer loop
      vertex 0.456956 -2.28011 -18.9994
      vertex 0.456956 -2.28011 -1.0006
      vertex 0.458402 -2.27902 -0.999806
    endloop
  endfacet
  facet normal -0.599275 0.800543 0
    outer loop
      vertex 0.456956 -2.28011 -1.0006
      vertex 0.456956 -2.28011 -18.9994
      vertex 0.378448 -2.33888 -18.9701
    endloop
  endfacet
  facet normal -0.601942 0.79854 0
    outer loop
      vertex 0.456956 -2.28011 -18.9994
      vertex 0.458402 -2.27902 -0.999806
      vertex 0.458402 -2.27902 -19.0002
    endloop
  endfacet
  facet normal -0.936955 -0.349451 0
    outer loop
      vertex 0.671644 -1.55279 -24.952
      vertex 0.636742 -1.45921 -20.8939
      vertex 0.636742 -1.45921 -24.9545
    endloop
  endfacet
  facet normal -0.936955 -0.349451 0
    outer loop
      vertex 0.636742 -1.45921 -20.8939
      vertex 0.671644 -1.55279 -24.952
      vertex 0.671644 -1.55279 -20.8678
    endloop
  endfacet
  facet normal -0.936955 -0.349451 -0
    outer loop
      vertex 0.671644 -1.55279 5.45196
      vertex 0.636742 -1.45921 0.89391
      vertex 0.671644 -1.55279 0.867782
    endloop
  endfacet
  facet normal -0.936955 -0.349451 0
    outer loop
      vertex 0.636742 -1.45921 0.89391
      vertex 0.671644 -1.55279 5.45196
      vertex 0.636742 -1.45921 5.45446
    endloop
  endfacet
  facet normal -0.936955 -0.349451 0
    outer loop
      vertex 0.671644 -1.55279 -19.1322
      vertex 0.636742 -1.45921 -0.89391
      vertex 0.636742 -1.45921 -19.1061
    endloop
  endfacet
  facet normal -0.936955 -0.349451 0
    outer loop
      vertex 0.636742 -1.45921 -0.89391
      vertex 0.671644 -1.55279 -19.1322
      vertex 0.671644 -1.55279 -0.867782
    endloop
  endfacet
  facet normal -0.598403 -0.801195 0
    outer loop
      vertex 0.456956 -1.21989 -21.0006
      vertex 0.458402 -1.22097 -24.9672
      vertex 0.458402 -1.22097 -20.9998
    endloop
  endfacet
  facet normal -0.599275 -0.800543 -4.95513e-07
    outer loop
      vertex 0.378448 -1.16112 -21.0299
      vertex 0.458402 -1.22097 -24.9672
      vertex 0.456956 -1.21989 -21.0006
    endloop
  endfacet
  facet normal -0.59926 -0.800555 0
    outer loop
      vertex 0.458402 -1.22097 -24.9672
      vertex 0.378448 -1.16112 -21.0299
      vertex 0.378448 -1.16112 -24.9729
    endloop
  endfacet
  facet normal -0.59926 -0.800555 0
    outer loop
      vertex 0.378448 -1.16112 1.02988
      vertex 0.458402 -1.22097 5.46721
      vertex 0.378448 -1.16112 5.47293
    endloop
  endfacet
  facet normal -0.599275 -0.800543 4.4005e-07
    outer loop
      vertex 0.456956 -1.21989 1.0006
      vertex 0.458402 -1.22097 5.46721
      vertex 0.378448 -1.16112 1.02988
    endloop
  endfacet
  facet normal -0.598403 -0.801195 -0
    outer loop
      vertex 0.458402 -1.22097 5.46721
      vertex 0.456956 -1.21989 1.0006
      vertex 0.458402 -1.22097 0.999806
    endloop
  endfacet
  facet normal -0.599275 -0.800543 0
    outer loop
      vertex 0.378448 -1.16112 -18.9701
      vertex 0.456956 -1.21989 -1.0006
      vertex 0.378448 -1.16112 -1.02988
    endloop
  endfacet
  facet normal -0.599275 -0.800543 0
    outer loop
      vertex 0.456956 -1.21989 -18.9994
      vertex 0.456956 -1.21989 -1.0006
      vertex 0.378448 -1.16112 -18.9701
    endloop
  endfacet
  facet normal -0.598403 -0.801195 -0
    outer loop
      vertex 0.456956 -1.21989 -1.0006
      vertex 0.456956 -1.21989 -18.9994
      vertex 0.458402 -1.22097 -0.999806
    endloop
  endfacet
  facet normal -0.598403 -0.801195 -0
    outer loop
      vertex 0.458402 -1.22097 -0.999806
      vertex 0.456956 -1.21989 -18.9994
      vertex 0.458402 -1.22097 -19.0002
    endloop
  endfacet
  facet normal -0.0712898 -0.997456 0
    outer loop
      vertex 0 -1.05 -21.1
      vertex 0.0996199 -1.05712 -24.9929
      vertex 0.0996199 -1.05712 -21.0929
    endloop
  endfacet
  facet normal -0.0712898 -0.997456 0
    outer loop
      vertex 0.0996199 -1.05712 -24.9929
      vertex 0 -1.05 -21.1
      vertex 0 -1.05 -25
    endloop
  endfacet
  facet normal -0.0712898 -0.997456 0
    outer loop
      vertex 0 -1.05 1.1
      vertex 0.0996199 -1.05712 5.49288
      vertex 0 -1.05 5.5
    endloop
  endfacet
  facet normal -0.0712898 -0.997456 -0
    outer loop
      vertex 0.0996199 -1.05712 5.49288
      vertex 0 -1.05 1.1
      vertex 0.0996199 -1.05712 1.09287
    endloop
  endfacet
  facet normal -0.0712898 -0.997456 0
    outer loop
      vertex 0 -1.05 -18.9
      vertex 0.0996199 -1.05712 -1.09287
      vertex 0 -1.05 -1.1
    endloop
  endfacet
  facet normal -0.0712898 -0.997456 -0
    outer loop
      vertex 0.0996199 -1.05712 -1.09287
      vertex 0 -1.05 -18.9
      vertex 0.0996199 -1.05712 -18.9071
    endloop
  endfacet
  facet normal -0.349528 -0.936926 0
    outer loop
      vertex 0.197212 -1.07835 -21.08
      vertex 0.29079 -1.11326 -24.9792
      vertex 0.29079 -1.11326 -21.0596
    endloop
  endfacet
  facet normal -0.349528 -0.936926 0
    outer loop
      vertex 0.29079 -1.11326 -24.9792
      vertex 0.197212 -1.07835 -21.08
      vertex 0.197212 -1.07835 -24.9859
    endloop
  endfacet
  facet normal -0.349528 -0.936926 0
    outer loop
      vertex 0.197212 -1.07835 1.07996
      vertex 0.29079 -1.11326 5.4792
      vertex 0.197212 -1.07835 5.4859
    endloop
  endfacet
  facet normal -0.349528 -0.936926 -0
    outer loop
      vertex 0.29079 -1.11326 5.4792
      vertex 0.197212 -1.07835 1.07996
      vertex 0.29079 -1.11326 1.0596
    endloop
  endfacet
  facet normal -0.349528 -0.936926 0
    outer loop
      vertex 0.197212 -1.07835 -18.92
      vertex 0.29079 -1.11326 -1.0596
      vertex 0.197212 -1.07835 -1.07996
    endloop
  endfacet
  facet normal -0.349528 -0.936926 -0
    outer loop
      vertex 0.29079 -1.11326 -1.0596
      vertex 0.197212 -1.07835 -18.92
      vertex 0.29079 -1.11326 -18.9404
    endloop
  endfacet
  facet normal 0.936955 -0.349451 0
    outer loop
      vertex -0.671644 -1.55279 -24.952
      vertex -0.636742 -1.45921 -20.8939
      vertex -0.671644 -1.55279 -20.8678
    endloop
  endfacet
  facet normal 0.936955 -0.349451 0
    outer loop
      vertex -0.636742 -1.45921 -20.8939
      vertex -0.671644 -1.55279 -24.952
      vertex -0.636742 -1.45921 -24.9545
    endloop
  endfacet
  facet normal 0.936955 -0.349451 0
    outer loop
      vertex -0.671644 -1.55279 5.45196
      vertex -0.636742 -1.45921 0.89391
      vertex -0.636742 -1.45921 5.45446
    endloop
  endfacet
  facet normal 0.936955 -0.349451 0
    outer loop
      vertex -0.636742 -1.45921 0.89391
      vertex -0.671644 -1.55279 5.45196
      vertex -0.671644 -1.55279 0.867782
    endloop
  endfacet
  facet normal 0.936955 -0.349451 0
    outer loop
      vertex -0.671644 -1.55279 -0.867782
      vertex -0.636742 -1.45921 -19.1061
      vertex -0.636742 -1.45921 -0.89391
    endloop
  endfacet
  facet normal 0.936955 -0.349451 0
    outer loop
      vertex -0.636742 -1.45921 -19.1061
      vertex -0.671644 -1.55279 -0.867782
      vertex -0.671644 -1.55279 -19.1322
    endloop
  endfacet
  facet normal 0.977144 -0.212581 0
    outer loop
      vertex -0.692875 -1.65038 -24.9504
      vertex -0.671644 -1.55279 -20.8678
      vertex -0.692875 -1.65038 -20.8519
    endloop
  endfacet
  facet normal 0.977144 -0.212581 0
    outer loop
      vertex -0.671644 -1.55279 -20.8678
      vertex -0.692875 -1.65038 -24.9504
      vertex -0.671644 -1.55279 -24.952
    endloop
  endfacet
  facet normal 0.977144 -0.212581 0
    outer loop
      vertex -0.692875 -1.65038 5.45044
      vertex -0.671644 -1.55279 0.867782
      vertex -0.671644 -1.55279 5.45196
    endloop
  endfacet
  facet normal 0.977144 -0.212581 0
    outer loop
      vertex -0.671644 -1.55279 0.867782
      vertex -0.692875 -1.65038 5.45044
      vertex -0.692875 -1.65038 0.851889
    endloop
  endfacet
  facet normal 0.977144 -0.212581 0
    outer loop
      vertex -0.692875 -1.65038 -0.851889
      vertex -0.671644 -1.55279 -19.1322
      vertex -0.671644 -1.55279 -0.867782
    endloop
  endfacet
  facet normal 0.977144 -0.212581 0
    outer loop
      vertex -0.671644 -1.55279 -19.1322
      vertex -0.692875 -1.65038 -0.851889
      vertex -0.692875 -1.65038 -19.1481
    endloop
  endfacet
  facet normal 0.21242 -0.977179 0
    outer loop
      vertex -0.197212 -1.07835 -24.9859
      vertex -0.156546 -1.06951 -21.0888
      vertex -0.197212 -1.07835 -21.08
    endloop
  endfacet
  facet normal 0.212671 -0.977124 -2.75082e-06
    outer loop
      vertex -0.197212 -1.07835 -24.9859
      vertex -0.0996199 -1.05712 -21.0929
      vertex -0.156546 -1.06951 -21.0888
    endloop
  endfacet
  facet normal 0.212567 -0.977147 0
    outer loop
      vertex -0.0996199 -1.05712 -21.0929
      vertex -0.197212 -1.07835 -24.9859
      vertex -0.0996199 -1.05712 -24.9929
    endloop
  endfacet
  facet normal 0.212567 -0.977147 0
    outer loop
      vertex -0.197212 -1.07835 5.4859
      vertex -0.0996199 -1.05712 1.09287
      vertex -0.0996199 -1.05712 5.49288
    endloop
  endfacet
  facet normal 0.212671 -0.977124 2.43824e-06
    outer loop
      vertex -0.197212 -1.07835 5.4859
      vertex -0.156546 -1.06951 1.0888
      vertex -0.0996199 -1.05712 1.09287
    endloop
  endfacet
  facet normal 0.21242 -0.977179 0
    outer loop
      vertex -0.156546 -1.06951 1.0888
      vertex -0.197212 -1.07835 5.4859
      vertex -0.197212 -1.07835 1.07996
    endloop
  endfacet
  facet normal 0.212672 -0.977124 0
    outer loop
      vertex -0.156546 -1.06951 -1.0888
      vertex -0.0996199 -1.05712 -18.9071
      vertex -0.0996199 -1.05712 -1.09287
    endloop
  endfacet
  facet normal 0.21242 -0.977179 0
    outer loop
      vertex -0.156546 -1.06951 -18.9112
      vertex -0.156546 -1.06951 -1.0888
      vertex -0.197212 -1.07835 -1.07996
    endloop
  endfacet
  facet normal 0.212672 -0.977124 0
    outer loop
      vertex -0.156546 -1.06951 -1.0888
      vertex -0.156546 -1.06951 -18.9112
      vertex -0.0996199 -1.05712 -18.9071
    endloop
  endfacet
  facet normal 0.21242 -0.977179 0
    outer loop
      vertex -0.156546 -1.06951 -18.9112
      vertex -0.197212 -1.07835 -1.07996
      vertex -0.197212 -1.07835 -18.92
    endloop
  endfacet
  facet normal -0.877692 0.479225 0
    outer loop
      vertex 0.636742 -2.04079 -24.9545
      vertex 0.594705 -2.11778 -20.9254
      vertex 0.636742 -2.04079 -20.8939
    endloop
  endfacet
  facet normal -0.877683 0.479241 0
    outer loop
      vertex 0.588877 -2.12845 -20.9286
      vertex 0.636742 -2.04079 -24.9545
      vertex 0.588877 -2.12845 -24.9579
    endloop
  endfacet
  facet normal -0.877619 0.479358 3.30714e-06
    outer loop
      vertex 0.636742 -2.04079 -24.9545
      vertex 0.588877 -2.12845 -20.9286
      vertex 0.594705 -2.11778 -20.9254
    endloop
  endfacet
  facet normal -0.877692 0.479225 0
    outer loop
      vertex 0.594705 -2.11778 0.925379
      vertex 0.636742 -2.04079 5.45446
      vertex 0.636742 -2.04079 0.89391
    endloop
  endfacet
  facet normal -0.877619 0.479359 -2.94399e-06
    outer loop
      vertex 0.588877 -2.12845 0.928561
      vertex 0.636742 -2.04079 5.45446
      vertex 0.594705 -2.11778 0.925379
    endloop
  endfacet
  facet normal -0.877683 0.479241 0
    outer loop
      vertex 0.636742 -2.04079 5.45446
      vertex 0.588877 -2.12845 0.928561
      vertex 0.588877 -2.12845 5.45788
    endloop
  endfacet
  facet normal -0.877692 0.479225 0
    outer loop
      vertex 0.594705 -2.11778 -19.0746
      vertex 0.636742 -2.04079 -0.89391
      vertex 0.636742 -2.04079 -19.1061
    endloop
  endfacet
  facet normal -0.877692 0.479225 0
    outer loop
      vertex 0.594705 -2.11778 -19.0746
      vertex 0.594705 -2.11778 -0.925379
      vertex 0.636742 -2.04079 -0.89391
    endloop
  endfacet
  facet normal -0.877619 0.479359 0
    outer loop
      vertex 0.588877 -2.12845 -19.0714
      vertex 0.594705 -2.11778 -0.925379
      vertex 0.594705 -2.11778 -19.0746
    endloop
  endfacet
  facet normal -0.877619 0.479359 0
    outer loop
      vertex 0.594705 -2.11778 -0.925379
      vertex 0.588877 -2.12845 -19.0714
      vertex 0.588877 -2.12845 -0.928561
    endloop
  endfacet
  facet normal 0.997452 0.0713396 0
    outer loop
      vertex -0.692875 -1.84962 -20.8519
      vertex -0.7 -1.75 -24.9499
      vertex -0.7 -1.75 -20.8466
    endloop
  endfacet
  facet normal 0.997452 0.0713396 0
    outer loop
      vertex -0.7 -1.75 -24.9499
      vertex -0.692875 -1.84962 -20.8519
      vertex -0.692875 -1.84962 -24.9504
    endloop
  endfacet
  facet normal 0.997452 0.0713396 -0
    outer loop
      vertex -0.692875 -1.84962 0.851889
      vertex -0.7 -1.75 5.44993
      vertex -0.692875 -1.84962 5.45044
    endloop
  endfacet
  facet normal 0.997452 0.0713396 0
    outer loop
      vertex -0.7 -1.75 5.44993
      vertex -0.692875 -1.84962 0.851889
      vertex -0.7 -1.75 0.846555
    endloop
  endfacet
  facet normal 0.997452 0.0713396 0
    outer loop
      vertex -0.692875 -1.84962 -0.851889
      vertex -0.7 -1.75 -19.1534
      vertex -0.7 -1.75 -0.846555
    endloop
  endfacet
  facet normal 0.997452 0.0713396 0
    outer loop
      vertex -0.7 -1.75 -19.1534
      vertex -0.692875 -1.84962 -0.851889
      vertex -0.692875 -1.84962 -19.1481
    endloop
  endfacet
  facet normal 0.877692 0.479225 0
    outer loop
      vertex -0.594705 -2.11778 -20.9254
      vertex -0.636742 -2.04079 -24.9545
      vertex -0.636742 -2.04079 -20.8939
    endloop
  endfacet
  facet normal 0.877619 0.479358 3.30714e-06
    outer loop
      vertex -0.588877 -2.12845 -20.9286
      vertex -0.636742 -2.04079 -24.9545
      vertex -0.594705 -2.11778 -20.9254
    endloop
  endfacet
  facet normal 0.877683 0.479241 0
    outer loop
      vertex -0.636742 -2.04079 -24.9545
      vertex -0.588877 -2.12845 -20.9286
      vertex -0.588877 -2.12845 -24.9579
    endloop
  endfacet
  facet normal 0.877692 0.479225 0
    outer loop
      vertex -0.636742 -2.04079 5.45446
      vertex -0.594705 -2.11778 0.925379
      vertex -0.636742 -2.04079 0.89391
    endloop
  endfacet
  facet normal 0.877683 0.479241 -0
    outer loop
      vertex -0.588877 -2.12845 0.928561
      vertex -0.636742 -2.04079 5.45446
      vertex -0.588877 -2.12845 5.45788
    endloop
  endfacet
  facet normal 0.877619 0.479359 -2.94399e-06
    outer loop
      vertex -0.636742 -2.04079 5.45446
      vertex -0.588877 -2.12845 0.928561
      vertex -0.594705 -2.11778 0.925379
    endloop
  endfacet
  facet normal 0.877692 0.479225 0
    outer loop
      vertex -0.594705 -2.11778 -0.925379
      vertex -0.636742 -2.04079 -19.1061
      vertex -0.636742 -2.04079 -0.89391
    endloop
  endfacet
  facet normal 0.877692 0.479225 0
    outer loop
      vertex -0.594705 -2.11778 -0.925379
      vertex -0.594705 -2.11778 -19.0746
      vertex -0.636742 -2.04079 -19.1061
    endloop
  endfacet
  facet normal 0.877619 0.479359 0
    outer loop
      vertex -0.588877 -2.12845 -0.928561
      vertex -0.594705 -2.11778 -19.0746
      vertex -0.594705 -2.11778 -0.925379
    endloop
  endfacet
  facet normal 0.877619 0.479359 0
    outer loop
      vertex -0.594705 -2.11778 -19.0746
      vertex -0.588877 -2.12845 -0.928561
      vertex -0.588877 -2.12845 -19.0714
    endloop
  endfacet
  facet normal -0.212649 0.977129 0
    outer loop
      vertex 0.197212 -2.42164 -24.9859
      vertex 0.156546 -2.43049 -21.0888
      vertex 0.197212 -2.42164 -21.08
    endloop
  endfacet
  facet normal -0.212508 0.977159 1.54446e-06
    outer loop
      vertex 0.197212 -2.42164 -24.9859
      vertex 0.0996199 -2.44287 -21.0929
      vertex 0.156546 -2.43049 -21.0888
    endloop
  endfacet
  facet normal -0.212567 0.977147 0
    outer loop
      vertex 0.0996199 -2.44287 -21.0929
      vertex 0.197212 -2.42164 -24.9859
      vertex 0.0996199 -2.44287 -24.9929
    endloop
  endfacet
  facet normal -0.212567 0.977147 0
    outer loop
      vertex 0.197212 -2.42164 5.4859
      vertex 0.0996199 -2.44287 1.09287
      vertex 0.0996199 -2.44287 5.49288
    endloop
  endfacet
  facet normal -0.212508 0.977159 -1.36896e-06
    outer loop
      vertex 0.197212 -2.42164 5.4859
      vertex 0.156546 -2.43049 1.0888
      vertex 0.0996199 -2.44287 1.09287
    endloop
  endfacet
  facet normal -0.212649 0.977129 0
    outer loop
      vertex 0.156546 -2.43049 1.0888
      vertex 0.197212 -2.42164 5.4859
      vertex 0.197212 -2.42164 1.07996
    endloop
  endfacet
  facet normal -0.212508 0.977159 0
    outer loop
      vertex 0.156546 -2.43049 -1.0888
      vertex 0.0996199 -2.44287 -18.9071
      vertex 0.0996199 -2.44287 -1.09287
    endloop
  endfacet
  facet normal -0.212649 0.977129 0
    outer loop
      vertex 0.156546 -2.43049 -18.9112
      vertex 0.156546 -2.43049 -1.0888
      vertex 0.197212 -2.42164 -1.07996
    endloop
  endfacet
  facet normal -0.212508 0.977159 0
    outer loop
      vertex 0.156546 -2.43049 -1.0888
      vertex 0.156546 -2.43049 -18.9112
      vertex 0.0996199 -2.44287 -18.9071
    endloop
  endfacet
  facet normal -0.212649 0.977129 0
    outer loop
      vertex 0.156546 -2.43049 -18.9112
      vertex 0.197212 -2.42164 -1.07996
      vertex 0.197212 -2.42164 -18.92
    endloop
  endfacet
  facet normal -0.707097 0.707117 0
    outer loop
      vertex 0.458402 -2.27902 -20.9998
      vertex 0.529024 -2.2084 -24.9622
      vertex 0.458402 -2.27902 -24.9672
    endloop
  endfacet
  facet normal -0.707097 0.707117 0
    outer loop
      vertex 0.529024 -2.2084 -24.9622
      vertex 0.458402 -2.27902 -20.9998
      vertex 0.529024 -2.2084 -20.9612
    endloop
  endfacet
  facet normal -0.707097 0.707117 0
    outer loop
      vertex 0.458402 -2.27902 0.999806
      vertex 0.529024 -2.2084 5.46216
      vertex 0.529024 -2.2084 0.961243
    endloop
  endfacet
  facet normal -0.707097 0.707117 0
    outer loop
      vertex 0.529024 -2.2084 5.46216
      vertex 0.458402 -2.27902 0.999806
      vertex 0.458402 -2.27902 5.46721
    endloop
  endfacet
  facet normal -0.707097 0.707117 0
    outer loop
      vertex 0.458402 -2.27902 -19.0002
      vertex 0.529024 -2.2084 -0.961243
      vertex 0.529024 -2.2084 -19.0388
    endloop
  endfacet
  facet normal -0.707097 0.707117 0
    outer loop
      vertex 0.529024 -2.2084 -0.961243
      vertex 0.458402 -2.27902 -19.0002
      vertex 0.458402 -2.27902 -0.999806
    endloop
  endfacet
  facet normal -0.977144 -0.212581 0
    outer loop
      vertex 0.692875 -1.65038 -24.9504
      vertex 0.671644 -1.55279 -20.8678
      vertex 0.671644 -1.55279 -24.952
    endloop
  endfacet
  facet normal -0.977144 -0.212581 0
    outer loop
      vertex 0.671644 -1.55279 -20.8678
      vertex 0.692875 -1.65038 -24.9504
      vertex 0.692875 -1.65038 -20.8519
    endloop
  endfacet
  facet normal -0.977144 -0.212581 -0
    outer loop
      vertex 0.692875 -1.65038 5.45044
      vertex 0.671644 -1.55279 0.867782
      vertex 0.692875 -1.65038 0.851889
    endloop
  endfacet
  facet normal -0.977144 -0.212581 0
    outer loop
      vertex 0.671644 -1.55279 0.867782
      vertex 0.692875 -1.65038 5.45044
      vertex 0.671644 -1.55279 5.45196
    endloop
  endfacet
  facet normal -0.977144 -0.212581 0
    outer loop
      vertex 0.692875 -1.65038 -19.1481
      vertex 0.671644 -1.55279 -0.867782
      vertex 0.671644 -1.55279 -19.1322
    endloop
  endfacet
  facet normal -0.977144 -0.212581 0
    outer loop
      vertex 0.671644 -1.55279 -0.867782
      vertex 0.692875 -1.65038 -19.1481
      vertex 0.692875 -1.65038 -0.851889
    endloop
  endfacet
  facet normal -0.707147 -0.707067 0
    outer loop
      vertex 0.529024 -1.2916 -24.9622
      vertex 0.458402 -1.22097 -20.9998
      vertex 0.458402 -1.22097 -24.9672
    endloop
  endfacet
  facet normal -0.707147 -0.707067 0
    outer loop
      vertex 0.458402 -1.22097 -20.9998
      vertex 0.529024 -1.2916 -24.9622
      vertex 0.529024 -1.2916 -20.9612
    endloop
  endfacet
  facet normal -0.707147 -0.707067 -0
    outer loop
      vertex 0.529024 -1.2916 5.46216
      vertex 0.458402 -1.22097 0.999806
      vertex 0.529024 -1.2916 0.961243
    endloop
  endfacet
  facet normal -0.707147 -0.707067 0
    outer loop
      vertex 0.458402 -1.22097 0.999806
      vertex 0.529024 -1.2916 5.46216
      vertex 0.458402 -1.22097 5.46721
    endloop
  endfacet
  facet normal -0.707147 -0.707067 0
    outer loop
      vertex 0.529024 -1.2916 -19.0388
      vertex 0.458402 -1.22097 -0.999806
      vertex 0.458402 -1.22097 -19.0002
    endloop
  endfacet
  facet normal -0.707147 -0.707067 0
    outer loop
      vertex 0.458402 -1.22097 -0.999806
      vertex 0.529024 -1.2916 -19.0388
      vertex 0.529024 -1.2916 -0.961243
    endloop
  endfacet
  facet normal -0.936955 0.349451 0
    outer loop
      vertex 0.636742 -2.04079 -20.8939
      vertex 0.671644 -1.94721 -24.952
      vertex 0.636742 -2.04079 -24.9545
    endloop
  endfacet
  facet normal -0.936955 0.349451 0
    outer loop
      vertex 0.671644 -1.94721 -24.952
      vertex 0.636742 -2.04079 -20.8939
      vertex 0.671644 -1.94721 -20.8678
    endloop
  endfacet
  facet normal -0.936955 0.349451 0
    outer loop
      vertex 0.636742 -2.04079 0.89391
      vertex 0.671644 -1.94721 5.45196
      vertex 0.671644 -1.94721 0.867782
    endloop
  endfacet
  facet normal -0.936955 0.349451 0
    outer loop
      vertex 0.671644 -1.94721 5.45196
      vertex 0.636742 -2.04079 0.89391
      vertex 0.636742 -2.04079 5.45446
    endloop
  endfacet
  facet normal -0.936955 0.349451 0
    outer loop
      vertex 0.636742 -2.04079 -19.1061
      vertex 0.671644 -1.94721 -0.867782
      vertex 0.671644 -1.94721 -19.1322
    endloop
  endfacet
  facet normal -0.936955 0.349451 0
    outer loop
      vertex 0.671644 -1.94721 -0.867782
      vertex 0.636742 -2.04079 -19.1061
      vertex 0.636742 -2.04079 -0.89391
    endloop
  endfacet
  facet normal 0.212649 0.977129 0
    outer loop
      vertex -0.156546 -2.43049 -21.0888
      vertex -0.197212 -2.42164 -24.9859
      vertex -0.197212 -2.42164 -21.08
    endloop
  endfacet
  facet normal 0.212508 0.977159 1.54446e-06
    outer loop
      vertex -0.0996199 -2.44287 -21.0929
      vertex -0.197212 -2.42164 -24.9859
      vertex -0.156546 -2.43049 -21.0888
    endloop
  endfacet
  facet normal 0.212567 0.977147 0
    outer loop
      vertex -0.197212 -2.42164 -24.9859
      vertex -0.0996199 -2.44287 -21.0929
      vertex -0.0996199 -2.44287 -24.9929
    endloop
  endfacet
  facet normal 0.212567 0.977147 -0
    outer loop
      vertex -0.0996199 -2.44287 1.09287
      vertex -0.197212 -2.42164 5.4859
      vertex -0.0996199 -2.44287 5.49288
    endloop
  endfacet
  facet normal 0.212508 0.977159 -1.36896e-06
    outer loop
      vertex -0.156546 -2.43049 1.0888
      vertex -0.197212 -2.42164 5.4859
      vertex -0.0996199 -2.44287 1.09287
    endloop
  endfacet
  facet normal 0.212649 0.977129 0
    outer loop
      vertex -0.197212 -2.42164 5.4859
      vertex -0.156546 -2.43049 1.0888
      vertex -0.197212 -2.42164 1.07996
    endloop
  endfacet
  facet normal 0.212508 0.977159 -0
    outer loop
      vertex -0.0996199 -2.44287 -18.9071
      vertex -0.156546 -2.43049 -1.0888
      vertex -0.0996199 -2.44287 -1.09287
    endloop
  endfacet
  facet normal 0.212508 0.977159 -0
    outer loop
      vertex -0.156546 -2.43049 -18.9112
      vertex -0.156546 -2.43049 -1.0888
      vertex -0.0996199 -2.44287 -18.9071
    endloop
  endfacet
  facet normal 0.212649 0.977129 0
    outer loop
      vertex -0.156546 -2.43049 -1.0888
      vertex -0.156546 -2.43049 -18.9112
      vertex -0.197212 -2.42164 -1.07996
    endloop
  endfacet
  facet normal 0.212649 0.977129 0
    outer loop
      vertex -0.197212 -2.42164 -1.07996
      vertex -0.156546 -2.43049 -18.9112
      vertex -0.197212 -2.42164 -18.92
    endloop
  endfacet
  facet normal 0.0713894 0.997449 0
    outer loop
      vertex 0 -2.45 -21.1
      vertex -0.0996199 -2.44287 -24.9929
      vertex -0.0996199 -2.44287 -21.0929
    endloop
  endfacet
  facet normal 0.0713894 0.997449 0
    outer loop
      vertex -0.0996199 -2.44287 -24.9929
      vertex 0 -2.45 -21.1
      vertex 0 -2.45 -25
    endloop
  endfacet
  facet normal 0.0713894 0.997449 -0
    outer loop
      vertex 0 -2.45 1.1
      vertex -0.0996199 -2.44287 5.49288
      vertex 0 -2.45 5.5
    endloop
  endfacet
  facet normal 0.0713894 0.997449 0
    outer loop
      vertex -0.0996199 -2.44287 5.49288
      vertex 0 -2.45 1.1
      vertex -0.0996199 -2.44287 1.09287
    endloop
  endfacet
  facet normal 0.0713894 0.997449 -0
    outer loop
      vertex 0 -2.45 -18.9
      vertex -0.0996199 -2.44287 -1.09287
      vertex 0 -2.45 -1.1
    endloop
  endfacet
  facet normal 0.0713894 0.997449 0
    outer loop
      vertex -0.0996199 -2.44287 -1.09287
      vertex 0 -2.45 -18.9
      vertex -0.0996199 -2.44287 -18.9071
    endloop
  endfacet
  facet normal 0.936955 0.349451 0
    outer loop
      vertex -0.636742 -2.04079 -20.8939
      vertex -0.671644 -1.94721 -24.952
      vertex -0.671644 -1.94721 -20.8678
    endloop
  endfacet
  facet normal 0.936955 0.349451 0
    outer loop
      vertex -0.671644 -1.94721 -24.952
      vertex -0.636742 -2.04079 -20.8939
      vertex -0.636742 -2.04079 -24.9545
    endloop
  endfacet
  facet normal 0.936955 0.349451 -0
    outer loop
      vertex -0.636742 -2.04079 0.89391
      vertex -0.671644 -1.94721 5.45196
      vertex -0.636742 -2.04079 5.45446
    endloop
  endfacet
  facet normal 0.936955 0.349451 0
    outer loop
      vertex -0.671644 -1.94721 5.45196
      vertex -0.636742 -2.04079 0.89391
      vertex -0.671644 -1.94721 0.867782
    endloop
  endfacet
  facet normal 0.936955 0.349451 0
    outer loop
      vertex -0.636742 -2.04079 -0.89391
      vertex -0.671644 -1.94721 -19.1322
      vertex -0.671644 -1.94721 -0.867782
    endloop
  endfacet
  facet normal 0.936955 0.349451 0
    outer loop
      vertex -0.671644 -1.94721 -19.1322
      vertex -0.636742 -2.04079 -0.89391
      vertex -0.636742 -2.04079 -19.1061
    endloop
  endfacet
  facet normal 0.977144 0.212581 0
    outer loop
      vertex -0.671644 -1.94721 -20.8678
      vertex -0.692875 -1.84962 -24.9504
      vertex -0.692875 -1.84962 -20.8519
    endloop
  endfacet
  facet normal 0.977144 0.212581 0
    outer loop
      vertex -0.692875 -1.84962 -24.9504
      vertex -0.671644 -1.94721 -20.8678
      vertex -0.671644 -1.94721 -24.952
    endloop
  endfacet
  facet normal 0.977144 0.212581 -0
    outer loop
      vertex -0.671644 -1.94721 0.867782
      vertex -0.692875 -1.84962 5.45044
      vertex -0.671644 -1.94721 5.45196
    endloop
  endfacet
  facet normal 0.977144 0.212581 0
    outer loop
      vertex -0.692875 -1.84962 5.45044
      vertex -0.671644 -1.94721 0.867782
      vertex -0.692875 -1.84962 0.851889
    endloop
  endfacet
  facet normal 0.977144 0.212581 0
    outer loop
      vertex -0.671644 -1.94721 -0.867782
      vertex -0.692875 -1.84962 -19.1481
      vertex -0.692875 -1.84962 -0.851889
    endloop
  endfacet
  facet normal 0.977144 0.212581 0
    outer loop
      vertex -0.692875 -1.84962 -19.1481
      vertex -0.671644 -1.94721 -0.867782
      vertex -0.671644 -1.94721 -19.1322
    endloop
  endfacet
  facet normal -0.479177 0.877718 0
    outer loop
      vertex 0.378448 -2.33888 -24.9729
      vertex 0.309905 -2.3763 -21.0554
      vertex 0.378448 -2.33888 -21.0299
    endloop
  endfacet
  facet normal -0.479334 0.877633 -3.56816e-06
    outer loop
      vertex 0.378448 -2.33888 -24.9729
      vertex 0.29079 -2.38674 -21.0596
      vertex 0.309905 -2.3763 -21.0554
    endloop
  endfacet
  facet normal -0.479211 0.8777 0
    outer loop
      vertex 0.29079 -2.38674 -21.0596
      vertex 0.378448 -2.33888 -24.9729
      vertex 0.29079 -2.38674 -24.9792
    endloop
  endfacet
  facet normal -0.479211 0.8777 0
    outer loop
      vertex 0.378448 -2.33888 5.47293
      vertex 0.29079 -2.38674 1.0596
      vertex 0.29079 -2.38674 5.4792
    endloop
  endfacet
  facet normal -0.479334 0.877633 3.16578e-06
    outer loop
      vertex 0.378448 -2.33888 5.47293
      vertex 0.309905 -2.3763 1.05544
      vertex 0.29079 -2.38674 1.0596
    endloop
  endfacet
  facet normal -0.479177 0.877718 0
    outer loop
      vertex 0.309905 -2.3763 1.05544
      vertex 0.378448 -2.33888 5.47293
      vertex 0.378448 -2.33888 1.02988
    endloop
  endfacet
  facet normal -0.479335 0.877632 0
    outer loop
      vertex 0.309905 -2.3763 -1.05544
      vertex 0.29079 -2.38674 -18.9404
      vertex 0.29079 -2.38674 -1.0596
    endloop
  endfacet
  facet normal -0.479177 0.877718 0
    outer loop
      vertex 0.309905 -2.3763 -18.9446
      vertex 0.309905 -2.3763 -1.05544
      vertex 0.378448 -2.33888 -1.02988
    endloop
  endfacet
  facet normal -0.479335 0.877632 0
    outer loop
      vertex 0.309905 -2.3763 -1.05544
      vertex 0.309905 -2.3763 -18.9446
      vertex 0.29079 -2.38674 -18.9404
    endloop
  endfacet
  facet normal -0.479177 0.877718 0
    outer loop
      vertex 0.309905 -2.3763 -18.9446
      vertex 0.378448 -2.33888 -1.02988
      vertex 0.378448 -2.33888 -18.9701
    endloop
  endfacet
  facet normal -0.34944 0.936959 0
    outer loop
      vertex 0.29079 -2.38674 -24.9792
      vertex 0.197212 -2.42164 -21.08
      vertex 0.29079 -2.38674 -21.0596
    endloop
  endfacet
  facet normal -0.34944 0.936959 0
    outer loop
      vertex 0.197212 -2.42164 -21.08
      vertex 0.29079 -2.38674 -24.9792
      vertex 0.197212 -2.42164 -24.9859
    endloop
  endfacet
  facet normal -0.34944 0.936959 0
    outer loop
      vertex 0.29079 -2.38674 5.4792
      vertex 0.197212 -2.42164 1.07996
      vertex 0.197212 -2.42164 5.4859
    endloop
  endfacet
  facet normal -0.34944 0.936959 0
    outer loop
      vertex 0.197212 -2.42164 1.07996
      vertex 0.29079 -2.38674 5.4792
      vertex 0.29079 -2.38674 1.0596
    endloop
  endfacet
  facet normal -0.34944 0.936959 0
    outer loop
      vertex 0.29079 -2.38674 -1.0596
      vertex 0.197212 -2.42164 -18.92
      vertex 0.197212 -2.42164 -1.07996
    endloop
  endfacet
  facet normal -0.34944 0.936959 0
    outer loop
      vertex 0.197212 -2.42164 -18.92
      vertex 0.29079 -2.38674 -1.0596
      vertex 0.29079 -2.38674 -18.9404
    endloop
  endfacet
  facet normal -0.800526 0.599298 0
    outer loop
      vertex 0.529024 -2.2084 -20.9612
      vertex 0.588877 -2.12845 -24.9579
      vertex 0.529024 -2.2084 -24.9622
    endloop
  endfacet
  facet normal -0.800526 0.599298 0
    outer loop
      vertex 0.588877 -2.12845 -24.9579
      vertex 0.529024 -2.2084 -20.9612
      vertex 0.588877 -2.12845 -20.9286
    endloop
  endfacet
  facet normal -0.800526 0.599298 0
    outer loop
      vertex 0.529024 -2.2084 0.961243
      vertex 0.588877 -2.12845 5.45788
      vertex 0.588877 -2.12845 0.928561
    endloop
  endfacet
  facet normal -0.800526 0.599298 0
    outer loop
      vertex 0.588877 -2.12845 5.45788
      vertex 0.529024 -2.2084 0.961243
      vertex 0.529024 -2.2084 5.46216
    endloop
  endfacet
  facet normal -0.800526 0.599298 0
    outer loop
      vertex 0.529024 -2.2084 -19.0388
      vertex 0.588877 -2.12845 -0.928561
      vertex 0.588877 -2.12845 -19.0714
    endloop
  endfacet
  facet normal -0.800526 0.599298 0
    outer loop
      vertex 0.588877 -2.12845 -0.928561
      vertex 0.529024 -2.2084 -19.0388
      vertex 0.529024 -2.2084 -0.961243
    endloop
  endfacet
  facet normal 0.601942 0.79854 0
    outer loop
      vertex -0.456956 -2.28011 -21.0006
      vertex -0.458402 -2.27902 -24.9672
      vertex -0.458402 -2.27902 -20.9998
    endloop
  endfacet
  facet normal 0.599276 0.800543 1.52242e-06
    outer loop
      vertex -0.378448 -2.33888 -21.0299
      vertex -0.458402 -2.27902 -24.9672
      vertex -0.456956 -2.28011 -21.0006
    endloop
  endfacet
  facet normal 0.599324 0.800507 0
    outer loop
      vertex -0.458402 -2.27902 -24.9672
      vertex -0.378448 -2.33888 -21.0299
      vertex -0.378448 -2.33888 -24.9729
    endloop
  endfacet
  facet normal 0.599324 0.800507 -0
    outer loop
      vertex -0.378448 -2.33888 1.02988
      vertex -0.458402 -2.27902 5.46721
      vertex -0.378448 -2.33888 5.47293
    endloop
  endfacet
  facet normal 0.599276 0.800543 -1.35202e-06
    outer loop
      vertex -0.456956 -2.28011 1.0006
      vertex -0.458402 -2.27902 5.46721
      vertex -0.378448 -2.33888 1.02988
    endloop
  endfacet
  facet normal 0.601942 0.79854 0
    outer loop
      vertex -0.458402 -2.27902 5.46721
      vertex -0.456956 -2.28011 1.0006
      vertex -0.458402 -2.27902 0.999806
    endloop
  endfacet
  facet normal 0.599275 0.800543 -0
    outer loop
      vertex -0.378448 -2.33888 -18.9701
      vertex -0.456956 -2.28011 -1.0006
      vertex -0.378448 -2.33888 -1.02988
    endloop
  endfacet
  facet normal 0.599275 0.800543 -0
    outer loop
      vertex -0.456956 -2.28011 -18.9994
      vertex -0.456956 -2.28011 -1.0006
      vertex -0.378448 -2.33888 -18.9701
    endloop
  endfacet
  facet normal 0.601942 0.79854 0
    outer loop
      vertex -0.456956 -2.28011 -1.0006
      vertex -0.456956 -2.28011 -18.9994
      vertex -0.458402 -2.27902 -0.999806
    endloop
  endfacet
  facet normal 0.601942 0.79854 0
    outer loop
      vertex -0.458402 -2.27902 -0.999806
      vertex -0.456956 -2.28011 -18.9994
      vertex -0.458402 -2.27902 -19.0002
    endloop
  endfacet
  facet normal -0.0713894 0.997449 0
    outer loop
      vertex 0.0996199 -2.44287 -24.9929
      vertex 0 -2.45 -21.1
      vertex 0.0996199 -2.44287 -21.0929
    endloop
  endfacet
  facet normal -0.0713894 0.997449 0
    outer loop
      vertex 0 -2.45 -21.1
      vertex 0.0996199 -2.44287 -24.9929
      vertex 0 -2.45 -25
    endloop
  endfacet
  facet normal -0.0713894 0.997449 0
    outer loop
      vertex 0.0996199 -2.44287 5.49288
      vertex 0 -2.45 1.1
      vertex 0 -2.45 5.5
    endloop
  endfacet
  facet normal -0.0713894 0.997449 0
    outer loop
      vertex 0 -2.45 1.1
      vertex 0.0996199 -2.44287 5.49288
      vertex 0.0996199 -2.44287 1.09287
    endloop
  endfacet
  facet normal -0.0713894 0.997449 0
    outer loop
      vertex 0.0996199 -2.44287 -1.09287
      vertex 0 -2.45 -18.9
      vertex 0 -2.45 -1.1
    endloop
  endfacet
  facet normal -0.0713894 0.997449 0
    outer loop
      vertex 0 -2.45 -18.9
      vertex 0.0996199 -2.44287 -1.09287
      vertex 0.0996199 -2.44287 -18.9071
    endloop
  endfacet
  facet normal 0.800526 0.599298 0
    outer loop
      vertex -0.529024 -2.2084 -20.9612
      vertex -0.588877 -2.12845 -24.9579
      vertex -0.588877 -2.12845 -20.9286
    endloop
  endfacet
  facet normal 0.800526 0.599298 0
    outer loop
      vertex -0.588877 -2.12845 -24.9579
      vertex -0.529024 -2.2084 -20.9612
      vertex -0.529024 -2.2084 -24.9622
    endloop
  endfacet
  facet normal 0.800526 0.599298 -0
    outer loop
      vertex -0.529024 -2.2084 0.961243
      vertex -0.588877 -2.12845 5.45788
      vertex -0.529024 -2.2084 5.46216
    endloop
  endfacet
  facet normal 0.800526 0.599298 0
    outer loop
      vertex -0.588877 -2.12845 5.45788
      vertex -0.529024 -2.2084 0.961243
      vertex -0.588877 -2.12845 0.928561
    endloop
  endfacet
  facet normal 0.800526 0.599298 0
    outer loop
      vertex -0.529024 -2.2084 -0.961243
      vertex -0.588877 -2.12845 -19.0714
      vertex -0.588877 -2.12845 -0.928561
    endloop
  endfacet
  facet normal 0.800526 0.599298 0
    outer loop
      vertex -0.588877 -2.12845 -19.0714
      vertex -0.529024 -2.2084 -0.961243
      vertex -0.529024 -2.2084 -19.0388
    endloop
  endfacet
  facet normal 0.707097 0.707117 0
    outer loop
      vertex -0.458402 -2.27902 -20.9998
      vertex -0.529024 -2.2084 -24.9622
      vertex -0.529024 -2.2084 -20.9612
    endloop
  endfacet
  facet normal 0.707097 0.707117 0
    outer loop
      vertex -0.529024 -2.2084 -24.9622
      vertex -0.458402 -2.27902 -20.9998
      vertex -0.458402 -2.27902 -24.9672
    endloop
  endfacet
  facet normal 0.707097 0.707117 -0
    outer loop
      vertex -0.458402 -2.27902 0.999806
      vertex -0.529024 -2.2084 5.46216
      vertex -0.458402 -2.27902 5.46721
    endloop
  endfacet
  facet normal 0.707097 0.707117 0
    outer loop
      vertex -0.529024 -2.2084 5.46216
      vertex -0.458402 -2.27902 0.999806
      vertex -0.529024 -2.2084 0.961243
    endloop
  endfacet
  facet normal 0.707097 0.707117 0
    outer loop
      vertex -0.458402 -2.27902 -0.999806
      vertex -0.529024 -2.2084 -19.0388
      vertex -0.529024 -2.2084 -0.961243
    endloop
  endfacet
  facet normal 0.707097 0.707117 0
    outer loop
      vertex -0.529024 -2.2084 -19.0388
      vertex -0.458402 -2.27902 -0.999806
      vertex -0.458402 -2.27902 -19.0002
    endloop
  endfacet
  facet normal 0.479177 0.877718 0
    outer loop
      vertex -0.309905 -2.3763 -21.0554
      vertex -0.378448 -2.33888 -24.9729
      vertex -0.378448 -2.33888 -21.0299
    endloop
  endfacet
  facet normal 0.479334 0.877633 -3.56816e-06
    outer loop
      vertex -0.29079 -2.38674 -21.0596
      vertex -0.378448 -2.33888 -24.9729
      vertex -0.309905 -2.3763 -21.0554
    endloop
  endfacet
  facet normal 0.479211 0.8777 0
    outer loop
      vertex -0.378448 -2.33888 -24.9729
      vertex -0.29079 -2.38674 -21.0596
      vertex -0.29079 -2.38674 -24.9792
    endloop
  endfacet
  facet normal 0.479211 0.8777 -0
    outer loop
      vertex -0.29079 -2.38674 1.0596
      vertex -0.378448 -2.33888 5.47293
      vertex -0.29079 -2.38674 5.4792
    endloop
  endfacet
  facet normal 0.479334 0.877633 3.16578e-06
    outer loop
      vertex -0.309905 -2.3763 1.05544
      vertex -0.378448 -2.33888 5.47293
      vertex -0.29079 -2.38674 1.0596
    endloop
  endfacet
  facet normal 0.479177 0.877718 0
    outer loop
      vertex -0.378448 -2.33888 5.47293
      vertex -0.309905 -2.3763 1.05544
      vertex -0.378448 -2.33888 1.02988
    endloop
  endfacet
  facet normal 0.479335 0.877632 -0
    outer loop
      vertex -0.29079 -2.38674 -18.9404
      vertex -0.309905 -2.3763 -1.05544
      vertex -0.29079 -2.38674 -1.0596
    endloop
  endfacet
  facet normal 0.479335 0.877632 -0
    outer loop
      vertex -0.309905 -2.3763 -18.9446
      vertex -0.309905 -2.3763 -1.05544
      vertex -0.29079 -2.38674 -18.9404
    endloop
  endfacet
  facet normal 0.479177 0.877718 0
    outer loop
      vertex -0.309905 -2.3763 -1.05544
      vertex -0.309905 -2.3763 -18.9446
      vertex -0.378448 -2.33888 -1.02988
    endloop
  endfacet
  facet normal 0.479177 0.877718 0
    outer loop
      vertex -0.378448 -2.33888 -1.02988
      vertex -0.309905 -2.3763 -18.9446
      vertex -0.378448 -2.33888 -18.9701
    endloop
  endfacet
  facet normal 0.34944 0.936959 0
    outer loop
      vertex -0.197212 -2.42164 -21.08
      vertex -0.29079 -2.38674 -24.9792
      vertex -0.29079 -2.38674 -21.0596
    endloop
  endfacet
  facet normal 0.34944 0.936959 0
    outer loop
      vertex -0.29079 -2.38674 -24.9792
      vertex -0.197212 -2.42164 -21.08
      vertex -0.197212 -2.42164 -24.9859
    endloop
  endfacet
  facet normal 0.34944 0.936959 -0
    outer loop
      vertex -0.197212 -2.42164 1.07996
      vertex -0.29079 -2.38674 5.4792
      vertex -0.197212 -2.42164 5.4859
    endloop
  endfacet
  facet normal 0.34944 0.936959 0
    outer loop
      vertex -0.29079 -2.38674 5.4792
      vertex -0.197212 -2.42164 1.07996
      vertex -0.29079 -2.38674 1.0596
    endloop
  endfacet
  facet normal 0.34944 0.936959 -0
    outer loop
      vertex -0.197212 -2.42164 -18.92
      vertex -0.29079 -2.38674 -1.0596
      vertex -0.197212 -2.42164 -1.07996
    endloop
  endfacet
  facet normal 0.34944 0.936959 0
    outer loop
      vertex -0.29079 -2.38674 -1.0596
      vertex -0.197212 -2.42164 -18.92
      vertex -0.29079 -2.38674 -18.9404
    endloop
  endfacet
  facet normal -0.997451 0 -0.0713591
    outer loop
      vertex 1.6 1.6 -18
      vertex 1.58371 3.5 -17.7723
      vertex 1.6 3.5 -18
    endloop
  endfacet
  facet normal -0.997451 -0 -0.0713591
    outer loop
      vertex 1.58371 3.5 -17.7723
      vertex 1.6 1.6 -18
      vertex 1.58371 1.6 -17.7723
    endloop
  endfacet
  facet normal -0.599253 0 -0.800559
    outer loop
      vertex 0.865025 1.6 -16.654
      vertex 1.04778 3.5 -16.7908
      vertex 1.04778 1.6 -16.7908
    endloop
  endfacet
  facet normal -0.599253 0 -0.800559
    outer loop
      vertex 1.04778 3.5 -16.7908
      vertex 0.865025 1.6 -16.654
      vertex 0.865025 3.5 -16.654
    endloop
  endfacet
  facet normal 0.34955 0 -0.936918
    outer loop
      vertex -0.664663 1.6 -16.5446
      vertex -0.450771 3.5 -16.4648
      vertex -0.450771 1.6 -16.4648
    endloop
  endfacet
  facet normal 0.34955 0 -0.936918
    outer loop
      vertex -0.450771 3.5 -16.4648
      vertex -0.664663 1.6 -16.5446
      vertex -0.664663 3.5 -16.5446
    endloop
  endfacet
  facet normal 0.936951 0 -0.349462
    outer loop
      vertex -1.45541 1.6 -17.3353
      vertex -1.53519 3.5 -17.5492
      vertex -1.45541 3.5 -17.3353
    endloop
  endfacet
  facet normal 0.936951 0 -0.349462
    outer loop
      vertex -1.53519 3.5 -17.5492
      vertex -1.45541 1.6 -17.3353
      vertex -1.53519 1.6 -17.5492
    endloop
  endfacet
  facet normal -0.707063 0 -0.707151
    outer loop
      vertex 1.2092 1.6 -16.9522
      vertex 1.04778 3.5 -16.7908
      vertex 1.2092 3.5 -16.9522
    endloop
  endfacet
  facet normal -0.707063 -0 -0.707151
    outer loop
      vertex 1.04778 3.5 -16.7908
      vertex 1.2092 1.6 -16.9522
      vertex 1.04778 1.6 -16.7908
    endloop
  endfacet
  facet normal -0.0714018 0 -0.997448
    outer loop
      vertex 0 1.6 -16.4
      vertex 0.227703 3.5 -16.4163
      vertex 0.227703 1.6 -16.4163
    endloop
  endfacet
  facet normal -0.0714018 0 -0.997448
    outer loop
      vertex 0.227703 3.5 -16.4163
      vertex 0 1.6 -16.4
      vertex 0 3.5 -16.4
    endloop
  endfacet
  facet normal 0.997451 0 -0.0713591
    outer loop
      vertex -1.58371 1.6 -17.7723
      vertex -1.6 3.5 -18
      vertex -1.58371 3.5 -17.7723
    endloop
  endfacet
  facet normal 0.997451 0 -0.0713591
    outer loop
      vertex -1.6 3.5 -18
      vertex -1.58371 1.6 -17.7723
      vertex -1.6 1.6 -18
    endloop
  endfacet
  facet normal -0.936951 0 0.349462
    outer loop
      vertex 1.45541 1.6 -18.6647
      vertex 1.53519 3.5 -18.4508
      vertex 1.45541 3.5 -18.6647
    endloop
  endfacet
  facet normal -0.936951 0 0.349462
    outer loop
      vertex 1.53519 3.5 -18.4508
      vertex 1.45541 1.6 -18.6647
      vertex 1.53519 1.6 -18.4508
    endloop
  endfacet
  facet normal -0.707063 0 0.707151
    outer loop
      vertex 1.04778 1.6 -19.2092
      vertex 1.2092 3.5 -19.0478
      vertex 1.04778 3.5 -19.2092
    endloop
  endfacet
  facet normal -0.707063 0 0.707151
    outer loop
      vertex 1.2092 3.5 -19.0478
      vertex 1.04778 1.6 -19.2092
      vertex 1.2092 1.6 -19.0478
    endloop
  endfacet
  facet normal 0.936951 -0 0.349462
    outer loop
      vertex -1.53519 1.6 -18.4508
      vertex -1.45541 3.5 -18.6647
      vertex -1.53519 3.5 -18.4508
    endloop
  endfacet
  facet normal 0.936951 0 0.349462
    outer loop
      vertex -1.45541 3.5 -18.6647
      vertex -1.53519 1.6 -18.4508
      vertex -1.45541 1.6 -18.6647
    endloop
  endfacet
  facet normal -0.977158 0 -0.212513
    outer loop
      vertex 1.58371 1.6 -17.7723
      vertex 1.53519 3.5 -17.5492
      vertex 1.58371 3.5 -17.7723
    endloop
  endfacet
  facet normal -0.977158 -0 -0.212513
    outer loop
      vertex 1.53519 3.5 -17.5492
      vertex 1.58371 1.6 -17.7723
      vertex 1.53519 1.6 -17.5492
    endloop
  endfacet
  facet normal -0.877628 0 -0.479343
    outer loop
      vertex 1.45541 1.6 -17.3353
      vertex 1.34601 3.5 -17.135
      vertex 1.45541 3.5 -17.3353
    endloop
  endfacet
  facet normal -0.877628 -0 -0.479343
    outer loop
      vertex 1.34601 3.5 -17.135
      vertex 1.45541 1.6 -17.3353
      vertex 1.34601 1.6 -17.135
    endloop
  endfacet
  facet normal -0.936951 0 -0.349462
    outer loop
      vertex 1.53519 1.6 -17.5492
      vertex 1.45541 3.5 -17.3353
      vertex 1.53519 3.5 -17.5492
    endloop
  endfacet
  facet normal -0.936951 -0 -0.349462
    outer loop
      vertex 1.45541 3.5 -17.3353
      vertex 1.53519 1.6 -17.5492
      vertex 1.45541 1.6 -17.3353
    endloop
  endfacet
  facet normal -0.800609 0 -0.599187
    outer loop
      vertex 1.34601 1.6 -17.135
      vertex 1.2092 3.5 -16.9522
      vertex 1.34601 3.5 -17.135
    endloop
  endfacet
  facet normal -0.800609 -0 -0.599187
    outer loop
      vertex 1.2092 3.5 -16.9522
      vertex 1.34601 1.6 -17.135
      vertex 1.2092 1.6 -16.9522
    endloop
  endfacet
  facet normal -0.34955 0 -0.936918
    outer loop
      vertex 0.450771 1.6 -16.4648
      vertex 0.664663 3.5 -16.5446
      vertex 0.664663 1.6 -16.5446
    endloop
  endfacet
  facet normal -0.34955 0 -0.936918
    outer loop
      vertex 0.664663 3.5 -16.5446
      vertex 0.450771 1.6 -16.4648
      vertex 0.450771 3.5 -16.4648
    endloop
  endfacet
  facet normal -0.479229 0 -0.87769
    outer loop
      vertex 0.664663 1.6 -16.5446
      vertex 0.865025 3.5 -16.654
      vertex 0.865025 1.6 -16.654
    endloop
  endfacet
  facet normal -0.479229 0 -0.87769
    outer loop
      vertex 0.865025 3.5 -16.654
      vertex 0.664663 1.6 -16.5446
      vertex 0.664663 3.5 -16.5446
    endloop
  endfacet
  facet normal -0.212459 0 -0.97717
    outer loop
      vertex 0.227703 1.6 -16.4163
      vertex 0.450771 3.5 -16.4648
      vertex 0.450771 1.6 -16.4648
    endloop
  endfacet
  facet normal -0.212459 0 -0.97717
    outer loop
      vertex 0.450771 3.5 -16.4648
      vertex 0.227703 1.6 -16.4163
      vertex 0.227703 3.5 -16.4163
    endloop
  endfacet
  facet normal 0 1 0
    outer loop
      vertex 0 1.6 -18.9
      vertex 0 1.6 -16.4
      vertex 0.227703 1.6 -16.4163
    endloop
  endfacet
  facet normal 0 1 0
    outer loop
      vertex 0 1.6 -18.9
      vertex 0.227703 1.6 -16.4163
      vertex 0.450771 1.6 -16.4648
    endloop
  endfacet
  facet normal 0 1 0
    outer loop
      vertex 0 1.6 -16.4
      vertex 0 1.6 -18.9
      vertex -0.227703 1.6 -16.4163
    endloop
  endfacet
  facet normal 0 1 0
    outer loop
      vertex 0 1.6 -18.9
      vertex 0.450771 1.6 -16.4648
      vertex 0.664663 1.6 -16.5446
    endloop
  endfacet
  facet normal 0 1 0
    outer loop
      vertex -0.227703 1.6 -16.4163
      vertex 0 1.6 -18.9
      vertex -0.450771 1.6 -16.4648
    endloop
  endfacet
  facet normal 0 1 0
    outer loop
      vertex 0 1.6 -18.9
      vertex 0.664663 1.6 -16.5446
      vertex 0.865025 1.6 -16.654
    endloop
  endfacet
  facet normal 0 1 0
    outer loop
      vertex -0.450771 1.6 -16.4648
      vertex 0 1.6 -18.9
      vertex -0.664663 1.6 -16.5446
    endloop
  endfacet
  facet normal 0 1 0
    outer loop
      vertex 0.156546 1.6 -18.9112
      vertex 0.865025 1.6 -16.654
      vertex 1.04778 1.6 -16.7908
    endloop
  endfacet
  facet normal 0 1 0
    outer loop
      vertex -0.664663 1.6 -16.5446
      vertex 0 1.6 -18.9
      vertex -0.865025 1.6 -16.654
    endloop
  endfacet
  facet normal 0 1 0
    outer loop
      vertex 0.156546 1.6 -18.9112
      vertex 1.04778 1.6 -16.7908
      vertex 1.2092 1.6 -16.9522
    endloop
  endfacet
  facet normal 0 1 -0
    outer loop
      vertex -0.156546 1.6 -18.9112
      vertex -0.865025 1.6 -16.654
      vertex 0 1.6 -18.9
    endloop
  endfacet
  facet normal 0 1 0
    outer loop
      vertex 0.156546 1.6 -18.9112
      vertex 1.2092 1.6 -16.9522
      vertex 1.34601 1.6 -17.135
    endloop
  endfacet
  facet normal 0 1 0
    outer loop
      vertex -0.865025 1.6 -16.654
      vertex -0.156546 1.6 -18.9112
      vertex -1.04778 1.6 -16.7908
    endloop
  endfacet
  facet normal 0 1 0
    outer loop
      vertex 0.156546 1.6 -18.9112
      vertex 1.34601 1.6 -17.135
      vertex 1.45541 1.6 -17.3353
    endloop
  endfacet
  facet normal 0 1 0
    outer loop
      vertex -1.04778 1.6 -16.7908
      vertex -0.156546 1.6 -18.9112
      vertex -1.2092 1.6 -16.9522
    endloop
  endfacet
  facet normal 0 1 0
    outer loop
      vertex 0.156546 1.6 -18.9112
      vertex 1.45541 1.6 -17.3353
      vertex 1.53519 1.6 -17.5492
    endloop
  endfacet
  facet normal 0 1 0
    outer loop
      vertex -1.2092 1.6 -16.9522
      vertex -0.156546 1.6 -18.9112
      vertex -1.34601 1.6 -17.135
    endloop
  endfacet
  facet normal 0 1 0
    outer loop
      vertex 0.309905 1.6 -18.9446
      vertex 1.53519 1.6 -17.5492
      vertex 1.58371 1.6 -17.7723
    endloop
  endfacet
  facet normal 0 1 0
    outer loop
      vertex -1.34601 1.6 -17.135
      vertex -0.156546 1.6 -18.9112
      vertex -1.45541 1.6 -17.3353
    endloop
  endfacet
  facet normal 0 1 0
    outer loop
      vertex 0.309905 1.6 -18.9446
      vertex 1.58371 1.6 -17.7723
      vertex 1.6 1.6 -18
    endloop
  endfacet
  facet normal 0 1 0
    outer loop
      vertex -1.45541 1.6 -17.3353
      vertex -0.156546 1.6 -18.9112
      vertex -1.53519 1.6 -17.5492
    endloop
  endfacet
  facet normal 0 1 0
    outer loop
      vertex 0.309905 1.6 -18.9446
      vertex 1.6 1.6 -18
      vertex 1.58371 1.6 -18.2277
    endloop
  endfacet
  facet normal 0 1 -0
    outer loop
      vertex -0.309905 1.6 -18.9446
      vertex -1.53519 1.6 -17.5492
      vertex -0.156546 1.6 -18.9112
    endloop
  endfacet
  facet normal 0 1 0
    outer loop
      vertex 0.456956 1.6 -18.9994
      vertex 1.58371 1.6 -18.2277
      vertex 1.53519 1.6 -18.4508
    endloop
  endfacet
  facet normal 0 1 0
    outer loop
      vertex -1.53519 1.6 -17.5492
      vertex -0.309905 1.6 -18.9446
      vertex -1.58371 1.6 -17.7723
    endloop
  endfacet
  facet normal 0 1 0
    outer loop
      vertex 0.456956 1.6 -18.9994
      vertex 1.53519 1.6 -18.4508
      vertex 1.45541 1.6 -18.6647
    endloop
  endfacet
  facet normal 0 1 0
    outer loop
      vertex -1.58371 1.6 -17.7723
      vertex -0.309905 1.6 -18.9446
      vertex -1.6 1.6 -18
    endloop
  endfacet
  facet normal 0 1 0
    outer loop
      vertex 0.456956 1.6 -18.9994
      vertex 1.45541 1.6 -18.6647
      vertex 1.34601 1.6 -18.865
    endloop
  endfacet
  facet normal 0 1 0
    outer loop
      vertex -1.6 1.6 -18
      vertex -0.309905 1.6 -18.9446
      vertex -1.58371 1.6 -18.2277
    endloop
  endfacet
  facet normal 0 1 -0
    outer loop
      vertex -0.456956 1.6 -18.9994
      vertex -1.58371 1.6 -18.2277
      vertex -0.309905 1.6 -18.9446
    endloop
  endfacet
  facet normal 0 1 0
    outer loop
      vertex 0.865025 1.6 -16.654
      vertex 0.156546 1.6 -18.9112
      vertex 0 1.6 -18.9
    endloop
  endfacet
  facet normal 0 1 0
    outer loop
      vertex 1.53519 1.6 -17.5492
      vertex 0.309905 1.6 -18.9446
      vertex 0.156546 1.6 -18.9112
    endloop
  endfacet
  facet normal 0 1 0
    outer loop
      vertex 1.58371 1.6 -18.2277
      vertex 0.456956 1.6 -18.9994
      vertex 0.309905 1.6 -18.9446
    endloop
  endfacet
  facet normal 0 1 0
    outer loop
      vertex 0.594705 1.6 -19.0746
      vertex 1.34601 1.6 -18.865
      vertex 1.2092 1.6 -19.0478
    endloop
  endfacet
  facet normal 0 1 0
    outer loop
      vertex 1.34601 1.6 -18.865
      vertex 0.594705 1.6 -19.0746
      vertex 0.456956 1.6 -18.9994
    endloop
  endfacet
  facet normal 0 1 0
    outer loop
      vertex 1.2092 1.6 -19.0478
      vertex 0.720346 1.6 -19.1687
      vertex 0.594705 1.6 -19.0746
    endloop
  endfacet
  facet normal 0 1 -0
    outer loop
      vertex 1.04778 1.6 -19.2092
      vertex 0.720346 1.6 -19.1687
      vertex 1.2092 1.6 -19.0478
    endloop
  endfacet
  facet normal 0 1 0
    outer loop
      vertex 1.04778 1.6 -19.2092
      vertex 0.831324 1.6 -19.2797
      vertex 0.720346 1.6 -19.1687
    endloop
  endfacet
  facet normal -0 1 0
    outer loop
      vertex 0.831324 1.6 -19.2797
      vertex 1.04778 1.6 -19.2092
      vertex 0.87526 1.6 -19.3383
    endloop
  endfacet
  facet normal 0 1 0
    outer loop
      vertex -1.58371 1.6 -18.2277
      vertex -0.456956 1.6 -18.9994
      vertex -1.53519 1.6 -18.4508
    endloop
  endfacet
  facet normal 0 1 0
    outer loop
      vertex -1.53519 1.6 -18.4508
      vertex -0.456956 1.6 -18.9994
      vertex -1.45541 1.6 -18.6647
    endloop
  endfacet
  facet normal 0 1 0
    outer loop
      vertex -1.45541 1.6 -18.6647
      vertex -0.456956 1.6 -18.9994
      vertex -1.34601 1.6 -18.865
    endloop
  endfacet
  facet normal 0 1 -0
    outer loop
      vertex -0.594705 1.6 -19.0746
      vertex -1.34601 1.6 -18.865
      vertex -0.456956 1.6 -18.9994
    endloop
  endfacet
  facet normal 0 1 0
    outer loop
      vertex -1.34601 1.6 -18.865
      vertex -0.594705 1.6 -19.0746
      vertex -1.2092 1.6 -19.0478
    endloop
  endfacet
  facet normal 0 1 -0
    outer loop
      vertex -0.720346 1.6 -19.1687
      vertex -1.2092 1.6 -19.0478
      vertex -0.594705 1.6 -19.0746
    endloop
  endfacet
  facet normal 0 1 0
    outer loop
      vertex -0.720346 1.6 -19.1687
      vertex -1.04778 1.6 -19.2092
      vertex -1.2092 1.6 -19.0478
    endloop
  endfacet
  facet normal 0 1 -0
    outer loop
      vertex -0.831324 1.6 -19.2797
      vertex -1.04778 1.6 -19.2092
      vertex -0.720346 1.6 -19.1687
    endloop
  endfacet
  facet normal 0 1 0
    outer loop
      vertex -1.04778 1.6 -19.2092
      vertex -0.831324 1.6 -19.2797
      vertex -0.87526 1.6 -19.3383
    endloop
  endfacet
  facet normal 0.977158 0 -0.212513
    outer loop
      vertex -1.53519 1.6 -17.5492
      vertex -1.58371 3.5 -17.7723
      vertex -1.53519 3.5 -17.5492
    endloop
  endfacet
  facet normal 0.977158 0 -0.212513
    outer loop
      vertex -1.58371 3.5 -17.7723
      vertex -1.53519 1.6 -17.5492
      vertex -1.58371 1.6 -17.7723
    endloop
  endfacet
  facet normal 0.800609 0 -0.599187
    outer loop
      vertex -1.2092 1.6 -16.9522
      vertex -1.34601 3.5 -17.135
      vertex -1.2092 3.5 -16.9522
    endloop
  endfacet
  facet normal 0.800609 0 -0.599187
    outer loop
      vertex -1.34601 3.5 -17.135
      vertex -1.2092 1.6 -16.9522
      vertex -1.34601 1.6 -17.135
    endloop
  endfacet
  facet normal 0.479229 0 -0.87769
    outer loop
      vertex -0.865025 1.6 -16.654
      vertex -0.664663 3.5 -16.5446
      vertex -0.664663 1.6 -16.5446
    endloop
  endfacet
  facet normal 0.479229 0 -0.87769
    outer loop
      vertex -0.664663 3.5 -16.5446
      vertex -0.865025 1.6 -16.654
      vertex -0.865025 3.5 -16.654
    endloop
  endfacet
  facet normal 0.707063 0 -0.707151
    outer loop
      vertex -1.04778 1.6 -16.7908
      vertex -1.2092 3.5 -16.9522
      vertex -1.04778 3.5 -16.7908
    endloop
  endfacet
  facet normal 0.707063 0 -0.707151
    outer loop
      vertex -1.2092 3.5 -16.9522
      vertex -1.04778 1.6 -16.7908
      vertex -1.2092 1.6 -16.9522
    endloop
  endfacet
  facet normal 0.599253 0 -0.800559
    outer loop
      vertex -1.04778 1.6 -16.7908
      vertex -0.865025 3.5 -16.654
      vertex -0.865025 1.6 -16.654
    endloop
  endfacet
  facet normal 0.599253 0 -0.800559
    outer loop
      vertex -0.865025 3.5 -16.654
      vertex -1.04778 1.6 -16.7908
      vertex -1.04778 3.5 -16.7908
    endloop
  endfacet
  facet normal -0.997451 0 0.0713591
    outer loop
      vertex 1.58371 1.6 -18.2277
      vertex 1.6 3.5 -18
      vertex 1.58371 3.5 -18.2277
    endloop
  endfacet
  facet normal -0.997451 0 0.0713591
    outer loop
      vertex 1.6 3.5 -18
      vertex 1.58371 1.6 -18.2277
      vertex 1.6 1.6 -18
    endloop
  endfacet
  facet normal -0.977158 0 0.212513
    outer loop
      vertex 1.53519 1.6 -18.4508
      vertex 1.58371 3.5 -18.2277
      vertex 1.53519 3.5 -18.4508
    endloop
  endfacet
  facet normal -0.977158 0 0.212513
    outer loop
      vertex 1.58371 3.5 -18.2277
      vertex 1.53519 1.6 -18.4508
      vertex 1.58371 1.6 -18.2277
    endloop
  endfacet
  facet normal -0.800609 0 0.599187
    outer loop
      vertex 1.2092 1.6 -19.0478
      vertex 1.34601 3.5 -18.865
      vertex 1.2092 3.5 -19.0478
    endloop
  endfacet
  facet normal -0.800609 0 0.599187
    outer loop
      vertex 1.34601 3.5 -18.865
      vertex 1.2092 1.6 -19.0478
      vertex 1.34601 1.6 -18.865
    endloop
  endfacet
  facet normal -0.877628 0 0.479343
    outer loop
      vertex 1.34601 1.6 -18.865
      vertex 1.45541 3.5 -18.6647
      vertex 1.34601 3.5 -18.865
    endloop
  endfacet
  facet normal -0.877628 0 0.479343
    outer loop
      vertex 1.45541 3.5 -18.6647
      vertex 1.34601 1.6 -18.865
      vertex 1.45541 1.6 -18.6647
    endloop
  endfacet
  facet normal 0.997451 -0 0.0713591
    outer loop
      vertex -1.6 1.6 -18
      vertex -1.58371 3.5 -18.2277
      vertex -1.6 3.5 -18
    endloop
  endfacet
  facet normal 0.997451 0 0.0713591
    outer loop
      vertex -1.58371 3.5 -18.2277
      vertex -1.6 1.6 -18
      vertex -1.58371 1.6 -18.2277
    endloop
  endfacet
  facet normal 0.977158 -0 0.212513
    outer loop
      vertex -1.58371 1.6 -18.2277
      vertex -1.53519 3.5 -18.4508
      vertex -1.58371 3.5 -18.2277
    endloop
  endfacet
  facet normal 0.977158 0 0.212513
    outer loop
      vertex -1.53519 3.5 -18.4508
      vertex -1.58371 1.6 -18.2277
      vertex -1.53519 1.6 -18.4508
    endloop
  endfacet
  facet normal 0.800609 -0 0.599187
    outer loop
      vertex -1.34601 1.6 -18.865
      vertex -1.2092 3.5 -19.0478
      vertex -1.34601 3.5 -18.865
    endloop
  endfacet
  facet normal 0.800609 0 0.599187
    outer loop
      vertex -1.2092 3.5 -19.0478
      vertex -1.34601 1.6 -18.865
      vertex -1.2092 1.6 -19.0478
    endloop
  endfacet
  facet normal 0.877628 0 -0.479343
    outer loop
      vertex -1.34601 1.6 -17.135
      vertex -1.45541 3.5 -17.3353
      vertex -1.34601 3.5 -17.135
    endloop
  endfacet
  facet normal 0.877628 0 -0.479343
    outer loop
      vertex -1.45541 3.5 -17.3353
      vertex -1.34601 1.6 -17.135
      vertex -1.45541 1.6 -17.3353
    endloop
  endfacet
  facet normal 0.0714018 0 -0.997448
    outer loop
      vertex -0.227703 1.6 -16.4163
      vertex 0 3.5 -16.4
      vertex 0 1.6 -16.4
    endloop
  endfacet
  facet normal 0.0714018 0 -0.997448
    outer loop
      vertex 0 3.5 -16.4
      vertex -0.227703 1.6 -16.4163
      vertex -0.227703 3.5 -16.4163
    endloop
  endfacet
  facet normal 0.212459 0 -0.97717
    outer loop
      vertex -0.450771 1.6 -16.4648
      vertex -0.227703 3.5 -16.4163
      vertex -0.227703 1.6 -16.4163
    endloop
  endfacet
  facet normal 0.212459 0 -0.97717
    outer loop
      vertex -0.227703 3.5 -16.4163
      vertex -0.450771 1.6 -16.4648
      vertex -0.450771 3.5 -16.4648
    endloop
  endfacet
  facet normal -0.599138 0 0.800646
    outer loop
      vertex 0.87526 3.5 -19.3383
      vertex 1.04778 1.6 -19.2092
      vertex 1.04778 3.5 -19.2092
    endloop
  endfacet
  facet normal -0.599138 0 0.800646
    outer loop
      vertex 1.04778 1.6 -19.2092
      vertex 0.87526 3.5 -19.3383
      vertex 0.87526 1.6 -19.3383
    endloop
  endfacet
  facet normal 0.707063 -0 0.707151
    outer loop
      vertex -1.2092 1.6 -19.0478
      vertex -1.04778 3.5 -19.2092
      vertex -1.2092 3.5 -19.0478
    endloop
  endfacet
  facet normal 0.707063 0 0.707151
    outer loop
      vertex -1.04778 3.5 -19.2092
      vertex -1.2092 1.6 -19.0478
      vertex -1.04778 1.6 -19.2092
    endloop
  endfacet
  facet normal 0.599138 0 0.800646
    outer loop
      vertex -1.04778 3.5 -19.2092
      vertex -0.87526 1.6 -19.3383
      vertex -0.87526 3.5 -19.3383
    endloop
  endfacet
  facet normal 0.599138 0 0.800646
    outer loop
      vertex -0.87526 1.6 -19.3383
      vertex -1.04778 3.5 -19.2092
      vertex -1.04778 1.6 -19.2092
    endloop
  endfacet
  facet normal 0.877628 -0 0.479343
    outer loop
      vertex -1.45541 1.6 -18.6647
      vertex -1.34601 3.5 -18.865
      vertex -1.45541 3.5 -18.6647
    endloop
  endfacet
  facet normal 0.877628 0 0.479343
    outer loop
      vertex -1.34601 3.5 -18.865
      vertex -1.45541 1.6 -18.6647
      vertex -1.34601 1.6 -18.865
    endloop
  endfacet
  facet normal -0.99745 0 -0.0713621
    outer loop
      vertex 1.1 -4 0
      vertex 1.0888 4 0.156546
      vertex 1.1 4 0
    endloop
  endfacet
  facet normal -0.99745 -0 -0.0713621
    outer loop
      vertex 1.0888 4 0.156546
      vertex 1.1 -4 0
      vertex 1.0888 -4 0.156546
    endloop
  endfacet
  facet normal -0.977148 0 -0.212558
    outer loop
      vertex 1.0888 -4 0.156546
      vertex 1.05544 4 0.309905
      vertex 1.0888 4 0.156546
    endloop
  endfacet
  facet normal -0.977148 -0 -0.212558
    outer loop
      vertex 1.05544 4 0.309905
      vertex 1.0888 -4 0.156546
      vertex 1.05544 -4 0.309905
    endloop
  endfacet
  facet normal 0.99745 0 -0.0713621
    outer loop
      vertex -1.0888 -4 0.156546
      vertex -1.1 4 0
      vertex -1.0888 4 0.156546
    endloop
  endfacet
  facet normal 0.99745 0 -0.0713621
    outer loop
      vertex -1.1 4 0
      vertex -1.0888 -4 0.156546
      vertex -1.1 -4 0
    endloop
  endfacet
  facet normal 0.0713894 8.50866e-07 -0.997449
    outer loop
      vertex -0.156546 4 1.0888
      vertex 0 -1.05 1.1
      vertex -0.0996199 -1.05712 1.09287
    endloop
  endfacet
  facet normal 0.0713142 0 -0.997454
    outer loop
      vertex -0.156546 4 1.0888
      vertex -0.0996199 -1.05712 1.09287
      vertex -0.156546 -1.06951 1.0888
    endloop
  endfacet
  facet normal 0.0713621 0 -0.99745
    outer loop
      vertex 0 -1.05 1.1
      vertex -0.156546 4 1.0888
      vertex 0 4 1.1
    endloop
  endfacet
  facet normal 0.0713621 0 -0.99745
    outer loop
      vertex -0.156546 -4 1.0888
      vertex 0 -2.45 1.1
      vertex 0 -4 1.1
    endloop
  endfacet
  facet normal 0.0713892 -2.75838e-06 -0.997449
    outer loop
      vertex 0 -2.45 1.1
      vertex -0.156546 -4 1.0888
      vertex -0.0996199 -2.44287 1.09287
    endloop
  endfacet
  facet normal 0.0713142 0 -0.997454
    outer loop
      vertex -0.0996199 -2.44287 1.09287
      vertex -0.156546 -4 1.0888
      vertex -0.156546 -2.43049 1.0888
    endloop
  endfacet
  facet normal -0.599282 0 -0.800538
    outer loop
      vertex 0.720346 -4 0.831324
      vertex 0.7 -1.75 0.846555
      vertex 0.720346 4 0.831324
    endloop
  endfacet
  facet normal -0.599297 -2.07866e-07 -0.800527
    outer loop
      vertex 0.720346 -4 0.831324
      vertex 0.692875 -1.84962 0.851889
      vertex 0.7 -1.75 0.846555
    endloop
  endfacet
  facet normal -0.599271 3.13225e-07 -0.800546
    outer loop
      vertex 0.720346 -4 0.831324
      vertex 0.671644 -1.94721 0.867782
      vertex 0.692875 -1.84962 0.851889
    endloop
  endfacet
  facet normal -0.599287 -3.01918e-07 -0.800534
    outer loop
      vertex 0.720346 -4 0.831324
      vertex 0.636742 -2.04079 0.89391
      vertex 0.671644 -1.94721 0.867782
    endloop
  endfacet
  facet normal -0.599283 -0 -0.800537
    outer loop
      vertex 0.594705 -2.11778 0.925379
      vertex 0.720346 -4 0.831324
      vertex 0.594705 -4 0.925379
    endloop
  endfacet
  facet normal -0.599284 -5.9448e-08 -0.800537
    outer loop
      vertex 0.720346 -4 0.831324
      vertex 0.594705 -2.11778 0.925379
      vertex 0.636742 -2.04079 0.89391
    endloop
  endfacet
  facet normal -0.599298 8.73035e-08 -0.800526
    outer loop
      vertex 0.692875 -1.65038 0.851889
      vertex 0.720346 4 0.831324
      vertex 0.7 -1.75 0.846555
    endloop
  endfacet
  facet normal -0.59927 -1.23446e-07 -0.800547
    outer loop
      vertex 0.671644 -1.55279 0.867782
      vertex 0.720346 4 0.831324
      vertex 0.692875 -1.65038 0.851889
    endloop
  endfacet
  facet normal -0.599288 1.15987e-07 -0.800534
    outer loop
      vertex 0.636742 -1.45921 0.89391
      vertex 0.720346 4 0.831324
      vertex 0.671644 -1.55279 0.867782
    endloop
  endfacet
  facet normal -0.599284 2.23746e-08 -0.800537
    outer loop
      vertex 0.594705 -1.38222 0.925379
      vertex 0.720346 4 0.831324
      vertex 0.636742 -1.45921 0.89391
    endloop
  endfacet
  facet normal -0.599283 0 -0.800537
    outer loop
      vertex 0.720346 4 0.831324
      vertex 0.594705 -1.38222 0.925379
      vertex 0.594705 4 0.925379
    endloop
  endfacet
  facet normal 0.707107 0 -0.707107
    outer loop
      vertex -0.720346 -4 0.831324
      vertex -0.831324 4 0.720346
      vertex -0.720346 4 0.831324
    endloop
  endfacet
  facet normal 0.707107 0 -0.707107
    outer loop
      vertex -0.831324 4 0.720346
      vertex -0.720346 -4 0.831324
      vertex -0.831324 -4 0.720346
    endloop
  endfacet
  facet normal 0.481274 6.86908e-05 -0.87657
    outer loop
      vertex -0.594705 4 0.925379
      vertex -0.456956 -1.21989 1.0006
      vertex -0.458402 -1.22097 0.999806
    endloop
  endfacet
  facet normal 0.479253 1.60054e-07 -0.877677
    outer loop
      vertex -0.594705 4 0.925379
      vertex -0.458402 -1.22097 0.999806
      vertex -0.529024 -1.2916 0.961243
    endloop
  endfacet
  facet normal 0.479247 5.02942e-08 -0.87768
    outer loop
      vertex -0.594705 4 0.925379
      vertex -0.529024 -1.2916 0.961243
      vertex -0.588877 -1.37155 0.928561
    endloop
  endfacet
  facet normal 0.479211 0 -0.8777
    outer loop
      vertex -0.594705 4 0.925379
      vertex -0.588877 -1.37155 0.928561
      vertex -0.594705 -1.38222 0.925379
    endloop
  endfacet
  facet normal 0.47927 0 -0.877667
    outer loop
      vertex -0.456956 -1.21989 1.0006
      vertex -0.594705 4 0.925379
      vertex -0.456956 4 1.0006
    endloop
  endfacet
  facet normal 0.47927 0 -0.877667
    outer loop
      vertex -0.594705 -4 0.925379
      vertex -0.456956 -2.28011 1.0006
      vertex -0.456956 -4 1.0006
    endloop
  endfacet
  facet normal 0.481197 -0.000200492 -0.876612
    outer loop
      vertex -0.456956 -2.28011 1.0006
      vertex -0.594705 -4 0.925379
      vertex -0.458402 -2.27902 0.999806
    endloop
  endfacet
  facet normal 0.479253 -4.61674e-07 -0.877677
    outer loop
      vertex -0.458402 -2.27902 0.999806
      vertex -0.594705 -4 0.925379
      vertex -0.529024 -2.2084 0.961243
    endloop
  endfacet
  facet normal 0.479246 -1.4396e-07 -0.87768
    outer loop
      vertex -0.529024 -2.2084 0.961243
      vertex -0.594705 -4 0.925379
      vertex -0.588877 -2.12845 0.928561
    endloop
  endfacet
  facet normal 0.479211 0 -0.8777
    outer loop
      vertex -0.588877 -2.12845 0.928561
      vertex -0.594705 -4 0.925379
      vertex -0.594705 -2.11778 0.925379
    endloop
  endfacet
  facet normal -0.877667 0 0.47927
    outer loop
      vertex 0.925379 -4 -0.594705
      vertex 1.0006 4 -0.456956
      vertex 0.925379 4 -0.594705
    endloop
  endfacet
  facet normal -0.877667 0 0.47927
    outer loop
      vertex 1.0006 4 -0.456956
      vertex 0.925379 -4 -0.594705
      vertex 1.0006 -4 -0.456956
    endloop
  endfacet
  facet normal -0.877667 0 -0.47927
    outer loop
      vertex 1.0006 -4 0.456956
      vertex 0.925379 4 0.594705
      vertex 1.0006 4 0.456956
    endloop
  endfacet
  facet normal -0.877667 -0 -0.47927
    outer loop
      vertex 0.925379 4 0.594705
      vertex 1.0006 -4 0.456956
      vertex 0.925379 -4 0.594705
    endloop
  endfacet
  facet normal -0.212652 0 -0.977128
    outer loop
      vertex 0.29079 -1.11326 1.0596
      vertex 0.309905 4 1.05544
      vertex 0.309905 -1.1237 1.05544
    endloop
  endfacet
  facet normal -0.212599 -2.1021e-07 -0.97714
    outer loop
      vertex 0.197212 -1.07835 1.07996
      vertex 0.309905 4 1.05544
      vertex 0.29079 -1.11326 1.0596
    endloop
  endfacet
  facet normal -0.212421 -4.35207e-06 -0.977178
    outer loop
      vertex 0.156546 -1.06951 1.0888
      vertex 0.309905 4 1.05544
      vertex 0.197212 -1.07835 1.07996
    endloop
  endfacet
  facet normal -0.212558 0 -0.977148
    outer loop
      vertex 0.309905 4 1.05544
      vertex 0.156546 -1.06951 1.0888
      vertex 0.156546 4 1.0888
    endloop
  endfacet
  facet normal -0.212652 0 -0.977128
    outer loop
      vertex 0.309905 -4 1.05544
      vertex 0.29079 -2.38674 1.0596
      vertex 0.309905 -2.3763 1.05544
    endloop
  endfacet
  facet normal -0.212599 6.6426e-07 -0.97714
    outer loop
      vertex 0.309905 -4 1.05544
      vertex 0.197212 -2.42164 1.07996
      vertex 0.29079 -2.38674 1.0596
    endloop
  endfacet
  facet normal -0.212558 -0 -0.977148
    outer loop
      vertex 0.156546 -2.43049 1.0888
      vertex 0.309905 -4 1.05544
      vertex 0.156546 -4 1.0888
    endloop
  endfacet
  facet normal -0.212423 1.3855e-05 -0.977178
    outer loop
      vertex 0.309905 -4 1.05544
      vertex 0.156546 -2.43049 1.0888
      vertex 0.197212 -2.42164 1.07996
    endloop
  endfacet
  facet normal -0.479211 0 -0.8777
    outer loop
      vertex 0.588877 -1.37155 0.928561
      vertex 0.594705 4 0.925379
      vertex 0.594705 -1.38222 0.925379
    endloop
  endfacet
  facet normal -0.479247 5.02942e-08 -0.87768
    outer loop
      vertex 0.529024 -1.2916 0.961243
      vertex 0.594705 4 0.925379
      vertex 0.588877 -1.37155 0.928561
    endloop
  endfacet
  facet normal -0.479253 1.60054e-07 -0.877677
    outer loop
      vertex 0.458402 -1.22097 0.999806
      vertex 0.594705 4 0.925379
      vertex 0.529024 -1.2916 0.961243
    endloop
  endfacet
  facet normal -0.481274 6.86908e-05 -0.87657
    outer loop
      vertex 0.456956 -1.21989 1.0006
      vertex 0.594705 4 0.925379
      vertex 0.458402 -1.22097 0.999806
    endloop
  endfacet
  facet normal -0.47927 0 -0.877667
    outer loop
      vertex 0.594705 4 0.925379
      vertex 0.456956 -1.21989 1.0006
      vertex 0.456956 4 1.0006
    endloop
  endfacet
  facet normal -0.479211 0 -0.8777
    outer loop
      vertex 0.594705 -4 0.925379
      vertex 0.588877 -2.12845 0.928561
      vertex 0.594705 -2.11778 0.925379
    endloop
  endfacet
  facet normal -0.479246 -1.4396e-07 -0.87768
    outer loop
      vertex 0.594705 -4 0.925379
      vertex 0.529024 -2.2084 0.961243
      vertex 0.588877 -2.12845 0.928561
    endloop
  endfacet
  facet normal -0.479253 -4.61674e-07 -0.877677
    outer loop
      vertex 0.594705 -4 0.925379
      vertex 0.458402 -2.27902 0.999806
      vertex 0.529024 -2.2084 0.961243
    endloop
  endfacet
  facet normal -0.47927 -0 -0.877667
    outer loop
      vertex 0.456956 -2.28011 1.0006
      vertex 0.594705 -4 0.925379
      vertex 0.456956 -4 1.0006
    endloop
  endfacet
  facet normal -0.481197 -0.000200492 -0.876612
    outer loop
      vertex 0.594705 -4 0.925379
      vertex 0.456956 -2.28011 1.0006
      vertex 0.458402 -2.27902 0.999806
    endloop
  endfacet
  facet normal 0.877667 0 -0.47927
    outer loop
      vertex -0.925379 -4 0.594705
      vertex -1.0006 4 0.456956
      vertex -0.925379 4 0.594705
    endloop
  endfacet
  facet normal 0.877667 0 -0.47927
    outer loop
      vertex -1.0006 4 0.456956
      vertex -0.925379 -4 0.594705
      vertex -1.0006 -4 0.456956
    endloop
  endfacet
  facet normal 0.800537 0 -0.599283
    outer loop
      vertex -0.831324 -4 0.720346
      vertex -0.925379 4 0.594705
      vertex -0.831324 4 0.720346
    endloop
  endfacet
  facet normal 0.800537 0 -0.599283
    outer loop
      vertex -0.925379 4 0.594705
      vertex -0.831324 -4 0.720346
      vertex -0.925379 -4 0.594705
    endloop
  endfacet
  facet normal 0.349402 -7.21216e-07 -0.936973
    outer loop
      vertex -0.456956 4 1.0006
      vertex -0.309905 -1.1237 1.05544
      vertex -0.378448 -1.16112 1.02988
    endloop
  endfacet
  facet normal 0.349444 0 -0.936957
    outer loop
      vertex -0.456956 4 1.0006
      vertex -0.378448 -1.16112 1.02988
      vertex -0.456956 -1.21989 1.0006
    endloop
  endfacet
  facet normal 0.349424 0 -0.936965
    outer loop
      vertex -0.309905 -1.1237 1.05544
      vertex -0.456956 4 1.0006
      vertex -0.309905 4 1.05544
    endloop
  endfacet
  facet normal 0.349424 0 -0.936965
    outer loop
      vertex -0.456956 -4 1.0006
      vertex -0.309905 -2.3763 1.05544
      vertex -0.309905 -4 1.05544
    endloop
  endfacet
  facet normal 0.349403 2.2026e-06 -0.936973
    outer loop
      vertex -0.309905 -2.3763 1.05544
      vertex -0.456956 -4 1.0006
      vertex -0.378448 -2.33888 1.02988
    endloop
  endfacet
  facet normal 0.349444 0 -0.936957
    outer loop
      vertex -0.378448 -2.33888 1.02988
      vertex -0.456956 -4 1.0006
      vertex -0.456956 -2.28011 1.0006
    endloop
  endfacet
  facet normal -0.212652 0 0.977128
    outer loop
      vertex 0.309905 4 -1.05544
      vertex 0.29079 -1.11326 -1.0596
      vertex 0.309905 -1.1237 -1.05544
    endloop
  endfacet
  facet normal -0.212599 -2.1021e-07 0.97714
    outer loop
      vertex 0.309905 4 -1.05544
      vertex 0.197212 -1.07835 -1.07996
      vertex 0.29079 -1.11326 -1.0596
    endloop
  endfacet
  facet normal -0.212558 0 0.977148
    outer loop
      vertex 0.156546 -1.06951 -1.0888
      vertex 0.309905 4 -1.05544
      vertex 0.156546 4 -1.0888
    endloop
  endfacet
  facet normal -0.212421 -4.35207e-06 0.977178
    outer loop
      vertex 0.309905 4 -1.05544
      vertex 0.156546 -1.06951 -1.0888
      vertex 0.197212 -1.07835 -1.07996
    endloop
  endfacet
  facet normal -0.212652 0 0.977128
    outer loop
      vertex 0.29079 -2.38674 -1.0596
      vertex 0.309905 -4 -1.05544
      vertex 0.309905 -2.3763 -1.05544
    endloop
  endfacet
  facet normal -0.212599 6.6426e-07 0.97714
    outer loop
      vertex 0.197212 -2.42164 -1.07996
      vertex 0.309905 -4 -1.05544
      vertex 0.29079 -2.38674 -1.0596
    endloop
  endfacet
  facet normal -0.212423 1.3855e-05 0.977178
    outer loop
      vertex 0.156546 -2.43049 -1.0888
      vertex 0.309905 -4 -1.05544
      vertex 0.197212 -2.42164 -1.07996
    endloop
  endfacet
  facet normal -0.212558 0 0.977148
    outer loop
      vertex 0.309905 -4 -1.05544
      vertex 0.156546 -2.43049 -1.0888
      vertex 0.156546 -4 -1.0888
    endloop
  endfacet
  facet normal -0.936965 0 -0.349424
    outer loop
      vertex 1.05544 -4 0.309905
      vertex 1.0006 4 0.456956
      vertex 1.05544 4 0.309905
    endloop
  endfacet
  facet normal -0.936965 -0 -0.349424
    outer loop
      vertex 1.0006 4 0.456956
      vertex 1.05544 -4 0.309905
      vertex 1.0006 -4 0.456956
    endloop
  endfacet
  facet normal -0.800537 0 -0.599283
    outer loop
      vertex 0.925379 -4 0.594705
      vertex 0.831324 4 0.720346
      vertex 0.925379 4 0.594705
    endloop
  endfacet
  facet normal -0.800537 -0 -0.599283
    outer loop
      vertex 0.831324 4 0.720346
      vertex 0.925379 -4 0.594705
      vertex 0.831324 -4 0.720346
    endloop
  endfacet
  facet normal -0.0713142 0 -0.997454
    outer loop
      vertex 0.0996199 -1.05712 1.09287
      vertex 0.156546 4 1.0888
      vertex 0.156546 -1.06951 1.0888
    endloop
  endfacet
  facet normal -0.0713894 8.50866e-07 -0.997449
    outer loop
      vertex 0 -1.05 1.1
      vertex 0.156546 4 1.0888
      vertex 0.0996199 -1.05712 1.09287
    endloop
  endfacet
  facet normal -0.0713621 0 -0.99745
    outer loop
      vertex 0.156546 4 1.0888
      vertex 0 -1.05 1.1
      vertex 0 4 1.1
    endloop
  endfacet
  facet normal -0.0713142 0 -0.997454
    outer loop
      vertex 0.156546 -4 1.0888
      vertex 0.0996199 -2.44287 1.09287
      vertex 0.156546 -2.43049 1.0888
    endloop
  endfacet
  facet normal -0.0713621 -0 -0.99745
    outer loop
      vertex 0 -2.45 1.1
      vertex 0.156546 -4 1.0888
      vertex 0 -4 1.1
    endloop
  endfacet
  facet normal -0.0713892 -2.75838e-06 -0.997449
    outer loop
      vertex 0.156546 -4 1.0888
      vertex 0 -2.45 1.1
      vertex 0.0996199 -2.44287 1.09287
    endloop
  endfacet
  facet normal 0.977148 0 -0.212558
    outer loop
      vertex -1.05544 -4 0.309905
      vertex -1.0888 4 0.156546
      vertex -1.05544 4 0.309905
    endloop
  endfacet
  facet normal 0.977148 0 -0.212558
    outer loop
      vertex -1.0888 4 0.156546
      vertex -1.05544 -4 0.309905
      vertex -1.0888 -4 0.156546
    endloop
  endfacet
  facet normal 0.599283 0 -0.800537
    outer loop
      vertex -0.720346 -4 0.831324
      vertex -0.594705 -2.11778 0.925379
      vertex -0.594705 -4 0.925379
    endloop
  endfacet
  facet normal 0.599284 -5.9448e-08 -0.800537
    outer loop
      vertex -0.594705 -2.11778 0.925379
      vertex -0.720346 -4 0.831324
      vertex -0.636742 -2.04079 0.89391
    endloop
  endfacet
  facet normal 0.599287 -3.01918e-07 -0.800534
    outer loop
      vertex -0.636742 -2.04079 0.89391
      vertex -0.720346 -4 0.831324
      vertex -0.671644 -1.94721 0.867782
    endloop
  endfacet
  facet normal 0.599271 3.13225e-07 -0.800546
    outer loop
      vertex -0.671644 -1.94721 0.867782
      vertex -0.720346 -4 0.831324
      vertex -0.692875 -1.84962 0.851889
    endloop
  endfacet
  facet normal 0.599297 -2.07866e-07 -0.800527
    outer loop
      vertex -0.692875 -1.84962 0.851889
      vertex -0.720346 -4 0.831324
      vertex -0.7 -1.75 0.846555
    endloop
  endfacet
  facet normal 0.599284 2.23746e-08 -0.800537
    outer loop
      vertex -0.720346 4 0.831324
      vertex -0.594705 -1.38222 0.925379
      vertex -0.636742 -1.45921 0.89391
    endloop
  endfacet
  facet normal 0.599288 1.15987e-07 -0.800534
    outer loop
      vertex -0.720346 4 0.831324
      vertex -0.636742 -1.45921 0.89391
      vertex -0.671644 -1.55279 0.867782
    endloop
  endfacet
  facet normal 0.59927 -1.23446e-07 -0.800547
    outer loop
      vertex -0.720346 4 0.831324
      vertex -0.671644 -1.55279 0.867782
      vertex -0.692875 -1.65038 0.851889
    endloop
  endfacet
  facet normal 0.599298 8.73035e-08 -0.800526
    outer loop
      vertex -0.720346 4 0.831324
      vertex -0.692875 -1.65038 0.851889
      vertex -0.7 -1.75 0.846555
    endloop
  endfacet
  facet normal 0.599283 0 -0.800537
    outer loop
      vertex -0.594705 -1.38222 0.925379
      vertex -0.720346 4 0.831324
      vertex -0.594705 4 0.925379
    endloop
  endfacet
  facet normal 0.599282 0 -0.800538
    outer loop
      vertex -0.720346 4 0.831324
      vertex -0.7 -1.75 0.846555
      vertex -0.720346 -4 0.831324
    endloop
  endfacet
  facet normal 0.212421 -4.35207e-06 -0.977178
    outer loop
      vertex -0.309905 4 1.05544
      vertex -0.156546 -1.06951 1.0888
      vertex -0.197212 -1.07835 1.07996
    endloop
  endfacet
  facet normal 0.212599 -2.1021e-07 -0.97714
    outer loop
      vertex -0.309905 4 1.05544
      vertex -0.197212 -1.07835 1.07996
      vertex -0.29079 -1.11326 1.0596
    endloop
  endfacet
  facet normal 0.212652 0 -0.977128
    outer loop
      vertex -0.309905 4 1.05544
      vertex -0.29079 -1.11326 1.0596
      vertex -0.309905 -1.1237 1.05544
    endloop
  endfacet
  facet normal 0.212558 0 -0.977148
    outer loop
      vertex -0.156546 -1.06951 1.0888
      vertex -0.309905 4 1.05544
      vertex -0.156546 4 1.0888
    endloop
  endfacet
  facet normal 0.212558 0 -0.977148
    outer loop
      vertex -0.309905 -4 1.05544
      vertex -0.156546 -2.43049 1.0888
      vertex -0.156546 -4 1.0888
    endloop
  endfacet
  facet normal 0.212423 1.3855e-05 -0.977178
    outer loop
      vertex -0.156546 -2.43049 1.0888
      vertex -0.309905 -4 1.05544
      vertex -0.197212 -2.42164 1.07996
    endloop
  endfacet
  facet normal 0.212599 6.6426e-07 -0.97714
    outer loop
      vertex -0.197212 -2.42164 1.07996
      vertex -0.309905 -4 1.05544
      vertex -0.29079 -2.38674 1.0596
    endloop
  endfacet
  facet normal 0.212652 0 -0.977128
    outer loop
      vertex -0.29079 -2.38674 1.0596
      vertex -0.309905 -4 1.05544
      vertex -0.309905 -2.3763 1.05544
    endloop
  endfacet
  facet normal -0.99745 0 0.0713621
    outer loop
      vertex 1.0888 -4 -0.156546
      vertex 1.1 4 0
      vertex 1.0888 4 -0.156546
    endloop
  endfacet
  facet normal -0.99745 0 0.0713621
    outer loop
      vertex 1.1 4 0
      vertex 1.0888 -4 -0.156546
      vertex 1.1 -4 0
    endloop
  endfacet
  facet normal 0.936965 -0 0.349424
    outer loop
      vertex -1.05544 -4 -0.309905
      vertex -1.0006 4 -0.456956
      vertex -1.05544 4 -0.309905
    endloop
  endfacet
  facet normal 0.936965 0 0.349424
    outer loop
      vertex -1.0006 4 -0.456956
      vertex -1.05544 -4 -0.309905
      vertex -1.0006 -4 -0.456956
    endloop
  endfacet
  facet normal 0.99745 -0 0.0713621
    outer loop
      vertex -1.1 -4 0
      vertex -1.0888 4 -0.156546
      vertex -1.1 4 0
    endloop
  endfacet
  facet normal 0.99745 0 0.0713621
    outer loop
      vertex -1.0888 4 -0.156546
      vertex -1.1 -4 0
      vertex -1.0888 -4 -0.156546
    endloop
  endfacet
  facet normal -0.0713142 0 0.997454
    outer loop
      vertex 0.156546 4 -1.0888
      vertex 0.0996199 -1.05712 -1.09287
      vertex 0.156546 -1.06951 -1.0888
    endloop
  endfacet
  facet normal -0.0713621 0 0.99745
    outer loop
      vertex 0 -1.05 -1.1
      vertex 0.156546 4 -1.0888
      vertex 0 4 -1.1
    endloop
  endfacet
  facet normal -0.0713894 8.50866e-07 0.997449
    outer loop
      vertex 0.156546 4 -1.0888
      vertex 0 -1.05 -1.1
      vertex 0.0996199 -1.05712 -1.09287
    endloop
  endfacet
  facet normal -0.0713142 0 0.997454
    outer loop
      vertex 0.0996199 -2.44287 -1.09287
      vertex 0.156546 -4 -1.0888
      vertex 0.156546 -2.43049 -1.0888
    endloop
  endfacet
  facet normal -0.0713892 -2.75838e-06 0.997449
    outer loop
      vertex 0 -2.45 -1.1
      vertex 0.156546 -4 -1.0888
      vertex 0.0996199 -2.44287 -1.09287
    endloop
  endfacet
  facet normal -0.0713621 0 0.99745
    outer loop
      vertex 0.156546 -4 -1.0888
      vertex 0 -2.45 -1.1
      vertex 0 -4 -1.1
    endloop
  endfacet
  facet normal -0.479211 0 0.8777
    outer loop
      vertex 0.588877 -2.12845 -0.928561
      vertex 0.594705 -4 -0.925379
      vertex 0.594705 -2.11778 -0.925379
    endloop
  endfacet
  facet normal -0.479246 -1.4396e-07 0.87768
    outer loop
      vertex 0.529024 -2.2084 -0.961243
      vertex 0.594705 -4 -0.925379
      vertex 0.588877 -2.12845 -0.928561
    endloop
  endfacet
  facet normal -0.479253 -4.61674e-07 0.877677
    outer loop
      vertex 0.458402 -2.27902 -0.999806
      vertex 0.594705 -4 -0.925379
      vertex 0.529024 -2.2084 -0.961243
    endloop
  endfacet
  facet normal -0.481197 -0.000200492 0.876612
    outer loop
      vertex 0.456956 -2.28011 -1.0006
      vertex 0.594705 -4 -0.925379
      vertex 0.458402 -2.27902 -0.999806
    endloop
  endfacet
  facet normal -0.47927 0 0.877667
    outer loop
      vertex 0.594705 -4 -0.925379
      vertex 0.456956 -2.28011 -1.0006
      vertex 0.456956 -4 -1.0006
    endloop
  endfacet
  facet normal -0.479211 0 0.8777
    outer loop
      vertex 0.594705 4 -0.925379
      vertex 0.588877 -1.37155 -0.928561
      vertex 0.594705 -1.38222 -0.925379
    endloop
  endfacet
  facet normal -0.479247 5.02942e-08 0.87768
    outer loop
      vertex 0.594705 4 -0.925379
      vertex 0.529024 -1.2916 -0.961243
      vertex 0.588877 -1.37155 -0.928561
    endloop
  endfacet
  facet normal -0.479253 1.60054e-07 0.877677
    outer loop
      vertex 0.594705 4 -0.925379
      vertex 0.458402 -1.22097 -0.999806
      vertex 0.529024 -1.2916 -0.961243
    endloop
  endfacet
  facet normal -0.47927 0 0.877667
    outer loop
      vertex 0.456956 -1.21989 -1.0006
      vertex 0.594705 4 -0.925379
      vertex 0.456956 4 -1.0006
    endloop
  endfacet
  facet normal -0.481274 6.86908e-05 0.87657
    outer loop
      vertex 0.594705 4 -0.925379
      vertex 0.456956 -1.21989 -1.0006
      vertex 0.458402 -1.22097 -0.999806
    endloop
  endfacet
  facet normal -0.707107 0 -0.707107
    outer loop
      vertex 0.831324 -4 0.720346
      vertex 0.720346 4 0.831324
      vertex 0.831324 4 0.720346
    endloop
  endfacet
  facet normal -0.707107 -0 -0.707107
    outer loop
      vertex 0.720346 4 0.831324
      vertex 0.831324 -4 0.720346
      vertex 0.720346 -4 0.831324
    endloop
  endfacet
  facet normal -0.349444 0 -0.936957
    outer loop
      vertex 0.378448 -1.16112 1.02988
      vertex 0.456956 4 1.0006
      vertex 0.456956 -1.21989 1.0006
    endloop
  endfacet
  facet normal -0.349402 -7.21216e-07 -0.936973
    outer loop
      vertex 0.309905 -1.1237 1.05544
      vertex 0.456956 4 1.0006
      vertex 0.378448 -1.16112 1.02988
    endloop
  endfacet
  facet normal -0.349424 0 -0.936965
    outer loop
      vertex 0.456956 4 1.0006
      vertex 0.309905 -1.1237 1.05544
      vertex 0.309905 4 1.05544
    endloop
  endfacet
  facet normal -0.349444 0 -0.936957
    outer loop
      vertex 0.456956 -4 1.0006
      vertex 0.378448 -2.33888 1.02988
      vertex 0.456956 -2.28011 1.0006
    endloop
  endfacet
  facet normal -0.349424 -0 -0.936965
    outer loop
      vertex 0.309905 -2.3763 1.05544
      vertex 0.456956 -4 1.0006
      vertex 0.309905 -4 1.05544
    endloop
  endfacet
  facet normal -0.349403 2.2026e-06 -0.936973
    outer loop
      vertex 0.456956 -4 1.0006
      vertex 0.309905 -2.3763 1.05544
      vertex 0.378448 -2.33888 1.02988
    endloop
  endfacet
  facet normal 0.936965 0 -0.349424
    outer loop
      vertex -1.0006 -4 0.456956
      vertex -1.05544 4 0.309905
      vertex -1.0006 4 0.456956
    endloop
  endfacet
  facet normal 0.936965 0 -0.349424
    outer loop
      vertex -1.05544 4 0.309905
      vertex -1.0006 -4 0.456956
      vertex -1.05544 -4 0.309905
    endloop
  endfacet
  facet normal -0.800537 0 0.599283
    outer loop
      vertex 0.831324 -4 -0.720346
      vertex 0.925379 4 -0.594705
      vertex 0.831324 4 -0.720346
    endloop
  endfacet
  facet normal -0.800537 0 0.599283
    outer loop
      vertex 0.925379 4 -0.594705
      vertex 0.831324 -4 -0.720346
      vertex 0.925379 -4 -0.594705
    endloop
  endfacet
  facet normal -0.599282 0 0.800538
    outer loop
      vertex 0.720346 4 -0.831324
      vertex 0.7 -1.75 -0.846555
      vertex 0.720346 -4 -0.831324
    endloop
  endfacet
  facet normal -0.599298 8.73035e-08 0.800526
    outer loop
      vertex 0.720346 4 -0.831324
      vertex 0.692875 -1.65038 -0.851889
      vertex 0.7 -1.75 -0.846555
    endloop
  endfacet
  facet normal -0.59927 -1.23446e-07 0.800547
    outer loop
      vertex 0.720346 4 -0.831324
      vertex 0.671644 -1.55279 -0.867782
      vertex 0.692875 -1.65038 -0.851889
    endloop
  endfacet
  facet normal -0.599288 1.15987e-07 0.800534
    outer loop
      vertex 0.720346 4 -0.831324
      vertex 0.636742 -1.45921 -0.89391
      vertex 0.671644 -1.55279 -0.867782
    endloop
  endfacet
  facet normal -0.599283 0 0.800537
    outer loop
      vertex 0.594705 -1.38222 -0.925379
      vertex 0.720346 4 -0.831324
      vertex 0.594705 4 -0.925379
    endloop
  endfacet
  facet normal -0.599284 2.23746e-08 0.800537
    outer loop
      vertex 0.720346 4 -0.831324
      vertex 0.594705 -1.38222 -0.925379
      vertex 0.636742 -1.45921 -0.89391
    endloop
  endfacet
  facet normal -0.599297 -2.07866e-07 0.800527
    outer loop
      vertex 0.692875 -1.84962 -0.851889
      vertex 0.720346 -4 -0.831324
      vertex 0.7 -1.75 -0.846555
    endloop
  endfacet
  facet normal -0.599271 3.13225e-07 0.800546
    outer loop
      vertex 0.671644 -1.94721 -0.867782
      vertex 0.720346 -4 -0.831324
      vertex 0.692875 -1.84962 -0.851889
    endloop
  endfacet
  facet normal -0.599287 -3.01918e-07 0.800534
    outer loop
      vertex 0.636742 -2.04079 -0.89391
      vertex 0.720346 -4 -0.831324
      vertex 0.671644 -1.94721 -0.867782
    endloop
  endfacet
  facet normal -0.599284 -5.9448e-08 0.800537
    outer loop
      vertex 0.594705 -2.11778 -0.925379
      vertex 0.720346 -4 -0.831324
      vertex 0.636742 -2.04079 -0.89391
    endloop
  endfacet
  facet normal -0.599283 0 0.800537
    outer loop
      vertex 0.720346 -4 -0.831324
      vertex 0.594705 -2.11778 -0.925379
      vertex 0.594705 -4 -0.925379
    endloop
  endfacet
  facet normal 0.349403 2.2026e-06 0.936973
    outer loop
      vertex -0.456956 -4 -1.0006
      vertex -0.309905 -2.3763 -1.05544
      vertex -0.378448 -2.33888 -1.02988
    endloop
  endfacet
  facet normal 0.349444 -0 0.936957
    outer loop
      vertex -0.456956 -4 -1.0006
      vertex -0.378448 -2.33888 -1.02988
      vertex -0.456956 -2.28011 -1.0006
    endloop
  endfacet
  facet normal 0.349424 0 0.936965
    outer loop
      vertex -0.309905 -2.3763 -1.05544
      vertex -0.456956 -4 -1.0006
      vertex -0.309905 -4 -1.05544
    endloop
  endfacet
  facet normal 0.349424 0 0.936965
    outer loop
      vertex -0.456956 4 -1.0006
      vertex -0.309905 -1.1237 -1.05544
      vertex -0.309905 4 -1.05544
    endloop
  endfacet
  facet normal 0.349402 -7.21216e-07 0.936973
    outer loop
      vertex -0.309905 -1.1237 -1.05544
      vertex -0.456956 4 -1.0006
      vertex -0.378448 -1.16112 -1.02988
    endloop
  endfacet
  facet normal 0.349444 0 0.936957
    outer loop
      vertex -0.378448 -1.16112 -1.02988
      vertex -0.456956 4 -1.0006
      vertex -0.456956 -1.21989 -1.0006
    endloop
  endfacet
  facet normal 0.800537 -0 0.599283
    outer loop
      vertex -0.925379 -4 -0.594705
      vertex -0.831324 4 -0.720346
      vertex -0.925379 4 -0.594705
    endloop
  endfacet
  facet normal 0.800537 0 0.599283
    outer loop
      vertex -0.831324 4 -0.720346
      vertex -0.925379 -4 -0.594705
      vertex -0.831324 -4 -0.720346
    endloop
  endfacet
  facet normal 0.977148 -0 0.212558
    outer loop
      vertex -1.0888 -4 -0.156546
      vertex -1.05544 4 -0.309905
      vertex -1.0888 4 -0.156546
    endloop
  endfacet
  facet normal 0.977148 0 0.212558
    outer loop
      vertex -1.05544 4 -0.309905
      vertex -1.0888 -4 -0.156546
      vertex -1.05544 -4 -0.309905
    endloop
  endfacet
  facet normal -0.349444 0 0.936957
    outer loop
      vertex 0.378448 -2.33888 -1.02988
      vertex 0.456956 -4 -1.0006
      vertex 0.456956 -2.28011 -1.0006
    endloop
  endfacet
  facet normal -0.349403 2.2026e-06 0.936973
    outer loop
      vertex 0.309905 -2.3763 -1.05544
      vertex 0.456956 -4 -1.0006
      vertex 0.378448 -2.33888 -1.02988
    endloop
  endfacet
  facet normal -0.349424 0 0.936965
    outer loop
      vertex 0.456956 -4 -1.0006
      vertex 0.309905 -2.3763 -1.05544
      vertex 0.309905 -4 -1.05544
    endloop
  endfacet
  facet normal -0.349444 0 0.936957
    outer loop
      vertex 0.456956 4 -1.0006
      vertex 0.378448 -1.16112 -1.02988
      vertex 0.456956 -1.21989 -1.0006
    endloop
  endfacet
  facet normal -0.349424 0 0.936965
    outer loop
      vertex 0.309905 -1.1237 -1.05544
      vertex 0.456956 4 -1.0006
      vertex 0.309905 4 -1.05544
    endloop
  endfacet
  facet normal -0.349402 -7.21216e-07 0.936973
    outer loop
      vertex 0.456956 4 -1.0006
      vertex 0.309905 -1.1237 -1.05544
      vertex 0.378448 -1.16112 -1.02988
    endloop
  endfacet
  facet normal -0.707107 0 0.707107
    outer loop
      vertex 0.720346 -4 -0.831324
      vertex 0.831324 4 -0.720346
      vertex 0.720346 4 -0.831324
    endloop
  endfacet
  facet normal -0.707107 0 0.707107
    outer loop
      vertex 0.831324 4 -0.720346
      vertex 0.720346 -4 -0.831324
      vertex 0.831324 -4 -0.720346
    endloop
  endfacet
  facet normal -0.936965 0 0.349424
    outer loop
      vertex 1.0006 -4 -0.456956
      vertex 1.05544 4 -0.309905
      vertex 1.0006 4 -0.456956
    endloop
  endfacet
  facet normal -0.936965 0 0.349424
    outer loop
      vertex 1.05544 4 -0.309905
      vertex 1.0006 -4 -0.456956
      vertex 1.05544 -4 -0.309905
    endloop
  endfacet
  facet normal -0.977148 0 0.212558
    outer loop
      vertex 1.05544 -4 -0.309905
      vertex 1.0888 4 -0.156546
      vertex 1.05544 4 -0.309905
    endloop
  endfacet
  facet normal -0.977148 0 0.212558
    outer loop
      vertex 1.0888 4 -0.156546
      vertex 1.05544 -4 -0.309905
      vertex 1.0888 -4 -0.156546
    endloop
  endfacet
  facet normal 0.481197 -0.000200492 0.876612
    outer loop
      vertex -0.594705 -4 -0.925379
      vertex -0.456956 -2.28011 -1.0006
      vertex -0.458402 -2.27902 -0.999806
    endloop
  endfacet
  facet normal 0.479253 -4.61674e-07 0.877677
    outer loop
      vertex -0.594705 -4 -0.925379
      vertex -0.458402 -2.27902 -0.999806
      vertex -0.529024 -2.2084 -0.961243
    endloop
  endfacet
  facet normal 0.479246 -1.4396e-07 0.87768
    outer loop
      vertex -0.594705 -4 -0.925379
      vertex -0.529024 -2.2084 -0.961243
      vertex -0.588877 -2.12845 -0.928561
    endloop
  endfacet
  facet normal 0.479211 -0 0.8777
    outer loop
      vertex -0.594705 -4 -0.925379
      vertex -0.588877 -2.12845 -0.928561
      vertex -0.594705 -2.11778 -0.925379
    endloop
  endfacet
  facet normal 0.47927 0 0.877667
    outer loop
      vertex -0.456956 -2.28011 -1.0006
      vertex -0.594705 -4 -0.925379
      vertex -0.456956 -4 -1.0006
    endloop
  endfacet
  facet normal 0.47927 0 0.877667
    outer loop
      vertex -0.594705 4 -0.925379
      vertex -0.456956 -1.21989 -1.0006
      vertex -0.456956 4 -1.0006
    endloop
  endfacet
  facet normal 0.481274 6.86908e-05 0.87657
    outer loop
      vertex -0.456956 -1.21989 -1.0006
      vertex -0.594705 4 -0.925379
      vertex -0.458402 -1.22097 -0.999806
    endloop
  endfacet
  facet normal 0.479253 1.60054e-07 0.877677
    outer loop
      vertex -0.458402 -1.22097 -0.999806
      vertex -0.594705 4 -0.925379
      vertex -0.529024 -1.2916 -0.961243
    endloop
  endfacet
  facet normal 0.479247 5.02942e-08 0.87768
    outer loop
      vertex -0.529024 -1.2916 -0.961243
      vertex -0.594705 4 -0.925379
      vertex -0.588877 -1.37155 -0.928561
    endloop
  endfacet
  facet normal 0.479211 0 0.8777
    outer loop
      vertex -0.588877 -1.37155 -0.928561
      vertex -0.594705 4 -0.925379
      vertex -0.594705 -1.38222 -0.925379
    endloop
  endfacet
  facet normal 0.877667 -0 0.47927
    outer loop
      vertex -1.0006 -4 -0.456956
      vertex -0.925379 4 -0.594705
      vertex -1.0006 4 -0.456956
    endloop
  endfacet
  facet normal 0.877667 0 0.47927
    outer loop
      vertex -0.925379 4 -0.594705
      vertex -1.0006 -4 -0.456956
      vertex -0.925379 -4 -0.594705
    endloop
  endfacet
  facet normal 0.707107 -0 0.707107
    outer loop
      vertex -0.831324 -4 -0.720346
      vertex -0.720346 4 -0.831324
      vertex -0.831324 4 -0.720346
    endloop
  endfacet
  facet normal 0.707107 0 0.707107
    outer loop
      vertex -0.720346 4 -0.831324
      vertex -0.831324 -4 -0.720346
      vertex -0.720346 -4 -0.831324
    endloop
  endfacet
  facet normal 0.599283 0 0.800537
    outer loop
      vertex -0.720346 4 -0.831324
      vertex -0.594705 -1.38222 -0.925379
      vertex -0.594705 4 -0.925379
    endloop
  endfacet
  facet normal 0.599284 2.23746e-08 0.800537
    outer loop
      vertex -0.594705 -1.38222 -0.925379
      vertex -0.720346 4 -0.831324
      vertex -0.636742 -1.45921 -0.89391
    endloop
  endfacet
  facet normal 0.599288 1.15987e-07 0.800534
    outer loop
      vertex -0.636742 -1.45921 -0.89391
      vertex -0.720346 4 -0.831324
      vertex -0.671644 -1.55279 -0.867782
    endloop
  endfacet
  facet normal 0.59927 -1.23446e-07 0.800547
    outer loop
      vertex -0.671644 -1.55279 -0.867782
      vertex -0.720346 4 -0.831324
      vertex -0.692875 -1.65038 -0.851889
    endloop
  endfacet
  facet normal 0.599298 8.73035e-08 0.800526
    outer loop
      vertex -0.692875 -1.65038 -0.851889
      vertex -0.720346 4 -0.831324
      vertex -0.7 -1.75 -0.846555
    endloop
  endfacet
  facet normal 0.599284 -5.9448e-08 0.800537
    outer loop
      vertex -0.720346 -4 -0.831324
      vertex -0.594705 -2.11778 -0.925379
      vertex -0.636742 -2.04079 -0.89391
    endloop
  endfacet
  facet normal 0.599287 -3.01918e-07 0.800534
    outer loop
      vertex -0.720346 -4 -0.831324
      vertex -0.636742 -2.04079 -0.89391
      vertex -0.671644 -1.94721 -0.867782
    endloop
  endfacet
  facet normal 0.599271 3.13225e-07 0.800546
    outer loop
      vertex -0.720346 -4 -0.831324
      vertex -0.671644 -1.94721 -0.867782
      vertex -0.692875 -1.84962 -0.851889
    endloop
  endfacet
  facet normal 0.599297 -2.07866e-07 0.800527
    outer loop
      vertex -0.720346 -4 -0.831324
      vertex -0.692875 -1.84962 -0.851889
      vertex -0.7 -1.75 -0.846555
    endloop
  endfacet
  facet normal 0.599283 0 0.800537
    outer loop
      vertex -0.594705 -2.11778 -0.925379
      vertex -0.720346 -4 -0.831324
      vertex -0.594705 -4 -0.925379
    endloop
  endfacet
  facet normal 0.599282 -0 0.800538
    outer loop
      vertex -0.720346 -4 -0.831324
      vertex -0.7 -1.75 -0.846555
      vertex -0.720346 4 -0.831324
    endloop
  endfacet
  facet normal 0.212558 0 0.977148
    outer loop
      vertex -0.309905 4 -1.05544
      vertex -0.156546 -1.06951 -1.0888
      vertex -0.156546 4 -1.0888
    endloop
  endfacet
  facet normal 0.212421 -4.35207e-06 0.977178
    outer loop
      vertex -0.156546 -1.06951 -1.0888
      vertex -0.309905 4 -1.05544
      vertex -0.197212 -1.07835 -1.07996
    endloop
  endfacet
  facet normal 0.212599 -2.1021e-07 0.97714
    outer loop
      vertex -0.197212 -1.07835 -1.07996
      vertex -0.309905 4 -1.05544
      vertex -0.29079 -1.11326 -1.0596
    endloop
  endfacet
  facet normal 0.212652 0 0.977128
    outer loop
      vertex -0.29079 -1.11326 -1.0596
      vertex -0.309905 4 -1.05544
      vertex -0.309905 -1.1237 -1.05544
    endloop
  endfacet
  facet normal 0.212423 1.3855e-05 0.977178
    outer loop
      vertex -0.309905 -4 -1.05544
      vertex -0.156546 -2.43049 -1.0888
      vertex -0.197212 -2.42164 -1.07996
    endloop
  endfacet
  facet normal 0.212599 6.6426e-07 0.97714
    outer loop
      vertex -0.309905 -4 -1.05544
      vertex -0.197212 -2.42164 -1.07996
      vertex -0.29079 -2.38674 -1.0596
    endloop
  endfacet
  facet normal 0.212652 -0 0.977128
    outer loop
      vertex -0.309905 -4 -1.05544
      vertex -0.29079 -2.38674 -1.0596
      vertex -0.309905 -2.3763 -1.05544
    endloop
  endfacet
  facet normal 0.212558 0 0.977148
    outer loop
      vertex -0.156546 -2.43049 -1.0888
      vertex -0.309905 -4 -1.05544
      vertex -0.156546 -4 -1.0888
    endloop
  endfacet
  facet normal 0.0713621 0 0.99745
    outer loop
      vertex -0.156546 4 -1.0888
      vertex 0 -1.05 -1.1
      vertex 0 4 -1.1
    endloop
  endfacet
  facet normal 0.0713894 8.50866e-07 0.997449
    outer loop
      vertex 0 -1.05 -1.1
      vertex -0.156546 4 -1.0888
      vertex -0.0996199 -1.05712 -1.09287
    endloop
  endfacet
  facet normal 0.0713142 0 0.997454
    outer loop
      vertex -0.0996199 -1.05712 -1.09287
      vertex -0.156546 4 -1.0888
      vertex -0.156546 -1.06951 -1.0888
    endloop
  endfacet
  facet normal 0.0713892 -2.75838e-06 0.997449
    outer loop
      vertex -0.156546 -4 -1.0888
      vertex 0 -2.45 -1.1
      vertex -0.0996199 -2.44287 -1.09287
    endloop
  endfacet
  facet normal 0.0713142 -0 0.997454
    outer loop
      vertex -0.156546 -4 -1.0888
      vertex -0.0996199 -2.44287 -1.09287
      vertex -0.156546 -2.43049 -1.0888
    endloop
  endfacet
  facet normal 0.0713621 0 0.99745
    outer loop
      vertex 0 -2.45 -1.1
      vertex -0.156546 -4 -1.0888
      vertex 0 -4 -1.1
    endloop
  endfacet
  facet normal -0.997449 0 -0.0713829
    outer loop
      vertex 1.1 -3.5 -20
      vertex 1.0888 3.5 -19.8435
      vertex 1.1 3.5 -20
    endloop
  endfacet
  facet normal -0.997449 -0 -0.0713829
    outer loop
      vertex 1.0888 3.5 -19.8435
      vertex 1.1 -3.5 -20
      vertex 1.0888 -3.5 -19.8435
    endloop
  endfacet
  facet normal -0.877596 0 -0.479402
    outer loop
      vertex 1.0006 -3.5 -19.543
      vertex 0.925379 3.5 -19.4053
      vertex 1.0006 3.5 -19.543
    endloop
  endfacet
  facet normal -0.877596 -0 -0.479402
    outer loop
      vertex 0.925379 3.5 -19.4053
      vertex 1.0006 -3.5 -19.543
      vertex 0.925379 -3.5 -19.4053
    endloop
  endfacet
  facet normal -0.214603 0 -0.976701
    outer loop
      vertex 0.29079 -1.11326 -18.9404
      vertex 0.309905 1.6 -18.9446
      vertex 0.309905 -1.1237 -18.9446
    endloop
  endfacet
  facet normal -0.213002 -1.18274e-05 -0.977052
    outer loop
      vertex 0.197212 -1.07835 -18.92
      vertex 0.309905 1.6 -18.9446
      vertex 0.29079 -1.11326 -18.9404
    endloop
  endfacet
  facet normal -0.211518 -7.72303e-05 -0.977374
    outer loop
      vertex 0.156546 -1.06951 -18.9112
      vertex 0.309905 1.6 -18.9446
      vertex 0.197212 -1.07835 -18.92
    endloop
  endfacet
  facet normal -0.212801 0 -0.977096
    outer loop
      vertex 0.309905 1.6 -18.9446
      vertex 0.156546 -1.06951 -18.9112
      vertex 0.156546 1.6 -18.9112
    endloop
  endfacet
  facet normal -0.214603 0 -0.976701
    outer loop
      vertex 0.309905 -3.5 -18.9446
      vertex 0.29079 -2.38674 -18.9404
      vertex 0.309905 -2.3763 -18.9446
    endloop
  endfacet
  facet normal -0.213008 2.87178e-05 -0.977051
    outer loop
      vertex 0.309905 -3.5 -18.9446
      vertex 0.197212 -2.42164 -18.92
      vertex 0.29079 -2.38674 -18.9404
    endloop
  endfacet
  facet normal -0.212801 -0 -0.977096
    outer loop
      vertex 0.156546 -2.43049 -18.9112
      vertex 0.309905 -3.5 -18.9446
      vertex 0.156546 -3.5 -18.9112
    endloop
  endfacet
  facet normal -0.211541 0.000189268 -0.977369
    outer loop
      vertex 0.309905 -3.5 -18.9446
      vertex 0.156546 -2.43049 -18.9112
      vertex 0.197212 -2.42164 -18.92
    endloop
  endfacet
  facet normal 0.483928 0.000302309 -0.875108
    outer loop
      vertex -0.594705 1.6 -19.0746
      vertex -0.456956 -1.21989 -18.9994
      vertex -0.458402 -1.22097 -19.0002
    endloop
  endfacet
  facet normal 0.479585 2.94908e-05 -0.877495
    outer loop
      vertex -0.594705 1.6 -19.0746
      vertex -0.458402 -1.22097 -19.0002
      vertex -0.529024 -1.2916 -19.0388
    endloop
  endfacet
  facet normal 0.478327 -7.56827e-06 -0.878182
    outer loop
      vertex -0.594705 1.6 -19.0746
      vertex -0.529024 -1.2916 -19.0388
      vertex -0.588877 -1.37155 -19.0714
    endloop
  endfacet
  facet normal 0.481295 0 -0.876559
    outer loop
      vertex -0.594705 1.6 -19.0746
      vertex -0.588877 -1.37155 -19.0714
      vertex -0.594705 -1.38222 -19.0746
    endloop
  endfacet
  facet normal 0.479167 0 -0.877724
    outer loop
      vertex -0.456956 -1.21989 -18.9994
      vertex -0.594705 1.6 -19.0746
      vertex -0.456956 1.6 -18.9994
    endloop
  endfacet
  facet normal 0.479167 0 -0.877724
    outer loop
      vertex -0.594705 -3.5 -19.0746
      vertex -0.456956 -2.28011 -18.9994
      vertex -0.456956 -3.5 -18.9994
    endloop
  endfacet
  facet normal 0.483715 -0.000667585 -0.875225
    outer loop
      vertex -0.456956 -2.28011 -18.9994
      vertex -0.594705 -3.5 -19.0746
      vertex -0.458402 -2.27902 -19.0002
    endloop
  endfacet
  facet normal 0.479558 -6.42567e-05 -0.87751
    outer loop
      vertex -0.458402 -2.27902 -19.0002
      vertex -0.594705 -3.5 -19.0746
      vertex -0.529024 -2.2084 -19.0388
    endloop
  endfacet
  facet normal 0.478336 1.63472e-05 -0.878177
    outer loop
      vertex -0.529024 -2.2084 -19.0388
      vertex -0.594705 -3.5 -19.0746
      vertex -0.588877 -2.12845 -19.0714
    endloop
  endfacet
  facet normal 0.481295 0 -0.876559
    outer loop
      vertex -0.588877 -2.12845 -19.0714
      vertex -0.594705 -3.5 -19.0746
      vertex -0.594705 -2.11778 -19.0746
    endloop
  endfacet
  facet normal 0.877596 0 -0.479402
    outer loop
      vertex -0.925379 -3.5 -19.4053
      vertex -1.0006 3.5 -19.543
      vertex -0.925379 3.5 -19.4053
    endloop
  endfacet
  facet normal 0.877596 0 -0.479402
    outer loop
      vertex -1.0006 3.5 -19.543
      vertex -0.925379 -3.5 -19.4053
      vertex -1.0006 -3.5 -19.543
    endloop
  endfacet
  facet normal -0.997449 0 0.0713829
    outer loop
      vertex 1.0888 -3.5 -20.1565
      vertex 1.1 3.5 -20
      vertex 1.0888 3.5 -20.1565
    endloop
  endfacet
  facet normal -0.997449 0 0.0713829
    outer loop
      vertex 1.1 3.5 -20
      vertex 1.0888 -3.5 -20.1565
      vertex 1.1 -3.5 -20
    endloop
  endfacet
  facet normal -0.800751 0 -0.598998
    outer loop
      vertex 0.925379 3.5 -19.4053
      vertex 0.87526 1.6 -19.3383
      vertex 0.87526 3.5 -19.3383
    endloop
  endfacet
  facet normal -0.800751 0 -0.598998
    outer loop
      vertex 0.925379 -3.5 -19.4053
      vertex 0.87526 1.6 -19.3383
      vertex 0.925379 3.5 -19.4053
    endloop
  endfacet
  facet normal -0.800443 8.42055e-06 -0.599408
    outer loop
      vertex 0.831324 -3.5 -19.2797
      vertex 0.87526 1.6 -19.3383
      vertex 0.925379 -3.5 -19.4053
    endloop
  endfacet
  facet normal -0.800092 0 -0.599878
    outer loop
      vertex 0.87526 1.6 -19.3383
      vertex 0.831324 -3.5 -19.2797
      vertex 0.831324 1.6 -19.2797
    endloop
  endfacet
  facet normal 0.0710917 -1.60519e-05 -0.99747
    outer loop
      vertex -0.156546 1.6 -18.9112
      vertex 0 -1.05 -18.9
      vertex -0.0996199 -1.05712 -18.9071
    endloop
  endfacet
  facet normal 0.0718371 0 -0.997416
    outer loop
      vertex -0.156546 1.6 -18.9112
      vertex -0.0996199 -1.05712 -18.9071
      vertex -0.156546 -1.06951 -18.9112
    endloop
  endfacet
  facet normal 0.0713621 0 -0.99745
    outer loop
      vertex 0 -1.05 -18.9
      vertex -0.156546 1.6 -18.9112
      vertex 0 1.6 -18.9
    endloop
  endfacet
  facet normal 0.0713621 0 -0.99745
    outer loop
      vertex -0.156546 -3.5 -18.9112
      vertex 0 -2.45 -18.9
      vertex 0 -3.5 -18.9
    endloop
  endfacet
  facet normal 0.0710934 4.02535e-05 -0.99747
    outer loop
      vertex 0 -2.45 -18.9
      vertex -0.156546 -3.5 -18.9112
      vertex -0.0996199 -2.44287 -18.9071
    endloop
  endfacet
  facet normal 0.0718371 0 -0.997416
    outer loop
      vertex -0.0996199 -2.44287 -18.9071
      vertex -0.156546 -3.5 -18.9112
      vertex -0.156546 -2.43049 -18.9112
    endloop
  endfacet
  facet normal 0.997449 0 -0.0713829
    outer loop
      vertex -1.0888 -3.5 -19.8435
      vertex -1.1 3.5 -20
      vertex -1.0888 3.5 -19.8435
    endloop
  endfacet
  facet normal 0.997449 0 -0.0713829
    outer loop
      vertex -1.1 3.5 -20
      vertex -1.0888 -3.5 -19.8435
      vertex -1.1 -3.5 -20
    endloop
  endfacet
  facet normal 0.800092 0 -0.599878
    outer loop
      vertex -0.831324 1.6 -19.2797
      vertex -0.831324 -3.5 -19.2797
      vertex -0.87526 1.6 -19.3383
    endloop
  endfacet
  facet normal 0.800751 0 -0.598998
    outer loop
      vertex -0.87526 1.6 -19.3383
      vertex -0.925379 3.5 -19.4053
      vertex -0.87526 3.5 -19.3383
    endloop
  endfacet
  facet normal 0.800443 8.42055e-06 -0.599408
    outer loop
      vertex -0.925379 -3.5 -19.4053
      vertex -0.87526 1.6 -19.3383
      vertex -0.831324 -3.5 -19.2797
    endloop
  endfacet
  facet normal 0.800751 0 -0.598998
    outer loop
      vertex -0.87526 1.6 -19.3383
      vertex -0.925379 -3.5 -19.4053
      vertex -0.925379 3.5 -19.4053
    endloop
  endfacet
  facet normal 0.348696 -3.09947e-05 -0.937236
    outer loop
      vertex -0.456956 1.6 -18.9994
      vertex -0.309905 -1.1237 -18.9446
      vertex -0.378448 -1.16112 -18.9701
    endloop
  endfacet
  facet normal 0.349653 0 -0.936879
    outer loop
      vertex -0.456956 1.6 -18.9994
      vertex -0.378448 -1.16112 -18.9701
      vertex -0.456956 -1.21989 -18.9994
    endloop
  endfacet
  facet normal 0.3492 0 -0.937048
    outer loop
      vertex -0.309905 -1.1237 -18.9446
      vertex -0.456956 1.6 -18.9994
      vertex -0.309905 1.6 -18.9446
    endloop
  endfacet
  facet normal 0.3492 0 -0.937048
    outer loop
      vertex -0.456956 -3.5 -18.9994
      vertex -0.309905 -2.3763 -18.9446
      vertex -0.309905 -3.5 -18.9446
    endloop
  endfacet
  facet normal 0.348716 7.21839e-05 -0.937229
    outer loop
      vertex -0.309905 -2.3763 -18.9446
      vertex -0.456956 -3.5 -18.9994
      vertex -0.378448 -2.33888 -18.9701
    endloop
  endfacet
  facet normal 0.349653 0 -0.936879
    outer loop
      vertex -0.378448 -2.33888 -18.9701
      vertex -0.456956 -3.5 -18.9994
      vertex -0.456956 -2.28011 -18.9994
    endloop
  endfacet
  facet normal -0.601018 0 0.799236
    outer loop
      vertex 0.720346 3.5 -20.8313
      vertex 0.7 -1.75 -20.8466
      vertex 0.720346 -3.5 -20.8313
    endloop
  endfacet
  facet normal -0.597058 -2.39786e-05 0.802198
    outer loop
      vertex 0.720346 3.5 -20.8313
      vertex 0.692875 -1.65038 -20.8519
      vertex 0.7 -1.75 -20.8466
    endloop
  endfacet
  facet normal -0.599451 -4.07034e-06 0.800412
    outer loop
      vertex 0.720346 3.5 -20.8313
      vertex 0.671644 -1.55279 -20.8678
      vertex 0.692875 -1.65038 -20.8519
    endloop
  endfacet
  facet normal -0.598897 -1.23982e-05 0.800826
    outer loop
      vertex 0.720346 3.5 -20.8313
      vertex 0.636742 -1.45921 -20.8939
      vertex 0.671644 -1.55279 -20.8678
    endloop
  endfacet
  facet normal -0.599467 0 0.8004
    outer loop
      vertex 0.594705 -1.38222 -20.9254
      vertex 0.720346 3.5 -20.8313
      vertex 0.594705 3.5 -20.9254
    endloop
  endfacet
  facet normal -0.599653 7.48399e-06 0.80026
    outer loop
      vertex 0.720346 3.5 -20.8313
      vertex 0.594705 -1.38222 -20.9254
      vertex 0.636742 -1.45921 -20.8939
    endloop
  endfacet
  facet normal -0.597429 6.52077e-05 0.801922
    outer loop
      vertex 0.692875 -1.84962 -20.8519
      vertex 0.720346 -3.5 -20.8313
      vertex 0.7 -1.75 -20.8466
    endloop
  endfacet
  facet normal -0.599474 1.20886e-05 0.800394
    outer loop
      vertex 0.671644 -1.94721 -20.8678
      vertex 0.720346 -3.5 -20.8313
      vertex 0.692875 -1.84962 -20.8519
    endloop
  endfacet
  facet normal -0.598942 3.81744e-05 0.800793
    outer loop
      vertex 0.636742 -2.04079 -20.8939
      vertex 0.720346 -3.5 -20.8313
      vertex 0.671644 -1.94721 -20.8678
    endloop
  endfacet
  facet normal -0.599634 -2.37305e-05 0.800274
    outer loop
      vertex 0.594705 -2.11778 -20.9254
      vertex 0.720346 -3.5 -20.8313
      vertex 0.636742 -2.04079 -20.8939
    endloop
  endfacet
  facet normal -0.599467 0 0.8004
    outer loop
      vertex 0.720346 -3.5 -20.8313
      vertex 0.594705 -2.11778 -20.9254
      vertex 0.594705 -3.5 -20.9254
    endloop
  endfacet
  facet normal -0.937003 0 -0.349322
    outer loop
      vertex 1.05544 -3.5 -19.6901
      vertex 1.0006 3.5 -19.543
      vertex 1.05544 3.5 -19.6901
    endloop
  endfacet
  facet normal -0.937003 -0 -0.349322
    outer loop
      vertex 1.0006 3.5 -19.543
      vertex 1.05544 -3.5 -19.6901
      vertex 1.0006 -3.5 -19.543
    endloop
  endfacet
  facet normal -0.601018 0 -0.799236
    outer loop
      vertex 0.720346 -3.5 -19.1687
      vertex 0.7 -1.75 -19.1534
      vertex 0.720346 1.6 -19.1687
    endloop
  endfacet
  facet normal -0.597429 6.52077e-05 -0.801922
    outer loop
      vertex 0.720346 -3.5 -19.1687
      vertex 0.692875 -1.84962 -19.1481
      vertex 0.7 -1.75 -19.1534
    endloop
  endfacet
  facet normal -0.599474 1.20886e-05 -0.800394
    outer loop
      vertex 0.720346 -3.5 -19.1687
      vertex 0.671644 -1.94721 -19.1322
      vertex 0.692875 -1.84962 -19.1481
    endloop
  endfacet
  facet normal -0.598942 3.81744e-05 -0.800793
    outer loop
      vertex 0.720346 -3.5 -19.1687
      vertex 0.636742 -2.04079 -19.1061
      vertex 0.671644 -1.94721 -19.1322
    endloop
  endfacet
  facet normal -0.599467 -0 -0.8004
    outer loop
      vertex 0.594705 -2.11778 -19.0746
      vertex 0.720346 -3.5 -19.1687
      vertex 0.594705 -3.5 -19.0746
    endloop
  endfacet
  facet normal -0.599634 -2.37305e-05 -0.800274
    outer loop
      vertex 0.720346 -3.5 -19.1687
      vertex 0.594705 -2.11778 -19.0746
      vertex 0.636742 -2.04079 -19.1061
    endloop
  endfacet
  facet normal -0.597171 -3.65101e-05 -0.802114
    outer loop
      vertex 0.692875 -1.65038 -19.1481
      vertex 0.720346 1.6 -19.1687
      vertex 0.7 -1.75 -19.1534
    endloop
  endfacet
  facet normal -0.599458 -6.36063e-06 -0.800407
    outer loop
      vertex 0.671644 -1.55279 -19.1322
      vertex 0.720346 1.6 -19.1687
      vertex 0.692875 -1.65038 -19.1481
    endloop
  endfacet
  facet normal -0.59891 -1.95724e-05 -0.800817
    outer loop
      vertex 0.636742 -1.45921 -19.1061
      vertex 0.720346 1.6 -19.1687
      vertex 0.671644 -1.55279 -19.1322
    endloop
  endfacet
  facet normal -0.599648 1.19106e-05 -0.800264
    outer loop
      vertex 0.594705 -1.38222 -19.0746
      vertex 0.720346 1.6 -19.1687
      vertex 0.636742 -1.45921 -19.1061
    endloop
  endfacet
  facet normal -0.599467 0 -0.8004
    outer loop
      vertex 0.720346 1.6 -19.1687
      vertex 0.594705 -1.38222 -19.0746
      vertex 0.594705 1.6 -19.0746
    endloop
  endfacet
  facet normal -0.0718371 0 -0.997416
    outer loop
      vertex 0.0996199 -1.05712 -18.9071
      vertex 0.156546 1.6 -18.9112
      vertex 0.156546 -1.06951 -18.9112
    endloop
  endfacet
  facet normal -0.0710917 -1.60519e-05 -0.99747
    outer loop
      vertex 0 -1.05 -18.9
      vertex 0.156546 1.6 -18.9112
      vertex 0.0996199 -1.05712 -18.9071
    endloop
  endfacet
  facet normal -0.0713621 0 -0.99745
    outer loop
      vertex 0.156546 1.6 -18.9112
      vertex 0 -1.05 -18.9
      vertex 0 1.6 -18.9
    endloop
  endfacet
  facet normal -0.0718371 0 -0.997416
    outer loop
      vertex 0.156546 -3.5 -18.9112
      vertex 0.0996199 -2.44287 -18.9071
      vertex 0.156546 -2.43049 -18.9112
    endloop
  endfacet
  facet normal -0.0713621 -0 -0.99745
    outer loop
      vertex 0 -2.45 -18.9
      vertex 0.156546 -3.5 -18.9112
      vertex 0 -3.5 -18.9
    endloop
  endfacet
  facet normal -0.0710934 4.02535e-05 -0.99747
    outer loop
      vertex 0.156546 -3.5 -18.9112
      vertex 0 -2.45 -18.9
      vertex 0.0996199 -2.44287 -18.9071
    endloop
  endfacet
  facet normal -0.481295 0 -0.876559
    outer loop
      vertex 0.588877 -1.37155 -19.0714
      vertex 0.594705 1.6 -19.0746
      vertex 0.594705 -1.38222 -19.0746
    endloop
  endfacet
  facet normal -0.478327 -7.56827e-06 -0.878182
    outer loop
      vertex 0.529024 -1.2916 -19.0388
      vertex 0.594705 1.6 -19.0746
      vertex 0.588877 -1.37155 -19.0714
    endloop
  endfacet
  facet normal -0.479585 2.94908e-05 -0.877495
    outer loop
      vertex 0.458402 -1.22097 -19.0002
      vertex 0.594705 1.6 -19.0746
      vertex 0.529024 -1.2916 -19.0388
    endloop
  endfacet
  facet normal -0.483928 0.000302309 -0.875108
    outer loop
      vertex 0.456956 -1.21989 -18.9994
      vertex 0.594705 1.6 -19.0746
      vertex 0.458402 -1.22097 -19.0002
    endloop
  endfacet
  facet normal -0.479167 0 -0.877724
    outer loop
      vertex 0.594705 1.6 -19.0746
      vertex 0.456956 -1.21989 -18.9994
      vertex 0.456956 1.6 -18.9994
    endloop
  endfacet
  facet normal -0.481295 0 -0.876559
    outer loop
      vertex 0.594705 -3.5 -19.0746
      vertex 0.588877 -2.12845 -19.0714
      vertex 0.594705 -2.11778 -19.0746
    endloop
  endfacet
  facet normal -0.478336 1.63472e-05 -0.878177
    outer loop
      vertex 0.594705 -3.5 -19.0746
      vertex 0.529024 -2.2084 -19.0388
      vertex 0.588877 -2.12845 -19.0714
    endloop
  endfacet
  facet normal -0.479558 -6.42567e-05 -0.87751
    outer loop
      vertex 0.594705 -3.5 -19.0746
      vertex 0.458402 -2.27902 -19.0002
      vertex 0.529024 -2.2084 -19.0388
    endloop
  endfacet
  facet normal -0.479167 -0 -0.877724
    outer loop
      vertex 0.456956 -2.28011 -18.9994
      vertex 0.594705 -3.5 -19.0746
      vertex 0.456956 -3.5 -18.9994
    endloop
  endfacet
  facet normal -0.483715 -0.000667585 -0.875225
    outer loop
      vertex 0.594705 -3.5 -19.0746
      vertex 0.456956 -2.28011 -18.9994
      vertex 0.458402 -2.27902 -19.0002
    endloop
  endfacet
  facet normal 0.937003 0 -0.349322
    outer loop
      vertex -1.0006 -3.5 -19.543
      vertex -1.05544 3.5 -19.6901
      vertex -1.0006 3.5 -19.543
    endloop
  endfacet
  facet normal 0.937003 0 -0.349322
    outer loop
      vertex -1.05544 3.5 -19.6901
      vertex -1.0006 -3.5 -19.543
      vertex -1.05544 -3.5 -19.6901
    endloop
  endfacet
  facet normal 0.97716 0 -0.212504
    outer loop
      vertex -1.05544 -3.5 -19.6901
      vertex -1.0888 3.5 -19.8435
      vertex -1.05544 3.5 -19.6901
    endloop
  endfacet
  facet normal 0.97716 0 -0.212504
    outer loop
      vertex -1.0888 3.5 -19.8435
      vertex -1.05544 -3.5 -19.6901
      vertex -1.0888 -3.5 -19.8435
    endloop
  endfacet
  facet normal 0.211518 -7.72303e-05 -0.977374
    outer loop
      vertex -0.309905 1.6 -18.9446
      vertex -0.156546 -1.06951 -18.9112
      vertex -0.197212 -1.07835 -18.92
    endloop
  endfacet
  facet normal 0.213002 -1.18274e-05 -0.977052
    outer loop
      vertex -0.309905 1.6 -18.9446
      vertex -0.197212 -1.07835 -18.92
      vertex -0.29079 -1.11326 -18.9404
    endloop
  endfacet
  facet normal 0.214603 0 -0.976701
    outer loop
      vertex -0.309905 1.6 -18.9446
      vertex -0.29079 -1.11326 -18.9404
      vertex -0.309905 -1.1237 -18.9446
    endloop
  endfacet
  facet normal 0.212801 0 -0.977096
    outer loop
      vertex -0.156546 -1.06951 -18.9112
      vertex -0.309905 1.6 -18.9446
      vertex -0.156546 1.6 -18.9112
    endloop
  endfacet
  facet normal 0.212801 0 -0.977096
    outer loop
      vertex -0.309905 -3.5 -18.9446
      vertex -0.156546 -2.43049 -18.9112
      vertex -0.156546 -3.5 -18.9112
    endloop
  endfacet
  facet normal 0.211541 0.000189268 -0.977369
    outer loop
      vertex -0.156546 -2.43049 -18.9112
      vertex -0.309905 -3.5 -18.9446
      vertex -0.197212 -2.42164 -18.92
    endloop
  endfacet
  facet normal 0.213008 2.87178e-05 -0.977051
    outer loop
      vertex -0.197212 -2.42164 -18.92
      vertex -0.309905 -3.5 -18.9446
      vertex -0.29079 -2.38674 -18.9404
    endloop
  endfacet
  facet normal 0.214603 0 -0.976701
    outer loop
      vertex -0.29079 -2.38674 -18.9404
      vertex -0.309905 -3.5 -18.9446
      vertex -0.309905 -2.3763 -18.9446
    endloop
  endfacet
  facet normal 0.599467 0 -0.8004
    outer loop
      vertex -0.720346 -3.5 -19.1687
      vertex -0.594705 -2.11778 -19.0746
      vertex -0.594705 -3.5 -19.0746
    endloop
  endfacet
  facet normal 0.599634 -2.37305e-05 -0.800274
    outer loop
      vertex -0.594705 -2.11778 -19.0746
      vertex -0.720346 -3.5 -19.1687
      vertex -0.636742 -2.04079 -19.1061
    endloop
  endfacet
  facet normal 0.598942 3.81744e-05 -0.800793
    outer loop
      vertex -0.636742 -2.04079 -19.1061
      vertex -0.720346 -3.5 -19.1687
      vertex -0.671644 -1.94721 -19.1322
    endloop
  endfacet
  facet normal 0.599474 1.20886e-05 -0.800394
    outer loop
      vertex -0.671644 -1.94721 -19.1322
      vertex -0.720346 -3.5 -19.1687
      vertex -0.692875 -1.84962 -19.1481
    endloop
  endfacet
  facet normal 0.597429 6.52077e-05 -0.801922
    outer loop
      vertex -0.692875 -1.84962 -19.1481
      vertex -0.720346 -3.5 -19.1687
      vertex -0.7 -1.75 -19.1534
    endloop
  endfacet
  facet normal 0.599648 1.19106e-05 -0.800264
    outer loop
      vertex -0.720346 1.6 -19.1687
      vertex -0.594705 -1.38222 -19.0746
      vertex -0.636742 -1.45921 -19.1061
    endloop
  endfacet
  facet normal 0.59891 -1.95724e-05 -0.800817
    outer loop
      vertex -0.720346 1.6 -19.1687
      vertex -0.636742 -1.45921 -19.1061
      vertex -0.671644 -1.55279 -19.1322
    endloop
  endfacet
  facet normal 0.599458 -6.36063e-06 -0.800407
    outer loop
      vertex -0.720346 1.6 -19.1687
      vertex -0.671644 -1.55279 -19.1322
      vertex -0.692875 -1.65038 -19.1481
    endloop
  endfacet
  facet normal 0.597171 -3.65101e-05 -0.802114
    outer loop
      vertex -0.720346 1.6 -19.1687
      vertex -0.692875 -1.65038 -19.1481
      vertex -0.7 -1.75 -19.1534
    endloop
  endfacet
  facet normal 0.599467 0 -0.8004
    outer loop
      vertex -0.594705 -1.38222 -19.0746
      vertex -0.720346 1.6 -19.1687
      vertex -0.594705 1.6 -19.0746
    endloop
  endfacet
  facet normal 0.601018 0 -0.799236
    outer loop
      vertex -0.720346 1.6 -19.1687
      vertex -0.7 -1.75 -19.1534
      vertex -0.720346 -3.5 -19.1687
    endloop
  endfacet
  facet normal 0.707177 0 -0.707037
    outer loop
      vertex -0.720346 -3.5 -19.1687
      vertex -0.831324 1.6 -19.2797
      vertex -0.720346 1.6 -19.1687
    endloop
  endfacet
  facet normal 0.707177 0 -0.707037
    outer loop
      vertex -0.831324 1.6 -19.2797
      vertex -0.720346 -3.5 -19.1687
      vertex -0.831324 -3.5 -19.2797
    endloop
  endfacet
  facet normal -0.97716 0 0.212504
    outer loop
      vertex 1.05544 -3.5 -20.3099
      vertex 1.0888 3.5 -20.1565
      vertex 1.05544 3.5 -20.3099
    endloop
  endfacet
  facet normal -0.97716 0 0.212504
    outer loop
      vertex 1.0888 3.5 -20.1565
      vertex 1.05544 -3.5 -20.3099
      vertex 1.0888 -3.5 -20.1565
    endloop
  endfacet
  facet normal 0.997449 -0 0.0713829
    outer loop
      vertex -1.1 -3.5 -20
      vertex -1.0888 3.5 -20.1565
      vertex -1.1 3.5 -20
    endloop
  endfacet
  facet normal 0.997449 0 0.0713829
    outer loop
      vertex -1.0888 3.5 -20.1565
      vertex -1.1 -3.5 -20
      vertex -1.0888 -3.5 -20.1565
    endloop
  endfacet
  facet normal -0.0718371 0 0.997416
    outer loop
      vertex 0.156546 3.5 -21.0888
      vertex 0.0996199 -1.05712 -21.0929
      vertex 0.156546 -1.06951 -21.0888
    endloop
  endfacet
  facet normal -0.0713621 0 0.99745
    outer loop
      vertex 0 -1.05 -21.1
      vertex 0.156546 3.5 -21.0888
      vertex 0 3.5 -21.1
    endloop
  endfacet
  facet normal -0.0710912 -9.36537e-06 0.99747
    outer loop
      vertex 0.156546 3.5 -21.0888
      vertex 0 -1.05 -21.1
      vertex 0.0996199 -1.05712 -21.0929
    endloop
  endfacet
  facet normal -0.0718371 0 0.997416
    outer loop
      vertex 0.0996199 -2.44287 -21.0929
      vertex 0.156546 -3.5 -21.0888
      vertex 0.156546 -2.43049 -21.0888
    endloop
  endfacet
  facet normal -0.0710934 4.02535e-05 0.99747
    outer loop
      vertex 0 -2.45 -21.1
      vertex 0.156546 -3.5 -21.0888
      vertex 0.0996199 -2.44287 -21.0929
    endloop
  endfacet
  facet normal -0.0713621 0 0.99745
    outer loop
      vertex 0.156546 -3.5 -21.0888
      vertex 0 -2.45 -21.1
      vertex 0 -3.5 -21.1
    endloop
  endfacet
  facet normal -0.214603 0 0.976701
    outer loop
      vertex 0.29079 -2.38674 -21.0596
      vertex 0.309905 -3.5 -21.0554
      vertex 0.309905 -2.3763 -21.0554
    endloop
  endfacet
  facet normal -0.213008 2.87178e-05 0.977051
    outer loop
      vertex 0.197212 -2.42164 -21.08
      vertex 0.309905 -3.5 -21.0554
      vertex 0.29079 -2.38674 -21.0596
    endloop
  endfacet
  facet normal -0.211541 0.000189268 0.977369
    outer loop
      vertex 0.156546 -2.43049 -21.0888
      vertex 0.309905 -3.5 -21.0554
      vertex 0.197212 -2.42164 -21.08
    endloop
  endfacet
  facet normal -0.212801 0 0.977096
    outer loop
      vertex 0.309905 -3.5 -21.0554
      vertex 0.156546 -2.43049 -21.0888
      vertex 0.156546 -3.5 -21.0888
    endloop
  endfacet
  facet normal -0.214603 0 0.976701
    outer loop
      vertex 0.309905 3.5 -21.0554
      vertex 0.29079 -1.11326 -21.0596
      vertex 0.309905 -1.1237 -21.0554
    endloop
  endfacet
  facet normal -0.213 -6.96372e-06 0.977052
    outer loop
      vertex 0.309905 3.5 -21.0554
      vertex 0.197212 -1.07835 -21.08
      vertex 0.29079 -1.11326 -21.0596
    endloop
  endfacet
  facet normal -0.212801 0 0.977096
    outer loop
      vertex 0.156546 -1.06951 -21.0888
      vertex 0.309905 3.5 -21.0554
      vertex 0.156546 3.5 -21.0888
    endloop
  endfacet
  facet normal -0.211511 -4.53506e-05 0.977376
    outer loop
      vertex 0.309905 3.5 -21.0554
      vertex 0.156546 -1.06951 -21.0888
      vertex 0.197212 -1.07835 -21.08
    endloop
  endfacet
  facet normal -0.97716 0 -0.212504
    outer loop
      vertex 1.0888 -3.5 -19.8435
      vertex 1.05544 3.5 -19.6901
      vertex 1.0888 3.5 -19.8435
    endloop
  endfacet
  facet normal -0.97716 -0 -0.212504
    outer loop
      vertex 1.05544 3.5 -19.6901
      vertex 1.0888 -3.5 -19.8435
      vertex 1.05544 -3.5 -19.6901
    endloop
  endfacet
  facet normal -0.707177 0 -0.707037
    outer loop
      vertex 0.831324 -3.5 -19.2797
      vertex 0.720346 1.6 -19.1687
      vertex 0.831324 1.6 -19.2797
    endloop
  endfacet
  facet normal -0.707177 -0 -0.707037
    outer loop
      vertex 0.720346 1.6 -19.1687
      vertex 0.831324 -3.5 -19.2797
      vertex 0.720346 -3.5 -19.1687
    endloop
  endfacet
  facet normal -0.349653 0 -0.936879
    outer loop
      vertex 0.378448 -1.16112 -18.9701
      vertex 0.456956 1.6 -18.9994
      vertex 0.456956 -1.21989 -18.9994
    endloop
  endfacet
  facet normal -0.348696 -3.09947e-05 -0.937236
    outer loop
      vertex 0.309905 -1.1237 -18.9446
      vertex 0.456956 1.6 -18.9994
      vertex 0.378448 -1.16112 -18.9701
    endloop
  endfacet
  facet normal -0.3492 0 -0.937048
    outer loop
      vertex 0.456956 1.6 -18.9994
      vertex 0.309905 -1.1237 -18.9446
      vertex 0.309905 1.6 -18.9446
    endloop
  endfacet
  facet normal -0.349653 0 -0.936879
    outer loop
      vertex 0.456956 -3.5 -18.9994
      vertex 0.378448 -2.33888 -18.9701
      vertex 0.456956 -2.28011 -18.9994
    endloop
  endfacet
  facet normal -0.3492 -0 -0.937048
    outer loop
      vertex 0.309905 -2.3763 -18.9446
      vertex 0.456956 -3.5 -18.9994
      vertex 0.309905 -3.5 -18.9446
    endloop
  endfacet
  facet normal -0.348716 7.21839e-05 -0.937229
    outer loop
      vertex 0.456956 -3.5 -18.9994
      vertex 0.309905 -2.3763 -18.9446
      vertex 0.378448 -2.33888 -18.9701
    endloop
  endfacet
  facet normal -0.937003 0 0.349322
    outer loop
      vertex 1.0006 -3.5 -20.457
      vertex 1.05544 3.5 -20.3099
      vertex 1.0006 3.5 -20.457
    endloop
  endfacet
  facet normal -0.937003 0 0.349322
    outer loop
      vertex 1.05544 3.5 -20.3099
      vertex 1.0006 -3.5 -20.457
      vertex 1.05544 -3.5 -20.3099
    endloop
  endfacet
  facet normal -0.707177 0 0.707037
    outer loop
      vertex 0.720346 -3.5 -20.8313
      vertex 0.831324 3.5 -20.7203
      vertex 0.720346 3.5 -20.8313
    endloop
  endfacet
  facet normal -0.707177 0 0.707037
    outer loop
      vertex 0.831324 3.5 -20.7203
      vertex 0.720346 -3.5 -20.8313
      vertex 0.831324 -3.5 -20.7203
    endloop
  endfacet
  facet normal -0.800443 0 0.599408
    outer loop
      vertex 0.831324 -3.5 -20.7203
      vertex 0.925379 3.5 -20.5947
      vertex 0.831324 3.5 -20.7203
    endloop
  endfacet
  facet normal -0.800443 0 0.599408
    outer loop
      vertex 0.925379 3.5 -20.5947
      vertex 0.831324 -3.5 -20.7203
      vertex 0.925379 -3.5 -20.5947
    endloop
  endfacet
  facet normal -0.877596 0 0.479402
    outer loop
      vertex 0.925379 -3.5 -20.5947
      vertex 1.0006 3.5 -20.457
      vertex 0.925379 3.5 -20.5947
    endloop
  endfacet
  facet normal -0.877596 0 0.479402
    outer loop
      vertex 1.0006 3.5 -20.457
      vertex 0.925379 -3.5 -20.5947
      vertex 1.0006 -3.5 -20.457
    endloop
  endfacet
  facet normal 0.483715 -0.000667585 0.875225
    outer loop
      vertex -0.594705 -3.5 -20.9254
      vertex -0.456956 -2.28011 -21.0006
      vertex -0.458402 -2.27902 -20.9998
    endloop
  endfacet
  facet normal 0.479558 -6.42567e-05 0.87751
    outer loop
      vertex -0.594705 -3.5 -20.9254
      vertex -0.458402 -2.27902 -20.9998
      vertex -0.529024 -2.2084 -20.9612
    endloop
  endfacet
  facet normal 0.478336 1.63472e-05 0.878177
    outer loop
      vertex -0.594705 -3.5 -20.9254
      vertex -0.529024 -2.2084 -20.9612
      vertex -0.588877 -2.12845 -20.9286
    endloop
  endfacet
  facet normal 0.481295 -0 0.876559
    outer loop
      vertex -0.594705 -3.5 -20.9254
      vertex -0.588877 -2.12845 -20.9286
      vertex -0.594705 -2.11778 -20.9254
    endloop
  endfacet
  facet normal 0.479167 0 0.877724
    outer loop
      vertex -0.456956 -2.28011 -21.0006
      vertex -0.594705 -3.5 -20.9254
      vertex -0.456956 -3.5 -21.0006
    endloop
  endfacet
  facet normal 0.479167 0 0.877724
    outer loop
      vertex -0.594705 3.5 -20.9254
      vertex -0.456956 -1.21989 -21.0006
      vertex -0.456956 3.5 -21.0006
    endloop
  endfacet
  facet normal 0.483996 0.000183202 0.87507
    outer loop
      vertex -0.456956 -1.21989 -21.0006
      vertex -0.594705 3.5 -20.9254
      vertex -0.458402 -1.22097 -20.9998
    endloop
  endfacet
  facet normal 0.479594 1.79549e-05 0.877491
    outer loop
      vertex -0.458402 -1.22097 -20.9998
      vertex -0.594705 3.5 -20.9254
      vertex -0.529024 -1.2916 -20.9612
    endloop
  endfacet
  facet normal 0.478324 -4.62121e-06 0.878183
    outer loop
      vertex -0.529024 -1.2916 -20.9612
      vertex -0.594705 3.5 -20.9254
      vertex -0.588877 -1.37155 -20.9286
    endloop
  endfacet
  facet normal 0.481295 0 0.876559
    outer loop
      vertex -0.588877 -1.37155 -20.9286
      vertex -0.594705 3.5 -20.9254
      vertex -0.594705 -1.38222 -20.9254
    endloop
  endfacet
  facet normal 0.937003 -0 0.349322
    outer loop
      vertex -1.05544 -3.5 -20.3099
      vertex -1.0006 3.5 -20.457
      vertex -1.05544 3.5 -20.3099
    endloop
  endfacet
  facet normal 0.937003 0 0.349322
    outer loop
      vertex -1.0006 3.5 -20.457
      vertex -1.05544 -3.5 -20.3099
      vertex -1.0006 -3.5 -20.457
    endloop
  endfacet
  facet normal 0.97716 -0 0.212504
    outer loop
      vertex -1.0888 -3.5 -20.1565
      vertex -1.05544 3.5 -20.3099
      vertex -1.0888 3.5 -20.1565
    endloop
  endfacet
  facet normal 0.97716 0 0.212504
    outer loop
      vertex -1.05544 3.5 -20.3099
      vertex -1.0888 -3.5 -20.1565
      vertex -1.05544 -3.5 -20.3099
    endloop
  endfacet
  facet normal -0.349653 0 0.936879
    outer loop
      vertex 0.378448 -2.33888 -21.0299
      vertex 0.456956 -3.5 -21.0006
      vertex 0.456956 -2.28011 -21.0006
    endloop
  endfacet
  facet normal -0.348716 7.21839e-05 0.937229
    outer loop
      vertex 0.309905 -2.3763 -21.0554
      vertex 0.456956 -3.5 -21.0006
      vertex 0.378448 -2.33888 -21.0299
    endloop
  endfacet
  facet normal -0.3492 0 0.937048
    outer loop
      vertex 0.456956 -3.5 -21.0006
      vertex 0.309905 -2.3763 -21.0554
      vertex 0.309905 -3.5 -21.0554
    endloop
  endfacet
  facet normal -0.349653 0 0.936879
    outer loop
      vertex 0.456956 3.5 -21.0006
      vertex 0.378448 -1.16112 -21.0299
      vertex 0.456956 -1.21989 -21.0006
    endloop
  endfacet
  facet normal -0.3492 0 0.937048
    outer loop
      vertex 0.309905 -1.1237 -21.0554
      vertex 0.456956 3.5 -21.0006
      vertex 0.309905 3.5 -21.0554
    endloop
  endfacet
  facet normal -0.34869 -1.84756e-05 0.937238
    outer loop
      vertex 0.456956 3.5 -21.0006
      vertex 0.309905 -1.1237 -21.0554
      vertex 0.378448 -1.16112 -21.0299
    endloop
  endfacet
  facet normal -0.481295 0 0.876559
    outer loop
      vertex 0.588877 -2.12845 -20.9286
      vertex 0.594705 -3.5 -20.9254
      vertex 0.594705 -2.11778 -20.9254
    endloop
  endfacet
  facet normal -0.478336 1.63472e-05 0.878177
    outer loop
      vertex 0.529024 -2.2084 -20.9612
      vertex 0.594705 -3.5 -20.9254
      vertex 0.588877 -2.12845 -20.9286
    endloop
  endfacet
  facet normal -0.479558 -6.42567e-05 0.87751
    outer loop
      vertex 0.458402 -2.27902 -20.9998
      vertex 0.594705 -3.5 -20.9254
      vertex 0.529024 -2.2084 -20.9612
    endloop
  endfacet
  facet normal -0.483715 -0.000667585 0.875225
    outer loop
      vertex 0.456956 -2.28011 -21.0006
      vertex 0.594705 -3.5 -20.9254
      vertex 0.458402 -2.27902 -20.9998
    endloop
  endfacet
  facet normal -0.479167 0 0.877724
    outer loop
      vertex 0.594705 -3.5 -20.9254
      vertex 0.456956 -2.28011 -21.0006
      vertex 0.456956 -3.5 -21.0006
    endloop
  endfacet
  facet normal -0.481295 0 0.876559
    outer loop
      vertex 0.594705 3.5 -20.9254
      vertex 0.588877 -1.37155 -20.9286
      vertex 0.594705 -1.38222 -20.9254
    endloop
  endfacet
  facet normal -0.478324 -4.62121e-06 0.878183
    outer loop
      vertex 0.594705 3.5 -20.9254
      vertex 0.529024 -1.2916 -20.9612
      vertex 0.588877 -1.37155 -20.9286
    endloop
  endfacet
  facet normal -0.479594 1.79549e-05 0.877491
    outer loop
      vertex 0.594705 3.5 -20.9254
      vertex 0.458402 -1.22097 -20.9998
      vertex 0.529024 -1.2916 -20.9612
    endloop
  endfacet
  facet normal -0.479167 0 0.877724
    outer loop
      vertex 0.456956 -1.21989 -21.0006
      vertex 0.594705 3.5 -20.9254
      vertex 0.456956 3.5 -21.0006
    endloop
  endfacet
  facet normal -0.483996 0.000183202 0.87507
    outer loop
      vertex 0.594705 3.5 -20.9254
      vertex 0.456956 -1.21989 -21.0006
      vertex 0.458402 -1.22097 -20.9998
    endloop
  endfacet
  facet normal 0.599467 0 0.8004
    outer loop
      vertex -0.720346 3.5 -20.8313
      vertex -0.594705 -1.38222 -20.9254
      vertex -0.594705 3.5 -20.9254
    endloop
  endfacet
  facet normal 0.599653 7.48399e-06 0.80026
    outer loop
      vertex -0.594705 -1.38222 -20.9254
      vertex -0.720346 3.5 -20.8313
      vertex -0.636742 -1.45921 -20.8939
    endloop
  endfacet
  facet normal 0.598897 -1.23982e-05 0.800826
    outer loop
      vertex -0.636742 -1.45921 -20.8939
      vertex -0.720346 3.5 -20.8313
      vertex -0.671644 -1.55279 -20.8678
    endloop
  endfacet
  facet normal 0.599451 -4.07034e-06 0.800412
    outer loop
      vertex -0.671644 -1.55279 -20.8678
      vertex -0.720346 3.5 -20.8313
      vertex -0.692875 -1.65038 -20.8519
    endloop
  endfacet
  facet normal 0.597058 -2.39786e-05 0.802198
    outer loop
      vertex -0.692875 -1.65038 -20.8519
      vertex -0.720346 3.5 -20.8313
      vertex -0.7 -1.75 -20.8466
    endloop
  endfacet
  facet normal 0.599634 -2.37305e-05 0.800274
    outer loop
      vertex -0.720346 -3.5 -20.8313
      vertex -0.594705 -2.11778 -20.9254
      vertex -0.636742 -2.04079 -20.8939
    endloop
  endfacet
  facet normal 0.598942 3.81744e-05 0.800793
    outer loop
      vertex -0.720346 -3.5 -20.8313
      vertex -0.636742 -2.04079 -20.8939
      vertex -0.671644 -1.94721 -20.8678
    endloop
  endfacet
  facet normal 0.599474 1.20886e-05 0.800394
    outer loop
      vertex -0.720346 -3.5 -20.8313
      vertex -0.671644 -1.94721 -20.8678
      vertex -0.692875 -1.84962 -20.8519
    endloop
  endfacet
  facet normal 0.597429 6.52077e-05 0.801922
    outer loop
      vertex -0.720346 -3.5 -20.8313
      vertex -0.692875 -1.84962 -20.8519
      vertex -0.7 -1.75 -20.8466
    endloop
  endfacet
  facet normal 0.599467 0 0.8004
    outer loop
      vertex -0.594705 -2.11778 -20.9254
      vertex -0.720346 -3.5 -20.8313
      vertex -0.594705 -3.5 -20.9254
    endloop
  endfacet
  facet normal 0.601018 -0 0.799236
    outer loop
      vertex -0.720346 -3.5 -20.8313
      vertex -0.7 -1.75 -20.8466
      vertex -0.720346 3.5 -20.8313
    endloop
  endfacet
  facet normal 0.877596 -0 0.479402
    outer loop
      vertex -1.0006 -3.5 -20.457
      vertex -0.925379 3.5 -20.5947
      vertex -1.0006 3.5 -20.457
    endloop
  endfacet
  facet normal 0.877596 0 0.479402
    outer loop
      vertex -0.925379 3.5 -20.5947
      vertex -1.0006 -3.5 -20.457
      vertex -0.925379 -3.5 -20.5947
    endloop
  endfacet
  facet normal 0.800443 -0 0.599408
    outer loop
      vertex -0.925379 -3.5 -20.5947
      vertex -0.831324 3.5 -20.7203
      vertex -0.925379 3.5 -20.5947
    endloop
  endfacet
  facet normal 0.800443 0 0.599408
    outer loop
      vertex -0.831324 3.5 -20.7203
      vertex -0.925379 -3.5 -20.5947
      vertex -0.831324 -3.5 -20.7203
    endloop
  endfacet
  facet normal 0.707177 -0 0.707037
    outer loop
      vertex -0.831324 -3.5 -20.7203
      vertex -0.720346 3.5 -20.8313
      vertex -0.831324 3.5 -20.7203
    endloop
  endfacet
  facet normal 0.707177 0 0.707037
    outer loop
      vertex -0.720346 3.5 -20.8313
      vertex -0.831324 -3.5 -20.7203
      vertex -0.720346 -3.5 -20.8313
    endloop
  endfacet
  facet normal 0.211541 0.000189268 0.977369
    outer loop
      vertex -0.309905 -3.5 -21.0554
      vertex -0.156546 -2.43049 -21.0888
      vertex -0.197212 -2.42164 -21.08
    endloop
  endfacet
  facet normal 0.213008 2.87178e-05 0.977051
    outer loop
      vertex -0.309905 -3.5 -21.0554
      vertex -0.197212 -2.42164 -21.08
      vertex -0.29079 -2.38674 -21.0596
    endloop
  endfacet
  facet normal 0.214603 -0 0.976701
    outer loop
      vertex -0.309905 -3.5 -21.0554
      vertex -0.29079 -2.38674 -21.0596
      vertex -0.309905 -2.3763 -21.0554
    endloop
  endfacet
  facet normal 0.212801 0 0.977096
    outer loop
      vertex -0.156546 -2.43049 -21.0888
      vertex -0.309905 -3.5 -21.0554
      vertex -0.156546 -3.5 -21.0888
    endloop
  endfacet
  facet normal 0.212801 0 0.977096
    outer loop
      vertex -0.309905 3.5 -21.0554
      vertex -0.156546 -1.06951 -21.0888
      vertex -0.156546 3.5 -21.0888
    endloop
  endfacet
  facet normal 0.211511 -4.53506e-05 0.977376
    outer loop
      vertex -0.156546 -1.06951 -21.0888
      vertex -0.309905 3.5 -21.0554
      vertex -0.197212 -1.07835 -21.08
    endloop
  endfacet
  facet normal 0.213 -6.96372e-06 0.977052
    outer loop
      vertex -0.197212 -1.07835 -21.08
      vertex -0.309905 3.5 -21.0554
      vertex -0.29079 -1.11326 -21.0596
    endloop
  endfacet
  facet normal 0.214603 0 0.976701
    outer loop
      vertex -0.29079 -1.11326 -21.0596
      vertex -0.309905 3.5 -21.0554
      vertex -0.309905 -1.1237 -21.0554
    endloop
  endfacet
  facet normal 0.0713621 0 0.99745
    outer loop
      vertex -0.156546 3.5 -21.0888
      vertex 0 -1.05 -21.1
      vertex 0 3.5 -21.1
    endloop
  endfacet
  facet normal 0.0710912 -9.36537e-06 0.99747
    outer loop
      vertex 0 -1.05 -21.1
      vertex -0.156546 3.5 -21.0888
      vertex -0.0996199 -1.05712 -21.0929
    endloop
  endfacet
  facet normal 0.0718371 0 0.997416
    outer loop
      vertex -0.0996199 -1.05712 -21.0929
      vertex -0.156546 3.5 -21.0888
      vertex -0.156546 -1.06951 -21.0888
    endloop
  endfacet
  facet normal 0.0710934 4.02535e-05 0.99747
    outer loop
      vertex -0.156546 -3.5 -21.0888
      vertex 0 -2.45 -21.1
      vertex -0.0996199 -2.44287 -21.0929
    endloop
  endfacet
  facet normal 0.0718371 -0 0.997416
    outer loop
      vertex -0.156546 -3.5 -21.0888
      vertex -0.0996199 -2.44287 -21.0929
      vertex -0.156546 -2.43049 -21.0888
    endloop
  endfacet
  facet normal 0.0713621 0 0.99745
    outer loop
      vertex 0 -2.45 -21.1
      vertex -0.156546 -3.5 -21.0888
      vertex 0 -3.5 -21.1
    endloop
  endfacet
  facet normal 0.348716 7.21839e-05 0.937229
    outer loop
      vertex -0.456956 -3.5 -21.0006
      vertex -0.309905 -2.3763 -21.0554
      vertex -0.378448 -2.33888 -21.0299
    endloop
  endfacet
  facet normal 0.349653 -0 0.936879
    outer loop
      vertex -0.456956 -3.5 -21.0006
      vertex -0.378448 -2.33888 -21.0299
      vertex -0.456956 -2.28011 -21.0006
    endloop
  endfacet
  facet normal 0.3492 0 0.937048
    outer loop
      vertex -0.309905 -2.3763 -21.0554
      vertex -0.456956 -3.5 -21.0006
      vertex -0.309905 -3.5 -21.0554
    endloop
  endfacet
  facet normal 0.3492 0 0.937048
    outer loop
      vertex -0.456956 3.5 -21.0006
      vertex -0.309905 -1.1237 -21.0554
      vertex -0.309905 3.5 -21.0554
    endloop
  endfacet
  facet normal 0.34869 -1.84756e-05 0.937238
    outer loop
      vertex -0.309905 -1.1237 -21.0554
      vertex -0.456956 3.5 -21.0006
      vertex -0.378448 -1.16112 -21.0299
    endloop
  endfacet
  facet normal 0.349653 0 0.936879
    outer loop
      vertex -0.378448 -1.16112 -21.0299
      vertex -0.456956 3.5 -21.0006
      vertex -0.456956 -1.21989 -21.0006
    endloop
  endfacet
endsolid OpenSCAD_Model
