solid OpenSCAD_Model
  facet normal -0.936131 -0.349192 0.0415188
    outer loop
      vertex -4.66242 -1.79078 -19.0915
      vertex -4.10914 -1.52182 -4.35452
      vertex -4.83649 -1.36203 -19.4103
    endloop
  endfacet
  facet normal -0.936129 -0.349196 0.0415188
    outer loop
      vertex -4.10914 -1.52182 -4.35452
      vertex -4.66242 -1.79078 -19.0915
      vertex -4.07434 -1.61925 -4.38932
    endloop
  endfacet
  facet normal 0.706636 -0.706634 0.0365098
    outer loop
      vertex 3.77 -2.91262 -18.0116
      vertex 3.57772 -2.42217 -4.79758
      vertex 3.25121 -2.76131 -5.04201
    endloop
  endfacet
  facet normal 0.706634 -0.706636 0.0365098
    outer loop
      vertex 3.57772 -2.42217 -4.79758
      vertex 3.77 -2.91262 -18.0116
      vertex 4.1203 -2.58042 -18.3619
    endloop
  endfacet
  facet normal 0.0713435 0.997347 0.0144899
    outer loop
      vertex 1.43568 3.5604 -5.81237
      vertex 1.53544 3.71173 -16.7197
      vertex 1.10205 3.58532 -5.88494
    endloop
  endfacet
  facet normal 0.0711412 0.997361 0.0144882
    outer loop
      vertex 1.43568 3.5604 -5.81237
      vertex 1.54953 3.71077 -16.7228
      vertex 1.53544 3.71173 -16.7197
    endloop
  endfacet
  facet normal 0.0714624 0.997338 0.0144912
    outer loop
      vertex 1.54953 3.71077 -16.7228
      vertex 1.43568 3.5604 -5.81237
      vertex 1.61369 3.70652 -16.7467
    endloop
  endfacet
  facet normal 0.976306 0.212374 0.0415301
    outer loop
      vertex 4.31117 0.802649 -4.15249
      vertex 4.84177 1.34901 -19.42
      vertex 4.23415 1.17178 -4.22951
    endloop
  endfacet
  facet normal 0.976173 0.212979 0.0415471
    outer loop
      vertex 4.84177 1.34901 -19.42
      vertex 4.31117 0.802649 -4.15249
      vertex 4.84491 1.33573 -19.4257
    endloop
  endfacet
  facet normal 0.936129 0.349196 0.0415188
    outer loop
      vertex 4.10914 1.52182 -4.35452
      vertex 4.66242 1.79078 -19.0915
      vertex 4.07434 1.61925 -4.38932
    endloop
  endfacet
  facet normal 0.936131 0.349192 0.0415188
    outer loop
      vertex 4.66242 1.79078 -19.0915
      vertex 4.10914 1.52182 -4.35452
      vertex 4.83649 1.36203 -19.4103
    endloop
  endfacet
  facet normal -0.996624 -0.0713114 0.0406964
    outer loop
      vertex -4.95085 -0.886601 -19.6198
      vertex -4.33809 -0.60799 -4.12558
      vertex -4.9869 -0.420444 -19.6858
    endloop
  endfacet
  facet normal -0.996618 -0.0713866 0.0406976
    outer loop
      vertex -4.33809 -0.60799 -4.12558
      vertex -4.95085 -0.886601 -19.6198
      vertex -4.33135 -0.705923 -4.13231
    endloop
  endfacet
  facet normal -0.996618 0.0713866 0.0406976
    outer loop
      vertex -4.95085 0.886601 -19.6198
      vertex -4.33809 0.60799 -4.12558
      vertex -4.33135 0.705923 -4.13231
    endloop
  endfacet
  facet normal -0.996624 0.0713114 0.0406964
    outer loop
      vertex -4.33809 0.60799 -4.12558
      vertex -4.95085 0.886601 -19.6198
      vertex -4.9869 0.420444 -19.6858
    endloop
  endfacet
  facet normal -0.212521 0.976954 0.0198991
    outer loop
      vertex -2.42057 3.59561 -17.0712
      vertex -2.03097 3.44732 -5.62993
      vertex -1.70476 3.52076 -5.7516
    endloop
  endfacet
  facet normal -0.212523 0.976953 0.0198991
    outer loop
      vertex -2.03097 3.44732 -5.62993
      vertex -2.42057 3.59561 -17.0712
      vertex -2.49014 3.58125 -17.1092
    endloop
  endfacet
  facet normal -0.212515 0.976955 0.0198984
    outer loop
      vertex -2.01692 3.67986 -16.8971
      vertex -1.69039 3.52399 -5.75696
      vertex -1.57235 3.55019 -5.78264
    endloop
  endfacet
  facet normal -0.212191 0.977026 0.0198899
    outer loop
      vertex -2.01692 3.67986 -16.8971
      vertex -1.70476 3.52076 -5.7516
      vertex -1.69039 3.52399 -5.75696
    endloop
  endfacet
  facet normal -0.212507 0.976957 0.0198977
    outer loop
      vertex -2.28478 3.62363 -16.997
      vertex -1.70476 3.52076 -5.7516
      vertex -2.01692 3.67986 -16.8971
    endloop
  endfacet
  facet normal -0.212467 0.976966 0.0198957
    outer loop
      vertex -1.70476 3.52076 -5.7516
      vertex -2.28478 3.62363 -16.997
      vertex -2.42057 3.59561 -17.0712
    endloop
  endfacet
  facet normal -0.212521 -0.976954 0.0198991
    outer loop
      vertex -2.03097 -3.44732 -5.62993
      vertex -2.42057 -3.59561 -17.0712
      vertex -1.70476 -3.52076 -5.7516
    endloop
  endfacet
  facet normal -0.212523 -0.976953 0.0198991
    outer loop
      vertex -2.42057 -3.59561 -17.0712
      vertex -2.03097 -3.44732 -5.62993
      vertex -2.49014 -3.58125 -17.1092
    endloop
  endfacet
  facet normal -0.0713435 -0.997347 0.0144899
    outer loop
      vertex -1.43568 -3.5604 -5.81237
      vertex -1.53544 -3.71173 -16.7197
      vertex -1.10205 -3.58532 -5.88494
    endloop
  endfacet
  facet normal -0.0711412 -0.997361 0.0144882
    outer loop
      vertex -1.43568 -3.5604 -5.81237
      vertex -1.54953 -3.71077 -16.7228
      vertex -1.53544 -3.71173 -16.7197
    endloop
  endfacet
  facet normal -0.0714624 -0.997338 0.0144912
    outer loop
      vertex -1.54953 -3.71077 -16.7228
      vertex -1.43568 -3.5604 -5.81237
      vertex -1.61369 -3.70652 -16.7467
    endloop
  endfacet
  facet normal 0.212521 -0.976954 0.0198991
    outer loop
      vertex 2.42057 -3.59561 -17.0712
      vertex 2.03097 -3.44732 -5.62993
      vertex 1.70476 -3.52076 -5.7516
    endloop
  endfacet
  facet normal 0.212523 -0.976953 0.0198991
    outer loop
      vertex 2.03097 -3.44732 -5.62993
      vertex 2.42057 -3.59561 -17.0712
      vertex 2.49014 -3.58125 -17.1092
    endloop
  endfacet
  facet normal 0.799937 0.598816 0.0389841
    outer loop
      vertex 3.85445 2.03901 -4.59042
      vertex 4.1203 2.58042 -18.3619
      vertex 3.57772 2.42217 -4.79758
    endloop
  endfacet
  facet normal 0.799944 0.598807 0.0389838
    outer loop
      vertex 4.1203 2.58042 -18.3619
      vertex 3.85445 2.03901 -4.59042
      vertex 4.15662 2.53427 -18.3983
    endloop
  endfacet
  facet normal 0.799931 0.598825 0.0389842
    outer loop
      vertex 4.15662 2.53427 -18.3983
      vertex 3.85445 2.03901 -4.59042
      vertex 4.42089 2.20423 -18.7513
    endloop
  endfacet
  facet normal -0.976312 -0.212343 0.0415297
    outer loop
      vertex -4.84491 -1.33573 -19.4257
      vertex -4.33135 -0.705923 -4.13231
      vertex -4.95085 -0.886601 -19.6198
    endloop
  endfacet
  facet normal -0.97631 -0.212353 0.04153
    outer loop
      vertex -4.33135 -0.705923 -4.13231
      vertex -4.84491 -1.33573 -19.4257
      vertex -4.31117 -0.802649 -4.15249
    endloop
  endfacet
  facet normal 0.996655 -0.0708775 0.0406934
    outer loop
      vertex 4.36398 -0.231149 -4.09968
      vertex 4.9869 -0.420444 -19.6858
      vertex 4.98747 -0.413003 -19.6868
    endloop
  endfacet
  facet normal 0.996627 -0.071268 0.0406971
    outer loop
      vertex 4.9869 -0.420444 -19.6858
      vertex 4.36398 -0.231149 -4.09968
      vertex 4.33809 -0.60799 -4.12558
    endloop
  endfacet
  facet normal 0.876945 -0.478867 0.0406651
    outer loop
      vertex 4.42089 -2.20423 -18.7513
      vertex 4.02571 -1.71244 -4.43795
      vertex 3.92916 -1.89745 -4.5345
    endloop
  endfacet
  facet normal 0.876939 -0.478879 0.0406651
    outer loop
      vertex 4.42089 -2.20423 -18.7513
      vertex 3.92916 -1.89745 -4.5345
      vertex 3.85445 -2.03901 -4.59042
    endloop
  endfacet
  facet normal 0.876932 -0.478891 0.0406655
    outer loop
      vertex 4.02571 -1.71244 -4.43795
      vertex 4.42089 -2.20423 -18.7513
      vertex 4.43569 -2.17881 -18.7711
    endloop
  endfacet
  facet normal 0.349345 -0.936663 0.0249019
    outer loop
      vertex 2.49014 -3.58125 -17.1092
      vertex 2.34903 -3.32554 -5.5113
      vertex 2.03097 -3.44732 -5.62993
    endloop
  endfacet
  facet normal 0.349421 -0.936635 0.0249022
    outer loop
      vertex 2.34903 -3.32554 -5.5113
      vertex 2.49014 -3.58125 -17.1092
      vertex 2.55518 -3.55793 -17.1447
    endloop
  endfacet
  facet normal 0.479032 -0.877305 0.029396
    outer loop
      vertex 2.94569 -3.41794 -17.3579
      vertex 2.49249 -3.26666 -5.45779
      vertex 2.47002 -3.27921 -5.46617
    endloop
  endfacet
  facet normal 0.479058 -0.877291 0.0293968
    outer loop
      vertex 2.94569 -3.41794 -17.3579
      vertex 2.58066 -3.2169 -5.40964
      vertex 2.49249 -3.26666 -5.45779
    endloop
  endfacet
  facet normal 0.479116 -0.877259 0.0293981
    outer loop
      vertex 2.97352 -3.40325 -17.3731
      vertex 2.58066 -3.2169 -5.40964
      vertex 2.94569 -3.41794 -17.3579
    endloop
  endfacet
  facet normal 0.47902 -0.877311 0.0293958
    outer loop
      vertex 2.58066 -3.2169 -5.40964
      vertex 2.97352 -3.40325 -17.3731
      vertex 3.32491 -3.2202 -17.6361
    endloop
  endfacet
  facet normal -0.479046 -0.877298 0.0293973
    outer loop
      vertex -2.87867 -3.04872 -5.24692
      vertex -3.32491 -3.2202 -17.6361
      vertex -2.58066 -3.2169 -5.40964
    endloop
  endfacet
  facet normal -0.479048 -0.877296 0.0293974
    outer loop
      vertex -3.32491 -3.2202 -17.6361
      vertex -2.87867 -3.04872 -5.24692
      vertex -3.37576 -3.19371 -17.6742
    endloop
  endfacet
  facet normal 0.876939 0.478879 0.0406651
    outer loop
      vertex 3.92916 1.89745 -4.5345
      vertex 4.42089 2.20423 -18.7513
      vertex 3.85445 2.03901 -4.59042
    endloop
  endfacet
  facet normal 0.876945 0.478867 0.0406651
    outer loop
      vertex 4.02571 1.71244 -4.43795
      vertex 4.42089 2.20423 -18.7513
      vertex 3.92916 1.89745 -4.5345
    endloop
  endfacet
  facet normal 0.876932 0.478891 0.0406655
    outer loop
      vertex 4.42089 2.20423 -18.7513
      vertex 4.02571 1.71244 -4.43795
      vertex 4.43569 2.17881 -18.7711
    endloop
  endfacet
  facet normal -0.996655 -0.0708775 0.0406934
    outer loop
      vertex -4.9869 -0.420444 -19.6858
      vertex -4.36398 -0.231149 -4.09968
      vertex -4.98747 -0.413003 -19.6868
    endloop
  endfacet
  facet normal -0.996627 -0.071268 0.0406971
    outer loop
      vertex -4.36398 -0.231149 -4.09968
      vertex -4.9869 -0.420444 -19.6858
      vertex -4.33809 -0.60799 -4.12558
    endloop
  endfacet
  facet normal -0.976173 -0.212979 0.0415471
    outer loop
      vertex -4.84177 -1.34901 -19.42
      vertex -4.31117 -0.802649 -4.15249
      vertex -4.84491 -1.33573 -19.4257
    endloop
  endfacet
  facet normal -0.976306 -0.212374 0.0415301
    outer loop
      vertex -4.31117 -0.802649 -4.15249
      vertex -4.84177 -1.34901 -19.42
      vertex -4.23415 -1.17178 -4.22951
    endloop
  endfacet
  facet normal -0.936292 -0.348761 0.0415207
    outer loop
      vertex -4.83649 -1.36203 -19.4103
      vertex -4.23415 -1.17178 -4.22951
      vertex -4.84177 -1.34901 -19.42
    endloop
  endfacet
  facet normal -0.936145 -0.349154 0.0415199
    outer loop
      vertex -4.23415 -1.17178 -4.22951
      vertex -4.83649 -1.36203 -19.4103
      vertex -4.10914 -1.52182 -4.35452
    endloop
  endfacet
  facet normal -0.479032 0.877305 0.029396
    outer loop
      vertex -2.94569 3.41794 -17.3579
      vertex -2.49249 3.26666 -5.45779
      vertex -2.47002 3.27921 -5.46617
    endloop
  endfacet
  facet normal -0.479058 0.877291 0.0293968
    outer loop
      vertex -2.94569 3.41794 -17.3579
      vertex -2.58066 3.2169 -5.40964
      vertex -2.49249 3.26666 -5.45779
    endloop
  endfacet
  facet normal -0.479116 0.877259 0.0293981
    outer loop
      vertex -2.97352 3.40325 -17.3731
      vertex -2.58066 3.2169 -5.40964
      vertex -2.94569 3.41794 -17.3579
    endloop
  endfacet
  facet normal -0.47902 0.877311 0.0293958
    outer loop
      vertex -2.58066 3.2169 -5.40964
      vertex -2.97352 3.40325 -17.3731
      vertex -3.32491 3.2202 -17.6361
    endloop
  endfacet
  facet normal -0.598959 0.800087 0.033293
    outer loop
      vertex -3.37576 3.19371 -17.6742
      vertex -3.24384 2.76705 -5.04752
      vertex -2.87867 3.04872 -5.24692
    endloop
  endfacet
  facet normal -0.598504 0.800428 0.0332997
    outer loop
      vertex -3.37576 3.19371 -17.6742
      vertex -3.25121 2.76131 -5.04201
      vertex -3.24384 2.76705 -5.04752
    endloop
  endfacet
  facet normal -0.598972 0.800078 0.0332924
    outer loop
      vertex -3.60173 3.03158 -17.8434
      vertex -3.25121 2.76131 -5.04201
      vertex -3.37576 3.19371 -17.6742
    endloop
  endfacet
  facet normal -0.598925 0.800113 0.0332918
    outer loop
      vertex -3.25121 2.76131 -5.04201
      vertex -3.60173 3.03158 -17.8434
      vertex -3.77 2.91262 -18.0116
    endloop
  endfacet
  facet normal -0.876932 0.478891 0.0406655
    outer loop
      vertex -4.02571 1.71244 -4.43795
      vertex -4.42089 2.20423 -18.7513
      vertex -4.43569 2.17881 -18.7711
    endloop
  endfacet
  facet normal -0.876939 0.478879 0.0406651
    outer loop
      vertex -4.42089 2.20423 -18.7513
      vertex -3.92916 1.89745 -4.5345
      vertex -3.85445 2.03901 -4.59042
    endloop
  endfacet
  facet normal -0.876945 0.478867 0.0406651
    outer loop
      vertex -4.42089 2.20423 -18.7513
      vertex -4.02571 1.71244 -4.43795
      vertex -3.92916 1.89745 -4.5345
    endloop
  endfacet
  facet normal -0.349345 0.936663 0.0249019
    outer loop
      vertex -2.49014 3.58125 -17.1092
      vertex -2.34903 3.32554 -5.5113
      vertex -2.03097 3.44732 -5.62993
    endloop
  endfacet
  facet normal -0.349421 0.936635 0.0249022
    outer loop
      vertex -2.34903 3.32554 -5.5113
      vertex -2.49014 3.58125 -17.1092
      vertex -2.55518 3.55793 -17.1447
    endloop
  endfacet
  facet normal 0.0713553 0.997346 0.0144896
    outer loop
      vertex 1.57235 3.55019 -5.78264
      vertex 1.61369 3.70652 -16.7467
      vertex 1.43568 3.5604 -5.81237
    endloop
  endfacet
  facet normal 0.0713451 0.997346 0.0144896
    outer loop
      vertex 1.61369 3.70652 -16.7467
      vertex 1.57235 3.55019 -5.78264
      vertex 2.01692 3.67986 -16.8971
    endloop
  endfacet
  facet normal -2.97617e-06 0.999932 0.0116668
    outer loop
      vertex 0.853889 3.58595 -5.93893
      vertex 0 3.70917 -16.5
      vertex 0 3.58666 -6
    endloop
  endfacet
  facet normal 3.84937e-07 0.999932 0.0116663
    outer loop
      vertex 0.782731 3.70982 -16.556
      vertex 0.853889 3.58595 -5.93893
      vertex 1.10205 3.58532 -5.88494
    endloop
  endfacet
  facet normal 4.28444e-06 0.999932 0.0116662
    outer loop
      vertex 0.853889 3.58595 -5.93893
      vertex 0.782731 3.70982 -16.556
      vertex 0 3.70917 -16.5
    endloop
  endfacet
  facet normal -1.32912e-07 0.999932 0.0116663
    outer loop
      vertex 0.782731 3.70982 -16.556
      vertex 1.10205 3.58532 -5.88494
      vertex 1.53544 3.71173 -16.7197
    endloop
  endfacet
  facet normal 2.97617e-06 0.999932 0.0116668
    outer loop
      vertex 0 3.70917 -16.5
      vertex -0.853889 3.58595 -5.93893
      vertex 0 3.58666 -6
    endloop
  endfacet
  facet normal -4.28444e-06 0.999932 0.0116662
    outer loop
      vertex -0.782731 3.70982 -16.556
      vertex -0.853889 3.58595 -5.93893
      vertex 0 3.70917 -16.5
    endloop
  endfacet
  facet normal -3.84937e-07 0.999932 0.0116663
    outer loop
      vertex -0.853889 3.58595 -5.93893
      vertex -0.782731 3.70982 -16.556
      vertex -1.10205 3.58532 -5.88494
    endloop
  endfacet
  facet normal 1.32912e-07 0.999932 0.0116663
    outer loop
      vertex -1.10205 3.58532 -5.88494
      vertex -0.782731 3.70982 -16.556
      vertex -1.53544 3.71173 -16.7197
    endloop
  endfacet
  facet normal -0.0713553 0.997346 0.0144896
    outer loop
      vertex -1.61369 3.70652 -16.7467
      vertex -1.57235 3.55019 -5.78264
      vertex -1.43568 3.5604 -5.81237
    endloop
  endfacet
  facet normal -0.0713451 0.997346 0.0144896
    outer loop
      vertex -1.57235 3.55019 -5.78264
      vertex -1.61369 3.70652 -16.7467
      vertex -2.01692 3.67986 -16.8971
    endloop
  endfacet
  facet normal 0.97631 0.212353 0.04153
    outer loop
      vertex 4.33135 0.705923 -4.13231
      vertex 4.84491 1.33573 -19.4257
      vertex 4.31117 0.802649 -4.15249
    endloop
  endfacet
  facet normal 0.976312 0.212343 0.0415297
    outer loop
      vertex 4.84491 1.33573 -19.4257
      vertex 4.33135 0.705923 -4.13231
      vertex 4.95085 0.886601 -19.6198
    endloop
  endfacet
  facet normal 0.799937 -0.598816 0.0389841
    outer loop
      vertex 4.1203 -2.58042 -18.3619
      vertex 3.85445 -2.03901 -4.59042
      vertex 3.57772 -2.42217 -4.79758
    endloop
  endfacet
  facet normal 0.799931 -0.598825 0.0389842
    outer loop
      vertex 3.85445 -2.03901 -4.59042
      vertex 4.15662 -2.53427 -18.3983
      vertex 4.42089 -2.20423 -18.7513
    endloop
  endfacet
  facet normal 0.799944 -0.598807 0.0389838
    outer loop
      vertex 3.85445 -2.03901 -4.59042
      vertex 4.1203 -2.58042 -18.3619
      vertex 4.15662 -2.53427 -18.3983
    endloop
  endfacet
  facet normal 0.976306 -0.212374 0.0415301
    outer loop
      vertex 4.84177 -1.34901 -19.42
      vertex 4.31117 -0.802649 -4.15249
      vertex 4.23415 -1.17178 -4.22951
    endloop
  endfacet
  facet normal 0.976173 -0.212979 0.0415471
    outer loop
      vertex 4.31117 -0.802649 -4.15249
      vertex 4.84177 -1.34901 -19.42
      vertex 4.84491 -1.33573 -19.4257
    endloop
  endfacet
  facet normal 0.936129 -0.349196 0.0415188
    outer loop
      vertex 4.66242 -1.79078 -19.0915
      vertex 4.10914 -1.52182 -4.35452
      vertex 4.07434 -1.61925 -4.38932
    endloop
  endfacet
  facet normal 0.936131 -0.349192 0.0415188
    outer loop
      vertex 4.10914 -1.52182 -4.35452
      vertex 4.66242 -1.79078 -19.0915
      vertex 4.83649 -1.36203 -19.4103
    endloop
  endfacet
  facet normal 0.936292 -0.348761 0.0415207
    outer loop
      vertex 4.23415 -1.17178 -4.22951
      vertex 4.83649 -1.36203 -19.4103
      vertex 4.84177 -1.34901 -19.42
    endloop
  endfacet
  facet normal 0.936145 -0.349154 0.0415199
    outer loop
      vertex 4.83649 -1.36203 -19.4103
      vertex 4.23415 -1.17178 -4.22951
      vertex 4.10914 -1.52182 -4.35452
    endloop
  endfacet
  facet normal 0.996618 0.0713866 0.0406976
    outer loop
      vertex 4.33809 0.60799 -4.12558
      vertex 4.95085 0.886601 -19.6198
      vertex 4.33135 0.705923 -4.13231
    endloop
  endfacet
  facet normal 0.996624 0.0713114 0.0406964
    outer loop
      vertex 4.95085 0.886601 -19.6198
      vertex 4.33809 0.60799 -4.12558
      vertex 4.9869 0.420444 -19.6858
    endloop
  endfacet
  facet normal 2.97617e-06 -0.999932 0.0116668
    outer loop
      vertex -0.853889 -3.58595 -5.93893
      vertex 0 -3.70917 -16.5
      vertex 0 -3.58666 -6
    endloop
  endfacet
  facet normal -3.84937e-07 -0.999932 0.0116663
    outer loop
      vertex -0.782731 -3.70982 -16.556
      vertex -0.853889 -3.58595 -5.93893
      vertex -1.10205 -3.58532 -5.88494
    endloop
  endfacet
  facet normal -4.28444e-06 -0.999932 0.0116662
    outer loop
      vertex -0.853889 -3.58595 -5.93893
      vertex -0.782731 -3.70982 -16.556
      vertex 0 -3.70917 -16.5
    endloop
  endfacet
  facet normal 1.32912e-07 -0.999932 0.0116663
    outer loop
      vertex -0.782731 -3.70982 -16.556
      vertex -1.10205 -3.58532 -5.88494
      vertex -1.53544 -3.71173 -16.7197
    endloop
  endfacet
  facet normal -2.97617e-06 -0.999932 0.0116668
    outer loop
      vertex 0 -3.70917 -16.5
      vertex 0.853889 -3.58595 -5.93893
      vertex 0 -3.58666 -6
    endloop
  endfacet
  facet normal 4.28444e-06 -0.999932 0.0116662
    outer loop
      vertex 0.782731 -3.70982 -16.556
      vertex 0.853889 -3.58595 -5.93893
      vertex 0 -3.70917 -16.5
    endloop
  endfacet
  facet normal 3.84937e-07 -0.999932 0.0116663
    outer loop
      vertex 0.853889 -3.58595 -5.93893
      vertex 0.782731 -3.70982 -16.556
      vertex 1.10205 -3.58532 -5.88494
    endloop
  endfacet
  facet normal -1.32912e-07 -0.999932 0.0116663
    outer loop
      vertex 1.10205 -3.58532 -5.88494
      vertex 0.782731 -3.70982 -16.556
      vertex 1.53544 -3.71173 -16.7197
    endloop
  endfacet
  facet normal -0.0713553 -0.997346 0.0144896
    outer loop
      vertex -1.57235 -3.55019 -5.78264
      vertex -1.61369 -3.70652 -16.7467
      vertex -1.43568 -3.5604 -5.81237
    endloop
  endfacet
  facet normal -0.0713451 -0.997346 0.0144896
    outer loop
      vertex -1.61369 -3.70652 -16.7467
      vertex -1.57235 -3.55019 -5.78264
      vertex -2.01692 -3.67986 -16.8971
    endloop
  endfacet
  facet normal -0.349345 -0.936663 0.0249019
    outer loop
      vertex -2.34903 -3.32554 -5.5113
      vertex -2.49014 -3.58125 -17.1092
      vertex -2.03097 -3.44732 -5.62993
    endloop
  endfacet
  facet normal -0.349421 -0.936635 0.0249022
    outer loop
      vertex -2.49014 -3.58125 -17.1092
      vertex -2.34903 -3.32554 -5.5113
      vertex -2.55518 -3.55793 -17.1447
    endloop
  endfacet
  facet normal 0.876955 0.478848 0.0406648
    outer loop
      vertex 4.07434 1.61925 -4.38932
      vertex 4.43569 2.17881 -18.7711
      vertex 4.02571 1.71244 -4.43795
    endloop
  endfacet
  facet normal 0.876966 0.478828 0.0406643
    outer loop
      vertex 4.43569 2.17881 -18.7711
      vertex 4.07434 1.61925 -4.38932
      vertex 4.62689 1.85032 -19.0265
    endloop
  endfacet
  facet normal 0.876925 0.478905 0.0406639
    outer loop
      vertex 4.62689 1.85032 -19.0265
      vertex 4.07434 1.61925 -4.38932
      vertex 4.66242 1.79078 -19.0915
    endloop
  endfacet
  facet normal -0.976312 0.212343 0.0415297
    outer loop
      vertex -4.33135 0.705923 -4.13231
      vertex -4.84491 1.33573 -19.4257
      vertex -4.95085 0.886601 -19.6198
    endloop
  endfacet
  facet normal -0.97631 0.212353 0.04153
    outer loop
      vertex -4.84491 1.33573 -19.4257
      vertex -4.33135 0.705923 -4.13231
      vertex -4.31117 0.802649 -4.15249
    endloop
  endfacet
  facet normal -0.999201 0 0.0399684
    outer loop
      vertex -4.98747 0.413003 -19.6868
      vertex -4.36398 -0.231149 -4.09968
      vertex -4.36398 0.231149 -4.09968
    endloop
  endfacet
  facet normal -0.999201 0 0.0399684
    outer loop
      vertex -4.36398 -0.231149 -4.09968
      vertex -4.98747 0.413003 -19.6868
      vertex -4.98747 -0.413003 -19.6868
    endloop
  endfacet
  facet normal -0.996655 0.0708775 0.0406934
    outer loop
      vertex -4.36398 0.231149 -4.09968
      vertex -4.9869 0.420444 -19.6858
      vertex -4.98747 0.413003 -19.6868
    endloop
  endfacet
  facet normal -0.996627 0.071268 0.0406971
    outer loop
      vertex -4.9869 0.420444 -19.6858
      vertex -4.36398 0.231149 -4.09968
      vertex -4.33809 0.60799 -4.12558
    endloop
  endfacet
  facet normal -0.479046 0.877298 0.0293973
    outer loop
      vertex -3.32491 3.2202 -17.6361
      vertex -2.87867 3.04872 -5.24692
      vertex -2.58066 3.2169 -5.40964
    endloop
  endfacet
  facet normal -0.479048 0.877296 0.0293974
    outer loop
      vertex -2.87867 3.04872 -5.24692
      vertex -3.32491 3.2202 -17.6361
      vertex -3.37576 3.19371 -17.6742
    endloop
  endfacet
  facet normal -0.349378 0.936651 0.0249018
    outer loop
      vertex -2.55518 3.55793 -17.1447
      vertex -2.47002 3.27921 -5.46617
      vertex -2.34903 3.32554 -5.5113
    endloop
  endfacet
  facet normal -0.349367 0.936655 0.0249018
    outer loop
      vertex -2.47002 3.27921 -5.46617
      vertex -2.55518 3.55793 -17.1447
      vertex -2.94569 3.41794 -17.3579
    endloop
  endfacet
  facet normal -0.799944 0.598807 0.0389838
    outer loop
      vertex -3.85445 2.03901 -4.59042
      vertex -4.1203 2.58042 -18.3619
      vertex -4.15662 2.53427 -18.3983
    endloop
  endfacet
  facet normal -0.799931 0.598825 0.0389842
    outer loop
      vertex -3.85445 2.03901 -4.59042
      vertex -4.15662 2.53427 -18.3983
      vertex -4.42089 2.20423 -18.7513
    endloop
  endfacet
  facet normal -0.799937 0.598816 0.0389841
    outer loop
      vertex -4.1203 2.58042 -18.3619
      vertex -3.85445 2.03901 -4.59042
      vertex -3.57772 2.42217 -4.79758
    endloop
  endfacet
  facet normal 0.212515 0.976955 0.0198984
    outer loop
      vertex 1.69039 3.52399 -5.75696
      vertex 2.01692 3.67986 -16.8971
      vertex 1.57235 3.55019 -5.78264
    endloop
  endfacet
  facet normal 0.212191 0.977026 0.0198899
    outer loop
      vertex 1.70476 3.52076 -5.7516
      vertex 2.01692 3.67986 -16.8971
      vertex 1.69039 3.52399 -5.75696
    endloop
  endfacet
  facet normal 0.212507 0.976957 0.0198977
    outer loop
      vertex 1.70476 3.52076 -5.7516
      vertex 2.28478 3.62363 -16.997
      vertex 2.01692 3.67986 -16.8971
    endloop
  endfacet
  facet normal 0.212467 0.976966 0.0198957
    outer loop
      vertex 2.28478 3.62363 -16.997
      vertex 1.70476 3.52076 -5.7516
      vertex 2.42057 3.59561 -17.0712
    endloop
  endfacet
  facet normal -0.0713435 0.997347 0.0144899
    outer loop
      vertex -1.53544 3.71173 -16.7197
      vertex -1.43568 3.5604 -5.81237
      vertex -1.10205 3.58532 -5.88494
    endloop
  endfacet
  facet normal -0.0711412 0.997361 0.0144882
    outer loop
      vertex -1.54953 3.71077 -16.7228
      vertex -1.43568 3.5604 -5.81237
      vertex -1.53544 3.71173 -16.7197
    endloop
  endfacet
  facet normal -0.0714624 0.997338 0.0144912
    outer loop
      vertex -1.43568 3.5604 -5.81237
      vertex -1.54953 3.71077 -16.7228
      vertex -1.61369 3.70652 -16.7467
    endloop
  endfacet
  facet normal 0.936145 0.349154 0.0415199
    outer loop
      vertex 4.23415 1.17178 -4.22951
      vertex 4.83649 1.36203 -19.4103
      vertex 4.10914 1.52182 -4.35452
    endloop
  endfacet
  facet normal 0.936292 0.348761 0.0415207
    outer loop
      vertex 4.83649 1.36203 -19.4103
      vertex 4.23415 1.17178 -4.22951
      vertex 4.84177 1.34901 -19.42
    endloop
  endfacet
  facet normal 0.876955 -0.478848 0.0406648
    outer loop
      vertex 4.43569 -2.17881 -18.7711
      vertex 4.07434 -1.61925 -4.38932
      vertex 4.02571 -1.71244 -4.43795
    endloop
  endfacet
  facet normal 0.876925 -0.478905 0.0406639
    outer loop
      vertex 4.07434 -1.61925 -4.38932
      vertex 4.62689 -1.85032 -19.0265
      vertex 4.66242 -1.79078 -19.0915
    endloop
  endfacet
  facet normal 0.876966 -0.478828 0.0406643
    outer loop
      vertex 4.07434 -1.61925 -4.38932
      vertex 4.43569 -2.17881 -18.7711
      vertex 4.62689 -1.85032 -19.0265
    endloop
  endfacet
  facet normal 0.97631 -0.212353 0.04153
    outer loop
      vertex 4.84491 -1.33573 -19.4257
      vertex 4.33135 -0.705923 -4.13231
      vertex 4.31117 -0.802649 -4.15249
    endloop
  endfacet
  facet normal 0.976312 -0.212343 0.0415297
    outer loop
      vertex 4.33135 -0.705923 -4.13231
      vertex 4.84491 -1.33573 -19.4257
      vertex 4.95085 -0.886601 -19.6198
    endloop
  endfacet
  facet normal 0.996618 -0.0713866 0.0406976
    outer loop
      vertex 4.95085 -0.886601 -19.6198
      vertex 4.33809 -0.60799 -4.12558
      vertex 4.33135 -0.705923 -4.13231
    endloop
  endfacet
  facet normal 0.996624 -0.0713114 0.0406964
    outer loop
      vertex 4.33809 -0.60799 -4.12558
      vertex 4.95085 -0.886601 -19.6198
      vertex 4.9869 -0.420444 -19.6858
    endloop
  endfacet
  facet normal 0.999201 -0 0.0399684
    outer loop
      vertex 4.36398 -0.231149 -4.09968
      vertex 4.98747 0.413003 -19.6868
      vertex 4.36398 0.231149 -4.09968
    endloop
  endfacet
  facet normal 0.999201 0 0.0399684
    outer loop
      vertex 4.98747 0.413003 -19.6868
      vertex 4.36398 -0.231149 -4.09968
      vertex 4.98747 -0.413003 -19.6868
    endloop
  endfacet
  facet normal 0.996627 0.071268 0.0406971
    outer loop
      vertex 4.36398 0.231149 -4.09968
      vertex 4.9869 0.420444 -19.6858
      vertex 4.33809 0.60799 -4.12558
    endloop
  endfacet
  facet normal 0.996655 0.0708775 0.0406934
    outer loop
      vertex 4.9869 0.420444 -19.6858
      vertex 4.36398 0.231149 -4.09968
      vertex 4.98747 0.413003 -19.6868
    endloop
  endfacet
  facet normal 0.349378 -0.936651 0.0249018
    outer loop
      vertex 2.55518 -3.55793 -17.1447
      vertex 2.47002 -3.27921 -5.46617
      vertex 2.34903 -3.32554 -5.5113
    endloop
  endfacet
  facet normal 0.349367 -0.936655 0.0249018
    outer loop
      vertex 2.47002 -3.27921 -5.46617
      vertex 2.55518 -3.55793 -17.1447
      vertex 2.94569 -3.41794 -17.3579
    endloop
  endfacet
  facet normal 0.479046 -0.877298 0.0293973
    outer loop
      vertex 3.32491 -3.2202 -17.6361
      vertex 2.87867 -3.04872 -5.24692
      vertex 2.58066 -3.2169 -5.40964
    endloop
  endfacet
  facet normal 0.479048 -0.877296 0.0293974
    outer loop
      vertex 2.87867 -3.04872 -5.24692
      vertex 3.32491 -3.2202 -17.6361
      vertex 3.37576 -3.19371 -17.6742
    endloop
  endfacet
  facet normal 0.598959 -0.800087 0.033293
    outer loop
      vertex 3.37576 -3.19371 -17.6742
      vertex 3.24384 -2.76705 -5.04752
      vertex 2.87867 -3.04872 -5.24692
    endloop
  endfacet
  facet normal 0.598504 -0.800428 0.0332997
    outer loop
      vertex 3.37576 -3.19371 -17.6742
      vertex 3.25121 -2.76131 -5.04201
      vertex 3.24384 -2.76705 -5.04752
    endloop
  endfacet
  facet normal 0.598972 -0.800078 0.0332924
    outer loop
      vertex 3.60173 -3.03158 -17.8434
      vertex 3.25121 -2.76131 -5.04201
      vertex 3.37576 -3.19371 -17.6742
    endloop
  endfacet
  facet normal 0.598925 -0.800113 0.0332918
    outer loop
      vertex 3.25121 -2.76131 -5.04201
      vertex 3.60173 -3.03158 -17.8434
      vertex 3.77 -2.91262 -18.0116
    endloop
  endfacet
  facet normal 0.0713553 -0.997346 0.0144896
    outer loop
      vertex 1.61369 -3.70652 -16.7467
      vertex 1.57235 -3.55019 -5.78264
      vertex 1.43568 -3.5604 -5.81237
    endloop
  endfacet
  facet normal 0.0713451 -0.997346 0.0144896
    outer loop
      vertex 1.57235 -3.55019 -5.78264
      vertex 1.61369 -3.70652 -16.7467
      vertex 2.01692 -3.67986 -16.8971
    endloop
  endfacet
  facet normal 0.0713435 -0.997347 0.0144899
    outer loop
      vertex 1.53544 -3.71173 -16.7197
      vertex 1.43568 -3.5604 -5.81237
      vertex 1.10205 -3.58532 -5.88494
    endloop
  endfacet
  facet normal 0.0711412 -0.997361 0.0144882
    outer loop
      vertex 1.54953 -3.71077 -16.7228
      vertex 1.43568 -3.5604 -5.81237
      vertex 1.53544 -3.71173 -16.7197
    endloop
  endfacet
  facet normal 0.0714624 -0.997338 0.0144912
    outer loop
      vertex 1.43568 -3.5604 -5.81237
      vertex 1.54953 -3.71077 -16.7228
      vertex 1.61369 -3.70652 -16.7467
    endloop
  endfacet
  facet normal -0.706636 -0.706634 0.0365098
    outer loop
      vertex -3.57772 -2.42217 -4.79758
      vertex -3.77 -2.91262 -18.0116
      vertex -3.25121 -2.76131 -5.04201
    endloop
  endfacet
  facet normal -0.706634 -0.706636 0.0365098
    outer loop
      vertex -3.77 -2.91262 -18.0116
      vertex -3.57772 -2.42217 -4.79758
      vertex -4.1203 -2.58042 -18.3619
    endloop
  endfacet
  facet normal -0.876932 -0.478891 0.0406655
    outer loop
      vertex -4.42089 -2.20423 -18.7513
      vertex -4.02571 -1.71244 -4.43795
      vertex -4.43569 -2.17881 -18.7711
    endloop
  endfacet
  facet normal -0.876945 -0.478867 0.0406651
    outer loop
      vertex -4.02571 -1.71244 -4.43795
      vertex -4.42089 -2.20423 -18.7513
      vertex -3.92916 -1.89745 -4.5345
    endloop
  endfacet
  facet normal -0.876939 -0.478879 0.0406651
    outer loop
      vertex -3.92916 -1.89745 -4.5345
      vertex -4.42089 -2.20423 -18.7513
      vertex -3.85445 -2.03901 -4.59042
    endloop
  endfacet
  facet normal -0.876925 -0.478905 0.0406639
    outer loop
      vertex -4.62689 -1.85032 -19.0265
      vertex -4.07434 -1.61925 -4.38932
      vertex -4.66242 -1.79078 -19.0915
    endloop
  endfacet
  facet normal -0.876966 -0.478828 0.0406643
    outer loop
      vertex -4.43569 -2.17881 -18.7711
      vertex -4.07434 -1.61925 -4.38932
      vertex -4.62689 -1.85032 -19.0265
    endloop
  endfacet
  facet normal -0.876955 -0.478848 0.0406648
    outer loop
      vertex -4.07434 -1.61925 -4.38932
      vertex -4.43569 -2.17881 -18.7711
      vertex -4.02571 -1.71244 -4.43795
    endloop
  endfacet
  facet normal -0.349378 -0.936651 0.0249018
    outer loop
      vertex -2.47002 -3.27921 -5.46617
      vertex -2.55518 -3.55793 -17.1447
      vertex -2.34903 -3.32554 -5.5113
    endloop
  endfacet
  facet normal -0.349367 -0.936655 0.0249018
    outer loop
      vertex -2.55518 -3.55793 -17.1447
      vertex -2.47002 -3.27921 -5.46617
      vertex -2.94569 -3.41794 -17.3579
    endloop
  endfacet
  facet normal 0.706636 0.706634 0.0365098
    outer loop
      vertex 3.57772 2.42217 -4.79758
      vertex 3.77 2.91262 -18.0116
      vertex 3.25121 2.76131 -5.04201
    endloop
  endfacet
  facet normal 0.706634 0.706636 0.0365098
    outer loop
      vertex 3.77 2.91262 -18.0116
      vertex 3.57772 2.42217 -4.79758
      vertex 4.1203 2.58042 -18.3619
    endloop
  endfacet
  facet normal 0.479046 0.877298 0.0293973
    outer loop
      vertex 2.87867 3.04872 -5.24692
      vertex 3.32491 3.2202 -17.6361
      vertex 2.58066 3.2169 -5.40964
    endloop
  endfacet
  facet normal 0.479048 0.877296 0.0293974
    outer loop
      vertex 3.32491 3.2202 -17.6361
      vertex 2.87867 3.04872 -5.24692
      vertex 3.37576 3.19371 -17.6742
    endloop
  endfacet
  facet normal 0.598959 0.800087 0.033293
    outer loop
      vertex 3.24384 2.76705 -5.04752
      vertex 3.37576 3.19371 -17.6742
      vertex 2.87867 3.04872 -5.24692
    endloop
  endfacet
  facet normal 0.598504 0.800428 0.0332997
    outer loop
      vertex 3.25121 2.76131 -5.04201
      vertex 3.37576 3.19371 -17.6742
      vertex 3.24384 2.76705 -5.04752
    endloop
  endfacet
  facet normal 0.598972 0.800078 0.0332924
    outer loop
      vertex 3.25121 2.76131 -5.04201
      vertex 3.60173 3.03158 -17.8434
      vertex 3.37576 3.19371 -17.6742
    endloop
  endfacet
  facet normal 0.598925 0.800113 0.0332918
    outer loop
      vertex 3.60173 3.03158 -17.8434
      vertex 3.25121 2.76131 -5.04201
      vertex 3.77 2.91262 -18.0116
    endloop
  endfacet
  facet normal 0.212521 0.976954 0.0198991
    outer loop
      vertex 2.03097 3.44732 -5.62993
      vertex 2.42057 3.59561 -17.0712
      vertex 1.70476 3.52076 -5.7516
    endloop
  endfacet
  facet normal 0.212523 0.976953 0.0198991
    outer loop
      vertex 2.42057 3.59561 -17.0712
      vertex 2.03097 3.44732 -5.62993
      vertex 2.49014 3.58125 -17.1092
    endloop
  endfacet
  facet normal 0.349345 0.936663 0.0249019
    outer loop
      vertex 2.34903 3.32554 -5.5113
      vertex 2.49014 3.58125 -17.1092
      vertex 2.03097 3.44732 -5.62993
    endloop
  endfacet
  facet normal 0.349421 0.936635 0.0249022
    outer loop
      vertex 2.49014 3.58125 -17.1092
      vertex 2.34903 3.32554 -5.5113
      vertex 2.55518 3.55793 -17.1447
    endloop
  endfacet
  facet normal -0.936292 0.348761 0.0415207
    outer loop
      vertex -4.23415 1.17178 -4.22951
      vertex -4.83649 1.36203 -19.4103
      vertex -4.84177 1.34901 -19.42
    endloop
  endfacet
  facet normal -0.936145 0.349154 0.0415199
    outer loop
      vertex -4.83649 1.36203 -19.4103
      vertex -4.23415 1.17178 -4.22951
      vertex -4.10914 1.52182 -4.35452
    endloop
  endfacet
  facet normal -0.976173 0.212979 0.0415471
    outer loop
      vertex -4.31117 0.802649 -4.15249
      vertex -4.84177 1.34901 -19.42
      vertex -4.84491 1.33573 -19.4257
    endloop
  endfacet
  facet normal -0.976306 0.212374 0.0415301
    outer loop
      vertex -4.84177 1.34901 -19.42
      vertex -4.31117 0.802649 -4.15249
      vertex -4.23415 1.17178 -4.22951
    endloop
  endfacet
  facet normal -0.936129 0.349196 0.0415188
    outer loop
      vertex -4.66242 1.79078 -19.0915
      vertex -4.10914 1.52182 -4.35452
      vertex -4.07434 1.61925 -4.38932
    endloop
  endfacet
  facet normal -0.936131 0.349192 0.0415188
    outer loop
      vertex -4.10914 1.52182 -4.35452
      vertex -4.66242 1.79078 -19.0915
      vertex -4.83649 1.36203 -19.4103
    endloop
  endfacet
  facet normal -0.876966 0.478828 0.0406643
    outer loop
      vertex -4.07434 1.61925 -4.38932
      vertex -4.43569 2.17881 -18.7711
      vertex -4.62689 1.85032 -19.0265
    endloop
  endfacet
  facet normal -0.876925 0.478905 0.0406639
    outer loop
      vertex -4.07434 1.61925 -4.38932
      vertex -4.62689 1.85032 -19.0265
      vertex -4.66242 1.79078 -19.0915
    endloop
  endfacet
  facet normal -0.876955 0.478848 0.0406648
    outer loop
      vertex -4.43569 2.17881 -18.7711
      vertex -4.07434 1.61925 -4.38932
      vertex -4.02571 1.71244 -4.43795
    endloop
  endfacet
  facet normal -0.706636 0.706634 0.0365098
    outer loop
      vertex -3.77 2.91262 -18.0116
      vertex -3.57772 2.42217 -4.79758
      vertex -3.25121 2.76131 -5.04201
    endloop
  endfacet
  facet normal -0.706634 0.706636 0.0365098
    outer loop
      vertex -3.57772 2.42217 -4.79758
      vertex -3.77 2.91262 -18.0116
      vertex -4.1203 2.58042 -18.3619
    endloop
  endfacet
  facet normal 0.212515 -0.976955 0.0198984
    outer loop
      vertex 2.01692 -3.67986 -16.8971
      vertex 1.69039 -3.52399 -5.75696
      vertex 1.57235 -3.55019 -5.78264
    endloop
  endfacet
  facet normal 0.212191 -0.977026 0.0198899
    outer loop
      vertex 2.01692 -3.67986 -16.8971
      vertex 1.70476 -3.52076 -5.7516
      vertex 1.69039 -3.52399 -5.75696
    endloop
  endfacet
  facet normal 0.212507 -0.976957 0.0198977
    outer loop
      vertex 2.28478 -3.62363 -16.997
      vertex 1.70476 -3.52076 -5.7516
      vertex 2.01692 -3.67986 -16.8971
    endloop
  endfacet
  facet normal 0.212467 -0.976966 0.0198957
    outer loop
      vertex 1.70476 -3.52076 -5.7516
      vertex 2.28478 -3.62363 -16.997
      vertex 2.42057 -3.59561 -17.0712
    endloop
  endfacet
  facet normal -0.799931 -0.598825 0.0389842
    outer loop
      vertex -4.15662 -2.53427 -18.3983
      vertex -3.85445 -2.03901 -4.59042
      vertex -4.42089 -2.20423 -18.7513
    endloop
  endfacet
  facet normal -0.799944 -0.598807 0.0389838
    outer loop
      vertex -4.1203 -2.58042 -18.3619
      vertex -3.85445 -2.03901 -4.59042
      vertex -4.15662 -2.53427 -18.3983
    endloop
  endfacet
  facet normal -0.799937 -0.598816 0.0389841
    outer loop
      vertex -3.85445 -2.03901 -4.59042
      vertex -4.1203 -2.58042 -18.3619
      vertex -3.57772 -2.42217 -4.79758
    endloop
  endfacet
  facet normal 0.479032 0.877305 0.029396
    outer loop
      vertex 2.49249 3.26666 -5.45779
      vertex 2.94569 3.41794 -17.3579
      vertex 2.47002 3.27921 -5.46617
    endloop
  endfacet
  facet normal 0.479058 0.877291 0.0293968
    outer loop
      vertex 2.58066 3.2169 -5.40964
      vertex 2.94569 3.41794 -17.3579
      vertex 2.49249 3.26666 -5.45779
    endloop
  endfacet
  facet normal 0.479116 0.877259 0.0293981
    outer loop
      vertex 2.58066 3.2169 -5.40964
      vertex 2.97352 3.40325 -17.3731
      vertex 2.94569 3.41794 -17.3579
    endloop
  endfacet
  facet normal 0.47902 0.877311 0.0293958
    outer loop
      vertex 2.97352 3.40325 -17.3731
      vertex 2.58066 3.2169 -5.40964
      vertex 3.32491 3.2202 -17.6361
    endloop
  endfacet
  facet normal -0.479032 -0.877305 0.029396
    outer loop
      vertex -2.49249 -3.26666 -5.45779
      vertex -2.94569 -3.41794 -17.3579
      vertex -2.47002 -3.27921 -5.46617
    endloop
  endfacet
  facet normal -0.479058 -0.877291 0.0293968
    outer loop
      vertex -2.58066 -3.2169 -5.40964
      vertex -2.94569 -3.41794 -17.3579
      vertex -2.49249 -3.26666 -5.45779
    endloop
  endfacet
  facet normal -0.479116 -0.877259 0.0293981
    outer loop
      vertex -2.58066 -3.2169 -5.40964
      vertex -2.97352 -3.40325 -17.3731
      vertex -2.94569 -3.41794 -17.3579
    endloop
  endfacet
  facet normal -0.47902 -0.877311 0.0293958
    outer loop
      vertex -2.97352 -3.40325 -17.3731
      vertex -2.58066 -3.2169 -5.40964
      vertex -3.32491 -3.2202 -17.6361
    endloop
  endfacet
  facet normal -0.598959 -0.800087 0.033293
    outer loop
      vertex -3.24384 -2.76705 -5.04752
      vertex -3.37576 -3.19371 -17.6742
      vertex -2.87867 -3.04872 -5.24692
    endloop
  endfacet
  facet normal -0.598504 -0.800428 0.0332997
    outer loop
      vertex -3.25121 -2.76131 -5.04201
      vertex -3.37576 -3.19371 -17.6742
      vertex -3.24384 -2.76705 -5.04752
    endloop
  endfacet
  facet normal -0.598972 -0.800078 0.0332924
    outer loop
      vertex -3.25121 -2.76131 -5.04201
      vertex -3.60173 -3.03158 -17.8434
      vertex -3.37576 -3.19371 -17.6742
    endloop
  endfacet
  facet normal -0.598925 -0.800113 0.0332918
    outer loop
      vertex -3.60173 -3.03158 -17.8434
      vertex -3.25121 -2.76131 -5.04201
      vertex -3.77 -2.91262 -18.0116
    endloop
  endfacet
  facet normal 0.349378 0.936651 0.0249018
    outer loop
      vertex 2.47002 3.27921 -5.46617
      vertex 2.55518 3.55793 -17.1447
      vertex 2.34903 3.32554 -5.5113
    endloop
  endfacet
  facet normal 0.349367 0.936655 0.0249018
    outer loop
      vertex 2.55518 3.55793 -17.1447
      vertex 2.47002 3.27921 -5.46617
      vertex 2.94569 3.41794 -17.3579
    endloop
  endfacet
  facet normal -0.212515 -0.976955 0.0198984
    outer loop
      vertex -1.69039 -3.52399 -5.75696
      vertex -2.01692 -3.67986 -16.8971
      vertex -1.57235 -3.55019 -5.78264
    endloop
  endfacet
  facet normal -0.212191 -0.977026 0.0198899
    outer loop
      vertex -1.70476 -3.52076 -5.7516
      vertex -2.01692 -3.67986 -16.8971
      vertex -1.69039 -3.52399 -5.75696
    endloop
  endfacet
  facet normal -0.212507 -0.976957 0.0198977
    outer loop
      vertex -1.70476 -3.52076 -5.7516
      vertex -2.28478 -3.62363 -16.997
      vertex -2.01692 -3.67986 -16.8971
    endloop
  endfacet
  facet normal -0.212467 -0.976966 0.0198957
    outer loop
      vertex -2.28478 -3.62363 -16.997
      vertex -1.70476 -3.52076 -5.7516
      vertex -2.42057 -3.59561 -17.0712
    endloop
  endfacet
  facet normal 0.997452 -0 0.0713376
    outer loop
      vertex 5.93893 -5 0.853889
      vertex 6 5 0
      vertex 5.93893 5 0.853889
    endloop
  endfacet
  facet normal 0.997452 0 0.0713376
    outer loop
      vertex 6 5 0
      vertex 5.93893 -5 0.853889
      vertex 6 -5 0
    endloop
  endfacet
  facet normal 0.977147 -0 0.212566
    outer loop
      vertex 5.75696 -5 1.69039
      vertex 5.93893 5 0.853889
      vertex 5.75696 5 1.69039
    endloop
  endfacet
  facet normal 0.977147 0 0.212566
    outer loop
      vertex 5.93893 5 0.853889
      vertex 5.75696 -5 1.69039
      vertex 5.93893 -5 0.853889
    endloop
  endfacet
  facet normal -0.997452 0 0.0713376
    outer loop
      vertex -6 -5 0
      vertex -5.93893 5 0.853889
      vertex -6 5 0
    endloop
  endfacet
  facet normal -0.997452 0 0.0713376
    outer loop
      vertex -5.93893 5 0.853889
      vertex -6 -5 0
      vertex -5.93893 -5 0.853889
    endloop
  endfacet
  facet normal 0.0712982 0 0.997455
    outer loop
      vertex 0.853889 5 5.93893
      vertex 0.7 -1.875 5.94993
      vertex 0.853889 -5 5.93893
    endloop
  endfacet
  facet normal 0.0713729 -1.68101e-06 0.99745
    outer loop
      vertex 0.853889 5 5.93893
      vertex 0.692875 -1.77538 5.95044
      vertex 0.7 -1.875 5.94993
    endloop
  endfacet
  facet normal 0.0714 -2.32838e-06 0.997448
    outer loop
      vertex 0.853889 5 5.93893
      vertex 0.671644 -1.67779 5.95196
      vertex 0.692875 -1.77538 5.95044
    endloop
  endfacet
  facet normal 0.0714372 -3.34754e-06 0.997445
    outer loop
      vertex 0.853889 5 5.93893
      vertex 0.636742 -1.58421 5.95446
      vertex 0.671644 -1.67779 5.95196
    endloop
  endfacet
  facet normal 0.0712731 2.09142e-06 0.997457
    outer loop
      vertex 0.853889 5 5.93893
      vertex 0.588877 -1.49655 5.95788
      vertex 0.636742 -1.58421 5.95446
    endloop
  endfacet
  facet normal 0.0713263 -9.00327e-08 0.997453
    outer loop
      vertex 0.853889 5 5.93893
      vertex 0.529024 -1.4166 5.96216
      vertex 0.588877 -1.49655 5.95788
    endloop
  endfacet
  facet normal 0.0713253 -4.02041e-08 0.997453
    outer loop
      vertex 0.853889 5 5.93893
      vertex 0.458402 -1.34597 5.96721
      vertex 0.529024 -1.4166 5.96216
    endloop
  endfacet
  facet normal 0.0713572 -2.04075e-06 0.997451
    outer loop
      vertex 0.853889 5 5.93893
      vertex 0.378448 -1.28612 5.97293
      vertex 0.458402 -1.34597 5.96721
    endloop
  endfacet
  facet normal 0.0713451 -1.1179e-06 0.997452
    outer loop
      vertex 0.853889 5 5.93893
      vertex 0.29079 -1.23826 5.9792
      vertex 0.378448 -1.28612 5.97293
    endloop
  endfacet
  facet normal 0.0714125 -7.23551e-06 0.997447
    outer loop
      vertex 0.853889 5 5.93893
      vertex 0.197212 -1.20335 5.9859
      vertex 0.29079 -1.23826 5.9792
    endloop
  endfacet
  facet normal 0.0713401 4.75869e-07 0.997452
    outer loop
      vertex 0.853889 5 5.93893
      vertex 0.0996199 -1.18212 5.99288
      vertex 0.197212 -1.20335 5.9859
    endloop
  endfacet
  facet normal 0.0713376 7.74255e-07 0.997452
    outer loop
      vertex 0 5 6
      vertex 0.0996199 -1.18212 5.99288
      vertex 0.853889 5 5.93893
    endloop
  endfacet
  facet normal 0.0712898 0 0.997456
    outer loop
      vertex 0.0996199 -1.18212 5.99288
      vertex 0 5 6
      vertex 0 -1.175 6
    endloop
  endfacet
  facet normal 0.0713563 2.87567e-06 0.997451
    outer loop
      vertex 0.692875 -1.97462 5.95044
      vertex 0.853889 -5 5.93893
      vertex 0.7 -1.875 5.94993
    endloop
  endfacet
  facet normal 0.0713894 4.64718e-06 0.997449
    outer loop
      vertex 0.671644 -2.07221 5.95196
      vertex 0.853889 -5 5.93893
      vertex 0.692875 -1.97462 5.95044
    endloop
  endfacet
  facet normal 0.0714274 7.02193e-06 0.997446
    outer loop
      vertex 0.636742 -2.16579 5.95446
      vertex 0.853889 -5 5.93893
      vertex 0.671644 -2.07221 5.95196
    endloop
  endfacet
  facet normal 0.0712775 -4.51811e-06 0.997457
    outer loop
      vertex 0.588877 -2.25345 5.95788
      vertex 0.853889 -5 5.93893
      vertex 0.636742 -2.16579 5.95446
    endloop
  endfacet
  facet normal 0.0713261 1.98924e-07 0.997453
    outer loop
      vertex 0.529024 -2.3334 5.96216
      vertex 0.853889 -5 5.93893
      vertex 0.588877 -2.25345 5.95788
    endloop
  endfacet
  facet normal 0.0713253 9.06035e-08 0.997453
    outer loop
      vertex 0.458402 -2.40402 5.96721
      vertex 0.853889 -5 5.93893
      vertex 0.529024 -2.3334 5.96216
    endloop
  endfacet
  facet normal 0.0713553 4.68684e-06 0.997451
    outer loop
      vertex 0.378448 -2.46388 5.97293
      vertex 0.853889 -5 5.93893
      vertex 0.458402 -2.40402 5.96721
    endloop
  endfacet
  facet normal 0.0713443 2.61738e-06 0.997452
    outer loop
      vertex 0.29079 -2.51174 5.9792
      vertex 0.853889 -5 5.93893
      vertex 0.378448 -2.46388 5.97293
    endloop
  endfacet
  facet normal 0.0714088 1.72914e-05 0.997447
    outer loop
      vertex 0.197212 -2.54664 5.9859
      vertex 0.853889 -5 5.93893
      vertex 0.29079 -2.51174 5.9792
    endloop
  endfacet
  facet normal 0.0713402 -1.16322e-06 0.997452
    outer loop
      vertex 0.0996199 -2.56787 5.99288
      vertex 0.853889 -5 5.93893
      vertex 0.197212 -2.54664 5.9859
    endloop
  endfacet
  facet normal 0.0712898 -0 0.997456
    outer loop
      vertex 0 -5 6
      vertex 0.0996199 -2.56787 5.99288
      vertex 0 -2.575 6
    endloop
  endfacet
  facet normal 0.0713376 -1.96804e-06 0.997452
    outer loop
      vertex 0.0996199 -2.56787 5.99288
      vertex 0 -5 6
      vertex 0.853889 -5 5.93893
    endloop
  endfacet
  facet normal 0.707107 -0 0.707107
    outer loop
      vertex 3.92916 -5 4.5345
      vertex 4.5345 5 3.92916
      vertex 3.92916 5 4.5345
    endloop
  endfacet
  facet normal 0.707107 0 0.707107
    outer loop
      vertex 4.5345 5 3.92916
      vertex 3.92916 -5 4.5345
      vertex 4.5345 -5 3.92916
    endloop
  endfacet
  facet normal -0.599275 0 0.800544
    outer loop
      vertex -3.92916 5 4.5345
      vertex -3.24384 -5 5.04752
      vertex -3.24384 5 5.04752
    endloop
  endfacet
  facet normal -0.599275 0 0.800544
    outer loop
      vertex -3.24384 -5 5.04752
      vertex -3.92916 5 4.5345
      vertex -3.92916 -5 4.5345
    endloop
  endfacet
  facet normal -0.349466 0 0.936949
    outer loop
      vertex -2.49249 5 5.45779
      vertex -1.69039 -5 5.75696
      vertex -1.69039 5 5.75696
    endloop
  endfacet
  facet normal -0.349466 0 0.936949
    outer loop
      vertex -1.69039 -5 5.75696
      vertex -2.49249 5 5.45779
      vertex -2.49249 -5 5.45779
    endloop
  endfacet
  facet normal 0.0713376 0 -0.997452
    outer loop
      vertex 0 -5 -6
      vertex 0.853889 -3.58595 -5.93893
      vertex 0.853889 -5 -5.93893
    endloop
  endfacet
  facet normal 0.0713376 0 -0.997452
    outer loop
      vertex 0.853889 -3.58595 -5.93893
      vertex 0 -5 -6
      vertex 0 -3.58666 -6
    endloop
  endfacet
  facet normal 0.0713376 0 -0.997452
    outer loop
      vertex 0 3.58666 -6
      vertex 0.853889 5 -5.93893
      vertex 0.853889 3.58595 -5.93893
    endloop
  endfacet
  facet normal 0.0713376 0 -0.997452
    outer loop
      vertex 0.853889 5 -5.93893
      vertex 0 3.58666 -6
      vertex 0 5 -6
    endloop
  endfacet
  facet normal 0.877678 0 -0.479251
    outer loop
      vertex 5.45779 -5 -2.49249
      vertex 5.04752 5 -3.24384
      vertex 5.45779 5 -2.49249
    endloop
  endfacet
  facet normal 0.877678 0 -0.479251
    outer loop
      vertex 5.04752 5 -3.24384
      vertex 5.45779 -5 -2.49249
      vertex 5.04752 -5 -3.24384
    endloop
  endfacet
  facet normal 0 1 0
    outer loop
      vertex 0 5 1.1
      vertex 0 5 6
      vertex 0.853889 5 5.93893
    endloop
  endfacet
  facet normal 0 1 0
    outer loop
      vertex 0.156546 5 1.0888
      vertex 0.853889 5 5.93893
      vertex 1.69039 5 5.75696
    endloop
  endfacet
  facet normal 0 1 0
    outer loop
      vertex 0 5 6
      vertex 0 5 1.1
      vertex -0.853889 5 5.93893
    endloop
  endfacet
  facet normal 0 1 0
    outer loop
      vertex 0.309905 5 1.05544
      vertex 1.69039 5 5.75696
      vertex 2.49249 5 5.45779
    endloop
  endfacet
  facet normal 0 1 -0
    outer loop
      vertex -0.156546 5 1.0888
      vertex -0.853889 5 5.93893
      vertex 0 5 1.1
    endloop
  endfacet
  facet normal 0 1 0
    outer loop
      vertex 0.456956 5 1.0006
      vertex 2.49249 5 5.45779
      vertex 3.24384 5 5.04752
    endloop
  endfacet
  facet normal 0 1 0
    outer loop
      vertex -0.853889 5 5.93893
      vertex -0.156546 5 1.0888
      vertex -1.69039 5 5.75696
    endloop
  endfacet
  facet normal 0 1 0
    outer loop
      vertex 0.594705 5 0.925379
      vertex 3.24384 5 5.04752
      vertex 3.92916 5 4.5345
    endloop
  endfacet
  facet normal 0 1 -0
    outer loop
      vertex -0.309905 5 1.05544
      vertex -1.69039 5 5.75696
      vertex -0.156546 5 1.0888
    endloop
  endfacet
  facet normal 0 1 0
    outer loop
      vertex 0.720346 5 0.831324
      vertex 3.92916 5 4.5345
      vertex 4.5345 5 3.92916
    endloop
  endfacet
  facet normal 0 1 0
    outer loop
      vertex -1.69039 5 5.75696
      vertex -0.309905 5 1.05544
      vertex -2.49249 5 5.45779
    endloop
  endfacet
  facet normal 0 1 0
    outer loop
      vertex 0.831324 5 0.720346
      vertex 4.5345 5 3.92916
      vertex 5.04752 5 3.24384
    endloop
  endfacet
  facet normal 0 1 -0
    outer loop
      vertex -0.456956 5 1.0006
      vertex -2.49249 5 5.45779
      vertex -0.309905 5 1.05544
    endloop
  endfacet
  facet normal 0 1 0
    outer loop
      vertex 0.925379 5 0.594705
      vertex 5.04752 5 3.24384
      vertex 5.45779 5 2.49249
    endloop
  endfacet
  facet normal 0 1 0
    outer loop
      vertex -2.49249 5 5.45779
      vertex -0.456956 5 1.0006
      vertex -3.24384 5 5.04752
    endloop
  endfacet
  facet normal 0 1 0
    outer loop
      vertex 1.0006 5 0.456956
      vertex 5.45779 5 2.49249
      vertex 5.75696 5 1.69039
    endloop
  endfacet
  facet normal 0 1 -0
    outer loop
      vertex -0.594705 5 0.925379
      vertex -3.24384 5 5.04752
      vertex -0.456956 5 1.0006
    endloop
  endfacet
  facet normal 0 1 0
    outer loop
      vertex -3.24384 5 5.04752
      vertex -0.594705 5 0.925379
      vertex -3.92916 5 4.5345
    endloop
  endfacet
  facet normal 0 1 0
    outer loop
      vertex 0.853889 5 5.93893
      vertex 0.156546 5 1.0888
      vertex 0 5 1.1
    endloop
  endfacet
  facet normal 0 1 0
    outer loop
      vertex 1.69039 5 5.75696
      vertex 0.309905 5 1.05544
      vertex 0.156546 5 1.0888
    endloop
  endfacet
  facet normal 0 1 0
    outer loop
      vertex 2.49249 5 5.45779
      vertex 0.456956 5 1.0006
      vertex 0.309905 5 1.05544
    endloop
  endfacet
  facet normal 0 1 0
    outer loop
      vertex 3.24384 5 5.04752
      vertex 0.594705 5 0.925379
      vertex 0.456956 5 1.0006
    endloop
  endfacet
  facet normal 0 1 0
    outer loop
      vertex 1.05544 5 0.309905
      vertex 5.75696 5 1.69039
      vertex 5.93893 5 0.853889
    endloop
  endfacet
  facet normal 0 1 0
    outer loop
      vertex 3.92916 5 4.5345
      vertex 0.720346 5 0.831324
      vertex 0.594705 5 0.925379
    endloop
  endfacet
  facet normal 0 1 0
    outer loop
      vertex 4.5345 5 3.92916
      vertex 0.831324 5 0.720346
      vertex 0.720346 5 0.831324
    endloop
  endfacet
  facet normal 0 1 0
    outer loop
      vertex 5.04752 5 3.24384
      vertex 0.925379 5 0.594705
      vertex 0.831324 5 0.720346
    endloop
  endfacet
  facet normal 0 1 0
    outer loop
      vertex 5.45779 5 2.49249
      vertex 1.0006 5 0.456956
      vertex 0.925379 5 0.594705
    endloop
  endfacet
  facet normal 0 1 0
    outer loop
      vertex 5.75696 5 1.69039
      vertex 1.05544 5 0.309905
      vertex 1.0006 5 0.456956
    endloop
  endfacet
  facet normal 0 1 0
    outer loop
      vertex 5.93893 5 0.853889
      vertex 1.0888 5 0.156546
      vertex 1.05544 5 0.309905
    endloop
  endfacet
  facet normal 0 1 0
    outer loop
      vertex 6 5 0
      vertex 1.0888 5 0.156546
      vertex 5.93893 5 0.853889
    endloop
  endfacet
  facet normal 0 1 0
    outer loop
      vertex 6 5 0
      vertex 1.1 5 0
      vertex 1.0888 5 0.156546
    endloop
  endfacet
  facet normal 0 1 0
    outer loop
      vertex 6 5 0
      vertex 1.0888 5 -0.156546
      vertex 1.1 5 0
    endloop
  endfacet
  facet normal 0 1 -0
    outer loop
      vertex 5.93893 5 -0.853889
      vertex 1.0888 5 -0.156546
      vertex 6 5 0
    endloop
  endfacet
  facet normal 0 1 0
    outer loop
      vertex 1.0888 5 -0.156546
      vertex 5.93893 5 -0.853889
      vertex 1.05544 5 -0.309905
    endloop
  endfacet
  facet normal 0 1 -0
    outer loop
      vertex 5.75696 5 -1.69039
      vertex 1.05544 5 -0.309905
      vertex 5.93893 5 -0.853889
    endloop
  endfacet
  facet normal 0 1 0
    outer loop
      vertex 1.05544 5 -0.309905
      vertex 5.75696 5 -1.69039
      vertex 1.0006 5 -0.456956
    endloop
  endfacet
  facet normal 0 1 -0
    outer loop
      vertex 5.45779 5 -2.49249
      vertex 1.0006 5 -0.456956
      vertex 5.75696 5 -1.69039
    endloop
  endfacet
  facet normal 0 1 0
    outer loop
      vertex 1.0006 5 -0.456956
      vertex 5.45779 5 -2.49249
      vertex 0.925379 5 -0.594705
    endloop
  endfacet
  facet normal 0 1 -0
    outer loop
      vertex 5.04752 5 -3.24384
      vertex 0.925379 5 -0.594705
      vertex 5.45779 5 -2.49249
    endloop
  endfacet
  facet normal 0 1 0
    outer loop
      vertex 0.925379 5 -0.594705
      vertex 5.04752 5 -3.24384
      vertex 0.831324 5 -0.720346
    endloop
  endfacet
  facet normal 0 1 -0
    outer loop
      vertex 4.5345 5 -3.92916
      vertex 0.831324 5 -0.720346
      vertex 5.04752 5 -3.24384
    endloop
  endfacet
  facet normal 0 1 0
    outer loop
      vertex 0.831324 5 -0.720346
      vertex 4.5345 5 -3.92916
      vertex 0.720346 5 -0.831324
    endloop
  endfacet
  facet normal 0 1 -0
    outer loop
      vertex 3.92916 5 -4.5345
      vertex 0.720346 5 -0.831324
      vertex 4.5345 5 -3.92916
    endloop
  endfacet
  facet normal 0 1 0
    outer loop
      vertex 0.720346 5 -0.831324
      vertex 3.92916 5 -4.5345
      vertex 0.594705 5 -0.925379
    endloop
  endfacet
  facet normal 0 1 -0
    outer loop
      vertex -0.720346 5 0.831324
      vertex -3.92916 5 4.5345
      vertex -0.594705 5 0.925379
    endloop
  endfacet
  facet normal 0 1 0
    outer loop
      vertex -3.92916 5 4.5345
      vertex -0.720346 5 0.831324
      vertex -4.5345 5 3.92916
    endloop
  endfacet
  facet normal 0 1 -0
    outer loop
      vertex -0.831324 5 0.720346
      vertex -4.5345 5 3.92916
      vertex -0.720346 5 0.831324
    endloop
  endfacet
  facet normal 0 1 0
    outer loop
      vertex -4.5345 5 3.92916
      vertex -0.831324 5 0.720346
      vertex -5.04752 5 3.24384
    endloop
  endfacet
  facet normal 0 1 -0
    outer loop
      vertex -0.925379 5 0.594705
      vertex -5.04752 5 3.24384
      vertex -0.831324 5 0.720346
    endloop
  endfacet
  facet normal 0 1 0
    outer loop
      vertex -5.04752 5 3.24384
      vertex -0.925379 5 0.594705
      vertex -5.45779 5 2.49249
    endloop
  endfacet
  facet normal 0 1 -0
    outer loop
      vertex -1.0006 5 0.456956
      vertex -5.45779 5 2.49249
      vertex -0.925379 5 0.594705
    endloop
  endfacet
  facet normal 0 1 0
    outer loop
      vertex -5.45779 5 2.49249
      vertex -1.0006 5 0.456956
      vertex -5.75696 5 1.69039
    endloop
  endfacet
  facet normal 0 1 -0
    outer loop
      vertex -1.05544 5 0.309905
      vertex -5.75696 5 1.69039
      vertex -1.0006 5 0.456956
    endloop
  endfacet
  facet normal 0 1 0
    outer loop
      vertex -5.75696 5 1.69039
      vertex -1.05544 5 0.309905
      vertex -5.93893 5 0.853889
    endloop
  endfacet
  facet normal 0 1 -0
    outer loop
      vertex -1.0888 5 0.156546
      vertex -5.93893 5 0.853889
      vertex -1.05544 5 0.309905
    endloop
  endfacet
  facet normal 0 1 -0
    outer loop
      vertex -1.1 5 0
      vertex -5.93893 5 0.853889
      vertex -1.0888 5 0.156546
    endloop
  endfacet
  facet normal 0 1 0
    outer loop
      vertex -1.1 5 0
      vertex -6 5 0
      vertex -5.93893 5 0.853889
    endloop
  endfacet
  facet normal 0 1 0
    outer loop
      vertex -1.0888 5 -0.156546
      vertex -6 5 0
      vertex -1.1 5 0
    endloop
  endfacet
  facet normal 0 1 0
    outer loop
      vertex -5.93893 5 -0.853889
      vertex -1.0888 5 -0.156546
      vertex -1.05544 5 -0.309905
    endloop
  endfacet
  facet normal 0 1 0
    outer loop
      vertex -5.75696 5 -1.69039
      vertex -1.05544 5 -0.309905
      vertex -1.0006 5 -0.456956
    endloop
  endfacet
  facet normal 0 1 0
    outer loop
      vertex -5.45779 5 -2.49249
      vertex -1.0006 5 -0.456956
      vertex -0.925379 5 -0.594705
    endloop
  endfacet
  facet normal 0 1 0
    outer loop
      vertex -5.04752 5 -3.24384
      vertex -0.925379 5 -0.594705
      vertex -0.831324 5 -0.720346
    endloop
  endfacet
  facet normal 0 1 0
    outer loop
      vertex -4.5345 5 -3.92916
      vertex -0.831324 5 -0.720346
      vertex -0.720346 5 -0.831324
    endloop
  endfacet
  facet normal 0 1 0
    outer loop
      vertex -1.0888 5 -0.156546
      vertex -5.93893 5 -0.853889
      vertex -6 5 0
    endloop
  endfacet
  facet normal 0 1 0
    outer loop
      vertex -3.92916 5 -4.5345
      vertex -0.720346 5 -0.831324
      vertex -0.594705 5 -0.925379
    endloop
  endfacet
  facet normal 0 1 0
    outer loop
      vertex -3.24384 5 -5.04752
      vertex -0.594705 5 -0.925379
      vertex -0.456956 5 -1.0006
    endloop
  endfacet
  facet normal 0 1 0
    outer loop
      vertex -2.49249 5 -5.45779
      vertex -0.456956 5 -1.0006
      vertex -0.309905 5 -1.05544
    endloop
  endfacet
  facet normal 0 1 0
    outer loop
      vertex -1.69039 5 -5.75696
      vertex -0.309905 5 -1.05544
      vertex -0.156546 5 -1.0888
    endloop
  endfacet
  facet normal 0 1 0
    outer loop
      vertex -0.853889 5 -5.93893
      vertex -0.156546 5 -1.0888
      vertex 0 5 -1.1
    endloop
  endfacet
  facet normal 0 1 -0
    outer loop
      vertex 3.24384 5 -5.04752
      vertex 0.594705 5 -0.925379
      vertex 3.92916 5 -4.5345
    endloop
  endfacet
  facet normal 0 1 0
    outer loop
      vertex -1.05544 5 -0.309905
      vertex -5.75696 5 -1.69039
      vertex -5.93893 5 -0.853889
    endloop
  endfacet
  facet normal 0 1 0
    outer loop
      vertex 0.594705 5 -0.925379
      vertex 3.24384 5 -5.04752
      vertex 0.456956 5 -1.0006
    endloop
  endfacet
  facet normal 0 1 0
    outer loop
      vertex -1.0006 5 -0.456956
      vertex -5.45779 5 -2.49249
      vertex -5.75696 5 -1.69039
    endloop
  endfacet
  facet normal 0 1 -0
    outer loop
      vertex 2.49249 5 -5.45779
      vertex 0.456956 5 -1.0006
      vertex 3.24384 5 -5.04752
    endloop
  endfacet
  facet normal 0 1 0
    outer loop
      vertex -0.925379 5 -0.594705
      vertex -5.04752 5 -3.24384
      vertex -5.45779 5 -2.49249
    endloop
  endfacet
  facet normal 0 1 0
    outer loop
      vertex 0.456956 5 -1.0006
      vertex 2.49249 5 -5.45779
      vertex 0.309905 5 -1.05544
    endloop
  endfacet
  facet normal 0 1 0
    outer loop
      vertex -0.831324 5 -0.720346
      vertex -4.5345 5 -3.92916
      vertex -5.04752 5 -3.24384
    endloop
  endfacet
  facet normal 0 1 -0
    outer loop
      vertex 1.69039 5 -5.75696
      vertex 0.309905 5 -1.05544
      vertex 2.49249 5 -5.45779
    endloop
  endfacet
  facet normal 0 1 0
    outer loop
      vertex -0.720346 5 -0.831324
      vertex -3.92916 5 -4.5345
      vertex -4.5345 5 -3.92916
    endloop
  endfacet
  facet normal 0 1 0
    outer loop
      vertex 0.309905 5 -1.05544
      vertex 1.69039 5 -5.75696
      vertex 0.156546 5 -1.0888
    endloop
  endfacet
  facet normal 0 1 0
    outer loop
      vertex -0.594705 5 -0.925379
      vertex -3.24384 5 -5.04752
      vertex -3.92916 5 -4.5345
    endloop
  endfacet
  facet normal 0 1 -0
    outer loop
      vertex 0.853889 5 -5.93893
      vertex 0.156546 5 -1.0888
      vertex 1.69039 5 -5.75696
    endloop
  endfacet
  facet normal 0 1 0
    outer loop
      vertex -0.456956 5 -1.0006
      vertex -2.49249 5 -5.45779
      vertex -3.24384 5 -5.04752
    endloop
  endfacet
  facet normal 0 1 0
    outer loop
      vertex 0.156546 5 -1.0888
      vertex 0.853889 5 -5.93893
      vertex 0 5 -1.1
    endloop
  endfacet
  facet normal 0 1 0
    outer loop
      vertex -0.309905 5 -1.05544
      vertex -1.69039 5 -5.75696
      vertex -2.49249 5 -5.45779
    endloop
  endfacet
  facet normal 0 1 0
    outer loop
      vertex 0 5 -6
      vertex 0 5 -1.1
      vertex 0.853889 5 -5.93893
    endloop
  endfacet
  facet normal 0 1 0
    outer loop
      vertex -0.156546 5 -1.0888
      vertex -0.853889 5 -5.93893
      vertex -1.69039 5 -5.75696
    endloop
  endfacet
  facet normal 0 1 0
    outer loop
      vertex 0 5 -1.1
      vertex 0 5 -6
      vertex -0.853889 5 -5.93893
    endloop
  endfacet
  facet normal 0.936949 -0 0.349466
    outer loop
      vertex 5.45779 -5 2.49249
      vertex 5.75696 5 1.69039
      vertex 5.45779 5 2.49249
    endloop
  endfacet
  facet normal 0.936949 0 0.349466
    outer loop
      vertex 5.75696 5 1.69039
      vertex 5.45779 -5 2.49249
      vertex 5.75696 -5 1.69039
    endloop
  endfacet
  facet normal 0.479251 0 0.877678
    outer loop
      vertex 2.49249 5 5.45779
      vertex 3.24384 -5 5.04752
      vertex 3.24384 5 5.04752
    endloop
  endfacet
  facet normal 0.479251 0 0.877678
    outer loop
      vertex 3.24384 -5 5.04752
      vertex 2.49249 5 5.45779
      vertex 2.49249 -5 5.45779
    endloop
  endfacet
  facet normal 0.599275 0 0.800544
    outer loop
      vertex 3.24384 5 5.04752
      vertex 3.92916 -5 4.5345
      vertex 3.92916 5 4.5345
    endloop
  endfacet
  facet normal 0.599275 0 0.800544
    outer loop
      vertex 3.92916 -5 4.5345
      vertex 3.24384 5 5.04752
      vertex 3.24384 -5 5.04752
    endloop
  endfacet
  facet normal -0.707107 0 0.707107
    outer loop
      vertex -4.5345 -5 3.92916
      vertex -3.92916 5 4.5345
      vertex -4.5345 5 3.92916
    endloop
  endfacet
  facet normal -0.707107 0 0.707107
    outer loop
      vertex -3.92916 5 4.5345
      vertex -4.5345 -5 3.92916
      vertex -3.92916 -5 4.5345
    endloop
  endfacet
  facet normal 0 -1 0
    outer loop
      vertex 0 -5 1.1
      vertex 0 -5 6
      vertex -0.853889 -5 5.93893
    endloop
  endfacet
  facet normal 0 -1 0
    outer loop
      vertex -0.156546 -5 1.0888
      vertex -0.853889 -5 5.93893
      vertex -1.69039 -5 5.75696
    endloop
  endfacet
  facet normal 0 -1 0
    outer loop
      vertex 0 -5 6
      vertex 0 -5 1.1
      vertex 0.853889 -5 5.93893
    endloop
  endfacet
  facet normal 0 -1 0
    outer loop
      vertex -0.309905 -5 1.05544
      vertex -1.69039 -5 5.75696
      vertex -2.49249 -5 5.45779
    endloop
  endfacet
  facet normal 0 -1 0
    outer loop
      vertex 0.156546 -5 1.0888
      vertex 0.853889 -5 5.93893
      vertex 0 -5 1.1
    endloop
  endfacet
  facet normal 0 -1 0
    outer loop
      vertex -0.456956 -5 1.0006
      vertex -2.49249 -5 5.45779
      vertex -3.24384 -5 5.04752
    endloop
  endfacet
  facet normal 0 -1 -0
    outer loop
      vertex 0.853889 -5 5.93893
      vertex 0.156546 -5 1.0888
      vertex 1.69039 -5 5.75696
    endloop
  endfacet
  facet normal 0 -1 0
    outer loop
      vertex -0.594705 -5 0.925379
      vertex -3.24384 -5 5.04752
      vertex -3.92916 -5 4.5345
    endloop
  endfacet
  facet normal 0 -1 0
    outer loop
      vertex 0.309905 -5 1.05544
      vertex 1.69039 -5 5.75696
      vertex 0.156546 -5 1.0888
    endloop
  endfacet
  facet normal 0 -1 0
    outer loop
      vertex -0.720346 -5 0.831324
      vertex -3.92916 -5 4.5345
      vertex -4.5345 -5 3.92916
    endloop
  endfacet
  facet normal 0 -1 -0
    outer loop
      vertex 1.69039 -5 5.75696
      vertex 0.309905 -5 1.05544
      vertex 2.49249 -5 5.45779
    endloop
  endfacet
  facet normal 0 -1 0
    outer loop
      vertex -0.831324 -5 0.720346
      vertex -4.5345 -5 3.92916
      vertex -5.04752 -5 3.24384
    endloop
  endfacet
  facet normal 0 -1 0
    outer loop
      vertex 0.456956 -5 1.0006
      vertex 2.49249 -5 5.45779
      vertex 0.309905 -5 1.05544
    endloop
  endfacet
  facet normal 0 -1 0
    outer loop
      vertex -0.925379 -5 0.594705
      vertex -5.04752 -5 3.24384
      vertex -5.45779 -5 2.49249
    endloop
  endfacet
  facet normal 0 -1 -0
    outer loop
      vertex 2.49249 -5 5.45779
      vertex 0.456956 -5 1.0006
      vertex 3.24384 -5 5.04752
    endloop
  endfacet
  facet normal 0 -1 0
    outer loop
      vertex -1.0006 -5 0.456956
      vertex -5.45779 -5 2.49249
      vertex -5.75696 -5 1.69039
    endloop
  endfacet
  facet normal 0 -1 0
    outer loop
      vertex 0.594705 -5 0.925379
      vertex 3.24384 -5 5.04752
      vertex 0.456956 -5 1.0006
    endloop
  endfacet
  facet normal 0 -1 -0
    outer loop
      vertex 3.24384 -5 5.04752
      vertex 0.594705 -5 0.925379
      vertex 3.92916 -5 4.5345
    endloop
  endfacet
  facet normal 0 -1 0
    outer loop
      vertex -0.853889 -5 5.93893
      vertex -0.156546 -5 1.0888
      vertex 0 -5 1.1
    endloop
  endfacet
  facet normal 0 -1 0
    outer loop
      vertex -1.69039 -5 5.75696
      vertex -0.309905 -5 1.05544
      vertex -0.156546 -5 1.0888
    endloop
  endfacet
  facet normal 0 -1 0
    outer loop
      vertex -2.49249 -5 5.45779
      vertex -0.456956 -5 1.0006
      vertex -0.309905 -5 1.05544
    endloop
  endfacet
  facet normal 0 -1 0
    outer loop
      vertex -3.24384 -5 5.04752
      vertex -0.594705 -5 0.925379
      vertex -0.456956 -5 1.0006
    endloop
  endfacet
  facet normal 0 -1 0
    outer loop
      vertex -1.05544 -5 0.309905
      vertex -5.75696 -5 1.69039
      vertex -5.93893 -5 0.853889
    endloop
  endfacet
  facet normal 0 -1 0
    outer loop
      vertex -3.92916 -5 4.5345
      vertex -0.720346 -5 0.831324
      vertex -0.594705 -5 0.925379
    endloop
  endfacet
  facet normal 0 -1 0
    outer loop
      vertex -4.5345 -5 3.92916
      vertex -0.831324 -5 0.720346
      vertex -0.720346 -5 0.831324
    endloop
  endfacet
  facet normal 0 -1 0
    outer loop
      vertex -5.04752 -5 3.24384
      vertex -0.925379 -5 0.594705
      vertex -0.831324 -5 0.720346
    endloop
  endfacet
  facet normal 0 -1 0
    outer loop
      vertex -5.45779 -5 2.49249
      vertex -1.0006 -5 0.456956
      vertex -0.925379 -5 0.594705
    endloop
  endfacet
  facet normal 0 -1 0
    outer loop
      vertex -5.75696 -5 1.69039
      vertex -1.05544 -5 0.309905
      vertex -1.0006 -5 0.456956
    endloop
  endfacet
  facet normal 0 -1 0
    outer loop
      vertex -5.93893 -5 0.853889
      vertex -1.0888 -5 0.156546
      vertex -1.05544 -5 0.309905
    endloop
  endfacet
  facet normal 0 -1 0
    outer loop
      vertex -6 -5 0
      vertex -1.0888 -5 0.156546
      vertex -5.93893 -5 0.853889
    endloop
  endfacet
  facet normal 0 -1 0
    outer loop
      vertex -6 -5 0
      vertex -1.1 -5 0
      vertex -1.0888 -5 0.156546
    endloop
  endfacet
  facet normal 0 -1 0
    outer loop
      vertex -6 -5 0
      vertex -1.0888 -5 -0.156546
      vertex -1.1 -5 0
    endloop
  endfacet
  facet normal 0 -1 0
    outer loop
      vertex -5.93893 -5 -0.853889
      vertex -1.0888 -5 -0.156546
      vertex -6 -5 0
    endloop
  endfacet
  facet normal 0 -1 -0
    outer loop
      vertex -1.0888 -5 -0.156546
      vertex -5.93893 -5 -0.853889
      vertex -1.05544 -5 -0.309905
    endloop
  endfacet
  facet normal 0 -1 0
    outer loop
      vertex -5.75696 -5 -1.69039
      vertex -1.05544 -5 -0.309905
      vertex -5.93893 -5 -0.853889
    endloop
  endfacet
  facet normal 0 -1 -0
    outer loop
      vertex -1.05544 -5 -0.309905
      vertex -5.75696 -5 -1.69039
      vertex -1.0006 -5 -0.456956
    endloop
  endfacet
  facet normal 0 -1 0
    outer loop
      vertex -5.45779 -5 -2.49249
      vertex -1.0006 -5 -0.456956
      vertex -5.75696 -5 -1.69039
    endloop
  endfacet
  facet normal 0 -1 -0
    outer loop
      vertex -1.0006 -5 -0.456956
      vertex -5.45779 -5 -2.49249
      vertex -0.925379 -5 -0.594705
    endloop
  endfacet
  facet normal 0 -1 0
    outer loop
      vertex -5.04752 -5 -3.24384
      vertex -0.925379 -5 -0.594705
      vertex -5.45779 -5 -2.49249
    endloop
  endfacet
  facet normal 0 -1 -0
    outer loop
      vertex -0.925379 -5 -0.594705
      vertex -5.04752 -5 -3.24384
      vertex -0.831324 -5 -0.720346
    endloop
  endfacet
  facet normal 0 -1 0
    outer loop
      vertex -4.5345 -5 -3.92916
      vertex -0.831324 -5 -0.720346
      vertex -5.04752 -5 -3.24384
    endloop
  endfacet
  facet normal 0 -1 -0
    outer loop
      vertex -0.831324 -5 -0.720346
      vertex -4.5345 -5 -3.92916
      vertex -0.720346 -5 -0.831324
    endloop
  endfacet
  facet normal 0 -1 0
    outer loop
      vertex -3.92916 -5 -4.5345
      vertex -0.720346 -5 -0.831324
      vertex -4.5345 -5 -3.92916
    endloop
  endfacet
  facet normal 0 -1 -0
    outer loop
      vertex -0.720346 -5 -0.831324
      vertex -3.92916 -5 -4.5345
      vertex -0.594705 -5 -0.925379
    endloop
  endfacet
  facet normal 0 -1 0
    outer loop
      vertex 0.720346 -5 0.831324
      vertex 3.92916 -5 4.5345
      vertex 0.594705 -5 0.925379
    endloop
  endfacet
  facet normal 0 -1 -0
    outer loop
      vertex 3.92916 -5 4.5345
      vertex 0.720346 -5 0.831324
      vertex 4.5345 -5 3.92916
    endloop
  endfacet
  facet normal 0 -1 0
    outer loop
      vertex 0.831324 -5 0.720346
      vertex 4.5345 -5 3.92916
      vertex 0.720346 -5 0.831324
    endloop
  endfacet
  facet normal 0 -1 -0
    outer loop
      vertex 4.5345 -5 3.92916
      vertex 0.831324 -5 0.720346
      vertex 5.04752 -5 3.24384
    endloop
  endfacet
  facet normal 0 -1 0
    outer loop
      vertex 0.925379 -5 0.594705
      vertex 5.04752 -5 3.24384
      vertex 0.831324 -5 0.720346
    endloop
  endfacet
  facet normal 0 -1 -0
    outer loop
      vertex 5.04752 -5 3.24384
      vertex 0.925379 -5 0.594705
      vertex 5.45779 -5 2.49249
    endloop
  endfacet
  facet normal 0 -1 0
    outer loop
      vertex 1.0006 -5 0.456956
      vertex 5.45779 -5 2.49249
      vertex 0.925379 -5 0.594705
    endloop
  endfacet
  facet normal 0 -1 -0
    outer loop
      vertex 5.45779 -5 2.49249
      vertex 1.0006 -5 0.456956
      vertex 5.75696 -5 1.69039
    endloop
  endfacet
  facet normal 0 -1 0
    outer loop
      vertex 1.05544 -5 0.309905
      vertex 5.75696 -5 1.69039
      vertex 1.0006 -5 0.456956
    endloop
  endfacet
  facet normal 0 -1 -0
    outer loop
      vertex 5.75696 -5 1.69039
      vertex 1.05544 -5 0.309905
      vertex 5.93893 -5 0.853889
    endloop
  endfacet
  facet normal 0 -1 0
    outer loop
      vertex 1.0888 -5 0.156546
      vertex 5.93893 -5 0.853889
      vertex 1.05544 -5 0.309905
    endloop
  endfacet
  facet normal 0 -1 0
    outer loop
      vertex 1.1 -5 0
      vertex 5.93893 -5 0.853889
      vertex 1.0888 -5 0.156546
    endloop
  endfacet
  facet normal 0 -1 0
    outer loop
      vertex 1.1 -5 0
      vertex 6 -5 0
      vertex 5.93893 -5 0.853889
    endloop
  endfacet
  facet normal 0 -1 0
    outer loop
      vertex 1.0888 -5 -0.156546
      vertex 6 -5 0
      vertex 1.1 -5 0
    endloop
  endfacet
  facet normal 0 -1 0
    outer loop
      vertex 5.93893 -5 -0.853889
      vertex 1.0888 -5 -0.156546
      vertex 1.05544 -5 -0.309905
    endloop
  endfacet
  facet normal 0 -1 0
    outer loop
      vertex 5.75696 -5 -1.69039
      vertex 1.05544 -5 -0.309905
      vertex 1.0006 -5 -0.456956
    endloop
  endfacet
  facet normal 0 -1 0
    outer loop
      vertex 5.45779 -5 -2.49249
      vertex 1.0006 -5 -0.456956
      vertex 0.925379 -5 -0.594705
    endloop
  endfacet
  facet normal 0 -1 0
    outer loop
      vertex 5.04752 -5 -3.24384
      vertex 0.925379 -5 -0.594705
      vertex 0.831324 -5 -0.720346
    endloop
  endfacet
  facet normal 0 -1 0
    outer loop
      vertex 4.5345 -5 -3.92916
      vertex 0.831324 -5 -0.720346
      vertex 0.720346 -5 -0.831324
    endloop
  endfacet
  facet normal 0 -1 0
    outer loop
      vertex 1.0888 -5 -0.156546
      vertex 5.93893 -5 -0.853889
      vertex 6 -5 0
    endloop
  endfacet
  facet normal 0 -1 0
    outer loop
      vertex 3.92916 -5 -4.5345
      vertex 0.720346 -5 -0.831324
      vertex 0.594705 -5 -0.925379
    endloop
  endfacet
  facet normal 0 -1 0
    outer loop
      vertex 3.24384 -5 -5.04752
      vertex 0.594705 -5 -0.925379
      vertex 0.456956 -5 -1.0006
    endloop
  endfacet
  facet normal 0 -1 0
    outer loop
      vertex 2.49249 -5 -5.45779
      vertex 0.456956 -5 -1.0006
      vertex 0.309905 -5 -1.05544
    endloop
  endfacet
  facet normal 0 -1 0
    outer loop
      vertex 1.69039 -5 -5.75696
      vertex 0.309905 -5 -1.05544
      vertex 0.156546 -5 -1.0888
    endloop
  endfacet
  facet normal 0 -1 0
    outer loop
      vertex 0.853889 -5 -5.93893
      vertex 0.156546 -5 -1.0888
      vertex 0 -5 -1.1
    endloop
  endfacet
  facet normal 0 -1 0
    outer loop
      vertex -3.24384 -5 -5.04752
      vertex -0.594705 -5 -0.925379
      vertex -3.92916 -5 -4.5345
    endloop
  endfacet
  facet normal 0 -1 0
    outer loop
      vertex 1.05544 -5 -0.309905
      vertex 5.75696 -5 -1.69039
      vertex 5.93893 -5 -0.853889
    endloop
  endfacet
  facet normal 0 -1 -0
    outer loop
      vertex -0.594705 -5 -0.925379
      vertex -3.24384 -5 -5.04752
      vertex -0.456956 -5 -1.0006
    endloop
  endfacet
  facet normal 0 -1 0
    outer loop
      vertex 1.0006 -5 -0.456956
      vertex 5.45779 -5 -2.49249
      vertex 5.75696 -5 -1.69039
    endloop
  endfacet
  facet normal 0 -1 0
    outer loop
      vertex -2.49249 -5 -5.45779
      vertex -0.456956 -5 -1.0006
      vertex -3.24384 -5 -5.04752
    endloop
  endfacet
  facet normal 0 -1 0
    outer loop
      vertex 0.925379 -5 -0.594705
      vertex 5.04752 -5 -3.24384
      vertex 5.45779 -5 -2.49249
    endloop
  endfacet
  facet normal 0 -1 -0
    outer loop
      vertex -0.456956 -5 -1.0006
      vertex -2.49249 -5 -5.45779
      vertex -0.309905 -5 -1.05544
    endloop
  endfacet
  facet normal 0 -1 0
    outer loop
      vertex 0.831324 -5 -0.720346
      vertex 4.5345 -5 -3.92916
      vertex 5.04752 -5 -3.24384
    endloop
  endfacet
  facet normal 0 -1 0
    outer loop
      vertex -1.69039 -5 -5.75696
      vertex -0.309905 -5 -1.05544
      vertex -2.49249 -5 -5.45779
    endloop
  endfacet
  facet normal 0 -1 0
    outer loop
      vertex 0.720346 -5 -0.831324
      vertex 3.92916 -5 -4.5345
      vertex 4.5345 -5 -3.92916
    endloop
  endfacet
  facet normal 0 -1 -0
    outer loop
      vertex -0.309905 -5 -1.05544
      vertex -1.69039 -5 -5.75696
      vertex -0.156546 -5 -1.0888
    endloop
  endfacet
  facet normal 0 -1 0
    outer loop
      vertex 0.594705 -5 -0.925379
      vertex 3.24384 -5 -5.04752
      vertex 3.92916 -5 -4.5345
    endloop
  endfacet
  facet normal 0 -1 0
    outer loop
      vertex -0.853889 -5 -5.93893
      vertex -0.156546 -5 -1.0888
      vertex -1.69039 -5 -5.75696
    endloop
  endfacet
  facet normal 0 -1 0
    outer loop
      vertex 0.456956 -5 -1.0006
      vertex 2.49249 -5 -5.45779
      vertex 3.24384 -5 -5.04752
    endloop
  endfacet
  facet normal 0 -1 -0
    outer loop
      vertex -0.156546 -5 -1.0888
      vertex -0.853889 -5 -5.93893
      vertex 0 -5 -1.1
    endloop
  endfacet
  facet normal 0 -1 0
    outer loop
      vertex 0.309905 -5 -1.05544
      vertex 1.69039 -5 -5.75696
      vertex 2.49249 -5 -5.45779
    endloop
  endfacet
  facet normal 0 -1 0
    outer loop
      vertex 0 -5 -6
      vertex 0 -5 -1.1
      vertex -0.853889 -5 -5.93893
    endloop
  endfacet
  facet normal 0 -1 0
    outer loop
      vertex 0.156546 -5 -1.0888
      vertex 0.853889 -5 -5.93893
      vertex 1.69039 -5 -5.75696
    endloop
  endfacet
  facet normal 0 -1 0
    outer loop
      vertex 0 -5 -1.1
      vertex 0 -5 -6
      vertex 0.853889 -5 -5.93893
    endloop
  endfacet
  facet normal -0.0712898 0 0.997456
    outer loop
      vertex 0 5 6
      vertex -0.0996199 -1.18212 5.99288
      vertex 0 -1.175 6
    endloop
  endfacet
  facet normal -0.0713376 7.74255e-07 0.997452
    outer loop
      vertex -0.853889 5 5.93893
      vertex -0.0996199 -1.18212 5.99288
      vertex 0 5 6
    endloop
  endfacet
  facet normal -0.0713401 4.75869e-07 0.997452
    outer loop
      vertex -0.0996199 -1.18212 5.99288
      vertex -0.853889 5 5.93893
      vertex -0.197212 -1.20335 5.9859
    endloop
  endfacet
  facet normal -0.0714125 -7.23551e-06 0.997447
    outer loop
      vertex -0.197212 -1.20335 5.9859
      vertex -0.853889 5 5.93893
      vertex -0.29079 -1.23826 5.9792
    endloop
  endfacet
  facet normal -0.0713451 -1.1179e-06 0.997452
    outer loop
      vertex -0.29079 -1.23826 5.9792
      vertex -0.853889 5 5.93893
      vertex -0.378448 -1.28612 5.97293
    endloop
  endfacet
  facet normal -0.0713572 -2.04075e-06 0.997451
    outer loop
      vertex -0.378448 -1.28612 5.97293
      vertex -0.853889 5 5.93893
      vertex -0.458402 -1.34597 5.96721
    endloop
  endfacet
  facet normal -0.0713253 -4.02041e-08 0.997453
    outer loop
      vertex -0.458402 -1.34597 5.96721
      vertex -0.853889 5 5.93893
      vertex -0.529024 -1.4166 5.96216
    endloop
  endfacet
  facet normal -0.0713263 -9.00327e-08 0.997453
    outer loop
      vertex -0.529024 -1.4166 5.96216
      vertex -0.853889 5 5.93893
      vertex -0.588877 -1.49655 5.95788
    endloop
  endfacet
  facet normal -0.0712731 2.09142e-06 0.997457
    outer loop
      vertex -0.588877 -1.49655 5.95788
      vertex -0.853889 5 5.93893
      vertex -0.636742 -1.58421 5.95446
    endloop
  endfacet
  facet normal -0.0714372 -3.34754e-06 0.997445
    outer loop
      vertex -0.636742 -1.58421 5.95446
      vertex -0.853889 5 5.93893
      vertex -0.671644 -1.67779 5.95196
    endloop
  endfacet
  facet normal -0.0713729 -1.68101e-06 0.99745
    outer loop
      vertex -0.692875 -1.77538 5.95044
      vertex -0.853889 5 5.93893
      vertex -0.7 -1.875 5.94993
    endloop
  endfacet
  facet normal -0.0714 -2.32838e-06 0.997448
    outer loop
      vertex -0.671644 -1.67779 5.95196
      vertex -0.853889 5 5.93893
      vertex -0.692875 -1.77538 5.95044
    endloop
  endfacet
  facet normal -0.0712898 0 0.997456
    outer loop
      vertex -0.0996199 -2.56787 5.99288
      vertex 0 -5 6
      vertex 0 -2.575 6
    endloop
  endfacet
  facet normal -0.0713404 -2.08253e-06 0.997452
    outer loop
      vertex -0.197212 -2.54664 5.9859
      vertex 0 -5 6
      vertex -0.0996199 -2.56787 5.99288
    endloop
  endfacet
  facet normal -0.0714088 1.72914e-05 0.997447
    outer loop
      vertex -0.853889 -5 5.93893
      vertex -0.197212 -2.54664 5.9859
      vertex -0.29079 -2.51174 5.9792
    endloop
  endfacet
  facet normal -0.0713443 2.61738e-06 0.997452
    outer loop
      vertex -0.853889 -5 5.93893
      vertex -0.29079 -2.51174 5.9792
      vertex -0.378448 -2.46388 5.97293
    endloop
  endfacet
  facet normal -0.0713553 4.68684e-06 0.997451
    outer loop
      vertex -0.853889 -5 5.93893
      vertex -0.378448 -2.46388 5.97293
      vertex -0.458402 -2.40402 5.96721
    endloop
  endfacet
  facet normal -0.0713253 9.06035e-08 0.997453
    outer loop
      vertex -0.853889 -5 5.93893
      vertex -0.458402 -2.40402 5.96721
      vertex -0.529024 -2.3334 5.96216
    endloop
  endfacet
  facet normal -0.0713261 1.98924e-07 0.997453
    outer loop
      vertex -0.853889 -5 5.93893
      vertex -0.529024 -2.3334 5.96216
      vertex -0.588877 -2.25345 5.95788
    endloop
  endfacet
  facet normal -0.0712775 -4.51811e-06 0.997457
    outer loop
      vertex -0.853889 -5 5.93893
      vertex -0.588877 -2.25345 5.95788
      vertex -0.636742 -2.16579 5.95446
    endloop
  endfacet
  facet normal -0.0714274 7.02193e-06 0.997446
    outer loop
      vertex -0.853889 -5 5.93893
      vertex -0.636742 -2.16579 5.95446
      vertex -0.671644 -2.07221 5.95196
    endloop
  endfacet
  facet normal -0.0713376 -1.85785e-06 0.997452
    outer loop
      vertex -0.197212 -2.54664 5.9859
      vertex -0.853889 -5 5.93893
      vertex 0 -5 6
    endloop
  endfacet
  facet normal -0.0713894 4.64718e-06 0.997449
    outer loop
      vertex -0.692875 -1.97462 5.95044
      vertex -0.853889 -5 5.93893
      vertex -0.671644 -2.07221 5.95196
    endloop
  endfacet
  facet normal -0.0713563 2.87567e-06 0.997451
    outer loop
      vertex -0.7 -1.875 5.94993
      vertex -0.853889 -5 5.93893
      vertex -0.692875 -1.97462 5.95044
    endloop
  endfacet
  facet normal -0.0712982 0 0.997455
    outer loop
      vertex -0.853889 -5 5.93893
      vertex -0.7 -1.875 5.94993
      vertex -0.853889 5 5.93893
    endloop
  endfacet
  facet normal -0.800544 0 -0.599275
    outer loop
      vertex -4.5345 -5 -3.92916
      vertex -5.04752 5 -3.24384
      vertex -4.5345 5 -3.92916
    endloop
  endfacet
  facet normal -0.800544 -0 -0.599275
    outer loop
      vertex -5.04752 5 -3.24384
      vertex -4.5345 -5 -3.92916
      vertex -5.04752 -5 -3.24384
    endloop
  endfacet
  facet normal -0.997452 0 -0.0713376
    outer loop
      vertex -5.93893 -5 -0.853889
      vertex -6 5 0
      vertex -5.93893 5 -0.853889
    endloop
  endfacet
  facet normal -0.997452 -0 -0.0713376
    outer loop
      vertex -6 5 0
      vertex -5.93893 -5 -0.853889
      vertex -6 -5 0
    endloop
  endfacet
  facet normal 0.800544 -0 0.599275
    outer loop
      vertex 4.5345 -5 3.92916
      vertex 5.04752 5 3.24384
      vertex 4.5345 5 3.92916
    endloop
  endfacet
  facet normal 0.800544 0 0.599275
    outer loop
      vertex 5.04752 5 3.24384
      vertex 4.5345 -5 3.92916
      vertex 5.04752 -5 3.24384
    endloop
  endfacet
  facet normal 0.212566 0 0.977147
    outer loop
      vertex 0.853889 5 5.93893
      vertex 1.69039 -5 5.75696
      vertex 1.69039 5 5.75696
    endloop
  endfacet
  facet normal 0.212566 0 0.977147
    outer loop
      vertex 1.69039 -5 5.75696
      vertex 0.853889 5 5.93893
      vertex 0.853889 -5 5.93893
    endloop
  endfacet
  facet normal -0.877678 0 0.479251
    outer loop
      vertex -5.45779 -5 2.49249
      vertex -5.04752 5 3.24384
      vertex -5.45779 5 2.49249
    endloop
  endfacet
  facet normal -0.877678 0 0.479251
    outer loop
      vertex -5.04752 5 3.24384
      vertex -5.45779 -5 2.49249
      vertex -5.04752 -5 3.24384
    endloop
  endfacet
  facet normal -0.800544 0 0.599275
    outer loop
      vertex -5.04752 -5 3.24384
      vertex -4.5345 5 3.92916
      vertex -5.04752 5 3.24384
    endloop
  endfacet
  facet normal -0.800544 0 0.599275
    outer loop
      vertex -4.5345 5 3.92916
      vertex -5.04752 -5 3.24384
      vertex -4.5345 -5 3.92916
    endloop
  endfacet
  facet normal -0.977147 0 0.212566
    outer loop
      vertex -5.93893 -5 0.853889
      vertex -5.75696 5 1.69039
      vertex -5.93893 5 0.853889
    endloop
  endfacet
  facet normal -0.977147 0 0.212566
    outer loop
      vertex -5.75696 5 1.69039
      vertex -5.93893 -5 0.853889
      vertex -5.75696 -5 1.69039
    endloop
  endfacet
  facet normal -0.479251 0 0.877678
    outer loop
      vertex -3.24384 5 5.04752
      vertex -2.49249 -5 5.45779
      vertex -2.49249 5 5.45779
    endloop
  endfacet
  facet normal -0.479251 0 0.877678
    outer loop
      vertex -2.49249 -5 5.45779
      vertex -3.24384 5 5.04752
      vertex -3.24384 -5 5.04752
    endloop
  endfacet
  facet normal 0.997452 0 -0.0713376
    outer loop
      vertex 6 -5 0
      vertex 5.93893 5 -0.853889
      vertex 6 5 0
    endloop
  endfacet
  facet normal 0.997452 0 -0.0713376
    outer loop
      vertex 5.93893 5 -0.853889
      vertex 6 -5 0
      vertex 5.93893 -5 -0.853889
    endloop
  endfacet
  facet normal 0.212581 0 -0.977143
    outer loop
      vertex 1.69039 -5 -5.75696
      vertex 1.57235 -3.55019 -5.78264
      vertex 1.69039 -3.52399 -5.75696
    endloop
  endfacet
  facet normal 0.21256 -1.74695e-06 -0.977148
    outer loop
      vertex 1.69039 -5 -5.75696
      vertex 1.43568 -3.5604 -5.81237
      vertex 1.57235 -3.55019 -5.78264
    endloop
  endfacet
  facet normal 0.212547 -4.28416e-06 -0.977151
    outer loop
      vertex 1.69039 -5 -5.75696
      vertex 1.10205 -3.58532 -5.88494
      vertex 1.43568 -3.5604 -5.81237
    endloop
  endfacet
  facet normal 0.212566 3.98975e-06 -0.977147
    outer loop
      vertex 0.853889 -5 -5.93893
      vertex 1.10205 -3.58532 -5.88494
      vertex 1.69039 -5 -5.75696
    endloop
  endfacet
  facet normal 0.212587 0 -0.977142
    outer loop
      vertex 1.10205 -3.58532 -5.88494
      vertex 0.853889 -5 -5.93893
      vertex 0.853889 -3.58595 -5.93893
    endloop
  endfacet
  facet normal 0.212581 0 -0.977143
    outer loop
      vertex 1.57235 3.55019 -5.78264
      vertex 1.69039 5 -5.75696
      vertex 1.69039 3.52399 -5.75696
    endloop
  endfacet
  facet normal 0.21256 1.74695e-06 -0.977148
    outer loop
      vertex 1.43568 3.5604 -5.81237
      vertex 1.69039 5 -5.75696
      vertex 1.57235 3.55019 -5.78264
    endloop
  endfacet
  facet normal 0.212547 4.28416e-06 -0.977151
    outer loop
      vertex 1.10205 3.58532 -5.88494
      vertex 1.69039 5 -5.75696
      vertex 1.43568 3.5604 -5.81237
    endloop
  endfacet
  facet normal 0.212587 0 -0.977142
    outer loop
      vertex 0.853889 5 -5.93893
      vertex 1.10205 3.58532 -5.88494
      vertex 0.853889 3.58595 -5.93893
    endloop
  endfacet
  facet normal 0.212566 -3.98975e-06 -0.977147
    outer loop
      vertex 1.10205 3.58532 -5.88494
      vertex 0.853889 5 -5.93893
      vertex 1.69039 5 -5.75696
    endloop
  endfacet
  facet normal 0.707107 0 -0.707107
    outer loop
      vertex 4.5345 5 -3.92916
      vertex 3.92916 1.89745 -4.5345
      vertex 3.92916 5 -4.5345
    endloop
  endfacet
  facet normal 0.707107 -3.81512e-16 -0.707107
    outer loop
      vertex 4.5345 5 -3.92916
      vertex 4.02571 1.71244 -4.43795
      vertex 3.92916 1.89745 -4.5345
    endloop
  endfacet
  facet normal 0.707107 -9.46805e-17 -0.707107
    outer loop
      vertex 4.5345 5 -3.92916
      vertex 4.07434 1.61925 -4.38932
      vertex 4.02571 1.71244 -4.43795
    endloop
  endfacet
  facet normal 0.707107 -1.20789e-16 -0.707107
    outer loop
      vertex 4.5345 5 -3.92916
      vertex 4.10914 1.52182 -4.35452
      vertex 4.07434 1.61925 -4.38932
    endloop
  endfacet
  facet normal 0.707107 -6.72474e-17 -0.707107
    outer loop
      vertex 4.5345 5 -3.92916
      vertex 4.23415 1.17178 -4.22951
      vertex 4.10914 1.52182 -4.35452
    endloop
  endfacet
  facet normal 0.707107 -7.25608e-17 -0.707107
    outer loop
      vertex 4.5345 5 -3.92916
      vertex 4.31117 0.802649 -4.15249
      vertex 4.23415 1.17178 -4.22951
    endloop
  endfacet
  facet normal 0.707107 -4.61556e-17 -0.707107
    outer loop
      vertex 4.5345 5 -3.92916
      vertex 4.33135 0.705923 -4.13231
      vertex 4.31117 0.802649 -4.15249
    endloop
  endfacet
  facet normal 0.706796 2.94267e-05 -0.707418
    outer loop
      vertex 4.5345 5 -3.92916
      vertex 4.33809 0.60799 -4.12558
      vertex 4.33135 0.705923 -4.13231
    endloop
  endfacet
  facet normal 0.707197 -6.42221e-06 -0.707017
    outer loop
      vertex 4.5345 5 -3.92916
      vertex 4.36398 0.231149 -4.09968
      vertex 4.33809 0.60799 -4.12558
    endloop
  endfacet
  facet normal 0.707107 0 -0.707107
    outer loop
      vertex 4.5345 5 -3.92916
      vertex 4.36398 -0.231149 -4.09968
      vertex 4.36398 0.231149 -4.09968
    endloop
  endfacet
  facet normal 0.707107 0 -0.707107
    outer loop
      vertex 4.5345 -5 -3.92916
      vertex 4.36398 -0.231149 -4.09968
      vertex 4.5345 5 -3.92916
    endloop
  endfacet
  facet normal 0.707197 6.42221e-06 -0.707017
    outer loop
      vertex 4.5345 -5 -3.92916
      vertex 4.33809 -0.60799 -4.12558
      vertex 4.36398 -0.231149 -4.09968
    endloop
  endfacet
  facet normal 0.706796 -2.94267e-05 -0.707418
    outer loop
      vertex 4.5345 -5 -3.92916
      vertex 4.33135 -0.705923 -4.13231
      vertex 4.33809 -0.60799 -4.12558
    endloop
  endfacet
  facet normal 0.707107 4.61556e-17 -0.707107
    outer loop
      vertex 4.5345 -5 -3.92916
      vertex 4.31117 -0.802649 -4.15249
      vertex 4.33135 -0.705923 -4.13231
    endloop
  endfacet
  facet normal 0.707107 7.25608e-17 -0.707107
    outer loop
      vertex 4.5345 -5 -3.92916
      vertex 4.23415 -1.17178 -4.22951
      vertex 4.31117 -0.802649 -4.15249
    endloop
  endfacet
  facet normal 0.707107 6.72474e-17 -0.707107
    outer loop
      vertex 4.5345 -5 -3.92916
      vertex 4.10914 -1.52182 -4.35452
      vertex 4.23415 -1.17178 -4.22951
    endloop
  endfacet
  facet normal 0.707107 1.20789e-16 -0.707107
    outer loop
      vertex 4.5345 -5 -3.92916
      vertex 4.07434 -1.61925 -4.38932
      vertex 4.10914 -1.52182 -4.35452
    endloop
  endfacet
  facet normal 0.707107 9.46805e-17 -0.707107
    outer loop
      vertex 4.5345 -5 -3.92916
      vertex 4.02571 -1.71244 -4.43795
      vertex 4.07434 -1.61925 -4.38932
    endloop
  endfacet
  facet normal 0.707107 3.81512e-16 -0.707107
    outer loop
      vertex 4.5345 -5 -3.92916
      vertex 3.92916 -1.89745 -4.5345
      vertex 4.02571 -1.71244 -4.43795
    endloop
  endfacet
  facet normal 0.707107 0 -0.707107
    outer loop
      vertex 3.92916 -1.89745 -4.5345
      vertex 4.5345 -5 -3.92916
      vertex 3.92916 -5 -4.5345
    endloop
  endfacet
  facet normal -0.707107 0 -0.707107
    outer loop
      vertex -3.92916 1.89745 -4.5345
      vertex -4.5345 5 -3.92916
      vertex -3.92916 5 -4.5345
    endloop
  endfacet
  facet normal -0.707107 -4.64967e-16 -0.707107
    outer loop
      vertex -4.02571 1.71244 -4.43795
      vertex -4.5345 5 -3.92916
      vertex -3.92916 1.89745 -4.5345
    endloop
  endfacet
  facet normal -0.707107 -7.10104e-17 -0.707107
    outer loop
      vertex -4.07434 1.61925 -4.38932
      vertex -4.5345 5 -3.92916
      vertex -4.02571 1.71244 -4.43795
    endloop
  endfacet
  facet normal -0.707107 -6.79436e-17 -0.707107
    outer loop
      vertex -4.10914 1.52182 -4.35452
      vertex -4.5345 5 -3.92916
      vertex -4.07434 1.61925 -4.38932
    endloop
  endfacet
  facet normal -0.707107 -6.72474e-17 -0.707107
    outer loop
      vertex -4.23415 1.17178 -4.22951
      vertex -4.5345 5 -3.92916
      vertex -4.10914 1.52182 -4.35452
    endloop
  endfacet
  facet normal -0.707107 -6.04674e-17 -0.707107
    outer loop
      vertex -4.31117 0.802649 -4.15249
      vertex -4.5345 5 -3.92916
      vertex -4.23415 1.17178 -4.22951
    endloop
  endfacet
  facet normal -0.707107 -5.76945e-17 -0.707107
    outer loop
      vertex -4.33135 0.705923 -4.13231
      vertex -4.5345 5 -3.92916
      vertex -4.31117 0.802649 -4.15249
    endloop
  endfacet
  facet normal -0.706796 2.94267e-05 -0.707418
    outer loop
      vertex -4.33809 0.60799 -4.12558
      vertex -4.5345 5 -3.92916
      vertex -4.33135 0.705923 -4.13231
    endloop
  endfacet
  facet normal -0.707197 -6.42221e-06 -0.707017
    outer loop
      vertex -4.36398 0.231149 -4.09968
      vertex -4.5345 5 -3.92916
      vertex -4.33809 0.60799 -4.12558
    endloop
  endfacet
  facet normal -0.707107 0 -0.707107
    outer loop
      vertex -4.36398 -0.231149 -4.09968
      vertex -4.5345 5 -3.92916
      vertex -4.36398 0.231149 -4.09968
    endloop
  endfacet
  facet normal -0.707107 0 -0.707107
    outer loop
      vertex -4.5345 -5 -3.92916
      vertex -3.92916 -1.89745 -4.5345
      vertex -3.92916 -5 -4.5345
    endloop
  endfacet
  facet normal -0.707107 4.64967e-16 -0.707107
    outer loop
      vertex -3.92916 -1.89745 -4.5345
      vertex -4.5345 -5 -3.92916
      vertex -4.02571 -1.71244 -4.43795
    endloop
  endfacet
  facet normal -0.707107 7.10104e-17 -0.707107
    outer loop
      vertex -4.02571 -1.71244 -4.43795
      vertex -4.5345 -5 -3.92916
      vertex -4.07434 -1.61925 -4.38932
    endloop
  endfacet
  facet normal -0.707107 6.03943e-17 -0.707107
    outer loop
      vertex -4.07434 -1.61925 -4.38932
      vertex -4.5345 -5 -3.92916
      vertex -4.10914 -1.52182 -4.35452
    endloop
  endfacet
  facet normal -0.707107 6.72474e-17 -0.707107
    outer loop
      vertex -4.10914 -1.52182 -4.35452
      vertex -4.5345 -5 -3.92916
      vertex -4.23415 -1.17178 -4.22951
    endloop
  endfacet
  facet normal -0.707107 6.04674e-17 -0.707107
    outer loop
      vertex -4.23415 -1.17178 -4.22951
      vertex -4.5345 -5 -3.92916
      vertex -4.31117 -0.802649 -4.15249
    endloop
  endfacet
  facet normal -0.707107 0 -0.707107
    outer loop
      vertex -4.36398 -0.231149 -4.09968
      vertex -4.5345 -5 -3.92916
      vertex -4.5345 5 -3.92916
    endloop
  endfacet
  facet normal -0.707197 6.42221e-06 -0.707017
    outer loop
      vertex -4.33809 -0.60799 -4.12558
      vertex -4.5345 -5 -3.92916
      vertex -4.36398 -0.231149 -4.09968
    endloop
  endfacet
  facet normal -0.706796 -2.94267e-05 -0.707418
    outer loop
      vertex -4.33135 -0.705923 -4.13231
      vertex -4.5345 -5 -3.92916
      vertex -4.33809 -0.60799 -4.12558
    endloop
  endfacet
  facet normal -0.707107 6.34639e-17 -0.707107
    outer loop
      vertex -4.31117 -0.802649 -4.15249
      vertex -4.5345 -5 -3.92916
      vertex -4.33135 -0.705923 -4.13231
    endloop
  endfacet
  facet normal -0.349479 0 -0.936944
    outer loop
      vertex -1.70476 3.52076 -5.7516
      vertex -1.69039 5 -5.75696
      vertex -1.69039 3.52399 -5.75696
    endloop
  endfacet
  facet normal -0.349464 -1.7066e-07 -0.93695
    outer loop
      vertex -2.03097 3.44732 -5.62993
      vertex -1.69039 5 -5.75696
      vertex -1.70476 3.52076 -5.7516
    endloop
  endfacet
  facet normal -0.349464 1.24484e-06 -0.93695
    outer loop
      vertex -2.49249 5 -5.45779
      vertex -2.03097 3.44732 -5.62993
      vertex -2.34903 3.32554 -5.5113
    endloop
  endfacet
  facet normal -0.349485 -7.83175e-07 -0.936942
    outer loop
      vertex -2.49249 5 -5.45779
      vertex -2.34903 3.32554 -5.5113
      vertex -2.47002 3.27921 -5.46617
    endloop
  endfacet
  facet normal -0.349432 -0 -0.936962
    outer loop
      vertex -2.49249 5 -5.45779
      vertex -2.47002 3.27921 -5.46617
      vertex -2.49249 3.26666 -5.45779
    endloop
  endfacet
  facet normal -0.349466 4.17992e-07 -0.936949
    outer loop
      vertex -2.03097 3.44732 -5.62993
      vertex -2.49249 5 -5.45779
      vertex -1.69039 5 -5.75696
    endloop
  endfacet
  facet normal -0.349479 0 -0.936944
    outer loop
      vertex -1.69039 -5 -5.75696
      vertex -1.70476 -3.52076 -5.7516
      vertex -1.69039 -3.52399 -5.75696
    endloop
  endfacet
  facet normal -0.349464 1.7066e-07 -0.93695
    outer loop
      vertex -1.69039 -5 -5.75696
      vertex -2.03097 -3.44732 -5.62993
      vertex -1.70476 -3.52076 -5.7516
    endloop
  endfacet
  facet normal -0.349466 -4.17992e-07 -0.936949
    outer loop
      vertex -2.49249 -5 -5.45779
      vertex -2.03097 -3.44732 -5.62993
      vertex -1.69039 -5 -5.75696
    endloop
  endfacet
  facet normal -0.349464 -1.24484e-06 -0.93695
    outer loop
      vertex -2.03097 -3.44732 -5.62993
      vertex -2.49249 -5 -5.45779
      vertex -2.34903 -3.32554 -5.5113
    endloop
  endfacet
  facet normal -0.349485 7.83175e-07 -0.936942
    outer loop
      vertex -2.34903 -3.32554 -5.5113
      vertex -2.49249 -5 -5.45779
      vertex -2.47002 -3.27921 -5.46617
    endloop
  endfacet
  facet normal -0.349432 0 -0.936962
    outer loop
      vertex -2.47002 -3.27921 -5.46617
      vertex -2.49249 -5 -5.45779
      vertex -2.49249 -3.26666 -5.45779
    endloop
  endfacet
  facet normal -0.0713376 0 -0.997452
    outer loop
      vertex -0.853889 3.58595 -5.93893
      vertex 0 5 -6
      vertex 0 3.58666 -6
    endloop
  endfacet
  facet normal -0.0713376 0 -0.997452
    outer loop
      vertex 0 5 -6
      vertex -0.853889 3.58595 -5.93893
      vertex -0.853889 5 -5.93893
    endloop
  endfacet
  facet normal -0.0713376 0 -0.997452
    outer loop
      vertex -0.853889 -5 -5.93893
      vertex 0 -3.58666 -6
      vertex 0 -5 -6
    endloop
  endfacet
  facet normal -0.0713376 0 -0.997452
    outer loop
      vertex 0 -3.58666 -6
      vertex -0.853889 -5 -5.93893
      vertex -0.853889 -3.58595 -5.93893
    endloop
  endfacet
  facet normal -0.877678 0 -0.479251
    outer loop
      vertex -5.04752 -5 -3.24384
      vertex -5.45779 5 -2.49249
      vertex -5.04752 5 -3.24384
    endloop
  endfacet
  facet normal -0.877678 -0 -0.479251
    outer loop
      vertex -5.45779 5 -2.49249
      vertex -5.04752 -5 -3.24384
      vertex -5.45779 -5 -2.49249
    endloop
  endfacet
  facet normal 0.877678 -0 0.479251
    outer loop
      vertex 5.04752 -5 3.24384
      vertex 5.45779 5 2.49249
      vertex 5.04752 5 3.24384
    endloop
  endfacet
  facet normal 0.877678 0 0.479251
    outer loop
      vertex 5.45779 5 2.49249
      vertex 5.04752 -5 3.24384
      vertex 5.45779 -5 2.49249
    endloop
  endfacet
  facet normal 0.349466 0 0.936949
    outer loop
      vertex 1.69039 5 5.75696
      vertex 2.49249 -5 5.45779
      vertex 2.49249 5 5.45779
    endloop
  endfacet
  facet normal 0.349466 0 0.936949
    outer loop
      vertex 2.49249 -5 5.45779
      vertex 1.69039 5 5.75696
      vertex 1.69039 -5 5.75696
    endloop
  endfacet
  facet normal -0.936949 0 0.349466
    outer loop
      vertex -5.75696 -5 1.69039
      vertex -5.45779 5 2.49249
      vertex -5.75696 5 1.69039
    endloop
  endfacet
  facet normal -0.936949 0 0.349466
    outer loop
      vertex -5.45779 5 2.49249
      vertex -5.75696 -5 1.69039
      vertex -5.45779 -5 2.49249
    endloop
  endfacet
  facet normal -0.212566 0 0.977147
    outer loop
      vertex -1.69039 5 5.75696
      vertex -0.853889 -5 5.93893
      vertex -0.853889 5 5.93893
    endloop
  endfacet
  facet normal -0.212566 0 0.977147
    outer loop
      vertex -0.853889 -5 5.93893
      vertex -1.69039 5 5.75696
      vertex -1.69039 -5 5.75696
    endloop
  endfacet
  facet normal 0.349432 0 -0.936962
    outer loop
      vertex 2.47002 3.27921 -5.46617
      vertex 2.49249 5 -5.45779
      vertex 2.49249 3.26666 -5.45779
    endloop
  endfacet
  facet normal 0.349485 -7.83175e-07 -0.936942
    outer loop
      vertex 2.34903 3.32554 -5.5113
      vertex 2.49249 5 -5.45779
      vertex 2.47002 3.27921 -5.46617
    endloop
  endfacet
  facet normal 0.349464 1.24484e-06 -0.93695
    outer loop
      vertex 2.03097 3.44732 -5.62993
      vertex 2.49249 5 -5.45779
      vertex 2.34903 3.32554 -5.5113
    endloop
  endfacet
  facet normal 0.349464 -1.7066e-07 -0.93695
    outer loop
      vertex 1.69039 5 -5.75696
      vertex 2.03097 3.44732 -5.62993
      vertex 1.70476 3.52076 -5.7516
    endloop
  endfacet
  facet normal 0.349479 0 -0.936944
    outer loop
      vertex 1.69039 5 -5.75696
      vertex 1.70476 3.52076 -5.7516
      vertex 1.69039 3.52399 -5.75696
    endloop
  endfacet
  facet normal 0.349466 4.17992e-07 -0.936949
    outer loop
      vertex 2.03097 3.44732 -5.62993
      vertex 1.69039 5 -5.75696
      vertex 2.49249 5 -5.45779
    endloop
  endfacet
  facet normal 0.349432 0 -0.936962
    outer loop
      vertex 2.49249 -5 -5.45779
      vertex 2.47002 -3.27921 -5.46617
      vertex 2.49249 -3.26666 -5.45779
    endloop
  endfacet
  facet normal 0.349485 7.83175e-07 -0.936942
    outer loop
      vertex 2.49249 -5 -5.45779
      vertex 2.34903 -3.32554 -5.5113
      vertex 2.47002 -3.27921 -5.46617
    endloop
  endfacet
  facet normal 0.349464 -1.24484e-06 -0.93695
    outer loop
      vertex 2.49249 -5 -5.45779
      vertex 2.03097 -3.44732 -5.62993
      vertex 2.34903 -3.32554 -5.5113
    endloop
  endfacet
  facet normal 0.349466 -4.17992e-07 -0.936949
    outer loop
      vertex 1.69039 -5 -5.75696
      vertex 2.03097 -3.44732 -5.62993
      vertex 2.49249 -5 -5.45779
    endloop
  endfacet
  facet normal 0.349464 1.7066e-07 -0.93695
    outer loop
      vertex 2.03097 -3.44732 -5.62993
      vertex 1.69039 -5 -5.75696
      vertex 1.70476 -3.52076 -5.7516
    endloop
  endfacet
  facet normal 0.349479 0 -0.936944
    outer loop
      vertex 1.70476 -3.52076 -5.7516
      vertex 1.69039 -5 -5.75696
      vertex 1.69039 -3.52399 -5.75696
    endloop
  endfacet
  facet normal 0.479253 0 -0.877677
    outer loop
      vertex 3.24384 -5 -5.04752
      vertex 2.87867 -3.04872 -5.24692
      vertex 3.24384 -2.76705 -5.04752
    endloop
  endfacet
  facet normal 0.479238 -3.72908e-06 -0.877685
    outer loop
      vertex 3.24384 -5 -5.04752
      vertex 2.58066 -3.2169 -5.40964
      vertex 2.87867 -3.04872 -5.24692
    endloop
  endfacet
  facet normal 0.479251 0 -0.877678
    outer loop
      vertex 2.49249 -3.26666 -5.45779
      vertex 3.24384 -5 -5.04752
      vertex 2.49249 -5 -5.45779
    endloop
  endfacet
  facet normal 0.479283 1.84404e-05 -0.87766
    outer loop
      vertex 3.24384 -5 -5.04752
      vertex 2.49249 -3.26666 -5.45779
      vertex 2.58066 -3.2169 -5.40964
    endloop
  endfacet
  facet normal 0.479253 0 -0.877677
    outer loop
      vertex 2.87867 3.04872 -5.24692
      vertex 3.24384 5 -5.04752
      vertex 3.24384 2.76705 -5.04752
    endloop
  endfacet
  facet normal 0.479238 3.72908e-06 -0.877685
    outer loop
      vertex 2.58066 3.2169 -5.40964
      vertex 3.24384 5 -5.04752
      vertex 2.87867 3.04872 -5.24692
    endloop
  endfacet
  facet normal 0.479283 -1.84404e-05 -0.87766
    outer loop
      vertex 2.49249 3.26666 -5.45779
      vertex 3.24384 5 -5.04752
      vertex 2.58066 3.2169 -5.40964
    endloop
  endfacet
  facet normal 0.479251 0 -0.877678
    outer loop
      vertex 3.24384 5 -5.04752
      vertex 2.49249 3.26666 -5.45779
      vertex 2.49249 5 -5.45779
    endloop
  endfacet
  facet normal 0.599228 0 -0.800578
    outer loop
      vertex 3.92916 -5 -4.5345
      vertex 3.85445 -2.03901 -4.59042
      vertex 3.92916 -1.89745 -4.5345
    endloop
  endfacet
  facet normal 0.599281 2.05983e-06 -0.800539
    outer loop
      vertex 3.92916 -5 -4.5345
      vertex 3.57772 -2.42217 -4.79758
      vertex 3.85445 -2.03901 -4.59042
    endloop
  endfacet
  facet normal 0.599287 3.52281e-06 -0.800534
    outer loop
      vertex 3.92916 -5 -4.5345
      vertex 3.25121 -2.76131 -5.04201
      vertex 3.57772 -2.42217 -4.79758
    endloop
  endfacet
  facet normal 0.599275 0 -0.800544
    outer loop
      vertex 3.24384 -2.76705 -5.04752
      vertex 3.92916 -5 -4.5345
      vertex 3.24384 -5 -5.04752
    endloop
  endfacet
  facet normal 0.598877 -0.000190256 -0.800841
    outer loop
      vertex 3.92916 -5 -4.5345
      vertex 3.24384 -2.76705 -5.04752
      vertex 3.25121 -2.76131 -5.04201
    endloop
  endfacet
  facet normal 0.599228 0 -0.800578
    outer loop
      vertex 3.85445 2.03901 -4.59042
      vertex 3.92916 5 -4.5345
      vertex 3.92916 1.89745 -4.5345
    endloop
  endfacet
  facet normal 0.599281 -2.05983e-06 -0.800539
    outer loop
      vertex 3.57772 2.42217 -4.79758
      vertex 3.92916 5 -4.5345
      vertex 3.85445 2.03901 -4.59042
    endloop
  endfacet
  facet normal 0.599287 -3.52281e-06 -0.800534
    outer loop
      vertex 3.25121 2.76131 -5.04201
      vertex 3.92916 5 -4.5345
      vertex 3.57772 2.42217 -4.79758
    endloop
  endfacet
  facet normal 0.598877 0.000190256 -0.800841
    outer loop
      vertex 3.24384 2.76705 -5.04752
      vertex 3.92916 5 -4.5345
      vertex 3.25121 2.76131 -5.04201
    endloop
  endfacet
  facet normal 0.599275 0 -0.800544
    outer loop
      vertex 3.92916 5 -4.5345
      vertex 3.24384 2.76705 -5.04752
      vertex 3.24384 5 -5.04752
    endloop
  endfacet
  facet normal -0.599275 0 -0.800544
    outer loop
      vertex -3.92916 -5 -4.5345
      vertex -3.24384 -2.76705 -5.04752
      vertex -3.24384 -5 -5.04752
    endloop
  endfacet
  facet normal -0.598877 -0.000190256 -0.800841
    outer loop
      vertex -3.24384 -2.76705 -5.04752
      vertex -3.92916 -5 -4.5345
      vertex -3.25121 -2.76131 -5.04201
    endloop
  endfacet
  facet normal -0.599287 3.52281e-06 -0.800534
    outer loop
      vertex -3.25121 -2.76131 -5.04201
      vertex -3.92916 -5 -4.5345
      vertex -3.57772 -2.42217 -4.79758
    endloop
  endfacet
  facet normal -0.599281 2.05983e-06 -0.800539
    outer loop
      vertex -3.57772 -2.42217 -4.79758
      vertex -3.92916 -5 -4.5345
      vertex -3.85445 -2.03901 -4.59042
    endloop
  endfacet
  facet normal -0.599228 0 -0.800578
    outer loop
      vertex -3.85445 -2.03901 -4.59042
      vertex -3.92916 -5 -4.5345
      vertex -3.92916 -1.89745 -4.5345
    endloop
  endfacet
  facet normal -0.598877 0.000190256 -0.800841
    outer loop
      vertex -3.92916 5 -4.5345
      vertex -3.24384 2.76705 -5.04752
      vertex -3.25121 2.76131 -5.04201
    endloop
  endfacet
  facet normal -0.599287 -3.52281e-06 -0.800534
    outer loop
      vertex -3.92916 5 -4.5345
      vertex -3.25121 2.76131 -5.04201
      vertex -3.57772 2.42217 -4.79758
    endloop
  endfacet
  facet normal -0.599281 -2.05983e-06 -0.800539
    outer loop
      vertex -3.92916 5 -4.5345
      vertex -3.57772 2.42217 -4.79758
      vertex -3.85445 2.03901 -4.59042
    endloop
  endfacet
  facet normal -0.599228 -0 -0.800578
    outer loop
      vertex -3.92916 5 -4.5345
      vertex -3.85445 2.03901 -4.59042
      vertex -3.92916 1.89745 -4.5345
    endloop
  endfacet
  facet normal -0.599275 0 -0.800544
    outer loop
      vertex -3.24384 2.76705 -5.04752
      vertex -3.92916 5 -4.5345
      vertex -3.24384 5 -5.04752
    endloop
  endfacet
  facet normal -0.479251 0 -0.877678
    outer loop
      vertex -3.24384 -5 -5.04752
      vertex -2.49249 -3.26666 -5.45779
      vertex -2.49249 -5 -5.45779
    endloop
  endfacet
  facet normal -0.479283 1.84404e-05 -0.87766
    outer loop
      vertex -2.49249 -3.26666 -5.45779
      vertex -3.24384 -5 -5.04752
      vertex -2.58066 -3.2169 -5.40964
    endloop
  endfacet
  facet normal -0.479238 -3.72908e-06 -0.877685
    outer loop
      vertex -2.58066 -3.2169 -5.40964
      vertex -3.24384 -5 -5.04752
      vertex -2.87867 -3.04872 -5.24692
    endloop
  endfacet
  facet normal -0.479253 0 -0.877677
    outer loop
      vertex -2.87867 -3.04872 -5.24692
      vertex -3.24384 -5 -5.04752
      vertex -3.24384 -2.76705 -5.04752
    endloop
  endfacet
  facet normal -0.479283 -1.84404e-05 -0.87766
    outer loop
      vertex -3.24384 5 -5.04752
      vertex -2.49249 3.26666 -5.45779
      vertex -2.58066 3.2169 -5.40964
    endloop
  endfacet
  facet normal -0.479238 3.72908e-06 -0.877685
    outer loop
      vertex -3.24384 5 -5.04752
      vertex -2.58066 3.2169 -5.40964
      vertex -2.87867 3.04872 -5.24692
    endloop
  endfacet
  facet normal -0.479253 -0 -0.877677
    outer loop
      vertex -3.24384 5 -5.04752
      vertex -2.87867 3.04872 -5.24692
      vertex -3.24384 2.76705 -5.04752
    endloop
  endfacet
  facet normal -0.479251 0 -0.877678
    outer loop
      vertex -2.49249 3.26666 -5.45779
      vertex -3.24384 5 -5.04752
      vertex -2.49249 5 -5.45779
    endloop
  endfacet
  facet normal -0.212587 0 -0.977142
    outer loop
      vertex -0.853889 -5 -5.93893
      vertex -1.10205 -3.58532 -5.88494
      vertex -0.853889 -3.58595 -5.93893
    endloop
  endfacet
  facet normal -0.212566 3.98975e-06 -0.977147
    outer loop
      vertex -1.69039 -5 -5.75696
      vertex -1.10205 -3.58532 -5.88494
      vertex -0.853889 -5 -5.93893
    endloop
  endfacet
  facet normal -0.212547 -4.28416e-06 -0.977151
    outer loop
      vertex -1.10205 -3.58532 -5.88494
      vertex -1.69039 -5 -5.75696
      vertex -1.43568 -3.5604 -5.81237
    endloop
  endfacet
  facet normal -0.21256 -1.74695e-06 -0.977148
    outer loop
      vertex -1.43568 -3.5604 -5.81237
      vertex -1.69039 -5 -5.75696
      vertex -1.57235 -3.55019 -5.78264
    endloop
  endfacet
  facet normal -0.212581 0 -0.977143
    outer loop
      vertex -1.57235 -3.55019 -5.78264
      vertex -1.69039 -5 -5.75696
      vertex -1.69039 -3.52399 -5.75696
    endloop
  endfacet
  facet normal -0.212587 0 -0.977142
    outer loop
      vertex -1.10205 3.58532 -5.88494
      vertex -0.853889 5 -5.93893
      vertex -0.853889 3.58595 -5.93893
    endloop
  endfacet
  facet normal -0.212547 4.28416e-06 -0.977151
    outer loop
      vertex -1.69039 5 -5.75696
      vertex -1.10205 3.58532 -5.88494
      vertex -1.43568 3.5604 -5.81237
    endloop
  endfacet
  facet normal -0.21256 1.74695e-06 -0.977148
    outer loop
      vertex -1.69039 5 -5.75696
      vertex -1.43568 3.5604 -5.81237
      vertex -1.57235 3.55019 -5.78264
    endloop
  endfacet
  facet normal -0.212581 -0 -0.977143
    outer loop
      vertex -1.69039 5 -5.75696
      vertex -1.57235 3.55019 -5.78264
      vertex -1.69039 3.52399 -5.75696
    endloop
  endfacet
  facet normal -0.212566 -3.98975e-06 -0.977147
    outer loop
      vertex -1.10205 3.58532 -5.88494
      vertex -1.69039 5 -5.75696
      vertex -0.853889 5 -5.93893
    endloop
  endfacet
  facet normal -0.977147 0 -0.212566
    outer loop
      vertex -5.75696 -5 -1.69039
      vertex -5.93893 5 -0.853889
      vertex -5.75696 5 -1.69039
    endloop
  endfacet
  facet normal -0.977147 -0 -0.212566
    outer loop
      vertex -5.93893 5 -0.853889
      vertex -5.75696 -5 -1.69039
      vertex -5.93893 -5 -0.853889
    endloop
  endfacet
  facet normal -0.936949 0 -0.349466
    outer loop
      vertex -5.45779 -5 -2.49249
      vertex -5.75696 5 -1.69039
      vertex -5.45779 5 -2.49249
    endloop
  endfacet
  facet normal -0.936949 -0 -0.349466
    outer loop
      vertex -5.75696 5 -1.69039
      vertex -5.45779 -5 -2.49249
      vertex -5.75696 -5 -1.69039
    endloop
  endfacet
  facet normal 0.800544 0 -0.599275
    outer loop
      vertex 5.04752 -5 -3.24384
      vertex 4.5345 5 -3.92916
      vertex 5.04752 5 -3.24384
    endloop
  endfacet
  facet normal 0.800544 0 -0.599275
    outer loop
      vertex 4.5345 5 -3.92916
      vertex 5.04752 -5 -3.24384
      vertex 4.5345 -5 -3.92916
    endloop
  endfacet
  facet normal 0.936949 0 -0.349466
    outer loop
      vertex 5.75696 -5 -1.69039
      vertex 5.45779 5 -2.49249
      vertex 5.75696 5 -1.69039
    endloop
  endfacet
  facet normal 0.936949 0 -0.349466
    outer loop
      vertex 5.45779 5 -2.49249
      vertex 5.75696 -5 -1.69039
      vertex 5.45779 -5 -2.49249
    endloop
  endfacet
  facet normal 0.977147 0 -0.212566
    outer loop
      vertex 5.93893 -5 -0.853889
      vertex 5.75696 5 -1.69039
      vertex 5.93893 5 -0.853889
    endloop
  endfacet
  facet normal 0.977147 0 -0.212566
    outer loop
      vertex 5.75696 5 -1.69039
      vertex 5.93893 -5 -0.853889
      vertex 5.75696 -5 -1.69039
    endloop
  endfacet
  facet normal 0.997452 -0 0.0713394
    outer loop
      vertex 5.44402 -4 -21.2173
      vertex 5.5 4 -22
      vertex 5.44402 4 -21.2173
    endloop
  endfacet
  facet normal 0.997452 0 0.0713394
    outer loop
      vertex 5.5 4 -22
      vertex 5.44402 -4 -21.2173
      vertex 5.5 -4 -22
    endloop
  endfacet
  facet normal 0.997452 0 -0.0713394
    outer loop
      vertex 5.5 -4 -22
      vertex 5.44402 4 -22.7827
      vertex 5.5 4 -22
    endloop
  endfacet
  facet normal 0.997452 0 -0.0713394
    outer loop
      vertex 5.44402 4 -22.7827
      vertex 5.5 -4 -22
      vertex 5.44402 -4 -22.7827
    endloop
  endfacet
  facet normal 0.479338 0 0.87763
    outer loop
      vertex 2.97352 4 -17.3731
      vertex 2.94569 3.41794 -17.3579
      vertex 2.97352 3.40325 -17.3731
    endloop
  endfacet
  facet normal 0.479192 9.09615e-06 0.87771
    outer loop
      vertex 2.97352 4 -17.3731
      vertex 2.55518 3.55793 -17.1447
      vertex 2.94569 3.41794 -17.3579
    endloop
  endfacet
  facet normal 0.479124 9.26802e-05 0.877747
    outer loop
      vertex 2.97352 4 -17.3731
      vertex 2.49014 3.58125 -17.1092
      vertex 2.55518 3.55793 -17.1447
    endloop
  endfacet
  facet normal 0.479268 -0.000123953 0.877669
    outer loop
      vertex 2.28478 4 -16.997
      vertex 2.49014 3.58125 -17.1092
      vertex 2.97352 4 -17.3731
    endloop
  endfacet
  facet normal 0.479354 -6.95167e-05 0.877622
    outer loop
      vertex 2.49014 3.58125 -17.1092
      vertex 2.28478 4 -16.997
      vertex 2.42057 3.59561 -17.0712
    endloop
  endfacet
  facet normal 0.479513 0 0.877535
    outer loop
      vertex 2.42057 3.59561 -17.0712
      vertex 2.28478 4 -16.997
      vertex 2.28478 3.62363 -16.997
    endloop
  endfacet
  facet normal 0.479338 0 0.87763
    outer loop
      vertex 2.94569 -3.41794 -17.3579
      vertex 2.97352 -4 -17.3731
      vertex 2.97352 -3.40325 -17.3731
    endloop
  endfacet
  facet normal 0.479192 -9.09615e-06 0.87771
    outer loop
      vertex 2.55518 -3.55793 -17.1447
      vertex 2.97352 -4 -17.3731
      vertex 2.94569 -3.41794 -17.3579
    endloop
  endfacet
  facet normal 0.479124 -9.26802e-05 0.877747
    outer loop
      vertex 2.49014 -3.58125 -17.1092
      vertex 2.97352 -4 -17.3731
      vertex 2.55518 -3.55793 -17.1447
    endloop
  endfacet
  facet normal 0.479354 6.95167e-05 0.877622
    outer loop
      vertex 2.28478 -4 -16.997
      vertex 2.49014 -3.58125 -17.1092
      vertex 2.42057 -3.59561 -17.0712
    endloop
  endfacet
  facet normal 0.479513 -0 0.877535
    outer loop
      vertex 2.28478 -4 -16.997
      vertex 2.42057 -3.59561 -17.0712
      vertex 2.28478 -3.62363 -16.997
    endloop
  endfacet
  facet normal 0.479268 0.000123953 0.877669
    outer loop
      vertex 2.49014 -3.58125 -17.1092
      vertex 2.28478 -4 -16.997
      vertex 2.97352 -4 -17.3731
    endloop
  endfacet
  facet normal -0.479513 0 0.877535
    outer loop
      vertex -2.42057 -3.59561 -17.0712
      vertex -2.28478 -4 -16.997
      vertex -2.28478 -3.62363 -16.997
    endloop
  endfacet
  facet normal -0.479354 6.95167e-05 0.877622
    outer loop
      vertex -2.49014 -3.58125 -17.1092
      vertex -2.28478 -4 -16.997
      vertex -2.42057 -3.59561 -17.0712
    endloop
  endfacet
  facet normal -0.479124 -9.26802e-05 0.877747
    outer loop
      vertex -2.97352 -4 -17.3731
      vertex -2.49014 -3.58125 -17.1092
      vertex -2.55518 -3.55793 -17.1447
    endloop
  endfacet
  facet normal -0.479192 -9.09615e-06 0.87771
    outer loop
      vertex -2.97352 -4 -17.3731
      vertex -2.55518 -3.55793 -17.1447
      vertex -2.94569 -3.41794 -17.3579
    endloop
  endfacet
  facet normal -0.479338 0 0.87763
    outer loop
      vertex -2.97352 -4 -17.3731
      vertex -2.94569 -3.41794 -17.3579
      vertex -2.97352 -3.40325 -17.3731
    endloop
  endfacet
  facet normal -0.479268 0.000123953 0.877669
    outer loop
      vertex -2.49014 -3.58125 -17.1092
      vertex -2.97352 -4 -17.3731
      vertex -2.28478 -4 -16.997
    endloop
  endfacet
  facet normal -0.479513 0 0.877535
    outer loop
      vertex -2.28478 4 -16.997
      vertex -2.42057 3.59561 -17.0712
      vertex -2.28478 3.62363 -16.997
    endloop
  endfacet
  facet normal -0.479354 -6.95167e-05 0.877622
    outer loop
      vertex -2.28478 4 -16.997
      vertex -2.49014 3.58125 -17.1092
      vertex -2.42057 3.59561 -17.0712
    endloop
  endfacet
  facet normal -0.479268 -0.000123953 0.877669
    outer loop
      vertex -2.97352 4 -17.3731
      vertex -2.49014 3.58125 -17.1092
      vertex -2.28478 4 -16.997
    endloop
  endfacet
  facet normal -0.479124 9.26802e-05 0.877747
    outer loop
      vertex -2.49014 3.58125 -17.1092
      vertex -2.97352 4 -17.3731
      vertex -2.55518 3.55793 -17.1447
    endloop
  endfacet
  facet normal -0.479192 9.09615e-06 0.87771
    outer loop
      vertex -2.55518 3.55793 -17.1447
      vertex -2.97352 4 -17.3731
      vertex -2.94569 3.41794 -17.3579
    endloop
  endfacet
  facet normal -0.479338 0 0.87763
    outer loop
      vertex -2.94569 3.41794 -17.3579
      vertex -2.97352 4 -17.3731
      vertex -2.97352 3.40325 -17.3731
    endloop
  endfacet
  facet normal -0.877662 0 0.47928
    outer loop
      vertex -5.00298 4 -19.7152
      vertex -4.62689 1.85032 -19.0265
      vertex -4.62689 4 -19.0265
    endloop
  endfacet
  facet normal -0.877511 0.00011488 0.479556
    outer loop
      vertex -5.00298 4 -19.7152
      vertex -4.66242 1.79078 -19.0915
      vertex -4.62689 1.85032 -19.0265
    endloop
  endfacet
  facet normal -0.877687 -2.77204e-06 0.479235
    outer loop
      vertex -5.00298 4 -19.7152
      vertex -4.83649 1.36203 -19.4103
      vertex -4.66242 1.79078 -19.0915
    endloop
  endfacet
  facet normal -0.878225 -0.000150966 0.478247
    outer loop
      vertex -5.00298 4 -19.7152
      vertex -4.84177 1.34901 -19.42
      vertex -4.83649 1.36203 -19.4103
    endloop
  endfacet
  facet normal -0.876255 0.000369778 0.481847
    outer loop
      vertex -5.00298 4 -19.7152
      vertex -4.84491 1.33573 -19.4257
      vertex -4.84177 1.34901 -19.42
    endloop
  endfacet
  facet normal -0.877752 -1.59462e-05 0.479115
    outer loop
      vertex -5.00298 4 -19.7152
      vertex -4.95085 0.886601 -19.6198
      vertex -4.84491 1.33573 -19.4257
    endloop
  endfacet
  facet normal -0.877601 -4.95055e-06 0.479391
    outer loop
      vertex -5.00298 4 -19.7152
      vertex -4.9869 0.420444 -19.6858
      vertex -4.95085 0.886601 -19.6198
    endloop
  endfacet
  facet normal -0.869274 0.000155165 0.494331
    outer loop
      vertex -5.00298 4 -19.7152
      vertex -4.98747 0.413003 -19.6868
      vertex -4.9869 0.420444 -19.6858
    endloop
  endfacet
  facet normal -0.877647 0 0.479307
    outer loop
      vertex -5.00298 4 -19.7152
      vertex -4.98747 -0.413003 -19.6868
      vertex -4.98747 0.413003 -19.6868
    endloop
  endfacet
  facet normal -0.869274 -0.000155165 0.494331
    outer loop
      vertex -5.00298 -4 -19.7152
      vertex -4.9869 -0.420444 -19.6858
      vertex -4.98747 -0.413003 -19.6868
    endloop
  endfacet
  facet normal -0.877752 1.59462e-05 0.479115
    outer loop
      vertex -5.00298 -4 -19.7152
      vertex -4.84491 -1.33573 -19.4257
      vertex -4.95085 -0.886601 -19.6198
    endloop
  endfacet
  facet normal -0.877647 0 0.479307
    outer loop
      vertex -5.00298 -4 -19.7152
      vertex -4.98747 -0.413003 -19.6868
      vertex -5.00298 4 -19.7152
    endloop
  endfacet
  facet normal -0.877601 4.95055e-06 0.479391
    outer loop
      vertex -4.9869 -0.420444 -19.6858
      vertex -5.00298 -4 -19.7152
      vertex -4.95085 -0.886601 -19.6198
    endloop
  endfacet
  facet normal -0.876255 -0.000369778 0.481847
    outer loop
      vertex -4.84491 -1.33573 -19.4257
      vertex -5.00298 -4 -19.7152
      vertex -4.84177 -1.34901 -19.42
    endloop
  endfacet
  facet normal -0.878225 0.000150966 0.478247
    outer loop
      vertex -5.00298 -4 -19.7152
      vertex -4.83649 -1.36203 -19.4103
      vertex -4.84177 -1.34901 -19.42
    endloop
  endfacet
  facet normal -0.877687 2.77204e-06 0.479235
    outer loop
      vertex -5.00298 -4 -19.7152
      vertex -4.66242 -1.79078 -19.0915
      vertex -4.83649 -1.36203 -19.4103
    endloop
  endfacet
  facet normal -0.877511 -0.00011488 0.479556
    outer loop
      vertex -5.00298 -4 -19.7152
      vertex -4.62689 -1.85032 -19.0265
      vertex -4.66242 -1.79078 -19.0915
    endloop
  endfacet
  facet normal -0.877662 0 0.47928
    outer loop
      vertex -4.62689 -1.85032 -19.0265
      vertex -5.00298 -4 -19.7152
      vertex -4.62689 -4 -19.0265
    endloop
  endfacet
  facet normal 0.349444 0 0.936957
    outer loop
      vertex 2.01692 -3.67986 -16.8971
      vertex 2.28478 -4 -16.997
      vertex 2.28478 -3.62363 -16.997
    endloop
  endfacet
  facet normal 0.349476 -0.000100154 0.936945
    outer loop
      vertex 1.54953 -4 -16.7228
      vertex 2.01692 -3.67986 -16.8971
      vertex 1.61369 -3.70652 -16.7467
    endloop
  endfacet
  facet normal 0.349074 -0 0.937095
    outer loop
      vertex 1.54953 -4 -16.7228
      vertex 1.61369 -3.70652 -16.7467
      vertex 1.54953 -3.71077 -16.7228
    endloop
  endfacet
  facet normal 0.349426 -1.69693e-05 0.936964
    outer loop
      vertex 2.01692 -3.67986 -16.8971
      vertex 1.54953 -4 -16.7228
      vertex 2.28478 -4 -16.997
    endloop
  endfacet
  facet normal 0.349444 0 0.936957
    outer loop
      vertex 2.28478 4 -16.997
      vertex 2.01692 3.67986 -16.8971
      vertex 2.28478 3.62363 -16.997
    endloop
  endfacet
  facet normal 0.349426 1.69693e-05 0.936964
    outer loop
      vertex 1.54953 4 -16.7228
      vertex 2.01692 3.67986 -16.8971
      vertex 2.28478 4 -16.997
    endloop
  endfacet
  facet normal 0.349476 0.000100154 0.936945
    outer loop
      vertex 2.01692 3.67986 -16.8971
      vertex 1.54953 4 -16.7228
      vertex 1.61369 3.70652 -16.7467
    endloop
  endfacet
  facet normal 0.349074 0 0.937095
    outer loop
      vertex 1.61369 3.70652 -16.7467
      vertex 1.54953 4 -16.7228
      vertex 1.54953 3.71077 -16.7228
    endloop
  endfacet
  facet normal -0.800526 0 0.599298
    outer loop
      vertex -4.62689 -4 -19.0265
      vertex -4.43569 -2.17881 -18.7711
      vertex -4.62689 -1.85032 -19.0265
    endloop
  endfacet
  facet normal -0.800902 0.000109919 0.598795
    outer loop
      vertex -4.62689 -4 -19.0265
      vertex -4.42089 -2.20423 -18.7513
      vertex -4.43569 -2.17881 -18.7711
    endloop
  endfacet
  facet normal -0.800527 -1.00561e-05 0.599297
    outer loop
      vertex -4.62689 -4 -19.0265
      vertex -4.15662 -2.53427 -18.3983
      vertex -4.42089 -2.20423 -18.7513
    endloop
  endfacet
  facet normal -0.800538 0 0.599282
    outer loop
      vertex -4.15662 -2.53427 -18.3983
      vertex -4.62689 -4 -19.0265
      vertex -4.15662 -4 -18.3983
    endloop
  endfacet
  facet normal -0.800538 0 0.599282
    outer loop
      vertex -4.62689 4 -19.0265
      vertex -4.15662 2.53427 -18.3983
      vertex -4.15662 4 -18.3983
    endloop
  endfacet
  facet normal -0.800527 1.00561e-05 0.599297
    outer loop
      vertex -4.62689 4 -19.0265
      vertex -4.42089 2.20423 -18.7513
      vertex -4.15662 2.53427 -18.3983
    endloop
  endfacet
  facet normal -0.800902 -0.000109919 0.598795
    outer loop
      vertex -4.62689 4 -19.0265
      vertex -4.43569 2.17881 -18.7711
      vertex -4.42089 2.20423 -18.7513
    endloop
  endfacet
  facet normal -0.800526 0 0.599298
    outer loop
      vertex -4.43569 2.17881 -18.7711
      vertex -4.62689 4 -19.0265
      vertex -4.62689 1.85032 -19.0265
    endloop
  endfacet
  facet normal 0.349426 0 -0.936964
    outer loop
      vertex 1.54953 -4 -27.2772
      vertex 2.28478 4 -27.003
      vertex 2.28478 -4 -27.003
    endloop
  endfacet
  facet normal 0.349426 0 -0.936964
    outer loop
      vertex 2.28478 4 -27.003
      vertex 1.54953 -4 -27.2772
      vertex 1.54953 4 -27.2772
    endloop
  endfacet
  facet normal 0.707113 0 -0.7071
    outer loop
      vertex 3.60173 -4 -26.1566
      vertex 4.15662 4 -25.6017
      vertex 4.15662 -4 -25.6017
    endloop
  endfacet
  facet normal 0.707113 0 -0.7071
    outer loop
      vertex 4.15662 4 -25.6017
      vertex 3.60173 -4 -26.1566
      vertex 3.60173 4 -26.1566
    endloop
  endfacet
  facet normal -0.0710906 0 -0.99747
    outer loop
      vertex 0 -4 -27.5
      vertex -0.0996199 -2.56787 -27.4929
      vertex 0 -2.575 -27.5
    endloop
  endfacet
  facet normal -0.0715503 -3.21397e-05 -0.997437
    outer loop
      vertex 0 -4 -27.5
      vertex -0.197212 -2.54664 -27.4859
      vertex -0.0996199 -2.56787 -27.4929
    endloop
  endfacet
  facet normal -0.071362 -6.45762e-06 -0.99745
    outer loop
      vertex -0.782731 -4 -27.444
      vertex -0.197212 -2.54664 -27.4859
      vertex 0 -4 -27.5
    endloop
  endfacet
  facet normal -0.0714103 1.31289e-05 -0.997447
    outer loop
      vertex -0.197212 -2.54664 -27.4859
      vertex -0.782731 -4 -27.444
      vertex -0.29079 -2.51174 -27.4792
    endloop
  endfacet
  facet normal -0.0716372 8.85155e-05 -0.997431
    outer loop
      vertex -0.29079 -2.51174 -27.4792
      vertex -0.782731 -4 -27.444
      vertex -0.378448 -2.46388 -27.4729
    endloop
  endfacet
  facet normal -0.0711421 -4.24546e-05 -0.997466
    outer loop
      vertex -0.378448 -2.46388 -27.4729
      vertex -0.782731 -4 -27.444
      vertex -0.458402 -2.40402 -27.4672
    endloop
  endfacet
  facet normal -0.0707455 -0.000123462 -0.997494
    outer loop
      vertex -0.458402 -2.40402 -27.4672
      vertex -0.782731 -4 -27.444
      vertex -0.529024 -2.3334 -27.4622
    endloop
  endfacet
  facet normal -0.0716402 1.3424e-05 -0.997431
    outer loop
      vertex -0.529024 -2.3334 -27.4622
      vertex -0.782731 -4 -27.444
      vertex -0.588877 -2.25345 -27.4579
    endloop
  endfacet
  facet normal -0.070967 -6.16771e-05 -0.997479
    outer loop
      vertex -0.588877 -2.25345 -27.4579
      vertex -0.782731 -4 -27.444
      vertex -0.636742 -2.16579 -27.4545
    endloop
  endfacet
  facet normal -0.0704021 -2.86684e-05 -0.997519
    outer loop
      vertex -0.692875 -1.97462 -27.4504
      vertex -0.782731 -4 -27.444
      vertex -0.7 -1.875 -27.4499
    endloop
  endfacet
  facet normal -0.0744536 0.000152005 -0.997224
    outer loop
      vertex -0.671644 -2.07221 -27.452
      vertex -0.782731 -4 -27.444
      vertex -0.692875 -1.97462 -27.4504
    endloop
  endfacet
  facet normal -0.0714974 -1.92415e-05 -0.997441
    outer loop
      vertex -0.636742 -2.16579 -27.4545
      vertex -0.782731 -4 -27.444
      vertex -0.671644 -2.07221 -27.452
    endloop
  endfacet
  facet normal -0.0710906 0 -0.99747
    outer loop
      vertex -0.0996199 -1.18212 -27.4929
      vertex 0 4 -27.5
      vertex 0 -1.175 -27.5
    endloop
  endfacet
  facet normal -0.0715394 -1.82602e-05 -0.997438
    outer loop
      vertex -0.782731 4 -27.444
      vertex -0.0996199 -1.18212 -27.4929
      vertex -0.197212 -1.20335 -27.4859
    endloop
  endfacet
  facet normal -0.0714137 -4.0481e-06 -0.997447
    outer loop
      vertex -0.782731 4 -27.444
      vertex -0.197212 -1.20335 -27.4859
      vertex -0.29079 -1.23826 -27.4792
    endloop
  endfacet
  facet normal -0.07167 -2.82391e-05 -0.997428
    outer loop
      vertex -0.782731 4 -27.444
      vertex -0.29079 -1.23826 -27.4792
      vertex -0.378448 -1.28612 -27.4729
    endloop
  endfacet
  facet normal -0.0711209 1.39683e-05 -0.997468
    outer loop
      vertex -0.782731 4 -27.444
      vertex -0.378448 -1.28612 -27.4729
      vertex -0.458402 -1.34597 -27.4672
    endloop
  endfacet
  facet normal -0.0706643 4.18115e-05 -0.9975
    outer loop
      vertex -0.782731 4 -27.444
      vertex -0.458402 -1.34597 -27.4672
      vertex -0.529024 -1.4166 -27.4622
    endloop
  endfacet
  facet normal -0.0716518 -4.67757e-06 -0.99743
    outer loop
      vertex -0.782731 4 -27.444
      vertex -0.529024 -1.4166 -27.4622
      vertex -0.588877 -1.49655 -27.4579
    endloop
  endfacet
  facet normal -0.0708949 2.21513e-05 -0.997484
    outer loop
      vertex -0.782731 4 -27.444
      vertex -0.588877 -1.49655 -27.4579
      vertex -0.636742 -1.58421 -27.4545
    endloop
  endfacet
  facet normal -0.0714652 7.16655e-06 -0.997443
    outer loop
      vertex -0.782731 4 -27.444
      vertex -0.636742 -1.58421 -27.4545
      vertex -0.671644 -1.67779 -27.452
    endloop
  endfacet
  facet normal -0.0748747 -5.98925e-05 -0.997193
    outer loop
      vertex -0.782731 4 -27.444
      vertex -0.671644 -1.67779 -27.452
      vertex -0.692875 -1.77538 -27.4504
    endloop
  endfacet
  facet normal -0.071362 5.2438e-06 -0.99745
    outer loop
      vertex -0.0996199 -1.18212 -27.4929
      vertex -0.782731 4 -27.444
      vertex 0 4 -27.5
    endloop
  endfacet
  facet normal -0.0701894 1.33798e-05 -0.997534
    outer loop
      vertex -0.7 -1.875 -27.4499
      vertex -0.782731 4 -27.444
      vertex -0.692875 -1.77538 -27.4504
    endloop
  endfacet
  facet normal -0.0711348 -0 -0.997467
    outer loop
      vertex -0.782731 4 -27.444
      vertex -0.7 -1.875 -27.4499
      vertex -0.782731 -4 -27.444
    endloop
  endfacet
  facet normal -0.479268 0 -0.877669
    outer loop
      vertex -2.97352 -4 -26.6269
      vertex -2.28478 4 -27.003
      vertex -2.28478 -4 -27.003
    endloop
  endfacet
  facet normal -0.479268 0 -0.877669
    outer loop
      vertex -2.28478 4 -27.003
      vertex -2.97352 -4 -26.6269
      vertex -2.97352 4 -26.6269
    endloop
  endfacet
  facet normal -0.877662 0 -0.47928
    outer loop
      vertex -4.62689 -4 -24.9735
      vertex -5.00298 4 -24.2848
      vertex -4.62689 4 -24.9735
    endloop
  endfacet
  facet normal -0.877662 -0 -0.47928
    outer loop
      vertex -5.00298 4 -24.2848
      vertex -4.62689 -4 -24.9735
      vertex -5.00298 -4 -24.2848
    endloop
  endfacet
  facet normal 0.977146 -0 0.212569
    outer loop
      vertex 5.27721 -4 -20.4505
      vertex 5.44402 4 -21.2173
      vertex 5.27721 4 -20.4505
    endloop
  endfacet
  facet normal 0.977146 0 0.212569
    outer loop
      vertex 5.44402 4 -21.2173
      vertex 5.27721 -4 -20.4505
      vertex 5.44402 -4 -21.2173
    endloop
  endfacet
  facet normal 0.877662 -0 0.47928
    outer loop
      vertex 4.62689 1.85032 -19.0265
      vertex 5.00298 4 -19.7152
      vertex 4.62689 4 -19.0265
    endloop
  endfacet
  facet normal 0.877511 0.00011488 0.479556
    outer loop
      vertex 4.66242 1.79078 -19.0915
      vertex 5.00298 4 -19.7152
      vertex 4.62689 1.85032 -19.0265
    endloop
  endfacet
  facet normal 0.877687 -2.77204e-06 0.479235
    outer loop
      vertex 4.83649 1.36203 -19.4103
      vertex 5.00298 4 -19.7152
      vertex 4.66242 1.79078 -19.0915
    endloop
  endfacet
  facet normal 0.878225 -0.000150966 0.478247
    outer loop
      vertex 4.84177 1.34901 -19.42
      vertex 5.00298 4 -19.7152
      vertex 4.83649 1.36203 -19.4103
    endloop
  endfacet
  facet normal 0.876255 0.000369778 0.481847
    outer loop
      vertex 4.84491 1.33573 -19.4257
      vertex 5.00298 4 -19.7152
      vertex 4.84177 1.34901 -19.42
    endloop
  endfacet
  facet normal 0.877752 -1.59462e-05 0.479115
    outer loop
      vertex 4.95085 0.886601 -19.6198
      vertex 5.00298 4 -19.7152
      vertex 4.84491 1.33573 -19.4257
    endloop
  endfacet
  facet normal 0.877601 -4.95055e-06 0.479391
    outer loop
      vertex 4.9869 0.420444 -19.6858
      vertex 5.00298 4 -19.7152
      vertex 4.95085 0.886601 -19.6198
    endloop
  endfacet
  facet normal 0.869274 0.000155165 0.494331
    outer loop
      vertex 4.98747 0.413003 -19.6868
      vertex 5.00298 4 -19.7152
      vertex 4.9869 0.420444 -19.6858
    endloop
  endfacet
  facet normal 0.877647 -0 0.479307
    outer loop
      vertex 4.98747 -0.413003 -19.6868
      vertex 5.00298 4 -19.7152
      vertex 4.98747 0.413003 -19.6868
    endloop
  endfacet
  facet normal 0.877601 4.95055e-06 0.479391
    outer loop
      vertex 5.00298 -4 -19.7152
      vertex 4.9869 -0.420444 -19.6858
      vertex 4.95085 -0.886601 -19.6198
    endloop
  endfacet
  facet normal 0.876255 -0.000369778 0.481847
    outer loop
      vertex 5.00298 -4 -19.7152
      vertex 4.84491 -1.33573 -19.4257
      vertex 4.84177 -1.34901 -19.42
    endloop
  endfacet
  facet normal 0.877662 0 0.47928
    outer loop
      vertex 5.00298 -4 -19.7152
      vertex 4.62689 -1.85032 -19.0265
      vertex 4.62689 -4 -19.0265
    endloop
  endfacet
  facet normal 0.877511 -0.00011488 0.479556
    outer loop
      vertex 4.62689 -1.85032 -19.0265
      vertex 5.00298 -4 -19.7152
      vertex 4.66242 -1.79078 -19.0915
    endloop
  endfacet
  facet normal 0.877687 2.77204e-06 0.479235
    outer loop
      vertex 4.66242 -1.79078 -19.0915
      vertex 5.00298 -4 -19.7152
      vertex 4.83649 -1.36203 -19.4103
    endloop
  endfacet
  facet normal 0.878225 0.000150966 0.478247
    outer loop
      vertex 4.83649 -1.36203 -19.4103
      vertex 5.00298 -4 -19.7152
      vertex 4.84177 -1.34901 -19.42
    endloop
  endfacet
  facet normal 0.877647 0 0.479307
    outer loop
      vertex 4.98747 -0.413003 -19.6868
      vertex 5.00298 -4 -19.7152
      vertex 5.00298 4 -19.7152
    endloop
  endfacet
  facet normal 0.869274 -0.000155165 0.494331
    outer loop
      vertex 4.9869 -0.420444 -19.6858
      vertex 5.00298 -4 -19.7152
      vertex 4.98747 -0.413003 -19.6868
    endloop
  endfacet
  facet normal 0.877752 1.59462e-05 0.479115
    outer loop
      vertex 4.84491 -1.33573 -19.4257
      vertex 5.00298 -4 -19.7152
      vertex 4.95085 -0.886601 -19.6198
    endloop
  endfacet
  facet normal 0.936959 -0 0.349439
    outer loop
      vertex 5.00298 -4 -19.7152
      vertex 5.27721 4 -20.4505
      vertex 5.00298 4 -19.7152
    endloop
  endfacet
  facet normal 0.936959 0 0.349439
    outer loop
      vertex 5.27721 4 -20.4505
      vertex 5.00298 -4 -19.7152
      vertex 5.27721 -4 -20.4505
    endloop
  endfacet
  facet normal 0.800538 -0 0.599282
    outer loop
      vertex 4.15662 2.53427 -18.3983
      vertex 4.62689 4 -19.0265
      vertex 4.15662 4 -18.3983
    endloop
  endfacet
  facet normal 0.800527 1.00561e-05 0.599297
    outer loop
      vertex 4.42089 2.20423 -18.7513
      vertex 4.62689 4 -19.0265
      vertex 4.15662 2.53427 -18.3983
    endloop
  endfacet
  facet normal 0.800902 -0.000109919 0.598795
    outer loop
      vertex 4.43569 2.17881 -18.7711
      vertex 4.62689 4 -19.0265
      vertex 4.42089 2.20423 -18.7513
    endloop
  endfacet
  facet normal 0.800526 0 0.599298
    outer loop
      vertex 4.62689 4 -19.0265
      vertex 4.43569 2.17881 -18.7711
      vertex 4.62689 1.85032 -19.0265
    endloop
  endfacet
  facet normal 0.800538 0 0.599282
    outer loop
      vertex 4.62689 -4 -19.0265
      vertex 4.15662 -2.53427 -18.3983
      vertex 4.15662 -4 -18.3983
    endloop
  endfacet
  facet normal 0.800527 -1.00561e-05 0.599297
    outer loop
      vertex 4.15662 -2.53427 -18.3983
      vertex 4.62689 -4 -19.0265
      vertex 4.42089 -2.20423 -18.7513
    endloop
  endfacet
  facet normal 0.800902 0.000109919 0.598795
    outer loop
      vertex 4.42089 -2.20423 -18.7513
      vertex 4.62689 -4 -19.0265
      vertex 4.43569 -2.17881 -18.7711
    endloop
  endfacet
  facet normal 0.800526 0 0.599298
    outer loop
      vertex 4.43569 -2.17881 -18.7711
      vertex 4.62689 -4 -19.0265
      vertex 4.62689 -1.85032 -19.0265
    endloop
  endfacet
  facet normal 0.599371 0 0.800472
    outer loop
      vertex 3.60173 4 -17.8434
      vertex 3.37576 3.19371 -17.6742
      vertex 3.60173 3.03158 -17.8434
    endloop
  endfacet
  facet normal 0.59959 -9.60148e-05 0.800307
    outer loop
      vertex 3.60173 4 -17.8434
      vertex 3.32491 3.2202 -17.6361
      vertex 3.37576 3.19371 -17.6742
    endloop
  endfacet
  facet normal 0.5993 -0 0.800524
    outer loop
      vertex 2.97352 3.40325 -17.3731
      vertex 3.60173 4 -17.8434
      vertex 2.97352 4 -17.3731
    endloop
  endfacet
  facet normal 0.599241 9.7362e-05 0.800569
    outer loop
      vertex 3.60173 4 -17.8434
      vertex 2.97352 3.40325 -17.3731
      vertex 3.32491 3.2202 -17.6361
    endloop
  endfacet
  facet normal 0.599371 0 0.800472
    outer loop
      vertex 3.37576 -3.19371 -17.6742
      vertex 3.60173 -4 -17.8434
      vertex 3.60173 -3.03158 -17.8434
    endloop
  endfacet
  facet normal 0.59959 9.60148e-05 0.800307
    outer loop
      vertex 3.32491 -3.2202 -17.6361
      vertex 3.60173 -4 -17.8434
      vertex 3.37576 -3.19371 -17.6742
    endloop
  endfacet
  facet normal 0.599241 -9.7362e-05 0.800569
    outer loop
      vertex 2.97352 -3.40325 -17.3731
      vertex 3.60173 -4 -17.8434
      vertex 3.32491 -3.2202 -17.6361
    endloop
  endfacet
  facet normal 0.5993 0 0.800524
    outer loop
      vertex 3.60173 -4 -17.8434
      vertex 2.97352 -3.40325 -17.3731
      vertex 2.97352 -4 -17.3731
    endloop
  endfacet
  facet normal 0.707113 -0 0.7071
    outer loop
      vertex 3.60173 3.03158 -17.8434
      vertex 4.15662 4 -18.3983
      vertex 3.60173 4 -17.8434
    endloop
  endfacet
  facet normal 0.707004 0.00012517 0.70721
    outer loop
      vertex 3.77 2.91262 -18.0116
      vertex 4.15662 4 -18.3983
      vertex 3.60173 3.03158 -17.8434
    endloop
  endfacet
  facet normal 0.707125 3.89038e-05 0.707088
    outer loop
      vertex 4.1203 2.58042 -18.3619
      vertex 4.15662 4 -18.3983
      vertex 3.77 2.91262 -18.0116
    endloop
  endfacet
  facet normal 0.707884 0 0.706328
    outer loop
      vertex 4.15662 4 -18.3983
      vertex 4.1203 2.58042 -18.3619
      vertex 4.15662 2.53427 -18.3983
    endloop
  endfacet
  facet normal 0.707113 0 0.7071
    outer loop
      vertex 4.15662 -4 -18.3983
      vertex 3.60173 -3.03158 -17.8434
      vertex 3.60173 -4 -17.8434
    endloop
  endfacet
  facet normal 0.707004 -0.00012517 0.70721
    outer loop
      vertex 3.60173 -3.03158 -17.8434
      vertex 4.15662 -4 -18.3983
      vertex 3.77 -2.91262 -18.0116
    endloop
  endfacet
  facet normal 0.707125 -3.89038e-05 0.707088
    outer loop
      vertex 3.77 -2.91262 -18.0116
      vertex 4.15662 -4 -18.3983
      vertex 4.1203 -2.58042 -18.3619
    endloop
  endfacet
  facet normal 0.707884 0 0.706328
    outer loop
      vertex 4.1203 -2.58042 -18.3619
      vertex 4.15662 -4 -18.3983
      vertex 4.15662 -2.53427 -18.3983
    endloop
  endfacet
  facet normal -0.071362 0 0.99745
    outer loop
      vertex -0.782731 -3.70982 -16.556
      vertex 0 -4 -16.5
      vertex 0 -3.70917 -16.5
    endloop
  endfacet
  facet normal -0.071362 0 0.99745
    outer loop
      vertex 0 -4 -16.5
      vertex -0.782731 -3.70982 -16.556
      vertex -0.782731 -4 -16.556
    endloop
  endfacet
  facet normal -0.071362 0 0.99745
    outer loop
      vertex -0.782731 4 -16.556
      vertex 0 3.70917 -16.5
      vertex 0 4 -16.5
    endloop
  endfacet
  facet normal -0.071362 0 0.99745
    outer loop
      vertex 0 3.70917 -16.5
      vertex -0.782731 4 -16.556
      vertex -0.782731 3.70982 -16.556
    endloop
  endfacet
  facet normal 0.214875 0 0.976642
    outer loop
      vertex 1.54953 4 -16.7228
      vertex 1.53544 3.71173 -16.7197
      vertex 1.54953 3.71077 -16.7228
    endloop
  endfacet
  facet normal 0.212557 0.000118759 0.977149
    outer loop
      vertex 0.782731 4 -16.556
      vertex 1.53544 3.71173 -16.7197
      vertex 1.54953 4 -16.7228
    endloop
  endfacet
  facet normal 0.212513 0 0.977158
    outer loop
      vertex 1.53544 3.71173 -16.7197
      vertex 0.782731 4 -16.556
      vertex 0.782731 3.70982 -16.556
    endloop
  endfacet
  facet normal 0.214875 0 0.976642
    outer loop
      vertex 1.53544 -3.71173 -16.7197
      vertex 1.54953 -4 -16.7228
      vertex 1.54953 -3.71077 -16.7228
    endloop
  endfacet
  facet normal 0.212513 -0 0.977158
    outer loop
      vertex 0.782731 -4 -16.556
      vertex 1.53544 -3.71173 -16.7197
      vertex 0.782731 -3.70982 -16.556
    endloop
  endfacet
  facet normal 0.212557 -0.000118759 0.977149
    outer loop
      vertex 1.53544 -3.71173 -16.7197
      vertex 0.782731 -4 -16.556
      vertex 1.54953 -4 -16.7228
    endloop
  endfacet
  facet normal -0.997452 0 0.0713394
    outer loop
      vertex -5.5 -4 -22
      vertex -5.44402 4 -21.2173
      vertex -5.5 4 -22
    endloop
  endfacet
  facet normal -0.997452 0 0.0713394
    outer loop
      vertex -5.44402 4 -21.2173
      vertex -5.5 -4 -22
      vertex -5.44402 -4 -21.2173
    endloop
  endfacet
  facet normal -0.936959 0 0.349439
    outer loop
      vertex -5.27721 -4 -20.4505
      vertex -5.00298 4 -19.7152
      vertex -5.27721 4 -20.4505
    endloop
  endfacet
  facet normal -0.936959 0 0.349439
    outer loop
      vertex -5.00298 4 -19.7152
      vertex -5.27721 -4 -20.4505
      vertex -5.00298 -4 -19.7152
    endloop
  endfacet
  facet normal -0.212513 0 0.977158
    outer loop
      vertex -0.782731 4 -16.556
      vertex -1.53544 3.71173 -16.7197
      vertex -0.782731 3.70982 -16.556
    endloop
  endfacet
  facet normal -0.212557 0.000118759 0.977149
    outer loop
      vertex -1.54953 4 -16.7228
      vertex -1.53544 3.71173 -16.7197
      vertex -0.782731 4 -16.556
    endloop
  endfacet
  facet normal -0.214875 0 0.976642
    outer loop
      vertex -1.53544 3.71173 -16.7197
      vertex -1.54953 4 -16.7228
      vertex -1.54953 3.71077 -16.7228
    endloop
  endfacet
  facet normal -0.212513 0 0.977158
    outer loop
      vertex -1.53544 -3.71173 -16.7197
      vertex -0.782731 -4 -16.556
      vertex -0.782731 -3.70982 -16.556
    endloop
  endfacet
  facet normal -0.214875 0 0.976642
    outer loop
      vertex -1.54953 -4 -16.7228
      vertex -1.53544 -3.71173 -16.7197
      vertex -1.54953 -3.71077 -16.7228
    endloop
  endfacet
  facet normal -0.212557 -0.000118759 0.977149
    outer loop
      vertex -1.53544 -3.71173 -16.7197
      vertex -1.54953 -4 -16.7228
      vertex -0.782731 -4 -16.556
    endloop
  endfacet
  facet normal -0.599241 -9.7362e-05 0.800569
    outer loop
      vertex -3.60173 -4 -17.8434
      vertex -2.97352 -3.40325 -17.3731
      vertex -3.32491 -3.2202 -17.6361
    endloop
  endfacet
  facet normal -0.59959 9.60148e-05 0.800307
    outer loop
      vertex -3.60173 -4 -17.8434
      vertex -3.32491 -3.2202 -17.6361
      vertex -3.37576 -3.19371 -17.6742
    endloop
  endfacet
  facet normal -0.599371 0 0.800472
    outer loop
      vertex -3.60173 -4 -17.8434
      vertex -3.37576 -3.19371 -17.6742
      vertex -3.60173 -3.03158 -17.8434
    endloop
  endfacet
  facet normal -0.5993 0 0.800524
    outer loop
      vertex -2.97352 -3.40325 -17.3731
      vertex -3.60173 -4 -17.8434
      vertex -2.97352 -4 -17.3731
    endloop
  endfacet
  facet normal -0.5993 0 0.800524
    outer loop
      vertex -3.60173 4 -17.8434
      vertex -2.97352 3.40325 -17.3731
      vertex -2.97352 4 -17.3731
    endloop
  endfacet
  facet normal -0.599241 9.7362e-05 0.800569
    outer loop
      vertex -2.97352 3.40325 -17.3731
      vertex -3.60173 4 -17.8434
      vertex -3.32491 3.2202 -17.6361
    endloop
  endfacet
  facet normal -0.59959 -9.60148e-05 0.800307
    outer loop
      vertex -3.32491 3.2202 -17.6361
      vertex -3.60173 4 -17.8434
      vertex -3.37576 3.19371 -17.6742
    endloop
  endfacet
  facet normal -0.599371 0 0.800472
    outer loop
      vertex -3.37576 3.19371 -17.6742
      vertex -3.60173 4 -17.8434
      vertex -3.60173 3.03158 -17.8434
    endloop
  endfacet
  facet normal -0.707884 0 0.706328
    outer loop
      vertex -4.15662 -4 -18.3983
      vertex -4.1203 -2.58042 -18.3619
      vertex -4.15662 -2.53427 -18.3983
    endloop
  endfacet
  facet normal -0.707125 -3.89038e-05 0.707088
    outer loop
      vertex -4.15662 -4 -18.3983
      vertex -3.77 -2.91262 -18.0116
      vertex -4.1203 -2.58042 -18.3619
    endloop
  endfacet
  facet normal -0.707004 -0.00012517 0.70721
    outer loop
      vertex -4.15662 -4 -18.3983
      vertex -3.60173 -3.03158 -17.8434
      vertex -3.77 -2.91262 -18.0116
    endloop
  endfacet
  facet normal -0.707113 0 0.7071
    outer loop
      vertex -3.60173 -3.03158 -17.8434
      vertex -4.15662 -4 -18.3983
      vertex -3.60173 -4 -17.8434
    endloop
  endfacet
  facet normal -0.707113 0 0.7071
    outer loop
      vertex -4.15662 4 -18.3983
      vertex -3.60173 3.03158 -17.8434
      vertex -3.60173 4 -17.8434
    endloop
  endfacet
  facet normal -0.707004 0.00012517 0.70721
    outer loop
      vertex -4.15662 4 -18.3983
      vertex -3.77 2.91262 -18.0116
      vertex -3.60173 3.03158 -17.8434
    endloop
  endfacet
  facet normal -0.707125 3.89038e-05 0.707088
    outer loop
      vertex -4.15662 4 -18.3983
      vertex -4.1203 2.58042 -18.3619
      vertex -3.77 2.91262 -18.0116
    endloop
  endfacet
  facet normal -0.707884 0 0.706328
    outer loop
      vertex -4.1203 2.58042 -18.3619
      vertex -4.15662 4 -18.3983
      vertex -4.15662 2.53427 -18.3983
    endloop
  endfacet
  facet normal 0.0711348 0 -0.997467
    outer loop
      vertex 0.782731 -4 -27.444
      vertex 0.7 -1.875 -27.4499
      vertex 0.782731 4 -27.444
    endloop
  endfacet
  facet normal 0.0704021 -2.86684e-05 -0.997519
    outer loop
      vertex 0.782731 -4 -27.444
      vertex 0.692875 -1.97462 -27.4504
      vertex 0.7 -1.875 -27.4499
    endloop
  endfacet
  facet normal 0.0744536 0.000152005 -0.997224
    outer loop
      vertex 0.782731 -4 -27.444
      vertex 0.671644 -2.07221 -27.452
      vertex 0.692875 -1.97462 -27.4504
    endloop
  endfacet
  facet normal 0.0714974 -1.92415e-05 -0.997441
    outer loop
      vertex 0.782731 -4 -27.444
      vertex 0.636742 -2.16579 -27.4545
      vertex 0.671644 -2.07221 -27.452
    endloop
  endfacet
  facet normal 0.070967 -6.16771e-05 -0.997479
    outer loop
      vertex 0.782731 -4 -27.444
      vertex 0.588877 -2.25345 -27.4579
      vertex 0.636742 -2.16579 -27.4545
    endloop
  endfacet
  facet normal 0.0716402 1.3424e-05 -0.997431
    outer loop
      vertex 0.782731 -4 -27.444
      vertex 0.529024 -2.3334 -27.4622
      vertex 0.588877 -2.25345 -27.4579
    endloop
  endfacet
  facet normal 0.0707455 -0.000123462 -0.997494
    outer loop
      vertex 0.782731 -4 -27.444
      vertex 0.458402 -2.40402 -27.4672
      vertex 0.529024 -2.3334 -27.4622
    endloop
  endfacet
  facet normal 0.0711421 -4.24546e-05 -0.997466
    outer loop
      vertex 0.782731 -4 -27.444
      vertex 0.378448 -2.46388 -27.4729
      vertex 0.458402 -2.40402 -27.4672
    endloop
  endfacet
  facet normal 0.0716372 8.85155e-05 -0.997431
    outer loop
      vertex 0.782731 -4 -27.444
      vertex 0.29079 -2.51174 -27.4792
      vertex 0.378448 -2.46388 -27.4729
    endloop
  endfacet
  facet normal 0.0714103 1.31289e-05 -0.997447
    outer loop
      vertex 0.782731 -4 -27.444
      vertex 0.197212 -2.54664 -27.4859
      vertex 0.29079 -2.51174 -27.4792
    endloop
  endfacet
  facet normal 0.071362 -6.45762e-06 -0.99745
    outer loop
      vertex 0 -4 -27.5
      vertex 0.197212 -2.54664 -27.4859
      vertex 0.782731 -4 -27.444
    endloop
  endfacet
  facet normal 0.0715503 -3.21397e-05 -0.997437
    outer loop
      vertex 0.197212 -2.54664 -27.4859
      vertex 0 -4 -27.5
      vertex 0.0996199 -2.56787 -27.4929
    endloop
  endfacet
  facet normal 0.0710906 0 -0.99747
    outer loop
      vertex 0.0996199 -2.56787 -27.4929
      vertex 0 -4 -27.5
      vertex 0 -2.575 -27.5
    endloop
  endfacet
  facet normal 0.0701894 1.33798e-05 -0.997534
    outer loop
      vertex 0.692875 -1.77538 -27.4504
      vertex 0.782731 4 -27.444
      vertex 0.7 -1.875 -27.4499
    endloop
  endfacet
  facet normal 0.0748747 -5.98925e-05 -0.997193
    outer loop
      vertex 0.671644 -1.67779 -27.452
      vertex 0.782731 4 -27.444
      vertex 0.692875 -1.77538 -27.4504
    endloop
  endfacet
  facet normal 0.0714652 7.16655e-06 -0.997443
    outer loop
      vertex 0.636742 -1.58421 -27.4545
      vertex 0.782731 4 -27.444
      vertex 0.671644 -1.67779 -27.452
    endloop
  endfacet
  facet normal 0.0708949 2.21513e-05 -0.997484
    outer loop
      vertex 0.588877 -1.49655 -27.4579
      vertex 0.782731 4 -27.444
      vertex 0.636742 -1.58421 -27.4545
    endloop
  endfacet
  facet normal 0.0716518 -4.67757e-06 -0.99743
    outer loop
      vertex 0.529024 -1.4166 -27.4622
      vertex 0.782731 4 -27.444
      vertex 0.588877 -1.49655 -27.4579
    endloop
  endfacet
  facet normal 0.0706643 4.18115e-05 -0.9975
    outer loop
      vertex 0.458402 -1.34597 -27.4672
      vertex 0.782731 4 -27.444
      vertex 0.529024 -1.4166 -27.4622
    endloop
  endfacet
  facet normal 0.0711209 1.39683e-05 -0.997468
    outer loop
      vertex 0.378448 -1.28612 -27.4729
      vertex 0.782731 4 -27.444
      vertex 0.458402 -1.34597 -27.4672
    endloop
  endfacet
  facet normal 0.07167 -2.82391e-05 -0.997428
    outer loop
      vertex 0.29079 -1.23826 -27.4792
      vertex 0.782731 4 -27.444
      vertex 0.378448 -1.28612 -27.4729
    endloop
  endfacet
  facet normal 0.0714137 -4.0481e-06 -0.997447
    outer loop
      vertex 0.197212 -1.20335 -27.4859
      vertex 0.782731 4 -27.444
      vertex 0.29079 -1.23826 -27.4792
    endloop
  endfacet
  facet normal 0.0715394 -1.82602e-05 -0.997438
    outer loop
      vertex 0.0996199 -1.18212 -27.4929
      vertex 0.782731 4 -27.444
      vertex 0.197212 -1.20335 -27.4859
    endloop
  endfacet
  facet normal 0.0710906 0 -0.99747
    outer loop
      vertex 0 4 -27.5
      vertex 0.0996199 -1.18212 -27.4929
      vertex 0 -1.175 -27.5
    endloop
  endfacet
  facet normal 0.071362 5.2438e-06 -0.99745
    outer loop
      vertex 0.0996199 -1.18212 -27.4929
      vertex 0 4 -27.5
      vertex 0.782731 4 -27.444
    endloop
  endfacet
  facet normal 0.936959 0 -0.349439
    outer loop
      vertex 5.27721 -4 -23.5495
      vertex 5.00298 4 -24.2848
      vertex 5.27721 4 -23.5495
    endloop
  endfacet
  facet normal 0.936959 0 -0.349439
    outer loop
      vertex 5.00298 4 -24.2848
      vertex 5.27721 -4 -23.5495
      vertex 5.00298 -4 -24.2848
    endloop
  endfacet
  facet normal 0.977146 0 -0.212569
    outer loop
      vertex 5.44402 -4 -22.7827
      vertex 5.27721 4 -23.5495
      vertex 5.44402 4 -22.7827
    endloop
  endfacet
  facet normal 0.977146 0 -0.212569
    outer loop
      vertex 5.27721 4 -23.5495
      vertex 5.44402 -4 -22.7827
      vertex 5.27721 -4 -23.5495
    endloop
  endfacet
  facet normal 0.800538 0 -0.599282
    outer loop
      vertex 4.62689 -4 -24.9735
      vertex 4.15662 4 -25.6017
      vertex 4.62689 4 -24.9735
    endloop
  endfacet
  facet normal 0.800538 0 -0.599282
    outer loop
      vertex 4.15662 4 -25.6017
      vertex 4.62689 -4 -24.9735
      vertex 4.15662 -4 -25.6017
    endloop
  endfacet
  facet normal 0.212557 0 -0.977149
    outer loop
      vertex 0.782731 -4 -27.444
      vertex 1.54953 4 -27.2772
      vertex 1.54953 -4 -27.2772
    endloop
  endfacet
  facet normal 0.212557 0 -0.977149
    outer loop
      vertex 1.54953 4 -27.2772
      vertex 0.782731 -4 -27.444
      vertex 0.782731 4 -27.444
    endloop
  endfacet
  facet normal 0.479268 0 -0.877669
    outer loop
      vertex 2.28478 -4 -27.003
      vertex 2.97352 4 -26.6269
      vertex 2.97352 -4 -26.6269
    endloop
  endfacet
  facet normal 0.479268 0 -0.877669
    outer loop
      vertex 2.97352 4 -26.6269
      vertex 2.28478 -4 -27.003
      vertex 2.28478 4 -27.003
    endloop
  endfacet
  facet normal 0.5993 0 -0.800524
    outer loop
      vertex 2.97352 -4 -26.6269
      vertex 3.60173 4 -26.1566
      vertex 3.60173 -4 -26.1566
    endloop
  endfacet
  facet normal 0.5993 0 -0.800524
    outer loop
      vertex 3.60173 4 -26.1566
      vertex 2.97352 -4 -26.6269
      vertex 2.97352 4 -26.6269
    endloop
  endfacet
  facet normal -0.349426 0 -0.936964
    outer loop
      vertex -2.28478 -4 -27.003
      vertex -1.54953 4 -27.2772
      vertex -1.54953 -4 -27.2772
    endloop
  endfacet
  facet normal -0.349426 0 -0.936964
    outer loop
      vertex -1.54953 4 -27.2772
      vertex -2.28478 -4 -27.003
      vertex -2.28478 4 -27.003
    endloop
  endfacet
  facet normal -0.212557 0 -0.977149
    outer loop
      vertex -1.54953 -4 -27.2772
      vertex -0.782731 4 -27.444
      vertex -0.782731 -4 -27.444
    endloop
  endfacet
  facet normal -0.212557 0 -0.977149
    outer loop
      vertex -0.782731 4 -27.444
      vertex -1.54953 -4 -27.2772
      vertex -1.54953 4 -27.2772
    endloop
  endfacet
  facet normal -0.936959 0 -0.349439
    outer loop
      vertex -5.00298 -4 -24.2848
      vertex -5.27721 4 -23.5495
      vertex -5.00298 4 -24.2848
    endloop
  endfacet
  facet normal -0.936959 -0 -0.349439
    outer loop
      vertex -5.27721 4 -23.5495
      vertex -5.00298 -4 -24.2848
      vertex -5.27721 -4 -23.5495
    endloop
  endfacet
  facet normal 0 1 0
    outer loop
      vertex 0 4 -20.9
      vertex 0 4 -16.5
      vertex 0.782731 4 -16.556
    endloop
  endfacet
  facet normal 0 1 0
    outer loop
      vertex 0.156546 4 -20.9112
      vertex 0.782731 4 -16.556
      vertex 1.54953 4 -16.7228
    endloop
  endfacet
  facet normal 0 1 0
    outer loop
      vertex 0 4 -16.5
      vertex 0 4 -20.9
      vertex -0.782731 4 -16.556
    endloop
  endfacet
  facet normal 0 1 0
    outer loop
      vertex 0.309905 4 -20.9446
      vertex 1.54953 4 -16.7228
      vertex 2.28478 4 -16.997
    endloop
  endfacet
  facet normal 0 1 -0
    outer loop
      vertex -0.156546 4 -20.9112
      vertex -0.782731 4 -16.556
      vertex 0 4 -20.9
    endloop
  endfacet
  facet normal 0 1 0
    outer loop
      vertex 0.456956 4 -20.9994
      vertex 2.28478 4 -16.997
      vertex 2.97352 4 -17.3731
    endloop
  endfacet
  facet normal 0 1 0
    outer loop
      vertex -0.782731 4 -16.556
      vertex -0.156546 4 -20.9112
      vertex -1.54953 4 -16.7228
    endloop
  endfacet
  facet normal 0 1 0
    outer loop
      vertex 0.594705 4 -21.0746
      vertex 2.97352 4 -17.3731
      vertex 3.60173 4 -17.8434
    endloop
  endfacet
  facet normal 0 1 -0
    outer loop
      vertex -0.309905 4 -20.9446
      vertex -1.54953 4 -16.7228
      vertex -0.156546 4 -20.9112
    endloop
  endfacet
  facet normal 0 1 0
    outer loop
      vertex 0.720346 4 -21.1687
      vertex 3.60173 4 -17.8434
      vertex 4.15662 4 -18.3983
    endloop
  endfacet
  facet normal 0 1 0
    outer loop
      vertex -1.54953 4 -16.7228
      vertex -0.309905 4 -20.9446
      vertex -2.28478 4 -16.997
    endloop
  endfacet
  facet normal 0 1 0
    outer loop
      vertex 0.831324 4 -21.2797
      vertex 4.15662 4 -18.3983
      vertex 4.62689 4 -19.0265
    endloop
  endfacet
  facet normal 0 1 -0
    outer loop
      vertex -0.456956 4 -20.9994
      vertex -2.28478 4 -16.997
      vertex -0.309905 4 -20.9446
    endloop
  endfacet
  facet normal 0 1 0
    outer loop
      vertex 0.925379 4 -21.4053
      vertex 4.62689 4 -19.0265
      vertex 5.00298 4 -19.7152
    endloop
  endfacet
  facet normal 0 1 0
    outer loop
      vertex -2.28478 4 -16.997
      vertex -0.456956 4 -20.9994
      vertex -2.97352 4 -17.3731
    endloop
  endfacet
  facet normal 0 1 0
    outer loop
      vertex 1.0006 4 -21.543
      vertex 5.00298 4 -19.7152
      vertex 5.27721 4 -20.4505
    endloop
  endfacet
  facet normal 0 1 -0
    outer loop
      vertex -0.594705 4 -21.0746
      vertex -2.97352 4 -17.3731
      vertex -0.456956 4 -20.9994
    endloop
  endfacet
  facet normal 0 1 0
    outer loop
      vertex -2.97352 4 -17.3731
      vertex -0.594705 4 -21.0746
      vertex -3.60173 4 -17.8434
    endloop
  endfacet
  facet normal 0 1 0
    outer loop
      vertex 0.782731 4 -16.556
      vertex 0.156546 4 -20.9112
      vertex 0 4 -20.9
    endloop
  endfacet
  facet normal 0 1 0
    outer loop
      vertex 1.54953 4 -16.7228
      vertex 0.309905 4 -20.9446
      vertex 0.156546 4 -20.9112
    endloop
  endfacet
  facet normal 0 1 0
    outer loop
      vertex 2.28478 4 -16.997
      vertex 0.456956 4 -20.9994
      vertex 0.309905 4 -20.9446
    endloop
  endfacet
  facet normal 0 1 0
    outer loop
      vertex 2.97352 4 -17.3731
      vertex 0.594705 4 -21.0746
      vertex 0.456956 4 -20.9994
    endloop
  endfacet
  facet normal 0 1 0
    outer loop
      vertex 3.60173 4 -17.8434
      vertex 0.720346 4 -21.1687
      vertex 0.594705 4 -21.0746
    endloop
  endfacet
  facet normal 0 1 0
    outer loop
      vertex 1.05544 4 -21.6901
      vertex 5.27721 4 -20.4505
      vertex 5.44402 4 -21.2173
    endloop
  endfacet
  facet normal 0 1 0
    outer loop
      vertex 4.15662 4 -18.3983
      vertex 0.831324 4 -21.2797
      vertex 0.720346 4 -21.1687
    endloop
  endfacet
  facet normal 0 1 0
    outer loop
      vertex 4.62689 4 -19.0265
      vertex 0.925379 4 -21.4053
      vertex 0.831324 4 -21.2797
    endloop
  endfacet
  facet normal 0 1 0
    outer loop
      vertex 5.00298 4 -19.7152
      vertex 1.0006 4 -21.543
      vertex 0.925379 4 -21.4053
    endloop
  endfacet
  facet normal 0 1 0
    outer loop
      vertex 5.27721 4 -20.4505
      vertex 1.05544 4 -21.6901
      vertex 1.0006 4 -21.543
    endloop
  endfacet
  facet normal 0 1 0
    outer loop
      vertex 5.44402 4 -21.2173
      vertex 1.0888 4 -21.8435
      vertex 1.05544 4 -21.6901
    endloop
  endfacet
  facet normal 0 1 0
    outer loop
      vertex 5.5 4 -22
      vertex 1.0888 4 -21.8435
      vertex 5.44402 4 -21.2173
    endloop
  endfacet
  facet normal 0 1 0
    outer loop
      vertex 5.5 4 -22
      vertex 1.1 4 -22
      vertex 1.0888 4 -21.8435
    endloop
  endfacet
  facet normal 0 1 0
    outer loop
      vertex 5.5 4 -22
      vertex 1.0888 4 -22.1565
      vertex 1.1 4 -22
    endloop
  endfacet
  facet normal 0 1 -0
    outer loop
      vertex 5.44402 4 -22.7827
      vertex 1.0888 4 -22.1565
      vertex 5.5 4 -22
    endloop
  endfacet
  facet normal 0 1 0
    outer loop
      vertex 1.0888 4 -22.1565
      vertex 5.44402 4 -22.7827
      vertex 1.05544 4 -22.3099
    endloop
  endfacet
  facet normal 0 1 -0
    outer loop
      vertex 5.27721 4 -23.5495
      vertex 1.05544 4 -22.3099
      vertex 5.44402 4 -22.7827
    endloop
  endfacet
  facet normal 0 1 0
    outer loop
      vertex 1.05544 4 -22.3099
      vertex 5.27721 4 -23.5495
      vertex 1.0006 4 -22.457
    endloop
  endfacet
  facet normal 0 1 -0
    outer loop
      vertex 5.00298 4 -24.2848
      vertex 1.0006 4 -22.457
      vertex 5.27721 4 -23.5495
    endloop
  endfacet
  facet normal 0 1 0
    outer loop
      vertex 1.0006 4 -22.457
      vertex 5.00298 4 -24.2848
      vertex 0.925379 4 -22.5947
    endloop
  endfacet
  facet normal 0 1 -0
    outer loop
      vertex 4.62689 4 -24.9735
      vertex 0.925379 4 -22.5947
      vertex 5.00298 4 -24.2848
    endloop
  endfacet
  facet normal 0 1 0
    outer loop
      vertex 0.925379 4 -22.5947
      vertex 4.62689 4 -24.9735
      vertex 0.831324 4 -22.7203
    endloop
  endfacet
  facet normal 0 1 -0
    outer loop
      vertex 4.15662 4 -25.6017
      vertex 0.831324 4 -22.7203
      vertex 4.62689 4 -24.9735
    endloop
  endfacet
  facet normal 0 1 0
    outer loop
      vertex 0.831324 4 -22.7203
      vertex 4.15662 4 -25.6017
      vertex 0.720346 4 -22.8313
    endloop
  endfacet
  facet normal 0 1 -0
    outer loop
      vertex 3.60173 4 -26.1566
      vertex 0.720346 4 -22.8313
      vertex 4.15662 4 -25.6017
    endloop
  endfacet
  facet normal 0 1 0
    outer loop
      vertex 0.720346 4 -22.8313
      vertex 3.60173 4 -26.1566
      vertex 0.594705 4 -22.9254
    endloop
  endfacet
  facet normal 0 1 -0
    outer loop
      vertex -0.720346 4 -21.1687
      vertex -3.60173 4 -17.8434
      vertex -0.594705 4 -21.0746
    endloop
  endfacet
  facet normal 0 1 0
    outer loop
      vertex -3.60173 4 -17.8434
      vertex -0.720346 4 -21.1687
      vertex -4.15662 4 -18.3983
    endloop
  endfacet
  facet normal 0 1 -0
    outer loop
      vertex -0.831324 4 -21.2797
      vertex -4.15662 4 -18.3983
      vertex -0.720346 4 -21.1687
    endloop
  endfacet
  facet normal 0 1 0
    outer loop
      vertex -4.15662 4 -18.3983
      vertex -0.831324 4 -21.2797
      vertex -4.62689 4 -19.0265
    endloop
  endfacet
  facet normal 0 1 -0
    outer loop
      vertex -0.925379 4 -21.4053
      vertex -4.62689 4 -19.0265
      vertex -0.831324 4 -21.2797
    endloop
  endfacet
  facet normal 0 1 0
    outer loop
      vertex -4.62689 4 -19.0265
      vertex -0.925379 4 -21.4053
      vertex -5.00298 4 -19.7152
    endloop
  endfacet
  facet normal 0 1 -0
    outer loop
      vertex -1.0006 4 -21.543
      vertex -5.00298 4 -19.7152
      vertex -0.925379 4 -21.4053
    endloop
  endfacet
  facet normal 0 1 0
    outer loop
      vertex -5.00298 4 -19.7152
      vertex -1.0006 4 -21.543
      vertex -5.27721 4 -20.4505
    endloop
  endfacet
  facet normal 0 1 -0
    outer loop
      vertex -1.05544 4 -21.6901
      vertex -5.27721 4 -20.4505
      vertex -1.0006 4 -21.543
    endloop
  endfacet
  facet normal 0 1 0
    outer loop
      vertex -5.27721 4 -20.4505
      vertex -1.05544 4 -21.6901
      vertex -5.44402 4 -21.2173
    endloop
  endfacet
  facet normal 0 1 -0
    outer loop
      vertex -1.0888 4 -21.8435
      vertex -5.44402 4 -21.2173
      vertex -1.05544 4 -21.6901
    endloop
  endfacet
  facet normal 0 1 -0
    outer loop
      vertex -1.1 4 -22
      vertex -5.44402 4 -21.2173
      vertex -1.0888 4 -21.8435
    endloop
  endfacet
  facet normal 0 1 0
    outer loop
      vertex -1.1 4 -22
      vertex -5.5 4 -22
      vertex -5.44402 4 -21.2173
    endloop
  endfacet
  facet normal 0 1 0
    outer loop
      vertex -1.0888 4 -22.1565
      vertex -5.5 4 -22
      vertex -1.1 4 -22
    endloop
  endfacet
  facet normal 0 1 0
    outer loop
      vertex -5.44402 4 -22.7827
      vertex -1.0888 4 -22.1565
      vertex -1.05544 4 -22.3099
    endloop
  endfacet
  facet normal 0 1 0
    outer loop
      vertex -5.27721 4 -23.5495
      vertex -1.05544 4 -22.3099
      vertex -1.0006 4 -22.457
    endloop
  endfacet
  facet normal 0 1 0
    outer loop
      vertex -5.00298 4 -24.2848
      vertex -1.0006 4 -22.457
      vertex -0.925379 4 -22.5947
    endloop
  endfacet
  facet normal 0 1 0
    outer loop
      vertex -4.62689 4 -24.9735
      vertex -0.925379 4 -22.5947
      vertex -0.831324 4 -22.7203
    endloop
  endfacet
  facet normal 0 1 0
    outer loop
      vertex -1.0888 4 -22.1565
      vertex -5.44402 4 -22.7827
      vertex -5.5 4 -22
    endloop
  endfacet
  facet normal 0 1 0
    outer loop
      vertex -4.15662 4 -25.6017
      vertex -0.831324 4 -22.7203
      vertex -0.720346 4 -22.8313
    endloop
  endfacet
  facet normal 0 1 0
    outer loop
      vertex -3.60173 4 -26.1566
      vertex -0.720346 4 -22.8313
      vertex -0.594705 4 -22.9254
    endloop
  endfacet
  facet normal 0 1 0
    outer loop
      vertex -2.97352 4 -26.6269
      vertex -0.594705 4 -22.9254
      vertex -0.456956 4 -23.0006
    endloop
  endfacet
  facet normal 0 1 0
    outer loop
      vertex -2.28478 4 -27.003
      vertex -0.456956 4 -23.0006
      vertex -0.309905 4 -23.0554
    endloop
  endfacet
  facet normal 0 1 0
    outer loop
      vertex -1.54953 4 -27.2772
      vertex -0.309905 4 -23.0554
      vertex -0.156546 4 -23.0888
    endloop
  endfacet
  facet normal 0 1 0
    outer loop
      vertex -0.782731 4 -27.444
      vertex -0.156546 4 -23.0888
      vertex 0 4 -23.1
    endloop
  endfacet
  facet normal 0 1 -0
    outer loop
      vertex 2.97352 4 -26.6269
      vertex 0.594705 4 -22.9254
      vertex 3.60173 4 -26.1566
    endloop
  endfacet
  facet normal 0 1 0
    outer loop
      vertex -1.05544 4 -22.3099
      vertex -5.27721 4 -23.5495
      vertex -5.44402 4 -22.7827
    endloop
  endfacet
  facet normal 0 1 0
    outer loop
      vertex 0.594705 4 -22.9254
      vertex 2.97352 4 -26.6269
      vertex 0.456956 4 -23.0006
    endloop
  endfacet
  facet normal 0 1 0
    outer loop
      vertex -1.0006 4 -22.457
      vertex -5.00298 4 -24.2848
      vertex -5.27721 4 -23.5495
    endloop
  endfacet
  facet normal 0 1 -0
    outer loop
      vertex 2.28478 4 -27.003
      vertex 0.456956 4 -23.0006
      vertex 2.97352 4 -26.6269
    endloop
  endfacet
  facet normal 0 1 0
    outer loop
      vertex -0.925379 4 -22.5947
      vertex -4.62689 4 -24.9735
      vertex -5.00298 4 -24.2848
    endloop
  endfacet
  facet normal 0 1 0
    outer loop
      vertex 0.456956 4 -23.0006
      vertex 2.28478 4 -27.003
      vertex 0.309905 4 -23.0554
    endloop
  endfacet
  facet normal 0 1 0
    outer loop
      vertex -0.831324 4 -22.7203
      vertex -4.15662 4 -25.6017
      vertex -4.62689 4 -24.9735
    endloop
  endfacet
  facet normal 0 1 -0
    outer loop
      vertex 1.54953 4 -27.2772
      vertex 0.309905 4 -23.0554
      vertex 2.28478 4 -27.003
    endloop
  endfacet
  facet normal 0 1 0
    outer loop
      vertex -0.720346 4 -22.8313
      vertex -3.60173 4 -26.1566
      vertex -4.15662 4 -25.6017
    endloop
  endfacet
  facet normal 0 1 0
    outer loop
      vertex 0.309905 4 -23.0554
      vertex 1.54953 4 -27.2772
      vertex 0.156546 4 -23.0888
    endloop
  endfacet
  facet normal 0 1 0
    outer loop
      vertex -0.594705 4 -22.9254
      vertex -2.97352 4 -26.6269
      vertex -3.60173 4 -26.1566
    endloop
  endfacet
  facet normal 0 1 -0
    outer loop
      vertex 0.782731 4 -27.444
      vertex 0.156546 4 -23.0888
      vertex 1.54953 4 -27.2772
    endloop
  endfacet
  facet normal 0 1 0
    outer loop
      vertex -0.456956 4 -23.0006
      vertex -2.28478 4 -27.003
      vertex -2.97352 4 -26.6269
    endloop
  endfacet
  facet normal 0 1 0
    outer loop
      vertex 0.156546 4 -23.0888
      vertex 0.782731 4 -27.444
      vertex 0 4 -23.1
    endloop
  endfacet
  facet normal 0 1 0
    outer loop
      vertex -0.309905 4 -23.0554
      vertex -1.54953 4 -27.2772
      vertex -2.28478 4 -27.003
    endloop
  endfacet
  facet normal 0 1 0
    outer loop
      vertex 0 4 -27.5
      vertex 0 4 -23.1
      vertex 0.782731 4 -27.444
    endloop
  endfacet
  facet normal 0 1 0
    outer loop
      vertex -0.156546 4 -23.0888
      vertex -0.782731 4 -27.444
      vertex -1.54953 4 -27.2772
    endloop
  endfacet
  facet normal 0 1 0
    outer loop
      vertex 0 4 -23.1
      vertex 0 4 -27.5
      vertex -0.782731 4 -27.444
    endloop
  endfacet
  facet normal -0.800538 0 -0.599282
    outer loop
      vertex -4.15662 -4 -25.6017
      vertex -4.62689 4 -24.9735
      vertex -4.15662 4 -25.6017
    endloop
  endfacet
  facet normal -0.800538 -0 -0.599282
    outer loop
      vertex -4.62689 4 -24.9735
      vertex -4.15662 -4 -25.6017
      vertex -4.62689 -4 -24.9735
    endloop
  endfacet
  facet normal 0.071362 0 0.99745
    outer loop
      vertex 0 4 -16.5
      vertex 0.782731 3.70982 -16.556
      vertex 0.782731 4 -16.556
    endloop
  endfacet
  facet normal 0.071362 0 0.99745
    outer loop
      vertex 0.782731 3.70982 -16.556
      vertex 0 4 -16.5
      vertex 0 3.70917 -16.5
    endloop
  endfacet
  facet normal 0.071362 0 0.99745
    outer loop
      vertex 0 -3.70917 -16.5
      vertex 0.782731 -4 -16.556
      vertex 0.782731 -3.70982 -16.556
    endloop
  endfacet
  facet normal 0.071362 0 0.99745
    outer loop
      vertex 0.782731 -4 -16.556
      vertex 0 -3.70917 -16.5
      vertex 0 -4 -16.5
    endloop
  endfacet
  facet normal 0 -1 0
    outer loop
      vertex 0 -4 -20.9
      vertex 0 -4 -16.5
      vertex -0.782731 -4 -16.556
    endloop
  endfacet
  facet normal 0 -1 0
    outer loop
      vertex -0.156546 -4 -20.9112
      vertex -0.782731 -4 -16.556
      vertex -1.54953 -4 -16.7228
    endloop
  endfacet
  facet normal 0 -1 0
    outer loop
      vertex 0 -4 -16.5
      vertex 0 -4 -20.9
      vertex 0.782731 -4 -16.556
    endloop
  endfacet
  facet normal 0 -1 0
    outer loop
      vertex -0.309905 -4 -20.9446
      vertex -1.54953 -4 -16.7228
      vertex -2.28478 -4 -16.997
    endloop
  endfacet
  facet normal 0 -1 0
    outer loop
      vertex 0.156546 -4 -20.9112
      vertex 0.782731 -4 -16.556
      vertex 0 -4 -20.9
    endloop
  endfacet
  facet normal 0 -1 0
    outer loop
      vertex -0.456956 -4 -20.9994
      vertex -2.28478 -4 -16.997
      vertex -2.97352 -4 -17.3731
    endloop
  endfacet
  facet normal 0 -1 -0
    outer loop
      vertex 0.782731 -4 -16.556
      vertex 0.156546 -4 -20.9112
      vertex 1.54953 -4 -16.7228
    endloop
  endfacet
  facet normal 0 -1 0
    outer loop
      vertex -0.594705 -4 -21.0746
      vertex -2.97352 -4 -17.3731
      vertex -3.60173 -4 -17.8434
    endloop
  endfacet
  facet normal 0 -1 0
    outer loop
      vertex 0.309905 -4 -20.9446
      vertex 1.54953 -4 -16.7228
      vertex 0.156546 -4 -20.9112
    endloop
  endfacet
  facet normal 0 -1 0
    outer loop
      vertex -0.720346 -4 -21.1687
      vertex -3.60173 -4 -17.8434
      vertex -4.15662 -4 -18.3983
    endloop
  endfacet
  facet normal 0 -1 -0
    outer loop
      vertex 1.54953 -4 -16.7228
      vertex 0.309905 -4 -20.9446
      vertex 2.28478 -4 -16.997
    endloop
  endfacet
  facet normal 0 -1 0
    outer loop
      vertex -0.831324 -4 -21.2797
      vertex -4.15662 -4 -18.3983
      vertex -4.62689 -4 -19.0265
    endloop
  endfacet
  facet normal 0 -1 0
    outer loop
      vertex 0.456956 -4 -20.9994
      vertex 2.28478 -4 -16.997
      vertex 0.309905 -4 -20.9446
    endloop
  endfacet
  facet normal 0 -1 0
    outer loop
      vertex -0.925379 -4 -21.4053
      vertex -4.62689 -4 -19.0265
      vertex -5.00298 -4 -19.7152
    endloop
  endfacet
  facet normal 0 -1 -0
    outer loop
      vertex 2.28478 -4 -16.997
      vertex 0.456956 -4 -20.9994
      vertex 2.97352 -4 -17.3731
    endloop
  endfacet
  facet normal 0 -1 0
    outer loop
      vertex -1.0006 -4 -21.543
      vertex -5.00298 -4 -19.7152
      vertex -5.27721 -4 -20.4505
    endloop
  endfacet
  facet normal 0 -1 0
    outer loop
      vertex 0.594705 -4 -21.0746
      vertex 2.97352 -4 -17.3731
      vertex 0.456956 -4 -20.9994
    endloop
  endfacet
  facet normal 0 -1 -0
    outer loop
      vertex 2.97352 -4 -17.3731
      vertex 0.594705 -4 -21.0746
      vertex 3.60173 -4 -17.8434
    endloop
  endfacet
  facet normal 0 -1 0
    outer loop
      vertex -0.782731 -4 -16.556
      vertex -0.156546 -4 -20.9112
      vertex 0 -4 -20.9
    endloop
  endfacet
  facet normal 0 -1 0
    outer loop
      vertex -1.54953 -4 -16.7228
      vertex -0.309905 -4 -20.9446
      vertex -0.156546 -4 -20.9112
    endloop
  endfacet
  facet normal 0 -1 0
    outer loop
      vertex -2.28478 -4 -16.997
      vertex -0.456956 -4 -20.9994
      vertex -0.309905 -4 -20.9446
    endloop
  endfacet
  facet normal 0 -1 0
    outer loop
      vertex -2.97352 -4 -17.3731
      vertex -0.594705 -4 -21.0746
      vertex -0.456956 -4 -20.9994
    endloop
  endfacet
  facet normal 0 -1 0
    outer loop
      vertex -3.60173 -4 -17.8434
      vertex -0.720346 -4 -21.1687
      vertex -0.594705 -4 -21.0746
    endloop
  endfacet
  facet normal 0 -1 0
    outer loop
      vertex -1.05544 -4 -21.6901
      vertex -5.27721 -4 -20.4505
      vertex -5.44402 -4 -21.2173
    endloop
  endfacet
  facet normal 0 -1 0
    outer loop
      vertex -4.15662 -4 -18.3983
      vertex -0.831324 -4 -21.2797
      vertex -0.720346 -4 -21.1687
    endloop
  endfacet
  facet normal 0 -1 0
    outer loop
      vertex -4.62689 -4 -19.0265
      vertex -0.925379 -4 -21.4053
      vertex -0.831324 -4 -21.2797
    endloop
  endfacet
  facet normal 0 -1 0
    outer loop
      vertex -5.00298 -4 -19.7152
      vertex -1.0006 -4 -21.543
      vertex -0.925379 -4 -21.4053
    endloop
  endfacet
  facet normal 0 -1 0
    outer loop
      vertex -5.27721 -4 -20.4505
      vertex -1.05544 -4 -21.6901
      vertex -1.0006 -4 -21.543
    endloop
  endfacet
  facet normal 0 -1 0
    outer loop
      vertex -5.44402 -4 -21.2173
      vertex -1.0888 -4 -21.8435
      vertex -1.05544 -4 -21.6901
    endloop
  endfacet
  facet normal 0 -1 0
    outer loop
      vertex -5.5 -4 -22
      vertex -1.0888 -4 -21.8435
      vertex -5.44402 -4 -21.2173
    endloop
  endfacet
  facet normal 0 -1 0
    outer loop
      vertex -5.5 -4 -22
      vertex -1.1 -4 -22
      vertex -1.0888 -4 -21.8435
    endloop
  endfacet
  facet normal 0 -1 0
    outer loop
      vertex -5.5 -4 -22
      vertex -1.0888 -4 -22.1565
      vertex -1.1 -4 -22
    endloop
  endfacet
  facet normal 0 -1 0
    outer loop
      vertex -5.44402 -4 -22.7827
      vertex -1.0888 -4 -22.1565
      vertex -5.5 -4 -22
    endloop
  endfacet
  facet normal 0 -1 -0
    outer loop
      vertex -1.0888 -4 -22.1565
      vertex -5.44402 -4 -22.7827
      vertex -1.05544 -4 -22.3099
    endloop
  endfacet
  facet normal 0 -1 0
    outer loop
      vertex -5.27721 -4 -23.5495
      vertex -1.05544 -4 -22.3099
      vertex -5.44402 -4 -22.7827
    endloop
  endfacet
  facet normal 0 -1 -0
    outer loop
      vertex -1.05544 -4 -22.3099
      vertex -5.27721 -4 -23.5495
      vertex -1.0006 -4 -22.457
    endloop
  endfacet
  facet normal 0 -1 0
    outer loop
      vertex -5.00298 -4 -24.2848
      vertex -1.0006 -4 -22.457
      vertex -5.27721 -4 -23.5495
    endloop
  endfacet
  facet normal 0 -1 -0
    outer loop
      vertex -1.0006 -4 -22.457
      vertex -5.00298 -4 -24.2848
      vertex -0.925379 -4 -22.5947
    endloop
  endfacet
  facet normal 0 -1 0
    outer loop
      vertex -4.62689 -4 -24.9735
      vertex -0.925379 -4 -22.5947
      vertex -5.00298 -4 -24.2848
    endloop
  endfacet
  facet normal 0 -1 -0
    outer loop
      vertex -0.925379 -4 -22.5947
      vertex -4.62689 -4 -24.9735
      vertex -0.831324 -4 -22.7203
    endloop
  endfacet
  facet normal 0 -1 0
    outer loop
      vertex -4.15662 -4 -25.6017
      vertex -0.831324 -4 -22.7203
      vertex -4.62689 -4 -24.9735
    endloop
  endfacet
  facet normal 0 -1 -0
    outer loop
      vertex -0.831324 -4 -22.7203
      vertex -4.15662 -4 -25.6017
      vertex -0.720346 -4 -22.8313
    endloop
  endfacet
  facet normal 0 -1 0
    outer loop
      vertex -3.60173 -4 -26.1566
      vertex -0.720346 -4 -22.8313
      vertex -4.15662 -4 -25.6017
    endloop
  endfacet
  facet normal 0 -1 -0
    outer loop
      vertex -0.720346 -4 -22.8313
      vertex -3.60173 -4 -26.1566
      vertex -0.594705 -4 -22.9254
    endloop
  endfacet
  facet normal 0 -1 0
    outer loop
      vertex 0.720346 -4 -21.1687
      vertex 3.60173 -4 -17.8434
      vertex 0.594705 -4 -21.0746
    endloop
  endfacet
  facet normal 0 -1 -0
    outer loop
      vertex 3.60173 -4 -17.8434
      vertex 0.720346 -4 -21.1687
      vertex 4.15662 -4 -18.3983
    endloop
  endfacet
  facet normal 0 -1 0
    outer loop
      vertex 0.831324 -4 -21.2797
      vertex 4.15662 -4 -18.3983
      vertex 0.720346 -4 -21.1687
    endloop
  endfacet
  facet normal 0 -1 -0
    outer loop
      vertex 4.15662 -4 -18.3983
      vertex 0.831324 -4 -21.2797
      vertex 4.62689 -4 -19.0265
    endloop
  endfacet
  facet normal 0 -1 0
    outer loop
      vertex 0.925379 -4 -21.4053
      vertex 4.62689 -4 -19.0265
      vertex 0.831324 -4 -21.2797
    endloop
  endfacet
  facet normal 0 -1 -0
    outer loop
      vertex 4.62689 -4 -19.0265
      vertex 0.925379 -4 -21.4053
      vertex 5.00298 -4 -19.7152
    endloop
  endfacet
  facet normal 0 -1 0
    outer loop
      vertex 1.0006 -4 -21.543
      vertex 5.00298 -4 -19.7152
      vertex 0.925379 -4 -21.4053
    endloop
  endfacet
  facet normal 0 -1 -0
    outer loop
      vertex 5.00298 -4 -19.7152
      vertex 1.0006 -4 -21.543
      vertex 5.27721 -4 -20.4505
    endloop
  endfacet
  facet normal 0 -1 0
    outer loop
      vertex 1.05544 -4 -21.6901
      vertex 5.27721 -4 -20.4505
      vertex 1.0006 -4 -21.543
    endloop
  endfacet
  facet normal 0 -1 -0
    outer loop
      vertex 5.27721 -4 -20.4505
      vertex 1.05544 -4 -21.6901
      vertex 5.44402 -4 -21.2173
    endloop
  endfacet
  facet normal 0 -1 0
    outer loop
      vertex 1.0888 -4 -21.8435
      vertex 5.44402 -4 -21.2173
      vertex 1.05544 -4 -21.6901
    endloop
  endfacet
  facet normal 0 -1 0
    outer loop
      vertex 1.1 -4 -22
      vertex 5.44402 -4 -21.2173
      vertex 1.0888 -4 -21.8435
    endloop
  endfacet
  facet normal 0 -1 0
    outer loop
      vertex 1.1 -4 -22
      vertex 5.5 -4 -22
      vertex 5.44402 -4 -21.2173
    endloop
  endfacet
  facet normal 0 -1 0
    outer loop
      vertex 1.0888 -4 -22.1565
      vertex 5.5 -4 -22
      vertex 1.1 -4 -22
    endloop
  endfacet
  facet normal 0 -1 0
    outer loop
      vertex 5.44402 -4 -22.7827
      vertex 1.0888 -4 -22.1565
      vertex 1.05544 -4 -22.3099
    endloop
  endfacet
  facet normal 0 -1 0
    outer loop
      vertex 5.27721 -4 -23.5495
      vertex 1.05544 -4 -22.3099
      vertex 1.0006 -4 -22.457
    endloop
  endfacet
  facet normal 0 -1 0
    outer loop
      vertex 5.00298 -4 -24.2848
      vertex 1.0006 -4 -22.457
      vertex 0.925379 -4 -22.5947
    endloop
  endfacet
  facet normal 0 -1 0
    outer loop
      vertex 4.62689 -4 -24.9735
      vertex 0.925379 -4 -22.5947
      vertex 0.831324 -4 -22.7203
    endloop
  endfacet
  facet normal 0 -1 0
    outer loop
      vertex 1.0888 -4 -22.1565
      vertex 5.44402 -4 -22.7827
      vertex 5.5 -4 -22
    endloop
  endfacet
  facet normal 0 -1 0
    outer loop
      vertex 4.15662 -4 -25.6017
      vertex 0.831324 -4 -22.7203
      vertex 0.720346 -4 -22.8313
    endloop
  endfacet
  facet normal 0 -1 0
    outer loop
      vertex 3.60173 -4 -26.1566
      vertex 0.720346 -4 -22.8313
      vertex 0.594705 -4 -22.9254
    endloop
  endfacet
  facet normal 0 -1 0
    outer loop
      vertex 2.97352 -4 -26.6269
      vertex 0.594705 -4 -22.9254
      vertex 0.456956 -4 -23.0006
    endloop
  endfacet
  facet normal 0 -1 0
    outer loop
      vertex 2.28478 -4 -27.003
      vertex 0.456956 -4 -23.0006
      vertex 0.309905 -4 -23.0554
    endloop
  endfacet
  facet normal 0 -1 0
    outer loop
      vertex 1.54953 -4 -27.2772
      vertex 0.309905 -4 -23.0554
      vertex 0.156546 -4 -23.0888
    endloop
  endfacet
  facet normal 0 -1 0
    outer loop
      vertex 0.782731 -4 -27.444
      vertex 0.156546 -4 -23.0888
      vertex 0 -4 -23.1
    endloop
  endfacet
  facet normal 0 -1 0
    outer loop
      vertex -2.97352 -4 -26.6269
      vertex -0.594705 -4 -22.9254
      vertex -3.60173 -4 -26.1566
    endloop
  endfacet
  facet normal 0 -1 0
    outer loop
      vertex 1.05544 -4 -22.3099
      vertex 5.27721 -4 -23.5495
      vertex 5.44402 -4 -22.7827
    endloop
  endfacet
  facet normal 0 -1 -0
    outer loop
      vertex -0.594705 -4 -22.9254
      vertex -2.97352 -4 -26.6269
      vertex -0.456956 -4 -23.0006
    endloop
  endfacet
  facet normal 0 -1 0
    outer loop
      vertex 1.0006 -4 -22.457
      vertex 5.00298 -4 -24.2848
      vertex 5.27721 -4 -23.5495
    endloop
  endfacet
  facet normal 0 -1 0
    outer loop
      vertex -2.28478 -4 -27.003
      vertex -0.456956 -4 -23.0006
      vertex -2.97352 -4 -26.6269
    endloop
  endfacet
  facet normal 0 -1 0
    outer loop
      vertex 0.925379 -4 -22.5947
      vertex 4.62689 -4 -24.9735
      vertex 5.00298 -4 -24.2848
    endloop
  endfacet
  facet normal 0 -1 -0
    outer loop
      vertex -0.456956 -4 -23.0006
      vertex -2.28478 -4 -27.003
      vertex -0.309905 -4 -23.0554
    endloop
  endfacet
  facet normal 0 -1 0
    outer loop
      vertex 0.831324 -4 -22.7203
      vertex 4.15662 -4 -25.6017
      vertex 4.62689 -4 -24.9735
    endloop
  endfacet
  facet normal 0 -1 0
    outer loop
      vertex -1.54953 -4 -27.2772
      vertex -0.309905 -4 -23.0554
      vertex -2.28478 -4 -27.003
    endloop
  endfacet
  facet normal 0 -1 0
    outer loop
      vertex 0.720346 -4 -22.8313
      vertex 3.60173 -4 -26.1566
      vertex 4.15662 -4 -25.6017
    endloop
  endfacet
  facet normal 0 -1 -0
    outer loop
      vertex -0.309905 -4 -23.0554
      vertex -1.54953 -4 -27.2772
      vertex -0.156546 -4 -23.0888
    endloop
  endfacet
  facet normal 0 -1 0
    outer loop
      vertex 0.594705 -4 -22.9254
      vertex 2.97352 -4 -26.6269
      vertex 3.60173 -4 -26.1566
    endloop
  endfacet
  facet normal 0 -1 0
    outer loop
      vertex -0.782731 -4 -27.444
      vertex -0.156546 -4 -23.0888
      vertex -1.54953 -4 -27.2772
    endloop
  endfacet
  facet normal 0 -1 0
    outer loop
      vertex 0.456956 -4 -23.0006
      vertex 2.28478 -4 -27.003
      vertex 2.97352 -4 -26.6269
    endloop
  endfacet
  facet normal 0 -1 -0
    outer loop
      vertex -0.156546 -4 -23.0888
      vertex -0.782731 -4 -27.444
      vertex 0 -4 -23.1
    endloop
  endfacet
  facet normal 0 -1 0
    outer loop
      vertex 0.309905 -4 -23.0554
      vertex 1.54953 -4 -27.2772
      vertex 2.28478 -4 -27.003
    endloop
  endfacet
  facet normal 0 -1 0
    outer loop
      vertex 0 -4 -27.5
      vertex 0 -4 -23.1
      vertex -0.782731 -4 -27.444
    endloop
  endfacet
  facet normal 0 -1 0
    outer loop
      vertex 0.156546 -4 -23.0888
      vertex 0.782731 -4 -27.444
      vertex 1.54953 -4 -27.2772
    endloop
  endfacet
  facet normal 0 -1 0
    outer loop
      vertex 0 -4 -23.1
      vertex 0 -4 -27.5
      vertex 0.782731 -4 -27.444
    endloop
  endfacet
  facet normal -0.977146 0 0.212569
    outer loop
      vertex -5.44402 -4 -21.2173
      vertex -5.27721 4 -20.4505
      vertex -5.44402 4 -21.2173
    endloop
  endfacet
  facet normal -0.977146 0 0.212569
    outer loop
      vertex -5.27721 4 -20.4505
      vertex -5.44402 -4 -21.2173
      vertex -5.27721 -4 -20.4505
    endloop
  endfacet
  facet normal -0.349074 0 0.937095
    outer loop
      vertex -1.61369 -3.70652 -16.7467
      vertex -1.54953 -4 -16.7228
      vertex -1.54953 -3.71077 -16.7228
    endloop
  endfacet
  facet normal -0.349476 -0.000100154 0.936945
    outer loop
      vertex -2.01692 -3.67986 -16.8971
      vertex -1.54953 -4 -16.7228
      vertex -1.61369 -3.70652 -16.7467
    endloop
  endfacet
  facet normal -0.349444 0 0.936957
    outer loop
      vertex -2.28478 -4 -16.997
      vertex -2.01692 -3.67986 -16.8971
      vertex -2.28478 -3.62363 -16.997
    endloop
  endfacet
  facet normal -0.349426 -1.69693e-05 0.936964
    outer loop
      vertex -2.01692 -3.67986 -16.8971
      vertex -2.28478 -4 -16.997
      vertex -1.54953 -4 -16.7228
    endloop
  endfacet
  facet normal -0.349074 0 0.937095
    outer loop
      vertex -1.54953 4 -16.7228
      vertex -1.61369 3.70652 -16.7467
      vertex -1.54953 3.71077 -16.7228
    endloop
  endfacet
  facet normal -0.349476 0.000100154 0.936945
    outer loop
      vertex -1.54953 4 -16.7228
      vertex -2.01692 3.67986 -16.8971
      vertex -1.61369 3.70652 -16.7467
    endloop
  endfacet
  facet normal -0.349426 1.69693e-05 0.936964
    outer loop
      vertex -2.28478 4 -16.997
      vertex -2.01692 3.67986 -16.8971
      vertex -1.54953 4 -16.7228
    endloop
  endfacet
  facet normal -0.349444 0 0.936957
    outer loop
      vertex -2.01692 3.67986 -16.8971
      vertex -2.28478 4 -16.997
      vertex -2.28478 3.62363 -16.997
    endloop
  endfacet
  facet normal 0.877662 0 -0.47928
    outer loop
      vertex 5.00298 -4 -24.2848
      vertex 4.62689 4 -24.9735
      vertex 5.00298 4 -24.2848
    endloop
  endfacet
  facet normal 0.877662 0 -0.47928
    outer loop
      vertex 4.62689 4 -24.9735
      vertex 5.00298 -4 -24.2848
      vertex 4.62689 -4 -24.9735
    endloop
  endfacet
  facet normal -0.707113 0 -0.7071
    outer loop
      vertex -4.15662 -4 -25.6017
      vertex -3.60173 4 -26.1566
      vertex -3.60173 -4 -26.1566
    endloop
  endfacet
  facet normal -0.707113 0 -0.7071
    outer loop
      vertex -3.60173 4 -26.1566
      vertex -4.15662 -4 -25.6017
      vertex -4.15662 4 -25.6017
    endloop
  endfacet
  facet normal -0.5993 0 -0.800524
    outer loop
      vertex -3.60173 -4 -26.1566
      vertex -2.97352 4 -26.6269
      vertex -2.97352 -4 -26.6269
    endloop
  endfacet
  facet normal -0.5993 0 -0.800524
    outer loop
      vertex -2.97352 4 -26.6269
      vertex -3.60173 -4 -26.1566
      vertex -3.60173 4 -26.1566
    endloop
  endfacet
  facet normal -0.997452 0 -0.0713394
    outer loop
      vertex -5.44402 -4 -22.7827
      vertex -5.5 4 -22
      vertex -5.44402 4 -22.7827
    endloop
  endfacet
  facet normal -0.997452 -0 -0.0713394
    outer loop
      vertex -5.5 4 -22
      vertex -5.44402 -4 -22.7827
      vertex -5.5 -4 -22
    endloop
  endfacet
  facet normal -0.977146 0 -0.212569
    outer loop
      vertex -5.27721 -4 -23.5495
      vertex -5.44402 4 -22.7827
      vertex -5.27721 4 -23.5495
    endloop
  endfacet
  facet normal -0.977146 -0 -0.212569
    outer loop
      vertex -5.44402 4 -22.7827
      vertex -5.27721 -4 -23.5495
      vertex -5.44402 -4 -22.7827
    endloop
  endfacet
  facet normal -0.877683 -0.479241 0
    outer loop
      vertex 0.636742 -1.58421 -27.4545
      vertex 0.588877 -1.49655 -22.9286
      vertex 0.588877 -1.49655 -27.4579
    endloop
  endfacet
  facet normal -0.877619 -0.479358 2.9439e-06
    outer loop
      vertex 0.588877 -1.49655 -22.9286
      vertex 0.636742 -1.58421 -27.4545
      vertex 0.594705 -1.50722 -22.9254
    endloop
  endfacet
  facet normal -0.877692 -0.479225 0
    outer loop
      vertex 0.594705 -1.50722 -22.9254
      vertex 0.636742 -1.58421 -27.4545
      vertex 0.636742 -1.58421 -22.8939
    endloop
  endfacet
  facet normal -0.877619 -0.479359 -2.65263e-06
    outer loop
      vertex 0.636742 -1.58421 5.95446
      vertex 0.588877 -1.49655 0.928561
      vertex 0.594705 -1.50722 0.925379
    endloop
  endfacet
  facet normal -0.877692 -0.479225 -0
    outer loop
      vertex 0.636742 -1.58421 5.95446
      vertex 0.594705 -1.50722 0.925379
      vertex 0.636742 -1.58421 0.89391
    endloop
  endfacet
  facet normal -0.877683 -0.479241 0
    outer loop
      vertex 0.588877 -1.49655 0.928561
      vertex 0.636742 -1.58421 5.95446
      vertex 0.588877 -1.49655 5.95788
    endloop
  endfacet
  facet normal -0.877619 -0.479359 0
    outer loop
      vertex 0.594705 -1.50722 -21.0746
      vertex 0.588877 -1.49655 -0.928561
      vertex 0.588877 -1.49655 -21.0714
    endloop
  endfacet
  facet normal -0.877619 -0.479359 0
    outer loop
      vertex 0.594705 -1.50722 -21.0746
      vertex 0.594705 -1.50722 -0.925379
      vertex 0.588877 -1.49655 -0.928561
    endloop
  endfacet
  facet normal -0.877692 -0.479225 0
    outer loop
      vertex 0.636742 -1.58421 -21.1061
      vertex 0.594705 -1.50722 -0.925379
      vertex 0.594705 -1.50722 -21.0746
    endloop
  endfacet
  facet normal -0.877692 -0.479225 0
    outer loop
      vertex 0.594705 -1.50722 -0.925379
      vertex 0.636742 -1.58421 -21.1061
      vertex 0.636742 -1.58421 -0.89391
    endloop
  endfacet
  facet normal -0.800526 -0.599298 0
    outer loop
      vertex 0.588877 -1.49655 -27.4579
      vertex 0.529024 -1.4166 -22.9612
      vertex 0.529024 -1.4166 -27.4622
    endloop
  endfacet
  facet normal -0.800526 -0.599298 0
    outer loop
      vertex 0.529024 -1.4166 -22.9612
      vertex 0.588877 -1.49655 -27.4579
      vertex 0.588877 -1.49655 -22.9286
    endloop
  endfacet
  facet normal -0.800526 -0.599298 -0
    outer loop
      vertex 0.588877 -1.49655 5.95788
      vertex 0.529024 -1.4166 0.961243
      vertex 0.588877 -1.49655 0.928561
    endloop
  endfacet
  facet normal -0.800526 -0.599298 0
    outer loop
      vertex 0.529024 -1.4166 0.961243
      vertex 0.588877 -1.49655 5.95788
      vertex 0.529024 -1.4166 5.96216
    endloop
  endfacet
  facet normal -0.800526 -0.599298 0
    outer loop
      vertex 0.588877 -1.49655 -21.0714
      vertex 0.529024 -1.4166 -0.961243
      vertex 0.529024 -1.4166 -21.0388
    endloop
  endfacet
  facet normal -0.800526 -0.599298 0
    outer loop
      vertex 0.529024 -1.4166 -0.961243
      vertex 0.588877 -1.49655 -21.0714
      vertex 0.588877 -1.49655 -0.928561
    endloop
  endfacet
  facet normal -0.0712898 -0.997456 0
    outer loop
      vertex 0 -1.175 -23.1
      vertex 0.0996199 -1.18212 -27.4929
      vertex 0.0996199 -1.18212 -23.0929
    endloop
  endfacet
  facet normal -0.0712898 -0.997456 0
    outer loop
      vertex 0.0996199 -1.18212 -27.4929
      vertex 0 -1.175 -23.1
      vertex 0 -1.175 -27.5
    endloop
  endfacet
  facet normal -0.0712898 -0.997456 0
    outer loop
      vertex 0 -1.175 1.1
      vertex 0.0996199 -1.18212 5.99288
      vertex 0 -1.175 6
    endloop
  endfacet
  facet normal -0.0712898 -0.997456 -0
    outer loop
      vertex 0.0996199 -1.18212 5.99288
      vertex 0 -1.175 1.1
      vertex 0.0996199 -1.18212 1.09287
    endloop
  endfacet
  facet normal -0.0712898 -0.997456 0
    outer loop
      vertex 0 -1.175 -20.9
      vertex 0.0996199 -1.18212 -1.09287
      vertex 0 -1.175 -1.1
    endloop
  endfacet
  facet normal -0.0712898 -0.997456 -0
    outer loop
      vertex 0.0996199 -1.18212 -1.09287
      vertex 0 -1.175 -20.9
      vertex 0.0996199 -1.18212 -20.9071
    endloop
  endfacet
  facet normal -0.21242 -0.977179 0
    outer loop
      vertex 0.156546 -1.19451 -23.0888
      vertex 0.197212 -1.20335 -27.4859
      vertex 0.197212 -1.20335 -23.08
    endloop
  endfacet
  facet normal -0.212671 -0.977124 -2.43822e-06
    outer loop
      vertex 0.0996199 -1.18212 -23.0929
      vertex 0.197212 -1.20335 -27.4859
      vertex 0.156546 -1.19451 -23.0888
    endloop
  endfacet
  facet normal -0.212567 -0.977147 0
    outer loop
      vertex 0.197212 -1.20335 -27.4859
      vertex 0.0996199 -1.18212 -23.0929
      vertex 0.0996199 -1.18212 -27.4929
    endloop
  endfacet
  facet normal -0.212567 -0.977147 0
    outer loop
      vertex 0.0996199 -1.18212 1.09287
      vertex 0.197212 -1.20335 5.9859
      vertex 0.0996199 -1.18212 5.99288
    endloop
  endfacet
  facet normal -0.212671 -0.977124 2.18944e-06
    outer loop
      vertex 0.156546 -1.19451 1.0888
      vertex 0.197212 -1.20335 5.9859
      vertex 0.0996199 -1.18212 1.09287
    endloop
  endfacet
  facet normal -0.21242 -0.977179 -0
    outer loop
      vertex 0.197212 -1.20335 5.9859
      vertex 0.156546 -1.19451 1.0888
      vertex 0.197212 -1.20335 1.07996
    endloop
  endfacet
  facet normal -0.212672 -0.977124 0
    outer loop
      vertex 0.0996199 -1.18212 -20.9071
      vertex 0.156546 -1.19451 -1.0888
      vertex 0.0996199 -1.18212 -1.09287
    endloop
  endfacet
  facet normal -0.212672 -0.977124 0
    outer loop
      vertex 0.156546 -1.19451 -20.9112
      vertex 0.156546 -1.19451 -1.0888
      vertex 0.0996199 -1.18212 -20.9071
    endloop
  endfacet
  facet normal -0.21242 -0.977179 -0
    outer loop
      vertex 0.156546 -1.19451 -1.0888
      vertex 0.156546 -1.19451 -20.9112
      vertex 0.197212 -1.20335 -1.07996
    endloop
  endfacet
  facet normal -0.21242 -0.977179 -0
    outer loop
      vertex 0.197212 -1.20335 -1.07996
      vertex 0.156546 -1.19451 -20.9112
      vertex 0.197212 -1.20335 -20.92
    endloop
  endfacet
  facet normal 0.479177 -0.877718 0
    outer loop
      vertex -0.378448 -1.28612 -27.4729
      vertex -0.309905 -1.2487 -23.0554
      vertex -0.378448 -1.28612 -23.0299
    endloop
  endfacet
  facet normal 0.479334 -0.877633 -3.16567e-06
    outer loop
      vertex -0.378448 -1.28612 -27.4729
      vertex -0.29079 -1.23826 -23.0596
      vertex -0.309905 -1.2487 -23.0554
    endloop
  endfacet
  facet normal 0.479211 -0.8777 0
    outer loop
      vertex -0.29079 -1.23826 -23.0596
      vertex -0.378448 -1.28612 -27.4729
      vertex -0.29079 -1.23826 -27.4792
    endloop
  endfacet
  facet normal 0.479211 -0.8777 0
    outer loop
      vertex -0.378448 -1.28612 5.97293
      vertex -0.29079 -1.23826 1.0596
      vertex -0.29079 -1.23826 5.9792
    endloop
  endfacet
  facet normal 0.479334 -0.877633 2.84486e-06
    outer loop
      vertex -0.378448 -1.28612 5.97293
      vertex -0.309905 -1.2487 1.05544
      vertex -0.29079 -1.23826 1.0596
    endloop
  endfacet
  facet normal 0.479177 -0.877718 0
    outer loop
      vertex -0.309905 -1.2487 1.05544
      vertex -0.378448 -1.28612 5.97293
      vertex -0.378448 -1.28612 1.02988
    endloop
  endfacet
  facet normal 0.479335 -0.877632 0
    outer loop
      vertex -0.309905 -1.2487 -1.05544
      vertex -0.29079 -1.23826 -20.9404
      vertex -0.29079 -1.23826 -1.0596
    endloop
  endfacet
  facet normal 0.479177 -0.877718 0
    outer loop
      vertex -0.309905 -1.2487 -20.9446
      vertex -0.309905 -1.2487 -1.05544
      vertex -0.378448 -1.28612 -1.02988
    endloop
  endfacet
  facet normal 0.479335 -0.877632 0
    outer loop
      vertex -0.309905 -1.2487 -1.05544
      vertex -0.309905 -1.2487 -20.9446
      vertex -0.29079 -1.23826 -20.9404
    endloop
  endfacet
  facet normal 0.479177 -0.877718 0
    outer loop
      vertex -0.309905 -1.2487 -20.9446
      vertex -0.378448 -1.28612 -1.02988
      vertex -0.378448 -1.28612 -20.9701
    endloop
  endfacet
  facet normal 0.877619 -0.479358 2.9439e-06
    outer loop
      vertex -0.636742 -1.58421 -27.4545
      vertex -0.588877 -1.49655 -22.9286
      vertex -0.594705 -1.50722 -22.9254
    endloop
  endfacet
  facet normal 0.877692 -0.479225 0
    outer loop
      vertex -0.636742 -1.58421 -27.4545
      vertex -0.594705 -1.50722 -22.9254
      vertex -0.636742 -1.58421 -22.8939
    endloop
  endfacet
  facet normal 0.877683 -0.479241 0
    outer loop
      vertex -0.588877 -1.49655 -22.9286
      vertex -0.636742 -1.58421 -27.4545
      vertex -0.588877 -1.49655 -27.4579
    endloop
  endfacet
  facet normal 0.877683 -0.479241 0
    outer loop
      vertex -0.636742 -1.58421 5.95446
      vertex -0.588877 -1.49655 0.928561
      vertex -0.588877 -1.49655 5.95788
    endloop
  endfacet
  facet normal 0.877619 -0.479359 -2.65263e-06
    outer loop
      vertex -0.588877 -1.49655 0.928561
      vertex -0.636742 -1.58421 5.95446
      vertex -0.594705 -1.50722 0.925379
    endloop
  endfacet
  facet normal 0.877692 -0.479225 0
    outer loop
      vertex -0.594705 -1.50722 0.925379
      vertex -0.636742 -1.58421 5.95446
      vertex -0.636742 -1.58421 0.89391
    endloop
  endfacet
  facet normal 0.877619 -0.479359 0
    outer loop
      vertex -0.594705 -1.50722 -0.925379
      vertex -0.588877 -1.49655 -21.0714
      vertex -0.588877 -1.49655 -0.928561
    endloop
  endfacet
  facet normal 0.877619 -0.479359 0
    outer loop
      vertex -0.594705 -1.50722 -0.925379
      vertex -0.594705 -1.50722 -21.0746
      vertex -0.588877 -1.49655 -21.0714
    endloop
  endfacet
  facet normal 0.877692 -0.479225 0
    outer loop
      vertex -0.636742 -1.58421 -0.89391
      vertex -0.594705 -1.50722 -21.0746
      vertex -0.594705 -1.50722 -0.925379
    endloop
  endfacet
  facet normal 0.877692 -0.479225 0
    outer loop
      vertex -0.594705 -1.50722 -21.0746
      vertex -0.636742 -1.58421 -0.89391
      vertex -0.636742 -1.58421 -21.1061
    endloop
  endfacet
  facet normal -0.997452 0.0713396 0
    outer loop
      vertex 0.692875 -1.97462 -22.8519
      vertex 0.7 -1.875 -27.4499
      vertex 0.692875 -1.97462 -27.4504
    endloop
  endfacet
  facet normal -0.997452 0.0713396 0
    outer loop
      vertex 0.7 -1.875 -27.4499
      vertex 0.692875 -1.97462 -22.8519
      vertex 0.7 -1.875 -22.8466
    endloop
  endfacet
  facet normal -0.997452 0.0713396 0
    outer loop
      vertex 0.692875 -1.97462 0.851889
      vertex 0.7 -1.875 5.94993
      vertex 0.7 -1.875 0.846555
    endloop
  endfacet
  facet normal -0.997452 0.0713396 0
    outer loop
      vertex 0.7 -1.875 5.94993
      vertex 0.692875 -1.97462 0.851889
      vertex 0.692875 -1.97462 5.95044
    endloop
  endfacet
  facet normal -0.997452 0.0713396 0
    outer loop
      vertex 0.692875 -1.97462 -21.1481
      vertex 0.7 -1.875 -0.846555
      vertex 0.7 -1.875 -21.1534
    endloop
  endfacet
  facet normal -0.997452 0.0713396 0
    outer loop
      vertex 0.7 -1.875 -0.846555
      vertex 0.692875 -1.97462 -21.1481
      vertex 0.692875 -1.97462 -0.851889
    endloop
  endfacet
  facet normal 0.0712898 -0.997456 0
    outer loop
      vertex -0.0996199 -1.18212 -27.4929
      vertex 0 -1.175 -23.1
      vertex -0.0996199 -1.18212 -23.0929
    endloop
  endfacet
  facet normal 0.0712898 -0.997456 0
    outer loop
      vertex 0 -1.175 -23.1
      vertex -0.0996199 -1.18212 -27.4929
      vertex 0 -1.175 -27.5
    endloop
  endfacet
  facet normal 0.0712898 -0.997456 0
    outer loop
      vertex -0.0996199 -1.18212 5.99288
      vertex 0 -1.175 1.1
      vertex 0 -1.175 6
    endloop
  endfacet
  facet normal 0.0712898 -0.997456 0
    outer loop
      vertex 0 -1.175 1.1
      vertex -0.0996199 -1.18212 5.99288
      vertex -0.0996199 -1.18212 1.09287
    endloop
  endfacet
  facet normal 0.0712898 -0.997456 0
    outer loop
      vertex -0.0996199 -1.18212 -1.09287
      vertex 0 -1.175 -20.9
      vertex 0 -1.175 -1.1
    endloop
  endfacet
  facet normal 0.0712898 -0.997456 0
    outer loop
      vertex 0 -1.175 -20.9
      vertex -0.0996199 -1.18212 -1.09287
      vertex -0.0996199 -1.18212 -20.9071
    endloop
  endfacet
  facet normal -0.479177 -0.877718 0
    outer loop
      vertex 0.309905 -1.2487 -23.0554
      vertex 0.378448 -1.28612 -27.4729
      vertex 0.378448 -1.28612 -23.0299
    endloop
  endfacet
  facet normal -0.479334 -0.877633 -3.16567e-06
    outer loop
      vertex 0.29079 -1.23826 -23.0596
      vertex 0.378448 -1.28612 -27.4729
      vertex 0.309905 -1.2487 -23.0554
    endloop
  endfacet
  facet normal -0.479211 -0.8777 0
    outer loop
      vertex 0.378448 -1.28612 -27.4729
      vertex 0.29079 -1.23826 -23.0596
      vertex 0.29079 -1.23826 -27.4792
    endloop
  endfacet
  facet normal -0.479211 -0.8777 0
    outer loop
      vertex 0.29079 -1.23826 1.0596
      vertex 0.378448 -1.28612 5.97293
      vertex 0.29079 -1.23826 5.9792
    endloop
  endfacet
  facet normal -0.479334 -0.877633 2.84486e-06
    outer loop
      vertex 0.309905 -1.2487 1.05544
      vertex 0.378448 -1.28612 5.97293
      vertex 0.29079 -1.23826 1.0596
    endloop
  endfacet
  facet normal -0.479177 -0.877718 -0
    outer loop
      vertex 0.378448 -1.28612 5.97293
      vertex 0.309905 -1.2487 1.05544
      vertex 0.378448 -1.28612 1.02988
    endloop
  endfacet
  facet normal -0.479335 -0.877632 0
    outer loop
      vertex 0.29079 -1.23826 -20.9404
      vertex 0.309905 -1.2487 -1.05544
      vertex 0.29079 -1.23826 -1.0596
    endloop
  endfacet
  facet normal -0.479335 -0.877632 0
    outer loop
      vertex 0.309905 -1.2487 -20.9446
      vertex 0.309905 -1.2487 -1.05544
      vertex 0.29079 -1.23826 -20.9404
    endloop
  endfacet
  facet normal -0.479177 -0.877718 -0
    outer loop
      vertex 0.309905 -1.2487 -1.05544
      vertex 0.309905 -1.2487 -20.9446
      vertex 0.378448 -1.28612 -1.02988
    endloop
  endfacet
  facet normal -0.479177 -0.877718 -0
    outer loop
      vertex 0.378448 -1.28612 -1.02988
      vertex 0.309905 -1.2487 -20.9446
      vertex 0.378448 -1.28612 -20.9701
    endloop
  endfacet
  facet normal 0.997452 -0.0713396 0
    outer loop
      vertex -0.7 -1.875 -27.4499
      vertex -0.692875 -1.77538 -22.8519
      vertex -0.7 -1.875 -22.8466
    endloop
  endfacet
  facet normal 0.997452 -0.0713396 0
    outer loop
      vertex -0.692875 -1.77538 -22.8519
      vertex -0.7 -1.875 -27.4499
      vertex -0.692875 -1.77538 -27.4504
    endloop
  endfacet
  facet normal 0.997452 -0.0713396 0
    outer loop
      vertex -0.7 -1.875 5.94993
      vertex -0.692875 -1.77538 0.851889
      vertex -0.692875 -1.77538 5.95044
    endloop
  endfacet
  facet normal 0.997452 -0.0713396 0
    outer loop
      vertex -0.692875 -1.77538 0.851889
      vertex -0.7 -1.875 5.94993
      vertex -0.7 -1.875 0.846555
    endloop
  endfacet
  facet normal 0.997452 -0.0713396 0
    outer loop
      vertex -0.7 -1.875 -0.846555
      vertex -0.692875 -1.77538 -21.1481
      vertex -0.692875 -1.77538 -0.851889
    endloop
  endfacet
  facet normal 0.997452 -0.0713396 0
    outer loop
      vertex -0.692875 -1.77538 -21.1481
      vertex -0.7 -1.875 -0.846555
      vertex -0.7 -1.875 -21.1534
    endloop
  endfacet
  facet normal 0.800526 -0.599298 0
    outer loop
      vertex -0.588877 -1.49655 -27.4579
      vertex -0.529024 -1.4166 -22.9612
      vertex -0.588877 -1.49655 -22.9286
    endloop
  endfacet
  facet normal 0.800526 -0.599298 0
    outer loop
      vertex -0.529024 -1.4166 -22.9612
      vertex -0.588877 -1.49655 -27.4579
      vertex -0.529024 -1.4166 -27.4622
    endloop
  endfacet
  facet normal 0.800526 -0.599298 0
    outer loop
      vertex -0.588877 -1.49655 5.95788
      vertex -0.529024 -1.4166 0.961243
      vertex -0.529024 -1.4166 5.96216
    endloop
  endfacet
  facet normal 0.800526 -0.599298 0
    outer loop
      vertex -0.529024 -1.4166 0.961243
      vertex -0.588877 -1.49655 5.95788
      vertex -0.588877 -1.49655 0.928561
    endloop
  endfacet
  facet normal 0.800526 -0.599298 0
    outer loop
      vertex -0.588877 -1.49655 -0.928561
      vertex -0.529024 -1.4166 -21.0388
      vertex -0.529024 -1.4166 -0.961243
    endloop
  endfacet
  facet normal 0.800526 -0.599298 0
    outer loop
      vertex -0.529024 -1.4166 -21.0388
      vertex -0.588877 -1.49655 -0.928561
      vertex -0.588877 -1.49655 -21.0714
    endloop
  endfacet
  facet normal 0.598403 -0.801195 0
    outer loop
      vertex -0.458402 -1.34597 -27.4672
      vertex -0.456956 -1.34489 -23.0006
      vertex -0.458402 -1.34597 -22.9998
    endloop
  endfacet
  facet normal 0.599275 -0.800543 -4.40051e-07
    outer loop
      vertex -0.458402 -1.34597 -27.4672
      vertex -0.378448 -1.28612 -23.0299
      vertex -0.456956 -1.34489 -23.0006
    endloop
  endfacet
  facet normal 0.59926 -0.800555 0
    outer loop
      vertex -0.378448 -1.28612 -23.0299
      vertex -0.458402 -1.34597 -27.4672
      vertex -0.378448 -1.28612 -27.4729
    endloop
  endfacet
  facet normal 0.59926 -0.800555 0
    outer loop
      vertex -0.458402 -1.34597 5.96721
      vertex -0.378448 -1.28612 1.02988
      vertex -0.378448 -1.28612 5.97293
    endloop
  endfacet
  facet normal 0.599275 -0.800543 3.95754e-07
    outer loop
      vertex -0.458402 -1.34597 5.96721
      vertex -0.456956 -1.34489 1.0006
      vertex -0.378448 -1.28612 1.02988
    endloop
  endfacet
  facet normal 0.598403 -0.801195 0
    outer loop
      vertex -0.456956 -1.34489 1.0006
      vertex -0.458402 -1.34597 5.96721
      vertex -0.458402 -1.34597 0.999806
    endloop
  endfacet
  facet normal 0.599275 -0.800543 0
    outer loop
      vertex -0.456956 -1.34489 -1.0006
      vertex -0.378448 -1.28612 -20.9701
      vertex -0.378448 -1.28612 -1.02988
    endloop
  endfacet
  facet normal 0.598403 -0.801195 0
    outer loop
      vertex -0.456956 -1.34489 -20.9994
      vertex -0.456956 -1.34489 -1.0006
      vertex -0.458402 -1.34597 -0.999806
    endloop
  endfacet
  facet normal 0.599275 -0.800543 0
    outer loop
      vertex -0.456956 -1.34489 -1.0006
      vertex -0.456956 -1.34489 -20.9994
      vertex -0.378448 -1.28612 -20.9701
    endloop
  endfacet
  facet normal 0.598403 -0.801195 0
    outer loop
      vertex -0.456956 -1.34489 -20.9994
      vertex -0.458402 -1.34597 -0.999806
      vertex -0.458402 -1.34597 -21.0002
    endloop
  endfacet
  facet normal 0.349528 -0.936926 0
    outer loop
      vertex -0.29079 -1.23826 -27.4792
      vertex -0.197212 -1.20335 -23.08
      vertex -0.29079 -1.23826 -23.0596
    endloop
  endfacet
  facet normal 0.349528 -0.936926 0
    outer loop
      vertex -0.197212 -1.20335 -23.08
      vertex -0.29079 -1.23826 -27.4792
      vertex -0.197212 -1.20335 -27.4859
    endloop
  endfacet
  facet normal 0.349528 -0.936926 0
    outer loop
      vertex -0.29079 -1.23826 5.9792
      vertex -0.197212 -1.20335 1.07996
      vertex -0.197212 -1.20335 5.9859
    endloop
  endfacet
  facet normal 0.349528 -0.936926 0
    outer loop
      vertex -0.197212 -1.20335 1.07996
      vertex -0.29079 -1.23826 5.9792
      vertex -0.29079 -1.23826 1.0596
    endloop
  endfacet
  facet normal 0.349528 -0.936926 0
    outer loop
      vertex -0.29079 -1.23826 -1.0596
      vertex -0.197212 -1.20335 -20.92
      vertex -0.197212 -1.20335 -1.07996
    endloop
  endfacet
  facet normal 0.349528 -0.936926 0
    outer loop
      vertex -0.197212 -1.20335 -20.92
      vertex -0.29079 -1.23826 -1.0596
      vertex -0.29079 -1.23826 -20.9404
    endloop
  endfacet
  facet normal 0.707147 -0.707067 0
    outer loop
      vertex -0.529024 -1.4166 -27.4622
      vertex -0.458402 -1.34597 -22.9998
      vertex -0.529024 -1.4166 -22.9612
    endloop
  endfacet
  facet normal 0.707147 -0.707067 0
    outer loop
      vertex -0.458402 -1.34597 -22.9998
      vertex -0.529024 -1.4166 -27.4622
      vertex -0.458402 -1.34597 -27.4672
    endloop
  endfacet
  facet normal 0.707147 -0.707067 0
    outer loop
      vertex -0.529024 -1.4166 5.96216
      vertex -0.458402 -1.34597 0.999806
      vertex -0.458402 -1.34597 5.96721
    endloop
  endfacet
  facet normal 0.707147 -0.707067 0
    outer loop
      vertex -0.458402 -1.34597 0.999806
      vertex -0.529024 -1.4166 5.96216
      vertex -0.529024 -1.4166 0.961243
    endloop
  endfacet
  facet normal 0.707147 -0.707067 0
    outer loop
      vertex -0.529024 -1.4166 -0.961243
      vertex -0.458402 -1.34597 -21.0002
      vertex -0.458402 -1.34597 -0.999806
    endloop
  endfacet
  facet normal 0.707147 -0.707067 0
    outer loop
      vertex -0.458402 -1.34597 -21.0002
      vertex -0.529024 -1.4166 -0.961243
      vertex -0.529024 -1.4166 -21.0388
    endloop
  endfacet
  facet normal -0.997452 -0.0713396 0
    outer loop
      vertex 0.7 -1.875 -27.4499
      vertex 0.692875 -1.77538 -22.8519
      vertex 0.692875 -1.77538 -27.4504
    endloop
  endfacet
  facet normal -0.997452 -0.0713396 0
    outer loop
      vertex 0.692875 -1.77538 -22.8519
      vertex 0.7 -1.875 -27.4499
      vertex 0.7 -1.875 -22.8466
    endloop
  endfacet
  facet normal -0.997452 -0.0713396 -0
    outer loop
      vertex 0.7 -1.875 5.94993
      vertex 0.692875 -1.77538 0.851889
      vertex 0.7 -1.875 0.846555
    endloop
  endfacet
  facet normal -0.997452 -0.0713396 0
    outer loop
      vertex 0.692875 -1.77538 0.851889
      vertex 0.7 -1.875 5.94993
      vertex 0.692875 -1.77538 5.95044
    endloop
  endfacet
  facet normal -0.997452 -0.0713396 0
    outer loop
      vertex 0.7 -1.875 -21.1534
      vertex 0.692875 -1.77538 -0.851889
      vertex 0.692875 -1.77538 -21.1481
    endloop
  endfacet
  facet normal -0.997452 -0.0713396 0
    outer loop
      vertex 0.692875 -1.77538 -0.851889
      vertex 0.7 -1.875 -21.1534
      vertex 0.7 -1.875 -0.846555
    endloop
  endfacet
  facet normal -0.977144 0.212581 0
    outer loop
      vertex 0.671644 -2.07221 -22.8678
      vertex 0.692875 -1.97462 -27.4504
      vertex 0.671644 -2.07221 -27.452
    endloop
  endfacet
  facet normal -0.977144 0.212581 0
    outer loop
      vertex 0.692875 -1.97462 -27.4504
      vertex 0.671644 -2.07221 -22.8678
      vertex 0.692875 -1.97462 -22.8519
    endloop
  endfacet
  facet normal -0.977144 0.212581 0
    outer loop
      vertex 0.671644 -2.07221 0.867782
      vertex 0.692875 -1.97462 5.95044
      vertex 0.692875 -1.97462 0.851889
    endloop
  endfacet
  facet normal -0.977144 0.212581 0
    outer loop
      vertex 0.692875 -1.97462 5.95044
      vertex 0.671644 -2.07221 0.867782
      vertex 0.671644 -2.07221 5.95196
    endloop
  endfacet
  facet normal -0.977144 0.212581 0
    outer loop
      vertex 0.671644 -2.07221 -21.1322
      vertex 0.692875 -1.97462 -0.851889
      vertex 0.692875 -1.97462 -21.1481
    endloop
  endfacet
  facet normal -0.977144 0.212581 0
    outer loop
      vertex 0.692875 -1.97462 -0.851889
      vertex 0.671644 -2.07221 -21.1322
      vertex 0.671644 -2.07221 -0.867782
    endloop
  endfacet
  facet normal -0.601942 0.79854 0
    outer loop
      vertex 0.458402 -2.40402 -27.4672
      vertex 0.456956 -2.40511 -23.0006
      vertex 0.458402 -2.40402 -22.9998
    endloop
  endfacet
  facet normal -0.599276 0.800543 1.35202e-06
    outer loop
      vertex 0.458402 -2.40402 -27.4672
      vertex 0.378448 -2.46388 -23.0299
      vertex 0.456956 -2.40511 -23.0006
    endloop
  endfacet
  facet normal -0.599324 0.800507 0
    outer loop
      vertex 0.378448 -2.46388 -23.0299
      vertex 0.458402 -2.40402 -27.4672
      vertex 0.378448 -2.46388 -27.4729
    endloop
  endfacet
  facet normal -0.599324 0.800507 0
    outer loop
      vertex 0.458402 -2.40402 5.96721
      vertex 0.378448 -2.46388 1.02988
      vertex 0.378448 -2.46388 5.97293
    endloop
  endfacet
  facet normal -0.599276 0.800543 -1.21592e-06
    outer loop
      vertex 0.458402 -2.40402 5.96721
      vertex 0.456956 -2.40511 1.0006
      vertex 0.378448 -2.46388 1.02988
    endloop
  endfacet
  facet normal -0.601942 0.79854 0
    outer loop
      vertex 0.456956 -2.40511 1.0006
      vertex 0.458402 -2.40402 5.96721
      vertex 0.458402 -2.40402 0.999806
    endloop
  endfacet
  facet normal -0.599275 0.800543 0
    outer loop
      vertex 0.456956 -2.40511 -1.0006
      vertex 0.378448 -2.46388 -20.9701
      vertex 0.378448 -2.46388 -1.02988
    endloop
  endfacet
  facet normal -0.601942 0.79854 0
    outer loop
      vertex 0.456956 -2.40511 -20.9994
      vertex 0.456956 -2.40511 -1.0006
      vertex 0.458402 -2.40402 -0.999806
    endloop
  endfacet
  facet normal -0.599275 0.800543 0
    outer loop
      vertex 0.456956 -2.40511 -1.0006
      vertex 0.456956 -2.40511 -20.9994
      vertex 0.378448 -2.46388 -20.9701
    endloop
  endfacet
  facet normal -0.601942 0.79854 0
    outer loop
      vertex 0.456956 -2.40511 -20.9994
      vertex 0.458402 -2.40402 -0.999806
      vertex 0.458402 -2.40402 -21.0002
    endloop
  endfacet
  facet normal -0.977144 -0.212581 0
    outer loop
      vertex 0.692875 -1.77538 -27.4504
      vertex 0.671644 -1.67779 -22.8678
      vertex 0.671644 -1.67779 -27.452
    endloop
  endfacet
  facet normal -0.977144 -0.212581 0
    outer loop
      vertex 0.671644 -1.67779 -22.8678
      vertex 0.692875 -1.77538 -27.4504
      vertex 0.692875 -1.77538 -22.8519
    endloop
  endfacet
  facet normal -0.977144 -0.212581 -0
    outer loop
      vertex 0.692875 -1.77538 5.95044
      vertex 0.671644 -1.67779 0.867782
      vertex 0.692875 -1.77538 0.851889
    endloop
  endfacet
  facet normal -0.977144 -0.212581 0
    outer loop
      vertex 0.671644 -1.67779 0.867782
      vertex 0.692875 -1.77538 5.95044
      vertex 0.671644 -1.67779 5.95196
    endloop
  endfacet
  facet normal -0.977144 -0.212581 0
    outer loop
      vertex 0.692875 -1.77538 -21.1481
      vertex 0.671644 -1.67779 -0.867782
      vertex 0.671644 -1.67779 -21.1322
    endloop
  endfacet
  facet normal -0.977144 -0.212581 0
    outer loop
      vertex 0.671644 -1.67779 -0.867782
      vertex 0.692875 -1.77538 -21.1481
      vertex 0.692875 -1.77538 -0.851889
    endloop
  endfacet
  facet normal -0.936955 -0.349451 0
    outer loop
      vertex 0.671644 -1.67779 -27.452
      vertex 0.636742 -1.58421 -22.8939
      vertex 0.636742 -1.58421 -27.4545
    endloop
  endfacet
  facet normal -0.936955 -0.349451 0
    outer loop
      vertex 0.636742 -1.58421 -22.8939
      vertex 0.671644 -1.67779 -27.452
      vertex 0.671644 -1.67779 -22.8678
    endloop
  endfacet
  facet normal -0.936955 -0.349451 -0
    outer loop
      vertex 0.671644 -1.67779 5.95196
      vertex 0.636742 -1.58421 0.89391
      vertex 0.671644 -1.67779 0.867782
    endloop
  endfacet
  facet normal -0.936955 -0.349451 0
    outer loop
      vertex 0.636742 -1.58421 0.89391
      vertex 0.671644 -1.67779 5.95196
      vertex 0.636742 -1.58421 5.95446
    endloop
  endfacet
  facet normal -0.936955 -0.349451 0
    outer loop
      vertex 0.671644 -1.67779 -21.1322
      vertex 0.636742 -1.58421 -0.89391
      vertex 0.636742 -1.58421 -21.1061
    endloop
  endfacet
  facet normal -0.936955 -0.349451 0
    outer loop
      vertex 0.636742 -1.58421 -0.89391
      vertex 0.671644 -1.67779 -21.1322
      vertex 0.671644 -1.67779 -0.867782
    endloop
  endfacet
  facet normal -0.598403 -0.801195 0
    outer loop
      vertex 0.456956 -1.34489 -23.0006
      vertex 0.458402 -1.34597 -27.4672
      vertex 0.458402 -1.34597 -22.9998
    endloop
  endfacet
  facet normal -0.599275 -0.800543 -4.40051e-07
    outer loop
      vertex 0.378448 -1.28612 -23.0299
      vertex 0.458402 -1.34597 -27.4672
      vertex 0.456956 -1.34489 -23.0006
    endloop
  endfacet
  facet normal -0.59926 -0.800555 0
    outer loop
      vertex 0.458402 -1.34597 -27.4672
      vertex 0.378448 -1.28612 -23.0299
      vertex 0.378448 -1.28612 -27.4729
    endloop
  endfacet
  facet normal -0.59926 -0.800555 0
    outer loop
      vertex 0.378448 -1.28612 1.02988
      vertex 0.458402 -1.34597 5.96721
      vertex 0.378448 -1.28612 5.97293
    endloop
  endfacet
  facet normal -0.599275 -0.800543 3.95754e-07
    outer loop
      vertex 0.456956 -1.34489 1.0006
      vertex 0.458402 -1.34597 5.96721
      vertex 0.378448 -1.28612 1.02988
    endloop
  endfacet
  facet normal -0.598403 -0.801195 -0
    outer loop
      vertex 0.458402 -1.34597 5.96721
      vertex 0.456956 -1.34489 1.0006
      vertex 0.458402 -1.34597 0.999806
    endloop
  endfacet
  facet normal -0.599275 -0.800543 0
    outer loop
      vertex 0.378448 -1.28612 -20.9701
      vertex 0.456956 -1.34489 -1.0006
      vertex 0.378448 -1.28612 -1.02988
    endloop
  endfacet
  facet normal -0.599275 -0.800543 0
    outer loop
      vertex 0.456956 -1.34489 -20.9994
      vertex 0.456956 -1.34489 -1.0006
      vertex 0.378448 -1.28612 -20.9701
    endloop
  endfacet
  facet normal -0.598403 -0.801195 -0
    outer loop
      vertex 0.456956 -1.34489 -1.0006
      vertex 0.456956 -1.34489 -20.9994
      vertex 0.458402 -1.34597 -0.999806
    endloop
  endfacet
  facet normal -0.598403 -0.801195 -0
    outer loop
      vertex 0.458402 -1.34597 -0.999806
      vertex 0.456956 -1.34489 -20.9994
      vertex 0.458402 -1.34597 -21.0002
    endloop
  endfacet
  facet normal -0.707147 -0.707067 0
    outer loop
      vertex 0.529024 -1.4166 -27.4622
      vertex 0.458402 -1.34597 -22.9998
      vertex 0.458402 -1.34597 -27.4672
    endloop
  endfacet
  facet normal -0.707147 -0.707067 0
    outer loop
      vertex 0.458402 -1.34597 -22.9998
      vertex 0.529024 -1.4166 -27.4622
      vertex 0.529024 -1.4166 -22.9612
    endloop
  endfacet
  facet normal -0.707147 -0.707067 -0
    outer loop
      vertex 0.529024 -1.4166 5.96216
      vertex 0.458402 -1.34597 0.999806
      vertex 0.529024 -1.4166 0.961243
    endloop
  endfacet
  facet normal -0.707147 -0.707067 0
    outer loop
      vertex 0.458402 -1.34597 0.999806
      vertex 0.529024 -1.4166 5.96216
      vertex 0.458402 -1.34597 5.96721
    endloop
  endfacet
  facet normal -0.707147 -0.707067 0
    outer loop
      vertex 0.529024 -1.4166 -21.0388
      vertex 0.458402 -1.34597 -0.999806
      vertex 0.458402 -1.34597 -21.0002
    endloop
  endfacet
  facet normal -0.707147 -0.707067 0
    outer loop
      vertex 0.458402 -1.34597 -0.999806
      vertex 0.529024 -1.4166 -21.0388
      vertex 0.529024 -1.4166 -0.961243
    endloop
  endfacet
  facet normal -0.349528 -0.936926 0
    outer loop
      vertex 0.197212 -1.20335 -23.08
      vertex 0.29079 -1.23826 -27.4792
      vertex 0.29079 -1.23826 -23.0596
    endloop
  endfacet
  facet normal -0.349528 -0.936926 0
    outer loop
      vertex 0.29079 -1.23826 -27.4792
      vertex 0.197212 -1.20335 -23.08
      vertex 0.197212 -1.20335 -27.4859
    endloop
  endfacet
  facet normal -0.349528 -0.936926 0
    outer loop
      vertex 0.197212 -1.20335 1.07996
      vertex 0.29079 -1.23826 5.9792
      vertex 0.197212 -1.20335 5.9859
    endloop
  endfacet
  facet normal -0.349528 -0.936926 -0
    outer loop
      vertex 0.29079 -1.23826 5.9792
      vertex 0.197212 -1.20335 1.07996
      vertex 0.29079 -1.23826 1.0596
    endloop
  endfacet
  facet normal -0.349528 -0.936926 0
    outer loop
      vertex 0.197212 -1.20335 -20.92
      vertex 0.29079 -1.23826 -1.0596
      vertex 0.197212 -1.20335 -1.07996
    endloop
  endfacet
  facet normal -0.349528 -0.936926 -0
    outer loop
      vertex 0.29079 -1.23826 -1.0596
      vertex 0.197212 -1.20335 -20.92
      vertex 0.29079 -1.23826 -20.9404
    endloop
  endfacet
  facet normal 0.936955 -0.349451 0
    outer loop
      vertex -0.671644 -1.67779 -27.452
      vertex -0.636742 -1.58421 -22.8939
      vertex -0.671644 -1.67779 -22.8678
    endloop
  endfacet
  facet normal 0.936955 -0.349451 0
    outer loop
      vertex -0.636742 -1.58421 -22.8939
      vertex -0.671644 -1.67779 -27.452
      vertex -0.636742 -1.58421 -27.4545
    endloop
  endfacet
  facet normal 0.936955 -0.349451 0
    outer loop
      vertex -0.671644 -1.67779 5.95196
      vertex -0.636742 -1.58421 0.89391
      vertex -0.636742 -1.58421 5.95446
    endloop
  endfacet
  facet normal 0.936955 -0.349451 0
    outer loop
      vertex -0.636742 -1.58421 0.89391
      vertex -0.671644 -1.67779 5.95196
      vertex -0.671644 -1.67779 0.867782
    endloop
  endfacet
  facet normal 0.936955 -0.349451 0
    outer loop
      vertex -0.671644 -1.67779 -0.867782
      vertex -0.636742 -1.58421 -21.1061
      vertex -0.636742 -1.58421 -0.89391
    endloop
  endfacet
  facet normal 0.936955 -0.349451 0
    outer loop
      vertex -0.636742 -1.58421 -21.1061
      vertex -0.671644 -1.67779 -0.867782
      vertex -0.671644 -1.67779 -21.1322
    endloop
  endfacet
  facet normal 0.977144 -0.212581 0
    outer loop
      vertex -0.692875 -1.77538 -27.4504
      vertex -0.671644 -1.67779 -22.8678
      vertex -0.692875 -1.77538 -22.8519
    endloop
  endfacet
  facet normal 0.977144 -0.212581 0
    outer loop
      vertex -0.671644 -1.67779 -22.8678
      vertex -0.692875 -1.77538 -27.4504
      vertex -0.671644 -1.67779 -27.452
    endloop
  endfacet
  facet normal 0.977144 -0.212581 0
    outer loop
      vertex -0.692875 -1.77538 5.95044
      vertex -0.671644 -1.67779 0.867782
      vertex -0.671644 -1.67779 5.95196
    endloop
  endfacet
  facet normal 0.977144 -0.212581 0
    outer loop
      vertex -0.671644 -1.67779 0.867782
      vertex -0.692875 -1.77538 5.95044
      vertex -0.692875 -1.77538 0.851889
    endloop
  endfacet
  facet normal 0.977144 -0.212581 0
    outer loop
      vertex -0.692875 -1.77538 -0.851889
      vertex -0.671644 -1.67779 -21.1322
      vertex -0.671644 -1.67779 -0.867782
    endloop
  endfacet
  facet normal 0.977144 -0.212581 0
    outer loop
      vertex -0.671644 -1.67779 -21.1322
      vertex -0.692875 -1.77538 -0.851889
      vertex -0.692875 -1.77538 -21.1481
    endloop
  endfacet
  facet normal 0.21242 -0.977179 0
    outer loop
      vertex -0.197212 -1.20335 -27.4859
      vertex -0.156546 -1.19451 -23.0888
      vertex -0.197212 -1.20335 -23.08
    endloop
  endfacet
  facet normal 0.212671 -0.977124 -2.43822e-06
    outer loop
      vertex -0.197212 -1.20335 -27.4859
      vertex -0.0996199 -1.18212 -23.0929
      vertex -0.156546 -1.19451 -23.0888
    endloop
  endfacet
  facet normal 0.212567 -0.977147 0
    outer loop
      vertex -0.0996199 -1.18212 -23.0929
      vertex -0.197212 -1.20335 -27.4859
      vertex -0.0996199 -1.18212 -27.4929
    endloop
  endfacet
  facet normal 0.212567 -0.977147 0
    outer loop
      vertex -0.197212 -1.20335 5.9859
      vertex -0.0996199 -1.18212 1.09287
      vertex -0.0996199 -1.18212 5.99288
    endloop
  endfacet
  facet normal 0.212671 -0.977124 2.18944e-06
    outer loop
      vertex -0.197212 -1.20335 5.9859
      vertex -0.156546 -1.19451 1.0888
      vertex -0.0996199 -1.18212 1.09287
    endloop
  endfacet
  facet normal 0.21242 -0.977179 0
    outer loop
      vertex -0.156546 -1.19451 1.0888
      vertex -0.197212 -1.20335 5.9859
      vertex -0.197212 -1.20335 1.07996
    endloop
  endfacet
  facet normal 0.212672 -0.977124 0
    outer loop
      vertex -0.156546 -1.19451 -1.0888
      vertex -0.0996199 -1.18212 -20.9071
      vertex -0.0996199 -1.18212 -1.09287
    endloop
  endfacet
  facet normal 0.21242 -0.977179 0
    outer loop
      vertex -0.156546 -1.19451 -20.9112
      vertex -0.156546 -1.19451 -1.0888
      vertex -0.197212 -1.20335 -1.07996
    endloop
  endfacet
  facet normal 0.212672 -0.977124 0
    outer loop
      vertex -0.156546 -1.19451 -1.0888
      vertex -0.156546 -1.19451 -20.9112
      vertex -0.0996199 -1.18212 -20.9071
    endloop
  endfacet
  facet normal 0.21242 -0.977179 0
    outer loop
      vertex -0.156546 -1.19451 -20.9112
      vertex -0.197212 -1.20335 -1.07996
      vertex -0.197212 -1.20335 -20.92
    endloop
  endfacet
  facet normal -0.877692 0.479225 0
    outer loop
      vertex 0.636742 -2.16579 -27.4545
      vertex 0.594705 -2.24278 -22.9254
      vertex 0.636742 -2.16579 -22.8939
    endloop
  endfacet
  facet normal -0.877683 0.479241 0
    outer loop
      vertex 0.588877 -2.25345 -22.9286
      vertex 0.636742 -2.16579 -27.4545
      vertex 0.588877 -2.25345 -27.4579
    endloop
  endfacet
  facet normal -0.877619 0.479358 2.9439e-06
    outer loop
      vertex 0.636742 -2.16579 -27.4545
      vertex 0.588877 -2.25345 -22.9286
      vertex 0.594705 -2.24278 -22.9254
    endloop
  endfacet
  facet normal -0.877692 0.479225 0
    outer loop
      vertex 0.594705 -2.24278 0.925379
      vertex 0.636742 -2.16579 5.95446
      vertex 0.636742 -2.16579 0.89391
    endloop
  endfacet
  facet normal -0.877619 0.479359 -2.65263e-06
    outer loop
      vertex 0.588877 -2.25345 0.928561
      vertex 0.636742 -2.16579 5.95446
      vertex 0.594705 -2.24278 0.925379
    endloop
  endfacet
  facet normal -0.877683 0.479241 0
    outer loop
      vertex 0.636742 -2.16579 5.95446
      vertex 0.588877 -2.25345 0.928561
      vertex 0.588877 -2.25345 5.95788
    endloop
  endfacet
  facet normal -0.877692 0.479225 0
    outer loop
      vertex 0.594705 -2.24278 -21.0746
      vertex 0.636742 -2.16579 -0.89391
      vertex 0.636742 -2.16579 -21.1061
    endloop
  endfacet
  facet normal -0.877692 0.479225 0
    outer loop
      vertex 0.594705 -2.24278 -21.0746
      vertex 0.594705 -2.24278 -0.925379
      vertex 0.636742 -2.16579 -0.89391
    endloop
  endfacet
  facet normal -0.877619 0.479359 0
    outer loop
      vertex 0.588877 -2.25345 -21.0714
      vertex 0.594705 -2.24278 -0.925379
      vertex 0.594705 -2.24278 -21.0746
    endloop
  endfacet
  facet normal -0.877619 0.479359 0
    outer loop
      vertex 0.594705 -2.24278 -0.925379
      vertex 0.588877 -2.25345 -21.0714
      vertex 0.588877 -2.25345 -0.928561
    endloop
  endfacet
  facet normal 0.997452 0.0713396 0
    outer loop
      vertex -0.692875 -1.97462 -22.8519
      vertex -0.7 -1.875 -27.4499
      vertex -0.7 -1.875 -22.8466
    endloop
  endfacet
  facet normal 0.997452 0.0713396 0
    outer loop
      vertex -0.7 -1.875 -27.4499
      vertex -0.692875 -1.97462 -22.8519
      vertex -0.692875 -1.97462 -27.4504
    endloop
  endfacet
  facet normal 0.997452 0.0713396 -0
    outer loop
      vertex -0.692875 -1.97462 0.851889
      vertex -0.7 -1.875 5.94993
      vertex -0.692875 -1.97462 5.95044
    endloop
  endfacet
  facet normal 0.997452 0.0713396 0
    outer loop
      vertex -0.7 -1.875 5.94993
      vertex -0.692875 -1.97462 0.851889
      vertex -0.7 -1.875 0.846555
    endloop
  endfacet
  facet normal 0.997452 0.0713396 0
    outer loop
      vertex -0.692875 -1.97462 -0.851889
      vertex -0.7 -1.875 -21.1534
      vertex -0.7 -1.875 -0.846555
    endloop
  endfacet
  facet normal 0.997452 0.0713396 0
    outer loop
      vertex -0.7 -1.875 -21.1534
      vertex -0.692875 -1.97462 -0.851889
      vertex -0.692875 -1.97462 -21.1481
    endloop
  endfacet
  facet normal 0.877692 0.479225 0
    outer loop
      vertex -0.594705 -2.24278 -22.9254
      vertex -0.636742 -2.16579 -27.4545
      vertex -0.636742 -2.16579 -22.8939
    endloop
  endfacet
  facet normal 0.877619 0.479358 2.9439e-06
    outer loop
      vertex -0.588877 -2.25345 -22.9286
      vertex -0.636742 -2.16579 -27.4545
      vertex -0.594705 -2.24278 -22.9254
    endloop
  endfacet
  facet normal 0.877683 0.479241 0
    outer loop
      vertex -0.636742 -2.16579 -27.4545
      vertex -0.588877 -2.25345 -22.9286
      vertex -0.588877 -2.25345 -27.4579
    endloop
  endfacet
  facet normal 0.877692 0.479225 0
    outer loop
      vertex -0.636742 -2.16579 5.95446
      vertex -0.594705 -2.24278 0.925379
      vertex -0.636742 -2.16579 0.89391
    endloop
  endfacet
  facet normal 0.877683 0.479241 -0
    outer loop
      vertex -0.588877 -2.25345 0.928561
      vertex -0.636742 -2.16579 5.95446
      vertex -0.588877 -2.25345 5.95788
    endloop
  endfacet
  facet normal 0.877619 0.479359 -2.65263e-06
    outer loop
      vertex -0.636742 -2.16579 5.95446
      vertex -0.588877 -2.25345 0.928561
      vertex -0.594705 -2.24278 0.925379
    endloop
  endfacet
  facet normal 0.877692 0.479225 0
    outer loop
      vertex -0.594705 -2.24278 -0.925379
      vertex -0.636742 -2.16579 -21.1061
      vertex -0.636742 -2.16579 -0.89391
    endloop
  endfacet
  facet normal 0.877692 0.479225 0
    outer loop
      vertex -0.594705 -2.24278 -0.925379
      vertex -0.594705 -2.24278 -21.0746
      vertex -0.636742 -2.16579 -21.1061
    endloop
  endfacet
  facet normal 0.877619 0.479359 0
    outer loop
      vertex -0.588877 -2.25345 -0.928561
      vertex -0.594705 -2.24278 -21.0746
      vertex -0.594705 -2.24278 -0.925379
    endloop
  endfacet
  facet normal 0.877619 0.479359 0
    outer loop
      vertex -0.594705 -2.24278 -21.0746
      vertex -0.588877 -2.25345 -0.928561
      vertex -0.588877 -2.25345 -21.0714
    endloop
  endfacet
  facet normal -0.212649 0.977129 0
    outer loop
      vertex 0.197212 -2.54664 -27.4859
      vertex 0.156546 -2.55549 -23.0888
      vertex 0.197212 -2.54664 -23.08
    endloop
  endfacet
  facet normal -0.212508 0.977159 1.36895e-06
    outer loop
      vertex 0.197212 -2.54664 -27.4859
      vertex 0.0996199 -2.56787 -23.0929
      vertex 0.156546 -2.55549 -23.0888
    endloop
  endfacet
  facet normal -0.212567 0.977147 0
    outer loop
      vertex 0.0996199 -2.56787 -23.0929
      vertex 0.197212 -2.54664 -27.4859
      vertex 0.0996199 -2.56787 -27.4929
    endloop
  endfacet
  facet normal -0.212567 0.977147 0
    outer loop
      vertex 0.197212 -2.54664 5.9859
      vertex 0.0996199 -2.56787 1.09287
      vertex 0.0996199 -2.56787 5.99288
    endloop
  endfacet
  facet normal -0.212508 0.977159 -1.22927e-06
    outer loop
      vertex 0.197212 -2.54664 5.9859
      vertex 0.156546 -2.55549 1.0888
      vertex 0.0996199 -2.56787 1.09287
    endloop
  endfacet
  facet normal -0.212649 0.977129 0
    outer loop
      vertex 0.156546 -2.55549 1.0888
      vertex 0.197212 -2.54664 5.9859
      vertex 0.197212 -2.54664 1.07996
    endloop
  endfacet
  facet normal -0.212508 0.977159 0
    outer loop
      vertex 0.156546 -2.55549 -1.0888
      vertex 0.0996199 -2.56787 -20.9071
      vertex 0.0996199 -2.56787 -1.09287
    endloop
  endfacet
  facet normal -0.212649 0.977129 0
    outer loop
      vertex 0.156546 -2.55549 -20.9112
      vertex 0.156546 -2.55549 -1.0888
      vertex 0.197212 -2.54664 -1.07996
    endloop
  endfacet
  facet normal -0.212508 0.977159 0
    outer loop
      vertex 0.156546 -2.55549 -1.0888
      vertex 0.156546 -2.55549 -20.9112
      vertex 0.0996199 -2.56787 -20.9071
    endloop
  endfacet
  facet normal -0.212649 0.977129 0
    outer loop
      vertex 0.156546 -2.55549 -20.9112
      vertex 0.197212 -2.54664 -1.07996
      vertex 0.197212 -2.54664 -20.92
    endloop
  endfacet
  facet normal -0.707097 0.707117 0
    outer loop
      vertex 0.458402 -2.40402 -22.9998
      vertex 0.529024 -2.3334 -27.4622
      vertex 0.458402 -2.40402 -27.4672
    endloop
  endfacet
  facet normal -0.707097 0.707117 0
    outer loop
      vertex 0.529024 -2.3334 -27.4622
      vertex 0.458402 -2.40402 -22.9998
      vertex 0.529024 -2.3334 -22.9612
    endloop
  endfacet
  facet normal -0.707097 0.707117 0
    outer loop
      vertex 0.458402 -2.40402 0.999806
      vertex 0.529024 -2.3334 5.96216
      vertex 0.529024 -2.3334 0.961243
    endloop
  endfacet
  facet normal -0.707097 0.707117 0
    outer loop
      vertex 0.529024 -2.3334 5.96216
      vertex 0.458402 -2.40402 0.999806
      vertex 0.458402 -2.40402 5.96721
    endloop
  endfacet
  facet normal -0.707097 0.707117 0
    outer loop
      vertex 0.458402 -2.40402 -21.0002
      vertex 0.529024 -2.3334 -0.961243
      vertex 0.529024 -2.3334 -21.0388
    endloop
  endfacet
  facet normal -0.707097 0.707117 0
    outer loop
      vertex 0.529024 -2.3334 -0.961243
      vertex 0.458402 -2.40402 -21.0002
      vertex 0.458402 -2.40402 -0.999806
    endloop
  endfacet
  facet normal -0.936955 0.349451 0
    outer loop
      vertex 0.636742 -2.16579 -22.8939
      vertex 0.671644 -2.07221 -27.452
      vertex 0.636742 -2.16579 -27.4545
    endloop
  endfacet
  facet normal -0.936955 0.349451 0
    outer loop
      vertex 0.671644 -2.07221 -27.452
      vertex 0.636742 -2.16579 -22.8939
      vertex 0.671644 -2.07221 -22.8678
    endloop
  endfacet
  facet normal -0.936955 0.349451 0
    outer loop
      vertex 0.636742 -2.16579 0.89391
      vertex 0.671644 -2.07221 5.95196
      vertex 0.671644 -2.07221 0.867782
    endloop
  endfacet
  facet normal -0.936955 0.349451 0
    outer loop
      vertex 0.671644 -2.07221 5.95196
      vertex 0.636742 -2.16579 0.89391
      vertex 0.636742 -2.16579 5.95446
    endloop
  endfacet
  facet normal -0.936955 0.349451 0
    outer loop
      vertex 0.636742 -2.16579 -21.1061
      vertex 0.671644 -2.07221 -0.867782
      vertex 0.671644 -2.07221 -21.1322
    endloop
  endfacet
  facet normal -0.936955 0.349451 0
    outer loop
      vertex 0.671644 -2.07221 -0.867782
      vertex 0.636742 -2.16579 -21.1061
      vertex 0.636742 -2.16579 -0.89391
    endloop
  endfacet
  facet normal 0.212649 0.977129 0
    outer loop
      vertex -0.156546 -2.55549 -23.0888
      vertex -0.197212 -2.54664 -27.4859
      vertex -0.197212 -2.54664 -23.08
    endloop
  endfacet
  facet normal 0.212508 0.977159 1.36895e-06
    outer loop
      vertex -0.0996199 -2.56787 -23.0929
      vertex -0.197212 -2.54664 -27.4859
      vertex -0.156546 -2.55549 -23.0888
    endloop
  endfacet
  facet normal 0.212567 0.977147 0
    outer loop
      vertex -0.197212 -2.54664 -27.4859
      vertex -0.0996199 -2.56787 -23.0929
      vertex -0.0996199 -2.56787 -27.4929
    endloop
  endfacet
  facet normal 0.212567 0.977147 -0
    outer loop
      vertex -0.0996199 -2.56787 1.09287
      vertex -0.197212 -2.54664 5.9859
      vertex -0.0996199 -2.56787 5.99288
    endloop
  endfacet
  facet normal 0.212508 0.977159 -1.22927e-06
    outer loop
      vertex -0.156546 -2.55549 1.0888
      vertex -0.197212 -2.54664 5.9859
      vertex -0.0996199 -2.56787 1.09287
    endloop
  endfacet
  facet normal 0.212649 0.977129 0
    outer loop
      vertex -0.197212 -2.54664 5.9859
      vertex -0.156546 -2.55549 1.0888
      vertex -0.197212 -2.54664 1.07996
    endloop
  endfacet
  facet normal 0.212508 0.977159 -0
    outer loop
      vertex -0.0996199 -2.56787 -20.9071
      vertex -0.156546 -2.55549 -1.0888
      vertex -0.0996199 -2.56787 -1.09287
    endloop
  endfacet
  facet normal 0.212508 0.977159 -0
    outer loop
      vertex -0.156546 -2.55549 -20.9112
      vertex -0.156546 -2.55549 -1.0888
      vertex -0.0996199 -2.56787 -20.9071
    endloop
  endfacet
  facet normal 0.212649 0.977129 0
    outer loop
      vertex -0.156546 -2.55549 -1.0888
      vertex -0.156546 -2.55549 -20.9112
      vertex -0.197212 -2.54664 -1.07996
    endloop
  endfacet
  facet normal 0.212649 0.977129 0
    outer loop
      vertex -0.197212 -2.54664 -1.07996
      vertex -0.156546 -2.55549 -20.9112
      vertex -0.197212 -2.54664 -20.92
    endloop
  endfacet
  facet normal 0.0713894 0.997449 0
    outer loop
      vertex 0 -2.575 -23.1
      vertex -0.0996199 -2.56787 -27.4929
      vertex -0.0996199 -2.56787 -23.0929
    endloop
  endfacet
  facet normal 0.0713894 0.997449 0
    outer loop
      vertex -0.0996199 -2.56787 -27.4929
      vertex 0 -2.575 -23.1
      vertex 0 -2.575 -27.5
    endloop
  endfacet
  facet normal 0.0713894 0.997449 -0
    outer loop
      vertex 0 -2.575 1.1
      vertex -0.0996199 -2.56787 5.99288
      vertex 0 -2.575 6
    endloop
  endfacet
  facet normal 0.0713894 0.997449 0
    outer loop
      vertex -0.0996199 -2.56787 5.99288
      vertex 0 -2.575 1.1
      vertex -0.0996199 -2.56787 1.09287
    endloop
  endfacet
  facet normal 0.0713894 0.997449 -0
    outer loop
      vertex 0 -2.575 -20.9
      vertex -0.0996199 -2.56787 -1.09287
      vertex 0 -2.575 -1.1
    endloop
  endfacet
  facet normal 0.0713894 0.997449 0
    outer loop
      vertex -0.0996199 -2.56787 -1.09287
      vertex 0 -2.575 -20.9
      vertex -0.0996199 -2.56787 -20.9071
    endloop
  endfacet
  facet normal 0.936955 0.349451 0
    outer loop
      vertex -0.636742 -2.16579 -22.8939
      vertex -0.671644 -2.07221 -27.452
      vertex -0.671644 -2.07221 -22.8678
    endloop
  endfacet
  facet normal 0.936955 0.349451 0
    outer loop
      vertex -0.671644 -2.07221 -27.452
      vertex -0.636742 -2.16579 -22.8939
      vertex -0.636742 -2.16579 -27.4545
    endloop
  endfacet
  facet normal 0.936955 0.349451 -0
    outer loop
      vertex -0.636742 -2.16579 0.89391
      vertex -0.671644 -2.07221 5.95196
      vertex -0.636742 -2.16579 5.95446
    endloop
  endfacet
  facet normal 0.936955 0.349451 0
    outer loop
      vertex -0.671644 -2.07221 5.95196
      vertex -0.636742 -2.16579 0.89391
      vertex -0.671644 -2.07221 0.867782
    endloop
  endfacet
  facet normal 0.936955 0.349451 0
    outer loop
      vertex -0.636742 -2.16579 -0.89391
      vertex -0.671644 -2.07221 -21.1322
      vertex -0.671644 -2.07221 -0.867782
    endloop
  endfacet
  facet normal 0.936955 0.349451 0
    outer loop
      vertex -0.671644 -2.07221 -21.1322
      vertex -0.636742 -2.16579 -0.89391
      vertex -0.636742 -2.16579 -21.1061
    endloop
  endfacet
  facet normal 0.977144 0.212581 0
    outer loop
      vertex -0.671644 -2.07221 -22.8678
      vertex -0.692875 -1.97462 -27.4504
      vertex -0.692875 -1.97462 -22.8519
    endloop
  endfacet
  facet normal 0.977144 0.212581 0
    outer loop
      vertex -0.692875 -1.97462 -27.4504
      vertex -0.671644 -2.07221 -22.8678
      vertex -0.671644 -2.07221 -27.452
    endloop
  endfacet
  facet normal 0.977144 0.212581 -0
    outer loop
      vertex -0.671644 -2.07221 0.867782
      vertex -0.692875 -1.97462 5.95044
      vertex -0.671644 -2.07221 5.95196
    endloop
  endfacet
  facet normal 0.977144 0.212581 0
    outer loop
      vertex -0.692875 -1.97462 5.95044
      vertex -0.671644 -2.07221 0.867782
      vertex -0.692875 -1.97462 0.851889
    endloop
  endfacet
  facet normal 0.977144 0.212581 0
    outer loop
      vertex -0.671644 -2.07221 -0.867782
      vertex -0.692875 -1.97462 -21.1481
      vertex -0.692875 -1.97462 -0.851889
    endloop
  endfacet
  facet normal 0.977144 0.212581 0
    outer loop
      vertex -0.692875 -1.97462 -21.1481
      vertex -0.671644 -2.07221 -0.867782
      vertex -0.671644 -2.07221 -21.1322
    endloop
  endfacet
  facet normal -0.479177 0.877718 0
    outer loop
      vertex 0.378448 -2.46388 -27.4729
      vertex 0.309905 -2.5013 -23.0554
      vertex 0.378448 -2.46388 -23.0299
    endloop
  endfacet
  facet normal -0.479334 0.877633 -3.16567e-06
    outer loop
      vertex 0.378448 -2.46388 -27.4729
      vertex 0.29079 -2.51174 -23.0596
      vertex 0.309905 -2.5013 -23.0554
    endloop
  endfacet
  facet normal -0.479211 0.8777 0
    outer loop
      vertex 0.29079 -2.51174 -23.0596
      vertex 0.378448 -2.46388 -27.4729
      vertex 0.29079 -2.51174 -27.4792
    endloop
  endfacet
  facet normal -0.479211 0.8777 0
    outer loop
      vertex 0.378448 -2.46388 5.97293
      vertex 0.29079 -2.51174 1.0596
      vertex 0.29079 -2.51174 5.9792
    endloop
  endfacet
  facet normal -0.479334 0.877633 2.84486e-06
    outer loop
      vertex 0.378448 -2.46388 5.97293
      vertex 0.309905 -2.5013 1.05544
      vertex 0.29079 -2.51174 1.0596
    endloop
  endfacet
  facet normal -0.479177 0.877718 0
    outer loop
      vertex 0.309905 -2.5013 1.05544
      vertex 0.378448 -2.46388 5.97293
      vertex 0.378448 -2.46388 1.02988
    endloop
  endfacet
  facet normal -0.479335 0.877632 0
    outer loop
      vertex 0.309905 -2.5013 -1.05544
      vertex 0.29079 -2.51174 -20.9404
      vertex 0.29079 -2.51174 -1.0596
    endloop
  endfacet
  facet normal -0.479177 0.877718 0
    outer loop
      vertex 0.309905 -2.5013 -20.9446
      vertex 0.309905 -2.5013 -1.05544
      vertex 0.378448 -2.46388 -1.02988
    endloop
  endfacet
  facet normal -0.479335 0.877632 0
    outer loop
      vertex 0.309905 -2.5013 -1.05544
      vertex 0.309905 -2.5013 -20.9446
      vertex 0.29079 -2.51174 -20.9404
    endloop
  endfacet
  facet normal -0.479177 0.877718 0
    outer loop
      vertex 0.309905 -2.5013 -20.9446
      vertex 0.378448 -2.46388 -1.02988
      vertex 0.378448 -2.46388 -20.9701
    endloop
  endfacet
  facet normal -0.34944 0.936959 0
    outer loop
      vertex 0.29079 -2.51174 -27.4792
      vertex 0.197212 -2.54664 -23.08
      vertex 0.29079 -2.51174 -23.0596
    endloop
  endfacet
  facet normal -0.34944 0.936959 0
    outer loop
      vertex 0.197212 -2.54664 -23.08
      vertex 0.29079 -2.51174 -27.4792
      vertex 0.197212 -2.54664 -27.4859
    endloop
  endfacet
  facet normal -0.34944 0.936959 0
    outer loop
      vertex 0.29079 -2.51174 5.9792
      vertex 0.197212 -2.54664 1.07996
      vertex 0.197212 -2.54664 5.9859
    endloop
  endfacet
  facet normal -0.34944 0.936959 0
    outer loop
      vertex 0.197212 -2.54664 1.07996
      vertex 0.29079 -2.51174 5.9792
      vertex 0.29079 -2.51174 1.0596
    endloop
  endfacet
  facet normal -0.34944 0.936959 0
    outer loop
      vertex 0.29079 -2.51174 -1.0596
      vertex 0.197212 -2.54664 -20.92
      vertex 0.197212 -2.54664 -1.07996
    endloop
  endfacet
  facet normal -0.34944 0.936959 0
    outer loop
      vertex 0.197212 -2.54664 -20.92
      vertex 0.29079 -2.51174 -1.0596
      vertex 0.29079 -2.51174 -20.9404
    endloop
  endfacet
  facet normal 0.601942 0.79854 0
    outer loop
      vertex -0.456956 -2.40511 -23.0006
      vertex -0.458402 -2.40402 -27.4672
      vertex -0.458402 -2.40402 -22.9998
    endloop
  endfacet
  facet normal 0.599276 0.800543 1.35202e-06
    outer loop
      vertex -0.378448 -2.46388 -23.0299
      vertex -0.458402 -2.40402 -27.4672
      vertex -0.456956 -2.40511 -23.0006
    endloop
  endfacet
  facet normal 0.599324 0.800507 0
    outer loop
      vertex -0.458402 -2.40402 -27.4672
      vertex -0.378448 -2.46388 -23.0299
      vertex -0.378448 -2.46388 -27.4729
    endloop
  endfacet
  facet normal 0.599324 0.800507 -0
    outer loop
      vertex -0.378448 -2.46388 1.02988
      vertex -0.458402 -2.40402 5.96721
      vertex -0.378448 -2.46388 5.97293
    endloop
  endfacet
  facet normal 0.599276 0.800543 -1.21592e-06
    outer loop
      vertex -0.456956 -2.40511 1.0006
      vertex -0.458402 -2.40402 5.96721
      vertex -0.378448 -2.46388 1.02988
    endloop
  endfacet
  facet normal 0.601942 0.79854 0
    outer loop
      vertex -0.458402 -2.40402 5.96721
      vertex -0.456956 -2.40511 1.0006
      vertex -0.458402 -2.40402 0.999806
    endloop
  endfacet
  facet normal 0.599275 0.800543 -0
    outer loop
      vertex -0.378448 -2.46388 -20.9701
      vertex -0.456956 -2.40511 -1.0006
      vertex -0.378448 -2.46388 -1.02988
    endloop
  endfacet
  facet normal 0.599275 0.800543 -0
    outer loop
      vertex -0.456956 -2.40511 -20.9994
      vertex -0.456956 -2.40511 -1.0006
      vertex -0.378448 -2.46388 -20.9701
    endloop
  endfacet
  facet normal 0.601942 0.79854 0
    outer loop
      vertex -0.456956 -2.40511 -1.0006
      vertex -0.456956 -2.40511 -20.9994
      vertex -0.458402 -2.40402 -0.999806
    endloop
  endfacet
  facet normal 0.601942 0.79854 0
    outer loop
      vertex -0.458402 -2.40402 -0.999806
      vertex -0.456956 -2.40511 -20.9994
      vertex -0.458402 -2.40402 -21.0002
    endloop
  endfacet
  facet normal -0.0713894 0.997449 0
    outer loop
      vertex 0.0996199 -2.56787 -27.4929
      vertex 0 -2.575 -23.1
      vertex 0.0996199 -2.56787 -23.0929
    endloop
  endfacet
  facet normal -0.0713894 0.997449 0
    outer loop
      vertex 0 -2.575 -23.1
      vertex 0.0996199 -2.56787 -27.4929
      vertex 0 -2.575 -27.5
    endloop
  endfacet
  facet normal -0.0713894 0.997449 0
    outer loop
      vertex 0.0996199 -2.56787 5.99288
      vertex 0 -2.575 1.1
      vertex 0 -2.575 6
    endloop
  endfacet
  facet normal -0.0713894 0.997449 0
    outer loop
      vertex 0 -2.575 1.1
      vertex 0.0996199 -2.56787 5.99288
      vertex 0.0996199 -2.56787 1.09287
    endloop
  endfacet
  facet normal -0.0713894 0.997449 0
    outer loop
      vertex 0.0996199 -2.56787 -1.09287
      vertex 0 -2.575 -20.9
      vertex 0 -2.575 -1.1
    endloop
  endfacet
  facet normal -0.0713894 0.997449 0
    outer loop
      vertex 0 -2.575 -20.9
      vertex 0.0996199 -2.56787 -1.09287
      vertex 0.0996199 -2.56787 -20.9071
    endloop
  endfacet
  facet normal 0.800526 0.599298 0
    outer loop
      vertex -0.529024 -2.3334 -22.9612
      vertex -0.588877 -2.25345 -27.4579
      vertex -0.588877 -2.25345 -22.9286
    endloop
  endfacet
  facet normal 0.800526 0.599298 0
    outer loop
      vertex -0.588877 -2.25345 -27.4579
      vertex -0.529024 -2.3334 -22.9612
      vertex -0.529024 -2.3334 -27.4622
    endloop
  endfacet
  facet normal 0.800526 0.599298 -0
    outer loop
      vertex -0.529024 -2.3334 0.961243
      vertex -0.588877 -2.25345 5.95788
      vertex -0.529024 -2.3334 5.96216
    endloop
  endfacet
  facet normal 0.800526 0.599298 0
    outer loop
      vertex -0.588877 -2.25345 5.95788
      vertex -0.529024 -2.3334 0.961243
      vertex -0.588877 -2.25345 0.928561
    endloop
  endfacet
  facet normal 0.800526 0.599298 0
    outer loop
      vertex -0.529024 -2.3334 -0.961243
      vertex -0.588877 -2.25345 -21.0714
      vertex -0.588877 -2.25345 -0.928561
    endloop
  endfacet
  facet normal 0.800526 0.599298 0
    outer loop
      vertex -0.588877 -2.25345 -21.0714
      vertex -0.529024 -2.3334 -0.961243
      vertex -0.529024 -2.3334 -21.0388
    endloop
  endfacet
  facet normal 0.707097 0.707117 0
    outer loop
      vertex -0.458402 -2.40402 -22.9998
      vertex -0.529024 -2.3334 -27.4622
      vertex -0.529024 -2.3334 -22.9612
    endloop
  endfacet
  facet normal 0.707097 0.707117 0
    outer loop
      vertex -0.529024 -2.3334 -27.4622
      vertex -0.458402 -2.40402 -22.9998
      vertex -0.458402 -2.40402 -27.4672
    endloop
  endfacet
  facet normal 0.707097 0.707117 -0
    outer loop
      vertex -0.458402 -2.40402 0.999806
      vertex -0.529024 -2.3334 5.96216
      vertex -0.458402 -2.40402 5.96721
    endloop
  endfacet
  facet normal 0.707097 0.707117 0
    outer loop
      vertex -0.529024 -2.3334 5.96216
      vertex -0.458402 -2.40402 0.999806
      vertex -0.529024 -2.3334 0.961243
    endloop
  endfacet
  facet normal 0.707097 0.707117 0
    outer loop
      vertex -0.458402 -2.40402 -0.999806
      vertex -0.529024 -2.3334 -21.0388
      vertex -0.529024 -2.3334 -0.961243
    endloop
  endfacet
  facet normal 0.707097 0.707117 0
    outer loop
      vertex -0.529024 -2.3334 -21.0388
      vertex -0.458402 -2.40402 -0.999806
      vertex -0.458402 -2.40402 -21.0002
    endloop
  endfacet
  facet normal -0.800526 0.599298 0
    outer loop
      vertex 0.529024 -2.3334 -22.9612
      vertex 0.588877 -2.25345 -27.4579
      vertex 0.529024 -2.3334 -27.4622
    endloop
  endfacet
  facet normal -0.800526 0.599298 0
    outer loop
      vertex 0.588877 -2.25345 -27.4579
      vertex 0.529024 -2.3334 -22.9612
      vertex 0.588877 -2.25345 -22.9286
    endloop
  endfacet
  facet normal -0.800526 0.599298 0
    outer loop
      vertex 0.529024 -2.3334 0.961243
      vertex 0.588877 -2.25345 5.95788
      vertex 0.588877 -2.25345 0.928561
    endloop
  endfacet
  facet normal -0.800526 0.599298 0
    outer loop
      vertex 0.588877 -2.25345 5.95788
      vertex 0.529024 -2.3334 0.961243
      vertex 0.529024 -2.3334 5.96216
    endloop
  endfacet
  facet normal -0.800526 0.599298 0
    outer loop
      vertex 0.529024 -2.3334 -21.0388
      vertex 0.588877 -2.25345 -0.928561
      vertex 0.588877 -2.25345 -21.0714
    endloop
  endfacet
  facet normal -0.800526 0.599298 0
    outer loop
      vertex 0.588877 -2.25345 -0.928561
      vertex 0.529024 -2.3334 -21.0388
      vertex 0.529024 -2.3334 -0.961243
    endloop
  endfacet
  facet normal 0.479177 0.877718 0
    outer loop
      vertex -0.309905 -2.5013 -23.0554
      vertex -0.378448 -2.46388 -27.4729
      vertex -0.378448 -2.46388 -23.0299
    endloop
  endfacet
  facet normal 0.479334 0.877633 -3.16567e-06
    outer loop
      vertex -0.29079 -2.51174 -23.0596
      vertex -0.378448 -2.46388 -27.4729
      vertex -0.309905 -2.5013 -23.0554
    endloop
  endfacet
  facet normal 0.479211 0.8777 0
    outer loop
      vertex -0.378448 -2.46388 -27.4729
      vertex -0.29079 -2.51174 -23.0596
      vertex -0.29079 -2.51174 -27.4792
    endloop
  endfacet
  facet normal 0.479211 0.8777 -0
    outer loop
      vertex -0.29079 -2.51174 1.0596
      vertex -0.378448 -2.46388 5.97293
      vertex -0.29079 -2.51174 5.9792
    endloop
  endfacet
  facet normal 0.479334 0.877633 2.84486e-06
    outer loop
      vertex -0.309905 -2.5013 1.05544
      vertex -0.378448 -2.46388 5.97293
      vertex -0.29079 -2.51174 1.0596
    endloop
  endfacet
  facet normal 0.479177 0.877718 0
    outer loop
      vertex -0.378448 -2.46388 5.97293
      vertex -0.309905 -2.5013 1.05544
      vertex -0.378448 -2.46388 1.02988
    endloop
  endfacet
  facet normal 0.479335 0.877632 -0
    outer loop
      vertex -0.29079 -2.51174 -20.9404
      vertex -0.309905 -2.5013 -1.05544
      vertex -0.29079 -2.51174 -1.0596
    endloop
  endfacet
  facet normal 0.479335 0.877632 -0
    outer loop
      vertex -0.309905 -2.5013 -20.9446
      vertex -0.309905 -2.5013 -1.05544
      vertex -0.29079 -2.51174 -20.9404
    endloop
  endfacet
  facet normal 0.479177 0.877718 0
    outer loop
      vertex -0.309905 -2.5013 -1.05544
      vertex -0.309905 -2.5013 -20.9446
      vertex -0.378448 -2.46388 -1.02988
    endloop
  endfacet
  facet normal 0.479177 0.877718 0
    outer loop
      vertex -0.378448 -2.46388 -1.02988
      vertex -0.309905 -2.5013 -20.9446
      vertex -0.378448 -2.46388 -20.9701
    endloop
  endfacet
  facet normal 0.34944 0.936959 0
    outer loop
      vertex -0.197212 -2.54664 -23.08
      vertex -0.29079 -2.51174 -27.4792
      vertex -0.29079 -2.51174 -23.0596
    endloop
  endfacet
  facet normal 0.34944 0.936959 0
    outer loop
      vertex -0.29079 -2.51174 -27.4792
      vertex -0.197212 -2.54664 -23.08
      vertex -0.197212 -2.54664 -27.4859
    endloop
  endfacet
  facet normal 0.34944 0.936959 -0
    outer loop
      vertex -0.197212 -2.54664 1.07996
      vertex -0.29079 -2.51174 5.9792
      vertex -0.197212 -2.54664 5.9859
    endloop
  endfacet
  facet normal 0.34944 0.936959 0
    outer loop
      vertex -0.29079 -2.51174 5.9792
      vertex -0.197212 -2.54664 1.07996
      vertex -0.29079 -2.51174 1.0596
    endloop
  endfacet
  facet normal 0.34944 0.936959 -0
    outer loop
      vertex -0.197212 -2.54664 -20.92
      vertex -0.29079 -2.51174 -1.0596
      vertex -0.197212 -2.54664 -1.07996
    endloop
  endfacet
  facet normal 0.34944 0.936959 0
    outer loop
      vertex -0.29079 -2.51174 -1.0596
      vertex -0.197212 -2.54664 -20.92
      vertex -0.29079 -2.51174 -20.9404
    endloop
  endfacet
  facet normal -0.997451 0 -0.0713591
    outer loop
      vertex 1.6 1.85 -20
      vertex 1.58371 3.85 -19.7723
      vertex 1.6 3.85 -20
    endloop
  endfacet
  facet normal -0.997451 -0 -0.0713591
    outer loop
      vertex 1.58371 3.85 -19.7723
      vertex 1.6 1.85 -20
      vertex 1.58371 1.85 -19.7723
    endloop
  endfacet
  facet normal -0.599253 0 -0.800559
    outer loop
      vertex 0.865025 1.85 -18.654
      vertex 1.04778 3.85 -18.7908
      vertex 1.04778 1.85 -18.7908
    endloop
  endfacet
  facet normal -0.599253 0 -0.800559
    outer loop
      vertex 1.04778 3.85 -18.7908
      vertex 0.865025 1.85 -18.654
      vertex 0.865025 3.85 -18.654
    endloop
  endfacet
  facet normal 0.34955 0 -0.936918
    outer loop
      vertex -0.664663 1.85 -18.5446
      vertex -0.450771 3.85 -18.4648
      vertex -0.450771 1.85 -18.4648
    endloop
  endfacet
  facet normal 0.34955 0 -0.936918
    outer loop
      vertex -0.450771 3.85 -18.4648
      vertex -0.664663 1.85 -18.5446
      vertex -0.664663 3.85 -18.5446
    endloop
  endfacet
  facet normal -0.877628 0 -0.479343
    outer loop
      vertex 1.45541 1.85 -19.3353
      vertex 1.34601 3.85 -19.135
      vertex 1.45541 3.85 -19.3353
    endloop
  endfacet
  facet normal -0.877628 -0 -0.479343
    outer loop
      vertex 1.34601 3.85 -19.135
      vertex 1.45541 1.85 -19.3353
      vertex 1.34601 1.85 -19.135
    endloop
  endfacet
  facet normal -0.707063 0 -0.707151
    outer loop
      vertex 1.2092 1.85 -18.9522
      vertex 1.04778 3.85 -18.7908
      vertex 1.2092 3.85 -18.9522
    endloop
  endfacet
  facet normal -0.707063 -0 -0.707151
    outer loop
      vertex 1.04778 3.85 -18.7908
      vertex 1.2092 1.85 -18.9522
      vertex 1.04778 1.85 -18.7908
    endloop
  endfacet
  facet normal -0.34955 0 -0.936918
    outer loop
      vertex 0.450771 1.85 -18.4648
      vertex 0.664663 3.85 -18.5446
      vertex 0.664663 1.85 -18.5446
    endloop
  endfacet
  facet normal -0.34955 0 -0.936918
    outer loop
      vertex 0.664663 3.85 -18.5446
      vertex 0.450771 1.85 -18.4648
      vertex 0.450771 3.85 -18.4648
    endloop
  endfacet
  facet normal -0.0714018 0 -0.997448
    outer loop
      vertex 0 1.85 -18.4
      vertex 0.227703 3.85 -18.4163
      vertex 0.227703 1.85 -18.4163
    endloop
  endfacet
  facet normal -0.0714018 0 -0.997448
    outer loop
      vertex 0.227703 3.85 -18.4163
      vertex 0 1.85 -18.4
      vertex 0 3.85 -18.4
    endloop
  endfacet
  facet normal 0.997451 0 -0.0713591
    outer loop
      vertex -1.58371 1.85 -19.7723
      vertex -1.6 3.85 -20
      vertex -1.58371 3.85 -19.7723
    endloop
  endfacet
  facet normal 0.997451 0 -0.0713591
    outer loop
      vertex -1.6 3.85 -20
      vertex -1.58371 1.85 -19.7723
      vertex -1.6 1.85 -20
    endloop
  endfacet
  facet normal 0.800609 0 -0.599187
    outer loop
      vertex -1.2092 1.85 -18.9522
      vertex -1.34601 3.85 -19.135
      vertex -1.2092 3.85 -18.9522
    endloop
  endfacet
  facet normal 0.800609 0 -0.599187
    outer loop
      vertex -1.34601 3.85 -19.135
      vertex -1.2092 1.85 -18.9522
      vertex -1.34601 1.85 -19.135
    endloop
  endfacet
  facet normal -0.800609 0 0.599187
    outer loop
      vertex 1.2092 1.85 -21.0478
      vertex 1.34601 3.85 -20.865
      vertex 1.2092 3.85 -21.0478
    endloop
  endfacet
  facet normal -0.800609 0 0.599187
    outer loop
      vertex 1.34601 3.85 -20.865
      vertex 1.2092 1.85 -21.0478
      vertex 1.34601 1.85 -20.865
    endloop
  endfacet
  facet normal 0 -1 0
    outer loop
      vertex 0 3.85 -20.9
      vertex 0 3.85 -18.4
      vertex -0.227703 3.85 -18.4163
    endloop
  endfacet
  facet normal 0 -1 0
    outer loop
      vertex 0 3.85 -20.9
      vertex -0.227703 3.85 -18.4163
      vertex -0.450771 3.85 -18.4648
    endloop
  endfacet
  facet normal 0 -1 0
    outer loop
      vertex 0 3.85 -18.4
      vertex 0 3.85 -20.9
      vertex 0.227703 3.85 -18.4163
    endloop
  endfacet
  facet normal 0 -1 0
    outer loop
      vertex 0 3.85 -20.9
      vertex -0.450771 3.85 -18.4648
      vertex -0.664663 3.85 -18.5446
    endloop
  endfacet
  facet normal 0 -1 -0
    outer loop
      vertex 0.227703 3.85 -18.4163
      vertex 0 3.85 -20.9
      vertex 0.450771 3.85 -18.4648
    endloop
  endfacet
  facet normal 0 -1 0
    outer loop
      vertex 0 3.85 -20.9
      vertex -0.664663 3.85 -18.5446
      vertex -0.865025 3.85 -18.654
    endloop
  endfacet
  facet normal 0 -1 -0
    outer loop
      vertex 0.450771 3.85 -18.4648
      vertex 0 3.85 -20.9
      vertex 0.664663 3.85 -18.5446
    endloop
  endfacet
  facet normal 0 -1 0
    outer loop
      vertex -0.156546 3.85 -20.9112
      vertex -0.865025 3.85 -18.654
      vertex -1.04778 3.85 -18.7908
    endloop
  endfacet
  facet normal 0 -1 -0
    outer loop
      vertex 0.664663 3.85 -18.5446
      vertex 0 3.85 -20.9
      vertex 0.865025 3.85 -18.654
    endloop
  endfacet
  facet normal 0 -1 0
    outer loop
      vertex -0.156546 3.85 -20.9112
      vertex -1.04778 3.85 -18.7908
      vertex -1.2092 3.85 -18.9522
    endloop
  endfacet
  facet normal 0 -1 0
    outer loop
      vertex 0.156546 3.85 -20.9112
      vertex 0.865025 3.85 -18.654
      vertex 0 3.85 -20.9
    endloop
  endfacet
  facet normal 0 -1 0
    outer loop
      vertex -0.156546 3.85 -20.9112
      vertex -1.2092 3.85 -18.9522
      vertex -1.34601 3.85 -19.135
    endloop
  endfacet
  facet normal 0 -1 -0
    outer loop
      vertex 0.865025 3.85 -18.654
      vertex 0.156546 3.85 -20.9112
      vertex 1.04778 3.85 -18.7908
    endloop
  endfacet
  facet normal 0 -1 0
    outer loop
      vertex -0.156546 3.85 -20.9112
      vertex -1.34601 3.85 -19.135
      vertex -1.45541 3.85 -19.3353
    endloop
  endfacet
  facet normal 0 -1 -0
    outer loop
      vertex 1.04778 3.85 -18.7908
      vertex 0.156546 3.85 -20.9112
      vertex 1.2092 3.85 -18.9522
    endloop
  endfacet
  facet normal 0 -1 0
    outer loop
      vertex -0.156546 3.85 -20.9112
      vertex -1.45541 3.85 -19.3353
      vertex -1.53519 3.85 -19.5492
    endloop
  endfacet
  facet normal 0 -1 -0
    outer loop
      vertex 1.2092 3.85 -18.9522
      vertex 0.156546 3.85 -20.9112
      vertex 1.34601 3.85 -19.135
    endloop
  endfacet
  facet normal 0 -1 0
    outer loop
      vertex -0.309905 3.85 -20.9446
      vertex -1.53519 3.85 -19.5492
      vertex -1.58371 3.85 -19.7723
    endloop
  endfacet
  facet normal 0 -1 -0
    outer loop
      vertex 1.34601 3.85 -19.135
      vertex 0.156546 3.85 -20.9112
      vertex 1.45541 3.85 -19.3353
    endloop
  endfacet
  facet normal 0 -1 0
    outer loop
      vertex -0.309905 3.85 -20.9446
      vertex -1.58371 3.85 -19.7723
      vertex -1.6 3.85 -20
    endloop
  endfacet
  facet normal 0 -1 -0
    outer loop
      vertex 1.45541 3.85 -19.3353
      vertex 0.156546 3.85 -20.9112
      vertex 1.53519 3.85 -19.5492
    endloop
  endfacet
  facet normal 0 -1 0
    outer loop
      vertex -0.309905 3.85 -20.9446
      vertex -1.6 3.85 -20
      vertex -1.58371 3.85 -20.2277
    endloop
  endfacet
  facet normal 0 -1 0
    outer loop
      vertex 0.309905 3.85 -20.9446
      vertex 1.53519 3.85 -19.5492
      vertex 0.156546 3.85 -20.9112
    endloop
  endfacet
  facet normal 0 -1 0
    outer loop
      vertex -0.456956 3.85 -20.9994
      vertex -1.58371 3.85 -20.2277
      vertex -1.53519 3.85 -20.4508
    endloop
  endfacet
  facet normal 0 -1 -0
    outer loop
      vertex 1.53519 3.85 -19.5492
      vertex 0.309905 3.85 -20.9446
      vertex 1.58371 3.85 -19.7723
    endloop
  endfacet
  facet normal 0 -1 0
    outer loop
      vertex -0.456956 3.85 -20.9994
      vertex -1.53519 3.85 -20.4508
      vertex -1.45541 3.85 -20.6647
    endloop
  endfacet
  facet normal 0 -1 -0
    outer loop
      vertex 1.58371 3.85 -19.7723
      vertex 0.309905 3.85 -20.9446
      vertex 1.6 3.85 -20
    endloop
  endfacet
  facet normal 0 -1 0
    outer loop
      vertex -0.456956 3.85 -20.9994
      vertex -1.45541 3.85 -20.6647
      vertex -1.34601 3.85 -20.865
    endloop
  endfacet
  facet normal 0 -1 0
    outer loop
      vertex 1.6 3.85 -20
      vertex 0.309905 3.85 -20.9446
      vertex 1.58371 3.85 -20.2277
    endloop
  endfacet
  facet normal 0 -1 0
    outer loop
      vertex 0.456956 3.85 -20.9994
      vertex 1.58371 3.85 -20.2277
      vertex 0.309905 3.85 -20.9446
    endloop
  endfacet
  facet normal 0 -1 0
    outer loop
      vertex -0.865025 3.85 -18.654
      vertex -0.156546 3.85 -20.9112
      vertex 0 3.85 -20.9
    endloop
  endfacet
  facet normal 0 -1 0
    outer loop
      vertex -1.53519 3.85 -19.5492
      vertex -0.309905 3.85 -20.9446
      vertex -0.156546 3.85 -20.9112
    endloop
  endfacet
  facet normal 0 -1 0
    outer loop
      vertex -1.58371 3.85 -20.2277
      vertex -0.456956 3.85 -20.9994
      vertex -0.309905 3.85 -20.9446
    endloop
  endfacet
  facet normal 0 -1 0
    outer loop
      vertex -0.594705 3.85 -21.0746
      vertex -1.34601 3.85 -20.865
      vertex -1.2092 3.85 -21.0478
    endloop
  endfacet
  facet normal 0 -1 0
    outer loop
      vertex -1.34601 3.85 -20.865
      vertex -0.594705 3.85 -21.0746
      vertex -0.456956 3.85 -20.9994
    endloop
  endfacet
  facet normal 0 -1 0
    outer loop
      vertex -1.2092 3.85 -21.0478
      vertex -0.720346 3.85 -21.1687
      vertex -0.594705 3.85 -21.0746
    endloop
  endfacet
  facet normal 0 -1 0
    outer loop
      vertex -1.04778 3.85 -21.2092
      vertex -0.720346 3.85 -21.1687
      vertex -1.2092 3.85 -21.0478
    endloop
  endfacet
  facet normal 0 -1 0
    outer loop
      vertex -1.04778 3.85 -21.2092
      vertex -0.831324 3.85 -21.2797
      vertex -0.720346 3.85 -21.1687
    endloop
  endfacet
  facet normal -0 -1 0
    outer loop
      vertex -0.831324 3.85 -21.2797
      vertex -1.04778 3.85 -21.2092
      vertex -0.87526 3.85 -21.3383
    endloop
  endfacet
  facet normal 0 -1 0
    outer loop
      vertex 1.58371 3.85 -20.2277
      vertex 0.456956 3.85 -20.9994
      vertex 1.53519 3.85 -20.4508
    endloop
  endfacet
  facet normal 0 -1 0
    outer loop
      vertex 1.53519 3.85 -20.4508
      vertex 0.456956 3.85 -20.9994
      vertex 1.45541 3.85 -20.6647
    endloop
  endfacet
  facet normal 0 -1 0
    outer loop
      vertex 1.45541 3.85 -20.6647
      vertex 0.456956 3.85 -20.9994
      vertex 1.34601 3.85 -20.865
    endloop
  endfacet
  facet normal 0 -1 0
    outer loop
      vertex 0.594705 3.85 -21.0746
      vertex 1.34601 3.85 -20.865
      vertex 0.456956 3.85 -20.9994
    endloop
  endfacet
  facet normal 0 -1 0
    outer loop
      vertex 1.34601 3.85 -20.865
      vertex 0.594705 3.85 -21.0746
      vertex 1.2092 3.85 -21.0478
    endloop
  endfacet
  facet normal 0 -1 0
    outer loop
      vertex 0.720346 3.85 -21.1687
      vertex 1.2092 3.85 -21.0478
      vertex 0.594705 3.85 -21.0746
    endloop
  endfacet
  facet normal 0 -1 0
    outer loop
      vertex 0.720346 3.85 -21.1687
      vertex 1.04778 3.85 -21.2092
      vertex 1.2092 3.85 -21.0478
    endloop
  endfacet
  facet normal 0 -1 0
    outer loop
      vertex 0.831324 3.85 -21.2797
      vertex 1.04778 3.85 -21.2092
      vertex 0.720346 3.85 -21.1687
    endloop
  endfacet
  facet normal 0 -1 0
    outer loop
      vertex 1.04778 3.85 -21.2092
      vertex 0.831324 3.85 -21.2797
      vertex 0.87526 3.85 -21.3383
    endloop
  endfacet
  facet normal -0.977158 0 -0.212513
    outer loop
      vertex 1.58371 1.85 -19.7723
      vertex 1.53519 3.85 -19.5492
      vertex 1.58371 3.85 -19.7723
    endloop
  endfacet
  facet normal -0.977158 -0 -0.212513
    outer loop
      vertex 1.53519 3.85 -19.5492
      vertex 1.58371 1.85 -19.7723
      vertex 1.53519 1.85 -19.5492
    endloop
  endfacet
  facet normal -0.800609 0 -0.599187
    outer loop
      vertex 1.34601 1.85 -19.135
      vertex 1.2092 3.85 -18.9522
      vertex 1.34601 3.85 -19.135
    endloop
  endfacet
  facet normal -0.800609 -0 -0.599187
    outer loop
      vertex 1.2092 3.85 -18.9522
      vertex 1.34601 1.85 -19.135
      vertex 1.2092 1.85 -18.9522
    endloop
  endfacet
  facet normal -0.212459 0 -0.97717
    outer loop
      vertex 0.227703 1.85 -18.4163
      vertex 0.450771 3.85 -18.4648
      vertex 0.450771 1.85 -18.4648
    endloop
  endfacet
  facet normal -0.212459 0 -0.97717
    outer loop
      vertex 0.450771 3.85 -18.4648
      vertex 0.227703 1.85 -18.4163
      vertex 0.227703 3.85 -18.4163
    endloop
  endfacet
  facet normal 0 1 0
    outer loop
      vertex 0 1.85 -20.9
      vertex 0 1.85 -18.4
      vertex 0.227703 1.85 -18.4163
    endloop
  endfacet
  facet normal 0 1 0
    outer loop
      vertex 0 1.85 -20.9
      vertex 0.227703 1.85 -18.4163
      vertex 0.450771 1.85 -18.4648
    endloop
  endfacet
  facet normal 0 1 0
    outer loop
      vertex 0 1.85 -18.4
      vertex 0 1.85 -20.9
      vertex -0.227703 1.85 -18.4163
    endloop
  endfacet
  facet normal 0 1 0
    outer loop
      vertex 0 1.85 -20.9
      vertex 0.450771 1.85 -18.4648
      vertex 0.664663 1.85 -18.5446
    endloop
  endfacet
  facet normal 0 1 0
    outer loop
      vertex -0.227703 1.85 -18.4163
      vertex 0 1.85 -20.9
      vertex -0.450771 1.85 -18.4648
    endloop
  endfacet
  facet normal 0 1 0
    outer loop
      vertex 0 1.85 -20.9
      vertex 0.664663 1.85 -18.5446
      vertex 0.865025 1.85 -18.654
    endloop
  endfacet
  facet normal 0 1 0
    outer loop
      vertex -0.450771 1.85 -18.4648
      vertex 0 1.85 -20.9
      vertex -0.664663 1.85 -18.5446
    endloop
  endfacet
  facet normal 0 1 0
    outer loop
      vertex 0.156546 1.85 -20.9112
      vertex 0.865025 1.85 -18.654
      vertex 1.04778 1.85 -18.7908
    endloop
  endfacet
  facet normal 0 1 0
    outer loop
      vertex -0.664663 1.85 -18.5446
      vertex 0 1.85 -20.9
      vertex -0.865025 1.85 -18.654
    endloop
  endfacet
  facet normal 0 1 0
    outer loop
      vertex 0.156546 1.85 -20.9112
      vertex 1.04778 1.85 -18.7908
      vertex 1.2092 1.85 -18.9522
    endloop
  endfacet
  facet normal 0 1 -0
    outer loop
      vertex -0.156546 1.85 -20.9112
      vertex -0.865025 1.85 -18.654
      vertex 0 1.85 -20.9
    endloop
  endfacet
  facet normal 0 1 0
    outer loop
      vertex 0.156546 1.85 -20.9112
      vertex 1.2092 1.85 -18.9522
      vertex 1.34601 1.85 -19.135
    endloop
  endfacet
  facet normal 0 1 0
    outer loop
      vertex -0.865025 1.85 -18.654
      vertex -0.156546 1.85 -20.9112
      vertex -1.04778 1.85 -18.7908
    endloop
  endfacet
  facet normal 0 1 0
    outer loop
      vertex 0.156546 1.85 -20.9112
      vertex 1.34601 1.85 -19.135
      vertex 1.45541 1.85 -19.3353
    endloop
  endfacet
  facet normal 0 1 0
    outer loop
      vertex -1.04778 1.85 -18.7908
      vertex -0.156546 1.85 -20.9112
      vertex -1.2092 1.85 -18.9522
    endloop
  endfacet
  facet normal 0 1 0
    outer loop
      vertex 0.156546 1.85 -20.9112
      vertex 1.45541 1.85 -19.3353
      vertex 1.53519 1.85 -19.5492
    endloop
  endfacet
  facet normal 0 1 0
    outer loop
      vertex -1.2092 1.85 -18.9522
      vertex -0.156546 1.85 -20.9112
      vertex -1.34601 1.85 -19.135
    endloop
  endfacet
  facet normal 0 1 0
    outer loop
      vertex 0.309905 1.85 -20.9446
      vertex 1.53519 1.85 -19.5492
      vertex 1.58371 1.85 -19.7723
    endloop
  endfacet
  facet normal 0 1 0
    outer loop
      vertex -1.34601 1.85 -19.135
      vertex -0.156546 1.85 -20.9112
      vertex -1.45541 1.85 -19.3353
    endloop
  endfacet
  facet normal 0 1 0
    outer loop
      vertex 0.309905 1.85 -20.9446
      vertex 1.58371 1.85 -19.7723
      vertex 1.6 1.85 -20
    endloop
  endfacet
  facet normal 0 1 0
    outer loop
      vertex -1.45541 1.85 -19.3353
      vertex -0.156546 1.85 -20.9112
      vertex -1.53519 1.85 -19.5492
    endloop
  endfacet
  facet normal 0 1 0
    outer loop
      vertex 0.309905 1.85 -20.9446
      vertex 1.6 1.85 -20
      vertex 1.58371 1.85 -20.2277
    endloop
  endfacet
  facet normal 0 1 -0
    outer loop
      vertex -0.309905 1.85 -20.9446
      vertex -1.53519 1.85 -19.5492
      vertex -0.156546 1.85 -20.9112
    endloop
  endfacet
  facet normal 0 1 0
    outer loop
      vertex 0.456956 1.85 -20.9994
      vertex 1.58371 1.85 -20.2277
      vertex 1.53519 1.85 -20.4508
    endloop
  endfacet
  facet normal 0 1 0
    outer loop
      vertex -1.53519 1.85 -19.5492
      vertex -0.309905 1.85 -20.9446
      vertex -1.58371 1.85 -19.7723
    endloop
  endfacet
  facet normal 0 1 0
    outer loop
      vertex 0.456956 1.85 -20.9994
      vertex 1.53519 1.85 -20.4508
      vertex 1.45541 1.85 -20.6647
    endloop
  endfacet
  facet normal 0 1 0
    outer loop
      vertex -1.58371 1.85 -19.7723
      vertex -0.309905 1.85 -20.9446
      vertex -1.6 1.85 -20
    endloop
  endfacet
  facet normal 0 1 0
    outer loop
      vertex 0.456956 1.85 -20.9994
      vertex 1.45541 1.85 -20.6647
      vertex 1.34601 1.85 -20.865
    endloop
  endfacet
  facet normal 0 1 0
    outer loop
      vertex -1.6 1.85 -20
      vertex -0.309905 1.85 -20.9446
      vertex -1.58371 1.85 -20.2277
    endloop
  endfacet
  facet normal 0 1 -0
    outer loop
      vertex -0.456956 1.85 -20.9994
      vertex -1.58371 1.85 -20.2277
      vertex -0.309905 1.85 -20.9446
    endloop
  endfacet
  facet normal 0 1 0
    outer loop
      vertex 0.865025 1.85 -18.654
      vertex 0.156546 1.85 -20.9112
      vertex 0 1.85 -20.9
    endloop
  endfacet
  facet normal 0 1 0
    outer loop
      vertex 1.53519 1.85 -19.5492
      vertex 0.309905 1.85 -20.9446
      vertex 0.156546 1.85 -20.9112
    endloop
  endfacet
  facet normal 0 1 0
    outer loop
      vertex 1.58371 1.85 -20.2277
      vertex 0.456956 1.85 -20.9994
      vertex 0.309905 1.85 -20.9446
    endloop
  endfacet
  facet normal 0 1 0
    outer loop
      vertex 0.594705 1.85 -21.0746
      vertex 1.34601 1.85 -20.865
      vertex 1.2092 1.85 -21.0478
    endloop
  endfacet
  facet normal 0 1 0
    outer loop
      vertex 1.34601 1.85 -20.865
      vertex 0.594705 1.85 -21.0746
      vertex 0.456956 1.85 -20.9994
    endloop
  endfacet
  facet normal 0 1 0
    outer loop
      vertex 1.2092 1.85 -21.0478
      vertex 0.720346 1.85 -21.1687
      vertex 0.594705 1.85 -21.0746
    endloop
  endfacet
  facet normal 0 1 -0
    outer loop
      vertex 1.04778 1.85 -21.2092
      vertex 0.720346 1.85 -21.1687
      vertex 1.2092 1.85 -21.0478
    endloop
  endfacet
  facet normal 0 1 0
    outer loop
      vertex 1.04778 1.85 -21.2092
      vertex 0.831324 1.85 -21.2797
      vertex 0.720346 1.85 -21.1687
    endloop
  endfacet
  facet normal -0 1 0
    outer loop
      vertex 0.831324 1.85 -21.2797
      vertex 1.04778 1.85 -21.2092
      vertex 0.87526 1.85 -21.3383
    endloop
  endfacet
  facet normal 0 1 0
    outer loop
      vertex -1.58371 1.85 -20.2277
      vertex -0.456956 1.85 -20.9994
      vertex -1.53519 1.85 -20.4508
    endloop
  endfacet
  facet normal 0 1 0
    outer loop
      vertex -1.53519 1.85 -20.4508
      vertex -0.456956 1.85 -20.9994
      vertex -1.45541 1.85 -20.6647
    endloop
  endfacet
  facet normal 0 1 0
    outer loop
      vertex -1.45541 1.85 -20.6647
      vertex -0.456956 1.85 -20.9994
      vertex -1.34601 1.85 -20.865
    endloop
  endfacet
  facet normal 0 1 -0
    outer loop
      vertex -0.594705 1.85 -21.0746
      vertex -1.34601 1.85 -20.865
      vertex -0.456956 1.85 -20.9994
    endloop
  endfacet
  facet normal 0 1 0
    outer loop
      vertex -1.34601 1.85 -20.865
      vertex -0.594705 1.85 -21.0746
      vertex -1.2092 1.85 -21.0478
    endloop
  endfacet
  facet normal 0 1 -0
    outer loop
      vertex -0.720346 1.85 -21.1687
      vertex -1.2092 1.85 -21.0478
      vertex -0.594705 1.85 -21.0746
    endloop
  endfacet
  facet normal 0 1 0
    outer loop
      vertex -0.720346 1.85 -21.1687
      vertex -1.04778 1.85 -21.2092
      vertex -1.2092 1.85 -21.0478
    endloop
  endfacet
  facet normal 0 1 -0
    outer loop
      vertex -0.831324 1.85 -21.2797
      vertex -1.04778 1.85 -21.2092
      vertex -0.720346 1.85 -21.1687
    endloop
  endfacet
  facet normal 0 1 0
    outer loop
      vertex -1.04778 1.85 -21.2092
      vertex -0.831324 1.85 -21.2797
      vertex -0.87526 1.85 -21.3383
    endloop
  endfacet
  facet normal 0.977158 0 -0.212513
    outer loop
      vertex -1.53519 1.85 -19.5492
      vertex -1.58371 3.85 -19.7723
      vertex -1.53519 3.85 -19.5492
    endloop
  endfacet
  facet normal 0.977158 0 -0.212513
    outer loop
      vertex -1.58371 3.85 -19.7723
      vertex -1.53519 1.85 -19.5492
      vertex -1.58371 1.85 -19.7723
    endloop
  endfacet
  facet normal 0.479229 0 -0.87769
    outer loop
      vertex -0.865025 1.85 -18.654
      vertex -0.664663 3.85 -18.5446
      vertex -0.664663 1.85 -18.5446
    endloop
  endfacet
  facet normal 0.479229 0 -0.87769
    outer loop
      vertex -0.664663 3.85 -18.5446
      vertex -0.865025 1.85 -18.654
      vertex -0.865025 3.85 -18.654
    endloop
  endfacet
  facet normal -0.977158 0 0.212513
    outer loop
      vertex 1.53519 1.85 -20.4508
      vertex 1.58371 3.85 -20.2277
      vertex 1.53519 3.85 -20.4508
    endloop
  endfacet
  facet normal -0.977158 0 0.212513
    outer loop
      vertex 1.58371 3.85 -20.2277
      vertex 1.53519 1.85 -20.4508
      vertex 1.58371 1.85 -20.2277
    endloop
  endfacet
  facet normal 0.707063 -0 0.707151
    outer loop
      vertex -1.2092 1.85 -21.0478
      vertex -1.04778 3.85 -21.2092
      vertex -1.2092 3.85 -21.0478
    endloop
  endfacet
  facet normal 0.707063 0 0.707151
    outer loop
      vertex -1.04778 3.85 -21.2092
      vertex -1.2092 1.85 -21.0478
      vertex -1.04778 1.85 -21.2092
    endloop
  endfacet
  facet normal 0.997451 -0 0.0713591
    outer loop
      vertex -1.6 1.85 -20
      vertex -1.58371 3.85 -20.2277
      vertex -1.6 3.85 -20
    endloop
  endfacet
  facet normal 0.997451 0 0.0713591
    outer loop
      vertex -1.58371 3.85 -20.2277
      vertex -1.6 1.85 -20
      vertex -1.58371 1.85 -20.2277
    endloop
  endfacet
  facet normal 0.977158 -0 0.212513
    outer loop
      vertex -1.58371 1.85 -20.2277
      vertex -1.53519 3.85 -20.4508
      vertex -1.58371 3.85 -20.2277
    endloop
  endfacet
  facet normal 0.977158 0 0.212513
    outer loop
      vertex -1.53519 3.85 -20.4508
      vertex -1.58371 1.85 -20.2277
      vertex -1.53519 1.85 -20.4508
    endloop
  endfacet
  facet normal 0.800609 -0 0.599187
    outer loop
      vertex -1.34601 1.85 -20.865
      vertex -1.2092 3.85 -21.0478
      vertex -1.34601 3.85 -20.865
    endloop
  endfacet
  facet normal 0.800609 0 0.599187
    outer loop
      vertex -1.2092 3.85 -21.0478
      vertex -1.34601 1.85 -20.865
      vertex -1.2092 1.85 -21.0478
    endloop
  endfacet
  facet normal 0.936951 -0 0.349462
    outer loop
      vertex -1.53519 1.85 -20.4508
      vertex -1.45541 3.85 -20.6647
      vertex -1.53519 3.85 -20.4508
    endloop
  endfacet
  facet normal 0.936951 0 0.349462
    outer loop
      vertex -1.45541 3.85 -20.6647
      vertex -1.53519 1.85 -20.4508
      vertex -1.45541 1.85 -20.6647
    endloop
  endfacet
  facet normal -0.936951 0 -0.349462
    outer loop
      vertex 1.53519 1.85 -19.5492
      vertex 1.45541 3.85 -19.3353
      vertex 1.53519 3.85 -19.5492
    endloop
  endfacet
  facet normal -0.936951 -0 -0.349462
    outer loop
      vertex 1.45541 3.85 -19.3353
      vertex 1.53519 1.85 -19.5492
      vertex 1.45541 1.85 -19.3353
    endloop
  endfacet
  facet normal -0.479229 0 -0.87769
    outer loop
      vertex 0.664663 1.85 -18.5446
      vertex 0.865025 3.85 -18.654
      vertex 0.865025 1.85 -18.654
    endloop
  endfacet
  facet normal -0.479229 0 -0.87769
    outer loop
      vertex 0.865025 3.85 -18.654
      vertex 0.664663 1.85 -18.5446
      vertex 0.664663 3.85 -18.5446
    endloop
  endfacet
  facet normal 0.877628 0 -0.479343
    outer loop
      vertex -1.34601 1.85 -19.135
      vertex -1.45541 3.85 -19.3353
      vertex -1.34601 3.85 -19.135
    endloop
  endfacet
  facet normal 0.877628 0 -0.479343
    outer loop
      vertex -1.45541 3.85 -19.3353
      vertex -1.34601 1.85 -19.135
      vertex -1.45541 1.85 -19.3353
    endloop
  endfacet
  facet normal 0.936951 0 -0.349462
    outer loop
      vertex -1.45541 1.85 -19.3353
      vertex -1.53519 3.85 -19.5492
      vertex -1.45541 3.85 -19.3353
    endloop
  endfacet
  facet normal 0.936951 0 -0.349462
    outer loop
      vertex -1.53519 3.85 -19.5492
      vertex -1.45541 1.85 -19.3353
      vertex -1.53519 1.85 -19.5492
    endloop
  endfacet
  facet normal 0.0714018 0 -0.997448
    outer loop
      vertex -0.227703 1.85 -18.4163
      vertex 0 3.85 -18.4
      vertex 0 1.85 -18.4
    endloop
  endfacet
  facet normal 0.0714018 0 -0.997448
    outer loop
      vertex 0 3.85 -18.4
      vertex -0.227703 1.85 -18.4163
      vertex -0.227703 3.85 -18.4163
    endloop
  endfacet
  facet normal 0.212459 0 -0.97717
    outer loop
      vertex -0.450771 1.85 -18.4648
      vertex -0.227703 3.85 -18.4163
      vertex -0.227703 1.85 -18.4163
    endloop
  endfacet
  facet normal 0.212459 0 -0.97717
    outer loop
      vertex -0.227703 3.85 -18.4163
      vertex -0.450771 1.85 -18.4648
      vertex -0.450771 3.85 -18.4648
    endloop
  endfacet
  facet normal 0.599253 0 -0.800559
    outer loop
      vertex -1.04778 1.85 -18.7908
      vertex -0.865025 3.85 -18.654
      vertex -0.865025 1.85 -18.654
    endloop
  endfacet
  facet normal 0.599253 0 -0.800559
    outer loop
      vertex -0.865025 3.85 -18.654
      vertex -1.04778 1.85 -18.7908
      vertex -1.04778 3.85 -18.7908
    endloop
  endfacet
  facet normal 0.707063 0 -0.707151
    outer loop
      vertex -1.04778 1.85 -18.7908
      vertex -1.2092 3.85 -18.9522
      vertex -1.04778 3.85 -18.7908
    endloop
  endfacet
  facet normal 0.707063 0 -0.707151
    outer loop
      vertex -1.2092 3.85 -18.9522
      vertex -1.04778 1.85 -18.7908
      vertex -1.2092 1.85 -18.9522
    endloop
  endfacet
  facet normal -0.997451 0 0.0713591
    outer loop
      vertex 1.58371 1.85 -20.2277
      vertex 1.6 3.85 -20
      vertex 1.58371 3.85 -20.2277
    endloop
  endfacet
  facet normal -0.997451 0 0.0713591
    outer loop
      vertex 1.6 3.85 -20
      vertex 1.58371 1.85 -20.2277
      vertex 1.6 1.85 -20
    endloop
  endfacet
  facet normal -0.599138 0 0.800646
    outer loop
      vertex 0.87526 3.85 -21.3383
      vertex 1.04778 1.85 -21.2092
      vertex 1.04778 3.85 -21.2092
    endloop
  endfacet
  facet normal -0.599138 0 0.800646
    outer loop
      vertex 1.04778 1.85 -21.2092
      vertex 0.87526 3.85 -21.3383
      vertex 0.87526 1.85 -21.3383
    endloop
  endfacet
  facet normal -0.707063 0 0.707151
    outer loop
      vertex 1.04778 1.85 -21.2092
      vertex 1.2092 3.85 -21.0478
      vertex 1.04778 3.85 -21.2092
    endloop
  endfacet
  facet normal -0.707063 0 0.707151
    outer loop
      vertex 1.2092 3.85 -21.0478
      vertex 1.04778 1.85 -21.2092
      vertex 1.2092 1.85 -21.0478
    endloop
  endfacet
  facet normal -0.877628 0 0.479343
    outer loop
      vertex 1.34601 1.85 -20.865
      vertex 1.45541 3.85 -20.6647
      vertex 1.34601 3.85 -20.865
    endloop
  endfacet
  facet normal -0.877628 0 0.479343
    outer loop
      vertex 1.45541 3.85 -20.6647
      vertex 1.34601 1.85 -20.865
      vertex 1.45541 1.85 -20.6647
    endloop
  endfacet
  facet normal -0.936951 0 0.349462
    outer loop
      vertex 1.45541 1.85 -20.6647
      vertex 1.53519 3.85 -20.4508
      vertex 1.45541 3.85 -20.6647
    endloop
  endfacet
  facet normal -0.936951 0 0.349462
    outer loop
      vertex 1.53519 3.85 -20.4508
      vertex 1.45541 1.85 -20.6647
      vertex 1.53519 1.85 -20.4508
    endloop
  endfacet
  facet normal 0.599138 0 0.800646
    outer loop
      vertex -1.04778 3.85 -21.2092
      vertex -0.87526 1.85 -21.3383
      vertex -0.87526 3.85 -21.3383
    endloop
  endfacet
  facet normal 0.599138 0 0.800646
    outer loop
      vertex -0.87526 1.85 -21.3383
      vertex -1.04778 3.85 -21.2092
      vertex -1.04778 1.85 -21.2092
    endloop
  endfacet
  facet normal 0.877628 -0 0.479343
    outer loop
      vertex -1.45541 1.85 -20.6647
      vertex -1.34601 3.85 -20.865
      vertex -1.45541 3.85 -20.6647
    endloop
  endfacet
  facet normal 0.877628 0 0.479343
    outer loop
      vertex -1.34601 3.85 -20.865
      vertex -1.45541 1.85 -20.6647
      vertex -1.34601 1.85 -20.865
    endloop
  endfacet
  facet normal -0.99745 0 -0.0713621
    outer loop
      vertex 1.1 -5 0
      vertex 1.0888 5 0.156546
      vertex 1.1 5 0
    endloop
  endfacet
  facet normal -0.99745 -0 -0.0713621
    outer loop
      vertex 1.0888 5 0.156546
      vertex 1.1 -5 0
      vertex 1.0888 -5 0.156546
    endloop
  endfacet
  facet normal -0.877667 0 -0.47927
    outer loop
      vertex 1.0006 -5 0.456956
      vertex 0.925379 5 0.594705
      vertex 1.0006 5 0.456956
    endloop
  endfacet
  facet normal -0.877667 -0 -0.47927
    outer loop
      vertex 0.925379 5 0.594705
      vertex 1.0006 -5 0.456956
      vertex 0.925379 -5 0.594705
    endloop
  endfacet
  facet normal -0.212652 0 -0.977128
    outer loop
      vertex 0.29079 -1.23826 1.0596
      vertex 0.309905 5 1.05544
      vertex 0.309905 -1.2487 1.05544
    endloop
  endfacet
  facet normal -0.212599 -1.72345e-07 -0.97714
    outer loop
      vertex 0.197212 -1.20335 1.07996
      vertex 0.309905 5 1.05544
      vertex 0.29079 -1.23826 1.0596
    endloop
  endfacet
  facet normal -0.21242 -3.56591e-06 -0.977178
    outer loop
      vertex 0.156546 -1.19451 1.0888
      vertex 0.309905 5 1.05544
      vertex 0.197212 -1.20335 1.07996
    endloop
  endfacet
  facet normal -0.212558 0 -0.977148
    outer loop
      vertex 0.309905 5 1.05544
      vertex 0.156546 -1.19451 1.0888
      vertex 0.156546 5 1.0888
    endloop
  endfacet
  facet normal -0.212652 0 -0.977128
    outer loop
      vertex 0.309905 -5 1.05544
      vertex 0.29079 -2.51174 1.0596
      vertex 0.309905 -2.5013 1.05544
    endloop
  endfacet
  facet normal -0.212599 4.31339e-07 -0.97714
    outer loop
      vertex 0.309905 -5 1.05544
      vertex 0.197212 -2.54664 1.07996
      vertex 0.29079 -2.51174 1.0596
    endloop
  endfacet
  facet normal -0.212558 -0 -0.977148
    outer loop
      vertex 0.156546 -2.55549 1.0888
      vertex 0.309905 -5 1.05544
      vertex 0.156546 -5 1.0888
    endloop
  endfacet
  facet normal -0.212422 8.96246e-06 -0.977178
    outer loop
      vertex 0.309905 -5 1.05544
      vertex 0.156546 -2.55549 1.0888
      vertex 0.197212 -2.54664 1.07996
    endloop
  endfacet
  facet normal 0.481281 5.67055e-05 -0.876566
    outer loop
      vertex -0.594705 5 0.925379
      vertex -0.456956 -1.34489 1.0006
      vertex -0.458402 -1.34597 0.999806
    endloop
  endfacet
  facet normal 0.479253 1.32277e-07 -0.877677
    outer loop
      vertex -0.594705 5 0.925379
      vertex -0.458402 -1.34597 0.999806
      vertex -0.529024 -1.4166 0.961243
    endloop
  endfacet
  facet normal 0.479247 4.15953e-08 -0.87768
    outer loop
      vertex -0.594705 5 0.925379
      vertex -0.529024 -1.4166 0.961243
      vertex -0.588877 -1.49655 0.928561
    endloop
  endfacet
  facet normal 0.479211 0 -0.8777
    outer loop
      vertex -0.594705 5 0.925379
      vertex -0.588877 -1.49655 0.928561
      vertex -0.594705 -1.50722 0.925379
    endloop
  endfacet
  facet normal 0.47927 0 -0.877667
    outer loop
      vertex -0.456956 -1.34489 1.0006
      vertex -0.594705 5 0.925379
      vertex -0.456956 5 1.0006
    endloop
  endfacet
  facet normal 0.47927 0 -0.877667
    outer loop
      vertex -0.594705 -5 0.925379
      vertex -0.456956 -2.40511 1.0006
      vertex -0.456956 -5 1.0006
    endloop
  endfacet
  facet normal 0.481235 -0.000135484 -0.876592
    outer loop
      vertex -0.456956 -2.40511 1.0006
      vertex -0.594705 -5 0.925379
      vertex -0.458402 -2.40402 0.999806
    endloop
  endfacet
  facet normal 0.479253 -3.13825e-07 -0.877677
    outer loop
      vertex -0.458402 -2.40402 0.999806
      vertex -0.594705 -5 0.925379
      vertex -0.529024 -2.3334 0.961243
    endloop
  endfacet
  facet normal 0.479247 -9.82268e-08 -0.87768
    outer loop
      vertex -0.529024 -2.3334 0.961243
      vertex -0.594705 -5 0.925379
      vertex -0.588877 -2.25345 0.928561
    endloop
  endfacet
  facet normal 0.479211 0 -0.8777
    outer loop
      vertex -0.588877 -2.25345 0.928561
      vertex -0.594705 -5 0.925379
      vertex -0.594705 -2.24278 0.925379
    endloop
  endfacet
  facet normal 0.877667 0 -0.47927
    outer loop
      vertex -0.925379 -5 0.594705
      vertex -1.0006 5 0.456956
      vertex -0.925379 5 0.594705
    endloop
  endfacet
  facet normal 0.877667 0 -0.47927
    outer loop
      vertex -1.0006 5 0.456956
      vertex -0.925379 -5 0.594705
      vertex -1.0006 -5 0.456956
    endloop
  endfacet
  facet normal -0.99745 0 0.0713621
    outer loop
      vertex 1.0888 -5 -0.156546
      vertex 1.1 5 0
      vertex 1.0888 5 -0.156546
    endloop
  endfacet
  facet normal -0.99745 0 0.0713621
    outer loop
      vertex 1.1 5 0
      vertex 1.0888 -5 -0.156546
      vertex 1.1 -5 0
    endloop
  endfacet
  facet normal -0.800537 0 -0.599283
    outer loop
      vertex 0.925379 -5 0.594705
      vertex 0.831324 5 0.720346
      vertex 0.925379 5 0.594705
    endloop
  endfacet
  facet normal -0.800537 -0 -0.599283
    outer loop
      vertex 0.831324 5 0.720346
      vertex 0.925379 -5 0.594705
      vertex 0.831324 -5 0.720346
    endloop
  endfacet
  facet normal 0.0713894 6.96131e-07 -0.997449
    outer loop
      vertex -0.156546 5 1.0888
      vertex 0 -1.175 1.1
      vertex -0.0996199 -1.18212 1.09287
    endloop
  endfacet
  facet normal 0.0713142 0 -0.997454
    outer loop
      vertex -0.156546 5 1.0888
      vertex -0.0996199 -1.18212 1.09287
      vertex -0.156546 -1.19451 1.0888
    endloop
  endfacet
  facet normal 0.0713621 0 -0.99745
    outer loop
      vertex 0 -1.175 1.1
      vertex -0.156546 5 1.0888
      vertex 0 5 1.1
    endloop
  endfacet
  facet normal 0.0713621 0 -0.99745
    outer loop
      vertex -0.156546 -5 1.0888
      vertex 0 -2.575 1.1
      vertex 0 -5 1.1
    endloop
  endfacet
  facet normal 0.0713893 -1.76767e-06 -0.997449
    outer loop
      vertex 0 -2.575 1.1
      vertex -0.156546 -5 1.0888
      vertex -0.0996199 -2.56787 1.09287
    endloop
  endfacet
  facet normal 0.0713142 0 -0.997454
    outer loop
      vertex -0.0996199 -2.56787 1.09287
      vertex -0.156546 -5 1.0888
      vertex -0.156546 -2.55549 1.0888
    endloop
  endfacet
  facet normal 0.99745 0 -0.0713621
    outer loop
      vertex -1.0888 -5 0.156546
      vertex -1.1 5 0
      vertex -1.0888 5 0.156546
    endloop
  endfacet
  facet normal 0.99745 0 -0.0713621
    outer loop
      vertex -1.1 5 0
      vertex -1.0888 -5 0.156546
      vertex -1.1 -5 0
    endloop
  endfacet
  facet normal 0.800537 0 -0.599283
    outer loop
      vertex -0.831324 -5 0.720346
      vertex -0.925379 5 0.594705
      vertex -0.831324 5 0.720346
    endloop
  endfacet
  facet normal 0.800537 0 -0.599283
    outer loop
      vertex -0.925379 5 0.594705
      vertex -0.831324 -5 0.720346
      vertex -0.925379 -5 0.594705
    endloop
  endfacet
  facet normal 0.349402 -5.93017e-07 -0.936973
    outer loop
      vertex -0.456956 5 1.0006
      vertex -0.309905 -1.2487 1.05544
      vertex -0.378448 -1.28612 1.02988
    endloop
  endfacet
  facet normal 0.349444 0 -0.936957
    outer loop
      vertex -0.456956 5 1.0006
      vertex -0.378448 -1.28612 1.02988
      vertex -0.456956 -1.34489 1.0006
    endloop
  endfacet
  facet normal 0.349424 0 -0.936965
    outer loop
      vertex -0.309905 -1.2487 1.05544
      vertex -0.456956 5 1.0006
      vertex -0.309905 5 1.05544
    endloop
  endfacet
  facet normal 0.349424 0 -0.936965
    outer loop
      vertex -0.456956 -5 1.0006
      vertex -0.309905 -2.5013 1.05544
      vertex -0.309905 -5 1.05544
    endloop
  endfacet
  facet normal 0.349402 1.4553e-06 -0.936973
    outer loop
      vertex -0.309905 -2.5013 1.05544
      vertex -0.456956 -5 1.0006
      vertex -0.378448 -2.46388 1.02988
    endloop
  endfacet
  facet normal 0.349444 0 -0.936957
    outer loop
      vertex -0.378448 -2.46388 1.02988
      vertex -0.456956 -5 1.0006
      vertex -0.456956 -2.40511 1.0006
    endloop
  endfacet
  facet normal -0.599282 0 0.800538
    outer loop
      vertex 0.720346 5 -0.831324
      vertex 0.7 -1.875 -0.846555
      vertex 0.720346 -5 -0.831324
    endloop
  endfacet
  facet normal -0.599298 7.35851e-08 0.800526
    outer loop
      vertex 0.720346 5 -0.831324
      vertex 0.692875 -1.77538 -0.851889
      vertex 0.7 -1.875 -0.846555
    endloop
  endfacet
  facet normal -0.59927 -1.03324e-07 0.800547
    outer loop
      vertex 0.720346 5 -0.831324
      vertex 0.671644 -1.67779 -0.867782
      vertex 0.692875 -1.77538 -0.851889
    endloop
  endfacet
  facet normal -0.599288 9.68217e-08 0.800534
    outer loop
      vertex 0.720346 5 -0.831324
      vertex 0.636742 -1.58421 -0.89391
      vertex 0.671644 -1.67779 -0.867782
    endloop
  endfacet
  facet normal -0.599283 0 0.800537
    outer loop
      vertex 0.594705 -1.50722 -0.925379
      vertex 0.720346 5 -0.831324
      vertex 0.594705 5 -0.925379
    endloop
  endfacet
  facet normal -0.599284 1.86385e-08 0.800537
    outer loop
      vertex 0.720346 5 -0.831324
      vertex 0.594705 -1.50722 -0.925379
      vertex 0.636742 -1.58421 -0.89391
    endloop
  endfacet
  facet normal -0.599297 -1.5452e-07 0.800527
    outer loop
      vertex 0.692875 -1.97462 -0.851889
      vertex 0.720346 -5 -0.831324
      vertex 0.7 -1.875 -0.846555
    endloop
  endfacet
  facet normal -0.59927 2.26264e-07 0.800547
    outer loop
      vertex 0.671644 -2.07221 -0.867782
      vertex 0.720346 -5 -0.831324
      vertex 0.692875 -1.97462 -0.851889
    endloop
  endfacet
  facet normal -0.599287 -2.15539e-07 0.800534
    outer loop
      vertex 0.636742 -2.16579 -0.89391
      vertex 0.720346 -5 -0.831324
      vertex 0.671644 -2.07221 -0.867782
    endloop
  endfacet
  facet normal -0.599284 -4.20354e-08 0.800537
    outer loop
      vertex 0.594705 -2.24278 -0.925379
      vertex 0.720346 -5 -0.831324
      vertex 0.636742 -2.16579 -0.89391
    endloop
  endfacet
  facet normal -0.599283 0 0.800537
    outer loop
      vertex 0.720346 -5 -0.831324
      vertex 0.594705 -2.24278 -0.925379
      vertex 0.594705 -5 -0.925379
    endloop
  endfacet
  facet normal 0.707107 -0 0.707107
    outer loop
      vertex -0.831324 -5 -0.720346
      vertex -0.720346 5 -0.831324
      vertex -0.831324 5 -0.720346
    endloop
  endfacet
  facet normal 0.707107 0 0.707107
    outer loop
      vertex -0.720346 5 -0.831324
      vertex -0.831324 -5 -0.720346
      vertex -0.720346 -5 -0.831324
    endloop
  endfacet
  facet normal -0.936965 0 -0.349424
    outer loop
      vertex 1.05544 -5 0.309905
      vertex 1.0006 5 0.456956
      vertex 1.05544 5 0.309905
    endloop
  endfacet
  facet normal -0.936965 -0 -0.349424
    outer loop
      vertex 1.0006 5 0.456956
      vertex 1.05544 -5 0.309905
      vertex 1.0006 -5 0.456956
    endloop
  endfacet
  facet normal -0.599282 0 -0.800538
    outer loop
      vertex 0.720346 -5 0.831324
      vertex 0.7 -1.875 0.846555
      vertex 0.720346 5 0.831324
    endloop
  endfacet
  facet normal -0.599297 -1.5452e-07 -0.800527
    outer loop
      vertex 0.720346 -5 0.831324
      vertex 0.692875 -1.97462 0.851889
      vertex 0.7 -1.875 0.846555
    endloop
  endfacet
  facet normal -0.59927 2.26264e-07 -0.800547
    outer loop
      vertex 0.720346 -5 0.831324
      vertex 0.671644 -2.07221 0.867782
      vertex 0.692875 -1.97462 0.851889
    endloop
  endfacet
  facet normal -0.599287 -2.15539e-07 -0.800534
    outer loop
      vertex 0.720346 -5 0.831324
      vertex 0.636742 -2.16579 0.89391
      vertex 0.671644 -2.07221 0.867782
    endloop
  endfacet
  facet normal -0.599283 -0 -0.800537
    outer loop
      vertex 0.594705 -2.24278 0.925379
      vertex 0.720346 -5 0.831324
      vertex 0.594705 -5 0.925379
    endloop
  endfacet
  facet normal -0.599284 -4.20354e-08 -0.800537
    outer loop
      vertex 0.720346 -5 0.831324
      vertex 0.594705 -2.24278 0.925379
      vertex 0.636742 -2.16579 0.89391
    endloop
  endfacet
  facet normal -0.599298 7.35851e-08 -0.800526
    outer loop
      vertex 0.692875 -1.77538 0.851889
      vertex 0.720346 5 0.831324
      vertex 0.7 -1.875 0.846555
    endloop
  endfacet
  facet normal -0.59927 -1.03324e-07 -0.800547
    outer loop
      vertex 0.671644 -1.67779 0.867782
      vertex 0.720346 5 0.831324
      vertex 0.692875 -1.77538 0.851889
    endloop
  endfacet
  facet normal -0.599288 9.68217e-08 -0.800534
    outer loop
      vertex 0.636742 -1.58421 0.89391
      vertex 0.720346 5 0.831324
      vertex 0.671644 -1.67779 0.867782
    endloop
  endfacet
  facet normal -0.599284 1.86385e-08 -0.800537
    outer loop
      vertex 0.594705 -1.50722 0.925379
      vertex 0.720346 5 0.831324
      vertex 0.636742 -1.58421 0.89391
    endloop
  endfacet
  facet normal -0.599283 0 -0.800537
    outer loop
      vertex 0.720346 5 0.831324
      vertex 0.594705 -1.50722 0.925379
      vertex 0.594705 5 0.925379
    endloop
  endfacet
  facet normal -0.0713142 0 -0.997454
    outer loop
      vertex 0.0996199 -1.18212 1.09287
      vertex 0.156546 5 1.0888
      vertex 0.156546 -1.19451 1.0888
    endloop
  endfacet
  facet normal -0.0713894 6.96131e-07 -0.997449
    outer loop
      vertex 0 -1.175 1.1
      vertex 0.156546 5 1.0888
      vertex 0.0996199 -1.18212 1.09287
    endloop
  endfacet
  facet normal -0.0713621 0 -0.99745
    outer loop
      vertex 0.156546 5 1.0888
      vertex 0 -1.175 1.1
      vertex 0 5 1.1
    endloop
  endfacet
  facet normal -0.0713142 0 -0.997454
    outer loop
      vertex 0.156546 -5 1.0888
      vertex 0.0996199 -2.56787 1.09287
      vertex 0.156546 -2.55549 1.0888
    endloop
  endfacet
  facet normal -0.0713621 -0 -0.99745
    outer loop
      vertex 0 -2.575 1.1
      vertex 0.156546 -5 1.0888
      vertex 0 -5 1.1
    endloop
  endfacet
  facet normal -0.0713893 -1.76767e-06 -0.997449
    outer loop
      vertex 0.156546 -5 1.0888
      vertex 0 -2.575 1.1
      vertex 0.0996199 -2.56787 1.09287
    endloop
  endfacet
  facet normal -0.479211 0 -0.8777
    outer loop
      vertex 0.594705 -5 0.925379
      vertex 0.588877 -2.25345 0.928561
      vertex 0.594705 -2.24278 0.925379
    endloop
  endfacet
  facet normal -0.479247 -9.82268e-08 -0.87768
    outer loop
      vertex 0.594705 -5 0.925379
      vertex 0.529024 -2.3334 0.961243
      vertex 0.588877 -2.25345 0.928561
    endloop
  endfacet
  facet normal -0.479253 -3.13825e-07 -0.877677
    outer loop
      vertex 0.594705 -5 0.925379
      vertex 0.458402 -2.40402 0.999806
      vertex 0.529024 -2.3334 0.961243
    endloop
  endfacet
  facet normal -0.47927 -0 -0.877667
    outer loop
      vertex 0.456956 -2.40511 1.0006
      vertex 0.594705 -5 0.925379
      vertex 0.456956 -5 1.0006
    endloop
  endfacet
  facet normal -0.481235 -0.000135484 -0.876592
    outer loop
      vertex 0.594705 -5 0.925379
      vertex 0.456956 -2.40511 1.0006
      vertex 0.458402 -2.40402 0.999806
    endloop
  endfacet
  facet normal -0.479211 0 -0.8777
    outer loop
      vertex 0.588877 -1.49655 0.928561
      vertex 0.594705 5 0.925379
      vertex 0.594705 -1.50722 0.925379
    endloop
  endfacet
  facet normal -0.479247 4.15953e-08 -0.87768
    outer loop
      vertex 0.529024 -1.4166 0.961243
      vertex 0.594705 5 0.925379
      vertex 0.588877 -1.49655 0.928561
    endloop
  endfacet
  facet normal -0.479253 1.32277e-07 -0.877677
    outer loop
      vertex 0.458402 -1.34597 0.999806
      vertex 0.594705 5 0.925379
      vertex 0.529024 -1.4166 0.961243
    endloop
  endfacet
  facet normal -0.481281 5.67055e-05 -0.876566
    outer loop
      vertex 0.456956 -1.34489 1.0006
      vertex 0.594705 5 0.925379
      vertex 0.458402 -1.34597 0.999806
    endloop
  endfacet
  facet normal -0.47927 0 -0.877667
    outer loop
      vertex 0.594705 5 0.925379
      vertex 0.456956 -1.34489 1.0006
      vertex 0.456956 5 1.0006
    endloop
  endfacet
  facet normal 0.936965 0 -0.349424
    outer loop
      vertex -1.0006 -5 0.456956
      vertex -1.05544 5 0.309905
      vertex -1.0006 5 0.456956
    endloop
  endfacet
  facet normal 0.936965 0 -0.349424
    outer loop
      vertex -1.05544 5 0.309905
      vertex -1.0006 -5 0.456956
      vertex -1.05544 -5 0.309905
    endloop
  endfacet
  facet normal 0.977148 0 -0.212558
    outer loop
      vertex -1.05544 -5 0.309905
      vertex -1.0888 5 0.156546
      vertex -1.05544 5 0.309905
    endloop
  endfacet
  facet normal 0.977148 0 -0.212558
    outer loop
      vertex -1.0888 5 0.156546
      vertex -1.05544 -5 0.309905
      vertex -1.0888 -5 0.156546
    endloop
  endfacet
  facet normal 0.21242 -3.56591e-06 -0.977178
    outer loop
      vertex -0.309905 5 1.05544
      vertex -0.156546 -1.19451 1.0888
      vertex -0.197212 -1.20335 1.07996
    endloop
  endfacet
  facet normal 0.212599 -1.72345e-07 -0.97714
    outer loop
      vertex -0.309905 5 1.05544
      vertex -0.197212 -1.20335 1.07996
      vertex -0.29079 -1.23826 1.0596
    endloop
  endfacet
  facet normal 0.212652 0 -0.977128
    outer loop
      vertex -0.309905 5 1.05544
      vertex -0.29079 -1.23826 1.0596
      vertex -0.309905 -1.2487 1.05544
    endloop
  endfacet
  facet normal 0.212558 0 -0.977148
    outer loop
      vertex -0.156546 -1.19451 1.0888
      vertex -0.309905 5 1.05544
      vertex -0.156546 5 1.0888
    endloop
  endfacet
  facet normal 0.212558 0 -0.977148
    outer loop
      vertex -0.309905 -5 1.05544
      vertex -0.156546 -2.55549 1.0888
      vertex -0.156546 -5 1.0888
    endloop
  endfacet
  facet normal 0.212422 8.96246e-06 -0.977178
    outer loop
      vertex -0.156546 -2.55549 1.0888
      vertex -0.309905 -5 1.05544
      vertex -0.197212 -2.54664 1.07996
    endloop
  endfacet
  facet normal 0.212599 4.31339e-07 -0.97714
    outer loop
      vertex -0.197212 -2.54664 1.07996
      vertex -0.309905 -5 1.05544
      vertex -0.29079 -2.51174 1.0596
    endloop
  endfacet
  facet normal 0.212652 0 -0.977128
    outer loop
      vertex -0.29079 -2.51174 1.0596
      vertex -0.309905 -5 1.05544
      vertex -0.309905 -2.5013 1.05544
    endloop
  endfacet
  facet normal 0.599283 0 -0.800537
    outer loop
      vertex -0.720346 -5 0.831324
      vertex -0.594705 -2.24278 0.925379
      vertex -0.594705 -5 0.925379
    endloop
  endfacet
  facet normal 0.599284 -4.20354e-08 -0.800537
    outer loop
      vertex -0.594705 -2.24278 0.925379
      vertex -0.720346 -5 0.831324
      vertex -0.636742 -2.16579 0.89391
    endloop
  endfacet
  facet normal 0.599287 -2.15539e-07 -0.800534
    outer loop
      vertex -0.636742 -2.16579 0.89391
      vertex -0.720346 -5 0.831324
      vertex -0.671644 -2.07221 0.867782
    endloop
  endfacet
  facet normal 0.59927 2.26264e-07 -0.800547
    outer loop
      vertex -0.671644 -2.07221 0.867782
      vertex -0.720346 -5 0.831324
      vertex -0.692875 -1.97462 0.851889
    endloop
  endfacet
  facet normal 0.599297 -1.5452e-07 -0.800527
    outer loop
      vertex -0.692875 -1.97462 0.851889
      vertex -0.720346 -5 0.831324
      vertex -0.7 -1.875 0.846555
    endloop
  endfacet
  facet normal 0.599284 1.86385e-08 -0.800537
    outer loop
      vertex -0.720346 5 0.831324
      vertex -0.594705 -1.50722 0.925379
      vertex -0.636742 -1.58421 0.89391
    endloop
  endfacet
  facet normal 0.599288 9.68217e-08 -0.800534
    outer loop
      vertex -0.720346 5 0.831324
      vertex -0.636742 -1.58421 0.89391
      vertex -0.671644 -1.67779 0.867782
    endloop
  endfacet
  facet normal 0.59927 -1.03324e-07 -0.800547
    outer loop
      vertex -0.720346 5 0.831324
      vertex -0.671644 -1.67779 0.867782
      vertex -0.692875 -1.77538 0.851889
    endloop
  endfacet
  facet normal 0.599298 7.35851e-08 -0.800526
    outer loop
      vertex -0.720346 5 0.831324
      vertex -0.692875 -1.77538 0.851889
      vertex -0.7 -1.875 0.846555
    endloop
  endfacet
  facet normal 0.599283 0 -0.800537
    outer loop
      vertex -0.594705 -1.50722 0.925379
      vertex -0.720346 5 0.831324
      vertex -0.594705 5 0.925379
    endloop
  endfacet
  facet normal 0.599282 0 -0.800538
    outer loop
      vertex -0.720346 5 0.831324
      vertex -0.7 -1.875 0.846555
      vertex -0.720346 -5 0.831324
    endloop
  endfacet
  facet normal 0.707107 0 -0.707107
    outer loop
      vertex -0.720346 -5 0.831324
      vertex -0.831324 5 0.720346
      vertex -0.720346 5 0.831324
    endloop
  endfacet
  facet normal 0.707107 0 -0.707107
    outer loop
      vertex -0.831324 5 0.720346
      vertex -0.720346 -5 0.831324
      vertex -0.831324 -5 0.720346
    endloop
  endfacet
  facet normal -0.977148 0 0.212558
    outer loop
      vertex 1.05544 -5 -0.309905
      vertex 1.0888 5 -0.156546
      vertex 1.05544 5 -0.309905
    endloop
  endfacet
  facet normal -0.977148 0 0.212558
    outer loop
      vertex 1.0888 5 -0.156546
      vertex 1.05544 -5 -0.309905
      vertex 1.0888 -5 -0.156546
    endloop
  endfacet
  facet normal 0.99745 -0 0.0713621
    outer loop
      vertex -1.1 -5 0
      vertex -1.0888 5 -0.156546
      vertex -1.1 5 0
    endloop
  endfacet
  facet normal 0.99745 0 0.0713621
    outer loop
      vertex -1.0888 5 -0.156546
      vertex -1.1 -5 0
      vertex -1.0888 -5 -0.156546
    endloop
  endfacet
  facet normal -0.0713142 0 0.997454
    outer loop
      vertex 0.156546 5 -1.0888
      vertex 0.0996199 -1.18212 -1.09287
      vertex 0.156546 -1.19451 -1.0888
    endloop
  endfacet
  facet normal -0.0713621 0 0.99745
    outer loop
      vertex 0 -1.175 -1.1
      vertex 0.156546 5 -1.0888
      vertex 0 5 -1.1
    endloop
  endfacet
  facet normal -0.0713894 6.96131e-07 0.997449
    outer loop
      vertex 0.156546 5 -1.0888
      vertex 0 -1.175 -1.1
      vertex 0.0996199 -1.18212 -1.09287
    endloop
  endfacet
  facet normal -0.0713142 0 0.997454
    outer loop
      vertex 0.0996199 -2.56787 -1.09287
      vertex 0.156546 -5 -1.0888
      vertex 0.156546 -2.55549 -1.0888
    endloop
  endfacet
  facet normal -0.0713893 -1.76767e-06 0.997449
    outer loop
      vertex 0 -2.575 -1.1
      vertex 0.156546 -5 -1.0888
      vertex 0.0996199 -2.56787 -1.09287
    endloop
  endfacet
  facet normal -0.0713621 0 0.99745
    outer loop
      vertex 0.156546 -5 -1.0888
      vertex 0 -2.575 -1.1
      vertex 0 -5 -1.1
    endloop
  endfacet
  facet normal -0.212652 0 0.977128
    outer loop
      vertex 0.309905 5 -1.05544
      vertex 0.29079 -1.23826 -1.0596
      vertex 0.309905 -1.2487 -1.05544
    endloop
  endfacet
  facet normal -0.212599 -1.72345e-07 0.97714
    outer loop
      vertex 0.309905 5 -1.05544
      vertex 0.197212 -1.20335 -1.07996
      vertex 0.29079 -1.23826 -1.0596
    endloop
  endfacet
  facet normal -0.212558 0 0.977148
    outer loop
      vertex 0.156546 -1.19451 -1.0888
      vertex 0.309905 5 -1.05544
      vertex 0.156546 5 -1.0888
    endloop
  endfacet
  facet normal -0.21242 -3.56591e-06 0.977178
    outer loop
      vertex 0.309905 5 -1.05544
      vertex 0.156546 -1.19451 -1.0888
      vertex 0.197212 -1.20335 -1.07996
    endloop
  endfacet
  facet normal -0.212652 0 0.977128
    outer loop
      vertex 0.29079 -2.51174 -1.0596
      vertex 0.309905 -5 -1.05544
      vertex 0.309905 -2.5013 -1.05544
    endloop
  endfacet
  facet normal -0.212599 4.31339e-07 0.97714
    outer loop
      vertex 0.197212 -2.54664 -1.07996
      vertex 0.309905 -5 -1.05544
      vertex 0.29079 -2.51174 -1.0596
    endloop
  endfacet
  facet normal -0.212422 8.96246e-06 0.977178
    outer loop
      vertex 0.156546 -2.55549 -1.0888
      vertex 0.309905 -5 -1.05544
      vertex 0.197212 -2.54664 -1.07996
    endloop
  endfacet
  facet normal -0.212558 0 0.977148
    outer loop
      vertex 0.309905 -5 -1.05544
      vertex 0.156546 -2.55549 -1.0888
      vertex 0.156546 -5 -1.0888
    endloop
  endfacet
  facet normal -0.977148 0 -0.212558
    outer loop
      vertex 1.0888 -5 0.156546
      vertex 1.05544 5 0.309905
      vertex 1.0888 5 0.156546
    endloop
  endfacet
  facet normal -0.977148 -0 -0.212558
    outer loop
      vertex 1.05544 5 0.309905
      vertex 1.0888 -5 0.156546
      vertex 1.05544 -5 0.309905
    endloop
  endfacet
  facet normal -0.707107 0 -0.707107
    outer loop
      vertex 0.831324 -5 0.720346
      vertex 0.720346 5 0.831324
      vertex 0.831324 5 0.720346
    endloop
  endfacet
  facet normal -0.707107 -0 -0.707107
    outer loop
      vertex 0.720346 5 0.831324
      vertex 0.831324 -5 0.720346
      vertex 0.720346 -5 0.831324
    endloop
  endfacet
  facet normal -0.349444 0 -0.936957
    outer loop
      vertex 0.456956 -5 1.0006
      vertex 0.378448 -2.46388 1.02988
      vertex 0.456956 -2.40511 1.0006
    endloop
  endfacet
  facet normal -0.349424 -0 -0.936965
    outer loop
      vertex 0.309905 -2.5013 1.05544
      vertex 0.456956 -5 1.0006
      vertex 0.309905 -5 1.05544
    endloop
  endfacet
  facet normal -0.349402 1.4553e-06 -0.936973
    outer loop
      vertex 0.456956 -5 1.0006
      vertex 0.309905 -2.5013 1.05544
      vertex 0.378448 -2.46388 1.02988
    endloop
  endfacet
  facet normal -0.349444 0 -0.936957
    outer loop
      vertex 0.378448 -1.28612 1.02988
      vertex 0.456956 5 1.0006
      vertex 0.456956 -1.34489 1.0006
    endloop
  endfacet
  facet normal -0.349402 -5.93017e-07 -0.936973
    outer loop
      vertex 0.309905 -1.2487 1.05544
      vertex 0.456956 5 1.0006
      vertex 0.378448 -1.28612 1.02988
    endloop
  endfacet
  facet normal -0.349424 0 -0.936965
    outer loop
      vertex 0.456956 5 1.0006
      vertex 0.309905 -1.2487 1.05544
      vertex 0.309905 5 1.05544
    endloop
  endfacet
  facet normal -0.936965 0 0.349424
    outer loop
      vertex 1.0006 -5 -0.456956
      vertex 1.05544 5 -0.309905
      vertex 1.0006 5 -0.456956
    endloop
  endfacet
  facet normal -0.936965 0 0.349424
    outer loop
      vertex 1.05544 5 -0.309905
      vertex 1.0006 -5 -0.456956
      vertex 1.05544 -5 -0.309905
    endloop
  endfacet
  facet normal -0.707107 0 0.707107
    outer loop
      vertex 0.720346 -5 -0.831324
      vertex 0.831324 5 -0.720346
      vertex 0.720346 5 -0.831324
    endloop
  endfacet
  facet normal -0.707107 0 0.707107
    outer loop
      vertex 0.831324 5 -0.720346
      vertex 0.720346 -5 -0.831324
      vertex 0.831324 -5 -0.720346
    endloop
  endfacet
  facet normal -0.800537 0 0.599283
    outer loop
      vertex 0.831324 -5 -0.720346
      vertex 0.925379 5 -0.594705
      vertex 0.831324 5 -0.720346
    endloop
  endfacet
  facet normal -0.800537 0 0.599283
    outer loop
      vertex 0.925379 5 -0.594705
      vertex 0.831324 -5 -0.720346
      vertex 0.925379 -5 -0.594705
    endloop
  endfacet
  facet normal -0.877667 0 0.47927
    outer loop
      vertex 0.925379 -5 -0.594705
      vertex 1.0006 5 -0.456956
      vertex 0.925379 5 -0.594705
    endloop
  endfacet
  facet normal -0.877667 0 0.47927
    outer loop
      vertex 1.0006 5 -0.456956
      vertex 0.925379 -5 -0.594705
      vertex 1.0006 -5 -0.456956
    endloop
  endfacet
  facet normal 0.47927 0 0.877667
    outer loop
      vertex -0.594705 5 -0.925379
      vertex -0.456956 -1.34489 -1.0006
      vertex -0.456956 5 -1.0006
    endloop
  endfacet
  facet normal 0.481281 5.67055e-05 0.876566
    outer loop
      vertex -0.456956 -1.34489 -1.0006
      vertex -0.594705 5 -0.925379
      vertex -0.458402 -1.34597 -0.999806
    endloop
  endfacet
  facet normal 0.479253 1.32277e-07 0.877677
    outer loop
      vertex -0.458402 -1.34597 -0.999806
      vertex -0.594705 5 -0.925379
      vertex -0.529024 -1.4166 -0.961243
    endloop
  endfacet
  facet normal 0.479247 4.15953e-08 0.87768
    outer loop
      vertex -0.529024 -1.4166 -0.961243
      vertex -0.594705 5 -0.925379
      vertex -0.588877 -1.49655 -0.928561
    endloop
  endfacet
  facet normal 0.479211 0 0.8777
    outer loop
      vertex -0.588877 -1.49655 -0.928561
      vertex -0.594705 5 -0.925379
      vertex -0.594705 -1.50722 -0.925379
    endloop
  endfacet
  facet normal 0.481235 -0.000135484 0.876592
    outer loop
      vertex -0.594705 -5 -0.925379
      vertex -0.456956 -2.40511 -1.0006
      vertex -0.458402 -2.40402 -0.999806
    endloop
  endfacet
  facet normal 0.479253 -3.13825e-07 0.877677
    outer loop
      vertex -0.594705 -5 -0.925379
      vertex -0.458402 -2.40402 -0.999806
      vertex -0.529024 -2.3334 -0.961243
    endloop
  endfacet
  facet normal 0.479247 -9.82268e-08 0.87768
    outer loop
      vertex -0.594705 -5 -0.925379
      vertex -0.529024 -2.3334 -0.961243
      vertex -0.588877 -2.25345 -0.928561
    endloop
  endfacet
  facet normal 0.479211 -0 0.8777
    outer loop
      vertex -0.594705 -5 -0.925379
      vertex -0.588877 -2.25345 -0.928561
      vertex -0.594705 -2.24278 -0.925379
    endloop
  endfacet
  facet normal 0.47927 0 0.877667
    outer loop
      vertex -0.456956 -2.40511 -1.0006
      vertex -0.594705 -5 -0.925379
      vertex -0.456956 -5 -1.0006
    endloop
  endfacet
  facet normal 0.936965 -0 0.349424
    outer loop
      vertex -1.05544 -5 -0.309905
      vertex -1.0006 5 -0.456956
      vertex -1.05544 5 -0.309905
    endloop
  endfacet
  facet normal 0.936965 0 0.349424
    outer loop
      vertex -1.0006 5 -0.456956
      vertex -1.05544 -5 -0.309905
      vertex -1.0006 -5 -0.456956
    endloop
  endfacet
  facet normal 0.977148 -0 0.212558
    outer loop
      vertex -1.0888 -5 -0.156546
      vertex -1.05544 5 -0.309905
      vertex -1.0888 5 -0.156546
    endloop
  endfacet
  facet normal 0.977148 0 0.212558
    outer loop
      vertex -1.05544 5 -0.309905
      vertex -1.0888 -5 -0.156546
      vertex -1.05544 -5 -0.309905
    endloop
  endfacet
  facet normal -0.479211 0 0.8777
    outer loop
      vertex 0.588877 -2.25345 -0.928561
      vertex 0.594705 -5 -0.925379
      vertex 0.594705 -2.24278 -0.925379
    endloop
  endfacet
  facet normal -0.479247 -9.82268e-08 0.87768
    outer loop
      vertex 0.529024 -2.3334 -0.961243
      vertex 0.594705 -5 -0.925379
      vertex 0.588877 -2.25345 -0.928561
    endloop
  endfacet
  facet normal -0.479253 -3.13825e-07 0.877677
    outer loop
      vertex 0.458402 -2.40402 -0.999806
      vertex 0.594705 -5 -0.925379
      vertex 0.529024 -2.3334 -0.961243
    endloop
  endfacet
  facet normal -0.481235 -0.000135484 0.876592
    outer loop
      vertex 0.456956 -2.40511 -1.0006
      vertex 0.594705 -5 -0.925379
      vertex 0.458402 -2.40402 -0.999806
    endloop
  endfacet
  facet normal -0.47927 0 0.877667
    outer loop
      vertex 0.594705 -5 -0.925379
      vertex 0.456956 -2.40511 -1.0006
      vertex 0.456956 -5 -1.0006
    endloop
  endfacet
  facet normal -0.479211 0 0.8777
    outer loop
      vertex 0.594705 5 -0.925379
      vertex 0.588877 -1.49655 -0.928561
      vertex 0.594705 -1.50722 -0.925379
    endloop
  endfacet
  facet normal -0.479247 4.15953e-08 0.87768
    outer loop
      vertex 0.594705 5 -0.925379
      vertex 0.529024 -1.4166 -0.961243
      vertex 0.588877 -1.49655 -0.928561
    endloop
  endfacet
  facet normal -0.479253 1.32277e-07 0.877677
    outer loop
      vertex 0.594705 5 -0.925379
      vertex 0.458402 -1.34597 -0.999806
      vertex 0.529024 -1.4166 -0.961243
    endloop
  endfacet
  facet normal -0.47927 0 0.877667
    outer loop
      vertex 0.456956 -1.34489 -1.0006
      vertex 0.594705 5 -0.925379
      vertex 0.456956 5 -1.0006
    endloop
  endfacet
  facet normal -0.481281 5.67055e-05 0.876566
    outer loop
      vertex 0.594705 5 -0.925379
      vertex 0.456956 -1.34489 -1.0006
      vertex 0.458402 -1.34597 -0.999806
    endloop
  endfacet
  facet normal -0.349444 0 0.936957
    outer loop
      vertex 0.378448 -2.46388 -1.02988
      vertex 0.456956 -5 -1.0006
      vertex 0.456956 -2.40511 -1.0006
    endloop
  endfacet
  facet normal -0.349402 1.4553e-06 0.936973
    outer loop
      vertex 0.309905 -2.5013 -1.05544
      vertex 0.456956 -5 -1.0006
      vertex 0.378448 -2.46388 -1.02988
    endloop
  endfacet
  facet normal -0.349424 0 0.936965
    outer loop
      vertex 0.456956 -5 -1.0006
      vertex 0.309905 -2.5013 -1.05544
      vertex 0.309905 -5 -1.05544
    endloop
  endfacet
  facet normal -0.349444 0 0.936957
    outer loop
      vertex 0.456956 5 -1.0006
      vertex 0.378448 -1.28612 -1.02988
      vertex 0.456956 -1.34489 -1.0006
    endloop
  endfacet
  facet normal -0.349424 0 0.936965
    outer loop
      vertex 0.309905 -1.2487 -1.05544
      vertex 0.456956 5 -1.0006
      vertex 0.309905 5 -1.05544
    endloop
  endfacet
  facet normal -0.349402 -5.93017e-07 0.936973
    outer loop
      vertex 0.456956 5 -1.0006
      vertex 0.309905 -1.2487 -1.05544
      vertex 0.378448 -1.28612 -1.02988
    endloop
  endfacet
  facet normal 0.599283 0 0.800537
    outer loop
      vertex -0.720346 5 -0.831324
      vertex -0.594705 -1.50722 -0.925379
      vertex -0.594705 5 -0.925379
    endloop
  endfacet
  facet normal 0.599284 1.86385e-08 0.800537
    outer loop
      vertex -0.594705 -1.50722 -0.925379
      vertex -0.720346 5 -0.831324
      vertex -0.636742 -1.58421 -0.89391
    endloop
  endfacet
  facet normal 0.599288 9.68217e-08 0.800534
    outer loop
      vertex -0.636742 -1.58421 -0.89391
      vertex -0.720346 5 -0.831324
      vertex -0.671644 -1.67779 -0.867782
    endloop
  endfacet
  facet normal 0.59927 -1.03324e-07 0.800547
    outer loop
      vertex -0.671644 -1.67779 -0.867782
      vertex -0.720346 5 -0.831324
      vertex -0.692875 -1.77538 -0.851889
    endloop
  endfacet
  facet normal 0.599298 7.35851e-08 0.800526
    outer loop
      vertex -0.692875 -1.77538 -0.851889
      vertex -0.720346 5 -0.831324
      vertex -0.7 -1.875 -0.846555
    endloop
  endfacet
  facet normal 0.599284 -4.20354e-08 0.800537
    outer loop
      vertex -0.720346 -5 -0.831324
      vertex -0.594705 -2.24278 -0.925379
      vertex -0.636742 -2.16579 -0.89391
    endloop
  endfacet
  facet normal 0.599287 -2.15539e-07 0.800534
    outer loop
      vertex -0.720346 -5 -0.831324
      vertex -0.636742 -2.16579 -0.89391
      vertex -0.671644 -2.07221 -0.867782
    endloop
  endfacet
  facet normal 0.59927 2.26264e-07 0.800547
    outer loop
      vertex -0.720346 -5 -0.831324
      vertex -0.671644 -2.07221 -0.867782
      vertex -0.692875 -1.97462 -0.851889
    endloop
  endfacet
  facet normal 0.599297 -1.5452e-07 0.800527
    outer loop
      vertex -0.720346 -5 -0.831324
      vertex -0.692875 -1.97462 -0.851889
      vertex -0.7 -1.875 -0.846555
    endloop
  endfacet
  facet normal 0.599283 0 0.800537
    outer loop
      vertex -0.594705 -2.24278 -0.925379
      vertex -0.720346 -5 -0.831324
      vertex -0.594705 -5 -0.925379
    endloop
  endfacet
  facet normal 0.599282 -0 0.800538
    outer loop
      vertex -0.720346 -5 -0.831324
      vertex -0.7 -1.875 -0.846555
      vertex -0.720346 5 -0.831324
    endloop
  endfacet
  facet normal 0.877667 -0 0.47927
    outer loop
      vertex -1.0006 -5 -0.456956
      vertex -0.925379 5 -0.594705
      vertex -1.0006 5 -0.456956
    endloop
  endfacet
  facet normal 0.877667 0 0.47927
    outer loop
      vertex -0.925379 5 -0.594705
      vertex -1.0006 -5 -0.456956
      vertex -0.925379 -5 -0.594705
    endloop
  endfacet
  facet normal 0.800537 -0 0.599283
    outer loop
      vertex -0.925379 -5 -0.594705
      vertex -0.831324 5 -0.720346
      vertex -0.925379 5 -0.594705
    endloop
  endfacet
  facet normal 0.800537 0 0.599283
    outer loop
      vertex -0.831324 5 -0.720346
      vertex -0.925379 -5 -0.594705
      vertex -0.831324 -5 -0.720346
    endloop
  endfacet
  facet normal 0.212558 0 0.977148
    outer loop
      vertex -0.309905 5 -1.05544
      vertex -0.156546 -1.19451 -1.0888
      vertex -0.156546 5 -1.0888
    endloop
  endfacet
  facet normal 0.21242 -3.56591e-06 0.977178
    outer loop
      vertex -0.156546 -1.19451 -1.0888
      vertex -0.309905 5 -1.05544
      vertex -0.197212 -1.20335 -1.07996
    endloop
  endfacet
  facet normal 0.212599 -1.72345e-07 0.97714
    outer loop
      vertex -0.197212 -1.20335 -1.07996
      vertex -0.309905 5 -1.05544
      vertex -0.29079 -1.23826 -1.0596
    endloop
  endfacet
  facet normal 0.212652 0 0.977128
    outer loop
      vertex -0.29079 -1.23826 -1.0596
      vertex -0.309905 5 -1.05544
      vertex -0.309905 -1.2487 -1.05544
    endloop
  endfacet
  facet normal 0.212422 8.96246e-06 0.977178
    outer loop
      vertex -0.309905 -5 -1.05544
      vertex -0.156546 -2.55549 -1.0888
      vertex -0.197212 -2.54664 -1.07996
    endloop
  endfacet
  facet normal 0.212599 4.31339e-07 0.97714
    outer loop
      vertex -0.309905 -5 -1.05544
      vertex -0.197212 -2.54664 -1.07996
      vertex -0.29079 -2.51174 -1.0596
    endloop
  endfacet
  facet normal 0.212652 -0 0.977128
    outer loop
      vertex -0.309905 -5 -1.05544
      vertex -0.29079 -2.51174 -1.0596
      vertex -0.309905 -2.5013 -1.05544
    endloop
  endfacet
  facet normal 0.212558 0 0.977148
    outer loop
      vertex -0.156546 -2.55549 -1.0888
      vertex -0.309905 -5 -1.05544
      vertex -0.156546 -5 -1.0888
    endloop
  endfacet
  facet normal 0.0713621 0 0.99745
    outer loop
      vertex -0.156546 5 -1.0888
      vertex 0 -1.175 -1.1
      vertex 0 5 -1.1
    endloop
  endfacet
  facet normal 0.0713894 6.96131e-07 0.997449
    outer loop
      vertex 0 -1.175 -1.1
      vertex -0.156546 5 -1.0888
      vertex -0.0996199 -1.18212 -1.09287
    endloop
  endfacet
  facet normal 0.0713142 0 0.997454
    outer loop
      vertex -0.0996199 -1.18212 -1.09287
      vertex -0.156546 5 -1.0888
      vertex -0.156546 -1.19451 -1.0888
    endloop
  endfacet
  facet normal 0.0713893 -1.76767e-06 0.997449
    outer loop
      vertex -0.156546 -5 -1.0888
      vertex 0 -2.575 -1.1
      vertex -0.0996199 -2.56787 -1.09287
    endloop
  endfacet
  facet normal 0.0713142 -0 0.997454
    outer loop
      vertex -0.156546 -5 -1.0888
      vertex -0.0996199 -2.56787 -1.09287
      vertex -0.156546 -2.55549 -1.0888
    endloop
  endfacet
  facet normal 0.0713621 0 0.99745
    outer loop
      vertex 0 -2.575 -1.1
      vertex -0.156546 -5 -1.0888
      vertex 0 -5 -1.1
    endloop
  endfacet
  facet normal 0.349424 0 0.936965
    outer loop
      vertex -0.456956 5 -1.0006
      vertex -0.309905 -1.2487 -1.05544
      vertex -0.309905 5 -1.05544
    endloop
  endfacet
  facet normal 0.349402 -5.93017e-07 0.936973
    outer loop
      vertex -0.309905 -1.2487 -1.05544
      vertex -0.456956 5 -1.0006
      vertex -0.378448 -1.28612 -1.02988
    endloop
  endfacet
  facet normal 0.349444 0 0.936957
    outer loop
      vertex -0.378448 -1.28612 -1.02988
      vertex -0.456956 5 -1.0006
      vertex -0.456956 -1.34489 -1.0006
    endloop
  endfacet
  facet normal 0.349402 1.4553e-06 0.936973
    outer loop
      vertex -0.456956 -5 -1.0006
      vertex -0.309905 -2.5013 -1.05544
      vertex -0.378448 -2.46388 -1.02988
    endloop
  endfacet
  facet normal 0.349444 -0 0.936957
    outer loop
      vertex -0.456956 -5 -1.0006
      vertex -0.378448 -2.46388 -1.02988
      vertex -0.456956 -2.40511 -1.0006
    endloop
  endfacet
  facet normal 0.349424 0 0.936965
    outer loop
      vertex -0.309905 -2.5013 -1.05544
      vertex -0.456956 -5 -1.0006
      vertex -0.309905 -5 -1.05544
    endloop
  endfacet
  facet normal -0.997449 0 -0.0713829
    outer loop
      vertex 1.1 -4 -22
      vertex 1.0888 4 -21.8435
      vertex 1.1 4 -22
    endloop
  endfacet
  facet normal -0.997449 -0 -0.0713829
    outer loop
      vertex 1.0888 4 -21.8435
      vertex 1.1 -4 -22
      vertex 1.0888 -4 -21.8435
    endloop
  endfacet
  facet normal -0.97716 0 -0.212504
    outer loop
      vertex 1.0888 -4 -21.8435
      vertex 1.05544 4 -21.6901
      vertex 1.0888 4 -21.8435
    endloop
  endfacet
  facet normal -0.97716 -0 -0.212504
    outer loop
      vertex 1.05544 4 -21.6901
      vertex 1.0888 -4 -21.8435
      vertex 1.05544 -4 -21.6901
    endloop
  endfacet
  facet normal 0.997449 0 -0.0713829
    outer loop
      vertex -1.0888 -4 -21.8435
      vertex -1.1 4 -22
      vertex -1.0888 4 -21.8435
    endloop
  endfacet
  facet normal 0.997449 0 -0.0713829
    outer loop
      vertex -1.1 4 -22
      vertex -1.0888 -4 -21.8435
      vertex -1.1 -4 -22
    endloop
  endfacet
  facet normal 0.0710916 -1.40694e-05 -0.99747
    outer loop
      vertex -0.156546 1.85 -20.9112
      vertex 0 -1.175 -20.9
      vertex -0.0996199 -1.18212 -20.9071
    endloop
  endfacet
  facet normal 0.0718371 0 -0.997416
    outer loop
      vertex -0.156546 1.85 -20.9112
      vertex -0.0996199 -1.18212 -20.9071
      vertex -0.156546 -1.19451 -20.9112
    endloop
  endfacet
  facet normal 0.0713621 0 -0.99745
    outer loop
      vertex 0 -1.175 -20.9
      vertex -0.156546 1.85 -20.9112
      vertex 0 1.85 -20.9
    endloop
  endfacet
  facet normal 0.0713621 0 -0.99745
    outer loop
      vertex -0.156546 -4 -20.9112
      vertex 0 -2.575 -20.9
      vertex 0 -4 -20.9
    endloop
  endfacet
  facet normal 0.0710927 2.97431e-05 -0.99747
    outer loop
      vertex 0 -2.575 -20.9
      vertex -0.156546 -4 -20.9112
      vertex -0.0996199 -2.56787 -20.9071
    endloop
  endfacet
  facet normal 0.0718371 0 -0.997416
    outer loop
      vertex -0.0996199 -2.56787 -20.9071
      vertex -0.156546 -4 -20.9112
      vertex -0.156546 -2.55549 -20.9112
    endloop
  endfacet
  facet normal 0.0713621 0 -0.99745
    outer loop
      vertex -0.156546 3.85 -20.9112
      vertex 0 4 -20.9
      vertex 0 3.85 -20.9
    endloop
  endfacet
  facet normal 0.0713621 0 -0.99745
    outer loop
      vertex 0 4 -20.9
      vertex -0.156546 3.85 -20.9112
      vertex -0.156546 4 -20.9112
    endloop
  endfacet
  facet normal -0.601018 0 -0.799236
    outer loop
      vertex 0.720346 -4 -21.1687
      vertex 0.7 -1.875 -21.1534
      vertex 0.720346 1.85 -21.1687
    endloop
  endfacet
  facet normal -0.597338 5.50637e-05 -0.80199
    outer loop
      vertex 0.720346 -4 -21.1687
      vertex 0.692875 -1.97462 -21.1481
      vertex 0.7 -1.875 -21.1534
    endloop
  endfacet
  facet normal -0.599468 9.98182e-06 -0.800399
    outer loop
      vertex 0.720346 -4 -21.1687
      vertex 0.671644 -2.07221 -21.1322
      vertex 0.692875 -1.97462 -21.1481
    endloop
  endfacet
  facet normal -0.59893 3.122e-05 -0.800802
    outer loop
      vertex 0.720346 -4 -21.1687
      vertex 0.636742 -2.16579 -21.1061
      vertex 0.671644 -2.07221 -21.1322
    endloop
  endfacet
  facet normal -0.599467 -0 -0.8004
    outer loop
      vertex 0.594705 -2.24278 -21.0746
      vertex 0.720346 -4 -21.1687
      vertex 0.594705 -4 -21.0746
    endloop
  endfacet
  facet normal -0.599639 -1.92525e-05 -0.80027
    outer loop
      vertex 0.720346 -4 -21.1687
      vertex 0.594705 -2.24278 -21.0746
      vertex 0.636742 -2.16579 -21.1061
    endloop
  endfacet
  facet normal -0.59714 -3.30963e-05 -0.802137
    outer loop
      vertex 0.692875 -1.77538 -21.1481
      vertex 0.720346 1.85 -21.1687
      vertex 0.7 -1.875 -21.1534
    endloop
  endfacet
  facet normal -0.599456 -5.72486e-06 -0.800408
    outer loop
      vertex 0.671644 -1.67779 -21.1322
      vertex 0.720346 1.85 -21.1687
      vertex 0.692875 -1.77538 -21.1481
    endloop
  endfacet
  facet normal -0.598906 -1.75662e-05 -0.800819
    outer loop
      vertex 0.636742 -1.58421 -21.1061
      vertex 0.720346 1.85 -21.1687
      vertex 0.671644 -1.67779 -21.1322
    endloop
  endfacet
  facet normal -0.599649 1.06655e-05 -0.800263
    outer loop
      vertex 0.594705 -1.50722 -21.0746
      vertex 0.720346 1.85 -21.1687
      vertex 0.636742 -1.58421 -21.1061
    endloop
  endfacet
  facet normal -0.599467 0 -0.8004
    outer loop
      vertex 0.720346 1.85 -21.1687
      vertex 0.594705 -1.50722 -21.0746
      vertex 0.594705 1.85 -21.0746
    endloop
  endfacet
  facet normal -0.599467 0 -0.8004
    outer loop
      vertex 0.594705 3.85 -21.0746
      vertex 0.720346 4 -21.1687
      vertex 0.720346 3.85 -21.1687
    endloop
  endfacet
  facet normal -0.599467 0 -0.8004
    outer loop
      vertex 0.720346 4 -21.1687
      vertex 0.594705 3.85 -21.0746
      vertex 0.594705 4 -21.0746
    endloop
  endfacet
  facet normal 0.707177 0 -0.707037
    outer loop
      vertex -0.720346 -4 -21.1687
      vertex -0.831324 1.85 -21.2797
      vertex -0.720346 1.85 -21.1687
    endloop
  endfacet
  facet normal 0.707177 0 -0.707037
    outer loop
      vertex -0.831324 1.85 -21.2797
      vertex -0.720346 -4 -21.1687
      vertex -0.831324 -4 -21.2797
    endloop
  endfacet
  facet normal 0.707177 0 -0.707037
    outer loop
      vertex -0.720346 3.85 -21.1687
      vertex -0.831324 4 -21.2797
      vertex -0.720346 4 -21.1687
    endloop
  endfacet
  facet normal 0.707177 0 -0.707037
    outer loop
      vertex -0.831324 4 -21.2797
      vertex -0.720346 3.85 -21.1687
      vertex -0.831324 3.85 -21.2797
    endloop
  endfacet
  facet normal 0.483948 0.000267929 -0.875097
    outer loop
      vertex -0.594705 1.85 -21.0746
      vertex -0.456956 -1.34489 -20.9994
      vertex -0.458402 -1.34597 -21.0002
    endloop
  endfacet
  facet normal 0.479587 2.6172e-05 -0.877494
    outer loop
      vertex -0.594705 1.85 -21.0746
      vertex -0.458402 -1.34597 -21.0002
      vertex -0.529024 -1.4166 -21.0388
    endloop
  endfacet
  facet normal 0.478326 -6.72217e-06 -0.878182
    outer loop
      vertex -0.594705 1.85 -21.0746
      vertex -0.529024 -1.4166 -21.0388
      vertex -0.588877 -1.49655 -21.0714
    endloop
  endfacet
  facet normal 0.481295 0 -0.876559
    outer loop
      vertex -0.594705 1.85 -21.0746
      vertex -0.588877 -1.49655 -21.0714
      vertex -0.594705 -1.50722 -21.0746
    endloop
  endfacet
  facet normal 0.479167 0 -0.877724
    outer loop
      vertex -0.456956 -1.34489 -20.9994
      vertex -0.594705 1.85 -21.0746
      vertex -0.456956 1.85 -20.9994
    endloop
  endfacet
  facet normal 0.479167 0 -0.877724
    outer loop
      vertex -0.594705 -4 -21.0746
      vertex -0.456956 -2.40511 -20.9994
      vertex -0.456956 -4 -20.9994
    endloop
  endfacet
  facet normal 0.483801 -0.000520185 -0.875178
    outer loop
      vertex -0.456956 -2.40511 -20.9994
      vertex -0.594705 -4 -21.0746
      vertex -0.458402 -2.40402 -21.0002
    endloop
  endfacet
  facet normal 0.479569 -5.03462e-05 -0.877504
    outer loop
      vertex -0.458402 -2.40402 -21.0002
      vertex -0.594705 -4 -21.0746
      vertex -0.529024 -2.3334 -21.0388
    endloop
  endfacet
  facet normal 0.478333 1.28529e-05 -0.878179
    outer loop
      vertex -0.529024 -2.3334 -21.0388
      vertex -0.594705 -4 -21.0746
      vertex -0.588877 -2.25345 -21.0714
    endloop
  endfacet
  facet normal 0.481295 0 -0.876559
    outer loop
      vertex -0.588877 -2.25345 -21.0714
      vertex -0.594705 -4 -21.0746
      vertex -0.594705 -2.24278 -21.0746
    endloop
  endfacet
  facet normal 0.479167 0 -0.877724
    outer loop
      vertex -0.594705 3.85 -21.0746
      vertex -0.456956 4 -20.9994
      vertex -0.456956 3.85 -20.9994
    endloop
  endfacet
  facet normal 0.479167 0 -0.877724
    outer loop
      vertex -0.456956 4 -20.9994
      vertex -0.594705 3.85 -21.0746
      vertex -0.594705 4 -21.0746
    endloop
  endfacet
  facet normal -0.800443 0 0.599408
    outer loop
      vertex 0.831324 -4 -22.7203
      vertex 0.925379 4 -22.5947
      vertex 0.831324 4 -22.7203
    endloop
  endfacet
  facet normal -0.800443 0 0.599408
    outer loop
      vertex 0.925379 4 -22.5947
      vertex 0.831324 -4 -22.7203
      vertex 0.925379 -4 -22.5947
    endloop
  endfacet
  facet normal -0.877596 0 -0.479402
    outer loop
      vertex 1.0006 -4 -21.543
      vertex 0.925379 4 -21.4053
      vertex 1.0006 4 -21.543
    endloop
  endfacet
  facet normal -0.877596 -0 -0.479402
    outer loop
      vertex 0.925379 4 -21.4053
      vertex 1.0006 -4 -21.543
      vertex 0.925379 -4 -21.4053
    endloop
  endfacet
  facet normal -0.214603 0 -0.976701
    outer loop
      vertex 0.29079 -1.23826 -20.9404
      vertex 0.309905 1.85 -20.9446
      vertex 0.309905 -1.2487 -20.9446
    endloop
  endfacet
  facet normal -0.213001 -1.03945e-05 -0.977052
    outer loop
      vertex 0.197212 -1.20335 -20.92
      vertex 0.309905 1.85 -20.9446
      vertex 0.29079 -1.23826 -20.9404
    endloop
  endfacet
  facet normal -0.211516 -6.78207e-05 -0.977375
    outer loop
      vertex 0.156546 -1.19451 -20.9112
      vertex 0.309905 1.85 -20.9446
      vertex 0.197212 -1.20335 -20.92
    endloop
  endfacet
  facet normal -0.212801 0 -0.977096
    outer loop
      vertex 0.309905 1.85 -20.9446
      vertex 0.156546 -1.19451 -20.9112
      vertex 0.156546 1.85 -20.9112
    endloop
  endfacet
  facet normal -0.214603 0 -0.976701
    outer loop
      vertex 0.309905 -4 -20.9446
      vertex 0.29079 -2.51174 -20.9404
      vertex 0.309905 -2.5013 -20.9446
    endloop
  endfacet
  facet normal -0.213005 2.15162e-05 -0.977051
    outer loop
      vertex 0.309905 -4 -20.9446
      vertex 0.197212 -2.54664 -20.92
      vertex 0.29079 -2.51174 -20.9404
    endloop
  endfacet
  facet normal -0.212801 -0 -0.977096
    outer loop
      vertex 0.156546 -2.55549 -20.9112
      vertex 0.309905 -4 -20.9446
      vertex 0.156546 -4 -20.9112
    endloop
  endfacet
  facet normal -0.211531 0.000141243 -0.977371
    outer loop
      vertex 0.309905 -4 -20.9446
      vertex 0.156546 -2.55549 -20.9112
      vertex 0.197212 -2.54664 -20.92
    endloop
  endfacet
  facet normal -0.212801 0 -0.977096
    outer loop
      vertex 0.156546 3.85 -20.9112
      vertex 0.309905 4 -20.9446
      vertex 0.309905 3.85 -20.9446
    endloop
  endfacet
  facet normal -0.212801 0 -0.977096
    outer loop
      vertex 0.309905 4 -20.9446
      vertex 0.156546 3.85 -20.9112
      vertex 0.156546 4 -20.9112
    endloop
  endfacet
  facet normal 0.877596 0 -0.479402
    outer loop
      vertex -0.925379 -4 -21.4053
      vertex -1.0006 4 -21.543
      vertex -0.925379 4 -21.4053
    endloop
  endfacet
  facet normal 0.877596 0 -0.479402
    outer loop
      vertex -1.0006 4 -21.543
      vertex -0.925379 -4 -21.4053
      vertex -1.0006 -4 -21.543
    endloop
  endfacet
  facet normal 0.800092 0 -0.599878
    outer loop
      vertex -0.831324 1.85 -21.2797
      vertex -0.831324 -4 -21.2797
      vertex -0.87526 1.85 -21.3383
    endloop
  endfacet
  facet normal 0.800092 0 -0.599878
    outer loop
      vertex -0.87526 3.85 -21.3383
      vertex -0.831324 4 -21.2797
      vertex -0.831324 3.85 -21.2797
    endloop
  endfacet
  facet normal 0.800443 -0.000286299 -0.599408
    outer loop
      vertex -0.831324 4 -21.2797
      vertex -0.87526 3.85 -21.3383
      vertex -0.925379 4 -21.4053
    endloop
  endfacet
  facet normal 0.800751 0 -0.598998
    outer loop
      vertex -0.87526 1.85 -21.3383
      vertex -0.925379 4 -21.4053
      vertex -0.87526 3.85 -21.3383
    endloop
  endfacet
  facet normal 0.800443 7.34099e-06 -0.599408
    outer loop
      vertex -0.925379 -4 -21.4053
      vertex -0.87526 1.85 -21.3383
      vertex -0.831324 -4 -21.2797
    endloop
  endfacet
  facet normal 0.800751 0 -0.598998
    outer loop
      vertex -0.87526 1.85 -21.3383
      vertex -0.925379 -4 -21.4053
      vertex -0.925379 4 -21.4053
    endloop
  endfacet
  facet normal 0.97716 0 -0.212504
    outer loop
      vertex -1.05544 -4 -21.6901
      vertex -1.0888 4 -21.8435
      vertex -1.05544 4 -21.6901
    endloop
  endfacet
  facet normal 0.97716 0 -0.212504
    outer loop
      vertex -1.0888 4 -21.8435
      vertex -1.05544 -4 -21.6901
      vertex -1.0888 -4 -21.8435
    endloop
  endfacet
  facet normal 0.937003 -0 0.349322
    outer loop
      vertex -1.05544 -4 -22.3099
      vertex -1.0006 4 -22.457
      vertex -1.05544 4 -22.3099
    endloop
  endfacet
  facet normal 0.937003 0 0.349322
    outer loop
      vertex -1.0006 4 -22.457
      vertex -1.05544 -4 -22.3099
      vertex -1.0006 -4 -22.457
    endloop
  endfacet
  facet normal -0.214603 0 0.976701
    outer loop
      vertex 0.309905 4 -23.0554
      vertex 0.29079 -1.23826 -23.0596
      vertex 0.309905 -1.2487 -23.0554
    endloop
  endfacet
  facet normal -0.213 -6.13398e-06 0.977052
    outer loop
      vertex 0.309905 4 -23.0554
      vertex 0.197212 -1.20335 -23.08
      vertex 0.29079 -1.23826 -23.0596
    endloop
  endfacet
  facet normal -0.212801 0 0.977096
    outer loop
      vertex 0.156546 -1.19451 -23.0888
      vertex 0.309905 4 -23.0554
      vertex 0.156546 4 -23.0888
    endloop
  endfacet
  facet normal -0.21151 -3.99289e-05 0.977376
    outer loop
      vertex 0.309905 4 -23.0554
      vertex 0.156546 -1.19451 -23.0888
      vertex 0.197212 -1.20335 -23.08
    endloop
  endfacet
  facet normal -0.214603 0 0.976701
    outer loop
      vertex 0.29079 -2.51174 -23.0596
      vertex 0.309905 -4 -23.0554
      vertex 0.309905 -2.5013 -23.0554
    endloop
  endfacet
  facet normal -0.213005 2.15162e-05 0.977051
    outer loop
      vertex 0.197212 -2.54664 -23.08
      vertex 0.309905 -4 -23.0554
      vertex 0.29079 -2.51174 -23.0596
    endloop
  endfacet
  facet normal -0.211531 0.000141243 0.977371
    outer loop
      vertex 0.156546 -2.55549 -23.0888
      vertex 0.309905 -4 -23.0554
      vertex 0.197212 -2.54664 -23.08
    endloop
  endfacet
  facet normal -0.212801 0 0.977096
    outer loop
      vertex 0.309905 -4 -23.0554
      vertex 0.156546 -2.55549 -23.0888
      vertex 0.156546 -4 -23.0888
    endloop
  endfacet
  facet normal -0.937003 0 -0.349322
    outer loop
      vertex 1.05544 -4 -21.6901
      vertex 1.0006 4 -21.543
      vertex 1.05544 4 -21.6901
    endloop
  endfacet
  facet normal -0.937003 -0 -0.349322
    outer loop
      vertex 1.0006 4 -21.543
      vertex 1.05544 -4 -21.6901
      vertex 1.0006 -4 -21.543
    endloop
  endfacet
  facet normal -0.800443 -0.000286299 -0.599408
    outer loop
      vertex 0.925379 4 -21.4053
      vertex 0.87526 3.85 -21.3383
      vertex 0.831324 4 -21.2797
    endloop
  endfacet
  facet normal -0.800751 0 -0.598998
    outer loop
      vertex 0.925379 4 -21.4053
      vertex 0.87526 1.85 -21.3383
      vertex 0.87526 3.85 -21.3383
    endloop
  endfacet
  facet normal -0.800751 0 -0.598998
    outer loop
      vertex 0.925379 -4 -21.4053
      vertex 0.87526 1.85 -21.3383
      vertex 0.925379 4 -21.4053
    endloop
  endfacet
  facet normal -0.800443 7.34099e-06 -0.599408
    outer loop
      vertex 0.831324 -4 -21.2797
      vertex 0.87526 1.85 -21.3383
      vertex 0.925379 -4 -21.4053
    endloop
  endfacet
  facet normal -0.800092 0 -0.599878
    outer loop
      vertex 0.87526 1.85 -21.3383
      vertex 0.831324 -4 -21.2797
      vertex 0.831324 1.85 -21.2797
    endloop
  endfacet
  facet normal -0.800092 -0 -0.599878
    outer loop
      vertex 0.831324 4 -21.2797
      vertex 0.87526 3.85 -21.3383
      vertex 0.831324 3.85 -21.2797
    endloop
  endfacet
  facet normal -0.0718371 0 -0.997416
    outer loop
      vertex 0.0996199 -1.18212 -20.9071
      vertex 0.156546 1.85 -20.9112
      vertex 0.156546 -1.19451 -20.9112
    endloop
  endfacet
  facet normal -0.0710916 -1.40694e-05 -0.99747
    outer loop
      vertex 0 -1.175 -20.9
      vertex 0.156546 1.85 -20.9112
      vertex 0.0996199 -1.18212 -20.9071
    endloop
  endfacet
  facet normal -0.0713621 0 -0.99745
    outer loop
      vertex 0.156546 1.85 -20.9112
      vertex 0 -1.175 -20.9
      vertex 0 1.85 -20.9
    endloop
  endfacet
  facet normal -0.0718371 0 -0.997416
    outer loop
      vertex 0.156546 -4 -20.9112
      vertex 0.0996199 -2.56787 -20.9071
      vertex 0.156546 -2.55549 -20.9112
    endloop
  endfacet
  facet normal -0.0713621 -0 -0.99745
    outer loop
      vertex 0 -2.575 -20.9
      vertex 0.156546 -4 -20.9112
      vertex 0 -4 -20.9
    endloop
  endfacet
  facet normal -0.0710927 2.97431e-05 -0.99747
    outer loop
      vertex 0.156546 -4 -20.9112
      vertex 0 -2.575 -20.9
      vertex 0.0996199 -2.56787 -20.9071
    endloop
  endfacet
  facet normal -0.0713621 0 -0.99745
    outer loop
      vertex 0 3.85 -20.9
      vertex 0.156546 4 -20.9112
      vertex 0.156546 3.85 -20.9112
    endloop
  endfacet
  facet normal -0.0713621 0 -0.99745
    outer loop
      vertex 0.156546 4 -20.9112
      vertex 0 3.85 -20.9
      vertex 0 4 -20.9
    endloop
  endfacet
  facet normal -0.481295 0 -0.876559
    outer loop
      vertex 0.594705 -4 -21.0746
      vertex 0.588877 -2.25345 -21.0714
      vertex 0.594705 -2.24278 -21.0746
    endloop
  endfacet
  facet normal -0.478333 1.28529e-05 -0.878179
    outer loop
      vertex 0.594705 -4 -21.0746
      vertex 0.529024 -2.3334 -21.0388
      vertex 0.588877 -2.25345 -21.0714
    endloop
  endfacet
  facet normal -0.479569 -5.03462e-05 -0.877504
    outer loop
      vertex 0.594705 -4 -21.0746
      vertex 0.458402 -2.40402 -21.0002
      vertex 0.529024 -2.3334 -21.0388
    endloop
  endfacet
  facet normal -0.479167 -0 -0.877724
    outer loop
      vertex 0.456956 -2.40511 -20.9994
      vertex 0.594705 -4 -21.0746
      vertex 0.456956 -4 -20.9994
    endloop
  endfacet
  facet normal -0.483801 -0.000520185 -0.875178
    outer loop
      vertex 0.594705 -4 -21.0746
      vertex 0.456956 -2.40511 -20.9994
      vertex 0.458402 -2.40402 -21.0002
    endloop
  endfacet
  facet normal -0.481295 0 -0.876559
    outer loop
      vertex 0.588877 -1.49655 -21.0714
      vertex 0.594705 1.85 -21.0746
      vertex 0.594705 -1.50722 -21.0746
    endloop
  endfacet
  facet normal -0.478326 -6.72217e-06 -0.878182
    outer loop
      vertex 0.529024 -1.4166 -21.0388
      vertex 0.594705 1.85 -21.0746
      vertex 0.588877 -1.49655 -21.0714
    endloop
  endfacet
  facet normal -0.479587 2.6172e-05 -0.877494
    outer loop
      vertex 0.458402 -1.34597 -21.0002
      vertex 0.594705 1.85 -21.0746
      vertex 0.529024 -1.4166 -21.0388
    endloop
  endfacet
  facet normal -0.483948 0.000267929 -0.875097
    outer loop
      vertex 0.456956 -1.34489 -20.9994
      vertex 0.594705 1.85 -21.0746
      vertex 0.458402 -1.34597 -21.0002
    endloop
  endfacet
  facet normal -0.479167 0 -0.877724
    outer loop
      vertex 0.594705 1.85 -21.0746
      vertex 0.456956 -1.34489 -20.9994
      vertex 0.456956 1.85 -20.9994
    endloop
  endfacet
  facet normal -0.479167 0 -0.877724
    outer loop
      vertex 0.456956 3.85 -20.9994
      vertex 0.594705 4 -21.0746
      vertex 0.594705 3.85 -21.0746
    endloop
  endfacet
  facet normal -0.479167 0 -0.877724
    outer loop
      vertex 0.594705 4 -21.0746
      vertex 0.456956 3.85 -20.9994
      vertex 0.456956 4 -20.9994
    endloop
  endfacet
  facet normal 0.599467 0 -0.8004
    outer loop
      vertex -0.720346 -4 -21.1687
      vertex -0.594705 -2.24278 -21.0746
      vertex -0.594705 -4 -21.0746
    endloop
  endfacet
  facet normal 0.599639 -1.92525e-05 -0.80027
    outer loop
      vertex -0.594705 -2.24278 -21.0746
      vertex -0.720346 -4 -21.1687
      vertex -0.636742 -2.16579 -21.1061
    endloop
  endfacet
  facet normal 0.59893 3.122e-05 -0.800802
    outer loop
      vertex -0.636742 -2.16579 -21.1061
      vertex -0.720346 -4 -21.1687
      vertex -0.671644 -2.07221 -21.1322
    endloop
  endfacet
  facet normal 0.599468 9.98182e-06 -0.800399
    outer loop
      vertex -0.671644 -2.07221 -21.1322
      vertex -0.720346 -4 -21.1687
      vertex -0.692875 -1.97462 -21.1481
    endloop
  endfacet
  facet normal 0.597338 5.50637e-05 -0.80199
    outer loop
      vertex -0.692875 -1.97462 -21.1481
      vertex -0.720346 -4 -21.1687
      vertex -0.7 -1.875 -21.1534
    endloop
  endfacet
  facet normal 0.599649 1.06655e-05 -0.800263
    outer loop
      vertex -0.720346 1.85 -21.1687
      vertex -0.594705 -1.50722 -21.0746
      vertex -0.636742 -1.58421 -21.1061
    endloop
  endfacet
  facet normal 0.598906 -1.75662e-05 -0.800819
    outer loop
      vertex -0.720346 1.85 -21.1687
      vertex -0.636742 -1.58421 -21.1061
      vertex -0.671644 -1.67779 -21.1322
    endloop
  endfacet
  facet normal 0.599456 -5.72486e-06 -0.800408
    outer loop
      vertex -0.720346 1.85 -21.1687
      vertex -0.671644 -1.67779 -21.1322
      vertex -0.692875 -1.77538 -21.1481
    endloop
  endfacet
  facet normal 0.59714 -3.30963e-05 -0.802137
    outer loop
      vertex -0.720346 1.85 -21.1687
      vertex -0.692875 -1.77538 -21.1481
      vertex -0.7 -1.875 -21.1534
    endloop
  endfacet
  facet normal 0.599467 0 -0.8004
    outer loop
      vertex -0.594705 -1.50722 -21.0746
      vertex -0.720346 1.85 -21.1687
      vertex -0.594705 1.85 -21.0746
    endloop
  endfacet
  facet normal 0.601018 0 -0.799236
    outer loop
      vertex -0.720346 1.85 -21.1687
      vertex -0.7 -1.875 -21.1534
      vertex -0.720346 -4 -21.1687
    endloop
  endfacet
  facet normal 0.599467 0 -0.8004
    outer loop
      vertex -0.720346 3.85 -21.1687
      vertex -0.594705 4 -21.0746
      vertex -0.594705 3.85 -21.0746
    endloop
  endfacet
  facet normal 0.599467 0 -0.8004
    outer loop
      vertex -0.594705 4 -21.0746
      vertex -0.720346 3.85 -21.1687
      vertex -0.720346 4 -21.1687
    endloop
  endfacet
  facet normal -0.707177 0 0.707037
    outer loop
      vertex 0.720346 -4 -22.8313
      vertex 0.831324 4 -22.7203
      vertex 0.720346 4 -22.8313
    endloop
  endfacet
  facet normal -0.707177 0 0.707037
    outer loop
      vertex 0.831324 4 -22.7203
      vertex 0.720346 -4 -22.8313
      vertex 0.831324 -4 -22.7203
    endloop
  endfacet
  facet normal -0.997449 0 0.0713829
    outer loop
      vertex 1.0888 -4 -22.1565
      vertex 1.1 4 -22
      vertex 1.0888 4 -22.1565
    endloop
  endfacet
  facet normal -0.997449 0 0.0713829
    outer loop
      vertex 1.1 4 -22
      vertex 1.0888 -4 -22.1565
      vertex 1.1 -4 -22
    endloop
  endfacet
  facet normal 0.0713621 0 0.99745
    outer loop
      vertex -0.156546 4 -23.0888
      vertex 0 -1.175 -23.1
      vertex 0 4 -23.1
    endloop
  endfacet
  facet normal 0.0710912 -8.23673e-06 0.99747
    outer loop
      vertex 0 -1.175 -23.1
      vertex -0.156546 4 -23.0888
      vertex -0.0996199 -1.18212 -23.0929
    endloop
  endfacet
  facet normal 0.0718371 0 0.997416
    outer loop
      vertex -0.0996199 -1.18212 -23.0929
      vertex -0.156546 4 -23.0888
      vertex -0.156546 -1.19451 -23.0888
    endloop
  endfacet
  facet normal 0.0710927 2.97431e-05 0.99747
    outer loop
      vertex -0.156546 -4 -23.0888
      vertex 0 -2.575 -23.1
      vertex -0.0996199 -2.56787 -23.0929
    endloop
  endfacet
  facet normal 0.0718371 -0 0.997416
    outer loop
      vertex -0.156546 -4 -23.0888
      vertex -0.0996199 -2.56787 -23.0929
      vertex -0.156546 -2.55549 -23.0888
    endloop
  endfacet
  facet normal 0.0713621 0 0.99745
    outer loop
      vertex 0 -2.575 -23.1
      vertex -0.156546 -4 -23.0888
      vertex 0 -4 -23.1
    endloop
  endfacet
  facet normal 0.997449 -0 0.0713829
    outer loop
      vertex -1.1 -4 -22
      vertex -1.0888 4 -22.1565
      vertex -1.1 4 -22
    endloop
  endfacet
  facet normal 0.997449 0 0.0713829
    outer loop
      vertex -1.0888 4 -22.1565
      vertex -1.1 -4 -22
      vertex -1.0888 -4 -22.1565
    endloop
  endfacet
  facet normal -0.0718371 0 0.997416
    outer loop
      vertex 0.156546 4 -23.0888
      vertex 0.0996199 -1.18212 -23.0929
      vertex 0.156546 -1.19451 -23.0888
    endloop
  endfacet
  facet normal -0.0713621 0 0.99745
    outer loop
      vertex 0 -1.175 -23.1
      vertex 0.156546 4 -23.0888
      vertex 0 4 -23.1
    endloop
  endfacet
  facet normal -0.0710912 -8.23673e-06 0.99747
    outer loop
      vertex 0.156546 4 -23.0888
      vertex 0 -1.175 -23.1
      vertex 0.0996199 -1.18212 -23.0929
    endloop
  endfacet
  facet normal -0.0718371 0 0.997416
    outer loop
      vertex 0.0996199 -2.56787 -23.0929
      vertex 0.156546 -4 -23.0888
      vertex 0.156546 -2.55549 -23.0888
    endloop
  endfacet
  facet normal -0.0710927 2.97431e-05 0.99747
    outer loop
      vertex 0 -2.575 -23.1
      vertex 0.156546 -4 -23.0888
      vertex 0.0996199 -2.56787 -23.0929
    endloop
  endfacet
  facet normal -0.0713621 0 0.99745
    outer loop
      vertex 0.156546 -4 -23.0888
      vertex 0 -2.575 -23.1
      vertex 0 -4 -23.1
    endloop
  endfacet
  facet normal -0.481295 0 0.876559
    outer loop
      vertex 0.588877 -2.25345 -22.9286
      vertex 0.594705 -4 -22.9254
      vertex 0.594705 -2.24278 -22.9254
    endloop
  endfacet
  facet normal -0.478333 1.28529e-05 0.878179
    outer loop
      vertex 0.529024 -2.3334 -22.9612
      vertex 0.594705 -4 -22.9254
      vertex 0.588877 -2.25345 -22.9286
    endloop
  endfacet
  facet normal -0.479569 -5.03462e-05 0.877504
    outer loop
      vertex 0.458402 -2.40402 -22.9998
      vertex 0.594705 -4 -22.9254
      vertex 0.529024 -2.3334 -22.9612
    endloop
  endfacet
  facet normal -0.483801 -0.000520185 0.875178
    outer loop
      vertex 0.456956 -2.40511 -23.0006
      vertex 0.594705 -4 -22.9254
      vertex 0.458402 -2.40402 -22.9998
    endloop
  endfacet
  facet normal -0.479167 0 0.877724
    outer loop
      vertex 0.594705 -4 -22.9254
      vertex 0.456956 -2.40511 -23.0006
      vertex 0.456956 -4 -23.0006
    endloop
  endfacet
  facet normal -0.481295 0 0.876559
    outer loop
      vertex 0.594705 4 -22.9254
      vertex 0.588877 -1.49655 -22.9286
      vertex 0.594705 -1.50722 -22.9254
    endloop
  endfacet
  facet normal -0.478324 -4.09649e-06 0.878184
    outer loop
      vertex 0.594705 4 -22.9254
      vertex 0.529024 -1.4166 -22.9612
      vertex 0.588877 -1.49655 -22.9286
    endloop
  endfacet
  facet normal -0.479595 1.5908e-05 0.87749
    outer loop
      vertex 0.594705 4 -22.9254
      vertex 0.458402 -1.34597 -22.9998
      vertex 0.529024 -1.4166 -22.9612
    endloop
  endfacet
  facet normal -0.479167 0 0.877724
    outer loop
      vertex 0.456956 -1.34489 -23.0006
      vertex 0.594705 4 -22.9254
      vertex 0.456956 4 -23.0006
    endloop
  endfacet
  facet normal -0.484008 0.000162183 0.875064
    outer loop
      vertex 0.594705 4 -22.9254
      vertex 0.456956 -1.34489 -23.0006
      vertex 0.458402 -1.34597 -22.9998
    endloop
  endfacet
  facet normal -0.707177 0 -0.707037
    outer loop
      vertex 0.831324 -4 -21.2797
      vertex 0.720346 1.85 -21.1687
      vertex 0.831324 1.85 -21.2797
    endloop
  endfacet
  facet normal -0.707177 -0 -0.707037
    outer loop
      vertex 0.720346 1.85 -21.1687
      vertex 0.831324 -4 -21.2797
      vertex 0.720346 -4 -21.1687
    endloop
  endfacet
  facet normal -0.707177 0 -0.707037
    outer loop
      vertex 0.831324 3.85 -21.2797
      vertex 0.720346 4 -21.1687
      vertex 0.831324 4 -21.2797
    endloop
  endfacet
  facet normal -0.707177 -0 -0.707037
    outer loop
      vertex 0.720346 4 -21.1687
      vertex 0.831324 3.85 -21.2797
      vertex 0.720346 3.85 -21.1687
    endloop
  endfacet
  facet normal -0.349653 0 -0.936879
    outer loop
      vertex 0.456956 -4 -20.9994
      vertex 0.378448 -2.46388 -20.9701
      vertex 0.456956 -2.40511 -20.9994
    endloop
  endfacet
  facet normal -0.3492 -0 -0.937048
    outer loop
      vertex 0.309905 -2.5013 -20.9446
      vertex 0.456956 -4 -20.9994
      vertex 0.309905 -4 -20.9446
    endloop
  endfacet
  facet normal -0.348708 5.50407e-05 -0.937232
    outer loop
      vertex 0.456956 -4 -20.9994
      vertex 0.309905 -2.5013 -20.9446
      vertex 0.378448 -2.46388 -20.9701
    endloop
  endfacet
  facet normal -0.349653 0 -0.936879
    outer loop
      vertex 0.378448 -1.28612 -20.9701
      vertex 0.456956 1.85 -20.9994
      vertex 0.456956 -1.34489 -20.9994
    endloop
  endfacet
  facet normal -0.348694 -2.73385e-05 -0.937237
    outer loop
      vertex 0.309905 -1.2487 -20.9446
      vertex 0.456956 1.85 -20.9994
      vertex 0.378448 -1.28612 -20.9701
    endloop
  endfacet
  facet normal -0.3492 0 -0.937048
    outer loop
      vertex 0.456956 1.85 -20.9994
      vertex 0.309905 -1.2487 -20.9446
      vertex 0.309905 1.85 -20.9446
    endloop
  endfacet
  facet normal -0.3492 0 -0.937048
    outer loop
      vertex 0.309905 3.85 -20.9446
      vertex 0.456956 4 -20.9994
      vertex 0.456956 3.85 -20.9994
    endloop
  endfacet
  facet normal -0.3492 0 -0.937048
    outer loop
      vertex 0.456956 4 -20.9994
      vertex 0.309905 3.85 -20.9446
      vertex 0.309905 4 -20.9446
    endloop
  endfacet
  facet normal 0.937003 0 -0.349322
    outer loop
      vertex -1.0006 -4 -21.543
      vertex -1.05544 4 -21.6901
      vertex -1.0006 4 -21.543
    endloop
  endfacet
  facet normal 0.937003 0 -0.349322
    outer loop
      vertex -1.05544 4 -21.6901
      vertex -1.0006 -4 -21.543
      vertex -1.05544 -4 -21.6901
    endloop
  endfacet
  facet normal 0.211516 -6.78207e-05 -0.977375
    outer loop
      vertex -0.309905 1.85 -20.9446
      vertex -0.156546 -1.19451 -20.9112
      vertex -0.197212 -1.20335 -20.92
    endloop
  endfacet
  facet normal 0.213001 -1.03945e-05 -0.977052
    outer loop
      vertex -0.309905 1.85 -20.9446
      vertex -0.197212 -1.20335 -20.92
      vertex -0.29079 -1.23826 -20.9404
    endloop
  endfacet
  facet normal 0.214603 0 -0.976701
    outer loop
      vertex -0.309905 1.85 -20.9446
      vertex -0.29079 -1.23826 -20.9404
      vertex -0.309905 -1.2487 -20.9446
    endloop
  endfacet
  facet normal 0.212801 0 -0.977096
    outer loop
      vertex -0.156546 -1.19451 -20.9112
      vertex -0.309905 1.85 -20.9446
      vertex -0.156546 1.85 -20.9112
    endloop
  endfacet
  facet normal 0.212801 0 -0.977096
    outer loop
      vertex -0.309905 -4 -20.9446
      vertex -0.156546 -2.55549 -20.9112
      vertex -0.156546 -4 -20.9112
    endloop
  endfacet
  facet normal 0.211531 0.000141243 -0.977371
    outer loop
      vertex -0.156546 -2.55549 -20.9112
      vertex -0.309905 -4 -20.9446
      vertex -0.197212 -2.54664 -20.92
    endloop
  endfacet
  facet normal 0.213005 2.15162e-05 -0.977051
    outer loop
      vertex -0.197212 -2.54664 -20.92
      vertex -0.309905 -4 -20.9446
      vertex -0.29079 -2.51174 -20.9404
    endloop
  endfacet
  facet normal 0.214603 0 -0.976701
    outer loop
      vertex -0.29079 -2.51174 -20.9404
      vertex -0.309905 -4 -20.9446
      vertex -0.309905 -2.5013 -20.9446
    endloop
  endfacet
  facet normal 0.212801 0 -0.977096
    outer loop
      vertex -0.309905 3.85 -20.9446
      vertex -0.156546 4 -20.9112
      vertex -0.156546 3.85 -20.9112
    endloop
  endfacet
  facet normal 0.212801 0 -0.977096
    outer loop
      vertex -0.156546 4 -20.9112
      vertex -0.309905 3.85 -20.9446
      vertex -0.309905 4 -20.9446
    endloop
  endfacet
  facet normal 0.348694 -2.73385e-05 -0.937237
    outer loop
      vertex -0.456956 1.85 -20.9994
      vertex -0.309905 -1.2487 -20.9446
      vertex -0.378448 -1.28612 -20.9701
    endloop
  endfacet
  facet normal 0.349653 0 -0.936879
    outer loop
      vertex -0.456956 1.85 -20.9994
      vertex -0.378448 -1.28612 -20.9701
      vertex -0.456956 -1.34489 -20.9994
    endloop
  endfacet
  facet normal 0.3492 0 -0.937048
    outer loop
      vertex -0.309905 -1.2487 -20.9446
      vertex -0.456956 1.85 -20.9994
      vertex -0.309905 1.85 -20.9446
    endloop
  endfacet
  facet normal 0.3492 0 -0.937048
    outer loop
      vertex -0.456956 -4 -20.9994
      vertex -0.309905 -2.5013 -20.9446
      vertex -0.309905 -4 -20.9446
    endloop
  endfacet
  facet normal 0.348708 5.50407e-05 -0.937232
    outer loop
      vertex -0.309905 -2.5013 -20.9446
      vertex -0.456956 -4 -20.9994
      vertex -0.378448 -2.46388 -20.9701
    endloop
  endfacet
  facet normal 0.349653 0 -0.936879
    outer loop
      vertex -0.378448 -2.46388 -20.9701
      vertex -0.456956 -4 -20.9994
      vertex -0.456956 -2.40511 -20.9994
    endloop
  endfacet
  facet normal 0.3492 0 -0.937048
    outer loop
      vertex -0.456956 3.85 -20.9994
      vertex -0.309905 4 -20.9446
      vertex -0.309905 3.85 -20.9446
    endloop
  endfacet
  facet normal 0.3492 0 -0.937048
    outer loop
      vertex -0.309905 4 -20.9446
      vertex -0.456956 3.85 -20.9994
      vertex -0.456956 4 -20.9994
    endloop
  endfacet
  facet normal -0.877596 0 0.479402
    outer loop
      vertex 0.925379 -4 -22.5947
      vertex 1.0006 4 -22.457
      vertex 0.925379 4 -22.5947
    endloop
  endfacet
  facet normal -0.877596 0 0.479402
    outer loop
      vertex 1.0006 4 -22.457
      vertex 0.925379 -4 -22.5947
      vertex 1.0006 -4 -22.457
    endloop
  endfacet
  facet normal -0.601018 0 0.799236
    outer loop
      vertex 0.720346 4 -22.8313
      vertex 0.7 -1.875 -22.8466
      vertex 0.720346 -4 -22.8313
    endloop
  endfacet
  facet normal -0.597036 -2.15459e-05 0.802214
    outer loop
      vertex 0.720346 4 -22.8313
      vertex 0.692875 -1.77538 -22.8519
      vertex 0.7 -1.875 -22.8466
    endloop
  endfacet
  facet normal -0.59945 -3.63928e-06 0.800413
    outer loop
      vertex 0.720346 4 -22.8313
      vertex 0.671644 -1.67779 -22.8678
      vertex 0.692875 -1.77538 -22.8519
    endloop
  endfacet
  facet normal -0.598895 -1.10641e-05 0.800828
    outer loop
      vertex 0.720346 4 -22.8313
      vertex 0.636742 -1.58421 -22.8939
      vertex 0.671644 -1.67779 -22.8678
    endloop
  endfacet
  facet normal -0.599467 0 0.8004
    outer loop
      vertex 0.594705 -1.50722 -22.9254
      vertex 0.720346 4 -22.8313
      vertex 0.594705 4 -22.9254
    endloop
  endfacet
  facet normal -0.599654 6.66871e-06 0.800259
    outer loop
      vertex 0.720346 4 -22.8313
      vertex 0.594705 -1.50722 -22.9254
      vertex 0.636742 -1.58421 -22.8939
    endloop
  endfacet
  facet normal -0.597338 5.50637e-05 0.80199
    outer loop
      vertex 0.692875 -1.97462 -22.8519
      vertex 0.720346 -4 -22.8313
      vertex 0.7 -1.875 -22.8466
    endloop
  endfacet
  facet normal -0.599468 9.98182e-06 0.800399
    outer loop
      vertex 0.671644 -2.07221 -22.8678
      vertex 0.720346 -4 -22.8313
      vertex 0.692875 -1.97462 -22.8519
    endloop
  endfacet
  facet normal -0.59893 3.122e-05 0.800802
    outer loop
      vertex 0.636742 -2.16579 -22.8939
      vertex 0.720346 -4 -22.8313
      vertex 0.671644 -2.07221 -22.8678
    endloop
  endfacet
  facet normal -0.599639 -1.92525e-05 0.80027
    outer loop
      vertex 0.594705 -2.24278 -22.9254
      vertex 0.720346 -4 -22.8313
      vertex 0.636742 -2.16579 -22.8939
    endloop
  endfacet
  facet normal -0.599467 0 0.8004
    outer loop
      vertex 0.720346 -4 -22.8313
      vertex 0.594705 -2.24278 -22.9254
      vertex 0.594705 -4 -22.9254
    endloop
  endfacet
  facet normal 0.800443 -0 0.599408
    outer loop
      vertex -0.925379 -4 -22.5947
      vertex -0.831324 4 -22.7203
      vertex -0.925379 4 -22.5947
    endloop
  endfacet
  facet normal 0.800443 0 0.599408
    outer loop
      vertex -0.831324 4 -22.7203
      vertex -0.925379 -4 -22.5947
      vertex -0.831324 -4 -22.7203
    endloop
  endfacet
  facet normal 0.877596 -0 0.479402
    outer loop
      vertex -1.0006 -4 -22.457
      vertex -0.925379 4 -22.5947
      vertex -1.0006 4 -22.457
    endloop
  endfacet
  facet normal 0.877596 0 0.479402
    outer loop
      vertex -0.925379 4 -22.5947
      vertex -1.0006 -4 -22.457
      vertex -0.925379 -4 -22.5947
    endloop
  endfacet
  facet normal 0.97716 -0 0.212504
    outer loop
      vertex -1.0888 -4 -22.1565
      vertex -1.05544 4 -22.3099
      vertex -1.0888 4 -22.1565
    endloop
  endfacet
  facet normal 0.97716 0 0.212504
    outer loop
      vertex -1.05544 4 -22.3099
      vertex -1.0888 -4 -22.1565
      vertex -1.05544 -4 -22.3099
    endloop
  endfacet
  facet normal -0.349653 0 0.936879
    outer loop
      vertex 0.378448 -2.46388 -23.0299
      vertex 0.456956 -4 -23.0006
      vertex 0.456956 -2.40511 -23.0006
    endloop
  endfacet
  facet normal -0.348708 5.50407e-05 0.937232
    outer loop
      vertex 0.309905 -2.5013 -23.0554
      vertex 0.456956 -4 -23.0006
      vertex 0.378448 -2.46388 -23.0299
    endloop
  endfacet
  facet normal -0.3492 0 0.937048
    outer loop
      vertex 0.456956 -4 -23.0006
      vertex 0.309905 -2.5013 -23.0554
      vertex 0.309905 -4 -23.0554
    endloop
  endfacet
  facet normal -0.349653 0 0.936879
    outer loop
      vertex 0.456956 4 -23.0006
      vertex 0.378448 -1.28612 -23.0299
      vertex 0.456956 -1.34489 -23.0006
    endloop
  endfacet
  facet normal -0.3492 0 0.937048
    outer loop
      vertex 0.309905 -1.2487 -23.0554
      vertex 0.456956 4 -23.0006
      vertex 0.309905 4 -23.0554
    endloop
  endfacet
  facet normal -0.348689 -1.63087e-05 0.937238
    outer loop
      vertex 0.456956 4 -23.0006
      vertex 0.309905 -1.2487 -23.0554
      vertex 0.378448 -1.28612 -23.0299
    endloop
  endfacet
  facet normal -0.937003 0 0.349322
    outer loop
      vertex 1.0006 -4 -22.457
      vertex 1.05544 4 -22.3099
      vertex 1.0006 4 -22.457
    endloop
  endfacet
  facet normal -0.937003 0 0.349322
    outer loop
      vertex 1.05544 4 -22.3099
      vertex 1.0006 -4 -22.457
      vertex 1.05544 -4 -22.3099
    endloop
  endfacet
  facet normal -0.97716 0 0.212504
    outer loop
      vertex 1.05544 -4 -22.3099
      vertex 1.0888 4 -22.1565
      vertex 1.05544 4 -22.3099
    endloop
  endfacet
  facet normal -0.97716 0 0.212504
    outer loop
      vertex 1.0888 4 -22.1565
      vertex 1.05544 -4 -22.3099
      vertex 1.0888 -4 -22.1565
    endloop
  endfacet
  facet normal 0.3492 0 0.937048
    outer loop
      vertex -0.456956 4 -23.0006
      vertex -0.309905 -1.2487 -23.0554
      vertex -0.309905 4 -23.0554
    endloop
  endfacet
  facet normal 0.348689 -1.63087e-05 0.937238
    outer loop
      vertex -0.309905 -1.2487 -23.0554
      vertex -0.456956 4 -23.0006
      vertex -0.378448 -1.28612 -23.0299
    endloop
  endfacet
  facet normal 0.349653 0 0.936879
    outer loop
      vertex -0.378448 -1.28612 -23.0299
      vertex -0.456956 4 -23.0006
      vertex -0.456956 -1.34489 -23.0006
    endloop
  endfacet
  facet normal 0.348708 5.50407e-05 0.937232
    outer loop
      vertex -0.456956 -4 -23.0006
      vertex -0.309905 -2.5013 -23.0554
      vertex -0.378448 -2.46388 -23.0299
    endloop
  endfacet
  facet normal 0.349653 -0 0.936879
    outer loop
      vertex -0.456956 -4 -23.0006
      vertex -0.378448 -2.46388 -23.0299
      vertex -0.456956 -2.40511 -23.0006
    endloop
  endfacet
  facet normal 0.3492 0 0.937048
    outer loop
      vertex -0.309905 -2.5013 -23.0554
      vertex -0.456956 -4 -23.0006
      vertex -0.309905 -4 -23.0554
    endloop
  endfacet
  facet normal 0.479167 0 0.877724
    outer loop
      vertex -0.594705 4 -22.9254
      vertex -0.456956 -1.34489 -23.0006
      vertex -0.456956 4 -23.0006
    endloop
  endfacet
  facet normal 0.484008 0.000162183 0.875064
    outer loop
      vertex -0.456956 -1.34489 -23.0006
      vertex -0.594705 4 -22.9254
      vertex -0.458402 -1.34597 -22.9998
    endloop
  endfacet
  facet normal 0.479595 1.5908e-05 0.87749
    outer loop
      vertex -0.458402 -1.34597 -22.9998
      vertex -0.594705 4 -22.9254
      vertex -0.529024 -1.4166 -22.9612
    endloop
  endfacet
  facet normal 0.478324 -4.09649e-06 0.878184
    outer loop
      vertex -0.529024 -1.4166 -22.9612
      vertex -0.594705 4 -22.9254
      vertex -0.588877 -1.49655 -22.9286
    endloop
  endfacet
  facet normal 0.481295 0 0.876559
    outer loop
      vertex -0.588877 -1.49655 -22.9286
      vertex -0.594705 4 -22.9254
      vertex -0.594705 -1.50722 -22.9254
    endloop
  endfacet
  facet normal 0.483801 -0.000520185 0.875178
    outer loop
      vertex -0.594705 -4 -22.9254
      vertex -0.456956 -2.40511 -23.0006
      vertex -0.458402 -2.40402 -22.9998
    endloop
  endfacet
  facet normal 0.479569 -5.03462e-05 0.877504
    outer loop
      vertex -0.594705 -4 -22.9254
      vertex -0.458402 -2.40402 -22.9998
      vertex -0.529024 -2.3334 -22.9612
    endloop
  endfacet
  facet normal 0.478333 1.28529e-05 0.878179
    outer loop
      vertex -0.594705 -4 -22.9254
      vertex -0.529024 -2.3334 -22.9612
      vertex -0.588877 -2.25345 -22.9286
    endloop
  endfacet
  facet normal 0.481295 -0 0.876559
    outer loop
      vertex -0.594705 -4 -22.9254
      vertex -0.588877 -2.25345 -22.9286
      vertex -0.594705 -2.24278 -22.9254
    endloop
  endfacet
  facet normal 0.479167 0 0.877724
    outer loop
      vertex -0.456956 -2.40511 -23.0006
      vertex -0.594705 -4 -22.9254
      vertex -0.456956 -4 -23.0006
    endloop
  endfacet
  facet normal 0.212801 0 0.977096
    outer loop
      vertex -0.309905 4 -23.0554
      vertex -0.156546 -1.19451 -23.0888
      vertex -0.156546 4 -23.0888
    endloop
  endfacet
  facet normal 0.21151 -3.99289e-05 0.977376
    outer loop
      vertex -0.156546 -1.19451 -23.0888
      vertex -0.309905 4 -23.0554
      vertex -0.197212 -1.20335 -23.08
    endloop
  endfacet
  facet normal 0.213 -6.13398e-06 0.977052
    outer loop
      vertex -0.197212 -1.20335 -23.08
      vertex -0.309905 4 -23.0554
      vertex -0.29079 -1.23826 -23.0596
    endloop
  endfacet
  facet normal 0.214603 0 0.976701
    outer loop
      vertex -0.29079 -1.23826 -23.0596
      vertex -0.309905 4 -23.0554
      vertex -0.309905 -1.2487 -23.0554
    endloop
  endfacet
  facet normal 0.211531 0.000141243 0.977371
    outer loop
      vertex -0.309905 -4 -23.0554
      vertex -0.156546 -2.55549 -23.0888
      vertex -0.197212 -2.54664 -23.08
    endloop
  endfacet
  facet normal 0.213005 2.15162e-05 0.977051
    outer loop
      vertex -0.309905 -4 -23.0554
      vertex -0.197212 -2.54664 -23.08
      vertex -0.29079 -2.51174 -23.0596
    endloop
  endfacet
  facet normal 0.214603 -0 0.976701
    outer loop
      vertex -0.309905 -4 -23.0554
      vertex -0.29079 -2.51174 -23.0596
      vertex -0.309905 -2.5013 -23.0554
    endloop
  endfacet
  facet normal 0.212801 0 0.977096
    outer loop
      vertex -0.156546 -2.55549 -23.0888
      vertex -0.309905 -4 -23.0554
      vertex -0.156546 -4 -23.0888
    endloop
  endfacet
  facet normal 0.707177 -0 0.707037
    outer loop
      vertex -0.831324 -4 -22.7203
      vertex -0.720346 4 -22.8313
      vertex -0.831324 4 -22.7203
    endloop
  endfacet
  facet normal 0.707177 0 0.707037
    outer loop
      vertex -0.720346 4 -22.8313
      vertex -0.831324 -4 -22.7203
      vertex -0.720346 -4 -22.8313
    endloop
  endfacet
  facet normal 0.599467 0 0.8004
    outer loop
      vertex -0.720346 4 -22.8313
      vertex -0.594705 -1.50722 -22.9254
      vertex -0.594705 4 -22.9254
    endloop
  endfacet
  facet normal 0.599654 6.66871e-06 0.800259
    outer loop
      vertex -0.594705 -1.50722 -22.9254
      vertex -0.720346 4 -22.8313
      vertex -0.636742 -1.58421 -22.8939
    endloop
  endfacet
  facet normal 0.598895 -1.10641e-05 0.800828
    outer loop
      vertex -0.636742 -1.58421 -22.8939
      vertex -0.720346 4 -22.8313
      vertex -0.671644 -1.67779 -22.8678
    endloop
  endfacet
  facet normal 0.59945 -3.63928e-06 0.800413
    outer loop
      vertex -0.671644 -1.67779 -22.8678
      vertex -0.720346 4 -22.8313
      vertex -0.692875 -1.77538 -22.8519
    endloop
  endfacet
  facet normal 0.597036 -2.15459e-05 0.802214
    outer loop
      vertex -0.692875 -1.77538 -22.8519
      vertex -0.720346 4 -22.8313
      vertex -0.7 -1.875 -22.8466
    endloop
  endfacet
  facet normal 0.599639 -1.92525e-05 0.80027
    outer loop
      vertex -0.720346 -4 -22.8313
      vertex -0.594705 -2.24278 -22.9254
      vertex -0.636742 -2.16579 -22.8939
    endloop
  endfacet
  facet normal 0.59893 3.122e-05 0.800802
    outer loop
      vertex -0.720346 -4 -22.8313
      vertex -0.636742 -2.16579 -22.8939
      vertex -0.671644 -2.07221 -22.8678
    endloop
  endfacet
  facet normal 0.599468 9.98182e-06 0.800399
    outer loop
      vertex -0.720346 -4 -22.8313
      vertex -0.671644 -2.07221 -22.8678
      vertex -0.692875 -1.97462 -22.8519
    endloop
  endfacet
  facet normal 0.597338 5.50637e-05 0.80199
    outer loop
      vertex -0.720346 -4 -22.8313
      vertex -0.692875 -1.97462 -22.8519
      vertex -0.7 -1.875 -22.8466
    endloop
  endfacet
  facet normal 0.599467 0 0.8004
    outer loop
      vertex -0.594705 -2.24278 -22.9254
      vertex -0.720346 -4 -22.8313
      vertex -0.594705 -4 -22.9254
    endloop
  endfacet
  facet normal 0.601018 -0 0.799236
    outer loop
      vertex -0.720346 -4 -22.8313
      vertex -0.7 -1.875 -22.8466
      vertex -0.720346 4 -22.8313
    endloop
  endfacet
endsolid OpenSCAD_Model
