solid OpenSCAD_Model
  facet normal 0 0 -1
    outer loop
      vertex 86 66 -68
      vertex 116 36 -68
      vertex 116 0 -68
    endloop
  endfacet
  facet normal 0 0 -1
    outer loop
      vertex 116 36 -68
      vertex 86 66 -68
      vertex 115.936 37.9621 -68
    endloop
  endfacet
  facet normal 0 0 -1
    outer loop
      vertex 115.936 37.9621 -68
      vertex 86 66 -68
      vertex 115.743 39.9158 -68
    endloop
  endfacet
  facet normal 0 0 -1
    outer loop
      vertex 115.743 39.9158 -68
      vertex 86 66 -68
      vertex 115.424 41.8527 -68
    endloop
  endfacet
  facet normal 0 0 -1
    outer loop
      vertex 115.424 41.8527 -68
      vertex 86 66 -68
      vertex 114.978 43.7646 -68
    endloop
  endfacet
  facet normal 0 0 -1
    outer loop
      vertex 114.978 43.7646 -68
      vertex 86 66 -68
      vertex 114.408 45.6432 -68
    endloop
  endfacet
  facet normal 0 0 -1
    outer loop
      vertex 114.408 45.6432 -68
      vertex 86 66 -68
      vertex 113.716 47.4805 -68
    endloop
  endfacet
  facet normal 0 0 -1
    outer loop
      vertex 113.716 47.4805 -68
      vertex 86 66 -68
      vertex 112.906 49.2687 -68
    endloop
  endfacet
  facet normal 0 0 -1
    outer loop
      vertex 112.906 49.2687 -68
      vertex 86 66 -68
      vertex 111.981 51 -68
    endloop
  endfacet
  facet normal 0 0 -1
    outer loop
      vertex 111.981 51 -68
      vertex 86 66 -68
      vertex 110.944 52.6671 -68
    endloop
  endfacet
  facet normal 0 0 -1
    outer loop
      vertex 110.944 52.6671 -68
      vertex 86 66 -68
      vertex 109.801 54.2628 -68
    endloop
  endfacet
  facet normal 0 0 -1
    outer loop
      vertex 109.801 54.2628 -68
      vertex 86 66 -68
      vertex 108.555 55.7804 -68
    endloop
  endfacet
  facet normal 0 0 -1
    outer loop
      vertex 108.555 55.7804 -68
      vertex 86 66 -68
      vertex 107.213 57.2132 -68
    endloop
  endfacet
  facet normal 0 0 -1
    outer loop
      vertex 107.213 57.2132 -68
      vertex 86 66 -68
      vertex 105.78 58.5552 -68
    endloop
  endfacet
  facet normal 0 0 -1
    outer loop
      vertex 105.78 58.5552 -68
      vertex 86 66 -68
      vertex 104.263 59.8006 -68
    endloop
  endfacet
  facet normal 0 0 -1
    outer loop
      vertex 104.263 59.8006 -68
      vertex 86 66 -68
      vertex 102.667 60.9441 -68
    endloop
  endfacet
  facet normal 0 0 -1
    outer loop
      vertex 102.667 60.9441 -68
      vertex 86 66 -68
      vertex 101 61.9808 -68
    endloop
  endfacet
  facet normal 0 0 -1
    outer loop
      vertex 101 61.9808 -68
      vertex 86 66 -68
      vertex 99.2687 62.9062 -68
    endloop
  endfacet
  facet normal 0 0 -1
    outer loop
      vertex 99.2687 62.9062 -68
      vertex 86 66 -68
      vertex 97.4805 63.7164 -68
    endloop
  endfacet
  facet normal 0 0 -1
    outer loop
      vertex 97.4805 63.7164 -68
      vertex 86 66 -68
      vertex 95.6432 64.4079 -68
    endloop
  endfacet
  facet normal 0 0 -1
    outer loop
      vertex 95.6432 64.4079 -68
      vertex 86 66 -68
      vertex 93.7646 64.9778 -68
    endloop
  endfacet
  facet normal 0 0 -1
    outer loop
      vertex 93.7646 64.9778 -68
      vertex 86 66 -68
      vertex 91.8527 65.4236 -68
    endloop
  endfacet
  facet normal 0 0 -1
    outer loop
      vertex 91.8527 65.4236 -68
      vertex 86 66 -68
      vertex 89.9158 65.7433 -68
    endloop
  endfacet
  facet normal 0 0 -1
    outer loop
      vertex 89.9158 65.7433 -68
      vertex 86 66 -68
      vertex 87.9621 65.9358 -68
    endloop
  endfacet
  facet normal 0 0 -1
    outer loop
      vertex 116 0 -68
      vertex -86 66 -68
      vertex 86 66 -68
    endloop
  endfacet
  facet normal 0 0 -1
    outer loop
      vertex -116 0 -68
      vertex -86 66 -68
      vertex 116 0 -68
    endloop
  endfacet
  facet normal 0 0 -1
    outer loop
      vertex -116 36 -68
      vertex -86 66 -68
      vertex -116 0 -68
    endloop
  endfacet
  facet normal 0 0 -1
    outer loop
      vertex -86 66 -68
      vertex -116 36 -68
      vertex -87.9621 65.9358 -68
    endloop
  endfacet
  facet normal 0 0 -1
    outer loop
      vertex -87.9621 65.9358 -68
      vertex -116 36 -68
      vertex -89.9158 65.7433 -68
    endloop
  endfacet
  facet normal 0 0 -1
    outer loop
      vertex -89.9158 65.7433 -68
      vertex -116 36 -68
      vertex -91.8527 65.4236 -68
    endloop
  endfacet
  facet normal 0 0 -1
    outer loop
      vertex -91.8527 65.4236 -68
      vertex -116 36 -68
      vertex -93.7646 64.9778 -68
    endloop
  endfacet
  facet normal 0 0 -1
    outer loop
      vertex -93.7646 64.9778 -68
      vertex -116 36 -68
      vertex -95.6432 64.4079 -68
    endloop
  endfacet
  facet normal 0 0 -1
    outer loop
      vertex -95.6432 64.4079 -68
      vertex -116 36 -68
      vertex -97.4805 63.7164 -68
    endloop
  endfacet
  facet normal 0 0 -1
    outer loop
      vertex -97.4805 63.7164 -68
      vertex -116 36 -68
      vertex -99.2687 62.9062 -68
    endloop
  endfacet
  facet normal 0 0 -1
    outer loop
      vertex -99.2687 62.9062 -68
      vertex -116 36 -68
      vertex -101 61.9808 -68
    endloop
  endfacet
  facet normal 0 0 -1
    outer loop
      vertex -101 61.9808 -68
      vertex -116 36 -68
      vertex -102.667 60.9441 -68
    endloop
  endfacet
  facet normal 0 0 -1
    outer loop
      vertex -102.667 60.9441 -68
      vertex -116 36 -68
      vertex -104.263 59.8006 -68
    endloop
  endfacet
  facet normal 0 0 -1
    outer loop
      vertex -104.263 59.8006 -68
      vertex -116 36 -68
      vertex -105.78 58.5552 -68
    endloop
  endfacet
  facet normal 0 0 -1
    outer loop
      vertex -105.78 58.5552 -68
      vertex -116 36 -68
      vertex -107.213 57.2132 -68
    endloop
  endfacet
  facet normal 0 0 -1
    outer loop
      vertex -107.213 57.2132 -68
      vertex -116 36 -68
      vertex -108.555 55.7804 -68
    endloop
  endfacet
  facet normal 0 0 -1
    outer loop
      vertex -108.555 55.7804 -68
      vertex -116 36 -68
      vertex -109.801 54.2628 -68
    endloop
  endfacet
  facet normal 0 0 -1
    outer loop
      vertex -109.801 54.2628 -68
      vertex -116 36 -68
      vertex -110.944 52.6671 -68
    endloop
  endfacet
  facet normal 0 0 -1
    outer loop
      vertex -110.944 52.6671 -68
      vertex -116 36 -68
      vertex -111.981 51 -68
    endloop
  endfacet
  facet normal 0 0 -1
    outer loop
      vertex -112.906 49.2687 -68
      vertex -116 36 -68
      vertex -113.716 47.4805 -68
    endloop
  endfacet
  facet normal 0 0 -1
    outer loop
      vertex -113.716 47.4805 -68
      vertex -116 36 -68
      vertex -114.408 45.6432 -68
    endloop
  endfacet
  facet normal 0 0 -1
    outer loop
      vertex -114.408 45.6432 -68
      vertex -116 36 -68
      vertex -114.978 43.7646 -68
    endloop
  endfacet
  facet normal 0 0 -1
    outer loop
      vertex -114.978 43.7646 -68
      vertex -116 36 -68
      vertex -115.424 41.8527 -68
    endloop
  endfacet
  facet normal 0 0 -1
    outer loop
      vertex -115.424 41.8527 -68
      vertex -116 36 -68
      vertex -115.743 39.9158 -68
    endloop
  endfacet
  facet normal 0 0 -1
    outer loop
      vertex -111.981 51 -68
      vertex -116 36 -68
      vertex -112.906 49.2687 -68
    endloop
  endfacet
  facet normal 0 0 -1
    outer loop
      vertex -115.743 39.9158 -68
      vertex -116 36 -68
      vertex -115.936 37.9621 -68
    endloop
  endfacet
  facet normal -1 0 0
    outer loop
      vertex -116 0 -68
      vertex -116 36 68
      vertex -116 36 -68
    endloop
  endfacet
  facet normal -1 -0 0
    outer loop
      vertex -116 36 68
      vertex -116 0 -68
      vertex -116 0 68
    endloop
  endfacet
  facet normal 0.0980562 0.995181 -0
    outer loop
      vertex 89.9158 65.7433 -68
      vertex 87.9621 65.9358 68
      vertex 89.9158 65.7433 68
    endloop
  endfacet
  facet normal 0.0980562 0.995181 0
    outer loop
      vertex 87.9621 65.9358 68
      vertex 89.9158 65.7433 -68
      vertex 87.9621 65.9358 -68
    endloop
  endfacet
  facet normal -0.882006 0.471239 0
    outer loop
      vertex -112.906 49.2687 -68
      vertex -111.981 51 68
      vertex -111.981 51 -68
    endloop
  endfacet
  facet normal -0.882006 0.471239 0
    outer loop
      vertex -111.981 51 68
      vertex -112.906 49.2687 -68
      vertex -112.906 49.2687 68
    endloop
  endfacet
  facet normal -0.999468 0.0326008 0
    outer loop
      vertex -116 36 -68
      vertex -115.936 37.9621 68
      vertex -115.936 37.9621 -68
    endloop
  endfacet
  facet normal -0.999468 0.0326008 0
    outer loop
      vertex -115.936 37.9621 68
      vertex -116 36 -68
      vertex -116 36 68
    endloop
  endfacet
  facet normal 1 -0 0
    outer loop
      vertex 116 0 68
      vertex 116 36 -68
      vertex 116 36 68
    endloop
  endfacet
  facet normal 1 0 0
    outer loop
      vertex 116 36 -68
      vertex 116 0 68
      vertex 116 0 -68
    endloop
  endfacet
  facet normal 0 1 0
    outer loop
      vertex 86 66 68
      vertex 63.9935 66 -7
      vertex -86 66 68
    endloop
  endfacet
  facet normal 0 1 -0
    outer loop
      vertex 86 66 -68
      vertex 63.9935 66 -7
      vertex 86 66 68
    endloop
  endfacet
  facet normal 0 1 0
    outer loop
      vertex 63.9935 66 -49
      vertex 86 66 -68
      vertex -63.9935 66 -49
    endloop
  endfacet
  facet normal 0 1 0
    outer loop
      vertex 63.9935 66 -7
      vertex 86 66 -68
      vertex 63.9935 66 -49
    endloop
  endfacet
  facet normal 0 1 -0
    outer loop
      vertex -63.9935 66 -7
      vertex -86 66 68
      vertex 63.9935 66 -7
    endloop
  endfacet
  facet normal 0 1 0
    outer loop
      vertex -86 66 -68
      vertex -63.9935 66 -7
      vertex -63.9935 66 -49
    endloop
  endfacet
  facet normal 0 1 0
    outer loop
      vertex -63.9935 66 -7
      vertex -86 66 -68
      vertex -86 66 68
    endloop
  endfacet
  facet normal 0 1 0
    outer loop
      vertex -86 66 -68
      vertex -63.9935 66 -49
      vertex 86 66 -68
    endloop
  endfacet
  facet normal -0.22708 0.973876 0
    outer loop
      vertex -91.8527 65.4236 -68
      vertex -93.7646 64.9778 68
      vertex -91.8527 65.4236 68
    endloop
  endfacet
  facet normal -0.22708 0.973876 0
    outer loop
      vertex -93.7646 64.9778 68
      vertex -91.8527 65.4236 -68
      vertex -93.7646 64.9778 -68
    endloop
  endfacet
  facet normal 0 0 1
    outer loop
      vertex 86 66 68
      vertex 116 36 68
      vertex 115.936 37.9621 68
    endloop
  endfacet
  facet normal 0 0 1
    outer loop
      vertex 86 66 68
      vertex 115.936 37.9621 68
      vertex 115.743 39.9158 68
    endloop
  endfacet
  facet normal 0 0 1
    outer loop
      vertex 86 66 68
      vertex 115.743 39.9158 68
      vertex 115.424 41.8527 68
    endloop
  endfacet
  facet normal 0 0 1
    outer loop
      vertex 86 66 68
      vertex 115.424 41.8527 68
      vertex 114.978 43.7646 68
    endloop
  endfacet
  facet normal 0 0 1
    outer loop
      vertex 86 66 68
      vertex 114.978 43.7646 68
      vertex 114.408 45.6432 68
    endloop
  endfacet
  facet normal 0 0 1
    outer loop
      vertex 86 66 68
      vertex 114.408 45.6432 68
      vertex 113.716 47.4805 68
    endloop
  endfacet
  facet normal 0 0 1
    outer loop
      vertex 86 66 68
      vertex 113.716 47.4805 68
      vertex 112.906 49.2687 68
    endloop
  endfacet
  facet normal 0 0 1
    outer loop
      vertex 86 66 68
      vertex 112.906 49.2687 68
      vertex 111.981 51 68
    endloop
  endfacet
  facet normal 0 0 1
    outer loop
      vertex 86 66 68
      vertex 111.981 51 68
      vertex 110.944 52.6671 68
    endloop
  endfacet
  facet normal 0 0 1
    outer loop
      vertex 86 66 68
      vertex 110.944 52.6671 68
      vertex 109.801 54.2628 68
    endloop
  endfacet
  facet normal 0 0 1
    outer loop
      vertex 86 66 68
      vertex 109.801 54.2628 68
      vertex 108.555 55.7804 68
    endloop
  endfacet
  facet normal 0 0 1
    outer loop
      vertex 86 66 68
      vertex 108.555 55.7804 68
      vertex 107.213 57.2132 68
    endloop
  endfacet
  facet normal 0 0 1
    outer loop
      vertex 86 66 68
      vertex 107.213 57.2132 68
      vertex 105.78 58.5552 68
    endloop
  endfacet
  facet normal 0 0 1
    outer loop
      vertex 86 66 68
      vertex 105.78 58.5552 68
      vertex 104.263 59.8006 68
    endloop
  endfacet
  facet normal 0 0 1
    outer loop
      vertex 86 66 68
      vertex 104.263 59.8006 68
      vertex 102.667 60.9441 68
    endloop
  endfacet
  facet normal 0 0 1
    outer loop
      vertex 86 66 68
      vertex 102.667 60.9441 68
      vertex 101 61.9808 68
    endloop
  endfacet
  facet normal 0 0 1
    outer loop
      vertex 86 66 68
      vertex 101 61.9808 68
      vertex 99.2687 62.9062 68
    endloop
  endfacet
  facet normal 0 0 1
    outer loop
      vertex 86 66 68
      vertex 99.2687 62.9062 68
      vertex 97.4805 63.7164 68
    endloop
  endfacet
  facet normal 0 0 1
    outer loop
      vertex 86 66 68
      vertex 97.4805 63.7164 68
      vertex 95.6432 64.4079 68
    endloop
  endfacet
  facet normal 0 0 1
    outer loop
      vertex 86 66 68
      vertex 95.6432 64.4079 68
      vertex 93.7646 64.9778 68
    endloop
  endfacet
  facet normal 0 0 1
    outer loop
      vertex 86 66 68
      vertex 93.7646 64.9778 68
      vertex 91.8527 65.4236 68
    endloop
  endfacet
  facet normal 0 0 1
    outer loop
      vertex 86 66 68
      vertex 91.8527 65.4236 68
      vertex 89.9158 65.7433 68
    endloop
  endfacet
  facet normal 0 0 1
    outer loop
      vertex 86 66 68
      vertex 89.9158 65.7433 68
      vertex 87.9621 65.9358 68
    endloop
  endfacet
  facet normal 0 0 1
    outer loop
      vertex 116 36 68
      vertex 86 66 68
      vertex 116 0 68
    endloop
  endfacet
  facet normal -0 0 1
    outer loop
      vertex -86 66 68
      vertex 116 0 68
      vertex 86 66 68
    endloop
  endfacet
  facet normal 0 0 1
    outer loop
      vertex -116 36 68
      vertex -86 66 68
      vertex -87.9621 65.9358 68
    endloop
  endfacet
  facet normal 0 0 1
    outer loop
      vertex -116 36 68
      vertex -87.9621 65.9358 68
      vertex -89.9158 65.7433 68
    endloop
  endfacet
  facet normal 0 0 1
    outer loop
      vertex -116 36 68
      vertex -89.9158 65.7433 68
      vertex -91.8527 65.4236 68
    endloop
  endfacet
  facet normal 0 0 1
    outer loop
      vertex -116 36 68
      vertex -91.8527 65.4236 68
      vertex -93.7646 64.9778 68
    endloop
  endfacet
  facet normal 0 0 1
    outer loop
      vertex -116 36 68
      vertex -93.7646 64.9778 68
      vertex -95.6432 64.4079 68
    endloop
  endfacet
  facet normal 0 0 1
    outer loop
      vertex -116 36 68
      vertex -95.6432 64.4079 68
      vertex -97.4805 63.7164 68
    endloop
  endfacet
  facet normal 0 0 1
    outer loop
      vertex -116 36 68
      vertex -97.4805 63.7164 68
      vertex -99.2687 62.9062 68
    endloop
  endfacet
  facet normal 0 0 1
    outer loop
      vertex -116 36 68
      vertex -99.2687 62.9062 68
      vertex -101 61.9808 68
    endloop
  endfacet
  facet normal 0 0 1
    outer loop
      vertex -116 36 68
      vertex -101 61.9808 68
      vertex -102.667 60.9441 68
    endloop
  endfacet
  facet normal 0 0 1
    outer loop
      vertex -116 36 68
      vertex -102.667 60.9441 68
      vertex -104.263 59.8006 68
    endloop
  endfacet
  facet normal 0 0 1
    outer loop
      vertex -116 36 68
      vertex -104.263 59.8006 68
      vertex -105.78 58.5552 68
    endloop
  endfacet
  facet normal 0 0 1
    outer loop
      vertex -116 36 68
      vertex -105.78 58.5552 68
      vertex -107.213 57.2132 68
    endloop
  endfacet
  facet normal 0 0 1
    outer loop
      vertex -116 36 68
      vertex -107.213 57.2132 68
      vertex -108.555 55.7804 68
    endloop
  endfacet
  facet normal 0 0 1
    outer loop
      vertex -116 36 68
      vertex -108.555 55.7804 68
      vertex -109.801 54.2628 68
    endloop
  endfacet
  facet normal 0 0 1
    outer loop
      vertex -116 36 68
      vertex -109.801 54.2628 68
      vertex -110.944 52.6671 68
    endloop
  endfacet
  facet normal 0 0 1
    outer loop
      vertex -116 36 68
      vertex -110.944 52.6671 68
      vertex -111.981 51 68
    endloop
  endfacet
  facet normal 0 0 1
    outer loop
      vertex -116 36 68
      vertex -111.981 51 68
      vertex -112.906 49.2687 68
    endloop
  endfacet
  facet normal 0 0 1
    outer loop
      vertex -116 36 68
      vertex -112.906 49.2687 68
      vertex -113.716 47.4805 68
    endloop
  endfacet
  facet normal 0 0 1
    outer loop
      vertex -116 36 68
      vertex -113.716 47.4805 68
      vertex -114.408 45.6432 68
    endloop
  endfacet
  facet normal 0 0 1
    outer loop
      vertex -116 36 68
      vertex -114.408 45.6432 68
      vertex -114.978 43.7646 68
    endloop
  endfacet
  facet normal 0 0 1
    outer loop
      vertex -116 36 68
      vertex -114.978 43.7646 68
      vertex -115.424 41.8527 68
    endloop
  endfacet
  facet normal 0 0 1
    outer loop
      vertex -116 36 68
      vertex -115.424 41.8527 68
      vertex -115.743 39.9158 68
    endloop
  endfacet
  facet normal 0 0 1
    outer loop
      vertex -116 36 68
      vertex -115.743 39.9158 68
      vertex -115.936 37.9621 68
    endloop
  endfacet
  facet normal 0 0 1
    outer loop
      vertex -86 66 68
      vertex -116 36 68
      vertex -116 0 68
    endloop
  endfacet
  facet normal 0 0 1
    outer loop
      vertex -86 66 68
      vertex -116 0 68
      vertex 116 0 68
    endloop
  endfacet
  facet normal -0.729855 0.683602 0
    outer loop
      vertex -108.555 55.7804 -68
      vertex -107.213 57.2132 68
      vertex -107.213 57.2132 -68
    endloop
  endfacet
  facet normal -0.729855 0.683602 0
    outer loop
      vertex -107.213 57.2132 68
      vertex -108.555 55.7804 -68
      vertex -108.555 55.7804 68
    endloop
  endfacet
  facet normal -0.986707 0.162507 0
    outer loop
      vertex -115.743 39.9158 -68
      vertex -115.424 41.8527 68
      vertex -115.424 41.8527 -68
    endloop
  endfacet
  facet normal -0.986707 0.162507 0
    outer loop
      vertex -115.424 41.8527 68
      vertex -115.743 39.9158 -68
      vertex -115.743 39.9158 68
    endloop
  endfacet
  facet normal 0.999468 0.0326008 0
    outer loop
      vertex 116 36 68
      vertex 115.936 37.9621 -68
      vertex 115.936 37.9621 68
    endloop
  endfacet
  facet normal 0.999468 0.0326008 0
    outer loop
      vertex 115.936 37.9621 -68
      vertex 116 36 68
      vertex 116 36 -68
    endloop
  endfacet
  facet normal 0.0327025 0.999465 -0
    outer loop
      vertex 87.9621 65.9358 -68
      vertex 86 66 68
      vertex 87.9621 65.9358 68
    endloop
  endfacet
  facet normal 0.0327025 0.999465 0
    outer loop
      vertex 86 66 68
      vertex 87.9621 65.9358 -68
      vertex 86 66 -68
    endloop
  endfacet
  facet normal -0.2903 0.956936 0
    outer loop
      vertex -93.7646 64.9778 -68
      vertex -95.6432 64.4079 68
      vertex -93.7646 64.9778 68
    endloop
  endfacet
  facet normal -0.2903 0.956936 0
    outer loop
      vertex -95.6432 64.4079 68
      vertex -93.7646 64.9778 -68
      vertex -95.6432 64.4079 -68
    endloop
  endfacet
  facet normal -0.0327025 0.999465 0
    outer loop
      vertex -86 66 -68
      vertex -87.9621 65.9358 68
      vertex -86 66 68
    endloop
  endfacet
  facet normal -0.0327025 0.999465 0
    outer loop
      vertex -87.9621 65.9358 68
      vertex -86 66 -68
      vertex -87.9621 65.9358 -68
    endloop
  endfacet
  facet normal -0.162854 0.98665 0
    outer loop
      vertex -89.9158 65.7433 -68
      vertex -91.8527 65.4236 68
      vertex -89.9158 65.7433 68
    endloop
  endfacet
  facet normal -0.162854 0.98665 0
    outer loop
      vertex -91.8527 65.4236 68
      vertex -89.9158 65.7433 -68
      vertex -91.8527 65.4236 -68
    endloop
  endfacet
  facet normal -0.528102 0.849181 0
    outer loop
      vertex -101 61.9808 -68
      vertex -102.667 60.9441 68
      vertex -101 61.9808 68
    endloop
  endfacet
  facet normal -0.528102 0.849181 0
    outer loop
      vertex -102.667 60.9441 68
      vertex -101 61.9808 -68
      vertex -102.667 60.9441 -68
    endloop
  endfacet
  facet normal -0.935824 0.352468 0
    outer loop
      vertex -114.408 45.6432 -68
      vertex -113.716 47.4805 68
      vertex -113.716 47.4805 -68
    endloop
  endfacet
  facet normal -0.935824 0.352468 0
    outer loop
      vertex -113.716 47.4805 68
      vertex -114.408 45.6432 -68
      vertex -114.408 45.6432 68
    endloop
  endfacet
  facet normal -0.812958 0.582322 0
    outer loop
      vertex -110.944 52.6671 -68
      vertex -109.801 54.2628 68
      vertex -109.801 54.2628 -68
    endloop
  endfacet
  facet normal -0.812958 0.582322 0
    outer loop
      vertex -109.801 54.2628 68
      vertex -110.944 52.6671 -68
      vertex -110.944 52.6671 68
    endloop
  endfacet
  facet normal -0.995156 0.0983084 0
    outer loop
      vertex -115.936 37.9621 -68
      vertex -115.743 39.9158 68
      vertex -115.743 39.9158 -68
    endloop
  endfacet
  facet normal -0.995156 0.0983084 0
    outer loop
      vertex -115.743 39.9158 68
      vertex -115.936 37.9621 -68
      vertex -115.936 37.9621 68
    endloop
  endfacet
  facet normal 0.729855 0.683602 0
    outer loop
      vertex 108.555 55.7804 68
      vertex 107.213 57.2132 -68
      vertex 107.213 57.2132 68
    endloop
  endfacet
  facet normal 0.729855 0.683602 0
    outer loop
      vertex 107.213 57.2132 -68
      vertex 108.555 55.7804 68
      vertex 108.555 55.7804 -68
    endloop
  endfacet
  facet normal 0.162854 0.98665 -0
    outer loop
      vertex 91.8527 65.4236 -68
      vertex 89.9158 65.7433 68
      vertex 91.8527 65.4236 68
    endloop
  endfacet
  facet normal 0.162854 0.98665 0
    outer loop
      vertex 89.9158 65.7433 68
      vertex 91.8527 65.4236 -68
      vertex 89.9158 65.7433 -68
    endloop
  endfacet
  facet normal -0.0980562 0.995181 0
    outer loop
      vertex -87.9621 65.9358 -68
      vertex -89.9158 65.7433 68
      vertex -87.9621 65.9358 68
    endloop
  endfacet
  facet normal -0.0980562 0.995181 0
    outer loop
      vertex -89.9158 65.7433 68
      vertex -87.9621 65.9358 -68
      vertex -89.9158 65.7433 -68
    endloop
  endfacet
  facet normal -0.412697 0.910868 0
    outer loop
      vertex -97.4805 63.7164 -68
      vertex -99.2687 62.9062 68
      vertex -97.4805 63.7164 68
    endloop
  endfacet
  facet normal -0.412697 0.910868 0
    outer loop
      vertex -99.2687 62.9062 68
      vertex -97.4805 63.7164 -68
      vertex -99.2687 62.9062 -68
    endloop
  endfacet
  facet normal -0.352245 0.935908 0
    outer loop
      vertex -95.6432 64.4079 -68
      vertex -97.4805 63.7164 68
      vertex -95.6432 64.4079 68
    endloop
  endfacet
  facet normal -0.352245 0.935908 0
    outer loop
      vertex -97.4805 63.7164 68
      vertex -95.6432 64.4079 -68
      vertex -97.4805 63.7164 -68
    endloop
  endfacet
  facet normal -0.471397 0.881921 0
    outer loop
      vertex -99.2687 62.9062 -68
      vertex -101 61.9808 68
      vertex -99.2687 62.9062 68
    endloop
  endfacet
  facet normal -0.471397 0.881921 0
    outer loop
      vertex -101 61.9808 68
      vertex -99.2687 62.9062 -68
      vertex -101 61.9808 -68
    endloop
  endfacet
  facet normal -0.634524 0.772903 0
    outer loop
      vertex -104.263 59.8006 -68
      vertex -105.78 58.5552 68
      vertex -104.263 59.8006 68
    endloop
  endfacet
  facet normal -0.634524 0.772903 0
    outer loop
      vertex -105.78 58.5552 68
      vertex -104.263 59.8006 -68
      vertex -105.78 58.5552 -68
    endloop
  endfacet
  facet normal -0.683551 0.729902 0
    outer loop
      vertex -105.78 58.5552 -68
      vertex -107.213 57.2132 68
      vertex -105.78 58.5552 68
    endloop
  endfacet
  facet normal -0.683551 0.729902 0
    outer loop
      vertex -107.213 57.2132 68
      vertex -105.78 58.5552 -68
      vertex -107.213 57.2132 -68
    endloop
  endfacet
  facet normal -0.582418 0.812889 0
    outer loop
      vertex -102.667 60.9441 -68
      vertex -104.263 59.8006 68
      vertex -102.667 60.9441 68
    endloop
  endfacet
  facet normal -0.582418 0.812889 0
    outer loop
      vertex -104.263 59.8006 68
      vertex -102.667 60.9441 -68
      vertex -104.263 59.8006 -68
    endloop
  endfacet
  facet normal -0.973854 0.227176 0
    outer loop
      vertex -115.424 41.8527 -68
      vertex -114.978 43.7646 68
      vertex -114.978 43.7646 -68
    endloop
  endfacet
  facet normal -0.973854 0.227176 0
    outer loop
      vertex -114.978 43.7646 68
      vertex -115.424 41.8527 -68
      vertex -115.424 41.8527 68
    endloop
  endfacet
  facet normal -0.910906 0.412613 0
    outer loop
      vertex -113.716 47.4805 -68
      vertex -112.906 49.2687 68
      vertex -112.906 49.2687 -68
    endloop
  endfacet
  facet normal -0.910906 0.412613 0
    outer loop
      vertex -112.906 49.2687 68
      vertex -113.716 47.4805 -68
      vertex -113.716 47.4805 68
    endloop
  endfacet
  facet normal -0.956922 0.290347 0
    outer loop
      vertex -114.978 43.7646 -68
      vertex -114.408 45.6432 68
      vertex -114.408 45.6432 -68
    endloop
  endfacet
  facet normal -0.956922 0.290347 0
    outer loop
      vertex -114.408 45.6432 68
      vertex -114.978 43.7646 -68
      vertex -114.978 43.7646 68
    endloop
  endfacet
  facet normal -0.849127 0.528189 0
    outer loop
      vertex -111.981 51 -68
      vertex -110.944 52.6671 68
      vertex -110.944 52.6671 -68
    endloop
  endfacet
  facet normal -0.849127 0.528189 0
    outer loop
      vertex -110.944 52.6671 68
      vertex -111.981 51 -68
      vertex -111.981 51 68
    endloop
  endfacet
  facet normal -0.772876 0.634557 0
    outer loop
      vertex -109.801 54.2628 -68
      vertex -108.555 55.7804 68
      vertex -108.555 55.7804 -68
    endloop
  endfacet
  facet normal -0.772876 0.634557 0
    outer loop
      vertex -108.555 55.7804 68
      vertex -109.801 54.2628 -68
      vertex -109.801 54.2628 68
    endloop
  endfacet
  facet normal 0.634524 0.772903 -0
    outer loop
      vertex 105.78 58.5552 -68
      vertex 104.263 59.8006 68
      vertex 105.78 58.5552 68
    endloop
  endfacet
  facet normal 0.634524 0.772903 0
    outer loop
      vertex 104.263 59.8006 68
      vertex 105.78 58.5552 -68
      vertex 104.263 59.8006 -68
    endloop
  endfacet
  facet normal 0.812958 0.582322 0
    outer loop
      vertex 110.944 52.6671 68
      vertex 109.801 54.2628 -68
      vertex 109.801 54.2628 68
    endloop
  endfacet
  facet normal 0.812958 0.582322 0
    outer loop
      vertex 109.801 54.2628 -68
      vertex 110.944 52.6671 68
      vertex 110.944 52.6671 -68
    endloop
  endfacet
  facet normal 0.973854 0.227176 0
    outer loop
      vertex 115.424 41.8527 68
      vertex 114.978 43.7646 -68
      vertex 114.978 43.7646 68
    endloop
  endfacet
  facet normal 0.973854 0.227176 0
    outer loop
      vertex 114.978 43.7646 -68
      vertex 115.424 41.8527 68
      vertex 115.424 41.8527 -68
    endloop
  endfacet
  facet normal 0.935824 0.352468 0
    outer loop
      vertex 114.408 45.6432 68
      vertex 113.716 47.4805 -68
      vertex 113.716 47.4805 68
    endloop
  endfacet
  facet normal 0.935824 0.352468 0
    outer loop
      vertex 113.716 47.4805 -68
      vertex 114.408 45.6432 68
      vertex 114.408 45.6432 -68
    endloop
  endfacet
  facet normal 0.986707 0.162507 0
    outer loop
      vertex 115.743 39.9158 68
      vertex 115.424 41.8527 -68
      vertex 115.424 41.8527 68
    endloop
  endfacet
  facet normal 0.986707 0.162507 0
    outer loop
      vertex 115.424 41.8527 -68
      vertex 115.743 39.9158 68
      vertex 115.743 39.9158 -68
    endloop
  endfacet
  facet normal 0.995156 0.0983084 0
    outer loop
      vertex 115.936 37.9621 68
      vertex 115.743 39.9158 -68
      vertex 115.743 39.9158 68
    endloop
  endfacet
  facet normal 0.995156 0.0983084 0
    outer loop
      vertex 115.743 39.9158 -68
      vertex 115.936 37.9621 68
      vertex 115.936 37.9621 -68
    endloop
  endfacet
  facet normal 0.471397 0.881921 -0
    outer loop
      vertex 101 61.9808 -68
      vertex 99.2687 62.9062 68
      vertex 101 61.9808 68
    endloop
  endfacet
  facet normal 0.471397 0.881921 0
    outer loop
      vertex 99.2687 62.9062 68
      vertex 101 61.9808 -68
      vertex 99.2687 62.9062 -68
    endloop
  endfacet
  facet normal 0.2903 0.956936 -0
    outer loop
      vertex 95.6432 64.4079 -68
      vertex 93.7646 64.9778 68
      vertex 95.6432 64.4079 68
    endloop
  endfacet
  facet normal 0.2903 0.956936 0
    outer loop
      vertex 93.7646 64.9778 68
      vertex 95.6432 64.4079 -68
      vertex 93.7646 64.9778 -68
    endloop
  endfacet
  facet normal 0.412697 0.910868 -0
    outer loop
      vertex 99.2687 62.9062 -68
      vertex 97.4805 63.7164 68
      vertex 99.2687 62.9062 68
    endloop
  endfacet
  facet normal 0.412697 0.910868 0
    outer loop
      vertex 97.4805 63.7164 68
      vertex 99.2687 62.9062 -68
      vertex 97.4805 63.7164 -68
    endloop
  endfacet
  facet normal 0.22708 0.973876 -0
    outer loop
      vertex 93.7646 64.9778 -68
      vertex 91.8527 65.4236 68
      vertex 93.7646 64.9778 68
    endloop
  endfacet
  facet normal 0.22708 0.973876 0
    outer loop
      vertex 91.8527 65.4236 68
      vertex 93.7646 64.9778 -68
      vertex 91.8527 65.4236 -68
    endloop
  endfacet
  facet normal 0.772876 0.634557 0
    outer loop
      vertex 109.801 54.2628 68
      vertex 108.555 55.7804 -68
      vertex 108.555 55.7804 68
    endloop
  endfacet
  facet normal 0.772876 0.634557 0
    outer loop
      vertex 108.555 55.7804 -68
      vertex 109.801 54.2628 68
      vertex 109.801 54.2628 -68
    endloop
  endfacet
  facet normal 0.528102 0.849181 -0
    outer loop
      vertex 102.667 60.9441 -68
      vertex 101 61.9808 68
      vertex 102.667 60.9441 68
    endloop
  endfacet
  facet normal 0.528102 0.849181 0
    outer loop
      vertex 101 61.9808 68
      vertex 102.667 60.9441 -68
      vertex 101 61.9808 -68
    endloop
  endfacet
  facet normal 0.352245 0.935908 -0
    outer loop
      vertex 97.4805 63.7164 -68
      vertex 95.6432 64.4079 68
      vertex 97.4805 63.7164 68
    endloop
  endfacet
  facet normal 0.352245 0.935908 0
    outer loop
      vertex 95.6432 64.4079 68
      vertex 97.4805 63.7164 -68
      vertex 95.6432 64.4079 -68
    endloop
  endfacet
  facet normal 0.683551 0.729902 -0
    outer loop
      vertex 107.213 57.2132 -68
      vertex 105.78 58.5552 68
      vertex 107.213 57.2132 68
    endloop
  endfacet
  facet normal 0.683551 0.729902 0
    outer loop
      vertex 105.78 58.5552 68
      vertex 107.213 57.2132 -68
      vertex 105.78 58.5552 -68
    endloop
  endfacet
  facet normal 0.882006 0.471239 0
    outer loop
      vertex 112.906 49.2687 68
      vertex 111.981 51 -68
      vertex 111.981 51 68
    endloop
  endfacet
  facet normal 0.882006 0.471239 0
    outer loop
      vertex 111.981 51 -68
      vertex 112.906 49.2687 68
      vertex 112.906 49.2687 -68
    endloop
  endfacet
  facet normal 0.910906 0.412613 0
    outer loop
      vertex 113.716 47.4805 68
      vertex 112.906 49.2687 -68
      vertex 112.906 49.2687 68
    endloop
  endfacet
  facet normal 0.910906 0.412613 0
    outer loop
      vertex 112.906 49.2687 -68
      vertex 113.716 47.4805 68
      vertex 113.716 47.4805 -68
    endloop
  endfacet
  facet normal 0.956922 0.290347 0
    outer loop
      vertex 114.978 43.7646 68
      vertex 114.408 45.6432 -68
      vertex 114.408 45.6432 68
    endloop
  endfacet
  facet normal 0.956922 0.290347 0
    outer loop
      vertex 114.408 45.6432 -68
      vertex 114.978 43.7646 68
      vertex 114.978 43.7646 -68
    endloop
  endfacet
  facet normal 0.582418 0.812889 -0
    outer loop
      vertex 104.263 59.8006 -68
      vertex 102.667 60.9441 68
      vertex 104.263 59.8006 68
    endloop
  endfacet
  facet normal 0.582418 0.812889 0
    outer loop
      vertex 102.667 60.9441 68
      vertex 104.263 59.8006 -68
      vertex 102.667 60.9441 -68
    endloop
  endfacet
  facet normal 0.849127 0.528189 0
    outer loop
      vertex 111.981 51 68
      vertex 110.944 52.6671 -68
      vertex 110.944 52.6671 68
    endloop
  endfacet
  facet normal 0.849127 0.528189 0
    outer loop
      vertex 110.944 52.6671 -68
      vertex 111.981 51 68
      vertex 111.981 51 -68
    endloop
  endfacet
  facet normal 0 0 1
    outer loop
      vertex 87 63 -65
      vertex 113 37 -65
      vertex 112.944 38.7005 -65
    endloop
  endfacet
  facet normal 0 0 1
    outer loop
      vertex 87 63 -65
      vertex 112.944 38.7005 -65
      vertex 112.778 40.3937 -65
    endloop
  endfacet
  facet normal 0 0 1
    outer loop
      vertex 87 63 -65
      vertex 112.778 40.3937 -65
      vertex 112.5 42.0723 -65
    endloop
  endfacet
  facet normal 0 0 1
    outer loop
      vertex 87 63 -65
      vertex 112.5 42.0723 -65
      vertex 112.114 43.7293 -65
    endloop
  endfacet
  facet normal 0 0 1
    outer loop
      vertex 87 63 -65
      vertex 112.114 43.7293 -65
      vertex 111.62 45.3574 -65
    endloop
  endfacet
  facet normal 0 0 1
    outer loop
      vertex 87 63 -65
      vertex 111.62 45.3574 -65
      vertex 111.021 46.9498 -65
    endloop
  endfacet
  facet normal 0 0 1
    outer loop
      vertex 87 63 -65
      vertex 111.021 46.9498 -65
      vertex 110.319 48.4995 -65
    endloop
  endfacet
  facet normal 0 0 1
    outer loop
      vertex 87 63 -65
      vertex 110.319 48.4995 -65
      vertex 109.517 50 -65
    endloop
  endfacet
  facet normal 0 0 1
    outer loop
      vertex 87 63 -65
      vertex 109.517 50 -65
      vertex 108.618 51.4448 -65
    endloop
  endfacet
  facet normal 0 0 1
    outer loop
      vertex 87 63 -65
      vertex 108.618 51.4448 -65
      vertex 107.627 52.8278 -65
    endloop
  endfacet
  facet normal 0 0 1
    outer loop
      vertex 87 63 -65
      vertex 107.627 52.8278 -65
      vertex 106.548 54.143 -65
    endloop
  endfacet
  facet normal 0 0 1
    outer loop
      vertex 87 63 -65
      vertex 106.548 54.143 -65
      vertex 105.385 55.3848 -65
    endloop
  endfacet
  facet normal 0 0 1
    outer loop
      vertex 87 63 -65
      vertex 105.385 55.3848 -65
      vertex 104.143 56.5478 -65
    endloop
  endfacet
  facet normal 0 0 1
    outer loop
      vertex 87 63 -65
      vertex 104.143 56.5478 -65
      vertex 102.828 57.6272 -65
    endloop
  endfacet
  facet normal 0 0 1
    outer loop
      vertex 87 63 -65
      vertex 102.828 57.6272 -65
      vertex 101.445 58.6182 -65
    endloop
  endfacet
  facet normal 0 0 1
    outer loop
      vertex 87 63 -65
      vertex 101.445 58.6182 -65
      vertex 100 59.5167 -65
    endloop
  endfacet
  facet normal 0 0 1
    outer loop
      vertex 87 63 -65
      vertex 100 59.5167 -65
      vertex 98.4995 60.3187 -65
    endloop
  endfacet
  facet normal 0 0 1
    outer loop
      vertex 87 63 -65
      vertex 98.4995 60.3187 -65
      vertex 96.9498 61.0209 -65
    endloop
  endfacet
  facet normal 0 0 1
    outer loop
      vertex 87 63 -65
      vertex 96.9498 61.0209 -65
      vertex 95.3574 61.6202 -65
    endloop
  endfacet
  facet normal 0 0 1
    outer loop
      vertex 87 63 -65
      vertex 95.3574 61.6202 -65
      vertex 93.7293 62.1141 -65
    endloop
  endfacet
  facet normal 0 0 1
    outer loop
      vertex 87 63 -65
      vertex 93.7293 62.1141 -65
      vertex 92.0723 62.5004 -65
    endloop
  endfacet
  facet normal 0 0 1
    outer loop
      vertex 87 63 -65
      vertex 92.0723 62.5004 -65
      vertex 90.3937 62.7776 -65
    endloop
  endfacet
  facet normal 0 0 1
    outer loop
      vertex 87 63 -65
      vertex 90.3937 62.7776 -65
      vertex 88.7005 62.9443 -65
    endloop
  endfacet
  facet normal 0 0 1
    outer loop
      vertex 113 37 -65
      vertex 87 63 -65
      vertex 113 0 -65
    endloop
  endfacet
  facet normal -0 0 1
    outer loop
      vertex -87 63 -65
      vertex 113 0 -65
      vertex 87 63 -65
    endloop
  endfacet
  facet normal 0 0 1
    outer loop
      vertex -113 37 -65
      vertex -87 63 -65
      vertex -88.7005 62.9443 -65
    endloop
  endfacet
  facet normal 0 0 1
    outer loop
      vertex -113 37 -65
      vertex -88.7005 62.9443 -65
      vertex -90.3937 62.7776 -65
    endloop
  endfacet
  facet normal 0 0 1
    outer loop
      vertex -113 37 -65
      vertex -90.3937 62.7776 -65
      vertex -92.0723 62.5004 -65
    endloop
  endfacet
  facet normal 0 0 1
    outer loop
      vertex -113 37 -65
      vertex -92.0723 62.5004 -65
      vertex -93.7293 62.1141 -65
    endloop
  endfacet
  facet normal 0 0 1
    outer loop
      vertex -113 37 -65
      vertex -93.7293 62.1141 -65
      vertex -95.3574 61.6202 -65
    endloop
  endfacet
  facet normal 0 0 1
    outer loop
      vertex -113 37 -65
      vertex -95.3574 61.6202 -65
      vertex -96.9498 61.0209 -65
    endloop
  endfacet
  facet normal 0 0 1
    outer loop
      vertex -113 37 -65
      vertex -96.9498 61.0209 -65
      vertex -98.4995 60.3187 -65
    endloop
  endfacet
  facet normal 0 0 1
    outer loop
      vertex -113 37 -65
      vertex -98.4995 60.3187 -65
      vertex -100 59.5167 -65
    endloop
  endfacet
  facet normal 0 0 1
    outer loop
      vertex -113 37 -65
      vertex -100 59.5167 -65
      vertex -101.445 58.6182 -65
    endloop
  endfacet
  facet normal 0 0 1
    outer loop
      vertex -113 37 -65
      vertex -101.445 58.6182 -65
      vertex -102.828 57.6272 -65
    endloop
  endfacet
  facet normal 0 0 1
    outer loop
      vertex -113 37 -65
      vertex -102.828 57.6272 -65
      vertex -104.143 56.5478 -65
    endloop
  endfacet
  facet normal 0 0 1
    outer loop
      vertex -113 37 -65
      vertex -104.143 56.5478 -65
      vertex -105.385 55.3848 -65
    endloop
  endfacet
  facet normal 0 0 1
    outer loop
      vertex -113 37 -65
      vertex -105.385 55.3848 -65
      vertex -106.548 54.143 -65
    endloop
  endfacet
  facet normal 0 0 1
    outer loop
      vertex -113 37 -65
      vertex -106.548 54.143 -65
      vertex -107.627 52.8278 -65
    endloop
  endfacet
  facet normal 0 0 1
    outer loop
      vertex -113 37 -65
      vertex -107.627 52.8278 -65
      vertex -108.618 51.4448 -65
    endloop
  endfacet
  facet normal 0 0 1
    outer loop
      vertex -113 37 -65
      vertex -108.618 51.4448 -65
      vertex -109.517 50 -65
    endloop
  endfacet
  facet normal 0 0 1
    outer loop
      vertex -113 37 -65
      vertex -109.517 50 -65
      vertex -110.319 48.4995 -65
    endloop
  endfacet
  facet normal 0 0 1
    outer loop
      vertex -113 37 -65
      vertex -110.319 48.4995 -65
      vertex -111.021 46.9498 -65
    endloop
  endfacet
  facet normal 0 0 1
    outer loop
      vertex -113 37 -65
      vertex -111.021 46.9498 -65
      vertex -111.62 45.3574 -65
    endloop
  endfacet
  facet normal 0 0 1
    outer loop
      vertex -113 37 -65
      vertex -111.62 45.3574 -65
      vertex -112.114 43.7293 -65
    endloop
  endfacet
  facet normal 0 0 1
    outer loop
      vertex -113 37 -65
      vertex -112.114 43.7293 -65
      vertex -112.5 42.0723 -65
    endloop
  endfacet
  facet normal 0 0 1
    outer loop
      vertex -113 37 -65
      vertex -112.5 42.0723 -65
      vertex -112.778 40.3937 -65
    endloop
  endfacet
  facet normal 0 0 1
    outer loop
      vertex -113 37 -65
      vertex -112.778 40.3937 -65
      vertex -112.944 38.7005 -65
    endloop
  endfacet
  facet normal 0 0 1
    outer loop
      vertex -87 63 -65
      vertex -113 37 -65
      vertex -113 0 -65
    endloop
  endfacet
  facet normal 0 0 1
    outer loop
      vertex -87 63 -65
      vertex -113 0 -65
      vertex 113 0 -65
    endloop
  endfacet
  facet normal 1 -0 0
    outer loop
      vertex -113 0 65
      vertex -113 37 -65
      vertex -113 37 65
    endloop
  endfacet
  facet normal 1 0 0
    outer loop
      vertex -113 37 -65
      vertex -113 0 65
      vertex -113 0 -65
    endloop
  endfacet
  facet normal -0.0979789 -0.995188 0
    outer loop
      vertex 88.7005 62.9443 -65
      vertex 90.3937 62.7776 65
      vertex 88.7005 62.9443 65
    endloop
  endfacet
  facet normal -0.0979789 -0.995188 -0
    outer loop
      vertex 90.3937 62.7776 65
      vertex 88.7005 62.9443 -65
      vertex 90.3937 62.7776 -65
    endloop
  endfacet
  facet normal 0.88193 -0.471381 0
    outer loop
      vertex -110.319 48.4995 65
      vertex -109.517 50 -65
      vertex -109.517 50 65
    endloop
  endfacet
  facet normal 0.88193 -0.471381 0
    outer loop
      vertex -109.517 50 -65
      vertex -110.319 48.4995 65
      vertex -110.319 48.4995 -65
    endloop
  endfacet
  facet normal 0.999458 -0.0329136 0
    outer loop
      vertex -113 37 65
      vertex -112.944 38.7005 -65
      vertex -112.944 38.7005 65
    endloop
  endfacet
  facet normal 0.999458 -0.0329136 0
    outer loop
      vertex -112.944 38.7005 -65
      vertex -113 37 65
      vertex -113 37 -65
    endloop
  endfacet
  facet normal -1 0 0
    outer loop
      vertex 113 0 -65
      vertex 113 37 65
      vertex 113 37 -65
    endloop
  endfacet
  facet normal -1 -0 0
    outer loop
      vertex 113 37 65
      vertex 113 0 -65
      vertex 113 0 65
    endloop
  endfacet
  facet normal 0 -1 0
    outer loop
      vertex -87 63 65
      vertex -63.2699 63 -7
      vertex 87 63 65
    endloop
  endfacet
  facet normal 0 -1 0
    outer loop
      vertex -87 63 -65
      vertex -63.2699 63 -7
      vertex -87 63 65
    endloop
  endfacet
  facet normal 0 -1 -0
    outer loop
      vertex -63.2699 63 -49
      vertex -87 63 -65
      vertex 63.2699 63 -49
    endloop
  endfacet
  facet normal 0 -1 -0
    outer loop
      vertex -63.2699 63 -7
      vertex -87 63 -65
      vertex -63.2699 63 -49
    endloop
  endfacet
  facet normal 0 -1 0
    outer loop
      vertex 63.2699 63 -7
      vertex 87 63 65
      vertex -63.2699 63 -7
    endloop
  endfacet
  facet normal 0 -1 0
    outer loop
      vertex 87 63 -65
      vertex 63.2699 63 -7
      vertex 63.2699 63 -49
    endloop
  endfacet
  facet normal 0 -1 0
    outer loop
      vertex 63.2699 63 -7
      vertex 87 63 -65
      vertex 87 63 65
    endloop
  endfacet
  facet normal 0 -1 0
    outer loop
      vertex 87 63 -65
      vertex 63.2699 63 -49
      vertex -87 63 -65
    endloop
  endfacet
  facet normal 0.162931 -0.986637 0
    outer loop
      vertex -92.0723 62.5004 -65
      vertex -90.3937 62.7776 65
      vertex -92.0723 62.5004 65
    endloop
  endfacet
  facet normal 0.162931 -0.986637 0
    outer loop
      vertex -90.3937 62.7776 65
      vertex -92.0723 62.5004 -65
      vertex -90.3937 62.7776 -65
    endloop
  endfacet
  facet normal 0 0 -1
    outer loop
      vertex 87 63 65
      vertex 113 37 65
      vertex 113 0 65
    endloop
  endfacet
  facet normal 0 0 -1
    outer loop
      vertex 113 37 65
      vertex 87 63 65
      vertex 112.944 38.7005 65
    endloop
  endfacet
  facet normal 0 0 -1
    outer loop
      vertex 112.944 38.7005 65
      vertex 87 63 65
      vertex 112.778 40.3937 65
    endloop
  endfacet
  facet normal 0 0 -1
    outer loop
      vertex 112.778 40.3937 65
      vertex 87 63 65
      vertex 112.5 42.0723 65
    endloop
  endfacet
  facet normal 0 0 -1
    outer loop
      vertex 112.5 42.0723 65
      vertex 87 63 65
      vertex 112.114 43.7293 65
    endloop
  endfacet
  facet normal 0 0 -1
    outer loop
      vertex 112.114 43.7293 65
      vertex 87 63 65
      vertex 111.62 45.3574 65
    endloop
  endfacet
  facet normal 0 0 -1
    outer loop
      vertex 111.62 45.3574 65
      vertex 87 63 65
      vertex 111.021 46.9498 65
    endloop
  endfacet
  facet normal 0 0 -1
    outer loop
      vertex 111.021 46.9498 65
      vertex 87 63 65
      vertex 110.319 48.4995 65
    endloop
  endfacet
  facet normal 0 0 -1
    outer loop
      vertex 110.319 48.4995 65
      vertex 87 63 65
      vertex 109.517 50 65
    endloop
  endfacet
  facet normal 0 0 -1
    outer loop
      vertex 109.517 50 65
      vertex 87 63 65
      vertex 108.618 51.4448 65
    endloop
  endfacet
  facet normal 0 0 -1
    outer loop
      vertex 108.618 51.4448 65
      vertex 87 63 65
      vertex 107.627 52.8278 65
    endloop
  endfacet
  facet normal 0 0 -1
    outer loop
      vertex 107.627 52.8278 65
      vertex 87 63 65
      vertex 106.548 54.143 65
    endloop
  endfacet
  facet normal 0 0 -1
    outer loop
      vertex 106.548 54.143 65
      vertex 87 63 65
      vertex 105.385 55.3848 65
    endloop
  endfacet
  facet normal 0 0 -1
    outer loop
      vertex 105.385 55.3848 65
      vertex 87 63 65
      vertex 104.143 56.5478 65
    endloop
  endfacet
  facet normal 0 0 -1
    outer loop
      vertex 104.143 56.5478 65
      vertex 87 63 65
      vertex 102.828 57.6272 65
    endloop
  endfacet
  facet normal 0 0 -1
    outer loop
      vertex 102.828 57.6272 65
      vertex 87 63 65
      vertex 101.445 58.6182 65
    endloop
  endfacet
  facet normal 0 0 -1
    outer loop
      vertex 101.445 58.6182 65
      vertex 87 63 65
      vertex 100 59.5167 65
    endloop
  endfacet
  facet normal 0 0 -1
    outer loop
      vertex 100 59.5167 65
      vertex 87 63 65
      vertex 98.4995 60.3187 65
    endloop
  endfacet
  facet normal 0 0 -1
    outer loop
      vertex 98.4995 60.3187 65
      vertex 87 63 65
      vertex 96.9498 61.0209 65
    endloop
  endfacet
  facet normal 0 0 -1
    outer loop
      vertex 96.9498 61.0209 65
      vertex 87 63 65
      vertex 95.3574 61.6202 65
    endloop
  endfacet
  facet normal 0 0 -1
    outer loop
      vertex 95.3574 61.6202 65
      vertex 87 63 65
      vertex 93.7293 62.1141 65
    endloop
  endfacet
  facet normal 0 0 -1
    outer loop
      vertex 93.7293 62.1141 65
      vertex 87 63 65
      vertex 92.0723 62.5004 65
    endloop
  endfacet
  facet normal 0 0 -1
    outer loop
      vertex 92.0723 62.5004 65
      vertex 87 63 65
      vertex 90.3937 62.7776 65
    endloop
  endfacet
  facet normal 0 0 -1
    outer loop
      vertex 90.3937 62.7776 65
      vertex 87 63 65
      vertex 88.7005 62.9443 65
    endloop
  endfacet
  facet normal 0 0 -1
    outer loop
      vertex 113 0 65
      vertex -87 63 65
      vertex 87 63 65
    endloop
  endfacet
  facet normal 0 0 -1
    outer loop
      vertex -113 0 65
      vertex -87 63 65
      vertex 113 0 65
    endloop
  endfacet
  facet normal 0 0 -1
    outer loop
      vertex -113 37 65
      vertex -87 63 65
      vertex -113 0 65
    endloop
  endfacet
  facet normal 0 0 -1
    outer loop
      vertex -87 63 65
      vertex -113 37 65
      vertex -88.7005 62.9443 65
    endloop
  endfacet
  facet normal 0 0 -1
    outer loop
      vertex -88.7005 62.9443 65
      vertex -113 37 65
      vertex -90.3937 62.7776 65
    endloop
  endfacet
  facet normal 0 0 -1
    outer loop
      vertex -90.3937 62.7776 65
      vertex -113 37 65
      vertex -92.0723 62.5004 65
    endloop
  endfacet
  facet normal 0 0 -1
    outer loop
      vertex -92.0723 62.5004 65
      vertex -113 37 65
      vertex -93.7293 62.1141 65
    endloop
  endfacet
  facet normal 0 0 -1
    outer loop
      vertex -93.7293 62.1141 65
      vertex -113 37 65
      vertex -95.3574 61.6202 65
    endloop
  endfacet
  facet normal 0 0 -1
    outer loop
      vertex -95.3574 61.6202 65
      vertex -113 37 65
      vertex -96.9498 61.0209 65
    endloop
  endfacet
  facet normal 0 0 -1
    outer loop
      vertex -96.9498 61.0209 65
      vertex -113 37 65
      vertex -98.4995 60.3187 65
    endloop
  endfacet
  facet normal 0 0 -1
    outer loop
      vertex -98.4995 60.3187 65
      vertex -113 37 65
      vertex -100 59.5167 65
    endloop
  endfacet
  facet normal 0 0 -1
    outer loop
      vertex -100 59.5167 65
      vertex -113 37 65
      vertex -101.445 58.6182 65
    endloop
  endfacet
  facet normal 0 0 -1
    outer loop
      vertex -101.445 58.6182 65
      vertex -113 37 65
      vertex -102.828 57.6272 65
    endloop
  endfacet
  facet normal 0 0 -1
    outer loop
      vertex -102.828 57.6272 65
      vertex -113 37 65
      vertex -104.143 56.5478 65
    endloop
  endfacet
  facet normal 0 0 -1
    outer loop
      vertex -104.143 56.5478 65
      vertex -113 37 65
      vertex -105.385 55.3848 65
    endloop
  endfacet
  facet normal 0 0 -1
    outer loop
      vertex -105.385 55.3848 65
      vertex -113 37 65
      vertex -106.548 54.143 65
    endloop
  endfacet
  facet normal 0 0 -1
    outer loop
      vertex -106.548 54.143 65
      vertex -113 37 65
      vertex -107.627 52.8278 65
    endloop
  endfacet
  facet normal 0 0 -1
    outer loop
      vertex -107.627 52.8278 65
      vertex -113 37 65
      vertex -108.618 51.4448 65
    endloop
  endfacet
  facet normal 0 0 -1
    outer loop
      vertex -108.618 51.4448 65
      vertex -113 37 65
      vertex -109.517 50 65
    endloop
  endfacet
  facet normal 0 0 -1
    outer loop
      vertex -110.319 48.4995 65
      vertex -113 37 65
      vertex -111.021 46.9498 65
    endloop
  endfacet
  facet normal 0 0 -1
    outer loop
      vertex -111.021 46.9498 65
      vertex -113 37 65
      vertex -111.62 45.3574 65
    endloop
  endfacet
  facet normal 0 0 -1
    outer loop
      vertex -111.62 45.3574 65
      vertex -113 37 65
      vertex -112.114 43.7293 65
    endloop
  endfacet
  facet normal 0 0 -1
    outer loop
      vertex -112.114 43.7293 65
      vertex -113 37 65
      vertex -112.5 42.0723 65
    endloop
  endfacet
  facet normal 0 0 -1
    outer loop
      vertex -112.5 42.0723 65
      vertex -113 37 65
      vertex -112.778 40.3937 65
    endloop
  endfacet
  facet normal 0 0 -1
    outer loop
      vertex -109.517 50 65
      vertex -113 37 65
      vertex -110.319 48.4995 65
    endloop
  endfacet
  facet normal 0 0 -1
    outer loop
      vertex -112.778 40.3937 65
      vertex -113 37 65
      vertex -112.944 38.7005 65
    endloop
  endfacet
  facet normal 0.729885 -0.68357 0
    outer loop
      vertex -106.548 54.143 65
      vertex -105.385 55.3848 -65
      vertex -105.385 55.3848 65
    endloop
  endfacet
  facet normal 0.729885 -0.68357 0
    outer loop
      vertex -105.385 55.3848 -65
      vertex -106.548 54.143 65
      vertex -106.548 54.143 -65
    endloop
  endfacet
  facet normal 0.986562 -0.163389 0
    outer loop
      vertex -112.778 40.3937 65
      vertex -112.5 42.0723 -65
      vertex -112.5 42.0723 65
    endloop
  endfacet
  facet normal 0.986562 -0.163389 0
    outer loop
      vertex -112.5 42.0723 -65
      vertex -112.778 40.3937 65
      vertex -112.778 40.3937 -65
    endloop
  endfacet
  facet normal -0.999458 -0.0329136 0
    outer loop
      vertex 113 37 -65
      vertex 112.944 38.7005 65
      vertex 112.944 38.7005 -65
    endloop
  endfacet
  facet normal -0.999458 -0.0329136 0
    outer loop
      vertex 112.944 38.7005 65
      vertex 113 37 -65
      vertex 113 37 65
    endloop
  endfacet
  facet normal -0.0327375 -0.999464 0
    outer loop
      vertex 87 63 -65
      vertex 88.7005 62.9443 65
      vertex 87 63 65
    endloop
  endfacet
  facet normal -0.0327375 -0.999464 -0
    outer loop
      vertex 88.7005 62.9443 65
      vertex 87 63 -65
      vertex 88.7005 62.9443 -65
    endloop
  endfacet
  facet normal 0.290296 -0.956937 0
    outer loop
      vertex -95.3574 61.6202 -65
      vertex -93.7293 62.1141 65
      vertex -95.3574 61.6202 65
    endloop
  endfacet
  facet normal 0.290296 -0.956937 0
    outer loop
      vertex -93.7293 62.1141 65
      vertex -95.3574 61.6202 -65
      vertex -93.7293 62.1141 -65
    endloop
  endfacet
  facet normal 0.0327375 -0.999464 0
    outer loop
      vertex -88.7005 62.9443 -65
      vertex -87 63 65
      vertex -88.7005 62.9443 65
    endloop
  endfacet
  facet normal 0.0327375 -0.999464 0
    outer loop
      vertex -87 63 65
      vertex -88.7005 62.9443 -65
      vertex -87 63 -65
    endloop
  endfacet
  facet normal 0.0979789 -0.995188 0
    outer loop
      vertex -90.3937 62.7776 -65
      vertex -88.7005 62.9443 65
      vertex -90.3937 62.7776 65
    endloop
  endfacet
  facet normal 0.0979789 -0.995188 0
    outer loop
      vertex -88.7005 62.9443 65
      vertex -90.3937 62.7776 -65
      vertex -88.7005 62.9443 -65
    endloop
  endfacet
  facet normal 0.528043 -0.849218 0
    outer loop
      vertex -101.445 58.6182 -65
      vertex -100 59.5167 65
      vertex -101.445 58.6182 65
    endloop
  endfacet
  facet normal 0.528043 -0.849218 0
    outer loop
      vertex -100 59.5167 65
      vertex -101.445 58.6182 -65
      vertex -100 59.5167 -65
    endloop
  endfacet
  facet normal 0.935971 -0.352077 0
    outer loop
      vertex -111.62 45.3574 65
      vertex -111.021 46.9498 -65
      vertex -111.021 46.9498 65
    endloop
  endfacet
  facet normal 0.935971 -0.352077 0
    outer loop
      vertex -111.021 46.9498 -65
      vertex -111.62 45.3574 65
      vertex -111.62 45.3574 -65
    endloop
  endfacet
  facet normal 0.812859 -0.582461 0
    outer loop
      vertex -108.618 51.4448 65
      vertex -107.627 52.8278 -65
      vertex -107.627 52.8278 65
    endloop
  endfacet
  facet normal 0.812859 -0.582461 0
    outer loop
      vertex -107.627 52.8278 -65
      vertex -108.618 51.4448 65
      vertex -108.618 51.4448 -65
    endloop
  endfacet
  facet normal 0.995229 -0.0975714 0
    outer loop
      vertex -112.944 38.7005 65
      vertex -112.778 40.3937 -65
      vertex -112.778 40.3937 65
    endloop
  endfacet
  facet normal 0.995229 -0.0975714 0
    outer loop
      vertex -112.778 40.3937 -65
      vertex -112.944 38.7005 65
      vertex -112.944 38.7005 -65
    endloop
  endfacet
  facet normal -0.995229 -0.0975714 0
    outer loop
      vertex 112.944 38.7005 -65
      vertex 112.778 40.3937 65
      vertex 112.778 40.3937 -65
    endloop
  endfacet
  facet normal -0.995229 -0.0975714 0
    outer loop
      vertex 112.778 40.3937 65
      vertex 112.944 38.7005 -65
      vertex 112.944 38.7005 65
    endloop
  endfacet
  facet normal -0.162931 -0.986637 0
    outer loop
      vertex 90.3937 62.7776 -65
      vertex 92.0723 62.5004 65
      vertex 90.3937 62.7776 65
    endloop
  endfacet
  facet normal -0.162931 -0.986637 -0
    outer loop
      vertex 92.0723 62.5004 65
      vertex 90.3937 62.7776 -65
      vertex 92.0723 62.5004 -65
    endloop
  endfacet
  facet normal 0.227044 -0.973885 0
    outer loop
      vertex -93.7293 62.1141 -65
      vertex -92.0723 62.5004 65
      vertex -93.7293 62.1141 65
    endloop
  endfacet
  facet normal 0.227044 -0.973885 0
    outer loop
      vertex -92.0723 62.5004 65
      vertex -93.7293 62.1141 -65
      vertex -92.0723 62.5004 -65
    endloop
  endfacet
  facet normal 0.412727 -0.910855 0
    outer loop
      vertex -98.4995 60.3187 -65
      vertex -96.9498 61.0209 65
      vertex -98.4995 60.3187 65
    endloop
  endfacet
  facet normal 0.412727 -0.910855 0
    outer loop
      vertex -96.9498 61.0209 65
      vertex -98.4995 60.3187 -65
      vertex -96.9498 61.0209 -65
    endloop
  endfacet
  facet normal 0.352231 -0.935913 0
    outer loop
      vertex -96.9498 61.0209 -65
      vertex -95.3574 61.6202 65
      vertex -96.9498 61.0209 65
    endloop
  endfacet
  facet normal 0.352231 -0.935913 0
    outer loop
      vertex -95.3574 61.6202 65
      vertex -96.9498 61.0209 -65
      vertex -95.3574 61.6202 -65
    endloop
  endfacet
  facet normal 0.471381 -0.88193 0
    outer loop
      vertex -100 59.5167 -65
      vertex -98.4995 60.3187 65
      vertex -100 59.5167 65
    endloop
  endfacet
  facet normal 0.471381 -0.88193 0
    outer loop
      vertex -98.4995 60.3187 65
      vertex -100 59.5167 -65
      vertex -98.4995 60.3187 -65
    endloop
  endfacet
  facet normal 0.634466 -0.772951 0
    outer loop
      vertex -104.143 56.5478 -65
      vertex -102.828 57.6272 65
      vertex -104.143 56.5478 65
    endloop
  endfacet
  facet normal 0.634466 -0.772951 0
    outer loop
      vertex -102.828 57.6272 65
      vertex -104.143 56.5478 -65
      vertex -102.828 57.6272 -65
    endloop
  endfacet
  facet normal 0.683511 -0.72994 0
    outer loop
      vertex -105.385 55.3848 -65
      vertex -104.143 56.5478 65
      vertex -105.385 55.3848 65
    endloop
  endfacet
  facet normal 0.683511 -0.72994 0
    outer loop
      vertex -104.143 56.5478 65
      vertex -105.385 55.3848 -65
      vertex -104.143 56.5478 -65
    endloop
  endfacet
  facet normal 0.582461 -0.812859 0
    outer loop
      vertex -102.828 57.6272 -65
      vertex -101.445 58.6182 65
      vertex -102.828 57.6272 65
    endloop
  endfacet
  facet normal 0.582461 -0.812859 0
    outer loop
      vertex -101.445 58.6182 65
      vertex -102.828 57.6272 -65
      vertex -101.445 58.6182 -65
    endloop
  endfacet
  facet normal 0.973924 -0.226877 0
    outer loop
      vertex -112.5 42.0723 65
      vertex -112.114 43.7293 -65
      vertex -112.114 43.7293 65
    endloop
  endfacet
  facet normal 0.973924 -0.226877 0
    outer loop
      vertex -112.114 43.7293 -65
      vertex -112.5 42.0723 65
      vertex -112.5 42.0723 -65
    endloop
  endfacet
  facet normal 0.910899 -0.412629 0
    outer loop
      vertex -111.021 46.9498 65
      vertex -110.319 48.4995 -65
      vertex -110.319 48.4995 65
    endloop
  endfacet
  facet normal 0.910899 -0.412629 0
    outer loop
      vertex -110.319 48.4995 -65
      vertex -111.021 46.9498 65
      vertex -111.021 46.9498 -65
    endloop
  endfacet
  facet normal 0.956921 -0.29035 0
    outer loop
      vertex -112.114 43.7293 65
      vertex -111.62 45.3574 -65
      vertex -111.62 45.3574 65
    endloop
  endfacet
  facet normal 0.956921 -0.29035 0
    outer loop
      vertex -111.62 45.3574 -65
      vertex -112.114 43.7293 65
      vertex -112.114 43.7293 -65
    endloop
  endfacet
  facet normal 0.849053 -0.528308 0
    outer loop
      vertex -109.517 50 65
      vertex -108.618 51.4448 -65
      vertex -108.618 51.4448 65
    endloop
  endfacet
  facet normal 0.849053 -0.528308 0
    outer loop
      vertex -108.618 51.4448 -65
      vertex -109.517 50 65
      vertex -109.517 50 -65
    endloop
  endfacet
  facet normal 0.773113 -0.634268 0
    outer loop
      vertex -107.627 52.8278 65
      vertex -106.548 54.143 -65
      vertex -106.548 54.143 65
    endloop
  endfacet
  facet normal 0.773113 -0.634268 0
    outer loop
      vertex -106.548 54.143 -65
      vertex -107.627 52.8278 65
      vertex -107.627 52.8278 -65
    endloop
  endfacet
  facet normal -0.352231 -0.935913 0
    outer loop
      vertex 95.3574 61.6202 -65
      vertex 96.9498 61.0209 65
      vertex 95.3574 61.6202 65
    endloop
  endfacet
  facet normal -0.352231 -0.935913 -0
    outer loop
      vertex 96.9498 61.0209 65
      vertex 95.3574 61.6202 -65
      vertex 96.9498 61.0209 -65
    endloop
  endfacet
  facet normal -0.412727 -0.910855 0
    outer loop
      vertex 96.9498 61.0209 -65
      vertex 98.4995 60.3187 65
      vertex 96.9498 61.0209 65
    endloop
  endfacet
  facet normal -0.412727 -0.910855 -0
    outer loop
      vertex 98.4995 60.3187 65
      vertex 96.9498 61.0209 -65
      vertex 98.4995 60.3187 -65
    endloop
  endfacet
  facet normal -0.956921 -0.29035 0
    outer loop
      vertex 112.114 43.7293 -65
      vertex 111.62 45.3574 65
      vertex 111.62 45.3574 -65
    endloop
  endfacet
  facet normal -0.956921 -0.29035 0
    outer loop
      vertex 111.62 45.3574 65
      vertex 112.114 43.7293 -65
      vertex 112.114 43.7293 65
    endloop
  endfacet
  facet normal -0.812859 -0.582461 0
    outer loop
      vertex 108.618 51.4448 -65
      vertex 107.627 52.8278 65
      vertex 107.627 52.8278 -65
    endloop
  endfacet
  facet normal -0.812859 -0.582461 0
    outer loop
      vertex 107.627 52.8278 65
      vertex 108.618 51.4448 -65
      vertex 108.618 51.4448 65
    endloop
  endfacet
  facet normal -0.471381 -0.88193 0
    outer loop
      vertex 98.4995 60.3187 -65
      vertex 100 59.5167 65
      vertex 98.4995 60.3187 65
    endloop
  endfacet
  facet normal -0.471381 -0.88193 -0
    outer loop
      vertex 100 59.5167 65
      vertex 98.4995 60.3187 -65
      vertex 100 59.5167 -65
    endloop
  endfacet
  facet normal -0.634466 -0.772951 0
    outer loop
      vertex 102.828 57.6272 -65
      vertex 104.143 56.5478 65
      vertex 102.828 57.6272 65
    endloop
  endfacet
  facet normal -0.634466 -0.772951 -0
    outer loop
      vertex 104.143 56.5478 65
      vertex 102.828 57.6272 -65
      vertex 104.143 56.5478 -65
    endloop
  endfacet
  facet normal -0.683511 -0.72994 0
    outer loop
      vertex 104.143 56.5478 -65
      vertex 105.385 55.3848 65
      vertex 104.143 56.5478 65
    endloop
  endfacet
  facet normal -0.683511 -0.72994 -0
    outer loop
      vertex 105.385 55.3848 65
      vertex 104.143 56.5478 -65
      vertex 105.385 55.3848 -65
    endloop
  endfacet
  facet normal -0.582461 -0.812859 0
    outer loop
      vertex 101.445 58.6182 -65
      vertex 102.828 57.6272 65
      vertex 101.445 58.6182 65
    endloop
  endfacet
  facet normal -0.582461 -0.812859 -0
    outer loop
      vertex 102.828 57.6272 65
      vertex 101.445 58.6182 -65
      vertex 102.828 57.6272 -65
    endloop
  endfacet
  facet normal -0.729885 -0.68357 0
    outer loop
      vertex 106.548 54.143 -65
      vertex 105.385 55.3848 65
      vertex 105.385 55.3848 -65
    endloop
  endfacet
  facet normal -0.729885 -0.68357 0
    outer loop
      vertex 105.385 55.3848 65
      vertex 106.548 54.143 -65
      vertex 106.548 54.143 65
    endloop
  endfacet
  facet normal -0.227044 -0.973885 0
    outer loop
      vertex 92.0723 62.5004 -65
      vertex 93.7293 62.1141 65
      vertex 92.0723 62.5004 65
    endloop
  endfacet
  facet normal -0.227044 -0.973885 -0
    outer loop
      vertex 93.7293 62.1141 65
      vertex 92.0723 62.5004 -65
      vertex 93.7293 62.1141 -65
    endloop
  endfacet
  facet normal -0.290296 -0.956937 0
    outer loop
      vertex 93.7293 62.1141 -65
      vertex 95.3574 61.6202 65
      vertex 93.7293 62.1141 65
    endloop
  endfacet
  facet normal -0.290296 -0.956937 -0
    outer loop
      vertex 95.3574 61.6202 65
      vertex 93.7293 62.1141 -65
      vertex 95.3574 61.6202 -65
    endloop
  endfacet
  facet normal -0.910899 -0.412629 0
    outer loop
      vertex 111.021 46.9498 -65
      vertex 110.319 48.4995 65
      vertex 110.319 48.4995 -65
    endloop
  endfacet
  facet normal -0.910899 -0.412629 0
    outer loop
      vertex 110.319 48.4995 65
      vertex 111.021 46.9498 -65
      vertex 111.021 46.9498 65
    endloop
  endfacet
  facet normal -0.986562 -0.163389 0
    outer loop
      vertex 112.778 40.3937 -65
      vertex 112.5 42.0723 65
      vertex 112.5 42.0723 -65
    endloop
  endfacet
  facet normal -0.986562 -0.163389 0
    outer loop
      vertex 112.5 42.0723 65
      vertex 112.778 40.3937 -65
      vertex 112.778 40.3937 65
    endloop
  endfacet
  facet normal -0.973924 -0.226877 0
    outer loop
      vertex 112.5 42.0723 -65
      vertex 112.114 43.7293 65
      vertex 112.114 43.7293 -65
    endloop
  endfacet
  facet normal -0.973924 -0.226877 0
    outer loop
      vertex 112.114 43.7293 65
      vertex 112.5 42.0723 -65
      vertex 112.5 42.0723 65
    endloop
  endfacet
  facet normal -0.528043 -0.849218 0
    outer loop
      vertex 100 59.5167 -65
      vertex 101.445 58.6182 65
      vertex 100 59.5167 65
    endloop
  endfacet
  facet normal -0.528043 -0.849218 -0
    outer loop
      vertex 101.445 58.6182 65
      vertex 100 59.5167 -65
      vertex 101.445 58.6182 -65
    endloop
  endfacet
  facet normal -0.773113 -0.634268 0
    outer loop
      vertex 107.627 52.8278 -65
      vertex 106.548 54.143 65
      vertex 106.548 54.143 -65
    endloop
  endfacet
  facet normal -0.773113 -0.634268 0
    outer loop
      vertex 106.548 54.143 65
      vertex 107.627 52.8278 -65
      vertex 107.627 52.8278 65
    endloop
  endfacet
  facet normal -0.849053 -0.528308 0
    outer loop
      vertex 109.517 50 -65
      vertex 108.618 51.4448 65
      vertex 108.618 51.4448 -65
    endloop
  endfacet
  facet normal -0.849053 -0.528308 0
    outer loop
      vertex 108.618 51.4448 65
      vertex 109.517 50 -65
      vertex 109.517 50 65
    endloop
  endfacet
  facet normal -0.88193 -0.471381 0
    outer loop
      vertex 110.319 48.4995 -65
      vertex 109.517 50 65
      vertex 109.517 50 -65
    endloop
  endfacet
  facet normal -0.88193 -0.471381 0
    outer loop
      vertex 109.517 50 65
      vertex 110.319 48.4995 -65
      vertex 110.319 48.4995 65
    endloop
  endfacet
  facet normal -0.935971 -0.352077 0
    outer loop
      vertex 111.62 45.3574 -65
      vertex 111.021 46.9498 65
      vertex 111.021 46.9498 -65
    endloop
  endfacet
  facet normal -0.935971 -0.352077 0
    outer loop
      vertex 111.021 46.9498 65
      vertex 111.62 45.3574 -65
      vertex 111.62 45.3574 65
    endloop
  endfacet
  facet normal 0 -1 0
    outer loop
      vertex -116 0 68
      vertex -113 0 65
      vertex 116 0 68
    endloop
  endfacet
  facet normal 0 -1 0
    outer loop
      vertex -116 0 68
      vertex -113 0 -65
      vertex -113 0 65
    endloop
  endfacet
  facet normal 0 -1 -0
    outer loop
      vertex -113 0 -65
      vertex -116 0 -68
      vertex 113 0 -65
    endloop
  endfacet
  facet normal 0 -1 0
    outer loop
      vertex -116 0 -68
      vertex -113 0 -65
      vertex -116 0 68
    endloop
  endfacet
  facet normal 0 -1 0
    outer loop
      vertex 113 0 65
      vertex 116 0 68
      vertex -113 0 65
    endloop
  endfacet
  facet normal 0 -1 0
    outer loop
      vertex 113 0 -65
      vertex 116 0 68
      vertex 113 0 65
    endloop
  endfacet
  facet normal 0 -1 0
    outer loop
      vertex 113 0 -65
      vertex 116 0 -68
      vertex 116 0 68
    endloop
  endfacet
  facet normal 0 -1 0
    outer loop
      vertex 116 0 -68
      vertex 113 0 -65
      vertex -116 0 -68
    endloop
  endfacet
  facet normal 0 0 1
    outer loop
      vertex 63.9935 66 -49
      vertex 63.9367 65.2341 -49
      vertex 63.9842 65.716 -49
    endloop
  endfacet
  facet normal 0 0 1
    outer loop
      vertex 63.9935 66 -49
      vertex 63.8578 64.7563 -49
      vertex 63.9367 65.2341 -49
    endloop
  endfacet
  facet normal 0 0 1
    outer loop
      vertex 63.9935 66 -49
      vertex 63.7478 64.2847 -49
      vertex 63.8578 64.7563 -49
    endloop
  endfacet
  facet normal 0 0 1
    outer loop
      vertex 63.9935 66 -49
      vertex 63.6073 63.8213 -49
      vertex 63.7478 64.2847 -49
    endloop
  endfacet
  facet normal 0 0 1
    outer loop
      vertex 63.9935 66 -49
      vertex 63.4367 63.3681 -49
      vertex 63.6073 63.8213 -49
    endloop
  endfacet
  facet normal 0 0 1
    outer loop
      vertex 63.9935 66 -49
      vertex 63.2699 63 -49
      vertex 63.4367 63.3681 -49
    endloop
  endfacet
  facet normal 0 0 1
    outer loop
      vertex 63.9935 66 -49
      vertex -63.2699 63 -49
      vertex 63.2699 63 -49
    endloop
  endfacet
  facet normal -0 0 1
    outer loop
      vertex -63.9935 66 -49
      vertex -63.2699 63 -49
      vertex 63.9935 66 -49
    endloop
  endfacet
  facet normal 0 0 1
    outer loop
      vertex -63.2699 63 -49
      vertex -63.9935 66 -49
      vertex -63.4367 63.3681 -49
    endloop
  endfacet
  facet normal 0 0 1
    outer loop
      vertex -63.4367 63.3681 -49
      vertex -63.9935 66 -49
      vertex -63.6073 63.8213 -49
    endloop
  endfacet
  facet normal 0 0 1
    outer loop
      vertex -63.6073 63.8213 -49
      vertex -63.9935 66 -49
      vertex -63.7478 64.2847 -49
    endloop
  endfacet
  facet normal 0 0 1
    outer loop
      vertex -63.7478 64.2847 -49
      vertex -63.9935 66 -49
      vertex -63.8578 64.7563 -49
    endloop
  endfacet
  facet normal 0 0 1
    outer loop
      vertex -63.8578 64.7563 -49
      vertex -63.9935 66 -49
      vertex -63.9367 65.2341 -49
    endloop
  endfacet
  facet normal 0 0 1
    outer loop
      vertex -63.9367 65.2341 -49
      vertex -63.9935 66 -49
      vertex -63.9842 65.716 -49
    endloop
  endfacet
  facet normal 0.995177 0.0980928 0
    outer loop
      vertex -63.9367 65.2341 -7
      vertex -63.9842 65.716 -49
      vertex -63.9842 65.716 -7
    endloop
  endfacet
  facet normal 0.995177 0.0980928 0
    outer loop
      vertex -63.9842 65.716 -49
      vertex -63.9367 65.2341 -7
      vertex -63.9367 65.2341 -49
    endloop
  endfacet
  facet normal 0.999464 0.0327289 0
    outer loop
      vertex -63.9842 65.716 -7
      vertex -63.9935 66 -49
      vertex -63.9935 66 -7
    endloop
  endfacet
  facet normal 0.999464 0.0327289 0
    outer loop
      vertex -63.9935 66 -49
      vertex -63.9842 65.716 -7
      vertex -63.9842 65.716 -49
    endloop
  endfacet
  facet normal 0.910849 0.41274 0
    outer loop
      vertex -63.2699 63 -7
      vertex -63.4367 63.3681 -49
      vertex -63.4367 63.3681 -7
    endloop
  endfacet
  facet normal 0.910849 0.41274 0
    outer loop
      vertex -63.4367 63.3681 -49
      vertex -63.2699 63 -7
      vertex -63.2699 63 -49
    endloop
  endfacet
  facet normal -0.956981 0.290151 0
    outer loop
      vertex 63.6073 63.8213 -49
      vertex 63.7478 64.2847 -7
      vertex 63.7478 64.2847 -49
    endloop
  endfacet
  facet normal -0.956981 0.290151 0
    outer loop
      vertex 63.7478 64.2847 -7
      vertex 63.6073 63.8213 -49
      vertex 63.6073 63.8213 -7
    endloop
  endfacet
  facet normal -0.995177 0.0980928 0
    outer loop
      vertex 63.9367 65.2341 -49
      vertex 63.9842 65.716 -7
      vertex 63.9842 65.716 -49
    endloop
  endfacet
  facet normal -0.995177 0.0980928 0
    outer loop
      vertex 63.9842 65.716 -7
      vertex 63.9367 65.2341 -49
      vertex 63.9367 65.2341 -7
    endloop
  endfacet
  facet normal -0.986638 0.162925 0
    outer loop
      vertex 63.8578 64.7563 -49
      vertex 63.9367 65.2341 -7
      vertex 63.9367 65.2341 -49
    endloop
  endfacet
  facet normal -0.986638 0.162925 0
    outer loop
      vertex 63.9367 65.2341 -7
      vertex 63.8578 64.7563 -49
      vertex 63.8578 64.7563 -7
    endloop
  endfacet
  facet normal -0.935887 0.3523 0
    outer loop
      vertex 63.4367 63.3681 -49
      vertex 63.6073 63.8213 -7
      vertex 63.6073 63.8213 -49
    endloop
  endfacet
  facet normal -0.935887 0.3523 0
    outer loop
      vertex 63.6073 63.8213 -7
      vertex 63.4367 63.3681 -49
      vertex 63.4367 63.3681 -7
    endloop
  endfacet
  facet normal 0.935887 0.3523 0
    outer loop
      vertex -63.4367 63.3681 -7
      vertex -63.6073 63.8213 -49
      vertex -63.6073 63.8213 -7
    endloop
  endfacet
  facet normal 0.935887 0.3523 0
    outer loop
      vertex -63.6073 63.8213 -49
      vertex -63.4367 63.3681 -7
      vertex -63.4367 63.3681 -49
    endloop
  endfacet
  facet normal 0.986638 0.162925 0
    outer loop
      vertex -63.8578 64.7563 -7
      vertex -63.9367 65.2341 -49
      vertex -63.9367 65.2341 -7
    endloop
  endfacet
  facet normal 0.986638 0.162925 0
    outer loop
      vertex -63.9367 65.2341 -49
      vertex -63.8578 64.7563 -7
      vertex -63.8578 64.7563 -49
    endloop
  endfacet
  facet normal 0 0 -1
    outer loop
      vertex 63.9367 65.2341 -7
      vertex 63.9935 66 -7
      vertex 63.9842 65.716 -7
    endloop
  endfacet
  facet normal 0 0 -1
    outer loop
      vertex 63.8578 64.7563 -7
      vertex 63.9935 66 -7
      vertex 63.9367 65.2341 -7
    endloop
  endfacet
  facet normal 0 0 -1
    outer loop
      vertex 63.7478 64.2847 -7
      vertex 63.9935 66 -7
      vertex 63.8578 64.7563 -7
    endloop
  endfacet
  facet normal 0 0 -1
    outer loop
      vertex 63.6073 63.8213 -7
      vertex 63.9935 66 -7
      vertex 63.7478 64.2847 -7
    endloop
  endfacet
  facet normal 0 0 -1
    outer loop
      vertex 63.4367 63.3681 -7
      vertex 63.9935 66 -7
      vertex 63.6073 63.8213 -7
    endloop
  endfacet
  facet normal 0 0 -1
    outer loop
      vertex 63.2699 63 -7
      vertex 63.9935 66 -7
      vertex 63.4367 63.3681 -7
    endloop
  endfacet
  facet normal 0 0 -1
    outer loop
      vertex -63.2699 63 -7
      vertex 63.9935 66 -7
      vertex 63.2699 63 -7
    endloop
  endfacet
  facet normal 0 0 -1
    outer loop
      vertex -63.9935 66 -7
      vertex -63.2699 63 -7
      vertex -63.4367 63.3681 -7
    endloop
  endfacet
  facet normal 0 0 -1
    outer loop
      vertex -63.9935 66 -7
      vertex -63.4367 63.3681 -7
      vertex -63.6073 63.8213 -7
    endloop
  endfacet
  facet normal 0 0 -1
    outer loop
      vertex -63.9935 66 -7
      vertex -63.6073 63.8213 -7
      vertex -63.7478 64.2847 -7
    endloop
  endfacet
  facet normal 0 0 -1
    outer loop
      vertex -63.9935 66 -7
      vertex -63.7478 64.2847 -7
      vertex -63.8578 64.7563 -7
    endloop
  endfacet
  facet normal 0 0 -1
    outer loop
      vertex -63.9935 66 -7
      vertex -63.8578 64.7563 -7
      vertex -63.9367 65.2341 -7
    endloop
  endfacet
  facet normal 0 0 -1
    outer loop
      vertex -63.9935 66 -7
      vertex -63.9367 65.2341 -7
      vertex -63.9842 65.716 -7
    endloop
  endfacet
  facet normal 0 0 -1
    outer loop
      vertex -63.2699 63 -7
      vertex -63.9935 66 -7
      vertex 63.9935 66 -7
    endloop
  endfacet
  facet normal -0.999464 0.0327289 0
    outer loop
      vertex 63.9842 65.716 -49
      vertex 63.9935 66 -7
      vertex 63.9935 66 -49
    endloop
  endfacet
  facet normal -0.999464 0.0327289 0
    outer loop
      vertex 63.9935 66 -7
      vertex 63.9842 65.716 -49
      vertex 63.9842 65.716 -7
    endloop
  endfacet
  facet normal -0.973859 0.227151 0
    outer loop
      vertex 63.7478 64.2847 -49
      vertex 63.8578 64.7563 -7
      vertex 63.8578 64.7563 -49
    endloop
  endfacet
  facet normal -0.973859 0.227151 0
    outer loop
      vertex 63.8578 64.7563 -7
      vertex 63.7478 64.2847 -49
      vertex 63.7478 64.2847 -7
    endloop
  endfacet
  facet normal -0.910849 0.41274 0
    outer loop
      vertex 63.2699 63 -49
      vertex 63.4367 63.3681 -7
      vertex 63.4367 63.3681 -49
    endloop
  endfacet
  facet normal -0.910849 0.41274 0
    outer loop
      vertex 63.4367 63.3681 -7
      vertex 63.2699 63 -49
      vertex 63.2699 63 -7
    endloop
  endfacet
  facet normal 0.973859 0.227151 0
    outer loop
      vertex -63.7478 64.2847 -7
      vertex -63.8578 64.7563 -49
      vertex -63.8578 64.7563 -7
    endloop
  endfacet
  facet normal 0.973859 0.227151 0
    outer loop
      vertex -63.8578 64.7563 -49
      vertex -63.7478 64.2847 -7
      vertex -63.7478 64.2847 -49
    endloop
  endfacet
  facet normal 0.956981 0.290151 0
    outer loop
      vertex -63.6073 63.8213 -7
      vertex -63.7478 64.2847 -49
      vertex -63.7478 64.2847 -7
    endloop
  endfacet
  facet normal 0.956981 0.290151 0
    outer loop
      vertex -63.7478 64.2847 -49
      vertex -63.6073 63.8213 -7
      vertex -63.6073 63.8213 -49
    endloop
  endfacet
  facet normal 0.999462 -0 0.0328114
    outer loop
      vertex -87.2602 12 -43.6893
      vertex -87.25 32 -44
      vertex -87.2602 32 -43.6893
    endloop
  endfacet
  facet normal 0.999462 0 0.0328114
    outer loop
      vertex -87.25 32 -44
      vertex -87.2602 12 -43.6893
      vertex -87.25 12 -44
    endloop
  endfacet
  facet normal -0.999462 0 0.0328114
    outer loop
      vertex -96.75 12 -44
      vertex -96.7398 32 -43.6893
      vertex -96.75 32 -44
    endloop
  endfacet
  facet normal -0.999462 0 0.0328114
    outer loop
      vertex -96.7398 32 -43.6893
      vertex -96.75 12 -44
      vertex -96.7398 12 -43.6893
    endloop
  endfacet
  facet normal 0.0328114 0 0.999462
    outer loop
      vertex -92 32 -39.25
      vertex -91.6893 12 -39.2602
      vertex -91.6893 32 -39.2602
    endloop
  endfacet
  facet normal 0.0328114 0 0.999462
    outer loop
      vertex -91.6893 12 -39.2602
      vertex -92 32 -39.25
      vertex -92 12 -39.25
    endloop
  endfacet
  facet normal -0.0328114 0 -0.999462
    outer loop
      vertex -92.3107 12 -48.7398
      vertex -92 32 -48.75
      vertex -92 12 -48.75
    endloop
  endfacet
  facet normal -0.0328114 0 -0.999462
    outer loop
      vertex -92 32 -48.75
      vertex -92.3107 12 -48.7398
      vertex -92.3107 32 -48.7398
    endloop
  endfacet
  facet normal 0.730049 -0 0.683395
    outer loop
      vertex -88.6412 12 -40.6412
      vertex -88.4288 32 -40.8681
      vertex -88.6412 32 -40.6412
    endloop
  endfacet
  facet normal 0.730049 0 0.683395
    outer loop
      vertex -88.4288 32 -40.8681
      vertex -88.6412 12 -40.6412
      vertex -88.4288 12 -40.8681
    endloop
  endfacet
  facet normal -0.683395 0 0.730049
    outer loop
      vertex -95.3588 32 -40.6412
      vertex -95.1319 12 -40.4288
      vertex -95.1319 32 -40.4288
    endloop
  endfacet
  facet normal -0.683395 0 0.730049
    outer loop
      vertex -95.1319 12 -40.4288
      vertex -95.3588 32 -40.6412
      vertex -95.3588 12 -40.6412
    endloop
  endfacet
  facet normal -0.973934 0 -0.226833
    outer loop
      vertex -96.5882 12 -45.2294
      vertex -96.6587 32 -44.9267
      vertex -96.5882 32 -45.2294
    endloop
  endfacet
  facet normal -0.973934 -0 -0.226833
    outer loop
      vertex -96.6587 32 -44.9267
      vertex -96.5882 12 -45.2294
      vertex -96.6587 12 -44.9267
    endloop
  endfacet
  facet normal 0.935892 -0 0.352287
    outer loop
      vertex -87.6116 12 -42.1823
      vertex -87.5021 32 -42.4732
      vertex -87.6116 32 -42.1823
    endloop
  endfacet
  facet normal 0.935892 0 0.352287
    outer loop
      vertex -87.5021 32 -42.4732
      vertex -87.6116 12 -42.1823
      vertex -87.5021 12 -42.4732
    endloop
  endfacet
  facet normal 0.412664 0 0.910883
    outer loop
      vertex -90.1823 32 -39.6116
      vertex -89.8991 12 -39.7399
      vertex -89.8991 32 -39.7399
    endloop
  endfacet
  facet normal 0.412664 0 0.910883
    outer loop
      vertex -89.8991 12 -39.7399
      vertex -90.1823 32 -39.6116
      vertex -90.1823 12 -39.6116
    endloop
  endfacet
  facet normal -0.849297 0 0.527915
    outer loop
      vertex -96.1136 12 -41.625
      vertex -95.9495 32 -41.361
      vertex -96.1136 32 -41.625
    endloop
  endfacet
  facet normal -0.849297 0 0.527915
    outer loop
      vertex -95.9495 32 -41.361
      vertex -96.1136 12 -41.625
      vertex -95.9495 12 -41.361
    endloop
  endfacet
  facet normal -0.773025 0 0.634376
    outer loop
      vertex -95.7684 12 -41.1084
      vertex -95.5712 32 -40.8681
      vertex -95.7684 32 -41.1084
    endloop
  endfacet
  facet normal -0.773025 0 0.634376
    outer loop
      vertex -95.5712 32 -40.8681
      vertex -95.7684 12 -41.1084
      vertex -95.5712 12 -40.8681
    endloop
  endfacet
  facet normal -0.163095 0 0.98661
    outer loop
      vertex -92.9267 32 -39.3413
      vertex -92.62 12 -39.2906
      vertex -92.62 32 -39.2906
    endloop
  endfacet
  facet normal -0.163095 0 0.98661
    outer loop
      vertex -92.62 12 -39.2906
      vertex -92.9267 32 -39.3413
      vertex -92.9267 12 -39.3413
    endloop
  endfacet
  facet normal 0.849297 0 -0.527915
    outer loop
      vertex -87.8864 12 -46.375
      vertex -88.0505 32 -46.639
      vertex -87.8864 32 -46.375
    endloop
  endfacet
  facet normal 0.849297 0 -0.527915
    outer loop
      vertex -88.0505 32 -46.639
      vertex -87.8864 12 -46.375
      vertex -88.0505 12 -46.639
    endloop
  endfacet
  facet normal 0.227138 0 -0.973863
    outer loop
      vertex -91.0733 12 -48.6587
      vertex -90.7706 32 -48.5881
      vertex -90.7706 12 -48.5881
    endloop
  endfacet
  facet normal 0.227138 0 -0.973863
    outer loop
      vertex -90.7706 32 -48.5881
      vertex -91.0733 12 -48.6587
      vertex -91.0733 32 -48.6587
    endloop
  endfacet
  facet normal 0.683395 0 -0.730049
    outer loop
      vertex -88.8681 12 -47.5712
      vertex -88.6412 32 -47.3588
      vertex -88.6412 12 -47.3588
    endloop
  endfacet
  facet normal 0.683395 0 -0.730049
    outer loop
      vertex -88.6412 32 -47.3588
      vertex -88.8681 12 -47.5712
      vertex -88.8681 32 -47.5712
    endloop
  endfacet
  facet normal 0.773025 0 -0.634376
    outer loop
      vertex -88.2316 12 -46.8916
      vertex -88.4288 32 -47.1319
      vertex -88.2316 32 -46.8916
    endloop
  endfacet
  facet normal 0.773025 0 -0.634376
    outer loop
      vertex -88.4288 32 -47.1319
      vertex -88.2316 12 -46.8916
      vertex -88.4288 12 -47.1319
    endloop
  endfacet
  facet normal -0.352287 0 -0.935892
    outer loop
      vertex -93.8177 12 -48.3884
      vertex -93.5268 32 -48.4979
      vertex -93.5268 12 -48.4979
    endloop
  endfacet
  facet normal -0.352287 0 -0.935892
    outer loop
      vertex -93.5268 32 -48.4979
      vertex -93.8177 12 -48.3884
      vertex -93.8177 32 -48.3884
    endloop
  endfacet
  facet normal -0.730049 0 -0.683395
    outer loop
      vertex -95.3588 12 -47.3588
      vertex -95.5712 32 -47.1319
      vertex -95.3588 32 -47.3588
    endloop
  endfacet
  facet normal -0.730049 -0 -0.683395
    outer loop
      vertex -95.5712 32 -47.1319
      vertex -95.3588 12 -47.3588
      vertex -95.5712 12 -47.1319
    endloop
  endfacet
  facet normal 0.98661 -0 0.163095
    outer loop
      vertex -87.3413 12 -43.0733
      vertex -87.2906 32 -43.38
      vertex -87.3413 32 -43.0733
    endloop
  endfacet
  facet normal 0.98661 0 0.163095
    outer loop
      vertex -87.2906 32 -43.38
      vertex -87.3413 12 -43.0733
      vertex -87.2906 12 -43.38
    endloop
  endfacet
  facet normal 0.995205 -0 0.0978151
    outer loop
      vertex -87.2906 12 -43.38
      vertex -87.2602 32 -43.6893
      vertex -87.2906 32 -43.38
    endloop
  endfacet
  facet normal 0.995205 0 0.0978151
    outer loop
      vertex -87.2602 32 -43.6893
      vertex -87.2906 12 -43.38
      vertex -87.2602 12 -43.6893
    endloop
  endfacet
  facet normal 0.973934 -0 0.226833
    outer loop
      vertex -87.4118 12 -42.7706
      vertex -87.3413 32 -43.0733
      vertex -87.4118 32 -42.7706
    endloop
  endfacet
  facet normal 0.973934 0 0.226833
    outer loop
      vertex -87.3413 32 -43.0733
      vertex -87.4118 12 -42.7706
      vertex -87.3413 12 -43.0733
    endloop
  endfacet
  facet normal 0.910883 -0 0.412664
    outer loop
      vertex -87.7399 12 -41.8991
      vertex -87.6116 32 -42.1823
      vertex -87.7399 32 -41.8991
    endloop
  endfacet
  facet normal 0.910883 0 0.412664
    outer loop
      vertex -87.6116 32 -42.1823
      vertex -87.7399 12 -41.8991
      vertex -87.6116 12 -42.1823
    endloop
  endfacet
  facet normal 0.227138 0 0.973863
    outer loop
      vertex -91.0733 32 -39.3413
      vertex -90.7706 12 -39.4119
      vertex -90.7706 32 -39.4119
    endloop
  endfacet
  facet normal 0.227138 0 0.973863
    outer loop
      vertex -90.7706 12 -39.4119
      vertex -91.0733 32 -39.3413
      vertex -91.0733 12 -39.3413
    endloop
  endfacet
  facet normal 0.29024 0 0.956954
    outer loop
      vertex -90.7706 32 -39.4119
      vertex -90.4732 12 -39.5021
      vertex -90.4732 32 -39.5021
    endloop
  endfacet
  facet normal 0.29024 0 0.956954
    outer loop
      vertex -90.4732 12 -39.5021
      vertex -90.7706 32 -39.4119
      vertex -90.7706 12 -39.4119
    endloop
  endfacet
  facet normal 0.163095 0 0.98661
    outer loop
      vertex -91.38 32 -39.2906
      vertex -91.0733 12 -39.3413
      vertex -91.0733 32 -39.3413
    endloop
  endfacet
  facet normal 0.163095 0 0.98661
    outer loop
      vertex -91.0733 12 -39.3413
      vertex -91.38 32 -39.2906
      vertex -91.38 12 -39.2906
    endloop
  endfacet
  facet normal 0.683395 0 0.730049
    outer loop
      vertex -88.8681 32 -40.4288
      vertex -88.6412 12 -40.6412
      vertex -88.6412 32 -40.6412
    endloop
  endfacet
  facet normal 0.683395 0 0.730049
    outer loop
      vertex -88.6412 12 -40.6412
      vertex -88.8681 32 -40.4288
      vertex -88.8681 12 -40.4288
    endloop
  endfacet
  facet normal -0.973934 0 0.226833
    outer loop
      vertex -96.6587 12 -43.0733
      vertex -96.5882 32 -42.7706
      vertex -96.6587 32 -43.0733
    endloop
  endfacet
  facet normal -0.973934 0 0.226833
    outer loop
      vertex -96.5882 32 -42.7706
      vertex -96.6587 12 -43.0733
      vertex -96.5882 12 -42.7706
    endloop
  endfacet
  facet normal -0.730049 0 0.683395
    outer loop
      vertex -95.5712 12 -40.8681
      vertex -95.3588 32 -40.6412
      vertex -95.5712 32 -40.8681
    endloop
  endfacet
  facet normal -0.730049 0 0.683395
    outer loop
      vertex -95.3588 32 -40.6412
      vertex -95.5712 12 -40.8681
      vertex -95.3588 12 -40.6412
    endloop
  endfacet
  facet normal -0.910883 0 0.412664
    outer loop
      vertex -96.3884 12 -42.1823
      vertex -96.2601 32 -41.8991
      vertex -96.3884 32 -42.1823
    endloop
  endfacet
  facet normal -0.910883 0 0.412664
    outer loop
      vertex -96.2601 32 -41.8991
      vertex -96.3884 12 -42.1823
      vertex -96.2601 12 -41.8991
    endloop
  endfacet
  facet normal -0.881934 0 0.471373
    outer loop
      vertex -96.2601 12 -41.8991
      vertex -96.1136 32 -41.625
      vertex -96.2601 32 -41.8991
    endloop
  endfacet
  facet normal -0.881934 0 0.471373
    outer loop
      vertex -96.1136 32 -41.625
      vertex -96.2601 12 -41.8991
      vertex -96.1136 12 -41.625
    endloop
  endfacet
  facet normal -0.956865 0 0.290534
    outer loop
      vertex -96.5882 12 -42.7706
      vertex -96.4979 32 -42.4732
      vertex -96.5882 32 -42.7706
    endloop
  endfacet
  facet normal -0.956865 0 0.290534
    outer loop
      vertex -96.4979 32 -42.4732
      vertex -96.5882 12 -42.7706
      vertex -96.4979 12 -42.4732
    endloop
  endfacet
  facet normal -0.98661 0 0.163095
    outer loop
      vertex -96.7094 12 -43.38
      vertex -96.6587 32 -43.0733
      vertex -96.7094 32 -43.38
    endloop
  endfacet
  facet normal -0.98661 0 0.163095
    outer loop
      vertex -96.6587 32 -43.0733
      vertex -96.7094 12 -43.38
      vertex -96.6587 12 -43.0733
    endloop
  endfacet
  facet normal -0.471373 0 0.881934
    outer loop
      vertex -94.375 32 -39.8864
      vertex -94.1009 12 -39.7399
      vertex -94.1009 32 -39.7399
    endloop
  endfacet
  facet normal -0.471373 0 0.881934
    outer loop
      vertex -94.1009 12 -39.7399
      vertex -94.375 32 -39.8864
      vertex -94.375 12 -39.8864
    endloop
  endfacet
  facet normal -0.227138 0 0.973863
    outer loop
      vertex -93.2294 32 -39.4119
      vertex -92.9267 12 -39.3413
      vertex -92.9267 32 -39.3413
    endloop
  endfacet
  facet normal -0.227138 0 0.973863
    outer loop
      vertex -92.9267 12 -39.3413
      vertex -93.2294 32 -39.4119
      vertex -93.2294 12 -39.4119
    endloop
  endfacet
  facet normal -0.0978151 0 0.995205
    outer loop
      vertex -92.62 32 -39.2906
      vertex -92.3107 12 -39.2602
      vertex -92.3107 32 -39.2602
    endloop
  endfacet
  facet normal -0.0978151 0 0.995205
    outer loop
      vertex -92.3107 12 -39.2602
      vertex -92.62 32 -39.2906
      vertex -92.62 12 -39.2906
    endloop
  endfacet
  facet normal 0.352287 0 -0.935892
    outer loop
      vertex -90.4732 12 -48.4979
      vertex -90.1823 32 -48.3884
      vertex -90.1823 12 -48.3884
    endloop
  endfacet
  facet normal 0.352287 0 -0.935892
    outer loop
      vertex -90.1823 32 -48.3884
      vertex -90.4732 12 -48.4979
      vertex -90.4732 32 -48.4979
    endloop
  endfacet
  facet normal 0.412664 0 -0.910883
    outer loop
      vertex -90.1823 12 -48.3884
      vertex -89.8991 32 -48.2601
      vertex -89.8991 12 -48.2601
    endloop
  endfacet
  facet normal 0.412664 0 -0.910883
    outer loop
      vertex -89.8991 32 -48.2601
      vertex -90.1823 12 -48.3884
      vertex -90.1823 32 -48.3884
    endloop
  endfacet
  facet normal 0.471373 0 -0.881934
    outer loop
      vertex -89.8991 12 -48.2601
      vertex -89.625 32 -48.1136
      vertex -89.625 12 -48.1136
    endloop
  endfacet
  facet normal 0.471373 0 -0.881934
    outer loop
      vertex -89.625 32 -48.1136
      vertex -89.8991 12 -48.2601
      vertex -89.8991 32 -48.2601
    endloop
  endfacet
  facet normal 0.730049 0 -0.683395
    outer loop
      vertex -88.4288 12 -47.1319
      vertex -88.6412 32 -47.3588
      vertex -88.4288 32 -47.1319
    endloop
  endfacet
  facet normal 0.730049 0 -0.683395
    outer loop
      vertex -88.6412 32 -47.3588
      vertex -88.4288 12 -47.1319
      vertex -88.6412 12 -47.3588
    endloop
  endfacet
  facet normal 0.973934 0 -0.226833
    outer loop
      vertex -87.3413 12 -44.9267
      vertex -87.4118 32 -45.2294
      vertex -87.3413 32 -44.9267
    endloop
  endfacet
  facet normal 0.973934 0 -0.226833
    outer loop
      vertex -87.4118 32 -45.2294
      vertex -87.3413 12 -44.9267
      vertex -87.4118 12 -45.2294
    endloop
  endfacet
  facet normal 0.995205 0 -0.0978151
    outer loop
      vertex -87.2602 12 -44.3107
      vertex -87.2906 32 -44.62
      vertex -87.2602 32 -44.3107
    endloop
  endfacet
  facet normal 0.995205 0 -0.0978151
    outer loop
      vertex -87.2906 32 -44.62
      vertex -87.2602 12 -44.3107
      vertex -87.2906 12 -44.62
    endloop
  endfacet
  facet normal -0.683395 0 -0.730049
    outer loop
      vertex -95.3588 12 -47.3588
      vertex -95.1319 32 -47.5712
      vertex -95.1319 12 -47.5712
    endloop
  endfacet
  facet normal -0.683395 0 -0.730049
    outer loop
      vertex -95.1319 32 -47.5712
      vertex -95.3588 12 -47.3588
      vertex -95.3588 32 -47.3588
    endloop
  endfacet
  facet normal -0.634376 0 -0.773025
    outer loop
      vertex -95.1319 12 -47.5712
      vertex -94.8916 32 -47.7684
      vertex -94.8916 12 -47.7684
    endloop
  endfacet
  facet normal -0.634376 0 -0.773025
    outer loop
      vertex -94.8916 32 -47.7684
      vertex -95.1319 12 -47.5712
      vertex -95.1319 32 -47.5712
    endloop
  endfacet
  facet normal -0.163095 0 -0.98661
    outer loop
      vertex -92.9267 12 -48.6587
      vertex -92.62 32 -48.7094
      vertex -92.62 12 -48.7094
    endloop
  endfacet
  facet normal -0.163095 0 -0.98661
    outer loop
      vertex -92.62 32 -48.7094
      vertex -92.9267 12 -48.6587
      vertex -92.9267 32 -48.6587
    endloop
  endfacet
  facet normal -0.910883 0 -0.412664
    outer loop
      vertex -96.2601 12 -46.1009
      vertex -96.3884 32 -45.8177
      vertex -96.2601 32 -46.1009
    endloop
  endfacet
  facet normal -0.910883 -0 -0.412664
    outer loop
      vertex -96.3884 32 -45.8177
      vertex -96.2601 12 -46.1009
      vertex -96.3884 12 -45.8177
    endloop
  endfacet
  facet normal -0.956865 0 -0.290534
    outer loop
      vertex -96.4979 12 -45.5268
      vertex -96.5882 32 -45.2294
      vertex -96.4979 32 -45.5268
    endloop
  endfacet
  facet normal -0.956865 -0 -0.290534
    outer loop
      vertex -96.5882 32 -45.2294
      vertex -96.4979 12 -45.5268
      vertex -96.5882 12 -45.2294
    endloop
  endfacet
  facet normal 0 1 0
    outer loop
      vertex -92 32 -42.375
      vertex -92 32 -39.25
      vertex -91.6893 32 -39.2602
    endloop
  endfacet
  facet normal 0 1 0
    outer loop
      vertex -91.8937 32 -42.3785
      vertex -91.6893 32 -39.2602
      vertex -91.38 32 -39.2906
    endloop
  endfacet
  facet normal 0 1 0
    outer loop
      vertex -92 32 -39.25
      vertex -92 32 -42.375
      vertex -92.3107 32 -39.2602
    endloop
  endfacet
  facet normal 0 1 0
    outer loop
      vertex -91.7879 32 -42.3889
      vertex -91.38 32 -39.2906
      vertex -91.0733 32 -39.3413
    endloop
  endfacet
  facet normal 0 1 -0
    outer loop
      vertex -92.1063 32 -42.3785
      vertex -92.3107 32 -39.2602
      vertex -92 32 -42.375
    endloop
  endfacet
  facet normal 0 1 0
    outer loop
      vertex -91.683 32 -42.4062
      vertex -91.0733 32 -39.3413
      vertex -90.7706 32 -39.4119
    endloop
  endfacet
  facet normal 0 1 0
    outer loop
      vertex -92.3107 32 -39.2602
      vertex -92.1063 32 -42.3785
      vertex -92.62 32 -39.2906
    endloop
  endfacet
  facet normal 0 1 0
    outer loop
      vertex -91.5794 32 -42.4304
      vertex -90.7706 32 -39.4119
      vertex -90.4732 32 -39.5021
    endloop
  endfacet
  facet normal 0 1 -0
    outer loop
      vertex -92.2121 32 -42.3889
      vertex -92.62 32 -39.2906
      vertex -92.1063 32 -42.3785
    endloop
  endfacet
  facet normal 0 1 0
    outer loop
      vertex -91.4777 32 -42.4612
      vertex -90.4732 32 -39.5021
      vertex -90.1823 32 -39.6116
    endloop
  endfacet
  facet normal 0 1 0
    outer loop
      vertex -92.62 32 -39.2906
      vertex -92.2121 32 -42.3889
      vertex -92.9267 32 -39.3413
    endloop
  endfacet
  facet normal 0 1 0
    outer loop
      vertex -91.3781 32 -42.4987
      vertex -90.1823 32 -39.6116
      vertex -89.8991 32 -39.7399
    endloop
  endfacet
  facet normal 0 1 -0
    outer loop
      vertex -92.317 32 -42.4062
      vertex -92.9267 32 -39.3413
      vertex -92.2121 32 -42.3889
    endloop
  endfacet
  facet normal 0 1 0
    outer loop
      vertex -91.2813 32 -42.5426
      vertex -89.8991 32 -39.7399
      vertex -89.625 32 -39.8864
    endloop
  endfacet
  facet normal 0 1 0
    outer loop
      vertex -92.9267 32 -39.3413
      vertex -92.317 32 -42.4062
      vertex -93.2294 32 -39.4119
    endloop
  endfacet
  facet normal 0 1 0
    outer loop
      vertex -91.1875 32 -42.5927
      vertex -89.625 32 -39.8864
      vertex -89.361 32 -40.0505
    endloop
  endfacet
  facet normal 0 1 -0
    outer loop
      vertex -92.4206 32 -42.4304
      vertex -93.2294 32 -39.4119
      vertex -92.317 32 -42.4062
    endloop
  endfacet
  facet normal 0 1 0
    outer loop
      vertex -91.0972 32 -42.6489
      vertex -89.361 32 -40.0505
      vertex -89.1084 32 -40.2316
    endloop
  endfacet
  facet normal 0 1 0
    outer loop
      vertex -93.2294 32 -39.4119
      vertex -92.4206 32 -42.4304
      vertex -93.5268 32 -39.5021
    endloop
  endfacet
  facet normal 0 1 0
    outer loop
      vertex -91.0108 32 -42.7108
      vertex -89.1084 32 -40.2316
      vertex -88.8681 32 -40.4288
    endloop
  endfacet
  facet normal 0 1 -0
    outer loop
      vertex -92.5223 32 -42.4612
      vertex -93.5268 32 -39.5021
      vertex -92.4206 32 -42.4304
    endloop
  endfacet
  facet normal 0 1 0
    outer loop
      vertex -90.9286 32 -42.7783
      vertex -88.8681 32 -40.4288
      vertex -88.6412 32 -40.6412
    endloop
  endfacet
  facet normal 0 1 0
    outer loop
      vertex -93.5268 32 -39.5021
      vertex -92.5223 32 -42.4612
      vertex -93.8177 32 -39.6116
    endloop
  endfacet
  facet normal 0 1 0
    outer loop
      vertex -90.851 32 -42.851
      vertex -88.6412 32 -40.6412
      vertex -88.4288 32 -40.8681
    endloop
  endfacet
  facet normal 0 1 -0
    outer loop
      vertex -92.6219 32 -42.4987
      vertex -93.8177 32 -39.6116
      vertex -92.5223 32 -42.4612
    endloop
  endfacet
  facet normal 0 1 0
    outer loop
      vertex -90.7783 32 -42.9286
      vertex -88.4288 32 -40.8681
      vertex -88.2316 32 -41.1084
    endloop
  endfacet
  facet normal 0 1 0
    outer loop
      vertex -93.8177 32 -39.6116
      vertex -92.6219 32 -42.4987
      vertex -94.1009 32 -39.7399
    endloop
  endfacet
  facet normal 0 1 0
    outer loop
      vertex -90.7108 32 -43.0108
      vertex -88.2316 32 -41.1084
      vertex -88.0505 32 -41.361
    endloop
  endfacet
  facet normal 0 1 -0
    outer loop
      vertex -92.7187 32 -42.5426
      vertex -94.1009 32 -39.7399
      vertex -92.6219 32 -42.4987
    endloop
  endfacet
  facet normal 0 1 0
    outer loop
      vertex -90.6489 32 -43.0972
      vertex -88.0505 32 -41.361
      vertex -87.8864 32 -41.625
    endloop
  endfacet
  facet normal 0 1 0
    outer loop
      vertex -94.1009 32 -39.7399
      vertex -92.7187 32 -42.5426
      vertex -94.375 32 -39.8864
    endloop
  endfacet
  facet normal 0 1 0
    outer loop
      vertex -90.5927 32 -43.1875
      vertex -87.8864 32 -41.625
      vertex -87.7399 32 -41.8991
    endloop
  endfacet
  facet normal 0 1 -0
    outer loop
      vertex -92.8125 32 -42.5927
      vertex -94.375 32 -39.8864
      vertex -92.7187 32 -42.5426
    endloop
  endfacet
  facet normal 0 1 0
    outer loop
      vertex -90.5426 32 -43.2813
      vertex -87.7399 32 -41.8991
      vertex -87.6116 32 -42.1823
    endloop
  endfacet
  facet normal 0 1 0
    outer loop
      vertex -94.375 32 -39.8864
      vertex -92.8125 32 -42.5927
      vertex -94.639 32 -40.0505
    endloop
  endfacet
  facet normal 0 1 -0
    outer loop
      vertex -92.9028 32 -42.6489
      vertex -94.639 32 -40.0505
      vertex -92.8125 32 -42.5927
    endloop
  endfacet
  facet normal 0 1 0
    outer loop
      vertex -91.6893 32 -39.2602
      vertex -91.8937 32 -42.3785
      vertex -92 32 -42.375
    endloop
  endfacet
  facet normal 0 1 0
    outer loop
      vertex -91.38 32 -39.2906
      vertex -91.7879 32 -42.3889
      vertex -91.8937 32 -42.3785
    endloop
  endfacet
  facet normal 0 1 0
    outer loop
      vertex -91.0733 32 -39.3413
      vertex -91.683 32 -42.4062
      vertex -91.7879 32 -42.3889
    endloop
  endfacet
  facet normal 0 1 0
    outer loop
      vertex -90.7706 32 -39.4119
      vertex -91.5794 32 -42.4304
      vertex -91.683 32 -42.4062
    endloop
  endfacet
  facet normal 0 1 0
    outer loop
      vertex -90.4732 32 -39.5021
      vertex -91.4777 32 -42.4612
      vertex -91.5794 32 -42.4304
    endloop
  endfacet
  facet normal 0 1 0
    outer loop
      vertex -90.4987 32 -43.3781
      vertex -87.6116 32 -42.1823
      vertex -87.5021 32 -42.4732
    endloop
  endfacet
  facet normal 0 1 0
    outer loop
      vertex -90.1823 32 -39.6116
      vertex -91.3781 32 -42.4987
      vertex -91.4777 32 -42.4612
    endloop
  endfacet
  facet normal 0 1 0
    outer loop
      vertex -89.8991 32 -39.7399
      vertex -91.2813 32 -42.5426
      vertex -91.3781 32 -42.4987
    endloop
  endfacet
  facet normal 0 1 0
    outer loop
      vertex -89.625 32 -39.8864
      vertex -91.1875 32 -42.5927
      vertex -91.2813 32 -42.5426
    endloop
  endfacet
  facet normal 0 1 0
    outer loop
      vertex -89.361 32 -40.0505
      vertex -91.0972 32 -42.6489
      vertex -91.1875 32 -42.5927
    endloop
  endfacet
  facet normal 0 1 0
    outer loop
      vertex -89.1084 32 -40.2316
      vertex -91.0108 32 -42.7108
      vertex -91.0972 32 -42.6489
    endloop
  endfacet
  facet normal 0 1 0
    outer loop
      vertex -90.4612 32 -43.4777
      vertex -87.5021 32 -42.4732
      vertex -87.4118 32 -42.7706
    endloop
  endfacet
  facet normal 0 1 0
    outer loop
      vertex -88.8681 32 -40.4288
      vertex -90.9286 32 -42.7783
      vertex -91.0108 32 -42.7108
    endloop
  endfacet
  facet normal 0 1 0
    outer loop
      vertex -88.6412 32 -40.6412
      vertex -90.851 32 -42.851
      vertex -90.9286 32 -42.7783
    endloop
  endfacet
  facet normal 0 1 0
    outer loop
      vertex -88.4288 32 -40.8681
      vertex -90.7783 32 -42.9286
      vertex -90.851 32 -42.851
    endloop
  endfacet
  facet normal 0 1 0
    outer loop
      vertex -88.2316 32 -41.1084
      vertex -90.7108 32 -43.0108
      vertex -90.7783 32 -42.9286
    endloop
  endfacet
  facet normal 0 1 0
    outer loop
      vertex -90.4304 32 -43.5794
      vertex -87.4118 32 -42.7706
      vertex -87.3413 32 -43.0733
    endloop
  endfacet
  facet normal 0 1 0
    outer loop
      vertex -88.0505 32 -41.361
      vertex -90.6489 32 -43.0972
      vertex -90.7108 32 -43.0108
    endloop
  endfacet
  facet normal 0 1 0
    outer loop
      vertex -87.8864 32 -41.625
      vertex -90.5927 32 -43.1875
      vertex -90.6489 32 -43.0972
    endloop
  endfacet
  facet normal 0 1 0
    outer loop
      vertex -87.7399 32 -41.8991
      vertex -90.5426 32 -43.2813
      vertex -90.5927 32 -43.1875
    endloop
  endfacet
  facet normal 0 1 0
    outer loop
      vertex -87.6116 32 -42.1823
      vertex -90.4987 32 -43.3781
      vertex -90.5426 32 -43.2813
    endloop
  endfacet
  facet normal 0 1 0
    outer loop
      vertex -90.4062 32 -43.683
      vertex -87.3413 32 -43.0733
      vertex -87.2906 32 -43.38
    endloop
  endfacet
  facet normal 0 1 0
    outer loop
      vertex -87.5021 32 -42.4732
      vertex -90.4612 32 -43.4777
      vertex -90.4987 32 -43.3781
    endloop
  endfacet
  facet normal 0 1 0
    outer loop
      vertex -87.4118 32 -42.7706
      vertex -90.4304 32 -43.5794
      vertex -90.4612 32 -43.4777
    endloop
  endfacet
  facet normal 0 1 0
    outer loop
      vertex -87.3413 32 -43.0733
      vertex -90.4062 32 -43.683
      vertex -90.4304 32 -43.5794
    endloop
  endfacet
  facet normal 0 1 0
    outer loop
      vertex -90.3889 32 -43.7879
      vertex -87.2906 32 -43.38
      vertex -87.2602 32 -43.6893
    endloop
  endfacet
  facet normal 0 1 0
    outer loop
      vertex -87.2906 32 -43.38
      vertex -90.3889 32 -43.7879
      vertex -90.4062 32 -43.683
    endloop
  endfacet
  facet normal 0 1 0
    outer loop
      vertex -87.2602 32 -43.6893
      vertex -90.3785 32 -43.8937
      vertex -90.3889 32 -43.7879
    endloop
  endfacet
  facet normal 0 1 0
    outer loop
      vertex -87.25 32 -44
      vertex -90.3785 32 -43.8937
      vertex -87.2602 32 -43.6893
    endloop
  endfacet
  facet normal 0 1 0
    outer loop
      vertex -87.25 32 -44
      vertex -90.375 32 -44
      vertex -90.3785 32 -43.8937
    endloop
  endfacet
  facet normal 0 1 0
    outer loop
      vertex -87.25 32 -44
      vertex -90.3785 32 -44.1063
      vertex -90.375 32 -44
    endloop
  endfacet
  facet normal 0 1 -0
    outer loop
      vertex -87.2602 32 -44.3107
      vertex -90.3785 32 -44.1063
      vertex -87.25 32 -44
    endloop
  endfacet
  facet normal 0 1 0
    outer loop
      vertex -90.3785 32 -44.1063
      vertex -87.2602 32 -44.3107
      vertex -90.3889 32 -44.2121
    endloop
  endfacet
  facet normal 0 1 -0
    outer loop
      vertex -87.2906 32 -44.62
      vertex -90.3889 32 -44.2121
      vertex -87.2602 32 -44.3107
    endloop
  endfacet
  facet normal 0 1 0
    outer loop
      vertex -90.3889 32 -44.2121
      vertex -87.2906 32 -44.62
      vertex -90.4062 32 -44.317
    endloop
  endfacet
  facet normal 0 1 -0
    outer loop
      vertex -87.3413 32 -44.9267
      vertex -90.4062 32 -44.317
      vertex -87.2906 32 -44.62
    endloop
  endfacet
  facet normal 0 1 0
    outer loop
      vertex -90.4062 32 -44.317
      vertex -87.3413 32 -44.9267
      vertex -90.4304 32 -44.4206
    endloop
  endfacet
  facet normal 0 1 -0
    outer loop
      vertex -87.4118 32 -45.2294
      vertex -90.4304 32 -44.4206
      vertex -87.3413 32 -44.9267
    endloop
  endfacet
  facet normal 0 1 0
    outer loop
      vertex -90.4304 32 -44.4206
      vertex -87.4118 32 -45.2294
      vertex -90.4612 32 -44.5223
    endloop
  endfacet
  facet normal 0 1 -0
    outer loop
      vertex -87.5021 32 -45.5268
      vertex -90.4612 32 -44.5223
      vertex -87.4118 32 -45.2294
    endloop
  endfacet
  facet normal 0 1 0
    outer loop
      vertex -90.4612 32 -44.5223
      vertex -87.5021 32 -45.5268
      vertex -90.4987 32 -44.6219
    endloop
  endfacet
  facet normal 0 1 -0
    outer loop
      vertex -87.6116 32 -45.8177
      vertex -90.4987 32 -44.6219
      vertex -87.5021 32 -45.5268
    endloop
  endfacet
  facet normal 0 1 0
    outer loop
      vertex -90.4987 32 -44.6219
      vertex -87.6116 32 -45.8177
      vertex -90.5426 32 -44.7187
    endloop
  endfacet
  facet normal 0 1 -0
    outer loop
      vertex -87.7399 32 -46.1009
      vertex -90.5426 32 -44.7187
      vertex -87.6116 32 -45.8177
    endloop
  endfacet
  facet normal 0 1 0
    outer loop
      vertex -90.5426 32 -44.7187
      vertex -87.7399 32 -46.1009
      vertex -90.5927 32 -44.8125
    endloop
  endfacet
  facet normal 0 1 -0
    outer loop
      vertex -87.8864 32 -46.375
      vertex -90.5927 32 -44.8125
      vertex -87.7399 32 -46.1009
    endloop
  endfacet
  facet normal 0 1 0
    outer loop
      vertex -90.5927 32 -44.8125
      vertex -87.8864 32 -46.375
      vertex -90.6489 32 -44.9028
    endloop
  endfacet
  facet normal 0 1 -0
    outer loop
      vertex -88.0505 32 -46.639
      vertex -90.6489 32 -44.9028
      vertex -87.8864 32 -46.375
    endloop
  endfacet
  facet normal 0 1 0
    outer loop
      vertex -90.6489 32 -44.9028
      vertex -88.0505 32 -46.639
      vertex -90.7108 32 -44.9892
    endloop
  endfacet
  facet normal 0 1 -0
    outer loop
      vertex -88.2316 32 -46.8916
      vertex -90.7108 32 -44.9892
      vertex -88.0505 32 -46.639
    endloop
  endfacet
  facet normal 0 1 0
    outer loop
      vertex -90.7108 32 -44.9892
      vertex -88.2316 32 -46.8916
      vertex -90.7783 32 -45.0714
    endloop
  endfacet
  facet normal 0 1 -0
    outer loop
      vertex -88.4288 32 -47.1319
      vertex -90.7783 32 -45.0714
      vertex -88.2316 32 -46.8916
    endloop
  endfacet
  facet normal 0 1 0
    outer loop
      vertex -90.7783 32 -45.0714
      vertex -88.4288 32 -47.1319
      vertex -90.851 32 -45.149
    endloop
  endfacet
  facet normal 0 1 -0
    outer loop
      vertex -88.6412 32 -47.3588
      vertex -90.851 32 -45.149
      vertex -88.4288 32 -47.1319
    endloop
  endfacet
  facet normal 0 1 0
    outer loop
      vertex -90.851 32 -45.149
      vertex -88.6412 32 -47.3588
      vertex -90.9286 32 -45.2217
    endloop
  endfacet
  facet normal 0 1 -0
    outer loop
      vertex -88.8681 32 -47.5712
      vertex -90.9286 32 -45.2217
      vertex -88.6412 32 -47.3588
    endloop
  endfacet
  facet normal 0 1 0
    outer loop
      vertex -90.9286 32 -45.2217
      vertex -88.8681 32 -47.5712
      vertex -91.0108 32 -45.2892
    endloop
  endfacet
  facet normal 0 1 -0
    outer loop
      vertex -89.1084 32 -47.7684
      vertex -91.0108 32 -45.2892
      vertex -88.8681 32 -47.5712
    endloop
  endfacet
  facet normal 0 1 0
    outer loop
      vertex -91.0108 32 -45.2892
      vertex -89.1084 32 -47.7684
      vertex -91.0972 32 -45.3511
    endloop
  endfacet
  facet normal 0 1 -0
    outer loop
      vertex -89.361 32 -47.9495
      vertex -91.0972 32 -45.3511
      vertex -89.1084 32 -47.7684
    endloop
  endfacet
  facet normal 0 1 0
    outer loop
      vertex -94.639 32 -40.0505
      vertex -92.9028 32 -42.6489
      vertex -94.8916 32 -40.2316
    endloop
  endfacet
  facet normal 0 1 -0
    outer loop
      vertex -92.9892 32 -42.7108
      vertex -94.8916 32 -40.2316
      vertex -92.9028 32 -42.6489
    endloop
  endfacet
  facet normal 0 1 0
    outer loop
      vertex -94.8916 32 -40.2316
      vertex -92.9892 32 -42.7108
      vertex -95.1319 32 -40.4288
    endloop
  endfacet
  facet normal 0 1 -0
    outer loop
      vertex -93.0714 32 -42.7783
      vertex -95.1319 32 -40.4288
      vertex -92.9892 32 -42.7108
    endloop
  endfacet
  facet normal 0 1 0
    outer loop
      vertex -95.1319 32 -40.4288
      vertex -93.0714 32 -42.7783
      vertex -95.3588 32 -40.6412
    endloop
  endfacet
  facet normal 0 1 -0
    outer loop
      vertex -93.149 32 -42.851
      vertex -95.3588 32 -40.6412
      vertex -93.0714 32 -42.7783
    endloop
  endfacet
  facet normal 0 1 0
    outer loop
      vertex -95.3588 32 -40.6412
      vertex -93.149 32 -42.851
      vertex -95.5712 32 -40.8681
    endloop
  endfacet
  facet normal 0 1 -0
    outer loop
      vertex -93.2217 32 -42.9286
      vertex -95.5712 32 -40.8681
      vertex -93.149 32 -42.851
    endloop
  endfacet
  facet normal 0 1 0
    outer loop
      vertex -95.5712 32 -40.8681
      vertex -93.2217 32 -42.9286
      vertex -95.7684 32 -41.1084
    endloop
  endfacet
  facet normal 0 1 -0
    outer loop
      vertex -93.2892 32 -43.0108
      vertex -95.7684 32 -41.1084
      vertex -93.2217 32 -42.9286
    endloop
  endfacet
  facet normal 0 1 0
    outer loop
      vertex -95.7684 32 -41.1084
      vertex -93.2892 32 -43.0108
      vertex -95.9495 32 -41.361
    endloop
  endfacet
  facet normal 0 1 -0
    outer loop
      vertex -93.3511 32 -43.0972
      vertex -95.9495 32 -41.361
      vertex -93.2892 32 -43.0108
    endloop
  endfacet
  facet normal 0 1 0
    outer loop
      vertex -95.9495 32 -41.361
      vertex -93.3511 32 -43.0972
      vertex -96.1136 32 -41.625
    endloop
  endfacet
  facet normal 0 1 -0
    outer loop
      vertex -93.4073 32 -43.1875
      vertex -96.1136 32 -41.625
      vertex -93.3511 32 -43.0972
    endloop
  endfacet
  facet normal 0 1 0
    outer loop
      vertex -96.1136 32 -41.625
      vertex -93.4073 32 -43.1875
      vertex -96.2601 32 -41.8991
    endloop
  endfacet
  facet normal 0 1 -0
    outer loop
      vertex -93.4574 32 -43.2813
      vertex -96.2601 32 -41.8991
      vertex -93.4073 32 -43.1875
    endloop
  endfacet
  facet normal 0 1 0
    outer loop
      vertex -96.2601 32 -41.8991
      vertex -93.4574 32 -43.2813
      vertex -96.3884 32 -42.1823
    endloop
  endfacet
  facet normal 0 1 -0
    outer loop
      vertex -93.5013 32 -43.3781
      vertex -96.3884 32 -42.1823
      vertex -93.4574 32 -43.2813
    endloop
  endfacet
  facet normal 0 1 0
    outer loop
      vertex -96.3884 32 -42.1823
      vertex -93.5013 32 -43.3781
      vertex -96.4979 32 -42.4732
    endloop
  endfacet
  facet normal 0 1 -0
    outer loop
      vertex -93.5388 32 -43.4777
      vertex -96.4979 32 -42.4732
      vertex -93.5013 32 -43.3781
    endloop
  endfacet
  facet normal 0 1 0
    outer loop
      vertex -96.4979 32 -42.4732
      vertex -93.5388 32 -43.4777
      vertex -96.5882 32 -42.7706
    endloop
  endfacet
  facet normal 0 1 -0
    outer loop
      vertex -93.5696 32 -43.5794
      vertex -96.5882 32 -42.7706
      vertex -93.5388 32 -43.4777
    endloop
  endfacet
  facet normal 0 1 0
    outer loop
      vertex -96.5882 32 -42.7706
      vertex -93.5696 32 -43.5794
      vertex -96.6587 32 -43.0733
    endloop
  endfacet
  facet normal 0 1 -0
    outer loop
      vertex -93.5938 32 -43.683
      vertex -96.6587 32 -43.0733
      vertex -93.5696 32 -43.5794
    endloop
  endfacet
  facet normal 0 1 0
    outer loop
      vertex -96.6587 32 -43.0733
      vertex -93.5938 32 -43.683
      vertex -96.7094 32 -43.38
    endloop
  endfacet
  facet normal 0 1 -0
    outer loop
      vertex -93.6111 32 -43.7879
      vertex -96.7094 32 -43.38
      vertex -93.5938 32 -43.683
    endloop
  endfacet
  facet normal 0 1 0
    outer loop
      vertex -96.7094 32 -43.38
      vertex -93.6111 32 -43.7879
      vertex -96.7398 32 -43.6893
    endloop
  endfacet
  facet normal 0 1 -0
    outer loop
      vertex -93.6215 32 -43.8937
      vertex -96.7398 32 -43.6893
      vertex -93.6111 32 -43.7879
    endloop
  endfacet
  facet normal 0 1 -0
    outer loop
      vertex -93.625 32 -44
      vertex -96.7398 32 -43.6893
      vertex -93.6215 32 -43.8937
    endloop
  endfacet
  facet normal 0 1 0
    outer loop
      vertex -93.625 32 -44
      vertex -96.75 32 -44
      vertex -96.7398 32 -43.6893
    endloop
  endfacet
  facet normal 0 1 0
    outer loop
      vertex -93.6215 32 -44.1063
      vertex -96.75 32 -44
      vertex -93.625 32 -44
    endloop
  endfacet
  facet normal 0 1 0
    outer loop
      vertex -96.7398 32 -44.3107
      vertex -93.6215 32 -44.1063
      vertex -93.6111 32 -44.2121
    endloop
  endfacet
  facet normal 0 1 0
    outer loop
      vertex -93.6215 32 -44.1063
      vertex -96.7398 32 -44.3107
      vertex -96.75 32 -44
    endloop
  endfacet
  facet normal 0 1 0
    outer loop
      vertex -96.7094 32 -44.62
      vertex -93.6111 32 -44.2121
      vertex -93.5938 32 -44.317
    endloop
  endfacet
  facet normal 0 1 0
    outer loop
      vertex -96.6587 32 -44.9267
      vertex -93.5938 32 -44.317
      vertex -93.5696 32 -44.4206
    endloop
  endfacet
  facet normal 0 1 0
    outer loop
      vertex -96.5882 32 -45.2294
      vertex -93.5696 32 -44.4206
      vertex -93.5388 32 -44.5223
    endloop
  endfacet
  facet normal 0 1 0
    outer loop
      vertex -93.6111 32 -44.2121
      vertex -96.7094 32 -44.62
      vertex -96.7398 32 -44.3107
    endloop
  endfacet
  facet normal 0 1 0
    outer loop
      vertex -96.4979 32 -45.5268
      vertex -93.5388 32 -44.5223
      vertex -93.5013 32 -44.6219
    endloop
  endfacet
  facet normal 0 1 0
    outer loop
      vertex -96.3884 32 -45.8177
      vertex -93.5013 32 -44.6219
      vertex -93.4574 32 -44.7187
    endloop
  endfacet
  facet normal 0 1 0
    outer loop
      vertex -96.2601 32 -46.1009
      vertex -93.4574 32 -44.7187
      vertex -93.4073 32 -44.8125
    endloop
  endfacet
  facet normal 0 1 0
    outer loop
      vertex -96.1136 32 -46.375
      vertex -93.4073 32 -44.8125
      vertex -93.3511 32 -44.9028
    endloop
  endfacet
  facet normal 0 1 0
    outer loop
      vertex -93.5938 32 -44.317
      vertex -96.6587 32 -44.9267
      vertex -96.7094 32 -44.62
    endloop
  endfacet
  facet normal 0 1 0
    outer loop
      vertex -95.9495 32 -46.639
      vertex -93.3511 32 -44.9028
      vertex -93.2892 32 -44.9892
    endloop
  endfacet
  facet normal 0 1 0
    outer loop
      vertex -95.7684 32 -46.8916
      vertex -93.2892 32 -44.9892
      vertex -93.2217 32 -45.0714
    endloop
  endfacet
  facet normal 0 1 0
    outer loop
      vertex -95.5712 32 -47.1319
      vertex -93.2217 32 -45.0714
      vertex -93.149 32 -45.149
    endloop
  endfacet
  facet normal 0 1 0
    outer loop
      vertex -95.3588 32 -47.3588
      vertex -93.149 32 -45.149
      vertex -93.0714 32 -45.2217
    endloop
  endfacet
  facet normal 0 1 0
    outer loop
      vertex -93.5696 32 -44.4206
      vertex -96.5882 32 -45.2294
      vertex -96.6587 32 -44.9267
    endloop
  endfacet
  facet normal 0 1 0
    outer loop
      vertex -95.1319 32 -47.5712
      vertex -93.0714 32 -45.2217
      vertex -92.9892 32 -45.2892
    endloop
  endfacet
  facet normal 0 1 0
    outer loop
      vertex -94.8916 32 -47.7684
      vertex -92.9892 32 -45.2892
      vertex -92.9028 32 -45.3511
    endloop
  endfacet
  facet normal 0 1 0
    outer loop
      vertex -94.639 32 -47.9495
      vertex -92.9028 32 -45.3511
      vertex -92.8125 32 -45.4073
    endloop
  endfacet
  facet normal 0 1 0
    outer loop
      vertex -94.375 32 -48.1136
      vertex -92.8125 32 -45.4073
      vertex -92.7187 32 -45.4574
    endloop
  endfacet
  facet normal 0 1 0
    outer loop
      vertex -94.1009 32 -48.2601
      vertex -92.7187 32 -45.4574
      vertex -92.6219 32 -45.5013
    endloop
  endfacet
  facet normal 0 1 0
    outer loop
      vertex -93.5388 32 -44.5223
      vertex -96.4979 32 -45.5268
      vertex -96.5882 32 -45.2294
    endloop
  endfacet
  facet normal 0 1 0
    outer loop
      vertex -93.8177 32 -48.3884
      vertex -92.6219 32 -45.5013
      vertex -92.5223 32 -45.5388
    endloop
  endfacet
  facet normal 0 1 0
    outer loop
      vertex -93.5268 32 -48.4979
      vertex -92.5223 32 -45.5388
      vertex -92.4206 32 -45.5696
    endloop
  endfacet
  facet normal 0 1 0
    outer loop
      vertex -93.2294 32 -48.5881
      vertex -92.4206 32 -45.5696
      vertex -92.317 32 -45.5938
    endloop
  endfacet
  facet normal 0 1 0
    outer loop
      vertex -92.9267 32 -48.6587
      vertex -92.317 32 -45.5938
      vertex -92.2121 32 -45.6111
    endloop
  endfacet
  facet normal 0 1 0
    outer loop
      vertex -92.62 32 -48.7094
      vertex -92.2121 32 -45.6111
      vertex -92.1063 32 -45.6215
    endloop
  endfacet
  facet normal 0 1 0
    outer loop
      vertex -92.3107 32 -48.7398
      vertex -92.1063 32 -45.6215
      vertex -92 32 -45.625
    endloop
  endfacet
  facet normal 0 1 0
    outer loop
      vertex -91.0972 32 -45.3511
      vertex -89.361 32 -47.9495
      vertex -91.1875 32 -45.4073
    endloop
  endfacet
  facet normal 0 1 0
    outer loop
      vertex -93.5013 32 -44.6219
      vertex -96.3884 32 -45.8177
      vertex -96.4979 32 -45.5268
    endloop
  endfacet
  facet normal 0 1 -0
    outer loop
      vertex -89.625 32 -48.1136
      vertex -91.1875 32 -45.4073
      vertex -89.361 32 -47.9495
    endloop
  endfacet
  facet normal 0 1 0
    outer loop
      vertex -93.4574 32 -44.7187
      vertex -96.2601 32 -46.1009
      vertex -96.3884 32 -45.8177
    endloop
  endfacet
  facet normal 0 1 0
    outer loop
      vertex -91.1875 32 -45.4073
      vertex -89.625 32 -48.1136
      vertex -91.2813 32 -45.4574
    endloop
  endfacet
  facet normal 0 1 0
    outer loop
      vertex -93.4073 32 -44.8125
      vertex -96.1136 32 -46.375
      vertex -96.2601 32 -46.1009
    endloop
  endfacet
  facet normal 0 1 -0
    outer loop
      vertex -89.8991 32 -48.2601
      vertex -91.2813 32 -45.4574
      vertex -89.625 32 -48.1136
    endloop
  endfacet
  facet normal 0 1 0
    outer loop
      vertex -93.3511 32 -44.9028
      vertex -95.9495 32 -46.639
      vertex -96.1136 32 -46.375
    endloop
  endfacet
  facet normal 0 1 0
    outer loop
      vertex -91.2813 32 -45.4574
      vertex -89.8991 32 -48.2601
      vertex -91.3781 32 -45.5013
    endloop
  endfacet
  facet normal 0 1 0
    outer loop
      vertex -93.2892 32 -44.9892
      vertex -95.7684 32 -46.8916
      vertex -95.9495 32 -46.639
    endloop
  endfacet
  facet normal 0 1 -0
    outer loop
      vertex -90.1823 32 -48.3884
      vertex -91.3781 32 -45.5013
      vertex -89.8991 32 -48.2601
    endloop
  endfacet
  facet normal 0 1 0
    outer loop
      vertex -93.2217 32 -45.0714
      vertex -95.5712 32 -47.1319
      vertex -95.7684 32 -46.8916
    endloop
  endfacet
  facet normal 0 1 0
    outer loop
      vertex -91.3781 32 -45.5013
      vertex -90.1823 32 -48.3884
      vertex -91.4777 32 -45.5388
    endloop
  endfacet
  facet normal 0 1 0
    outer loop
      vertex -93.149 32 -45.149
      vertex -95.3588 32 -47.3588
      vertex -95.5712 32 -47.1319
    endloop
  endfacet
  facet normal 0 1 -0
    outer loop
      vertex -90.4732 32 -48.4979
      vertex -91.4777 32 -45.5388
      vertex -90.1823 32 -48.3884
    endloop
  endfacet
  facet normal 0 1 0
    outer loop
      vertex -93.0714 32 -45.2217
      vertex -95.1319 32 -47.5712
      vertex -95.3588 32 -47.3588
    endloop
  endfacet
  facet normal 0 1 0
    outer loop
      vertex -91.4777 32 -45.5388
      vertex -90.4732 32 -48.4979
      vertex -91.5794 32 -45.5696
    endloop
  endfacet
  facet normal 0 1 0
    outer loop
      vertex -92.9892 32 -45.2892
      vertex -94.8916 32 -47.7684
      vertex -95.1319 32 -47.5712
    endloop
  endfacet
  facet normal 0 1 -0
    outer loop
      vertex -90.7706 32 -48.5881
      vertex -91.5794 32 -45.5696
      vertex -90.4732 32 -48.4979
    endloop
  endfacet
  facet normal 0 1 0
    outer loop
      vertex -92.9028 32 -45.3511
      vertex -94.639 32 -47.9495
      vertex -94.8916 32 -47.7684
    endloop
  endfacet
  facet normal 0 1 0
    outer loop
      vertex -91.5794 32 -45.5696
      vertex -90.7706 32 -48.5881
      vertex -91.683 32 -45.5938
    endloop
  endfacet
  facet normal 0 1 0
    outer loop
      vertex -92.8125 32 -45.4073
      vertex -94.375 32 -48.1136
      vertex -94.639 32 -47.9495
    endloop
  endfacet
  facet normal 0 1 -0
    outer loop
      vertex -91.0733 32 -48.6587
      vertex -91.683 32 -45.5938
      vertex -90.7706 32 -48.5881
    endloop
  endfacet
  facet normal 0 1 0
    outer loop
      vertex -92.7187 32 -45.4574
      vertex -94.1009 32 -48.2601
      vertex -94.375 32 -48.1136
    endloop
  endfacet
  facet normal 0 1 0
    outer loop
      vertex -91.683 32 -45.5938
      vertex -91.0733 32 -48.6587
      vertex -91.7879 32 -45.6111
    endloop
  endfacet
  facet normal 0 1 0
    outer loop
      vertex -92.6219 32 -45.5013
      vertex -93.8177 32 -48.3884
      vertex -94.1009 32 -48.2601
    endloop
  endfacet
  facet normal 0 1 -0
    outer loop
      vertex -91.38 32 -48.7094
      vertex -91.7879 32 -45.6111
      vertex -91.0733 32 -48.6587
    endloop
  endfacet
  facet normal 0 1 0
    outer loop
      vertex -92.5223 32 -45.5388
      vertex -93.5268 32 -48.4979
      vertex -93.8177 32 -48.3884
    endloop
  endfacet
  facet normal 0 1 0
    outer loop
      vertex -91.7879 32 -45.6111
      vertex -91.38 32 -48.7094
      vertex -91.8937 32 -45.6215
    endloop
  endfacet
  facet normal 0 1 0
    outer loop
      vertex -92.4206 32 -45.5696
      vertex -93.2294 32 -48.5881
      vertex -93.5268 32 -48.4979
    endloop
  endfacet
  facet normal 0 1 -0
    outer loop
      vertex -91.6893 32 -48.7398
      vertex -91.8937 32 -45.6215
      vertex -91.38 32 -48.7094
    endloop
  endfacet
  facet normal 0 1 0
    outer loop
      vertex -92.317 32 -45.5938
      vertex -92.9267 32 -48.6587
      vertex -93.2294 32 -48.5881
    endloop
  endfacet
  facet normal 0 1 0
    outer loop
      vertex -91.8937 32 -45.6215
      vertex -91.6893 32 -48.7398
      vertex -92 32 -45.625
    endloop
  endfacet
  facet normal 0 1 0
    outer loop
      vertex -92.2121 32 -45.6111
      vertex -92.62 32 -48.7094
      vertex -92.9267 32 -48.6587
    endloop
  endfacet
  facet normal 0 1 0
    outer loop
      vertex -92 32 -48.75
      vertex -92 32 -45.625
      vertex -91.6893 32 -48.7398
    endloop
  endfacet
  facet normal 0 1 0
    outer loop
      vertex -92.1063 32 -45.6215
      vertex -92.3107 32 -48.7398
      vertex -92.62 32 -48.7094
    endloop
  endfacet
  facet normal 0 1 0
    outer loop
      vertex -92 32 -45.625
      vertex -92 32 -48.75
      vertex -92.3107 32 -48.7398
    endloop
  endfacet
  facet normal 0.956865 -0 0.290534
    outer loop
      vertex -87.5021 12 -42.4732
      vertex -87.4118 32 -42.7706
      vertex -87.5021 32 -42.4732
    endloop
  endfacet
  facet normal 0.956865 0 0.290534
    outer loop
      vertex -87.4118 32 -42.7706
      vertex -87.5021 12 -42.4732
      vertex -87.4118 12 -42.7706
    endloop
  endfacet
  facet normal 0.81271 -0 0.582668
    outer loop
      vertex -88.2316 12 -41.1084
      vertex -88.0505 32 -41.361
      vertex -88.2316 32 -41.1084
    endloop
  endfacet
  facet normal 0.81271 0 0.582668
    outer loop
      vertex -88.0505 32 -41.361
      vertex -88.2316 12 -41.1084
      vertex -88.0505 12 -41.361
    endloop
  endfacet
  facet normal 0.773025 -0 0.634376
    outer loop
      vertex -88.4288 12 -40.8681
      vertex -88.2316 32 -41.1084
      vertex -88.4288 32 -40.8681
    endloop
  endfacet
  facet normal 0.773025 0 0.634376
    outer loop
      vertex -88.2316 32 -41.1084
      vertex -88.4288 12 -40.8681
      vertex -88.2316 12 -41.1084
    endloop
  endfacet
  facet normal 0.849297 -0 0.527915
    outer loop
      vertex -88.0505 12 -41.361
      vertex -87.8864 32 -41.625
      vertex -88.0505 32 -41.361
    endloop
  endfacet
  facet normal 0.849297 0 0.527915
    outer loop
      vertex -87.8864 32 -41.625
      vertex -88.0505 12 -41.361
      vertex -87.8864 12 -41.625
    endloop
  endfacet
  facet normal 0.881934 -0 0.471373
    outer loop
      vertex -87.8864 12 -41.625
      vertex -87.7399 32 -41.8991
      vertex -87.8864 32 -41.625
    endloop
  endfacet
  facet normal 0.881934 0 0.471373
    outer loop
      vertex -87.7399 32 -41.8991
      vertex -87.8864 12 -41.625
      vertex -87.7399 12 -41.8991
    endloop
  endfacet
  facet normal 0.352287 0 0.935892
    outer loop
      vertex -90.4732 32 -39.5021
      vertex -90.1823 12 -39.6116
      vertex -90.1823 32 -39.6116
    endloop
  endfacet
  facet normal 0.352287 0 0.935892
    outer loop
      vertex -90.1823 12 -39.6116
      vertex -90.4732 32 -39.5021
      vertex -90.4732 12 -39.5021
    endloop
  endfacet
  facet normal 0.0978151 0 0.995205
    outer loop
      vertex -91.6893 32 -39.2602
      vertex -91.38 12 -39.2906
      vertex -91.38 32 -39.2906
    endloop
  endfacet
  facet normal 0.0978151 0 0.995205
    outer loop
      vertex -91.38 12 -39.2906
      vertex -91.6893 32 -39.2602
      vertex -91.6893 12 -39.2602
    endloop
  endfacet
  facet normal 0.527915 0 0.849297
    outer loop
      vertex -89.625 32 -39.8864
      vertex -89.361 12 -40.0505
      vertex -89.361 32 -40.0505
    endloop
  endfacet
  facet normal 0.527915 0 0.849297
    outer loop
      vertex -89.361 12 -40.0505
      vertex -89.625 32 -39.8864
      vertex -89.625 12 -39.8864
    endloop
  endfacet
  facet normal 0.471373 0 0.881934
    outer loop
      vertex -89.8991 32 -39.7399
      vertex -89.625 12 -39.8864
      vertex -89.625 32 -39.8864
    endloop
  endfacet
  facet normal 0.471373 0 0.881934
    outer loop
      vertex -89.625 12 -39.8864
      vertex -89.8991 32 -39.7399
      vertex -89.8991 12 -39.7399
    endloop
  endfacet
  facet normal 0.582668 0 0.81271
    outer loop
      vertex -89.361 32 -40.0505
      vertex -89.1084 12 -40.2316
      vertex -89.1084 32 -40.2316
    endloop
  endfacet
  facet normal 0.582668 0 0.81271
    outer loop
      vertex -89.1084 12 -40.2316
      vertex -89.361 32 -40.0505
      vertex -89.361 12 -40.0505
    endloop
  endfacet
  facet normal 0.634376 0 0.773025
    outer loop
      vertex -89.1084 32 -40.2316
      vertex -88.8681 12 -40.4288
      vertex -88.8681 32 -40.4288
    endloop
  endfacet
  facet normal 0.634376 0 0.773025
    outer loop
      vertex -88.8681 12 -40.4288
      vertex -89.1084 32 -40.2316
      vertex -89.1084 12 -40.2316
    endloop
  endfacet
  facet normal -0.935892 0 0.352287
    outer loop
      vertex -96.4979 12 -42.4732
      vertex -96.3884 32 -42.1823
      vertex -96.4979 32 -42.4732
    endloop
  endfacet
  facet normal -0.935892 0 0.352287
    outer loop
      vertex -96.3884 32 -42.1823
      vertex -96.4979 12 -42.4732
      vertex -96.3884 12 -42.1823
    endloop
  endfacet
  facet normal -0.995205 0 0.0978151
    outer loop
      vertex -96.7398 12 -43.6893
      vertex -96.7094 32 -43.38
      vertex -96.7398 32 -43.6893
    endloop
  endfacet
  facet normal -0.995205 0 0.0978151
    outer loop
      vertex -96.7094 32 -43.38
      vertex -96.7398 12 -43.6893
      vertex -96.7094 12 -43.38
    endloop
  endfacet
  facet normal 0 -1 0
    outer loop
      vertex -92 12 -42.375
      vertex -92 12 -39.25
      vertex -92.3107 12 -39.2602
    endloop
  endfacet
  facet normal 0 -1 0
    outer loop
      vertex -92.1063 12 -42.3785
      vertex -92.3107 12 -39.2602
      vertex -92.62 12 -39.2906
    endloop
  endfacet
  facet normal 0 -1 0
    outer loop
      vertex -92 12 -39.25
      vertex -92 12 -42.375
      vertex -91.6893 12 -39.2602
    endloop
  endfacet
  facet normal 0 -1 0
    outer loop
      vertex -92.2121 12 -42.3889
      vertex -92.62 12 -39.2906
      vertex -92.9267 12 -39.3413
    endloop
  endfacet
  facet normal 0 -1 0
    outer loop
      vertex -91.8937 12 -42.3785
      vertex -91.6893 12 -39.2602
      vertex -92 12 -42.375
    endloop
  endfacet
  facet normal 0 -1 0
    outer loop
      vertex -92.317 12 -42.4062
      vertex -92.9267 12 -39.3413
      vertex -93.2294 12 -39.4119
    endloop
  endfacet
  facet normal 0 -1 -0
    outer loop
      vertex -91.6893 12 -39.2602
      vertex -91.8937 12 -42.3785
      vertex -91.38 12 -39.2906
    endloop
  endfacet
  facet normal 0 -1 0
    outer loop
      vertex -92.4206 12 -42.4304
      vertex -93.2294 12 -39.4119
      vertex -93.5268 12 -39.5021
    endloop
  endfacet
  facet normal 0 -1 0
    outer loop
      vertex -91.7879 12 -42.3889
      vertex -91.38 12 -39.2906
      vertex -91.8937 12 -42.3785
    endloop
  endfacet
  facet normal 0 -1 0
    outer loop
      vertex -92.5223 12 -42.4612
      vertex -93.5268 12 -39.5021
      vertex -93.8177 12 -39.6116
    endloop
  endfacet
  facet normal 0 -1 -0
    outer loop
      vertex -91.38 12 -39.2906
      vertex -91.7879 12 -42.3889
      vertex -91.0733 12 -39.3413
    endloop
  endfacet
  facet normal 0 -1 0
    outer loop
      vertex -92.6219 12 -42.4987
      vertex -93.8177 12 -39.6116
      vertex -94.1009 12 -39.7399
    endloop
  endfacet
  facet normal 0 -1 0
    outer loop
      vertex -91.683 12 -42.4062
      vertex -91.0733 12 -39.3413
      vertex -91.7879 12 -42.3889
    endloop
  endfacet
  facet normal 0 -1 0
    outer loop
      vertex -92.7187 12 -42.5426
      vertex -94.1009 12 -39.7399
      vertex -94.375 12 -39.8864
    endloop
  endfacet
  facet normal 0 -1 -0
    outer loop
      vertex -91.0733 12 -39.3413
      vertex -91.683 12 -42.4062
      vertex -90.7706 12 -39.4119
    endloop
  endfacet
  facet normal 0 -1 0
    outer loop
      vertex -92.8125 12 -42.5927
      vertex -94.375 12 -39.8864
      vertex -94.639 12 -40.0505
    endloop
  endfacet
  facet normal 0 -1 0
    outer loop
      vertex -91.5794 12 -42.4304
      vertex -90.7706 12 -39.4119
      vertex -91.683 12 -42.4062
    endloop
  endfacet
  facet normal 0 -1 0
    outer loop
      vertex -92.9028 12 -42.6489
      vertex -94.639 12 -40.0505
      vertex -94.8916 12 -40.2316
    endloop
  endfacet
  facet normal 0 -1 -0
    outer loop
      vertex -90.7706 12 -39.4119
      vertex -91.5794 12 -42.4304
      vertex -90.4732 12 -39.5021
    endloop
  endfacet
  facet normal 0 -1 0
    outer loop
      vertex -92.9892 12 -42.7108
      vertex -94.8916 12 -40.2316
      vertex -95.1319 12 -40.4288
    endloop
  endfacet
  facet normal 0 -1 0
    outer loop
      vertex -91.4777 12 -42.4612
      vertex -90.4732 12 -39.5021
      vertex -91.5794 12 -42.4304
    endloop
  endfacet
  facet normal 0 -1 0
    outer loop
      vertex -93.0714 12 -42.7783
      vertex -95.1319 12 -40.4288
      vertex -95.3588 12 -40.6412
    endloop
  endfacet
  facet normal 0 -1 -0
    outer loop
      vertex -90.4732 12 -39.5021
      vertex -91.4777 12 -42.4612
      vertex -90.1823 12 -39.6116
    endloop
  endfacet
  facet normal 0 -1 0
    outer loop
      vertex -93.149 12 -42.851
      vertex -95.3588 12 -40.6412
      vertex -95.5712 12 -40.8681
    endloop
  endfacet
  facet normal 0 -1 0
    outer loop
      vertex -91.3781 12 -42.4987
      vertex -90.1823 12 -39.6116
      vertex -91.4777 12 -42.4612
    endloop
  endfacet
  facet normal 0 -1 0
    outer loop
      vertex -93.2217 12 -42.9286
      vertex -95.5712 12 -40.8681
      vertex -95.7684 12 -41.1084
    endloop
  endfacet
  facet normal 0 -1 -0
    outer loop
      vertex -90.1823 12 -39.6116
      vertex -91.3781 12 -42.4987
      vertex -89.8991 12 -39.7399
    endloop
  endfacet
  facet normal 0 -1 0
    outer loop
      vertex -93.2892 12 -43.0108
      vertex -95.7684 12 -41.1084
      vertex -95.9495 12 -41.361
    endloop
  endfacet
  facet normal 0 -1 0
    outer loop
      vertex -91.2813 12 -42.5426
      vertex -89.8991 12 -39.7399
      vertex -91.3781 12 -42.4987
    endloop
  endfacet
  facet normal 0 -1 0
    outer loop
      vertex -93.3511 12 -43.0972
      vertex -95.9495 12 -41.361
      vertex -96.1136 12 -41.625
    endloop
  endfacet
  facet normal 0 -1 -0
    outer loop
      vertex -89.8991 12 -39.7399
      vertex -91.2813 12 -42.5426
      vertex -89.625 12 -39.8864
    endloop
  endfacet
  facet normal 0 -1 0
    outer loop
      vertex -93.4073 12 -43.1875
      vertex -96.1136 12 -41.625
      vertex -96.2601 12 -41.8991
    endloop
  endfacet
  facet normal 0 -1 0
    outer loop
      vertex -91.1875 12 -42.5927
      vertex -89.625 12 -39.8864
      vertex -91.2813 12 -42.5426
    endloop
  endfacet
  facet normal 0 -1 0
    outer loop
      vertex -93.4574 12 -43.2813
      vertex -96.2601 12 -41.8991
      vertex -96.3884 12 -42.1823
    endloop
  endfacet
  facet normal 0 -1 -0
    outer loop
      vertex -89.625 12 -39.8864
      vertex -91.1875 12 -42.5927
      vertex -89.361 12 -40.0505
    endloop
  endfacet
  facet normal 0 -1 0
    outer loop
      vertex -91.0972 12 -42.6489
      vertex -89.361 12 -40.0505
      vertex -91.1875 12 -42.5927
    endloop
  endfacet
  facet normal 0 -1 0
    outer loop
      vertex -92.3107 12 -39.2602
      vertex -92.1063 12 -42.3785
      vertex -92 12 -42.375
    endloop
  endfacet
  facet normal 0 -1 0
    outer loop
      vertex -92.62 12 -39.2906
      vertex -92.2121 12 -42.3889
      vertex -92.1063 12 -42.3785
    endloop
  endfacet
  facet normal 0 -1 0
    outer loop
      vertex -92.9267 12 -39.3413
      vertex -92.317 12 -42.4062
      vertex -92.2121 12 -42.3889
    endloop
  endfacet
  facet normal 0 -1 0
    outer loop
      vertex -93.2294 12 -39.4119
      vertex -92.4206 12 -42.4304
      vertex -92.317 12 -42.4062
    endloop
  endfacet
  facet normal 0 -1 0
    outer loop
      vertex -93.5268 12 -39.5021
      vertex -92.5223 12 -42.4612
      vertex -92.4206 12 -42.4304
    endloop
  endfacet
  facet normal 0 -1 0
    outer loop
      vertex -93.5013 12 -43.3781
      vertex -96.3884 12 -42.1823
      vertex -96.4979 12 -42.4732
    endloop
  endfacet
  facet normal 0 -1 0
    outer loop
      vertex -93.8177 12 -39.6116
      vertex -92.6219 12 -42.4987
      vertex -92.5223 12 -42.4612
    endloop
  endfacet
  facet normal 0 -1 0
    outer loop
      vertex -94.1009 12 -39.7399
      vertex -92.7187 12 -42.5426
      vertex -92.6219 12 -42.4987
    endloop
  endfacet
  facet normal 0 -1 0
    outer loop
      vertex -94.375 12 -39.8864
      vertex -92.8125 12 -42.5927
      vertex -92.7187 12 -42.5426
    endloop
  endfacet
  facet normal 0 -1 0
    outer loop
      vertex -94.639 12 -40.0505
      vertex -92.9028 12 -42.6489
      vertex -92.8125 12 -42.5927
    endloop
  endfacet
  facet normal 0 -1 0
    outer loop
      vertex -94.8916 12 -40.2316
      vertex -92.9892 12 -42.7108
      vertex -92.9028 12 -42.6489
    endloop
  endfacet
  facet normal 0 -1 0
    outer loop
      vertex -93.5388 12 -43.4777
      vertex -96.4979 12 -42.4732
      vertex -96.5882 12 -42.7706
    endloop
  endfacet
  facet normal 0 -1 0
    outer loop
      vertex -95.1319 12 -40.4288
      vertex -93.0714 12 -42.7783
      vertex -92.9892 12 -42.7108
    endloop
  endfacet
  facet normal 0 -1 0
    outer loop
      vertex -95.3588 12 -40.6412
      vertex -93.149 12 -42.851
      vertex -93.0714 12 -42.7783
    endloop
  endfacet
  facet normal 0 -1 0
    outer loop
      vertex -95.5712 12 -40.8681
      vertex -93.2217 12 -42.9286
      vertex -93.149 12 -42.851
    endloop
  endfacet
  facet normal 0 -1 0
    outer loop
      vertex -95.7684 12 -41.1084
      vertex -93.2892 12 -43.0108
      vertex -93.2217 12 -42.9286
    endloop
  endfacet
  facet normal 0 -1 0
    outer loop
      vertex -93.5696 12 -43.5794
      vertex -96.5882 12 -42.7706
      vertex -96.6587 12 -43.0733
    endloop
  endfacet
  facet normal 0 -1 0
    outer loop
      vertex -95.9495 12 -41.361
      vertex -93.3511 12 -43.0972
      vertex -93.2892 12 -43.0108
    endloop
  endfacet
  facet normal 0 -1 0
    outer loop
      vertex -96.1136 12 -41.625
      vertex -93.4073 12 -43.1875
      vertex -93.3511 12 -43.0972
    endloop
  endfacet
  facet normal 0 -1 0
    outer loop
      vertex -96.2601 12 -41.8991
      vertex -93.4574 12 -43.2813
      vertex -93.4073 12 -43.1875
    endloop
  endfacet
  facet normal 0 -1 0
    outer loop
      vertex -96.3884 12 -42.1823
      vertex -93.5013 12 -43.3781
      vertex -93.4574 12 -43.2813
    endloop
  endfacet
  facet normal 0 -1 0
    outer loop
      vertex -93.5938 12 -43.683
      vertex -96.6587 12 -43.0733
      vertex -96.7094 12 -43.38
    endloop
  endfacet
  facet normal 0 -1 0
    outer loop
      vertex -96.4979 12 -42.4732
      vertex -93.5388 12 -43.4777
      vertex -93.5013 12 -43.3781
    endloop
  endfacet
  facet normal 0 -1 0
    outer loop
      vertex -96.5882 12 -42.7706
      vertex -93.5696 12 -43.5794
      vertex -93.5388 12 -43.4777
    endloop
  endfacet
  facet normal 0 -1 0
    outer loop
      vertex -96.6587 12 -43.0733
      vertex -93.5938 12 -43.683
      vertex -93.5696 12 -43.5794
    endloop
  endfacet
  facet normal 0 -1 0
    outer loop
      vertex -93.6111 12 -43.7879
      vertex -96.7094 12 -43.38
      vertex -96.7398 12 -43.6893
    endloop
  endfacet
  facet normal 0 -1 0
    outer loop
      vertex -96.7094 12 -43.38
      vertex -93.6111 12 -43.7879
      vertex -93.5938 12 -43.683
    endloop
  endfacet
  facet normal 0 -1 0
    outer loop
      vertex -96.7398 12 -43.6893
      vertex -93.6215 12 -43.8937
      vertex -93.6111 12 -43.7879
    endloop
  endfacet
  facet normal 0 -1 0
    outer loop
      vertex -96.75 12 -44
      vertex -93.6215 12 -43.8937
      vertex -96.7398 12 -43.6893
    endloop
  endfacet
  facet normal 0 -1 0
    outer loop
      vertex -96.75 12 -44
      vertex -93.625 12 -44
      vertex -93.6215 12 -43.8937
    endloop
  endfacet
  facet normal 0 -1 0
    outer loop
      vertex -96.75 12 -44
      vertex -93.6215 12 -44.1063
      vertex -93.625 12 -44
    endloop
  endfacet
  facet normal 0 -1 0
    outer loop
      vertex -96.7398 12 -44.3107
      vertex -93.6215 12 -44.1063
      vertex -96.75 12 -44
    endloop
  endfacet
  facet normal 0 -1 -0
    outer loop
      vertex -93.6215 12 -44.1063
      vertex -96.7398 12 -44.3107
      vertex -93.6111 12 -44.2121
    endloop
  endfacet
  facet normal 0 -1 0
    outer loop
      vertex -96.7094 12 -44.62
      vertex -93.6111 12 -44.2121
      vertex -96.7398 12 -44.3107
    endloop
  endfacet
  facet normal 0 -1 -0
    outer loop
      vertex -93.6111 12 -44.2121
      vertex -96.7094 12 -44.62
      vertex -93.5938 12 -44.317
    endloop
  endfacet
  facet normal 0 -1 0
    outer loop
      vertex -96.6587 12 -44.9267
      vertex -93.5938 12 -44.317
      vertex -96.7094 12 -44.62
    endloop
  endfacet
  facet normal 0 -1 -0
    outer loop
      vertex -93.5938 12 -44.317
      vertex -96.6587 12 -44.9267
      vertex -93.5696 12 -44.4206
    endloop
  endfacet
  facet normal 0 -1 0
    outer loop
      vertex -96.5882 12 -45.2294
      vertex -93.5696 12 -44.4206
      vertex -96.6587 12 -44.9267
    endloop
  endfacet
  facet normal 0 -1 -0
    outer loop
      vertex -93.5696 12 -44.4206
      vertex -96.5882 12 -45.2294
      vertex -93.5388 12 -44.5223
    endloop
  endfacet
  facet normal 0 -1 0
    outer loop
      vertex -96.4979 12 -45.5268
      vertex -93.5388 12 -44.5223
      vertex -96.5882 12 -45.2294
    endloop
  endfacet
  facet normal 0 -1 -0
    outer loop
      vertex -93.5388 12 -44.5223
      vertex -96.4979 12 -45.5268
      vertex -93.5013 12 -44.6219
    endloop
  endfacet
  facet normal 0 -1 0
    outer loop
      vertex -96.3884 12 -45.8177
      vertex -93.5013 12 -44.6219
      vertex -96.4979 12 -45.5268
    endloop
  endfacet
  facet normal 0 -1 -0
    outer loop
      vertex -93.5013 12 -44.6219
      vertex -96.3884 12 -45.8177
      vertex -93.4574 12 -44.7187
    endloop
  endfacet
  facet normal 0 -1 0
    outer loop
      vertex -96.2601 12 -46.1009
      vertex -93.4574 12 -44.7187
      vertex -96.3884 12 -45.8177
    endloop
  endfacet
  facet normal 0 -1 -0
    outer loop
      vertex -93.4574 12 -44.7187
      vertex -96.2601 12 -46.1009
      vertex -93.4073 12 -44.8125
    endloop
  endfacet
  facet normal 0 -1 0
    outer loop
      vertex -96.1136 12 -46.375
      vertex -93.4073 12 -44.8125
      vertex -96.2601 12 -46.1009
    endloop
  endfacet
  facet normal 0 -1 -0
    outer loop
      vertex -93.4073 12 -44.8125
      vertex -96.1136 12 -46.375
      vertex -93.3511 12 -44.9028
    endloop
  endfacet
  facet normal 0 -1 0
    outer loop
      vertex -95.9495 12 -46.639
      vertex -93.3511 12 -44.9028
      vertex -96.1136 12 -46.375
    endloop
  endfacet
  facet normal 0 -1 -0
    outer loop
      vertex -93.3511 12 -44.9028
      vertex -95.9495 12 -46.639
      vertex -93.2892 12 -44.9892
    endloop
  endfacet
  facet normal 0 -1 0
    outer loop
      vertex -95.7684 12 -46.8916
      vertex -93.2892 12 -44.9892
      vertex -95.9495 12 -46.639
    endloop
  endfacet
  facet normal 0 -1 -0
    outer loop
      vertex -93.2892 12 -44.9892
      vertex -95.7684 12 -46.8916
      vertex -93.2217 12 -45.0714
    endloop
  endfacet
  facet normal 0 -1 0
    outer loop
      vertex -95.5712 12 -47.1319
      vertex -93.2217 12 -45.0714
      vertex -95.7684 12 -46.8916
    endloop
  endfacet
  facet normal 0 -1 -0
    outer loop
      vertex -93.2217 12 -45.0714
      vertex -95.5712 12 -47.1319
      vertex -93.149 12 -45.149
    endloop
  endfacet
  facet normal 0 -1 0
    outer loop
      vertex -95.3588 12 -47.3588
      vertex -93.149 12 -45.149
      vertex -95.5712 12 -47.1319
    endloop
  endfacet
  facet normal 0 -1 -0
    outer loop
      vertex -93.149 12 -45.149
      vertex -95.3588 12 -47.3588
      vertex -93.0714 12 -45.2217
    endloop
  endfacet
  facet normal 0 -1 0
    outer loop
      vertex -95.1319 12 -47.5712
      vertex -93.0714 12 -45.2217
      vertex -95.3588 12 -47.3588
    endloop
  endfacet
  facet normal 0 -1 -0
    outer loop
      vertex -93.0714 12 -45.2217
      vertex -95.1319 12 -47.5712
      vertex -92.9892 12 -45.2892
    endloop
  endfacet
  facet normal 0 -1 0
    outer loop
      vertex -94.8916 12 -47.7684
      vertex -92.9892 12 -45.2892
      vertex -95.1319 12 -47.5712
    endloop
  endfacet
  facet normal 0 -1 -0
    outer loop
      vertex -92.9892 12 -45.2892
      vertex -94.8916 12 -47.7684
      vertex -92.9028 12 -45.3511
    endloop
  endfacet
  facet normal 0 -1 0
    outer loop
      vertex -94.639 12 -47.9495
      vertex -92.9028 12 -45.3511
      vertex -94.8916 12 -47.7684
    endloop
  endfacet
  facet normal 0 -1 -0
    outer loop
      vertex -89.361 12 -40.0505
      vertex -91.0972 12 -42.6489
      vertex -89.1084 12 -40.2316
    endloop
  endfacet
  facet normal 0 -1 0
    outer loop
      vertex -91.0108 12 -42.7108
      vertex -89.1084 12 -40.2316
      vertex -91.0972 12 -42.6489
    endloop
  endfacet
  facet normal 0 -1 -0
    outer loop
      vertex -89.1084 12 -40.2316
      vertex -91.0108 12 -42.7108
      vertex -88.8681 12 -40.4288
    endloop
  endfacet
  facet normal 0 -1 0
    outer loop
      vertex -90.9286 12 -42.7783
      vertex -88.8681 12 -40.4288
      vertex -91.0108 12 -42.7108
    endloop
  endfacet
  facet normal 0 -1 -0
    outer loop
      vertex -88.8681 12 -40.4288
      vertex -90.9286 12 -42.7783
      vertex -88.6412 12 -40.6412
    endloop
  endfacet
  facet normal 0 -1 0
    outer loop
      vertex -90.851 12 -42.851
      vertex -88.6412 12 -40.6412
      vertex -90.9286 12 -42.7783
    endloop
  endfacet
  facet normal 0 -1 -0
    outer loop
      vertex -88.6412 12 -40.6412
      vertex -90.851 12 -42.851
      vertex -88.4288 12 -40.8681
    endloop
  endfacet
  facet normal 0 -1 0
    outer loop
      vertex -90.7783 12 -42.9286
      vertex -88.4288 12 -40.8681
      vertex -90.851 12 -42.851
    endloop
  endfacet
  facet normal 0 -1 -0
    outer loop
      vertex -88.4288 12 -40.8681
      vertex -90.7783 12 -42.9286
      vertex -88.2316 12 -41.1084
    endloop
  endfacet
  facet normal 0 -1 0
    outer loop
      vertex -90.7108 12 -43.0108
      vertex -88.2316 12 -41.1084
      vertex -90.7783 12 -42.9286
    endloop
  endfacet
  facet normal 0 -1 -0
    outer loop
      vertex -88.2316 12 -41.1084
      vertex -90.7108 12 -43.0108
      vertex -88.0505 12 -41.361
    endloop
  endfacet
  facet normal 0 -1 0
    outer loop
      vertex -90.6489 12 -43.0972
      vertex -88.0505 12 -41.361
      vertex -90.7108 12 -43.0108
    endloop
  endfacet
  facet normal 0 -1 -0
    outer loop
      vertex -88.0505 12 -41.361
      vertex -90.6489 12 -43.0972
      vertex -87.8864 12 -41.625
    endloop
  endfacet
  facet normal 0 -1 0
    outer loop
      vertex -90.5927 12 -43.1875
      vertex -87.8864 12 -41.625
      vertex -90.6489 12 -43.0972
    endloop
  endfacet
  facet normal 0 -1 -0
    outer loop
      vertex -87.8864 12 -41.625
      vertex -90.5927 12 -43.1875
      vertex -87.7399 12 -41.8991
    endloop
  endfacet
  facet normal 0 -1 0
    outer loop
      vertex -90.5426 12 -43.2813
      vertex -87.7399 12 -41.8991
      vertex -90.5927 12 -43.1875
    endloop
  endfacet
  facet normal 0 -1 -0
    outer loop
      vertex -87.7399 12 -41.8991
      vertex -90.5426 12 -43.2813
      vertex -87.6116 12 -42.1823
    endloop
  endfacet
  facet normal 0 -1 0
    outer loop
      vertex -90.4987 12 -43.3781
      vertex -87.6116 12 -42.1823
      vertex -90.5426 12 -43.2813
    endloop
  endfacet
  facet normal 0 -1 -0
    outer loop
      vertex -87.6116 12 -42.1823
      vertex -90.4987 12 -43.3781
      vertex -87.5021 12 -42.4732
    endloop
  endfacet
  facet normal 0 -1 0
    outer loop
      vertex -90.4612 12 -43.4777
      vertex -87.5021 12 -42.4732
      vertex -90.4987 12 -43.3781
    endloop
  endfacet
  facet normal 0 -1 -0
    outer loop
      vertex -87.5021 12 -42.4732
      vertex -90.4612 12 -43.4777
      vertex -87.4118 12 -42.7706
    endloop
  endfacet
  facet normal 0 -1 0
    outer loop
      vertex -90.4304 12 -43.5794
      vertex -87.4118 12 -42.7706
      vertex -90.4612 12 -43.4777
    endloop
  endfacet
  facet normal 0 -1 -0
    outer loop
      vertex -87.4118 12 -42.7706
      vertex -90.4304 12 -43.5794
      vertex -87.3413 12 -43.0733
    endloop
  endfacet
  facet normal 0 -1 0
    outer loop
      vertex -90.4062 12 -43.683
      vertex -87.3413 12 -43.0733
      vertex -90.4304 12 -43.5794
    endloop
  endfacet
  facet normal 0 -1 -0
    outer loop
      vertex -87.3413 12 -43.0733
      vertex -90.4062 12 -43.683
      vertex -87.2906 12 -43.38
    endloop
  endfacet
  facet normal 0 -1 0
    outer loop
      vertex -90.3889 12 -43.7879
      vertex -87.2906 12 -43.38
      vertex -90.4062 12 -43.683
    endloop
  endfacet
  facet normal 0 -1 -0
    outer loop
      vertex -87.2906 12 -43.38
      vertex -90.3889 12 -43.7879
      vertex -87.2602 12 -43.6893
    endloop
  endfacet
  facet normal 0 -1 0
    outer loop
      vertex -90.3785 12 -43.8937
      vertex -87.2602 12 -43.6893
      vertex -90.3889 12 -43.7879
    endloop
  endfacet
  facet normal 0 -1 0
    outer loop
      vertex -90.375 12 -44
      vertex -87.2602 12 -43.6893
      vertex -90.3785 12 -43.8937
    endloop
  endfacet
  facet normal 0 -1 0
    outer loop
      vertex -90.375 12 -44
      vertex -87.25 12 -44
      vertex -87.2602 12 -43.6893
    endloop
  endfacet
  facet normal 0 -1 0
    outer loop
      vertex -90.3785 12 -44.1063
      vertex -87.25 12 -44
      vertex -90.375 12 -44
    endloop
  endfacet
  facet normal 0 -1 0
    outer loop
      vertex -87.2602 12 -44.3107
      vertex -90.3785 12 -44.1063
      vertex -90.3889 12 -44.2121
    endloop
  endfacet
  facet normal 0 -1 0
    outer loop
      vertex -90.3785 12 -44.1063
      vertex -87.2602 12 -44.3107
      vertex -87.25 12 -44
    endloop
  endfacet
  facet normal 0 -1 0
    outer loop
      vertex -87.2906 12 -44.62
      vertex -90.3889 12 -44.2121
      vertex -90.4062 12 -44.317
    endloop
  endfacet
  facet normal 0 -1 0
    outer loop
      vertex -87.3413 12 -44.9267
      vertex -90.4062 12 -44.317
      vertex -90.4304 12 -44.4206
    endloop
  endfacet
  facet normal 0 -1 0
    outer loop
      vertex -87.4118 12 -45.2294
      vertex -90.4304 12 -44.4206
      vertex -90.4612 12 -44.5223
    endloop
  endfacet
  facet normal 0 -1 0
    outer loop
      vertex -90.3889 12 -44.2121
      vertex -87.2906 12 -44.62
      vertex -87.2602 12 -44.3107
    endloop
  endfacet
  facet normal 0 -1 0
    outer loop
      vertex -87.5021 12 -45.5268
      vertex -90.4612 12 -44.5223
      vertex -90.4987 12 -44.6219
    endloop
  endfacet
  facet normal 0 -1 0
    outer loop
      vertex -87.6116 12 -45.8177
      vertex -90.4987 12 -44.6219
      vertex -90.5426 12 -44.7187
    endloop
  endfacet
  facet normal 0 -1 0
    outer loop
      vertex -87.7399 12 -46.1009
      vertex -90.5426 12 -44.7187
      vertex -90.5927 12 -44.8125
    endloop
  endfacet
  facet normal 0 -1 0
    outer loop
      vertex -87.8864 12 -46.375
      vertex -90.5927 12 -44.8125
      vertex -90.6489 12 -44.9028
    endloop
  endfacet
  facet normal 0 -1 0
    outer loop
      vertex -90.4062 12 -44.317
      vertex -87.3413 12 -44.9267
      vertex -87.2906 12 -44.62
    endloop
  endfacet
  facet normal 0 -1 0
    outer loop
      vertex -88.0505 12 -46.639
      vertex -90.6489 12 -44.9028
      vertex -90.7108 12 -44.9892
    endloop
  endfacet
  facet normal 0 -1 0
    outer loop
      vertex -88.2316 12 -46.8916
      vertex -90.7108 12 -44.9892
      vertex -90.7783 12 -45.0714
    endloop
  endfacet
  facet normal 0 -1 0
    outer loop
      vertex -88.4288 12 -47.1319
      vertex -90.7783 12 -45.0714
      vertex -90.851 12 -45.149
    endloop
  endfacet
  facet normal 0 -1 0
    outer loop
      vertex -88.6412 12 -47.3588
      vertex -90.851 12 -45.149
      vertex -90.9286 12 -45.2217
    endloop
  endfacet
  facet normal 0 -1 0
    outer loop
      vertex -90.4304 12 -44.4206
      vertex -87.4118 12 -45.2294
      vertex -87.3413 12 -44.9267
    endloop
  endfacet
  facet normal 0 -1 0
    outer loop
      vertex -88.8681 12 -47.5712
      vertex -90.9286 12 -45.2217
      vertex -91.0108 12 -45.2892
    endloop
  endfacet
  facet normal 0 -1 0
    outer loop
      vertex -89.1084 12 -47.7684
      vertex -91.0108 12 -45.2892
      vertex -91.0972 12 -45.3511
    endloop
  endfacet
  facet normal 0 -1 0
    outer loop
      vertex -89.361 12 -47.9495
      vertex -91.0972 12 -45.3511
      vertex -91.1875 12 -45.4073
    endloop
  endfacet
  facet normal 0 -1 0
    outer loop
      vertex -89.625 12 -48.1136
      vertex -91.1875 12 -45.4073
      vertex -91.2813 12 -45.4574
    endloop
  endfacet
  facet normal 0 -1 0
    outer loop
      vertex -89.8991 12 -48.2601
      vertex -91.2813 12 -45.4574
      vertex -91.3781 12 -45.5013
    endloop
  endfacet
  facet normal 0 -1 0
    outer loop
      vertex -90.4612 12 -44.5223
      vertex -87.5021 12 -45.5268
      vertex -87.4118 12 -45.2294
    endloop
  endfacet
  facet normal 0 -1 0
    outer loop
      vertex -90.1823 12 -48.3884
      vertex -91.3781 12 -45.5013
      vertex -91.4777 12 -45.5388
    endloop
  endfacet
  facet normal 0 -1 0
    outer loop
      vertex -90.4732 12 -48.4979
      vertex -91.4777 12 -45.5388
      vertex -91.5794 12 -45.5696
    endloop
  endfacet
  facet normal 0 -1 0
    outer loop
      vertex -90.7706 12 -48.5881
      vertex -91.5794 12 -45.5696
      vertex -91.683 12 -45.5938
    endloop
  endfacet
  facet normal 0 -1 0
    outer loop
      vertex -91.0733 12 -48.6587
      vertex -91.683 12 -45.5938
      vertex -91.7879 12 -45.6111
    endloop
  endfacet
  facet normal 0 -1 0
    outer loop
      vertex -91.38 12 -48.7094
      vertex -91.7879 12 -45.6111
      vertex -91.8937 12 -45.6215
    endloop
  endfacet
  facet normal 0 -1 0
    outer loop
      vertex -91.6893 12 -48.7398
      vertex -91.8937 12 -45.6215
      vertex -92 12 -45.625
    endloop
  endfacet
  facet normal 0 -1 -0
    outer loop
      vertex -92.9028 12 -45.3511
      vertex -94.639 12 -47.9495
      vertex -92.8125 12 -45.4073
    endloop
  endfacet
  facet normal 0 -1 0
    outer loop
      vertex -90.4987 12 -44.6219
      vertex -87.6116 12 -45.8177
      vertex -87.5021 12 -45.5268
    endloop
  endfacet
  facet normal 0 -1 0
    outer loop
      vertex -94.375 12 -48.1136
      vertex -92.8125 12 -45.4073
      vertex -94.639 12 -47.9495
    endloop
  endfacet
  facet normal 0 -1 0
    outer loop
      vertex -90.5426 12 -44.7187
      vertex -87.7399 12 -46.1009
      vertex -87.6116 12 -45.8177
    endloop
  endfacet
  facet normal 0 -1 -0
    outer loop
      vertex -92.8125 12 -45.4073
      vertex -94.375 12 -48.1136
      vertex -92.7187 12 -45.4574
    endloop
  endfacet
  facet normal 0 -1 0
    outer loop
      vertex -90.5927 12 -44.8125
      vertex -87.8864 12 -46.375
      vertex -87.7399 12 -46.1009
    endloop
  endfacet
  facet normal 0 -1 0
    outer loop
      vertex -94.1009 12 -48.2601
      vertex -92.7187 12 -45.4574
      vertex -94.375 12 -48.1136
    endloop
  endfacet
  facet normal 0 -1 0
    outer loop
      vertex -90.6489 12 -44.9028
      vertex -88.0505 12 -46.639
      vertex -87.8864 12 -46.375
    endloop
  endfacet
  facet normal 0 -1 -0
    outer loop
      vertex -92.7187 12 -45.4574
      vertex -94.1009 12 -48.2601
      vertex -92.6219 12 -45.5013
    endloop
  endfacet
  facet normal 0 -1 0
    outer loop
      vertex -90.7108 12 -44.9892
      vertex -88.2316 12 -46.8916
      vertex -88.0505 12 -46.639
    endloop
  endfacet
  facet normal 0 -1 0
    outer loop
      vertex -93.8177 12 -48.3884
      vertex -92.6219 12 -45.5013
      vertex -94.1009 12 -48.2601
    endloop
  endfacet
  facet normal 0 -1 0
    outer loop
      vertex -90.7783 12 -45.0714
      vertex -88.4288 12 -47.1319
      vertex -88.2316 12 -46.8916
    endloop
  endfacet
  facet normal 0 -1 -0
    outer loop
      vertex -92.6219 12 -45.5013
      vertex -93.8177 12 -48.3884
      vertex -92.5223 12 -45.5388
    endloop
  endfacet
  facet normal 0 -1 0
    outer loop
      vertex -90.851 12 -45.149
      vertex -88.6412 12 -47.3588
      vertex -88.4288 12 -47.1319
    endloop
  endfacet
  facet normal 0 -1 0
    outer loop
      vertex -93.5268 12 -48.4979
      vertex -92.5223 12 -45.5388
      vertex -93.8177 12 -48.3884
    endloop
  endfacet
  facet normal 0 -1 0
    outer loop
      vertex -90.9286 12 -45.2217
      vertex -88.8681 12 -47.5712
      vertex -88.6412 12 -47.3588
    endloop
  endfacet
  facet normal 0 -1 -0
    outer loop
      vertex -92.5223 12 -45.5388
      vertex -93.5268 12 -48.4979
      vertex -92.4206 12 -45.5696
    endloop
  endfacet
  facet normal 0 -1 0
    outer loop
      vertex -91.0108 12 -45.2892
      vertex -89.1084 12 -47.7684
      vertex -88.8681 12 -47.5712
    endloop
  endfacet
  facet normal 0 -1 0
    outer loop
      vertex -93.2294 12 -48.5881
      vertex -92.4206 12 -45.5696
      vertex -93.5268 12 -48.4979
    endloop
  endfacet
  facet normal 0 -1 0
    outer loop
      vertex -91.0972 12 -45.3511
      vertex -89.361 12 -47.9495
      vertex -89.1084 12 -47.7684
    endloop
  endfacet
  facet normal 0 -1 -0
    outer loop
      vertex -92.4206 12 -45.5696
      vertex -93.2294 12 -48.5881
      vertex -92.317 12 -45.5938
    endloop
  endfacet
  facet normal 0 -1 0
    outer loop
      vertex -91.1875 12 -45.4073
      vertex -89.625 12 -48.1136
      vertex -89.361 12 -47.9495
    endloop
  endfacet
  facet normal 0 -1 0
    outer loop
      vertex -92.9267 12 -48.6587
      vertex -92.317 12 -45.5938
      vertex -93.2294 12 -48.5881
    endloop
  endfacet
  facet normal 0 -1 0
    outer loop
      vertex -91.2813 12 -45.4574
      vertex -89.8991 12 -48.2601
      vertex -89.625 12 -48.1136
    endloop
  endfacet
  facet normal 0 -1 -0
    outer loop
      vertex -92.317 12 -45.5938
      vertex -92.9267 12 -48.6587
      vertex -92.2121 12 -45.6111
    endloop
  endfacet
  facet normal 0 -1 0
    outer loop
      vertex -91.3781 12 -45.5013
      vertex -90.1823 12 -48.3884
      vertex -89.8991 12 -48.2601
    endloop
  endfacet
  facet normal 0 -1 0
    outer loop
      vertex -92.62 12 -48.7094
      vertex -92.2121 12 -45.6111
      vertex -92.9267 12 -48.6587
    endloop
  endfacet
  facet normal 0 -1 0
    outer loop
      vertex -91.4777 12 -45.5388
      vertex -90.4732 12 -48.4979
      vertex -90.1823 12 -48.3884
    endloop
  endfacet
  facet normal 0 -1 -0
    outer loop
      vertex -92.2121 12 -45.6111
      vertex -92.62 12 -48.7094
      vertex -92.1063 12 -45.6215
    endloop
  endfacet
  facet normal 0 -1 0
    outer loop
      vertex -91.5794 12 -45.5696
      vertex -90.7706 12 -48.5881
      vertex -90.4732 12 -48.4979
    endloop
  endfacet
  facet normal 0 -1 0
    outer loop
      vertex -92.3107 12 -48.7398
      vertex -92.1063 12 -45.6215
      vertex -92.62 12 -48.7094
    endloop
  endfacet
  facet normal 0 -1 0
    outer loop
      vertex -91.683 12 -45.5938
      vertex -91.0733 12 -48.6587
      vertex -90.7706 12 -48.5881
    endloop
  endfacet
  facet normal 0 -1 -0
    outer loop
      vertex -92.1063 12 -45.6215
      vertex -92.3107 12 -48.7398
      vertex -92 12 -45.625
    endloop
  endfacet
  facet normal 0 -1 0
    outer loop
      vertex -91.7879 12 -45.6111
      vertex -91.38 12 -48.7094
      vertex -91.0733 12 -48.6587
    endloop
  endfacet
  facet normal 0 -1 0
    outer loop
      vertex -92 12 -48.75
      vertex -92 12 -45.625
      vertex -92.3107 12 -48.7398
    endloop
  endfacet
  facet normal 0 -1 0
    outer loop
      vertex -91.8937 12 -45.6215
      vertex -91.6893 12 -48.7398
      vertex -91.38 12 -48.7094
    endloop
  endfacet
  facet normal 0 -1 0
    outer loop
      vertex -92 12 -45.625
      vertex -92 12 -48.75
      vertex -91.6893 12 -48.7398
    endloop
  endfacet
  facet normal -0.582668 0 0.81271
    outer loop
      vertex -94.8916 32 -40.2316
      vertex -94.639 12 -40.0505
      vertex -94.639 32 -40.0505
    endloop
  endfacet
  facet normal -0.582668 0 0.81271
    outer loop
      vertex -94.639 12 -40.0505
      vertex -94.8916 32 -40.2316
      vertex -94.8916 12 -40.2316
    endloop
  endfacet
  facet normal -0.412664 0 0.910883
    outer loop
      vertex -94.1009 32 -39.7399
      vertex -93.8177 12 -39.6116
      vertex -93.8177 32 -39.6116
    endloop
  endfacet
  facet normal -0.412664 0 0.910883
    outer loop
      vertex -93.8177 12 -39.6116
      vertex -94.1009 32 -39.7399
      vertex -94.1009 12 -39.7399
    endloop
  endfacet
  facet normal -0.527915 0 0.849297
    outer loop
      vertex -94.639 32 -40.0505
      vertex -94.375 12 -39.8864
      vertex -94.375 32 -39.8864
    endloop
  endfacet
  facet normal -0.527915 0 0.849297
    outer loop
      vertex -94.375 12 -39.8864
      vertex -94.639 32 -40.0505
      vertex -94.639 12 -40.0505
    endloop
  endfacet
  facet normal -0.634376 0 0.773025
    outer loop
      vertex -95.1319 32 -40.4288
      vertex -94.8916 12 -40.2316
      vertex -94.8916 32 -40.2316
    endloop
  endfacet
  facet normal -0.634376 0 0.773025
    outer loop
      vertex -94.8916 12 -40.2316
      vertex -95.1319 32 -40.4288
      vertex -95.1319 12 -40.4288
    endloop
  endfacet
  facet normal -0.352287 0 0.935892
    outer loop
      vertex -93.8177 32 -39.6116
      vertex -93.5268 12 -39.5021
      vertex -93.5268 32 -39.5021
    endloop
  endfacet
  facet normal -0.352287 0 0.935892
    outer loop
      vertex -93.5268 12 -39.5021
      vertex -93.8177 32 -39.6116
      vertex -93.8177 12 -39.6116
    endloop
  endfacet
  facet normal -0.0328114 0 0.999462
    outer loop
      vertex -92.3107 32 -39.2602
      vertex -92 12 -39.25
      vertex -92 32 -39.25
    endloop
  endfacet
  facet normal -0.0328114 0 0.999462
    outer loop
      vertex -92 12 -39.25
      vertex -92.3107 32 -39.2602
      vertex -92.3107 12 -39.2602
    endloop
  endfacet
  facet normal 0.999462 0 -0.0328114
    outer loop
      vertex -87.25 12 -44
      vertex -87.2602 32 -44.3107
      vertex -87.25 32 -44
    endloop
  endfacet
  facet normal 0.999462 0 -0.0328114
    outer loop
      vertex -87.2602 32 -44.3107
      vertex -87.25 12 -44
      vertex -87.2602 12 -44.3107
    endloop
  endfacet
  facet normal 0.0328114 0 -0.999462
    outer loop
      vertex -92 12 -48.75
      vertex -91.6893 32 -48.7398
      vertex -91.6893 12 -48.7398
    endloop
  endfacet
  facet normal 0.0328114 0 -0.999462
    outer loop
      vertex -91.6893 32 -48.7398
      vertex -92 12 -48.75
      vertex -92 32 -48.75
    endloop
  endfacet
  facet normal 0.163095 0 -0.98661
    outer loop
      vertex -91.38 12 -48.7094
      vertex -91.0733 32 -48.6587
      vertex -91.0733 12 -48.6587
    endloop
  endfacet
  facet normal 0.163095 0 -0.98661
    outer loop
      vertex -91.0733 32 -48.6587
      vertex -91.38 12 -48.7094
      vertex -91.38 32 -48.7094
    endloop
  endfacet
  facet normal 0.29024 0 -0.956954
    outer loop
      vertex -90.7706 12 -48.5881
      vertex -90.4732 32 -48.4979
      vertex -90.4732 12 -48.4979
    endloop
  endfacet
  facet normal 0.29024 0 -0.956954
    outer loop
      vertex -90.4732 32 -48.4979
      vertex -90.7706 12 -48.5881
      vertex -90.7706 32 -48.5881
    endloop
  endfacet
  facet normal 0.582668 0 -0.81271
    outer loop
      vertex -89.361 12 -47.9495
      vertex -89.1084 32 -47.7684
      vertex -89.1084 12 -47.7684
    endloop
  endfacet
  facet normal 0.582668 0 -0.81271
    outer loop
      vertex -89.1084 32 -47.7684
      vertex -89.361 12 -47.9495
      vertex -89.361 32 -47.9495
    endloop
  endfacet
  facet normal 0.634376 0 -0.773025
    outer loop
      vertex -89.1084 12 -47.7684
      vertex -88.8681 32 -47.5712
      vertex -88.8681 12 -47.5712
    endloop
  endfacet
  facet normal 0.634376 0 -0.773025
    outer loop
      vertex -88.8681 32 -47.5712
      vertex -89.1084 12 -47.7684
      vertex -89.1084 32 -47.7684
    endloop
  endfacet
  facet normal 0.910883 0 -0.412664
    outer loop
      vertex -87.6116 12 -45.8177
      vertex -87.7399 32 -46.1009
      vertex -87.6116 32 -45.8177
    endloop
  endfacet
  facet normal 0.910883 0 -0.412664
    outer loop
      vertex -87.7399 32 -46.1009
      vertex -87.6116 12 -45.8177
      vertex -87.7399 12 -46.1009
    endloop
  endfacet
  facet normal 0.881934 0 -0.471373
    outer loop
      vertex -87.7399 12 -46.1009
      vertex -87.8864 32 -46.375
      vertex -87.7399 32 -46.1009
    endloop
  endfacet
  facet normal 0.881934 0 -0.471373
    outer loop
      vertex -87.8864 32 -46.375
      vertex -87.7399 12 -46.1009
      vertex -87.8864 12 -46.375
    endloop
  endfacet
  facet normal 0.935892 0 -0.352287
    outer loop
      vertex -87.5021 12 -45.5268
      vertex -87.6116 32 -45.8177
      vertex -87.5021 32 -45.5268
    endloop
  endfacet
  facet normal 0.935892 0 -0.352287
    outer loop
      vertex -87.6116 32 -45.8177
      vertex -87.5021 12 -45.5268
      vertex -87.6116 12 -45.8177
    endloop
  endfacet
  facet normal 0.956865 0 -0.290534
    outer loop
      vertex -87.4118 12 -45.2294
      vertex -87.5021 32 -45.5268
      vertex -87.4118 32 -45.2294
    endloop
  endfacet
  facet normal 0.956865 0 -0.290534
    outer loop
      vertex -87.5021 32 -45.5268
      vertex -87.4118 12 -45.2294
      vertex -87.5021 12 -45.5268
    endloop
  endfacet
  facet normal -0.527915 0 -0.849297
    outer loop
      vertex -94.639 12 -47.9495
      vertex -94.375 32 -48.1136
      vertex -94.375 12 -48.1136
    endloop
  endfacet
  facet normal -0.527915 0 -0.849297
    outer loop
      vertex -94.375 32 -48.1136
      vertex -94.639 12 -47.9495
      vertex -94.639 32 -47.9495
    endloop
  endfacet
  facet normal -0.412664 0 -0.910883
    outer loop
      vertex -94.1009 12 -48.2601
      vertex -93.8177 32 -48.3884
      vertex -93.8177 12 -48.3884
    endloop
  endfacet
  facet normal -0.412664 0 -0.910883
    outer loop
      vertex -93.8177 32 -48.3884
      vertex -94.1009 12 -48.2601
      vertex -94.1009 32 -48.2601
    endloop
  endfacet
  facet normal -0.471373 0 -0.881934
    outer loop
      vertex -94.375 12 -48.1136
      vertex -94.1009 32 -48.2601
      vertex -94.1009 12 -48.2601
    endloop
  endfacet
  facet normal -0.471373 0 -0.881934
    outer loop
      vertex -94.1009 32 -48.2601
      vertex -94.375 12 -48.1136
      vertex -94.375 32 -48.1136
    endloop
  endfacet
  facet normal -0.29024 0 -0.956954
    outer loop
      vertex -93.5268 12 -48.4979
      vertex -93.2294 32 -48.5881
      vertex -93.2294 12 -48.5881
    endloop
  endfacet
  facet normal -0.29024 0 -0.956954
    outer loop
      vertex -93.2294 32 -48.5881
      vertex -93.5268 12 -48.4979
      vertex -93.5268 32 -48.4979
    endloop
  endfacet
  facet normal -0.227138 0 -0.973863
    outer loop
      vertex -93.2294 12 -48.5881
      vertex -92.9267 32 -48.6587
      vertex -92.9267 12 -48.6587
    endloop
  endfacet
  facet normal -0.227138 0 -0.973863
    outer loop
      vertex -92.9267 32 -48.6587
      vertex -93.2294 12 -48.5881
      vertex -93.2294 32 -48.5881
    endloop
  endfacet
  facet normal -0.0978151 0 -0.995205
    outer loop
      vertex -92.62 12 -48.7094
      vertex -92.3107 32 -48.7398
      vertex -92.3107 12 -48.7398
    endloop
  endfacet
  facet normal -0.0978151 0 -0.995205
    outer loop
      vertex -92.3107 32 -48.7398
      vertex -92.62 12 -48.7094
      vertex -92.62 32 -48.7094
    endloop
  endfacet
  facet normal -0.881934 0 -0.471373
    outer loop
      vertex -96.1136 12 -46.375
      vertex -96.2601 32 -46.1009
      vertex -96.1136 32 -46.375
    endloop
  endfacet
  facet normal -0.881934 -0 -0.471373
    outer loop
      vertex -96.2601 32 -46.1009
      vertex -96.1136 12 -46.375
      vertex -96.2601 12 -46.1009
    endloop
  endfacet
  facet normal -0.81271 0 -0.582668
    outer loop
      vertex -95.7684 12 -46.8916
      vertex -95.9495 32 -46.639
      vertex -95.7684 32 -46.8916
    endloop
  endfacet
  facet normal -0.81271 -0 -0.582668
    outer loop
      vertex -95.9495 32 -46.639
      vertex -95.7684 12 -46.8916
      vertex -95.9495 12 -46.639
    endloop
  endfacet
  facet normal -0.935892 0 -0.352287
    outer loop
      vertex -96.3884 12 -45.8177
      vertex -96.4979 32 -45.5268
      vertex -96.3884 32 -45.8177
    endloop
  endfacet
  facet normal -0.935892 -0 -0.352287
    outer loop
      vertex -96.4979 32 -45.5268
      vertex -96.3884 12 -45.8177
      vertex -96.4979 12 -45.5268
    endloop
  endfacet
  facet normal -0.98661 0 -0.163095
    outer loop
      vertex -96.6587 12 -44.9267
      vertex -96.7094 32 -44.62
      vertex -96.6587 32 -44.9267
    endloop
  endfacet
  facet normal -0.98661 -0 -0.163095
    outer loop
      vertex -96.7094 32 -44.62
      vertex -96.6587 12 -44.9267
      vertex -96.7094 12 -44.62
    endloop
  endfacet
  facet normal -0.999462 0 -0.0328114
    outer loop
      vertex -96.7398 12 -44.3107
      vertex -96.75 32 -44
      vertex -96.7398 32 -44.3107
    endloop
  endfacet
  facet normal -0.999462 -0 -0.0328114
    outer loop
      vertex -96.75 32 -44
      vertex -96.7398 12 -44.3107
      vertex -96.75 12 -44
    endloop
  endfacet
  facet normal -0.81271 0 0.582668
    outer loop
      vertex -95.9495 12 -41.361
      vertex -95.7684 32 -41.1084
      vertex -95.9495 32 -41.361
    endloop
  endfacet
  facet normal -0.81271 0 0.582668
    outer loop
      vertex -95.7684 32 -41.1084
      vertex -95.9495 12 -41.361
      vertex -95.7684 12 -41.1084
    endloop
  endfacet
  facet normal -0.29024 0 0.956954
    outer loop
      vertex -93.5268 32 -39.5021
      vertex -93.2294 12 -39.4119
      vertex -93.2294 32 -39.4119
    endloop
  endfacet
  facet normal -0.29024 0 0.956954
    outer loop
      vertex -93.2294 12 -39.4119
      vertex -93.5268 32 -39.5021
      vertex -93.5268 12 -39.5021
    endloop
  endfacet
  facet normal 0.0978151 0 -0.995205
    outer loop
      vertex -91.6893 12 -48.7398
      vertex -91.38 32 -48.7094
      vertex -91.38 12 -48.7094
    endloop
  endfacet
  facet normal 0.0978151 0 -0.995205
    outer loop
      vertex -91.38 32 -48.7094
      vertex -91.6893 12 -48.7398
      vertex -91.6893 32 -48.7398
    endloop
  endfacet
  facet normal 0.527915 0 -0.849297
    outer loop
      vertex -89.625 12 -48.1136
      vertex -89.361 32 -47.9495
      vertex -89.361 12 -47.9495
    endloop
  endfacet
  facet normal 0.527915 0 -0.849297
    outer loop
      vertex -89.361 32 -47.9495
      vertex -89.625 12 -48.1136
      vertex -89.625 32 -48.1136
    endloop
  endfacet
  facet normal 0.81271 0 -0.582668
    outer loop
      vertex -88.0505 12 -46.639
      vertex -88.2316 32 -46.8916
      vertex -88.0505 32 -46.639
    endloop
  endfacet
  facet normal 0.81271 0 -0.582668
    outer loop
      vertex -88.2316 32 -46.8916
      vertex -88.0505 12 -46.639
      vertex -88.2316 12 -46.8916
    endloop
  endfacet
  facet normal 0.98661 0 -0.163095
    outer loop
      vertex -87.2906 12 -44.62
      vertex -87.3413 32 -44.9267
      vertex -87.2906 32 -44.62
    endloop
  endfacet
  facet normal 0.98661 0 -0.163095
    outer loop
      vertex -87.3413 32 -44.9267
      vertex -87.2906 12 -44.62
      vertex -87.3413 12 -44.9267
    endloop
  endfacet
  facet normal -0.582668 0 -0.81271
    outer loop
      vertex -94.8916 12 -47.7684
      vertex -94.639 32 -47.9495
      vertex -94.639 12 -47.9495
    endloop
  endfacet
  facet normal -0.582668 0 -0.81271
    outer loop
      vertex -94.639 32 -47.9495
      vertex -94.8916 12 -47.7684
      vertex -94.8916 32 -47.7684
    endloop
  endfacet
  facet normal -0.849297 0 -0.527915
    outer loop
      vertex -95.9495 12 -46.639
      vertex -96.1136 32 -46.375
      vertex -95.9495 32 -46.639
    endloop
  endfacet
  facet normal -0.849297 -0 -0.527915
    outer loop
      vertex -96.1136 32 -46.375
      vertex -95.9495 12 -46.639
      vertex -96.1136 12 -46.375
    endloop
  endfacet
  facet normal -0.773025 0 -0.634376
    outer loop
      vertex -95.5712 12 -47.1319
      vertex -95.7684 32 -46.8916
      vertex -95.5712 32 -47.1319
    endloop
  endfacet
  facet normal -0.773025 -0 -0.634376
    outer loop
      vertex -95.7684 32 -46.8916
      vertex -95.5712 12 -47.1319
      vertex -95.7684 12 -46.8916
    endloop
  endfacet
  facet normal -0.995205 0 -0.0978151
    outer loop
      vertex -96.7094 12 -44.62
      vertex -96.7398 32 -44.3107
      vertex -96.7094 32 -44.62
    endloop
  endfacet
  facet normal -0.995205 -0 -0.0978151
    outer loop
      vertex -96.7398 32 -44.3107
      vertex -96.7094 12 -44.62
      vertex -96.7398 12 -44.3107
    endloop
  endfacet
  facet normal -0.999458 0 -0.0329078
    outer loop
      vertex -90.375 12 -44
      vertex -90.3785 32 -43.8937
      vertex -90.375 32 -44
    endloop
  endfacet
  facet normal -0.999458 -0 -0.0329078
    outer loop
      vertex -90.3785 32 -43.8937
      vertex -90.375 12 -44
      vertex -90.3785 12 -43.8937
    endloop
  endfacet
  facet normal 0.999458 0 -0.0329078
    outer loop
      vertex -93.6215 12 -43.8937
      vertex -93.625 32 -44
      vertex -93.6215 32 -43.8937
    endloop
  endfacet
  facet normal 0.999458 0 -0.0329078
    outer loop
      vertex -93.625 32 -44
      vertex -93.6215 12 -43.8937
      vertex -93.625 12 -44
    endloop
  endfacet
  facet normal -0.0329078 0 -0.999458
    outer loop
      vertex -92 12 -42.375
      vertex -91.8937 32 -42.3785
      vertex -91.8937 12 -42.3785
    endloop
  endfacet
  facet normal -0.0329078 0 -0.999458
    outer loop
      vertex -91.8937 32 -42.3785
      vertex -92 12 -42.375
      vertex -92 32 -42.375
    endloop
  endfacet
  facet normal 0.0329078 0 0.999458
    outer loop
      vertex -92.1063 32 -45.6215
      vertex -92 12 -45.625
      vertex -92 32 -45.625
    endloop
  endfacet
  facet normal 0.0329078 0 0.999458
    outer loop
      vertex -92 12 -45.625
      vertex -92.1063 32 -45.6215
      vertex -92.1063 12 -45.6215
    endloop
  endfacet
  facet normal -0.683691 0 -0.729772
    outer loop
      vertex -90.9286 12 -42.7783
      vertex -90.851 32 -42.851
      vertex -90.851 12 -42.851
    endloop
  endfacet
  facet normal -0.683691 0 -0.729772
    outer loop
      vertex -90.851 32 -42.851
      vertex -90.9286 12 -42.7783
      vertex -90.9286 32 -42.7783
    endloop
  endfacet
  facet normal 0.683691 0 -0.729772
    outer loop
      vertex -93.149 12 -42.851
      vertex -93.0714 32 -42.7783
      vertex -93.0714 12 -42.7783
    endloop
  endfacet
  facet normal 0.683691 0 -0.729772
    outer loop
      vertex -93.0714 32 -42.7783
      vertex -93.149 12 -42.851
      vertex -93.149 32 -42.851
    endloop
  endfacet
  facet normal 0.352359 0 -0.935865
    outer loop
      vertex -92.6219 12 -42.4987
      vertex -92.5223 32 -42.4612
      vertex -92.5223 12 -42.4612
    endloop
  endfacet
  facet normal 0.352359 0 -0.935865
    outer loop
      vertex -92.5223 32 -42.4612
      vertex -92.6219 12 -42.4987
      vertex -92.6219 32 -42.4987
    endloop
  endfacet
  facet normal -0.910721 0 -0.413023
    outer loop
      vertex -90.4987 12 -43.3781
      vertex -90.5426 32 -43.2813
      vertex -90.4987 32 -43.3781
    endloop
  endfacet
  facet normal -0.910721 -0 -0.413023
    outer loop
      vertex -90.5426 32 -43.2813
      vertex -90.4987 12 -43.3781
      vertex -90.5426 12 -43.2813
    endloop
  endfacet
  facet normal -0.352359 0 -0.935865
    outer loop
      vertex -91.4777 12 -42.4612
      vertex -91.3781 32 -42.4987
      vertex -91.3781 12 -42.4987
    endloop
  endfacet
  facet normal -0.352359 0 -0.935865
    outer loop
      vertex -91.3781 32 -42.4987
      vertex -91.4777 12 -42.4612
      vertex -91.4777 32 -42.4612
    endloop
  endfacet
  facet normal -0.528392 0 -0.849
    outer loop
      vertex -91.1875 12 -42.5927
      vertex -91.0972 32 -42.6489
      vertex -91.0972 12 -42.6489
    endloop
  endfacet
  facet normal -0.528392 0 -0.849
    outer loop
      vertex -91.0972 32 -42.6489
      vertex -91.1875 12 -42.5927
      vertex -91.1875 32 -42.5927
    endloop
  endfacet
  facet normal 0.910721 0 -0.413023
    outer loop
      vertex -93.4574 12 -43.2813
      vertex -93.5013 32 -43.3781
      vertex -93.4574 32 -43.2813
    endloop
  endfacet
  facet normal 0.910721 0 -0.413023
    outer loop
      vertex -93.5013 32 -43.3781
      vertex -93.4574 12 -43.2813
      vertex -93.5013 12 -43.3781
    endloop
  endfacet
  facet normal 0.162721 0 -0.986672
    outer loop
      vertex -92.317 12 -42.4062
      vertex -92.2121 32 -42.3889
      vertex -92.2121 12 -42.3889
    endloop
  endfacet
  facet normal 0.162721 0 -0.986672
    outer loop
      vertex -92.2121 32 -42.3889
      vertex -92.317 12 -42.4062
      vertex -92.317 32 -42.4062
    endloop
  endfacet
  facet normal -0.973786 0 -0.227467
    outer loop
      vertex -90.4062 12 -43.683
      vertex -90.4304 32 -43.5794
      vertex -90.4062 32 -43.683
    endloop
  endfacet
  facet normal -0.973786 -0 -0.227467
    outer loop
      vertex -90.4304 32 -43.5794
      vertex -90.4062 12 -43.683
      vertex -90.4304 12 -43.5794
    endloop
  endfacet
  facet normal -0.957072 0 -0.289851
    outer loop
      vertex -90.4304 12 -43.5794
      vertex -90.4612 32 -43.4777
      vertex -90.4304 32 -43.5794
    endloop
  endfacet
  facet normal -0.957072 -0 -0.289851
    outer loop
      vertex -90.4612 32 -43.4777
      vertex -90.4304 12 -43.5794
      vertex -90.4612 12 -43.4777
    endloop
  endfacet
  facet normal -0.812906 0 -0.582395
    outer loop
      vertex -90.6489 12 -43.0972
      vertex -90.7108 32 -43.0108
      vertex -90.6489 32 -43.0972
    endloop
  endfacet
  facet normal -0.812906 -0 -0.582395
    outer loop
      vertex -90.7108 32 -43.0108
      vertex -90.6489 12 -43.0972
      vertex -90.7108 12 -43.0108
    endloop
  endfacet
  facet normal -0.772825 0 -0.634619
    outer loop
      vertex -90.7108 12 -43.0108
      vertex -90.7783 32 -42.9286
      vertex -90.7108 32 -43.0108
    endloop
  endfacet
  facet normal -0.772825 -0 -0.634619
    outer loop
      vertex -90.7783 32 -42.9286
      vertex -90.7108 12 -43.0108
      vertex -90.7783 12 -42.9286
    endloop
  endfacet
  facet normal -0.849 0 -0.528392
    outer loop
      vertex -90.5927 12 -43.1875
      vertex -90.6489 32 -43.0972
      vertex -90.5927 32 -43.1875
    endloop
  endfacet
  facet normal -0.849 -0 -0.528392
    outer loop
      vertex -90.6489 32 -43.0972
      vertex -90.5927 12 -43.1875
      vertex -90.6489 12 -43.0972
    endloop
  endfacet
  facet normal -0.227467 0 -0.973786
    outer loop
      vertex -91.683 12 -42.4062
      vertex -91.5794 32 -42.4304
      vertex -91.5794 12 -42.4304
    endloop
  endfacet
  facet normal -0.227467 0 -0.973786
    outer loop
      vertex -91.5794 32 -42.4304
      vertex -91.683 12 -42.4062
      vertex -91.683 32 -42.4062
    endloop
  endfacet
  facet normal -0.289851 0 -0.957072
    outer loop
      vertex -91.5794 12 -42.4304
      vertex -91.4777 32 -42.4612
      vertex -91.4777 12 -42.4612
    endloop
  endfacet
  facet normal -0.289851 0 -0.957072
    outer loop
      vertex -91.4777 32 -42.4612
      vertex -91.5794 12 -42.4304
      vertex -91.5794 32 -42.4304
    endloop
  endfacet
  facet normal -0.162721 0 -0.986672
    outer loop
      vertex -91.7879 12 -42.3889
      vertex -91.683 32 -42.4062
      vertex -91.683 12 -42.4062
    endloop
  endfacet
  facet normal -0.162721 0 -0.986672
    outer loop
      vertex -91.683 32 -42.4062
      vertex -91.7879 12 -42.3889
      vertex -91.7879 32 -42.3889
    endloop
  endfacet
  facet normal -0.582395 0 -0.812906
    outer loop
      vertex -91.0972 12 -42.6489
      vertex -91.0108 32 -42.7108
      vertex -91.0108 12 -42.7108
    endloop
  endfacet
  facet normal -0.582395 0 -0.812906
    outer loop
      vertex -91.0108 32 -42.7108
      vertex -91.0972 12 -42.6489
      vertex -91.0972 32 -42.6489
    endloop
  endfacet
  facet normal 0.973786 0 -0.227467
    outer loop
      vertex -93.5696 12 -43.5794
      vertex -93.5938 32 -43.683
      vertex -93.5696 32 -43.5794
    endloop
  endfacet
  facet normal 0.973786 0 -0.227467
    outer loop
      vertex -93.5938 32 -43.683
      vertex -93.5696 12 -43.5794
      vertex -93.5938 12 -43.683
    endloop
  endfacet
  facet normal 0.812906 0 -0.582395
    outer loop
      vertex -93.2892 12 -43.0108
      vertex -93.3511 32 -43.0972
      vertex -93.2892 32 -43.0108
    endloop
  endfacet
  facet normal 0.812906 0 -0.582395
    outer loop
      vertex -93.3511 32 -43.0972
      vertex -93.2892 12 -43.0108
      vertex -93.3511 12 -43.0972
    endloop
  endfacet
  facet normal 0.729772 0 -0.683691
    outer loop
      vertex -93.149 12 -42.851
      vertex -93.2217 32 -42.9286
      vertex -93.149 32 -42.851
    endloop
  endfacet
  facet normal 0.729772 0 -0.683691
    outer loop
      vertex -93.2217 32 -42.9286
      vertex -93.149 12 -42.851
      vertex -93.2217 12 -42.9286
    endloop
  endfacet
  facet normal 0.849 0 -0.528392
    outer loop
      vertex -93.3511 12 -43.0972
      vertex -93.4073 32 -43.1875
      vertex -93.3511 32 -43.0972
    endloop
  endfacet
  facet normal 0.849 0 -0.528392
    outer loop
      vertex -93.4073 32 -43.1875
      vertex -93.3511 12 -43.0972
      vertex -93.4073 12 -43.1875
    endloop
  endfacet
  facet normal 0.935865 0 -0.352359
    outer loop
      vertex -93.5013 12 -43.3781
      vertex -93.5388 32 -43.4777
      vertex -93.5013 32 -43.3781
    endloop
  endfacet
  facet normal 0.935865 0 -0.352359
    outer loop
      vertex -93.5388 32 -43.4777
      vertex -93.5013 12 -43.3781
      vertex -93.5388 12 -43.4777
    endloop
  endfacet
  facet normal 0.986672 0 -0.162721
    outer loop
      vertex -93.5938 12 -43.683
      vertex -93.6111 32 -43.7879
      vertex -93.5938 32 -43.683
    endloop
  endfacet
  facet normal 0.986672 0 -0.162721
    outer loop
      vertex -93.6111 32 -43.7879
      vertex -93.5938 12 -43.683
      vertex -93.6111 12 -43.7879
    endloop
  endfacet
  facet normal 0.528392 0 -0.849
    outer loop
      vertex -92.9028 12 -42.6489
      vertex -92.8125 32 -42.5927
      vertex -92.8125 12 -42.5927
    endloop
  endfacet
  facet normal 0.528392 0 -0.849
    outer loop
      vertex -92.8125 32 -42.5927
      vertex -92.9028 12 -42.6489
      vertex -92.9028 32 -42.6489
    endloop
  endfacet
  facet normal 0.0978272 0 -0.995203
    outer loop
      vertex -92.2121 12 -42.3889
      vertex -92.1063 32 -42.3785
      vertex -92.1063 12 -42.3785
    endloop
  endfacet
  facet normal 0.0978272 0 -0.995203
    outer loop
      vertex -92.1063 32 -42.3785
      vertex -92.2121 12 -42.3889
      vertex -92.2121 32 -42.3889
    endloop
  endfacet
  facet normal 0.634619 0 0.772825
    outer loop
      vertex -93.0714 32 -45.2217
      vertex -92.9892 12 -45.2892
      vertex -92.9892 32 -45.2892
    endloop
  endfacet
  facet normal 0.634619 0 0.772825
    outer loop
      vertex -92.9892 12 -45.2892
      vertex -93.0714 32 -45.2217
      vertex -93.0714 12 -45.2217
    endloop
  endfacet
  facet normal 0.683691 0 0.729772
    outer loop
      vertex -93.149 32 -45.149
      vertex -93.0714 12 -45.2217
      vertex -93.0714 32 -45.2217
    endloop
  endfacet
  facet normal 0.683691 0 0.729772
    outer loop
      vertex -93.0714 12 -45.2217
      vertex -93.149 32 -45.149
      vertex -93.149 12 -45.149
    endloop
  endfacet
  facet normal 0.413023 0 0.910721
    outer loop
      vertex -92.7187 32 -45.4574
      vertex -92.6219 12 -45.5013
      vertex -92.6219 32 -45.5013
    endloop
  endfacet
  facet normal 0.413023 0 0.910721
    outer loop
      vertex -92.6219 12 -45.5013
      vertex -92.7187 32 -45.4574
      vertex -92.7187 12 -45.4574
    endloop
  endfacet
  facet normal 0.528392 0 0.849
    outer loop
      vertex -92.9028 32 -45.3511
      vertex -92.8125 12 -45.4073
      vertex -92.8125 32 -45.4073
    endloop
  endfacet
  facet normal 0.528392 0 0.849
    outer loop
      vertex -92.8125 12 -45.4073
      vertex -92.9028 32 -45.3511
      vertex -92.9028 12 -45.3511
    endloop
  endfacet
  facet normal 0.352359 0 0.935865
    outer loop
      vertex -92.6219 32 -45.5013
      vertex -92.5223 12 -45.5388
      vertex -92.5223 32 -45.5388
    endloop
  endfacet
  facet normal 0.352359 0 0.935865
    outer loop
      vertex -92.5223 12 -45.5388
      vertex -92.6219 32 -45.5013
      vertex -92.6219 12 -45.5013
    endloop
  endfacet
  facet normal 0.162721 0 0.986672
    outer loop
      vertex -92.317 32 -45.5938
      vertex -92.2121 12 -45.6111
      vertex -92.2121 32 -45.6111
    endloop
  endfacet
  facet normal 0.162721 0 0.986672
    outer loop
      vertex -92.2121 12 -45.6111
      vertex -92.317 32 -45.5938
      vertex -92.317 12 -45.5938
    endloop
  endfacet
  facet normal 0.849 -0 0.528392
    outer loop
      vertex -93.4073 12 -44.8125
      vertex -93.3511 32 -44.9028
      vertex -93.4073 32 -44.8125
    endloop
  endfacet
  facet normal 0.849 0 0.528392
    outer loop
      vertex -93.3511 32 -44.9028
      vertex -93.4073 12 -44.8125
      vertex -93.3511 12 -44.9028
    endloop
  endfacet
  facet normal 0.729772 -0 0.683691
    outer loop
      vertex -93.2217 12 -45.0714
      vertex -93.149 32 -45.149
      vertex -93.2217 32 -45.0714
    endloop
  endfacet
  facet normal 0.729772 0 0.683691
    outer loop
      vertex -93.149 32 -45.149
      vertex -93.2217 12 -45.0714
      vertex -93.149 12 -45.149
    endloop
  endfacet
  facet normal 0.935865 -0 0.352359
    outer loop
      vertex -93.5388 12 -44.5223
      vertex -93.5013 32 -44.6219
      vertex -93.5388 32 -44.5223
    endloop
  endfacet
  facet normal 0.935865 0 0.352359
    outer loop
      vertex -93.5013 32 -44.6219
      vertex -93.5388 12 -44.5223
      vertex -93.5013 12 -44.6219
    endloop
  endfacet
  facet normal -0.986672 0 -0.162721
    outer loop
      vertex -90.3889 12 -43.7879
      vertex -90.4062 32 -43.683
      vertex -90.3889 32 -43.7879
    endloop
  endfacet
  facet normal -0.986672 -0 -0.162721
    outer loop
      vertex -90.4062 32 -43.683
      vertex -90.3889 12 -43.7879
      vertex -90.4062 12 -43.683
    endloop
  endfacet
  facet normal -0.995203 0 -0.0978272
    outer loop
      vertex -90.3785 12 -43.8937
      vertex -90.3889 32 -43.7879
      vertex -90.3785 32 -43.8937
    endloop
  endfacet
  facet normal -0.995203 -0 -0.0978272
    outer loop
      vertex -90.3889 32 -43.7879
      vertex -90.3785 12 -43.8937
      vertex -90.3889 12 -43.7879
    endloop
  endfacet
  facet normal -0.935865 0 -0.352359
    outer loop
      vertex -90.4612 12 -43.4777
      vertex -90.4987 32 -43.3781
      vertex -90.4612 32 -43.4777
    endloop
  endfacet
  facet normal -0.935865 -0 -0.352359
    outer loop
      vertex -90.4987 32 -43.3781
      vertex -90.4612 12 -43.4777
      vertex -90.4987 12 -43.3781
    endloop
  endfacet
  facet normal -0.729772 0 -0.683691
    outer loop
      vertex -90.7783 12 -42.9286
      vertex -90.851 32 -42.851
      vertex -90.7783 32 -42.9286
    endloop
  endfacet
  facet normal -0.729772 -0 -0.683691
    outer loop
      vertex -90.851 32 -42.851
      vertex -90.7783 12 -42.9286
      vertex -90.851 12 -42.851
    endloop
  endfacet
  facet normal -0.882066 0 -0.471125
    outer loop
      vertex -90.5426 12 -43.2813
      vertex -90.5927 32 -43.1875
      vertex -90.5426 32 -43.2813
    endloop
  endfacet
  facet normal -0.882066 -0 -0.471125
    outer loop
      vertex -90.5927 32 -43.1875
      vertex -90.5426 12 -43.2813
      vertex -90.5927 12 -43.1875
    endloop
  endfacet
  facet normal -0.0978272 0 -0.995203
    outer loop
      vertex -91.8937 12 -42.3785
      vertex -91.7879 32 -42.3889
      vertex -91.7879 12 -42.3889
    endloop
  endfacet
  facet normal -0.0978272 0 -0.995203
    outer loop
      vertex -91.7879 32 -42.3889
      vertex -91.8937 12 -42.3785
      vertex -91.8937 32 -42.3785
    endloop
  endfacet
  facet normal -0.413023 0 -0.910721
    outer loop
      vertex -91.3781 12 -42.4987
      vertex -91.2813 32 -42.5426
      vertex -91.2813 12 -42.5426
    endloop
  endfacet
  facet normal -0.413023 0 -0.910721
    outer loop
      vertex -91.2813 32 -42.5426
      vertex -91.3781 12 -42.4987
      vertex -91.3781 32 -42.4987
    endloop
  endfacet
  facet normal -0.634619 0 -0.772825
    outer loop
      vertex -91.0108 12 -42.7108
      vertex -90.9286 32 -42.7783
      vertex -90.9286 12 -42.7783
    endloop
  endfacet
  facet normal -0.634619 0 -0.772825
    outer loop
      vertex -90.9286 32 -42.7783
      vertex -91.0108 12 -42.7108
      vertex -91.0108 32 -42.7108
    endloop
  endfacet
  facet normal 0.772825 0 -0.634619
    outer loop
      vertex -93.2217 12 -42.9286
      vertex -93.2892 32 -43.0108
      vertex -93.2217 32 -42.9286
    endloop
  endfacet
  facet normal 0.772825 0 -0.634619
    outer loop
      vertex -93.2892 32 -43.0108
      vertex -93.2217 12 -42.9286
      vertex -93.2892 12 -43.0108
    endloop
  endfacet
  facet normal 0.882066 0 -0.471125
    outer loop
      vertex -93.4073 12 -43.1875
      vertex -93.4574 32 -43.2813
      vertex -93.4073 32 -43.1875
    endloop
  endfacet
  facet normal 0.882066 0 -0.471125
    outer loop
      vertex -93.4574 32 -43.2813
      vertex -93.4073 12 -43.1875
      vertex -93.4574 12 -43.2813
    endloop
  endfacet
  facet normal 0.957072 0 -0.289851
    outer loop
      vertex -93.5388 12 -43.4777
      vertex -93.5696 32 -43.5794
      vertex -93.5388 32 -43.4777
    endloop
  endfacet
  facet normal 0.957072 0 -0.289851
    outer loop
      vertex -93.5696 32 -43.5794
      vertex -93.5388 12 -43.4777
      vertex -93.5696 12 -43.5794
    endloop
  endfacet
  facet normal 0.995203 0 -0.0978272
    outer loop
      vertex -93.6111 12 -43.7879
      vertex -93.6215 32 -43.8937
      vertex -93.6111 32 -43.7879
    endloop
  endfacet
  facet normal 0.995203 0 -0.0978272
    outer loop
      vertex -93.6215 32 -43.8937
      vertex -93.6111 12 -43.7879
      vertex -93.6215 12 -43.8937
    endloop
  endfacet
  facet normal 0.471125 0 -0.882066
    outer loop
      vertex -92.8125 12 -42.5927
      vertex -92.7187 32 -42.5426
      vertex -92.7187 12 -42.5426
    endloop
  endfacet
  facet normal 0.471125 0 -0.882066
    outer loop
      vertex -92.7187 32 -42.5426
      vertex -92.8125 12 -42.5927
      vertex -92.8125 32 -42.5927
    endloop
  endfacet
  facet normal 0.413023 0 -0.910721
    outer loop
      vertex -92.7187 12 -42.5426
      vertex -92.6219 32 -42.4987
      vertex -92.6219 12 -42.4987
    endloop
  endfacet
  facet normal 0.413023 0 -0.910721
    outer loop
      vertex -92.6219 32 -42.4987
      vertex -92.7187 12 -42.5426
      vertex -92.7187 32 -42.5426
    endloop
  endfacet
  facet normal 0.582395 0 -0.812906
    outer loop
      vertex -92.9892 12 -42.7108
      vertex -92.9028 32 -42.6489
      vertex -92.9028 12 -42.6489
    endloop
  endfacet
  facet normal 0.582395 0 -0.812906
    outer loop
      vertex -92.9028 32 -42.6489
      vertex -92.9892 12 -42.7108
      vertex -92.9892 32 -42.7108
    endloop
  endfacet
  facet normal 0.634619 0 -0.772825
    outer loop
      vertex -93.0714 12 -42.7783
      vertex -92.9892 32 -42.7108
      vertex -92.9892 12 -42.7108
    endloop
  endfacet
  facet normal 0.634619 0 -0.772825
    outer loop
      vertex -92.9892 32 -42.7108
      vertex -93.0714 12 -42.7783
      vertex -93.0714 32 -42.7783
    endloop
  endfacet
  facet normal 0.289851 0 -0.957072
    outer loop
      vertex -92.5223 12 -42.4612
      vertex -92.4206 32 -42.4304
      vertex -92.4206 12 -42.4304
    endloop
  endfacet
  facet normal 0.289851 0 -0.957072
    outer loop
      vertex -92.4206 32 -42.4304
      vertex -92.5223 12 -42.4612
      vertex -92.5223 32 -42.4612
    endloop
  endfacet
  facet normal 0.0329078 0 -0.999458
    outer loop
      vertex -92.1063 12 -42.3785
      vertex -92 32 -42.375
      vertex -92 12 -42.375
    endloop
  endfacet
  facet normal 0.0329078 0 -0.999458
    outer loop
      vertex -92 32 -42.375
      vertex -92.1063 12 -42.3785
      vertex -92.1063 32 -42.3785
    endloop
  endfacet
  facet normal -0.999458 0 0.0329078
    outer loop
      vertex -90.3785 12 -44.1063
      vertex -90.375 32 -44
      vertex -90.3785 32 -44.1063
    endloop
  endfacet
  facet normal -0.999458 0 0.0329078
    outer loop
      vertex -90.375 32 -44
      vertex -90.3785 12 -44.1063
      vertex -90.375 12 -44
    endloop
  endfacet
  facet normal -0.0329078 0 0.999458
    outer loop
      vertex -92 32 -45.625
      vertex -91.8937 12 -45.6215
      vertex -91.8937 32 -45.6215
    endloop
  endfacet
  facet normal -0.0329078 0 0.999458
    outer loop
      vertex -91.8937 12 -45.6215
      vertex -92 32 -45.625
      vertex -92 12 -45.625
    endloop
  endfacet
  facet normal -0.162721 0 0.986672
    outer loop
      vertex -91.7879 32 -45.6111
      vertex -91.683 12 -45.5938
      vertex -91.683 32 -45.5938
    endloop
  endfacet
  facet normal -0.162721 0 0.986672
    outer loop
      vertex -91.683 12 -45.5938
      vertex -91.7879 32 -45.6111
      vertex -91.7879 12 -45.6111
    endloop
  endfacet
  facet normal -0.289851 0 0.957072
    outer loop
      vertex -91.5794 32 -45.5696
      vertex -91.4777 12 -45.5388
      vertex -91.4777 32 -45.5388
    endloop
  endfacet
  facet normal -0.289851 0 0.957072
    outer loop
      vertex -91.4777 12 -45.5388
      vertex -91.5794 32 -45.5696
      vertex -91.5794 12 -45.5696
    endloop
  endfacet
  facet normal -0.352359 0 0.935865
    outer loop
      vertex -91.4777 32 -45.5388
      vertex -91.3781 12 -45.5013
      vertex -91.3781 32 -45.5013
    endloop
  endfacet
  facet normal -0.352359 0 0.935865
    outer loop
      vertex -91.3781 12 -45.5013
      vertex -91.4777 32 -45.5388
      vertex -91.4777 12 -45.5388
    endloop
  endfacet
  facet normal -0.227467 0 0.973786
    outer loop
      vertex -91.683 32 -45.5938
      vertex -91.5794 12 -45.5696
      vertex -91.5794 32 -45.5696
    endloop
  endfacet
  facet normal -0.227467 0 0.973786
    outer loop
      vertex -91.5794 12 -45.5696
      vertex -91.683 32 -45.5938
      vertex -91.683 12 -45.5938
    endloop
  endfacet
  facet normal -0.634619 0 0.772825
    outer loop
      vertex -91.0108 32 -45.2892
      vertex -90.9286 12 -45.2217
      vertex -90.9286 32 -45.2217
    endloop
  endfacet
  facet normal -0.634619 0 0.772825
    outer loop
      vertex -90.9286 12 -45.2217
      vertex -91.0108 32 -45.2892
      vertex -91.0108 12 -45.2892
    endloop
  endfacet
  facet normal -0.582395 0 0.812906
    outer loop
      vertex -91.0972 32 -45.3511
      vertex -91.0108 12 -45.2892
      vertex -91.0108 32 -45.2892
    endloop
  endfacet
  facet normal -0.582395 0 0.812906
    outer loop
      vertex -91.0108 12 -45.2892
      vertex -91.0972 32 -45.3511
      vertex -91.0972 12 -45.3511
    endloop
  endfacet
  facet normal -0.683691 0 0.729772
    outer loop
      vertex -90.9286 32 -45.2217
      vertex -90.851 12 -45.149
      vertex -90.851 32 -45.149
    endloop
  endfacet
  facet normal -0.683691 0 0.729772
    outer loop
      vertex -90.851 12 -45.149
      vertex -90.9286 32 -45.2217
      vertex -90.9286 12 -45.2217
    endloop
  endfacet
  facet normal -0.528392 0 0.849
    outer loop
      vertex -91.1875 32 -45.4073
      vertex -91.0972 12 -45.3511
      vertex -91.0972 32 -45.3511
    endloop
  endfacet
  facet normal -0.528392 0 0.849
    outer loop
      vertex -91.0972 12 -45.3511
      vertex -91.1875 32 -45.4073
      vertex -91.1875 12 -45.4073
    endloop
  endfacet
  facet normal -0.413023 0 0.910721
    outer loop
      vertex -91.3781 32 -45.5013
      vertex -91.2813 12 -45.4574
      vertex -91.2813 32 -45.4574
    endloop
  endfacet
  facet normal -0.413023 0 0.910721
    outer loop
      vertex -91.2813 12 -45.4574
      vertex -91.3781 32 -45.5013
      vertex -91.3781 12 -45.5013
    endloop
  endfacet
  facet normal -0.772825 0 0.634619
    outer loop
      vertex -90.7783 12 -45.0714
      vertex -90.7108 32 -44.9892
      vertex -90.7783 32 -45.0714
    endloop
  endfacet
  facet normal -0.772825 0 0.634619
    outer loop
      vertex -90.7108 32 -44.9892
      vertex -90.7783 12 -45.0714
      vertex -90.7108 12 -44.9892
    endloop
  endfacet
  facet normal -0.849 0 0.528392
    outer loop
      vertex -90.6489 12 -44.9028
      vertex -90.5927 32 -44.8125
      vertex -90.6489 32 -44.9028
    endloop
  endfacet
  facet normal -0.849 0 0.528392
    outer loop
      vertex -90.5927 32 -44.8125
      vertex -90.6489 12 -44.9028
      vertex -90.5927 12 -44.8125
    endloop
  endfacet
  facet normal -0.910721 0 0.413023
    outer loop
      vertex -90.5426 12 -44.7187
      vertex -90.4987 32 -44.6219
      vertex -90.5426 32 -44.7187
    endloop
  endfacet
  facet normal -0.910721 0 0.413023
    outer loop
      vertex -90.4987 32 -44.6219
      vertex -90.5426 12 -44.7187
      vertex -90.4987 12 -44.6219
    endloop
  endfacet
  facet normal -0.935865 0 0.352359
    outer loop
      vertex -90.4987 12 -44.6219
      vertex -90.4612 32 -44.5223
      vertex -90.4987 32 -44.6219
    endloop
  endfacet
  facet normal -0.935865 0 0.352359
    outer loop
      vertex -90.4612 32 -44.5223
      vertex -90.4987 12 -44.6219
      vertex -90.4612 12 -44.5223
    endloop
  endfacet
  facet normal -0.882066 0 0.471125
    outer loop
      vertex -90.5927 12 -44.8125
      vertex -90.5426 32 -44.7187
      vertex -90.5927 32 -44.8125
    endloop
  endfacet
  facet normal -0.882066 0 0.471125
    outer loop
      vertex -90.5426 32 -44.7187
      vertex -90.5927 12 -44.8125
      vertex -90.5426 12 -44.7187
    endloop
  endfacet
  facet normal -0.986672 0 0.162721
    outer loop
      vertex -90.4062 12 -44.317
      vertex -90.3889 32 -44.2121
      vertex -90.4062 32 -44.317
    endloop
  endfacet
  facet normal -0.986672 0 0.162721
    outer loop
      vertex -90.3889 32 -44.2121
      vertex -90.4062 12 -44.317
      vertex -90.3889 12 -44.2121
    endloop
  endfacet
  facet normal -0.957072 0 0.289851
    outer loop
      vertex -90.4612 12 -44.5223
      vertex -90.4304 32 -44.4206
      vertex -90.4612 32 -44.5223
    endloop
  endfacet
  facet normal -0.957072 0 0.289851
    outer loop
      vertex -90.4304 32 -44.4206
      vertex -90.4612 12 -44.5223
      vertex -90.4304 12 -44.4206
    endloop
  endfacet
  facet normal 0.471125 0 0.882066
    outer loop
      vertex -92.8125 32 -45.4073
      vertex -92.7187 12 -45.4574
      vertex -92.7187 32 -45.4574
    endloop
  endfacet
  facet normal 0.471125 0 0.882066
    outer loop
      vertex -92.7187 12 -45.4574
      vertex -92.8125 32 -45.4073
      vertex -92.8125 12 -45.4073
    endloop
  endfacet
  facet normal 0.289851 0 0.957072
    outer loop
      vertex -92.5223 32 -45.5388
      vertex -92.4206 12 -45.5696
      vertex -92.4206 32 -45.5696
    endloop
  endfacet
  facet normal 0.289851 0 0.957072
    outer loop
      vertex -92.4206 12 -45.5696
      vertex -92.5223 32 -45.5388
      vertex -92.5223 12 -45.5388
    endloop
  endfacet
  facet normal 0.0978272 0 0.995203
    outer loop
      vertex -92.2121 32 -45.6111
      vertex -92.1063 12 -45.6215
      vertex -92.1063 32 -45.6215
    endloop
  endfacet
  facet normal 0.0978272 0 0.995203
    outer loop
      vertex -92.1063 12 -45.6215
      vertex -92.2121 32 -45.6111
      vertex -92.2121 12 -45.6111
    endloop
  endfacet
  facet normal 0.910721 -0 0.413023
    outer loop
      vertex -93.5013 12 -44.6219
      vertex -93.4574 32 -44.7187
      vertex -93.5013 32 -44.6219
    endloop
  endfacet
  facet normal 0.910721 0 0.413023
    outer loop
      vertex -93.4574 32 -44.7187
      vertex -93.5013 12 -44.6219
      vertex -93.4574 12 -44.7187
    endloop
  endfacet
  facet normal 0.882066 -0 0.471125
    outer loop
      vertex -93.4574 12 -44.7187
      vertex -93.4073 32 -44.8125
      vertex -93.4574 32 -44.7187
    endloop
  endfacet
  facet normal 0.882066 0 0.471125
    outer loop
      vertex -93.4073 32 -44.8125
      vertex -93.4574 12 -44.7187
      vertex -93.4073 12 -44.8125
    endloop
  endfacet
  facet normal 0.812906 -0 0.582395
    outer loop
      vertex -93.3511 12 -44.9028
      vertex -93.2892 32 -44.9892
      vertex -93.3511 32 -44.9028
    endloop
  endfacet
  facet normal 0.812906 0 0.582395
    outer loop
      vertex -93.2892 32 -44.9892
      vertex -93.3511 12 -44.9028
      vertex -93.2892 12 -44.9892
    endloop
  endfacet
  facet normal 0.772825 -0 0.634619
    outer loop
      vertex -93.2892 12 -44.9892
      vertex -93.2217 32 -45.0714
      vertex -93.2892 32 -44.9892
    endloop
  endfacet
  facet normal 0.772825 0 0.634619
    outer loop
      vertex -93.2217 32 -45.0714
      vertex -93.2892 12 -44.9892
      vertex -93.2217 12 -45.0714
    endloop
  endfacet
  facet normal 0.973786 -0 0.227467
    outer loop
      vertex -93.5938 12 -44.317
      vertex -93.5696 32 -44.4206
      vertex -93.5938 32 -44.317
    endloop
  endfacet
  facet normal 0.973786 0 0.227467
    outer loop
      vertex -93.5696 32 -44.4206
      vertex -93.5938 12 -44.317
      vertex -93.5696 12 -44.4206
    endloop
  endfacet
  facet normal 0.957072 -0 0.289851
    outer loop
      vertex -93.5696 12 -44.4206
      vertex -93.5388 32 -44.5223
      vertex -93.5696 32 -44.4206
    endloop
  endfacet
  facet normal 0.957072 0 0.289851
    outer loop
      vertex -93.5388 32 -44.5223
      vertex -93.5696 12 -44.4206
      vertex -93.5388 12 -44.5223
    endloop
  endfacet
  facet normal 0.986672 -0 0.162721
    outer loop
      vertex -93.6111 12 -44.2121
      vertex -93.5938 32 -44.317
      vertex -93.6111 32 -44.2121
    endloop
  endfacet
  facet normal 0.986672 0 0.162721
    outer loop
      vertex -93.5938 32 -44.317
      vertex -93.6111 12 -44.2121
      vertex -93.5938 12 -44.317
    endloop
  endfacet
  facet normal 0.999458 -0 0.0329078
    outer loop
      vertex -93.625 12 -44
      vertex -93.6215 32 -44.1063
      vertex -93.625 32 -44
    endloop
  endfacet
  facet normal 0.999458 0 0.0329078
    outer loop
      vertex -93.6215 32 -44.1063
      vertex -93.625 12 -44
      vertex -93.6215 12 -44.1063
    endloop
  endfacet
  facet normal -0.471125 0 -0.882066
    outer loop
      vertex -91.2813 12 -42.5426
      vertex -91.1875 32 -42.5927
      vertex -91.1875 12 -42.5927
    endloop
  endfacet
  facet normal -0.471125 0 -0.882066
    outer loop
      vertex -91.1875 32 -42.5927
      vertex -91.2813 12 -42.5426
      vertex -91.2813 32 -42.5426
    endloop
  endfacet
  facet normal 0.227467 0 -0.973786
    outer loop
      vertex -92.4206 12 -42.4304
      vertex -92.317 32 -42.4062
      vertex -92.317 12 -42.4062
    endloop
  endfacet
  facet normal 0.227467 0 -0.973786
    outer loop
      vertex -92.317 32 -42.4062
      vertex -92.4206 12 -42.4304
      vertex -92.4206 32 -42.4304
    endloop
  endfacet
  facet normal -0.0978272 0 0.995203
    outer loop
      vertex -91.8937 32 -45.6215
      vertex -91.7879 12 -45.6111
      vertex -91.7879 32 -45.6111
    endloop
  endfacet
  facet normal -0.0978272 0 0.995203
    outer loop
      vertex -91.7879 12 -45.6111
      vertex -91.8937 32 -45.6215
      vertex -91.8937 12 -45.6215
    endloop
  endfacet
  facet normal -0.729772 0 0.683691
    outer loop
      vertex -90.851 12 -45.149
      vertex -90.7783 32 -45.0714
      vertex -90.851 32 -45.149
    endloop
  endfacet
  facet normal -0.729772 0 0.683691
    outer loop
      vertex -90.7783 32 -45.0714
      vertex -90.851 12 -45.149
      vertex -90.7783 12 -45.0714
    endloop
  endfacet
  facet normal -0.471125 0 0.882066
    outer loop
      vertex -91.2813 32 -45.4574
      vertex -91.1875 12 -45.4073
      vertex -91.1875 32 -45.4073
    endloop
  endfacet
  facet normal -0.471125 0 0.882066
    outer loop
      vertex -91.1875 12 -45.4073
      vertex -91.2813 32 -45.4574
      vertex -91.2813 12 -45.4574
    endloop
  endfacet
  facet normal -0.812906 0 0.582395
    outer loop
      vertex -90.7108 12 -44.9892
      vertex -90.6489 32 -44.9028
      vertex -90.7108 32 -44.9892
    endloop
  endfacet
  facet normal -0.812906 0 0.582395
    outer loop
      vertex -90.6489 32 -44.9028
      vertex -90.7108 12 -44.9892
      vertex -90.6489 12 -44.9028
    endloop
  endfacet
  facet normal -0.995203 0 0.0978272
    outer loop
      vertex -90.3889 12 -44.2121
      vertex -90.3785 32 -44.1063
      vertex -90.3889 32 -44.2121
    endloop
  endfacet
  facet normal -0.995203 0 0.0978272
    outer loop
      vertex -90.3785 32 -44.1063
      vertex -90.3889 12 -44.2121
      vertex -90.3785 12 -44.1063
    endloop
  endfacet
  facet normal -0.973786 0 0.227467
    outer loop
      vertex -90.4304 12 -44.4206
      vertex -90.4062 32 -44.317
      vertex -90.4304 32 -44.4206
    endloop
  endfacet
  facet normal -0.973786 0 0.227467
    outer loop
      vertex -90.4062 32 -44.317
      vertex -90.4304 12 -44.4206
      vertex -90.4062 12 -44.317
    endloop
  endfacet
  facet normal 0.582395 0 0.812906
    outer loop
      vertex -92.9892 32 -45.2892
      vertex -92.9028 12 -45.3511
      vertex -92.9028 32 -45.3511
    endloop
  endfacet
  facet normal 0.582395 0 0.812906
    outer loop
      vertex -92.9028 12 -45.3511
      vertex -92.9892 32 -45.2892
      vertex -92.9892 12 -45.2892
    endloop
  endfacet
  facet normal 0.227467 0 0.973786
    outer loop
      vertex -92.4206 32 -45.5696
      vertex -92.317 12 -45.5938
      vertex -92.317 32 -45.5938
    endloop
  endfacet
  facet normal 0.227467 0 0.973786
    outer loop
      vertex -92.317 12 -45.5938
      vertex -92.4206 32 -45.5696
      vertex -92.4206 12 -45.5696
    endloop
  endfacet
  facet normal 0.995203 -0 0.0978272
    outer loop
      vertex -93.6215 12 -44.1063
      vertex -93.6111 32 -44.2121
      vertex -93.6215 32 -44.1063
    endloop
  endfacet
  facet normal 0.995203 0 0.0978272
    outer loop
      vertex -93.6111 32 -44.2121
      vertex -93.6215 12 -44.1063
      vertex -93.6111 12 -44.2121
    endloop
  endfacet
  facet normal 0.999462 -0 0.0328114
    outer loop
      vertex -87.2602 12 46.3107
      vertex -87.25 32 46
      vertex -87.2602 32 46.3107
    endloop
  endfacet
  facet normal 0.999462 0 0.0328114
    outer loop
      vertex -87.25 32 46
      vertex -87.2602 12 46.3107
      vertex -87.25 12 46
    endloop
  endfacet
  facet normal -0.999462 0 0.0328114
    outer loop
      vertex -96.75 12 46
      vertex -96.7398 32 46.3107
      vertex -96.75 32 46
    endloop
  endfacet
  facet normal -0.999462 0 0.0328114
    outer loop
      vertex -96.7398 32 46.3107
      vertex -96.75 12 46
      vertex -96.7398 12 46.3107
    endloop
  endfacet
  facet normal 0.0328114 0 0.999462
    outer loop
      vertex -92 32 50.75
      vertex -91.6893 12 50.7398
      vertex -91.6893 32 50.7398
    endloop
  endfacet
  facet normal 0.0328114 0 0.999462
    outer loop
      vertex -91.6893 12 50.7398
      vertex -92 32 50.75
      vertex -92 12 50.75
    endloop
  endfacet
  facet normal -0.0328114 0 -0.999462
    outer loop
      vertex -92.3107 12 41.2602
      vertex -92 32 41.25
      vertex -92 12 41.25
    endloop
  endfacet
  facet normal -0.0328114 0 -0.999462
    outer loop
      vertex -92 32 41.25
      vertex -92.3107 12 41.2602
      vertex -92.3107 32 41.2602
    endloop
  endfacet
  facet normal 0.730049 -0 0.683395
    outer loop
      vertex -88.6412 12 49.3588
      vertex -88.4288 32 49.1319
      vertex -88.6412 32 49.3588
    endloop
  endfacet
  facet normal 0.730049 0 0.683395
    outer loop
      vertex -88.4288 32 49.1319
      vertex -88.6412 12 49.3588
      vertex -88.4288 12 49.1319
    endloop
  endfacet
  facet normal -0.683395 0 0.730049
    outer loop
      vertex -95.3588 32 49.3588
      vertex -95.1319 12 49.5712
      vertex -95.1319 32 49.5712
    endloop
  endfacet
  facet normal -0.683395 0 0.730049
    outer loop
      vertex -95.1319 12 49.5712
      vertex -95.3588 32 49.3588
      vertex -95.3588 12 49.3588
    endloop
  endfacet
  facet normal -0.973934 0 -0.226833
    outer loop
      vertex -96.5882 12 44.7706
      vertex -96.6587 32 45.0733
      vertex -96.5882 32 44.7706
    endloop
  endfacet
  facet normal -0.973934 -0 -0.226833
    outer loop
      vertex -96.6587 32 45.0733
      vertex -96.5882 12 44.7706
      vertex -96.6587 12 45.0733
    endloop
  endfacet
  facet normal 0.935892 -0 0.352287
    outer loop
      vertex -87.6116 12 47.8177
      vertex -87.5021 32 47.5268
      vertex -87.6116 32 47.8177
    endloop
  endfacet
  facet normal 0.935892 0 0.352287
    outer loop
      vertex -87.5021 32 47.5268
      vertex -87.6116 12 47.8177
      vertex -87.5021 12 47.5268
    endloop
  endfacet
  facet normal 0.412664 0 0.910883
    outer loop
      vertex -90.1823 32 50.3884
      vertex -89.8991 12 50.2601
      vertex -89.8991 32 50.2601
    endloop
  endfacet
  facet normal 0.412664 0 0.910883
    outer loop
      vertex -89.8991 12 50.2601
      vertex -90.1823 32 50.3884
      vertex -90.1823 12 50.3884
    endloop
  endfacet
  facet normal -0.849297 0 0.527915
    outer loop
      vertex -96.1136 12 48.375
      vertex -95.9495 32 48.639
      vertex -96.1136 32 48.375
    endloop
  endfacet
  facet normal -0.849297 0 0.527915
    outer loop
      vertex -95.9495 32 48.639
      vertex -96.1136 12 48.375
      vertex -95.9495 12 48.639
    endloop
  endfacet
  facet normal -0.773025 0 0.634376
    outer loop
      vertex -95.7684 12 48.8916
      vertex -95.5712 32 49.1319
      vertex -95.7684 32 48.8916
    endloop
  endfacet
  facet normal -0.773025 0 0.634376
    outer loop
      vertex -95.5712 32 49.1319
      vertex -95.7684 12 48.8916
      vertex -95.5712 12 49.1319
    endloop
  endfacet
  facet normal -0.163095 0 0.98661
    outer loop
      vertex -92.9267 32 50.6587
      vertex -92.62 12 50.7094
      vertex -92.62 32 50.7094
    endloop
  endfacet
  facet normal -0.163095 0 0.98661
    outer loop
      vertex -92.62 12 50.7094
      vertex -92.9267 32 50.6587
      vertex -92.9267 12 50.6587
    endloop
  endfacet
  facet normal 0.849297 0 -0.527915
    outer loop
      vertex -87.8864 12 43.625
      vertex -88.0505 32 43.361
      vertex -87.8864 32 43.625
    endloop
  endfacet
  facet normal 0.849297 0 -0.527915
    outer loop
      vertex -88.0505 32 43.361
      vertex -87.8864 12 43.625
      vertex -88.0505 12 43.361
    endloop
  endfacet
  facet normal 0.227138 0 -0.973863
    outer loop
      vertex -91.0733 12 41.3413
      vertex -90.7706 32 41.4119
      vertex -90.7706 12 41.4119
    endloop
  endfacet
  facet normal 0.227138 0 -0.973863
    outer loop
      vertex -90.7706 32 41.4119
      vertex -91.0733 12 41.3413
      vertex -91.0733 32 41.3413
    endloop
  endfacet
  facet normal 0.683395 0 -0.730049
    outer loop
      vertex -88.8681 12 42.4288
      vertex -88.6412 32 42.6412
      vertex -88.6412 12 42.6412
    endloop
  endfacet
  facet normal 0.683395 0 -0.730049
    outer loop
      vertex -88.6412 32 42.6412
      vertex -88.8681 12 42.4288
      vertex -88.8681 32 42.4288
    endloop
  endfacet
  facet normal 0.773025 0 -0.634376
    outer loop
      vertex -88.2316 12 43.1084
      vertex -88.4288 32 42.8681
      vertex -88.2316 32 43.1084
    endloop
  endfacet
  facet normal 0.773025 0 -0.634376
    outer loop
      vertex -88.4288 32 42.8681
      vertex -88.2316 12 43.1084
      vertex -88.4288 12 42.8681
    endloop
  endfacet
  facet normal -0.352287 0 -0.935892
    outer loop
      vertex -93.8177 12 41.6116
      vertex -93.5268 32 41.5021
      vertex -93.5268 12 41.5021
    endloop
  endfacet
  facet normal -0.352287 0 -0.935892
    outer loop
      vertex -93.5268 32 41.5021
      vertex -93.8177 12 41.6116
      vertex -93.8177 32 41.6116
    endloop
  endfacet
  facet normal -0.730049 0 -0.683395
    outer loop
      vertex -95.3588 12 42.6412
      vertex -95.5712 32 42.8681
      vertex -95.3588 32 42.6412
    endloop
  endfacet
  facet normal -0.730049 -0 -0.683395
    outer loop
      vertex -95.5712 32 42.8681
      vertex -95.3588 12 42.6412
      vertex -95.5712 12 42.8681
    endloop
  endfacet
  facet normal 0.98661 -0 0.163095
    outer loop
      vertex -87.3413 12 46.9267
      vertex -87.2906 32 46.62
      vertex -87.3413 32 46.9267
    endloop
  endfacet
  facet normal 0.98661 0 0.163095
    outer loop
      vertex -87.2906 32 46.62
      vertex -87.3413 12 46.9267
      vertex -87.2906 12 46.62
    endloop
  endfacet
  facet normal 0.995205 -0 0.0978151
    outer loop
      vertex -87.2906 12 46.62
      vertex -87.2602 32 46.3107
      vertex -87.2906 32 46.62
    endloop
  endfacet
  facet normal 0.995205 0 0.0978151
    outer loop
      vertex -87.2602 32 46.3107
      vertex -87.2906 12 46.62
      vertex -87.2602 12 46.3107
    endloop
  endfacet
  facet normal 0.973934 -0 0.226833
    outer loop
      vertex -87.4118 12 47.2294
      vertex -87.3413 32 46.9267
      vertex -87.4118 32 47.2294
    endloop
  endfacet
  facet normal 0.973934 0 0.226833
    outer loop
      vertex -87.3413 32 46.9267
      vertex -87.4118 12 47.2294
      vertex -87.3413 12 46.9267
    endloop
  endfacet
  facet normal 0.910883 -0 0.412664
    outer loop
      vertex -87.7399 12 48.1009
      vertex -87.6116 32 47.8177
      vertex -87.7399 32 48.1009
    endloop
  endfacet
  facet normal 0.910883 0 0.412664
    outer loop
      vertex -87.6116 32 47.8177
      vertex -87.7399 12 48.1009
      vertex -87.6116 12 47.8177
    endloop
  endfacet
  facet normal 0.227138 0 0.973863
    outer loop
      vertex -91.0733 32 50.6587
      vertex -90.7706 12 50.5881
      vertex -90.7706 32 50.5881
    endloop
  endfacet
  facet normal 0.227138 0 0.973863
    outer loop
      vertex -90.7706 12 50.5881
      vertex -91.0733 32 50.6587
      vertex -91.0733 12 50.6587
    endloop
  endfacet
  facet normal 0.29024 0 0.956954
    outer loop
      vertex -90.7706 32 50.5881
      vertex -90.4732 12 50.4979
      vertex -90.4732 32 50.4979
    endloop
  endfacet
  facet normal 0.29024 0 0.956954
    outer loop
      vertex -90.4732 12 50.4979
      vertex -90.7706 32 50.5881
      vertex -90.7706 12 50.5881
    endloop
  endfacet
  facet normal 0.163095 0 0.98661
    outer loop
      vertex -91.38 32 50.7094
      vertex -91.0733 12 50.6587
      vertex -91.0733 32 50.6587
    endloop
  endfacet
  facet normal 0.163095 0 0.98661
    outer loop
      vertex -91.0733 12 50.6587
      vertex -91.38 32 50.7094
      vertex -91.38 12 50.7094
    endloop
  endfacet
  facet normal 0.683395 0 0.730049
    outer loop
      vertex -88.8681 32 49.5712
      vertex -88.6412 12 49.3588
      vertex -88.6412 32 49.3588
    endloop
  endfacet
  facet normal 0.683395 0 0.730049
    outer loop
      vertex -88.6412 12 49.3588
      vertex -88.8681 32 49.5712
      vertex -88.8681 12 49.5712
    endloop
  endfacet
  facet normal -0.973934 0 0.226833
    outer loop
      vertex -96.6587 12 46.9267
      vertex -96.5882 32 47.2294
      vertex -96.6587 32 46.9267
    endloop
  endfacet
  facet normal -0.973934 0 0.226833
    outer loop
      vertex -96.5882 32 47.2294
      vertex -96.6587 12 46.9267
      vertex -96.5882 12 47.2294
    endloop
  endfacet
  facet normal -0.730049 0 0.683395
    outer loop
      vertex -95.5712 12 49.1319
      vertex -95.3588 32 49.3588
      vertex -95.5712 32 49.1319
    endloop
  endfacet
  facet normal -0.730049 0 0.683395
    outer loop
      vertex -95.3588 32 49.3588
      vertex -95.5712 12 49.1319
      vertex -95.3588 12 49.3588
    endloop
  endfacet
  facet normal -0.910883 0 0.412664
    outer loop
      vertex -96.3884 12 47.8177
      vertex -96.2601 32 48.1009
      vertex -96.3884 32 47.8177
    endloop
  endfacet
  facet normal -0.910883 0 0.412664
    outer loop
      vertex -96.2601 32 48.1009
      vertex -96.3884 12 47.8177
      vertex -96.2601 12 48.1009
    endloop
  endfacet
  facet normal -0.881934 0 0.471373
    outer loop
      vertex -96.2601 12 48.1009
      vertex -96.1136 32 48.375
      vertex -96.2601 32 48.1009
    endloop
  endfacet
  facet normal -0.881934 0 0.471373
    outer loop
      vertex -96.1136 32 48.375
      vertex -96.2601 12 48.1009
      vertex -96.1136 12 48.375
    endloop
  endfacet
  facet normal -0.956865 0 0.290534
    outer loop
      vertex -96.5882 12 47.2294
      vertex -96.4979 32 47.5268
      vertex -96.5882 32 47.2294
    endloop
  endfacet
  facet normal -0.956865 0 0.290534
    outer loop
      vertex -96.4979 32 47.5268
      vertex -96.5882 12 47.2294
      vertex -96.4979 12 47.5268
    endloop
  endfacet
  facet normal -0.98661 0 0.163095
    outer loop
      vertex -96.7094 12 46.62
      vertex -96.6587 32 46.9267
      vertex -96.7094 32 46.62
    endloop
  endfacet
  facet normal -0.98661 0 0.163095
    outer loop
      vertex -96.6587 32 46.9267
      vertex -96.7094 12 46.62
      vertex -96.6587 12 46.9267
    endloop
  endfacet
  facet normal -0.471373 0 0.881934
    outer loop
      vertex -94.375 32 50.1136
      vertex -94.1009 12 50.2601
      vertex -94.1009 32 50.2601
    endloop
  endfacet
  facet normal -0.471373 0 0.881934
    outer loop
      vertex -94.1009 12 50.2601
      vertex -94.375 32 50.1136
      vertex -94.375 12 50.1136
    endloop
  endfacet
  facet normal -0.227138 0 0.973863
    outer loop
      vertex -93.2294 32 50.5881
      vertex -92.9267 12 50.6587
      vertex -92.9267 32 50.6587
    endloop
  endfacet
  facet normal -0.227138 0 0.973863
    outer loop
      vertex -92.9267 12 50.6587
      vertex -93.2294 32 50.5881
      vertex -93.2294 12 50.5881
    endloop
  endfacet
  facet normal -0.0978151 0 0.995205
    outer loop
      vertex -92.62 32 50.7094
      vertex -92.3107 12 50.7398
      vertex -92.3107 32 50.7398
    endloop
  endfacet
  facet normal -0.0978151 0 0.995205
    outer loop
      vertex -92.3107 12 50.7398
      vertex -92.62 32 50.7094
      vertex -92.62 12 50.7094
    endloop
  endfacet
  facet normal 0.352287 0 -0.935892
    outer loop
      vertex -90.4732 12 41.5021
      vertex -90.1823 32 41.6116
      vertex -90.1823 12 41.6116
    endloop
  endfacet
  facet normal 0.352287 0 -0.935892
    outer loop
      vertex -90.1823 32 41.6116
      vertex -90.4732 12 41.5021
      vertex -90.4732 32 41.5021
    endloop
  endfacet
  facet normal 0.412664 0 -0.910883
    outer loop
      vertex -90.1823 12 41.6116
      vertex -89.8991 32 41.7399
      vertex -89.8991 12 41.7399
    endloop
  endfacet
  facet normal 0.412664 0 -0.910883
    outer loop
      vertex -89.8991 32 41.7399
      vertex -90.1823 12 41.6116
      vertex -90.1823 32 41.6116
    endloop
  endfacet
  facet normal 0.471373 0 -0.881934
    outer loop
      vertex -89.8991 12 41.7399
      vertex -89.625 32 41.8864
      vertex -89.625 12 41.8864
    endloop
  endfacet
  facet normal 0.471373 0 -0.881934
    outer loop
      vertex -89.625 32 41.8864
      vertex -89.8991 12 41.7399
      vertex -89.8991 32 41.7399
    endloop
  endfacet
  facet normal 0.730049 0 -0.683395
    outer loop
      vertex -88.4288 12 42.8681
      vertex -88.6412 32 42.6412
      vertex -88.4288 32 42.8681
    endloop
  endfacet
  facet normal 0.730049 0 -0.683395
    outer loop
      vertex -88.6412 32 42.6412
      vertex -88.4288 12 42.8681
      vertex -88.6412 12 42.6412
    endloop
  endfacet
  facet normal 0.973934 0 -0.226833
    outer loop
      vertex -87.3413 12 45.0733
      vertex -87.4118 32 44.7706
      vertex -87.3413 32 45.0733
    endloop
  endfacet
  facet normal 0.973934 0 -0.226833
    outer loop
      vertex -87.4118 32 44.7706
      vertex -87.3413 12 45.0733
      vertex -87.4118 12 44.7706
    endloop
  endfacet
  facet normal 0.995205 0 -0.0978151
    outer loop
      vertex -87.2602 12 45.6893
      vertex -87.2906 32 45.38
      vertex -87.2602 32 45.6893
    endloop
  endfacet
  facet normal 0.995205 0 -0.0978151
    outer loop
      vertex -87.2906 32 45.38
      vertex -87.2602 12 45.6893
      vertex -87.2906 12 45.38
    endloop
  endfacet
  facet normal -0.683395 0 -0.730049
    outer loop
      vertex -95.3588 12 42.6412
      vertex -95.1319 32 42.4288
      vertex -95.1319 12 42.4288
    endloop
  endfacet
  facet normal -0.683395 0 -0.730049
    outer loop
      vertex -95.1319 32 42.4288
      vertex -95.3588 12 42.6412
      vertex -95.3588 32 42.6412
    endloop
  endfacet
  facet normal -0.634376 0 -0.773025
    outer loop
      vertex -95.1319 12 42.4288
      vertex -94.8916 32 42.2316
      vertex -94.8916 12 42.2316
    endloop
  endfacet
  facet normal -0.634376 0 -0.773025
    outer loop
      vertex -94.8916 32 42.2316
      vertex -95.1319 12 42.4288
      vertex -95.1319 32 42.4288
    endloop
  endfacet
  facet normal -0.163095 0 -0.98661
    outer loop
      vertex -92.9267 12 41.3413
      vertex -92.62 32 41.2906
      vertex -92.62 12 41.2906
    endloop
  endfacet
  facet normal -0.163095 0 -0.98661
    outer loop
      vertex -92.62 32 41.2906
      vertex -92.9267 12 41.3413
      vertex -92.9267 32 41.3413
    endloop
  endfacet
  facet normal -0.910883 0 -0.412664
    outer loop
      vertex -96.2601 12 43.8991
      vertex -96.3884 32 44.1823
      vertex -96.2601 32 43.8991
    endloop
  endfacet
  facet normal -0.910883 -0 -0.412664
    outer loop
      vertex -96.3884 32 44.1823
      vertex -96.2601 12 43.8991
      vertex -96.3884 12 44.1823
    endloop
  endfacet
  facet normal -0.956865 0 -0.290534
    outer loop
      vertex -96.4979 12 44.4732
      vertex -96.5882 32 44.7706
      vertex -96.4979 32 44.4732
    endloop
  endfacet
  facet normal -0.956865 -0 -0.290534
    outer loop
      vertex -96.5882 32 44.7706
      vertex -96.4979 12 44.4732
      vertex -96.5882 12 44.7706
    endloop
  endfacet
  facet normal 0 1 0
    outer loop
      vertex -92 32 47.625
      vertex -92 32 50.75
      vertex -91.6893 32 50.7398
    endloop
  endfacet
  facet normal 0 1 0
    outer loop
      vertex -91.8937 32 47.6215
      vertex -91.6893 32 50.7398
      vertex -91.38 32 50.7094
    endloop
  endfacet
  facet normal 0 1 0
    outer loop
      vertex -92 32 50.75
      vertex -92 32 47.625
      vertex -92.3107 32 50.7398
    endloop
  endfacet
  facet normal 0 1 0
    outer loop
      vertex -91.7879 32 47.6111
      vertex -91.38 32 50.7094
      vertex -91.0733 32 50.6587
    endloop
  endfacet
  facet normal 0 1 -0
    outer loop
      vertex -92.1063 32 47.6215
      vertex -92.3107 32 50.7398
      vertex -92 32 47.625
    endloop
  endfacet
  facet normal 0 1 0
    outer loop
      vertex -91.683 32 47.5938
      vertex -91.0733 32 50.6587
      vertex -90.7706 32 50.5881
    endloop
  endfacet
  facet normal 0 1 0
    outer loop
      vertex -92.3107 32 50.7398
      vertex -92.1063 32 47.6215
      vertex -92.62 32 50.7094
    endloop
  endfacet
  facet normal 0 1 0
    outer loop
      vertex -91.5794 32 47.5696
      vertex -90.7706 32 50.5881
      vertex -90.4732 32 50.4979
    endloop
  endfacet
  facet normal 0 1 -0
    outer loop
      vertex -92.2121 32 47.6111
      vertex -92.62 32 50.7094
      vertex -92.1063 32 47.6215
    endloop
  endfacet
  facet normal 0 1 0
    outer loop
      vertex -91.4777 32 47.5388
      vertex -90.4732 32 50.4979
      vertex -90.1823 32 50.3884
    endloop
  endfacet
  facet normal 0 1 0
    outer loop
      vertex -92.62 32 50.7094
      vertex -92.2121 32 47.6111
      vertex -92.9267 32 50.6587
    endloop
  endfacet
  facet normal 0 1 0
    outer loop
      vertex -91.3781 32 47.5013
      vertex -90.1823 32 50.3884
      vertex -89.8991 32 50.2601
    endloop
  endfacet
  facet normal 0 1 -0
    outer loop
      vertex -92.317 32 47.5938
      vertex -92.9267 32 50.6587
      vertex -92.2121 32 47.6111
    endloop
  endfacet
  facet normal 0 1 0
    outer loop
      vertex -91.2813 32 47.4574
      vertex -89.8991 32 50.2601
      vertex -89.625 32 50.1136
    endloop
  endfacet
  facet normal 0 1 0
    outer loop
      vertex -92.9267 32 50.6587
      vertex -92.317 32 47.5938
      vertex -93.2294 32 50.5881
    endloop
  endfacet
  facet normal 0 1 0
    outer loop
      vertex -91.1875 32 47.4073
      vertex -89.625 32 50.1136
      vertex -89.361 32 49.9495
    endloop
  endfacet
  facet normal 0 1 -0
    outer loop
      vertex -92.4206 32 47.5696
      vertex -93.2294 32 50.5881
      vertex -92.317 32 47.5938
    endloop
  endfacet
  facet normal 0 1 0
    outer loop
      vertex -91.0972 32 47.3511
      vertex -89.361 32 49.9495
      vertex -89.1084 32 49.7684
    endloop
  endfacet
  facet normal 0 1 0
    outer loop
      vertex -93.2294 32 50.5881
      vertex -92.4206 32 47.5696
      vertex -93.5268 32 50.4979
    endloop
  endfacet
  facet normal 0 1 0
    outer loop
      vertex -91.0108 32 47.2892
      vertex -89.1084 32 49.7684
      vertex -88.8681 32 49.5712
    endloop
  endfacet
  facet normal 0 1 -0
    outer loop
      vertex -92.5223 32 47.5388
      vertex -93.5268 32 50.4979
      vertex -92.4206 32 47.5696
    endloop
  endfacet
  facet normal 0 1 0
    outer loop
      vertex -90.9286 32 47.2217
      vertex -88.8681 32 49.5712
      vertex -88.6412 32 49.3588
    endloop
  endfacet
  facet normal 0 1 0
    outer loop
      vertex -93.5268 32 50.4979
      vertex -92.5223 32 47.5388
      vertex -93.8177 32 50.3884
    endloop
  endfacet
  facet normal 0 1 0
    outer loop
      vertex -90.851 32 47.149
      vertex -88.6412 32 49.3588
      vertex -88.4288 32 49.1319
    endloop
  endfacet
  facet normal 0 1 -0
    outer loop
      vertex -92.6219 32 47.5013
      vertex -93.8177 32 50.3884
      vertex -92.5223 32 47.5388
    endloop
  endfacet
  facet normal 0 1 0
    outer loop
      vertex -90.7783 32 47.0714
      vertex -88.4288 32 49.1319
      vertex -88.2316 32 48.8916
    endloop
  endfacet
  facet normal 0 1 0
    outer loop
      vertex -93.8177 32 50.3884
      vertex -92.6219 32 47.5013
      vertex -94.1009 32 50.2601
    endloop
  endfacet
  facet normal 0 1 0
    outer loop
      vertex -90.7108 32 46.9892
      vertex -88.2316 32 48.8916
      vertex -88.0505 32 48.639
    endloop
  endfacet
  facet normal 0 1 -0
    outer loop
      vertex -92.7187 32 47.4574
      vertex -94.1009 32 50.2601
      vertex -92.6219 32 47.5013
    endloop
  endfacet
  facet normal 0 1 0
    outer loop
      vertex -90.6489 32 46.9028
      vertex -88.0505 32 48.639
      vertex -87.8864 32 48.375
    endloop
  endfacet
  facet normal 0 1 0
    outer loop
      vertex -94.1009 32 50.2601
      vertex -92.7187 32 47.4574
      vertex -94.375 32 50.1136
    endloop
  endfacet
  facet normal 0 1 0
    outer loop
      vertex -90.5927 32 46.8125
      vertex -87.8864 32 48.375
      vertex -87.7399 32 48.1009
    endloop
  endfacet
  facet normal 0 1 -0
    outer loop
      vertex -92.8125 32 47.4073
      vertex -94.375 32 50.1136
      vertex -92.7187 32 47.4574
    endloop
  endfacet
  facet normal 0 1 0
    outer loop
      vertex -90.5426 32 46.7187
      vertex -87.7399 32 48.1009
      vertex -87.6116 32 47.8177
    endloop
  endfacet
  facet normal 0 1 0
    outer loop
      vertex -94.375 32 50.1136
      vertex -92.8125 32 47.4073
      vertex -94.639 32 49.9495
    endloop
  endfacet
  facet normal 0 1 -0
    outer loop
      vertex -92.9028 32 47.3511
      vertex -94.639 32 49.9495
      vertex -92.8125 32 47.4073
    endloop
  endfacet
  facet normal 0 1 0
    outer loop
      vertex -91.6893 32 50.7398
      vertex -91.8937 32 47.6215
      vertex -92 32 47.625
    endloop
  endfacet
  facet normal 0 1 0
    outer loop
      vertex -91.38 32 50.7094
      vertex -91.7879 32 47.6111
      vertex -91.8937 32 47.6215
    endloop
  endfacet
  facet normal 0 1 0
    outer loop
      vertex -91.0733 32 50.6587
      vertex -91.683 32 47.5938
      vertex -91.7879 32 47.6111
    endloop
  endfacet
  facet normal 0 1 0
    outer loop
      vertex -90.7706 32 50.5881
      vertex -91.5794 32 47.5696
      vertex -91.683 32 47.5938
    endloop
  endfacet
  facet normal 0 1 0
    outer loop
      vertex -90.4732 32 50.4979
      vertex -91.4777 32 47.5388
      vertex -91.5794 32 47.5696
    endloop
  endfacet
  facet normal 0 1 0
    outer loop
      vertex -90.4987 32 46.6219
      vertex -87.6116 32 47.8177
      vertex -87.5021 32 47.5268
    endloop
  endfacet
  facet normal 0 1 0
    outer loop
      vertex -90.1823 32 50.3884
      vertex -91.3781 32 47.5013
      vertex -91.4777 32 47.5388
    endloop
  endfacet
  facet normal 0 1 0
    outer loop
      vertex -89.8991 32 50.2601
      vertex -91.2813 32 47.4574
      vertex -91.3781 32 47.5013
    endloop
  endfacet
  facet normal 0 1 0
    outer loop
      vertex -89.625 32 50.1136
      vertex -91.1875 32 47.4073
      vertex -91.2813 32 47.4574
    endloop
  endfacet
  facet normal 0 1 0
    outer loop
      vertex -89.361 32 49.9495
      vertex -91.0972 32 47.3511
      vertex -91.1875 32 47.4073
    endloop
  endfacet
  facet normal 0 1 0
    outer loop
      vertex -89.1084 32 49.7684
      vertex -91.0108 32 47.2892
      vertex -91.0972 32 47.3511
    endloop
  endfacet
  facet normal 0 1 0
    outer loop
      vertex -90.4612 32 46.5223
      vertex -87.5021 32 47.5268
      vertex -87.4118 32 47.2294
    endloop
  endfacet
  facet normal 0 1 0
    outer loop
      vertex -88.8681 32 49.5712
      vertex -90.9286 32 47.2217
      vertex -91.0108 32 47.2892
    endloop
  endfacet
  facet normal 0 1 0
    outer loop
      vertex -88.6412 32 49.3588
      vertex -90.851 32 47.149
      vertex -90.9286 32 47.2217
    endloop
  endfacet
  facet normal 0 1 0
    outer loop
      vertex -88.4288 32 49.1319
      vertex -90.7783 32 47.0714
      vertex -90.851 32 47.149
    endloop
  endfacet
  facet normal 0 1 0
    outer loop
      vertex -88.2316 32 48.8916
      vertex -90.7108 32 46.9892
      vertex -90.7783 32 47.0714
    endloop
  endfacet
  facet normal 0 1 0
    outer loop
      vertex -90.4304 32 46.4206
      vertex -87.4118 32 47.2294
      vertex -87.3413 32 46.9267
    endloop
  endfacet
  facet normal 0 1 0
    outer loop
      vertex -88.0505 32 48.639
      vertex -90.6489 32 46.9028
      vertex -90.7108 32 46.9892
    endloop
  endfacet
  facet normal 0 1 0
    outer loop
      vertex -87.8864 32 48.375
      vertex -90.5927 32 46.8125
      vertex -90.6489 32 46.9028
    endloop
  endfacet
  facet normal 0 1 0
    outer loop
      vertex -87.7399 32 48.1009
      vertex -90.5426 32 46.7187
      vertex -90.5927 32 46.8125
    endloop
  endfacet
  facet normal 0 1 0
    outer loop
      vertex -87.6116 32 47.8177
      vertex -90.4987 32 46.6219
      vertex -90.5426 32 46.7187
    endloop
  endfacet
  facet normal 0 1 0
    outer loop
      vertex -90.4062 32 46.317
      vertex -87.3413 32 46.9267
      vertex -87.2906 32 46.62
    endloop
  endfacet
  facet normal 0 1 0
    outer loop
      vertex -87.5021 32 47.5268
      vertex -90.4612 32 46.5223
      vertex -90.4987 32 46.6219
    endloop
  endfacet
  facet normal 0 1 0
    outer loop
      vertex -87.4118 32 47.2294
      vertex -90.4304 32 46.4206
      vertex -90.4612 32 46.5223
    endloop
  endfacet
  facet normal 0 1 0
    outer loop
      vertex -87.3413 32 46.9267
      vertex -90.4062 32 46.317
      vertex -90.4304 32 46.4206
    endloop
  endfacet
  facet normal 0 1 0
    outer loop
      vertex -90.3889 32 46.2121
      vertex -87.2906 32 46.62
      vertex -87.2602 32 46.3107
    endloop
  endfacet
  facet normal 0 1 0
    outer loop
      vertex -87.2906 32 46.62
      vertex -90.3889 32 46.2121
      vertex -90.4062 32 46.317
    endloop
  endfacet
  facet normal 0 1 0
    outer loop
      vertex -87.2602 32 46.3107
      vertex -90.3785 32 46.1063
      vertex -90.3889 32 46.2121
    endloop
  endfacet
  facet normal 0 1 0
    outer loop
      vertex -87.25 32 46
      vertex -90.3785 32 46.1063
      vertex -87.2602 32 46.3107
    endloop
  endfacet
  facet normal 0 1 0
    outer loop
      vertex -87.25 32 46
      vertex -90.375 32 46
      vertex -90.3785 32 46.1063
    endloop
  endfacet
  facet normal 0 1 0
    outer loop
      vertex -87.25 32 46
      vertex -90.3785 32 45.8937
      vertex -90.375 32 46
    endloop
  endfacet
  facet normal 0 1 -0
    outer loop
      vertex -87.2602 32 45.6893
      vertex -90.3785 32 45.8937
      vertex -87.25 32 46
    endloop
  endfacet
  facet normal 0 1 0
    outer loop
      vertex -90.3785 32 45.8937
      vertex -87.2602 32 45.6893
      vertex -90.3889 32 45.7879
    endloop
  endfacet
  facet normal 0 1 -0
    outer loop
      vertex -87.2906 32 45.38
      vertex -90.3889 32 45.7879
      vertex -87.2602 32 45.6893
    endloop
  endfacet
  facet normal 0 1 0
    outer loop
      vertex -90.3889 32 45.7879
      vertex -87.2906 32 45.38
      vertex -90.4062 32 45.683
    endloop
  endfacet
  facet normal 0 1 -0
    outer loop
      vertex -87.3413 32 45.0733
      vertex -90.4062 32 45.683
      vertex -87.2906 32 45.38
    endloop
  endfacet
  facet normal 0 1 0
    outer loop
      vertex -90.4062 32 45.683
      vertex -87.3413 32 45.0733
      vertex -90.4304 32 45.5794
    endloop
  endfacet
  facet normal 0 1 -0
    outer loop
      vertex -87.4118 32 44.7706
      vertex -90.4304 32 45.5794
      vertex -87.3413 32 45.0733
    endloop
  endfacet
  facet normal 0 1 0
    outer loop
      vertex -90.4304 32 45.5794
      vertex -87.4118 32 44.7706
      vertex -90.4612 32 45.4777
    endloop
  endfacet
  facet normal 0 1 -0
    outer loop
      vertex -87.5021 32 44.4732
      vertex -90.4612 32 45.4777
      vertex -87.4118 32 44.7706
    endloop
  endfacet
  facet normal 0 1 0
    outer loop
      vertex -90.4612 32 45.4777
      vertex -87.5021 32 44.4732
      vertex -90.4987 32 45.3781
    endloop
  endfacet
  facet normal 0 1 -0
    outer loop
      vertex -87.6116 32 44.1823
      vertex -90.4987 32 45.3781
      vertex -87.5021 32 44.4732
    endloop
  endfacet
  facet normal 0 1 0
    outer loop
      vertex -90.4987 32 45.3781
      vertex -87.6116 32 44.1823
      vertex -90.5426 32 45.2813
    endloop
  endfacet
  facet normal 0 1 -0
    outer loop
      vertex -87.7399 32 43.8991
      vertex -90.5426 32 45.2813
      vertex -87.6116 32 44.1823
    endloop
  endfacet
  facet normal 0 1 0
    outer loop
      vertex -90.5426 32 45.2813
      vertex -87.7399 32 43.8991
      vertex -90.5927 32 45.1875
    endloop
  endfacet
  facet normal 0 1 -0
    outer loop
      vertex -87.8864 32 43.625
      vertex -90.5927 32 45.1875
      vertex -87.7399 32 43.8991
    endloop
  endfacet
  facet normal 0 1 0
    outer loop
      vertex -90.5927 32 45.1875
      vertex -87.8864 32 43.625
      vertex -90.6489 32 45.0972
    endloop
  endfacet
  facet normal 0 1 -0
    outer loop
      vertex -88.0505 32 43.361
      vertex -90.6489 32 45.0972
      vertex -87.8864 32 43.625
    endloop
  endfacet
  facet normal 0 1 0
    outer loop
      vertex -90.6489 32 45.0972
      vertex -88.0505 32 43.361
      vertex -90.7108 32 45.0108
    endloop
  endfacet
  facet normal 0 1 -0
    outer loop
      vertex -88.2316 32 43.1084
      vertex -90.7108 32 45.0108
      vertex -88.0505 32 43.361
    endloop
  endfacet
  facet normal 0 1 0
    outer loop
      vertex -90.7108 32 45.0108
      vertex -88.2316 32 43.1084
      vertex -90.7783 32 44.9286
    endloop
  endfacet
  facet normal 0 1 -0
    outer loop
      vertex -88.4288 32 42.8681
      vertex -90.7783 32 44.9286
      vertex -88.2316 32 43.1084
    endloop
  endfacet
  facet normal 0 1 0
    outer loop
      vertex -90.7783 32 44.9286
      vertex -88.4288 32 42.8681
      vertex -90.851 32 44.851
    endloop
  endfacet
  facet normal 0 1 -0
    outer loop
      vertex -88.6412 32 42.6412
      vertex -90.851 32 44.851
      vertex -88.4288 32 42.8681
    endloop
  endfacet
  facet normal 0 1 0
    outer loop
      vertex -90.851 32 44.851
      vertex -88.6412 32 42.6412
      vertex -90.9286 32 44.7783
    endloop
  endfacet
  facet normal 0 1 -0
    outer loop
      vertex -88.8681 32 42.4288
      vertex -90.9286 32 44.7783
      vertex -88.6412 32 42.6412
    endloop
  endfacet
  facet normal 0 1 0
    outer loop
      vertex -90.9286 32 44.7783
      vertex -88.8681 32 42.4288
      vertex -91.0108 32 44.7108
    endloop
  endfacet
  facet normal 0 1 -0
    outer loop
      vertex -89.1084 32 42.2316
      vertex -91.0108 32 44.7108
      vertex -88.8681 32 42.4288
    endloop
  endfacet
  facet normal 0 1 0
    outer loop
      vertex -91.0108 32 44.7108
      vertex -89.1084 32 42.2316
      vertex -91.0972 32 44.6489
    endloop
  endfacet
  facet normal 0 1 -0
    outer loop
      vertex -89.361 32 42.0505
      vertex -91.0972 32 44.6489
      vertex -89.1084 32 42.2316
    endloop
  endfacet
  facet normal 0 1 0
    outer loop
      vertex -94.639 32 49.9495
      vertex -92.9028 32 47.3511
      vertex -94.8916 32 49.7684
    endloop
  endfacet
  facet normal 0 1 -0
    outer loop
      vertex -92.9892 32 47.2892
      vertex -94.8916 32 49.7684
      vertex -92.9028 32 47.3511
    endloop
  endfacet
  facet normal 0 1 0
    outer loop
      vertex -94.8916 32 49.7684
      vertex -92.9892 32 47.2892
      vertex -95.1319 32 49.5712
    endloop
  endfacet
  facet normal 0 1 -0
    outer loop
      vertex -93.0714 32 47.2217
      vertex -95.1319 32 49.5712
      vertex -92.9892 32 47.2892
    endloop
  endfacet
  facet normal 0 1 0
    outer loop
      vertex -95.1319 32 49.5712
      vertex -93.0714 32 47.2217
      vertex -95.3588 32 49.3588
    endloop
  endfacet
  facet normal 0 1 -0
    outer loop
      vertex -93.149 32 47.149
      vertex -95.3588 32 49.3588
      vertex -93.0714 32 47.2217
    endloop
  endfacet
  facet normal 0 1 0
    outer loop
      vertex -95.3588 32 49.3588
      vertex -93.149 32 47.149
      vertex -95.5712 32 49.1319
    endloop
  endfacet
  facet normal 0 1 -0
    outer loop
      vertex -93.2217 32 47.0714
      vertex -95.5712 32 49.1319
      vertex -93.149 32 47.149
    endloop
  endfacet
  facet normal 0 1 0
    outer loop
      vertex -95.5712 32 49.1319
      vertex -93.2217 32 47.0714
      vertex -95.7684 32 48.8916
    endloop
  endfacet
  facet normal 0 1 -0
    outer loop
      vertex -93.2892 32 46.9892
      vertex -95.7684 32 48.8916
      vertex -93.2217 32 47.0714
    endloop
  endfacet
  facet normal 0 1 0
    outer loop
      vertex -95.7684 32 48.8916
      vertex -93.2892 32 46.9892
      vertex -95.9495 32 48.639
    endloop
  endfacet
  facet normal 0 1 -0
    outer loop
      vertex -93.3511 32 46.9028
      vertex -95.9495 32 48.639
      vertex -93.2892 32 46.9892
    endloop
  endfacet
  facet normal 0 1 0
    outer loop
      vertex -95.9495 32 48.639
      vertex -93.3511 32 46.9028
      vertex -96.1136 32 48.375
    endloop
  endfacet
  facet normal 0 1 -0
    outer loop
      vertex -93.4073 32 46.8125
      vertex -96.1136 32 48.375
      vertex -93.3511 32 46.9028
    endloop
  endfacet
  facet normal 0 1 0
    outer loop
      vertex -96.1136 32 48.375
      vertex -93.4073 32 46.8125
      vertex -96.2601 32 48.1009
    endloop
  endfacet
  facet normal 0 1 -0
    outer loop
      vertex -93.4574 32 46.7187
      vertex -96.2601 32 48.1009
      vertex -93.4073 32 46.8125
    endloop
  endfacet
  facet normal 0 1 0
    outer loop
      vertex -96.2601 32 48.1009
      vertex -93.4574 32 46.7187
      vertex -96.3884 32 47.8177
    endloop
  endfacet
  facet normal 0 1 -0
    outer loop
      vertex -93.5013 32 46.6219
      vertex -96.3884 32 47.8177
      vertex -93.4574 32 46.7187
    endloop
  endfacet
  facet normal 0 1 0
    outer loop
      vertex -96.3884 32 47.8177
      vertex -93.5013 32 46.6219
      vertex -96.4979 32 47.5268
    endloop
  endfacet
  facet normal 0 1 -0
    outer loop
      vertex -93.5388 32 46.5223
      vertex -96.4979 32 47.5268
      vertex -93.5013 32 46.6219
    endloop
  endfacet
  facet normal 0 1 0
    outer loop
      vertex -96.4979 32 47.5268
      vertex -93.5388 32 46.5223
      vertex -96.5882 32 47.2294
    endloop
  endfacet
  facet normal 0 1 -0
    outer loop
      vertex -93.5696 32 46.4206
      vertex -96.5882 32 47.2294
      vertex -93.5388 32 46.5223
    endloop
  endfacet
  facet normal 0 1 0
    outer loop
      vertex -96.5882 32 47.2294
      vertex -93.5696 32 46.4206
      vertex -96.6587 32 46.9267
    endloop
  endfacet
  facet normal 0 1 -0
    outer loop
      vertex -93.5938 32 46.317
      vertex -96.6587 32 46.9267
      vertex -93.5696 32 46.4206
    endloop
  endfacet
  facet normal 0 1 0
    outer loop
      vertex -96.6587 32 46.9267
      vertex -93.5938 32 46.317
      vertex -96.7094 32 46.62
    endloop
  endfacet
  facet normal 0 1 -0
    outer loop
      vertex -93.6111 32 46.2121
      vertex -96.7094 32 46.62
      vertex -93.5938 32 46.317
    endloop
  endfacet
  facet normal 0 1 0
    outer loop
      vertex -96.7094 32 46.62
      vertex -93.6111 32 46.2121
      vertex -96.7398 32 46.3107
    endloop
  endfacet
  facet normal 0 1 -0
    outer loop
      vertex -93.6215 32 46.1063
      vertex -96.7398 32 46.3107
      vertex -93.6111 32 46.2121
    endloop
  endfacet
  facet normal 0 1 -0
    outer loop
      vertex -93.625 32 46
      vertex -96.7398 32 46.3107
      vertex -93.6215 32 46.1063
    endloop
  endfacet
  facet normal 0 1 0
    outer loop
      vertex -93.625 32 46
      vertex -96.75 32 46
      vertex -96.7398 32 46.3107
    endloop
  endfacet
  facet normal 0 1 0
    outer loop
      vertex -93.6215 32 45.8937
      vertex -96.75 32 46
      vertex -93.625 32 46
    endloop
  endfacet
  facet normal 0 1 0
    outer loop
      vertex -96.7398 32 45.6893
      vertex -93.6215 32 45.8937
      vertex -93.6111 32 45.7879
    endloop
  endfacet
  facet normal 0 1 0
    outer loop
      vertex -93.6215 32 45.8937
      vertex -96.7398 32 45.6893
      vertex -96.75 32 46
    endloop
  endfacet
  facet normal 0 1 0
    outer loop
      vertex -96.7094 32 45.38
      vertex -93.6111 32 45.7879
      vertex -93.5938 32 45.683
    endloop
  endfacet
  facet normal 0 1 0
    outer loop
      vertex -96.6587 32 45.0733
      vertex -93.5938 32 45.683
      vertex -93.5696 32 45.5794
    endloop
  endfacet
  facet normal 0 1 0
    outer loop
      vertex -96.5882 32 44.7706
      vertex -93.5696 32 45.5794
      vertex -93.5388 32 45.4777
    endloop
  endfacet
  facet normal 0 1 0
    outer loop
      vertex -93.6111 32 45.7879
      vertex -96.7094 32 45.38
      vertex -96.7398 32 45.6893
    endloop
  endfacet
  facet normal 0 1 0
    outer loop
      vertex -96.4979 32 44.4732
      vertex -93.5388 32 45.4777
      vertex -93.5013 32 45.3781
    endloop
  endfacet
  facet normal 0 1 0
    outer loop
      vertex -96.3884 32 44.1823
      vertex -93.5013 32 45.3781
      vertex -93.4574 32 45.2813
    endloop
  endfacet
  facet normal 0 1 0
    outer loop
      vertex -96.2601 32 43.8991
      vertex -93.4574 32 45.2813
      vertex -93.4073 32 45.1875
    endloop
  endfacet
  facet normal 0 1 0
    outer loop
      vertex -96.1136 32 43.625
      vertex -93.4073 32 45.1875
      vertex -93.3511 32 45.0972
    endloop
  endfacet
  facet normal 0 1 0
    outer loop
      vertex -93.5938 32 45.683
      vertex -96.6587 32 45.0733
      vertex -96.7094 32 45.38
    endloop
  endfacet
  facet normal 0 1 0
    outer loop
      vertex -95.9495 32 43.361
      vertex -93.3511 32 45.0972
      vertex -93.2892 32 45.0108
    endloop
  endfacet
  facet normal 0 1 0
    outer loop
      vertex -95.7684 32 43.1084
      vertex -93.2892 32 45.0108
      vertex -93.2217 32 44.9286
    endloop
  endfacet
  facet normal 0 1 0
    outer loop
      vertex -95.5712 32 42.8681
      vertex -93.2217 32 44.9286
      vertex -93.149 32 44.851
    endloop
  endfacet
  facet normal 0 1 0
    outer loop
      vertex -95.3588 32 42.6412
      vertex -93.149 32 44.851
      vertex -93.0714 32 44.7783
    endloop
  endfacet
  facet normal 0 1 0
    outer loop
      vertex -93.5696 32 45.5794
      vertex -96.5882 32 44.7706
      vertex -96.6587 32 45.0733
    endloop
  endfacet
  facet normal 0 1 0
    outer loop
      vertex -95.1319 32 42.4288
      vertex -93.0714 32 44.7783
      vertex -92.9892 32 44.7108
    endloop
  endfacet
  facet normal 0 1 0
    outer loop
      vertex -94.8916 32 42.2316
      vertex -92.9892 32 44.7108
      vertex -92.9028 32 44.6489
    endloop
  endfacet
  facet normal 0 1 0
    outer loop
      vertex -94.639 32 42.0505
      vertex -92.9028 32 44.6489
      vertex -92.8125 32 44.5927
    endloop
  endfacet
  facet normal 0 1 0
    outer loop
      vertex -94.375 32 41.8864
      vertex -92.8125 32 44.5927
      vertex -92.7187 32 44.5426
    endloop
  endfacet
  facet normal 0 1 0
    outer loop
      vertex -94.1009 32 41.7399
      vertex -92.7187 32 44.5426
      vertex -92.6219 32 44.4987
    endloop
  endfacet
  facet normal 0 1 0
    outer loop
      vertex -93.5388 32 45.4777
      vertex -96.4979 32 44.4732
      vertex -96.5882 32 44.7706
    endloop
  endfacet
  facet normal 0 1 0
    outer loop
      vertex -93.8177 32 41.6116
      vertex -92.6219 32 44.4987
      vertex -92.5223 32 44.4612
    endloop
  endfacet
  facet normal 0 1 0
    outer loop
      vertex -93.5268 32 41.5021
      vertex -92.5223 32 44.4612
      vertex -92.4206 32 44.4304
    endloop
  endfacet
  facet normal 0 1 0
    outer loop
      vertex -93.2294 32 41.4119
      vertex -92.4206 32 44.4304
      vertex -92.317 32 44.4062
    endloop
  endfacet
  facet normal 0 1 0
    outer loop
      vertex -92.9267 32 41.3413
      vertex -92.317 32 44.4062
      vertex -92.2121 32 44.3889
    endloop
  endfacet
  facet normal 0 1 0
    outer loop
      vertex -92.62 32 41.2906
      vertex -92.2121 32 44.3889
      vertex -92.1063 32 44.3785
    endloop
  endfacet
  facet normal 0 1 0
    outer loop
      vertex -92.3107 32 41.2602
      vertex -92.1063 32 44.3785
      vertex -92 32 44.375
    endloop
  endfacet
  facet normal 0 1 0
    outer loop
      vertex -91.0972 32 44.6489
      vertex -89.361 32 42.0505
      vertex -91.1875 32 44.5927
    endloop
  endfacet
  facet normal 0 1 0
    outer loop
      vertex -93.5013 32 45.3781
      vertex -96.3884 32 44.1823
      vertex -96.4979 32 44.4732
    endloop
  endfacet
  facet normal 0 1 -0
    outer loop
      vertex -89.625 32 41.8864
      vertex -91.1875 32 44.5927
      vertex -89.361 32 42.0505
    endloop
  endfacet
  facet normal 0 1 0
    outer loop
      vertex -93.4574 32 45.2813
      vertex -96.2601 32 43.8991
      vertex -96.3884 32 44.1823
    endloop
  endfacet
  facet normal 0 1 0
    outer loop
      vertex -91.1875 32 44.5927
      vertex -89.625 32 41.8864
      vertex -91.2813 32 44.5426
    endloop
  endfacet
  facet normal 0 1 0
    outer loop
      vertex -93.4073 32 45.1875
      vertex -96.1136 32 43.625
      vertex -96.2601 32 43.8991
    endloop
  endfacet
  facet normal 0 1 -0
    outer loop
      vertex -89.8991 32 41.7399
      vertex -91.2813 32 44.5426
      vertex -89.625 32 41.8864
    endloop
  endfacet
  facet normal 0 1 0
    outer loop
      vertex -93.3511 32 45.0972
      vertex -95.9495 32 43.361
      vertex -96.1136 32 43.625
    endloop
  endfacet
  facet normal 0 1 0
    outer loop
      vertex -91.2813 32 44.5426
      vertex -89.8991 32 41.7399
      vertex -91.3781 32 44.4987
    endloop
  endfacet
  facet normal 0 1 0
    outer loop
      vertex -93.2892 32 45.0108
      vertex -95.7684 32 43.1084
      vertex -95.9495 32 43.361
    endloop
  endfacet
  facet normal 0 1 -0
    outer loop
      vertex -90.1823 32 41.6116
      vertex -91.3781 32 44.4987
      vertex -89.8991 32 41.7399
    endloop
  endfacet
  facet normal 0 1 0
    outer loop
      vertex -93.2217 32 44.9286
      vertex -95.5712 32 42.8681
      vertex -95.7684 32 43.1084
    endloop
  endfacet
  facet normal 0 1 0
    outer loop
      vertex -91.3781 32 44.4987
      vertex -90.1823 32 41.6116
      vertex -91.4777 32 44.4612
    endloop
  endfacet
  facet normal 0 1 0
    outer loop
      vertex -93.149 32 44.851
      vertex -95.3588 32 42.6412
      vertex -95.5712 32 42.8681
    endloop
  endfacet
  facet normal 0 1 -0
    outer loop
      vertex -90.4732 32 41.5021
      vertex -91.4777 32 44.4612
      vertex -90.1823 32 41.6116
    endloop
  endfacet
  facet normal 0 1 0
    outer loop
      vertex -93.0714 32 44.7783
      vertex -95.1319 32 42.4288
      vertex -95.3588 32 42.6412
    endloop
  endfacet
  facet normal 0 1 0
    outer loop
      vertex -91.4777 32 44.4612
      vertex -90.4732 32 41.5021
      vertex -91.5794 32 44.4304
    endloop
  endfacet
  facet normal 0 1 0
    outer loop
      vertex -92.9892 32 44.7108
      vertex -94.8916 32 42.2316
      vertex -95.1319 32 42.4288
    endloop
  endfacet
  facet normal 0 1 -0
    outer loop
      vertex -90.7706 32 41.4119
      vertex -91.5794 32 44.4304
      vertex -90.4732 32 41.5021
    endloop
  endfacet
  facet normal 0 1 0
    outer loop
      vertex -92.9028 32 44.6489
      vertex -94.639 32 42.0505
      vertex -94.8916 32 42.2316
    endloop
  endfacet
  facet normal 0 1 0
    outer loop
      vertex -91.5794 32 44.4304
      vertex -90.7706 32 41.4119
      vertex -91.683 32 44.4062
    endloop
  endfacet
  facet normal 0 1 0
    outer loop
      vertex -92.8125 32 44.5927
      vertex -94.375 32 41.8864
      vertex -94.639 32 42.0505
    endloop
  endfacet
  facet normal 0 1 -0
    outer loop
      vertex -91.0733 32 41.3413
      vertex -91.683 32 44.4062
      vertex -90.7706 32 41.4119
    endloop
  endfacet
  facet normal 0 1 0
    outer loop
      vertex -92.7187 32 44.5426
      vertex -94.1009 32 41.7399
      vertex -94.375 32 41.8864
    endloop
  endfacet
  facet normal 0 1 0
    outer loop
      vertex -91.683 32 44.4062
      vertex -91.0733 32 41.3413
      vertex -91.7879 32 44.3889
    endloop
  endfacet
  facet normal 0 1 0
    outer loop
      vertex -92.6219 32 44.4987
      vertex -93.8177 32 41.6116
      vertex -94.1009 32 41.7399
    endloop
  endfacet
  facet normal 0 1 -0
    outer loop
      vertex -91.38 32 41.2906
      vertex -91.7879 32 44.3889
      vertex -91.0733 32 41.3413
    endloop
  endfacet
  facet normal 0 1 0
    outer loop
      vertex -92.5223 32 44.4612
      vertex -93.5268 32 41.5021
      vertex -93.8177 32 41.6116
    endloop
  endfacet
  facet normal 0 1 0
    outer loop
      vertex -91.7879 32 44.3889
      vertex -91.38 32 41.2906
      vertex -91.8937 32 44.3785
    endloop
  endfacet
  facet normal 0 1 0
    outer loop
      vertex -92.4206 32 44.4304
      vertex -93.2294 32 41.4119
      vertex -93.5268 32 41.5021
    endloop
  endfacet
  facet normal 0 1 -0
    outer loop
      vertex -91.6893 32 41.2602
      vertex -91.8937 32 44.3785
      vertex -91.38 32 41.2906
    endloop
  endfacet
  facet normal 0 1 0
    outer loop
      vertex -92.317 32 44.4062
      vertex -92.9267 32 41.3413
      vertex -93.2294 32 41.4119
    endloop
  endfacet
  facet normal 0 1 0
    outer loop
      vertex -91.8937 32 44.3785
      vertex -91.6893 32 41.2602
      vertex -92 32 44.375
    endloop
  endfacet
  facet normal 0 1 0
    outer loop
      vertex -92.2121 32 44.3889
      vertex -92.62 32 41.2906
      vertex -92.9267 32 41.3413
    endloop
  endfacet
  facet normal 0 1 0
    outer loop
      vertex -92 32 41.25
      vertex -92 32 44.375
      vertex -91.6893 32 41.2602
    endloop
  endfacet
  facet normal 0 1 0
    outer loop
      vertex -92.1063 32 44.3785
      vertex -92.3107 32 41.2602
      vertex -92.62 32 41.2906
    endloop
  endfacet
  facet normal 0 1 0
    outer loop
      vertex -92 32 44.375
      vertex -92 32 41.25
      vertex -92.3107 32 41.2602
    endloop
  endfacet
  facet normal 0.956865 -0 0.290534
    outer loop
      vertex -87.5021 12 47.5268
      vertex -87.4118 32 47.2294
      vertex -87.5021 32 47.5268
    endloop
  endfacet
  facet normal 0.956865 0 0.290534
    outer loop
      vertex -87.4118 32 47.2294
      vertex -87.5021 12 47.5268
      vertex -87.4118 12 47.2294
    endloop
  endfacet
  facet normal 0.81271 -0 0.582668
    outer loop
      vertex -88.2316 12 48.8916
      vertex -88.0505 32 48.639
      vertex -88.2316 32 48.8916
    endloop
  endfacet
  facet normal 0.81271 0 0.582668
    outer loop
      vertex -88.0505 32 48.639
      vertex -88.2316 12 48.8916
      vertex -88.0505 12 48.639
    endloop
  endfacet
  facet normal 0.773025 -0 0.634376
    outer loop
      vertex -88.4288 12 49.1319
      vertex -88.2316 32 48.8916
      vertex -88.4288 32 49.1319
    endloop
  endfacet
  facet normal 0.773025 0 0.634376
    outer loop
      vertex -88.2316 32 48.8916
      vertex -88.4288 12 49.1319
      vertex -88.2316 12 48.8916
    endloop
  endfacet
  facet normal 0.849297 -0 0.527915
    outer loop
      vertex -88.0505 12 48.639
      vertex -87.8864 32 48.375
      vertex -88.0505 32 48.639
    endloop
  endfacet
  facet normal 0.849297 0 0.527915
    outer loop
      vertex -87.8864 32 48.375
      vertex -88.0505 12 48.639
      vertex -87.8864 12 48.375
    endloop
  endfacet
  facet normal 0.881934 -0 0.471373
    outer loop
      vertex -87.8864 12 48.375
      vertex -87.7399 32 48.1009
      vertex -87.8864 32 48.375
    endloop
  endfacet
  facet normal 0.881934 0 0.471373
    outer loop
      vertex -87.7399 32 48.1009
      vertex -87.8864 12 48.375
      vertex -87.7399 12 48.1009
    endloop
  endfacet
  facet normal 0.352287 0 0.935892
    outer loop
      vertex -90.4732 32 50.4979
      vertex -90.1823 12 50.3884
      vertex -90.1823 32 50.3884
    endloop
  endfacet
  facet normal 0.352287 0 0.935892
    outer loop
      vertex -90.1823 12 50.3884
      vertex -90.4732 32 50.4979
      vertex -90.4732 12 50.4979
    endloop
  endfacet
  facet normal 0.0978151 0 0.995205
    outer loop
      vertex -91.6893 32 50.7398
      vertex -91.38 12 50.7094
      vertex -91.38 32 50.7094
    endloop
  endfacet
  facet normal 0.0978151 0 0.995205
    outer loop
      vertex -91.38 12 50.7094
      vertex -91.6893 32 50.7398
      vertex -91.6893 12 50.7398
    endloop
  endfacet
  facet normal 0.527915 0 0.849297
    outer loop
      vertex -89.625 32 50.1136
      vertex -89.361 12 49.9495
      vertex -89.361 32 49.9495
    endloop
  endfacet
  facet normal 0.527915 0 0.849297
    outer loop
      vertex -89.361 12 49.9495
      vertex -89.625 32 50.1136
      vertex -89.625 12 50.1136
    endloop
  endfacet
  facet normal 0.471373 0 0.881934
    outer loop
      vertex -89.8991 32 50.2601
      vertex -89.625 12 50.1136
      vertex -89.625 32 50.1136
    endloop
  endfacet
  facet normal 0.471373 0 0.881934
    outer loop
      vertex -89.625 12 50.1136
      vertex -89.8991 32 50.2601
      vertex -89.8991 12 50.2601
    endloop
  endfacet
  facet normal 0.582668 0 0.81271
    outer loop
      vertex -89.361 32 49.9495
      vertex -89.1084 12 49.7684
      vertex -89.1084 32 49.7684
    endloop
  endfacet
  facet normal 0.582668 0 0.81271
    outer loop
      vertex -89.1084 12 49.7684
      vertex -89.361 32 49.9495
      vertex -89.361 12 49.9495
    endloop
  endfacet
  facet normal 0.634376 0 0.773025
    outer loop
      vertex -89.1084 32 49.7684
      vertex -88.8681 12 49.5712
      vertex -88.8681 32 49.5712
    endloop
  endfacet
  facet normal 0.634376 0 0.773025
    outer loop
      vertex -88.8681 12 49.5712
      vertex -89.1084 32 49.7684
      vertex -89.1084 12 49.7684
    endloop
  endfacet
  facet normal -0.935892 0 0.352287
    outer loop
      vertex -96.4979 12 47.5268
      vertex -96.3884 32 47.8177
      vertex -96.4979 32 47.5268
    endloop
  endfacet
  facet normal -0.935892 0 0.352287
    outer loop
      vertex -96.3884 32 47.8177
      vertex -96.4979 12 47.5268
      vertex -96.3884 12 47.8177
    endloop
  endfacet
  facet normal -0.995205 0 0.0978151
    outer loop
      vertex -96.7398 12 46.3107
      vertex -96.7094 32 46.62
      vertex -96.7398 32 46.3107
    endloop
  endfacet
  facet normal -0.995205 0 0.0978151
    outer loop
      vertex -96.7094 32 46.62
      vertex -96.7398 12 46.3107
      vertex -96.7094 12 46.62
    endloop
  endfacet
  facet normal 0 -1 0
    outer loop
      vertex -92 12 47.625
      vertex -92 12 50.75
      vertex -92.3107 12 50.7398
    endloop
  endfacet
  facet normal 0 -1 0
    outer loop
      vertex -92.1063 12 47.6215
      vertex -92.3107 12 50.7398
      vertex -92.62 12 50.7094
    endloop
  endfacet
  facet normal 0 -1 0
    outer loop
      vertex -92 12 50.75
      vertex -92 12 47.625
      vertex -91.6893 12 50.7398
    endloop
  endfacet
  facet normal 0 -1 0
    outer loop
      vertex -92.2121 12 47.6111
      vertex -92.62 12 50.7094
      vertex -92.9267 12 50.6587
    endloop
  endfacet
  facet normal 0 -1 0
    outer loop
      vertex -91.8937 12 47.6215
      vertex -91.6893 12 50.7398
      vertex -92 12 47.625
    endloop
  endfacet
  facet normal 0 -1 0
    outer loop
      vertex -92.317 12 47.5938
      vertex -92.9267 12 50.6587
      vertex -93.2294 12 50.5881
    endloop
  endfacet
  facet normal 0 -1 -0
    outer loop
      vertex -91.6893 12 50.7398
      vertex -91.8937 12 47.6215
      vertex -91.38 12 50.7094
    endloop
  endfacet
  facet normal 0 -1 0
    outer loop
      vertex -92.4206 12 47.5696
      vertex -93.2294 12 50.5881
      vertex -93.5268 12 50.4979
    endloop
  endfacet
  facet normal 0 -1 0
    outer loop
      vertex -91.7879 12 47.6111
      vertex -91.38 12 50.7094
      vertex -91.8937 12 47.6215
    endloop
  endfacet
  facet normal 0 -1 0
    outer loop
      vertex -92.5223 12 47.5388
      vertex -93.5268 12 50.4979
      vertex -93.8177 12 50.3884
    endloop
  endfacet
  facet normal 0 -1 -0
    outer loop
      vertex -91.38 12 50.7094
      vertex -91.7879 12 47.6111
      vertex -91.0733 12 50.6587
    endloop
  endfacet
  facet normal 0 -1 0
    outer loop
      vertex -92.6219 12 47.5013
      vertex -93.8177 12 50.3884
      vertex -94.1009 12 50.2601
    endloop
  endfacet
  facet normal 0 -1 0
    outer loop
      vertex -91.683 12 47.5938
      vertex -91.0733 12 50.6587
      vertex -91.7879 12 47.6111
    endloop
  endfacet
  facet normal 0 -1 0
    outer loop
      vertex -92.7187 12 47.4574
      vertex -94.1009 12 50.2601
      vertex -94.375 12 50.1136
    endloop
  endfacet
  facet normal 0 -1 -0
    outer loop
      vertex -91.0733 12 50.6587
      vertex -91.683 12 47.5938
      vertex -90.7706 12 50.5881
    endloop
  endfacet
  facet normal 0 -1 0
    outer loop
      vertex -92.8125 12 47.4073
      vertex -94.375 12 50.1136
      vertex -94.639 12 49.9495
    endloop
  endfacet
  facet normal 0 -1 0
    outer loop
      vertex -91.5794 12 47.5696
      vertex -90.7706 12 50.5881
      vertex -91.683 12 47.5938
    endloop
  endfacet
  facet normal 0 -1 0
    outer loop
      vertex -92.9028 12 47.3511
      vertex -94.639 12 49.9495
      vertex -94.8916 12 49.7684
    endloop
  endfacet
  facet normal 0 -1 -0
    outer loop
      vertex -90.7706 12 50.5881
      vertex -91.5794 12 47.5696
      vertex -90.4732 12 50.4979
    endloop
  endfacet
  facet normal 0 -1 0
    outer loop
      vertex -92.9892 12 47.2892
      vertex -94.8916 12 49.7684
      vertex -95.1319 12 49.5712
    endloop
  endfacet
  facet normal 0 -1 0
    outer loop
      vertex -91.4777 12 47.5388
      vertex -90.4732 12 50.4979
      vertex -91.5794 12 47.5696
    endloop
  endfacet
  facet normal 0 -1 0
    outer loop
      vertex -93.0714 12 47.2217
      vertex -95.1319 12 49.5712
      vertex -95.3588 12 49.3588
    endloop
  endfacet
  facet normal 0 -1 -0
    outer loop
      vertex -90.4732 12 50.4979
      vertex -91.4777 12 47.5388
      vertex -90.1823 12 50.3884
    endloop
  endfacet
  facet normal 0 -1 0
    outer loop
      vertex -93.149 12 47.149
      vertex -95.3588 12 49.3588
      vertex -95.5712 12 49.1319
    endloop
  endfacet
  facet normal 0 -1 0
    outer loop
      vertex -91.3781 12 47.5013
      vertex -90.1823 12 50.3884
      vertex -91.4777 12 47.5388
    endloop
  endfacet
  facet normal 0 -1 0
    outer loop
      vertex -93.2217 12 47.0714
      vertex -95.5712 12 49.1319
      vertex -95.7684 12 48.8916
    endloop
  endfacet
  facet normal 0 -1 -0
    outer loop
      vertex -90.1823 12 50.3884
      vertex -91.3781 12 47.5013
      vertex -89.8991 12 50.2601
    endloop
  endfacet
  facet normal 0 -1 0
    outer loop
      vertex -93.2892 12 46.9892
      vertex -95.7684 12 48.8916
      vertex -95.9495 12 48.639
    endloop
  endfacet
  facet normal 0 -1 0
    outer loop
      vertex -91.2813 12 47.4574
      vertex -89.8991 12 50.2601
      vertex -91.3781 12 47.5013
    endloop
  endfacet
  facet normal 0 -1 0
    outer loop
      vertex -93.3511 12 46.9028
      vertex -95.9495 12 48.639
      vertex -96.1136 12 48.375
    endloop
  endfacet
  facet normal 0 -1 -0
    outer loop
      vertex -89.8991 12 50.2601
      vertex -91.2813 12 47.4574
      vertex -89.625 12 50.1136
    endloop
  endfacet
  facet normal 0 -1 0
    outer loop
      vertex -93.4073 12 46.8125
      vertex -96.1136 12 48.375
      vertex -96.2601 12 48.1009
    endloop
  endfacet
  facet normal 0 -1 0
    outer loop
      vertex -91.1875 12 47.4073
      vertex -89.625 12 50.1136
      vertex -91.2813 12 47.4574
    endloop
  endfacet
  facet normal 0 -1 0
    outer loop
      vertex -93.4574 12 46.7187
      vertex -96.2601 12 48.1009
      vertex -96.3884 12 47.8177
    endloop
  endfacet
  facet normal 0 -1 -0
    outer loop
      vertex -89.625 12 50.1136
      vertex -91.1875 12 47.4073
      vertex -89.361 12 49.9495
    endloop
  endfacet
  facet normal 0 -1 0
    outer loop
      vertex -91.0972 12 47.3511
      vertex -89.361 12 49.9495
      vertex -91.1875 12 47.4073
    endloop
  endfacet
  facet normal 0 -1 0
    outer loop
      vertex -92.3107 12 50.7398
      vertex -92.1063 12 47.6215
      vertex -92 12 47.625
    endloop
  endfacet
  facet normal 0 -1 0
    outer loop
      vertex -92.62 12 50.7094
      vertex -92.2121 12 47.6111
      vertex -92.1063 12 47.6215
    endloop
  endfacet
  facet normal 0 -1 0
    outer loop
      vertex -92.9267 12 50.6587
      vertex -92.317 12 47.5938
      vertex -92.2121 12 47.6111
    endloop
  endfacet
  facet normal 0 -1 0
    outer loop
      vertex -93.2294 12 50.5881
      vertex -92.4206 12 47.5696
      vertex -92.317 12 47.5938
    endloop
  endfacet
  facet normal 0 -1 0
    outer loop
      vertex -93.5268 12 50.4979
      vertex -92.5223 12 47.5388
      vertex -92.4206 12 47.5696
    endloop
  endfacet
  facet normal 0 -1 0
    outer loop
      vertex -93.5013 12 46.6219
      vertex -96.3884 12 47.8177
      vertex -96.4979 12 47.5268
    endloop
  endfacet
  facet normal 0 -1 0
    outer loop
      vertex -93.8177 12 50.3884
      vertex -92.6219 12 47.5013
      vertex -92.5223 12 47.5388
    endloop
  endfacet
  facet normal 0 -1 0
    outer loop
      vertex -94.1009 12 50.2601
      vertex -92.7187 12 47.4574
      vertex -92.6219 12 47.5013
    endloop
  endfacet
  facet normal 0 -1 0
    outer loop
      vertex -94.375 12 50.1136
      vertex -92.8125 12 47.4073
      vertex -92.7187 12 47.4574
    endloop
  endfacet
  facet normal 0 -1 0
    outer loop
      vertex -94.639 12 49.9495
      vertex -92.9028 12 47.3511
      vertex -92.8125 12 47.4073
    endloop
  endfacet
  facet normal 0 -1 0
    outer loop
      vertex -94.8916 12 49.7684
      vertex -92.9892 12 47.2892
      vertex -92.9028 12 47.3511
    endloop
  endfacet
  facet normal 0 -1 0
    outer loop
      vertex -93.5388 12 46.5223
      vertex -96.4979 12 47.5268
      vertex -96.5882 12 47.2294
    endloop
  endfacet
  facet normal 0 -1 0
    outer loop
      vertex -95.1319 12 49.5712
      vertex -93.0714 12 47.2217
      vertex -92.9892 12 47.2892
    endloop
  endfacet
  facet normal 0 -1 0
    outer loop
      vertex -95.3588 12 49.3588
      vertex -93.149 12 47.149
      vertex -93.0714 12 47.2217
    endloop
  endfacet
  facet normal 0 -1 0
    outer loop
      vertex -95.5712 12 49.1319
      vertex -93.2217 12 47.0714
      vertex -93.149 12 47.149
    endloop
  endfacet
  facet normal 0 -1 0
    outer loop
      vertex -95.7684 12 48.8916
      vertex -93.2892 12 46.9892
      vertex -93.2217 12 47.0714
    endloop
  endfacet
  facet normal 0 -1 0
    outer loop
      vertex -93.5696 12 46.4206
      vertex -96.5882 12 47.2294
      vertex -96.6587 12 46.9267
    endloop
  endfacet
  facet normal 0 -1 0
    outer loop
      vertex -95.9495 12 48.639
      vertex -93.3511 12 46.9028
      vertex -93.2892 12 46.9892
    endloop
  endfacet
  facet normal 0 -1 0
    outer loop
      vertex -96.1136 12 48.375
      vertex -93.4073 12 46.8125
      vertex -93.3511 12 46.9028
    endloop
  endfacet
  facet normal 0 -1 0
    outer loop
      vertex -96.2601 12 48.1009
      vertex -93.4574 12 46.7187
      vertex -93.4073 12 46.8125
    endloop
  endfacet
  facet normal 0 -1 0
    outer loop
      vertex -96.3884 12 47.8177
      vertex -93.5013 12 46.6219
      vertex -93.4574 12 46.7187
    endloop
  endfacet
  facet normal 0 -1 0
    outer loop
      vertex -93.5938 12 46.317
      vertex -96.6587 12 46.9267
      vertex -96.7094 12 46.62
    endloop
  endfacet
  facet normal 0 -1 0
    outer loop
      vertex -96.4979 12 47.5268
      vertex -93.5388 12 46.5223
      vertex -93.5013 12 46.6219
    endloop
  endfacet
  facet normal 0 -1 0
    outer loop
      vertex -96.5882 12 47.2294
      vertex -93.5696 12 46.4206
      vertex -93.5388 12 46.5223
    endloop
  endfacet
  facet normal 0 -1 0
    outer loop
      vertex -96.6587 12 46.9267
      vertex -93.5938 12 46.317
      vertex -93.5696 12 46.4206
    endloop
  endfacet
  facet normal 0 -1 0
    outer loop
      vertex -93.6111 12 46.2121
      vertex -96.7094 12 46.62
      vertex -96.7398 12 46.3107
    endloop
  endfacet
  facet normal 0 -1 0
    outer loop
      vertex -96.7094 12 46.62
      vertex -93.6111 12 46.2121
      vertex -93.5938 12 46.317
    endloop
  endfacet
  facet normal 0 -1 0
    outer loop
      vertex -96.7398 12 46.3107
      vertex -93.6215 12 46.1063
      vertex -93.6111 12 46.2121
    endloop
  endfacet
  facet normal 0 -1 0
    outer loop
      vertex -96.75 12 46
      vertex -93.6215 12 46.1063
      vertex -96.7398 12 46.3107
    endloop
  endfacet
  facet normal 0 -1 0
    outer loop
      vertex -96.75 12 46
      vertex -93.625 12 46
      vertex -93.6215 12 46.1063
    endloop
  endfacet
  facet normal 0 -1 0
    outer loop
      vertex -96.75 12 46
      vertex -93.6215 12 45.8937
      vertex -93.625 12 46
    endloop
  endfacet
  facet normal 0 -1 0
    outer loop
      vertex -96.7398 12 45.6893
      vertex -93.6215 12 45.8937
      vertex -96.75 12 46
    endloop
  endfacet
  facet normal 0 -1 -0
    outer loop
      vertex -93.6215 12 45.8937
      vertex -96.7398 12 45.6893
      vertex -93.6111 12 45.7879
    endloop
  endfacet
  facet normal 0 -1 0
    outer loop
      vertex -96.7094 12 45.38
      vertex -93.6111 12 45.7879
      vertex -96.7398 12 45.6893
    endloop
  endfacet
  facet normal 0 -1 -0
    outer loop
      vertex -93.6111 12 45.7879
      vertex -96.7094 12 45.38
      vertex -93.5938 12 45.683
    endloop
  endfacet
  facet normal 0 -1 0
    outer loop
      vertex -96.6587 12 45.0733
      vertex -93.5938 12 45.683
      vertex -96.7094 12 45.38
    endloop
  endfacet
  facet normal 0 -1 -0
    outer loop
      vertex -93.5938 12 45.683
      vertex -96.6587 12 45.0733
      vertex -93.5696 12 45.5794
    endloop
  endfacet
  facet normal 0 -1 0
    outer loop
      vertex -96.5882 12 44.7706
      vertex -93.5696 12 45.5794
      vertex -96.6587 12 45.0733
    endloop
  endfacet
  facet normal 0 -1 -0
    outer loop
      vertex -93.5696 12 45.5794
      vertex -96.5882 12 44.7706
      vertex -93.5388 12 45.4777
    endloop
  endfacet
  facet normal 0 -1 0
    outer loop
      vertex -96.4979 12 44.4732
      vertex -93.5388 12 45.4777
      vertex -96.5882 12 44.7706
    endloop
  endfacet
  facet normal 0 -1 -0
    outer loop
      vertex -93.5388 12 45.4777
      vertex -96.4979 12 44.4732
      vertex -93.5013 12 45.3781
    endloop
  endfacet
  facet normal 0 -1 0
    outer loop
      vertex -96.3884 12 44.1823
      vertex -93.5013 12 45.3781
      vertex -96.4979 12 44.4732
    endloop
  endfacet
  facet normal 0 -1 -0
    outer loop
      vertex -93.5013 12 45.3781
      vertex -96.3884 12 44.1823
      vertex -93.4574 12 45.2813
    endloop
  endfacet
  facet normal 0 -1 0
    outer loop
      vertex -96.2601 12 43.8991
      vertex -93.4574 12 45.2813
      vertex -96.3884 12 44.1823
    endloop
  endfacet
  facet normal 0 -1 -0
    outer loop
      vertex -93.4574 12 45.2813
      vertex -96.2601 12 43.8991
      vertex -93.4073 12 45.1875
    endloop
  endfacet
  facet normal 0 -1 0
    outer loop
      vertex -96.1136 12 43.625
      vertex -93.4073 12 45.1875
      vertex -96.2601 12 43.8991
    endloop
  endfacet
  facet normal 0 -1 -0
    outer loop
      vertex -93.4073 12 45.1875
      vertex -96.1136 12 43.625
      vertex -93.3511 12 45.0972
    endloop
  endfacet
  facet normal 0 -1 0
    outer loop
      vertex -95.9495 12 43.361
      vertex -93.3511 12 45.0972
      vertex -96.1136 12 43.625
    endloop
  endfacet
  facet normal 0 -1 -0
    outer loop
      vertex -93.3511 12 45.0972
      vertex -95.9495 12 43.361
      vertex -93.2892 12 45.0108
    endloop
  endfacet
  facet normal 0 -1 0
    outer loop
      vertex -95.7684 12 43.1084
      vertex -93.2892 12 45.0108
      vertex -95.9495 12 43.361
    endloop
  endfacet
  facet normal 0 -1 -0
    outer loop
      vertex -93.2892 12 45.0108
      vertex -95.7684 12 43.1084
      vertex -93.2217 12 44.9286
    endloop
  endfacet
  facet normal 0 -1 0
    outer loop
      vertex -95.5712 12 42.8681
      vertex -93.2217 12 44.9286
      vertex -95.7684 12 43.1084
    endloop
  endfacet
  facet normal 0 -1 -0
    outer loop
      vertex -93.2217 12 44.9286
      vertex -95.5712 12 42.8681
      vertex -93.149 12 44.851
    endloop
  endfacet
  facet normal 0 -1 0
    outer loop
      vertex -95.3588 12 42.6412
      vertex -93.149 12 44.851
      vertex -95.5712 12 42.8681
    endloop
  endfacet
  facet normal 0 -1 -0
    outer loop
      vertex -93.149 12 44.851
      vertex -95.3588 12 42.6412
      vertex -93.0714 12 44.7783
    endloop
  endfacet
  facet normal 0 -1 0
    outer loop
      vertex -95.1319 12 42.4288
      vertex -93.0714 12 44.7783
      vertex -95.3588 12 42.6412
    endloop
  endfacet
  facet normal 0 -1 -0
    outer loop
      vertex -93.0714 12 44.7783
      vertex -95.1319 12 42.4288
      vertex -92.9892 12 44.7108
    endloop
  endfacet
  facet normal 0 -1 0
    outer loop
      vertex -94.8916 12 42.2316
      vertex -92.9892 12 44.7108
      vertex -95.1319 12 42.4288
    endloop
  endfacet
  facet normal 0 -1 -0
    outer loop
      vertex -92.9892 12 44.7108
      vertex -94.8916 12 42.2316
      vertex -92.9028 12 44.6489
    endloop
  endfacet
  facet normal 0 -1 0
    outer loop
      vertex -94.639 12 42.0505
      vertex -92.9028 12 44.6489
      vertex -94.8916 12 42.2316
    endloop
  endfacet
  facet normal 0 -1 -0
    outer loop
      vertex -89.361 12 49.9495
      vertex -91.0972 12 47.3511
      vertex -89.1084 12 49.7684
    endloop
  endfacet
  facet normal 0 -1 0
    outer loop
      vertex -91.0108 12 47.2892
      vertex -89.1084 12 49.7684
      vertex -91.0972 12 47.3511
    endloop
  endfacet
  facet normal 0 -1 -0
    outer loop
      vertex -89.1084 12 49.7684
      vertex -91.0108 12 47.2892
      vertex -88.8681 12 49.5712
    endloop
  endfacet
  facet normal 0 -1 0
    outer loop
      vertex -90.9286 12 47.2217
      vertex -88.8681 12 49.5712
      vertex -91.0108 12 47.2892
    endloop
  endfacet
  facet normal 0 -1 -0
    outer loop
      vertex -88.8681 12 49.5712
      vertex -90.9286 12 47.2217
      vertex -88.6412 12 49.3588
    endloop
  endfacet
  facet normal 0 -1 0
    outer loop
      vertex -90.851 12 47.149
      vertex -88.6412 12 49.3588
      vertex -90.9286 12 47.2217
    endloop
  endfacet
  facet normal 0 -1 -0
    outer loop
      vertex -88.6412 12 49.3588
      vertex -90.851 12 47.149
      vertex -88.4288 12 49.1319
    endloop
  endfacet
  facet normal 0 -1 0
    outer loop
      vertex -90.7783 12 47.0714
      vertex -88.4288 12 49.1319
      vertex -90.851 12 47.149
    endloop
  endfacet
  facet normal 0 -1 -0
    outer loop
      vertex -88.4288 12 49.1319
      vertex -90.7783 12 47.0714
      vertex -88.2316 12 48.8916
    endloop
  endfacet
  facet normal 0 -1 0
    outer loop
      vertex -90.7108 12 46.9892
      vertex -88.2316 12 48.8916
      vertex -90.7783 12 47.0714
    endloop
  endfacet
  facet normal 0 -1 -0
    outer loop
      vertex -88.2316 12 48.8916
      vertex -90.7108 12 46.9892
      vertex -88.0505 12 48.639
    endloop
  endfacet
  facet normal 0 -1 0
    outer loop
      vertex -90.6489 12 46.9028
      vertex -88.0505 12 48.639
      vertex -90.7108 12 46.9892
    endloop
  endfacet
  facet normal 0 -1 -0
    outer loop
      vertex -88.0505 12 48.639
      vertex -90.6489 12 46.9028
      vertex -87.8864 12 48.375
    endloop
  endfacet
  facet normal 0 -1 0
    outer loop
      vertex -90.5927 12 46.8125
      vertex -87.8864 12 48.375
      vertex -90.6489 12 46.9028
    endloop
  endfacet
  facet normal 0 -1 -0
    outer loop
      vertex -87.8864 12 48.375
      vertex -90.5927 12 46.8125
      vertex -87.7399 12 48.1009
    endloop
  endfacet
  facet normal 0 -1 0
    outer loop
      vertex -90.5426 12 46.7187
      vertex -87.7399 12 48.1009
      vertex -90.5927 12 46.8125
    endloop
  endfacet
  facet normal 0 -1 -0
    outer loop
      vertex -87.7399 12 48.1009
      vertex -90.5426 12 46.7187
      vertex -87.6116 12 47.8177
    endloop
  endfacet
  facet normal 0 -1 0
    outer loop
      vertex -90.4987 12 46.6219
      vertex -87.6116 12 47.8177
      vertex -90.5426 12 46.7187
    endloop
  endfacet
  facet normal 0 -1 -0
    outer loop
      vertex -87.6116 12 47.8177
      vertex -90.4987 12 46.6219
      vertex -87.5021 12 47.5268
    endloop
  endfacet
  facet normal 0 -1 0
    outer loop
      vertex -90.4612 12 46.5223
      vertex -87.5021 12 47.5268
      vertex -90.4987 12 46.6219
    endloop
  endfacet
  facet normal 0 -1 -0
    outer loop
      vertex -87.5021 12 47.5268
      vertex -90.4612 12 46.5223
      vertex -87.4118 12 47.2294
    endloop
  endfacet
  facet normal 0 -1 0
    outer loop
      vertex -90.4304 12 46.4206
      vertex -87.4118 12 47.2294
      vertex -90.4612 12 46.5223
    endloop
  endfacet
  facet normal 0 -1 -0
    outer loop
      vertex -87.4118 12 47.2294
      vertex -90.4304 12 46.4206
      vertex -87.3413 12 46.9267
    endloop
  endfacet
  facet normal 0 -1 0
    outer loop
      vertex -90.4062 12 46.317
      vertex -87.3413 12 46.9267
      vertex -90.4304 12 46.4206
    endloop
  endfacet
  facet normal 0 -1 -0
    outer loop
      vertex -87.3413 12 46.9267
      vertex -90.4062 12 46.317
      vertex -87.2906 12 46.62
    endloop
  endfacet
  facet normal 0 -1 0
    outer loop
      vertex -90.3889 12 46.2121
      vertex -87.2906 12 46.62
      vertex -90.4062 12 46.317
    endloop
  endfacet
  facet normal 0 -1 -0
    outer loop
      vertex -87.2906 12 46.62
      vertex -90.3889 12 46.2121
      vertex -87.2602 12 46.3107
    endloop
  endfacet
  facet normal 0 -1 0
    outer loop
      vertex -90.3785 12 46.1063
      vertex -87.2602 12 46.3107
      vertex -90.3889 12 46.2121
    endloop
  endfacet
  facet normal 0 -1 0
    outer loop
      vertex -90.375 12 46
      vertex -87.2602 12 46.3107
      vertex -90.3785 12 46.1063
    endloop
  endfacet
  facet normal 0 -1 0
    outer loop
      vertex -90.375 12 46
      vertex -87.25 12 46
      vertex -87.2602 12 46.3107
    endloop
  endfacet
  facet normal 0 -1 0
    outer loop
      vertex -90.3785 12 45.8937
      vertex -87.25 12 46
      vertex -90.375 12 46
    endloop
  endfacet
  facet normal 0 -1 0
    outer loop
      vertex -87.2602 12 45.6893
      vertex -90.3785 12 45.8937
      vertex -90.3889 12 45.7879
    endloop
  endfacet
  facet normal 0 -1 0
    outer loop
      vertex -90.3785 12 45.8937
      vertex -87.2602 12 45.6893
      vertex -87.25 12 46
    endloop
  endfacet
  facet normal 0 -1 0
    outer loop
      vertex -87.2906 12 45.38
      vertex -90.3889 12 45.7879
      vertex -90.4062 12 45.683
    endloop
  endfacet
  facet normal 0 -1 0
    outer loop
      vertex -87.3413 12 45.0733
      vertex -90.4062 12 45.683
      vertex -90.4304 12 45.5794
    endloop
  endfacet
  facet normal 0 -1 0
    outer loop
      vertex -87.4118 12 44.7706
      vertex -90.4304 12 45.5794
      vertex -90.4612 12 45.4777
    endloop
  endfacet
  facet normal 0 -1 0
    outer loop
      vertex -90.3889 12 45.7879
      vertex -87.2906 12 45.38
      vertex -87.2602 12 45.6893
    endloop
  endfacet
  facet normal 0 -1 0
    outer loop
      vertex -87.5021 12 44.4732
      vertex -90.4612 12 45.4777
      vertex -90.4987 12 45.3781
    endloop
  endfacet
  facet normal 0 -1 0
    outer loop
      vertex -87.6116 12 44.1823
      vertex -90.4987 12 45.3781
      vertex -90.5426 12 45.2813
    endloop
  endfacet
  facet normal 0 -1 0
    outer loop
      vertex -87.7399 12 43.8991
      vertex -90.5426 12 45.2813
      vertex -90.5927 12 45.1875
    endloop
  endfacet
  facet normal 0 -1 0
    outer loop
      vertex -87.8864 12 43.625
      vertex -90.5927 12 45.1875
      vertex -90.6489 12 45.0972
    endloop
  endfacet
  facet normal 0 -1 0
    outer loop
      vertex -90.4062 12 45.683
      vertex -87.3413 12 45.0733
      vertex -87.2906 12 45.38
    endloop
  endfacet
  facet normal 0 -1 0
    outer loop
      vertex -88.0505 12 43.361
      vertex -90.6489 12 45.0972
      vertex -90.7108 12 45.0108
    endloop
  endfacet
  facet normal 0 -1 0
    outer loop
      vertex -88.2316 12 43.1084
      vertex -90.7108 12 45.0108
      vertex -90.7783 12 44.9286
    endloop
  endfacet
  facet normal 0 -1 0
    outer loop
      vertex -88.4288 12 42.8681
      vertex -90.7783 12 44.9286
      vertex -90.851 12 44.851
    endloop
  endfacet
  facet normal 0 -1 0
    outer loop
      vertex -88.6412 12 42.6412
      vertex -90.851 12 44.851
      vertex -90.9286 12 44.7783
    endloop
  endfacet
  facet normal 0 -1 0
    outer loop
      vertex -90.4304 12 45.5794
      vertex -87.4118 12 44.7706
      vertex -87.3413 12 45.0733
    endloop
  endfacet
  facet normal 0 -1 0
    outer loop
      vertex -88.8681 12 42.4288
      vertex -90.9286 12 44.7783
      vertex -91.0108 12 44.7108
    endloop
  endfacet
  facet normal 0 -1 0
    outer loop
      vertex -89.1084 12 42.2316
      vertex -91.0108 12 44.7108
      vertex -91.0972 12 44.6489
    endloop
  endfacet
  facet normal 0 -1 0
    outer loop
      vertex -89.361 12 42.0505
      vertex -91.0972 12 44.6489
      vertex -91.1875 12 44.5927
    endloop
  endfacet
  facet normal 0 -1 0
    outer loop
      vertex -89.625 12 41.8864
      vertex -91.1875 12 44.5927
      vertex -91.2813 12 44.5426
    endloop
  endfacet
  facet normal 0 -1 0
    outer loop
      vertex -89.8991 12 41.7399
      vertex -91.2813 12 44.5426
      vertex -91.3781 12 44.4987
    endloop
  endfacet
  facet normal 0 -1 0
    outer loop
      vertex -90.4612 12 45.4777
      vertex -87.5021 12 44.4732
      vertex -87.4118 12 44.7706
    endloop
  endfacet
  facet normal 0 -1 0
    outer loop
      vertex -90.1823 12 41.6116
      vertex -91.3781 12 44.4987
      vertex -91.4777 12 44.4612
    endloop
  endfacet
  facet normal 0 -1 0
    outer loop
      vertex -90.4732 12 41.5021
      vertex -91.4777 12 44.4612
      vertex -91.5794 12 44.4304
    endloop
  endfacet
  facet normal 0 -1 0
    outer loop
      vertex -90.7706 12 41.4119
      vertex -91.5794 12 44.4304
      vertex -91.683 12 44.4062
    endloop
  endfacet
  facet normal 0 -1 0
    outer loop
      vertex -91.0733 12 41.3413
      vertex -91.683 12 44.4062
      vertex -91.7879 12 44.3889
    endloop
  endfacet
  facet normal 0 -1 0
    outer loop
      vertex -91.38 12 41.2906
      vertex -91.7879 12 44.3889
      vertex -91.8937 12 44.3785
    endloop
  endfacet
  facet normal 0 -1 0
    outer loop
      vertex -91.6893 12 41.2602
      vertex -91.8937 12 44.3785
      vertex -92 12 44.375
    endloop
  endfacet
  facet normal 0 -1 -0
    outer loop
      vertex -92.9028 12 44.6489
      vertex -94.639 12 42.0505
      vertex -92.8125 12 44.5927
    endloop
  endfacet
  facet normal 0 -1 0
    outer loop
      vertex -90.4987 12 45.3781
      vertex -87.6116 12 44.1823
      vertex -87.5021 12 44.4732
    endloop
  endfacet
  facet normal 0 -1 0
    outer loop
      vertex -94.375 12 41.8864
      vertex -92.8125 12 44.5927
      vertex -94.639 12 42.0505
    endloop
  endfacet
  facet normal 0 -1 0
    outer loop
      vertex -90.5426 12 45.2813
      vertex -87.7399 12 43.8991
      vertex -87.6116 12 44.1823
    endloop
  endfacet
  facet normal 0 -1 -0
    outer loop
      vertex -92.8125 12 44.5927
      vertex -94.375 12 41.8864
      vertex -92.7187 12 44.5426
    endloop
  endfacet
  facet normal 0 -1 0
    outer loop
      vertex -90.5927 12 45.1875
      vertex -87.8864 12 43.625
      vertex -87.7399 12 43.8991
    endloop
  endfacet
  facet normal 0 -1 0
    outer loop
      vertex -94.1009 12 41.7399
      vertex -92.7187 12 44.5426
      vertex -94.375 12 41.8864
    endloop
  endfacet
  facet normal 0 -1 0
    outer loop
      vertex -90.6489 12 45.0972
      vertex -88.0505 12 43.361
      vertex -87.8864 12 43.625
    endloop
  endfacet
  facet normal 0 -1 -0
    outer loop
      vertex -92.7187 12 44.5426
      vertex -94.1009 12 41.7399
      vertex -92.6219 12 44.4987
    endloop
  endfacet
  facet normal 0 -1 0
    outer loop
      vertex -90.7108 12 45.0108
      vertex -88.2316 12 43.1084
      vertex -88.0505 12 43.361
    endloop
  endfacet
  facet normal 0 -1 0
    outer loop
      vertex -93.8177 12 41.6116
      vertex -92.6219 12 44.4987
      vertex -94.1009 12 41.7399
    endloop
  endfacet
  facet normal 0 -1 0
    outer loop
      vertex -90.7783 12 44.9286
      vertex -88.4288 12 42.8681
      vertex -88.2316 12 43.1084
    endloop
  endfacet
  facet normal 0 -1 -0
    outer loop
      vertex -92.6219 12 44.4987
      vertex -93.8177 12 41.6116
      vertex -92.5223 12 44.4612
    endloop
  endfacet
  facet normal 0 -1 0
    outer loop
      vertex -90.851 12 44.851
      vertex -88.6412 12 42.6412
      vertex -88.4288 12 42.8681
    endloop
  endfacet
  facet normal 0 -1 0
    outer loop
      vertex -93.5268 12 41.5021
      vertex -92.5223 12 44.4612
      vertex -93.8177 12 41.6116
    endloop
  endfacet
  facet normal 0 -1 0
    outer loop
      vertex -90.9286 12 44.7783
      vertex -88.8681 12 42.4288
      vertex -88.6412 12 42.6412
    endloop
  endfacet
  facet normal 0 -1 -0
    outer loop
      vertex -92.5223 12 44.4612
      vertex -93.5268 12 41.5021
      vertex -92.4206 12 44.4304
    endloop
  endfacet
  facet normal 0 -1 0
    outer loop
      vertex -91.0108 12 44.7108
      vertex -89.1084 12 42.2316
      vertex -88.8681 12 42.4288
    endloop
  endfacet
  facet normal 0 -1 0
    outer loop
      vertex -93.2294 12 41.4119
      vertex -92.4206 12 44.4304
      vertex -93.5268 12 41.5021
    endloop
  endfacet
  facet normal 0 -1 0
    outer loop
      vertex -91.0972 12 44.6489
      vertex -89.361 12 42.0505
      vertex -89.1084 12 42.2316
    endloop
  endfacet
  facet normal 0 -1 -0
    outer loop
      vertex -92.4206 12 44.4304
      vertex -93.2294 12 41.4119
      vertex -92.317 12 44.4062
    endloop
  endfacet
  facet normal 0 -1 0
    outer loop
      vertex -91.1875 12 44.5927
      vertex -89.625 12 41.8864
      vertex -89.361 12 42.0505
    endloop
  endfacet
  facet normal 0 -1 0
    outer loop
      vertex -92.9267 12 41.3413
      vertex -92.317 12 44.4062
      vertex -93.2294 12 41.4119
    endloop
  endfacet
  facet normal 0 -1 0
    outer loop
      vertex -91.2813 12 44.5426
      vertex -89.8991 12 41.7399
      vertex -89.625 12 41.8864
    endloop
  endfacet
  facet normal 0 -1 -0
    outer loop
      vertex -92.317 12 44.4062
      vertex -92.9267 12 41.3413
      vertex -92.2121 12 44.3889
    endloop
  endfacet
  facet normal 0 -1 0
    outer loop
      vertex -91.3781 12 44.4987
      vertex -90.1823 12 41.6116
      vertex -89.8991 12 41.7399
    endloop
  endfacet
  facet normal 0 -1 0
    outer loop
      vertex -92.62 12 41.2906
      vertex -92.2121 12 44.3889
      vertex -92.9267 12 41.3413
    endloop
  endfacet
  facet normal 0 -1 0
    outer loop
      vertex -91.4777 12 44.4612
      vertex -90.4732 12 41.5021
      vertex -90.1823 12 41.6116
    endloop
  endfacet
  facet normal 0 -1 -0
    outer loop
      vertex -92.2121 12 44.3889
      vertex -92.62 12 41.2906
      vertex -92.1063 12 44.3785
    endloop
  endfacet
  facet normal 0 -1 0
    outer loop
      vertex -91.5794 12 44.4304
      vertex -90.7706 12 41.4119
      vertex -90.4732 12 41.5021
    endloop
  endfacet
  facet normal 0 -1 0
    outer loop
      vertex -92.3107 12 41.2602
      vertex -92.1063 12 44.3785
      vertex -92.62 12 41.2906
    endloop
  endfacet
  facet normal 0 -1 0
    outer loop
      vertex -91.683 12 44.4062
      vertex -91.0733 12 41.3413
      vertex -90.7706 12 41.4119
    endloop
  endfacet
  facet normal 0 -1 -0
    outer loop
      vertex -92.1063 12 44.3785
      vertex -92.3107 12 41.2602
      vertex -92 12 44.375
    endloop
  endfacet
  facet normal 0 -1 0
    outer loop
      vertex -91.7879 12 44.3889
      vertex -91.38 12 41.2906
      vertex -91.0733 12 41.3413
    endloop
  endfacet
  facet normal 0 -1 0
    outer loop
      vertex -92 12 41.25
      vertex -92 12 44.375
      vertex -92.3107 12 41.2602
    endloop
  endfacet
  facet normal 0 -1 0
    outer loop
      vertex -91.8937 12 44.3785
      vertex -91.6893 12 41.2602
      vertex -91.38 12 41.2906
    endloop
  endfacet
  facet normal 0 -1 0
    outer loop
      vertex -92 12 44.375
      vertex -92 12 41.25
      vertex -91.6893 12 41.2602
    endloop
  endfacet
  facet normal -0.582668 0 0.81271
    outer loop
      vertex -94.8916 32 49.7684
      vertex -94.639 12 49.9495
      vertex -94.639 32 49.9495
    endloop
  endfacet
  facet normal -0.582668 0 0.81271
    outer loop
      vertex -94.639 12 49.9495
      vertex -94.8916 32 49.7684
      vertex -94.8916 12 49.7684
    endloop
  endfacet
  facet normal -0.412664 0 0.910883
    outer loop
      vertex -94.1009 32 50.2601
      vertex -93.8177 12 50.3884
      vertex -93.8177 32 50.3884
    endloop
  endfacet
  facet normal -0.412664 0 0.910883
    outer loop
      vertex -93.8177 12 50.3884
      vertex -94.1009 32 50.2601
      vertex -94.1009 12 50.2601
    endloop
  endfacet
  facet normal -0.527915 0 0.849297
    outer loop
      vertex -94.639 32 49.9495
      vertex -94.375 12 50.1136
      vertex -94.375 32 50.1136
    endloop
  endfacet
  facet normal -0.527915 0 0.849297
    outer loop
      vertex -94.375 12 50.1136
      vertex -94.639 32 49.9495
      vertex -94.639 12 49.9495
    endloop
  endfacet
  facet normal -0.634376 0 0.773025
    outer loop
      vertex -95.1319 32 49.5712
      vertex -94.8916 12 49.7684
      vertex -94.8916 32 49.7684
    endloop
  endfacet
  facet normal -0.634376 0 0.773025
    outer loop
      vertex -94.8916 12 49.7684
      vertex -95.1319 32 49.5712
      vertex -95.1319 12 49.5712
    endloop
  endfacet
  facet normal -0.352287 0 0.935892
    outer loop
      vertex -93.8177 32 50.3884
      vertex -93.5268 12 50.4979
      vertex -93.5268 32 50.4979
    endloop
  endfacet
  facet normal -0.352287 0 0.935892
    outer loop
      vertex -93.5268 12 50.4979
      vertex -93.8177 32 50.3884
      vertex -93.8177 12 50.3884
    endloop
  endfacet
  facet normal -0.0328114 0 0.999462
    outer loop
      vertex -92.3107 32 50.7398
      vertex -92 12 50.75
      vertex -92 32 50.75
    endloop
  endfacet
  facet normal -0.0328114 0 0.999462
    outer loop
      vertex -92 12 50.75
      vertex -92.3107 32 50.7398
      vertex -92.3107 12 50.7398
    endloop
  endfacet
  facet normal 0.999462 0 -0.0328114
    outer loop
      vertex -87.25 12 46
      vertex -87.2602 32 45.6893
      vertex -87.25 32 46
    endloop
  endfacet
  facet normal 0.999462 0 -0.0328114
    outer loop
      vertex -87.2602 32 45.6893
      vertex -87.25 12 46
      vertex -87.2602 12 45.6893
    endloop
  endfacet
  facet normal 0.0328114 0 -0.999462
    outer loop
      vertex -92 12 41.25
      vertex -91.6893 32 41.2602
      vertex -91.6893 12 41.2602
    endloop
  endfacet
  facet normal 0.0328114 0 -0.999462
    outer loop
      vertex -91.6893 32 41.2602
      vertex -92 12 41.25
      vertex -92 32 41.25
    endloop
  endfacet
  facet normal 0.163095 0 -0.98661
    outer loop
      vertex -91.38 12 41.2906
      vertex -91.0733 32 41.3413
      vertex -91.0733 12 41.3413
    endloop
  endfacet
  facet normal 0.163095 0 -0.98661
    outer loop
      vertex -91.0733 32 41.3413
      vertex -91.38 12 41.2906
      vertex -91.38 32 41.2906
    endloop
  endfacet
  facet normal 0.29024 0 -0.956954
    outer loop
      vertex -90.7706 12 41.4119
      vertex -90.4732 32 41.5021
      vertex -90.4732 12 41.5021
    endloop
  endfacet
  facet normal 0.29024 0 -0.956954
    outer loop
      vertex -90.4732 32 41.5021
      vertex -90.7706 12 41.4119
      vertex -90.7706 32 41.4119
    endloop
  endfacet
  facet normal 0.582668 0 -0.81271
    outer loop
      vertex -89.361 12 42.0505
      vertex -89.1084 32 42.2316
      vertex -89.1084 12 42.2316
    endloop
  endfacet
  facet normal 0.582668 0 -0.81271
    outer loop
      vertex -89.1084 32 42.2316
      vertex -89.361 12 42.0505
      vertex -89.361 32 42.0505
    endloop
  endfacet
  facet normal 0.634376 0 -0.773025
    outer loop
      vertex -89.1084 12 42.2316
      vertex -88.8681 32 42.4288
      vertex -88.8681 12 42.4288
    endloop
  endfacet
  facet normal 0.634376 0 -0.773025
    outer loop
      vertex -88.8681 32 42.4288
      vertex -89.1084 12 42.2316
      vertex -89.1084 32 42.2316
    endloop
  endfacet
  facet normal 0.910883 0 -0.412664
    outer loop
      vertex -87.6116 12 44.1823
      vertex -87.7399 32 43.8991
      vertex -87.6116 32 44.1823
    endloop
  endfacet
  facet normal 0.910883 0 -0.412664
    outer loop
      vertex -87.7399 32 43.8991
      vertex -87.6116 12 44.1823
      vertex -87.7399 12 43.8991
    endloop
  endfacet
  facet normal 0.881934 0 -0.471373
    outer loop
      vertex -87.7399 12 43.8991
      vertex -87.8864 32 43.625
      vertex -87.7399 32 43.8991
    endloop
  endfacet
  facet normal 0.881934 0 -0.471373
    outer loop
      vertex -87.8864 32 43.625
      vertex -87.7399 12 43.8991
      vertex -87.8864 12 43.625
    endloop
  endfacet
  facet normal 0.935892 0 -0.352287
    outer loop
      vertex -87.5021 12 44.4732
      vertex -87.6116 32 44.1823
      vertex -87.5021 32 44.4732
    endloop
  endfacet
  facet normal 0.935892 0 -0.352287
    outer loop
      vertex -87.6116 32 44.1823
      vertex -87.5021 12 44.4732
      vertex -87.6116 12 44.1823
    endloop
  endfacet
  facet normal 0.956865 0 -0.290534
    outer loop
      vertex -87.4118 12 44.7706
      vertex -87.5021 32 44.4732
      vertex -87.4118 32 44.7706
    endloop
  endfacet
  facet normal 0.956865 0 -0.290534
    outer loop
      vertex -87.5021 32 44.4732
      vertex -87.4118 12 44.7706
      vertex -87.5021 12 44.4732
    endloop
  endfacet
  facet normal -0.527915 0 -0.849297
    outer loop
      vertex -94.639 12 42.0505
      vertex -94.375 32 41.8864
      vertex -94.375 12 41.8864
    endloop
  endfacet
  facet normal -0.527915 0 -0.849297
    outer loop
      vertex -94.375 32 41.8864
      vertex -94.639 12 42.0505
      vertex -94.639 32 42.0505
    endloop
  endfacet
  facet normal -0.412664 0 -0.910883
    outer loop
      vertex -94.1009 12 41.7399
      vertex -93.8177 32 41.6116
      vertex -93.8177 12 41.6116
    endloop
  endfacet
  facet normal -0.412664 0 -0.910883
    outer loop
      vertex -93.8177 32 41.6116
      vertex -94.1009 12 41.7399
      vertex -94.1009 32 41.7399
    endloop
  endfacet
  facet normal -0.471373 0 -0.881934
    outer loop
      vertex -94.375 12 41.8864
      vertex -94.1009 32 41.7399
      vertex -94.1009 12 41.7399
    endloop
  endfacet
  facet normal -0.471373 0 -0.881934
    outer loop
      vertex -94.1009 32 41.7399
      vertex -94.375 12 41.8864
      vertex -94.375 32 41.8864
    endloop
  endfacet
  facet normal -0.29024 0 -0.956954
    outer loop
      vertex -93.5268 12 41.5021
      vertex -93.2294 32 41.4119
      vertex -93.2294 12 41.4119
    endloop
  endfacet
  facet normal -0.29024 0 -0.956954
    outer loop
      vertex -93.2294 32 41.4119
      vertex -93.5268 12 41.5021
      vertex -93.5268 32 41.5021
    endloop
  endfacet
  facet normal -0.227138 0 -0.973863
    outer loop
      vertex -93.2294 12 41.4119
      vertex -92.9267 32 41.3413
      vertex -92.9267 12 41.3413
    endloop
  endfacet
  facet normal -0.227138 0 -0.973863
    outer loop
      vertex -92.9267 32 41.3413
      vertex -93.2294 12 41.4119
      vertex -93.2294 32 41.4119
    endloop
  endfacet
  facet normal -0.0978151 0 -0.995205
    outer loop
      vertex -92.62 12 41.2906
      vertex -92.3107 32 41.2602
      vertex -92.3107 12 41.2602
    endloop
  endfacet
  facet normal -0.0978151 0 -0.995205
    outer loop
      vertex -92.3107 32 41.2602
      vertex -92.62 12 41.2906
      vertex -92.62 32 41.2906
    endloop
  endfacet
  facet normal -0.881934 0 -0.471373
    outer loop
      vertex -96.1136 12 43.625
      vertex -96.2601 32 43.8991
      vertex -96.1136 32 43.625
    endloop
  endfacet
  facet normal -0.881934 -0 -0.471373
    outer loop
      vertex -96.2601 32 43.8991
      vertex -96.1136 12 43.625
      vertex -96.2601 12 43.8991
    endloop
  endfacet
  facet normal -0.81271 0 -0.582668
    outer loop
      vertex -95.7684 12 43.1084
      vertex -95.9495 32 43.361
      vertex -95.7684 32 43.1084
    endloop
  endfacet
  facet normal -0.81271 -0 -0.582668
    outer loop
      vertex -95.9495 32 43.361
      vertex -95.7684 12 43.1084
      vertex -95.9495 12 43.361
    endloop
  endfacet
  facet normal -0.935892 0 -0.352287
    outer loop
      vertex -96.3884 12 44.1823
      vertex -96.4979 32 44.4732
      vertex -96.3884 32 44.1823
    endloop
  endfacet
  facet normal -0.935892 -0 -0.352287
    outer loop
      vertex -96.4979 32 44.4732
      vertex -96.3884 12 44.1823
      vertex -96.4979 12 44.4732
    endloop
  endfacet
  facet normal -0.98661 0 -0.163095
    outer loop
      vertex -96.6587 12 45.0733
      vertex -96.7094 32 45.38
      vertex -96.6587 32 45.0733
    endloop
  endfacet
  facet normal -0.98661 -0 -0.163095
    outer loop
      vertex -96.7094 32 45.38
      vertex -96.6587 12 45.0733
      vertex -96.7094 12 45.38
    endloop
  endfacet
  facet normal -0.999462 0 -0.0328114
    outer loop
      vertex -96.7398 12 45.6893
      vertex -96.75 32 46
      vertex -96.7398 32 45.6893
    endloop
  endfacet
  facet normal -0.999462 -0 -0.0328114
    outer loop
      vertex -96.75 32 46
      vertex -96.7398 12 45.6893
      vertex -96.75 12 46
    endloop
  endfacet
  facet normal -0.81271 0 0.582668
    outer loop
      vertex -95.9495 12 48.639
      vertex -95.7684 32 48.8916
      vertex -95.9495 32 48.639
    endloop
  endfacet
  facet normal -0.81271 0 0.582668
    outer loop
      vertex -95.7684 32 48.8916
      vertex -95.9495 12 48.639
      vertex -95.7684 12 48.8916
    endloop
  endfacet
  facet normal -0.29024 0 0.956954
    outer loop
      vertex -93.5268 32 50.4979
      vertex -93.2294 12 50.5881
      vertex -93.2294 32 50.5881
    endloop
  endfacet
  facet normal -0.29024 0 0.956954
    outer loop
      vertex -93.2294 12 50.5881
      vertex -93.5268 32 50.4979
      vertex -93.5268 12 50.4979
    endloop
  endfacet
  facet normal 0.0978151 0 -0.995205
    outer loop
      vertex -91.6893 12 41.2602
      vertex -91.38 32 41.2906
      vertex -91.38 12 41.2906
    endloop
  endfacet
  facet normal 0.0978151 0 -0.995205
    outer loop
      vertex -91.38 32 41.2906
      vertex -91.6893 12 41.2602
      vertex -91.6893 32 41.2602
    endloop
  endfacet
  facet normal 0.527915 0 -0.849297
    outer loop
      vertex -89.625 12 41.8864
      vertex -89.361 32 42.0505
      vertex -89.361 12 42.0505
    endloop
  endfacet
  facet normal 0.527915 0 -0.849297
    outer loop
      vertex -89.361 32 42.0505
      vertex -89.625 12 41.8864
      vertex -89.625 32 41.8864
    endloop
  endfacet
  facet normal 0.81271 0 -0.582668
    outer loop
      vertex -88.0505 12 43.361
      vertex -88.2316 32 43.1084
      vertex -88.0505 32 43.361
    endloop
  endfacet
  facet normal 0.81271 0 -0.582668
    outer loop
      vertex -88.2316 32 43.1084
      vertex -88.0505 12 43.361
      vertex -88.2316 12 43.1084
    endloop
  endfacet
  facet normal 0.98661 0 -0.163095
    outer loop
      vertex -87.2906 12 45.38
      vertex -87.3413 32 45.0733
      vertex -87.2906 32 45.38
    endloop
  endfacet
  facet normal 0.98661 0 -0.163095
    outer loop
      vertex -87.3413 32 45.0733
      vertex -87.2906 12 45.38
      vertex -87.3413 12 45.0733
    endloop
  endfacet
  facet normal -0.582668 0 -0.81271
    outer loop
      vertex -94.8916 12 42.2316
      vertex -94.639 32 42.0505
      vertex -94.639 12 42.0505
    endloop
  endfacet
  facet normal -0.582668 0 -0.81271
    outer loop
      vertex -94.639 32 42.0505
      vertex -94.8916 12 42.2316
      vertex -94.8916 32 42.2316
    endloop
  endfacet
  facet normal -0.849297 0 -0.527915
    outer loop
      vertex -95.9495 12 43.361
      vertex -96.1136 32 43.625
      vertex -95.9495 32 43.361
    endloop
  endfacet
  facet normal -0.849297 -0 -0.527915
    outer loop
      vertex -96.1136 32 43.625
      vertex -95.9495 12 43.361
      vertex -96.1136 12 43.625
    endloop
  endfacet
  facet normal -0.773025 0 -0.634376
    outer loop
      vertex -95.5712 12 42.8681
      vertex -95.7684 32 43.1084
      vertex -95.5712 32 42.8681
    endloop
  endfacet
  facet normal -0.773025 -0 -0.634376
    outer loop
      vertex -95.7684 32 43.1084
      vertex -95.5712 12 42.8681
      vertex -95.7684 12 43.1084
    endloop
  endfacet
  facet normal -0.995205 0 -0.0978151
    outer loop
      vertex -96.7094 12 45.38
      vertex -96.7398 32 45.6893
      vertex -96.7094 32 45.38
    endloop
  endfacet
  facet normal -0.995205 -0 -0.0978151
    outer loop
      vertex -96.7398 32 45.6893
      vertex -96.7094 12 45.38
      vertex -96.7398 12 45.6893
    endloop
  endfacet
  facet normal -0.999458 0 -0.0329078
    outer loop
      vertex -90.375 12 46
      vertex -90.3785 32 46.1063
      vertex -90.375 32 46
    endloop
  endfacet
  facet normal -0.999458 -0 -0.0329078
    outer loop
      vertex -90.3785 32 46.1063
      vertex -90.375 12 46
      vertex -90.3785 12 46.1063
    endloop
  endfacet
  facet normal 0.999458 0 -0.0329078
    outer loop
      vertex -93.6215 12 46.1063
      vertex -93.625 32 46
      vertex -93.6215 32 46.1063
    endloop
  endfacet
  facet normal 0.999458 0 -0.0329078
    outer loop
      vertex -93.625 32 46
      vertex -93.6215 12 46.1063
      vertex -93.625 12 46
    endloop
  endfacet
  facet normal -0.0329078 0 -0.999458
    outer loop
      vertex -92 12 47.625
      vertex -91.8937 32 47.6215
      vertex -91.8937 12 47.6215
    endloop
  endfacet
  facet normal -0.0329078 0 -0.999458
    outer loop
      vertex -91.8937 32 47.6215
      vertex -92 12 47.625
      vertex -92 32 47.625
    endloop
  endfacet
  facet normal 0.0329078 0 0.999458
    outer loop
      vertex -92.1063 32 44.3785
      vertex -92 12 44.375
      vertex -92 32 44.375
    endloop
  endfacet
  facet normal 0.0329078 0 0.999458
    outer loop
      vertex -92 12 44.375
      vertex -92.1063 32 44.3785
      vertex -92.1063 12 44.3785
    endloop
  endfacet
  facet normal -0.683691 0 -0.729772
    outer loop
      vertex -90.9286 12 47.2217
      vertex -90.851 32 47.149
      vertex -90.851 12 47.149
    endloop
  endfacet
  facet normal -0.683691 0 -0.729772
    outer loop
      vertex -90.851 32 47.149
      vertex -90.9286 12 47.2217
      vertex -90.9286 32 47.2217
    endloop
  endfacet
  facet normal 0.683691 0 -0.729772
    outer loop
      vertex -93.149 12 47.149
      vertex -93.0714 32 47.2217
      vertex -93.0714 12 47.2217
    endloop
  endfacet
  facet normal 0.683691 0 -0.729772
    outer loop
      vertex -93.0714 32 47.2217
      vertex -93.149 12 47.149
      vertex -93.149 32 47.149
    endloop
  endfacet
  facet normal 0.352359 0 -0.935865
    outer loop
      vertex -92.6219 12 47.5013
      vertex -92.5223 32 47.5388
      vertex -92.5223 12 47.5388
    endloop
  endfacet
  facet normal 0.352359 0 -0.935865
    outer loop
      vertex -92.5223 32 47.5388
      vertex -92.6219 12 47.5013
      vertex -92.6219 32 47.5013
    endloop
  endfacet
  facet normal -0.910721 0 -0.413023
    outer loop
      vertex -90.4987 12 46.6219
      vertex -90.5426 32 46.7187
      vertex -90.4987 32 46.6219
    endloop
  endfacet
  facet normal -0.910721 -0 -0.413023
    outer loop
      vertex -90.5426 32 46.7187
      vertex -90.4987 12 46.6219
      vertex -90.5426 12 46.7187
    endloop
  endfacet
  facet normal -0.352359 0 -0.935865
    outer loop
      vertex -91.4777 12 47.5388
      vertex -91.3781 32 47.5013
      vertex -91.3781 12 47.5013
    endloop
  endfacet
  facet normal -0.352359 0 -0.935865
    outer loop
      vertex -91.3781 32 47.5013
      vertex -91.4777 12 47.5388
      vertex -91.4777 32 47.5388
    endloop
  endfacet
  facet normal -0.528392 0 -0.849
    outer loop
      vertex -91.1875 12 47.4073
      vertex -91.0972 32 47.3511
      vertex -91.0972 12 47.3511
    endloop
  endfacet
  facet normal -0.528392 0 -0.849
    outer loop
      vertex -91.0972 32 47.3511
      vertex -91.1875 12 47.4073
      vertex -91.1875 32 47.4073
    endloop
  endfacet
  facet normal 0.910721 0 -0.413023
    outer loop
      vertex -93.4574 12 46.7187
      vertex -93.5013 32 46.6219
      vertex -93.4574 32 46.7187
    endloop
  endfacet
  facet normal 0.910721 0 -0.413023
    outer loop
      vertex -93.5013 32 46.6219
      vertex -93.4574 12 46.7187
      vertex -93.5013 12 46.6219
    endloop
  endfacet
  facet normal 0.162721 0 -0.986672
    outer loop
      vertex -92.317 12 47.5938
      vertex -92.2121 32 47.6111
      vertex -92.2121 12 47.6111
    endloop
  endfacet
  facet normal 0.162721 0 -0.986672
    outer loop
      vertex -92.2121 32 47.6111
      vertex -92.317 12 47.5938
      vertex -92.317 32 47.5938
    endloop
  endfacet
  facet normal -0.973786 0 -0.227467
    outer loop
      vertex -90.4062 12 46.317
      vertex -90.4304 32 46.4206
      vertex -90.4062 32 46.317
    endloop
  endfacet
  facet normal -0.973786 -0 -0.227467
    outer loop
      vertex -90.4304 32 46.4206
      vertex -90.4062 12 46.317
      vertex -90.4304 12 46.4206
    endloop
  endfacet
  facet normal -0.957072 0 -0.289851
    outer loop
      vertex -90.4304 12 46.4206
      vertex -90.4612 32 46.5223
      vertex -90.4304 32 46.4206
    endloop
  endfacet
  facet normal -0.957072 -0 -0.289851
    outer loop
      vertex -90.4612 32 46.5223
      vertex -90.4304 12 46.4206
      vertex -90.4612 12 46.5223
    endloop
  endfacet
  facet normal -0.812906 0 -0.582395
    outer loop
      vertex -90.6489 12 46.9028
      vertex -90.7108 32 46.9892
      vertex -90.6489 32 46.9028
    endloop
  endfacet
  facet normal -0.812906 -0 -0.582395
    outer loop
      vertex -90.7108 32 46.9892
      vertex -90.6489 12 46.9028
      vertex -90.7108 12 46.9892
    endloop
  endfacet
  facet normal -0.772825 0 -0.634619
    outer loop
      vertex -90.7108 12 46.9892
      vertex -90.7783 32 47.0714
      vertex -90.7108 32 46.9892
    endloop
  endfacet
  facet normal -0.772825 -0 -0.634619
    outer loop
      vertex -90.7783 32 47.0714
      vertex -90.7108 12 46.9892
      vertex -90.7783 12 47.0714
    endloop
  endfacet
  facet normal -0.849 0 -0.528392
    outer loop
      vertex -90.5927 12 46.8125
      vertex -90.6489 32 46.9028
      vertex -90.5927 32 46.8125
    endloop
  endfacet
  facet normal -0.849 -0 -0.528392
    outer loop
      vertex -90.6489 32 46.9028
      vertex -90.5927 12 46.8125
      vertex -90.6489 12 46.9028
    endloop
  endfacet
  facet normal -0.227467 0 -0.973786
    outer loop
      vertex -91.683 12 47.5938
      vertex -91.5794 32 47.5696
      vertex -91.5794 12 47.5696
    endloop
  endfacet
  facet normal -0.227467 0 -0.973786
    outer loop
      vertex -91.5794 32 47.5696
      vertex -91.683 12 47.5938
      vertex -91.683 32 47.5938
    endloop
  endfacet
  facet normal -0.289851 0 -0.957072
    outer loop
      vertex -91.5794 12 47.5696
      vertex -91.4777 32 47.5388
      vertex -91.4777 12 47.5388
    endloop
  endfacet
  facet normal -0.289851 0 -0.957072
    outer loop
      vertex -91.4777 32 47.5388
      vertex -91.5794 12 47.5696
      vertex -91.5794 32 47.5696
    endloop
  endfacet
  facet normal -0.162721 0 -0.986672
    outer loop
      vertex -91.7879 12 47.6111
      vertex -91.683 32 47.5938
      vertex -91.683 12 47.5938
    endloop
  endfacet
  facet normal -0.162721 0 -0.986672
    outer loop
      vertex -91.683 32 47.5938
      vertex -91.7879 12 47.6111
      vertex -91.7879 32 47.6111
    endloop
  endfacet
  facet normal -0.582395 0 -0.812906
    outer loop
      vertex -91.0972 12 47.3511
      vertex -91.0108 32 47.2892
      vertex -91.0108 12 47.2892
    endloop
  endfacet
  facet normal -0.582395 0 -0.812906
    outer loop
      vertex -91.0108 32 47.2892
      vertex -91.0972 12 47.3511
      vertex -91.0972 32 47.3511
    endloop
  endfacet
  facet normal 0.973786 0 -0.227467
    outer loop
      vertex -93.5696 12 46.4206
      vertex -93.5938 32 46.317
      vertex -93.5696 32 46.4206
    endloop
  endfacet
  facet normal 0.973786 0 -0.227467
    outer loop
      vertex -93.5938 32 46.317
      vertex -93.5696 12 46.4206
      vertex -93.5938 12 46.317
    endloop
  endfacet
  facet normal 0.812906 0 -0.582395
    outer loop
      vertex -93.2892 12 46.9892
      vertex -93.3511 32 46.9028
      vertex -93.2892 32 46.9892
    endloop
  endfacet
  facet normal 0.812906 0 -0.582395
    outer loop
      vertex -93.3511 32 46.9028
      vertex -93.2892 12 46.9892
      vertex -93.3511 12 46.9028
    endloop
  endfacet
  facet normal 0.729772 0 -0.683691
    outer loop
      vertex -93.149 12 47.149
      vertex -93.2217 32 47.0714
      vertex -93.149 32 47.149
    endloop
  endfacet
  facet normal 0.729772 0 -0.683691
    outer loop
      vertex -93.2217 32 47.0714
      vertex -93.149 12 47.149
      vertex -93.2217 12 47.0714
    endloop
  endfacet
  facet normal 0.849 0 -0.528392
    outer loop
      vertex -93.3511 12 46.9028
      vertex -93.4073 32 46.8125
      vertex -93.3511 32 46.9028
    endloop
  endfacet
  facet normal 0.849 0 -0.528392
    outer loop
      vertex -93.4073 32 46.8125
      vertex -93.3511 12 46.9028
      vertex -93.4073 12 46.8125
    endloop
  endfacet
  facet normal 0.935865 0 -0.352359
    outer loop
      vertex -93.5013 12 46.6219
      vertex -93.5388 32 46.5223
      vertex -93.5013 32 46.6219
    endloop
  endfacet
  facet normal 0.935865 0 -0.352359
    outer loop
      vertex -93.5388 32 46.5223
      vertex -93.5013 12 46.6219
      vertex -93.5388 12 46.5223
    endloop
  endfacet
  facet normal 0.986672 0 -0.162721
    outer loop
      vertex -93.5938 12 46.317
      vertex -93.6111 32 46.2121
      vertex -93.5938 32 46.317
    endloop
  endfacet
  facet normal 0.986672 0 -0.162721
    outer loop
      vertex -93.6111 32 46.2121
      vertex -93.5938 12 46.317
      vertex -93.6111 12 46.2121
    endloop
  endfacet
  facet normal 0.528392 0 -0.849
    outer loop
      vertex -92.9028 12 47.3511
      vertex -92.8125 32 47.4073
      vertex -92.8125 12 47.4073
    endloop
  endfacet
  facet normal 0.528392 0 -0.849
    outer loop
      vertex -92.8125 32 47.4073
      vertex -92.9028 12 47.3511
      vertex -92.9028 32 47.3511
    endloop
  endfacet
  facet normal 0.0978272 0 -0.995203
    outer loop
      vertex -92.2121 12 47.6111
      vertex -92.1063 32 47.6215
      vertex -92.1063 12 47.6215
    endloop
  endfacet
  facet normal 0.0978272 0 -0.995203
    outer loop
      vertex -92.1063 32 47.6215
      vertex -92.2121 12 47.6111
      vertex -92.2121 32 47.6111
    endloop
  endfacet
  facet normal 0.634619 0 0.772825
    outer loop
      vertex -93.0714 32 44.7783
      vertex -92.9892 12 44.7108
      vertex -92.9892 32 44.7108
    endloop
  endfacet
  facet normal 0.634619 0 0.772825
    outer loop
      vertex -92.9892 12 44.7108
      vertex -93.0714 32 44.7783
      vertex -93.0714 12 44.7783
    endloop
  endfacet
  facet normal 0.683691 0 0.729772
    outer loop
      vertex -93.149 32 44.851
      vertex -93.0714 12 44.7783
      vertex -93.0714 32 44.7783
    endloop
  endfacet
  facet normal 0.683691 0 0.729772
    outer loop
      vertex -93.0714 12 44.7783
      vertex -93.149 32 44.851
      vertex -93.149 12 44.851
    endloop
  endfacet
  facet normal 0.413023 0 0.910721
    outer loop
      vertex -92.7187 32 44.5426
      vertex -92.6219 12 44.4987
      vertex -92.6219 32 44.4987
    endloop
  endfacet
  facet normal 0.413023 0 0.910721
    outer loop
      vertex -92.6219 12 44.4987
      vertex -92.7187 32 44.5426
      vertex -92.7187 12 44.5426
    endloop
  endfacet
  facet normal 0.528392 0 0.849
    outer loop
      vertex -92.9028 32 44.6489
      vertex -92.8125 12 44.5927
      vertex -92.8125 32 44.5927
    endloop
  endfacet
  facet normal 0.528392 0 0.849
    outer loop
      vertex -92.8125 12 44.5927
      vertex -92.9028 32 44.6489
      vertex -92.9028 12 44.6489
    endloop
  endfacet
  facet normal 0.352359 0 0.935865
    outer loop
      vertex -92.6219 32 44.4987
      vertex -92.5223 12 44.4612
      vertex -92.5223 32 44.4612
    endloop
  endfacet
  facet normal 0.352359 0 0.935865
    outer loop
      vertex -92.5223 12 44.4612
      vertex -92.6219 32 44.4987
      vertex -92.6219 12 44.4987
    endloop
  endfacet
  facet normal 0.162721 0 0.986672
    outer loop
      vertex -92.317 32 44.4062
      vertex -92.2121 12 44.3889
      vertex -92.2121 32 44.3889
    endloop
  endfacet
  facet normal 0.162721 0 0.986672
    outer loop
      vertex -92.2121 12 44.3889
      vertex -92.317 32 44.4062
      vertex -92.317 12 44.4062
    endloop
  endfacet
  facet normal 0.849 -0 0.528392
    outer loop
      vertex -93.4073 12 45.1875
      vertex -93.3511 32 45.0972
      vertex -93.4073 32 45.1875
    endloop
  endfacet
  facet normal 0.849 0 0.528392
    outer loop
      vertex -93.3511 32 45.0972
      vertex -93.4073 12 45.1875
      vertex -93.3511 12 45.0972
    endloop
  endfacet
  facet normal 0.729772 -0 0.683691
    outer loop
      vertex -93.2217 12 44.9286
      vertex -93.149 32 44.851
      vertex -93.2217 32 44.9286
    endloop
  endfacet
  facet normal 0.729772 0 0.683691
    outer loop
      vertex -93.149 32 44.851
      vertex -93.2217 12 44.9286
      vertex -93.149 12 44.851
    endloop
  endfacet
  facet normal 0.935865 -0 0.352359
    outer loop
      vertex -93.5388 12 45.4777
      vertex -93.5013 32 45.3781
      vertex -93.5388 32 45.4777
    endloop
  endfacet
  facet normal 0.935865 0 0.352359
    outer loop
      vertex -93.5013 32 45.3781
      vertex -93.5388 12 45.4777
      vertex -93.5013 12 45.3781
    endloop
  endfacet
  facet normal -0.986672 0 -0.162721
    outer loop
      vertex -90.3889 12 46.2121
      vertex -90.4062 32 46.317
      vertex -90.3889 32 46.2121
    endloop
  endfacet
  facet normal -0.986672 -0 -0.162721
    outer loop
      vertex -90.4062 32 46.317
      vertex -90.3889 12 46.2121
      vertex -90.4062 12 46.317
    endloop
  endfacet
  facet normal -0.995203 0 -0.0978272
    outer loop
      vertex -90.3785 12 46.1063
      vertex -90.3889 32 46.2121
      vertex -90.3785 32 46.1063
    endloop
  endfacet
  facet normal -0.995203 -0 -0.0978272
    outer loop
      vertex -90.3889 32 46.2121
      vertex -90.3785 12 46.1063
      vertex -90.3889 12 46.2121
    endloop
  endfacet
  facet normal -0.935865 0 -0.352359
    outer loop
      vertex -90.4612 12 46.5223
      vertex -90.4987 32 46.6219
      vertex -90.4612 32 46.5223
    endloop
  endfacet
  facet normal -0.935865 -0 -0.352359
    outer loop
      vertex -90.4987 32 46.6219
      vertex -90.4612 12 46.5223
      vertex -90.4987 12 46.6219
    endloop
  endfacet
  facet normal -0.729772 0 -0.683691
    outer loop
      vertex -90.7783 12 47.0714
      vertex -90.851 32 47.149
      vertex -90.7783 32 47.0714
    endloop
  endfacet
  facet normal -0.729772 -0 -0.683691
    outer loop
      vertex -90.851 32 47.149
      vertex -90.7783 12 47.0714
      vertex -90.851 12 47.149
    endloop
  endfacet
  facet normal -0.882066 0 -0.471125
    outer loop
      vertex -90.5426 12 46.7187
      vertex -90.5927 32 46.8125
      vertex -90.5426 32 46.7187
    endloop
  endfacet
  facet normal -0.882066 -0 -0.471125
    outer loop
      vertex -90.5927 32 46.8125
      vertex -90.5426 12 46.7187
      vertex -90.5927 12 46.8125
    endloop
  endfacet
  facet normal -0.0978272 0 -0.995203
    outer loop
      vertex -91.8937 12 47.6215
      vertex -91.7879 32 47.6111
      vertex -91.7879 12 47.6111
    endloop
  endfacet
  facet normal -0.0978272 0 -0.995203
    outer loop
      vertex -91.7879 32 47.6111
      vertex -91.8937 12 47.6215
      vertex -91.8937 32 47.6215
    endloop
  endfacet
  facet normal -0.413023 0 -0.910721
    outer loop
      vertex -91.3781 12 47.5013
      vertex -91.2813 32 47.4574
      vertex -91.2813 12 47.4574
    endloop
  endfacet
  facet normal -0.413023 0 -0.910721
    outer loop
      vertex -91.2813 32 47.4574
      vertex -91.3781 12 47.5013
      vertex -91.3781 32 47.5013
    endloop
  endfacet
  facet normal -0.634619 0 -0.772825
    outer loop
      vertex -91.0108 12 47.2892
      vertex -90.9286 32 47.2217
      vertex -90.9286 12 47.2217
    endloop
  endfacet
  facet normal -0.634619 0 -0.772825
    outer loop
      vertex -90.9286 32 47.2217
      vertex -91.0108 12 47.2892
      vertex -91.0108 32 47.2892
    endloop
  endfacet
  facet normal 0.772825 0 -0.634619
    outer loop
      vertex -93.2217 12 47.0714
      vertex -93.2892 32 46.9892
      vertex -93.2217 32 47.0714
    endloop
  endfacet
  facet normal 0.772825 0 -0.634619
    outer loop
      vertex -93.2892 32 46.9892
      vertex -93.2217 12 47.0714
      vertex -93.2892 12 46.9892
    endloop
  endfacet
  facet normal 0.882066 0 -0.471125
    outer loop
      vertex -93.4073 12 46.8125
      vertex -93.4574 32 46.7187
      vertex -93.4073 32 46.8125
    endloop
  endfacet
  facet normal 0.882066 0 -0.471125
    outer loop
      vertex -93.4574 32 46.7187
      vertex -93.4073 12 46.8125
      vertex -93.4574 12 46.7187
    endloop
  endfacet
  facet normal 0.957072 0 -0.289851
    outer loop
      vertex -93.5388 12 46.5223
      vertex -93.5696 32 46.4206
      vertex -93.5388 32 46.5223
    endloop
  endfacet
  facet normal 0.957072 0 -0.289851
    outer loop
      vertex -93.5696 32 46.4206
      vertex -93.5388 12 46.5223
      vertex -93.5696 12 46.4206
    endloop
  endfacet
  facet normal 0.995203 0 -0.0978272
    outer loop
      vertex -93.6111 12 46.2121
      vertex -93.6215 32 46.1063
      vertex -93.6111 32 46.2121
    endloop
  endfacet
  facet normal 0.995203 0 -0.0978272
    outer loop
      vertex -93.6215 32 46.1063
      vertex -93.6111 12 46.2121
      vertex -93.6215 12 46.1063
    endloop
  endfacet
  facet normal 0.471125 0 -0.882066
    outer loop
      vertex -92.8125 12 47.4073
      vertex -92.7187 32 47.4574
      vertex -92.7187 12 47.4574
    endloop
  endfacet
  facet normal 0.471125 0 -0.882066
    outer loop
      vertex -92.7187 32 47.4574
      vertex -92.8125 12 47.4073
      vertex -92.8125 32 47.4073
    endloop
  endfacet
  facet normal 0.413023 0 -0.910721
    outer loop
      vertex -92.7187 12 47.4574
      vertex -92.6219 32 47.5013
      vertex -92.6219 12 47.5013
    endloop
  endfacet
  facet normal 0.413023 0 -0.910721
    outer loop
      vertex -92.6219 32 47.5013
      vertex -92.7187 12 47.4574
      vertex -92.7187 32 47.4574
    endloop
  endfacet
  facet normal 0.582395 0 -0.812906
    outer loop
      vertex -92.9892 12 47.2892
      vertex -92.9028 32 47.3511
      vertex -92.9028 12 47.3511
    endloop
  endfacet
  facet normal 0.582395 0 -0.812906
    outer loop
      vertex -92.9028 32 47.3511
      vertex -92.9892 12 47.2892
      vertex -92.9892 32 47.2892
    endloop
  endfacet
  facet normal 0.634619 0 -0.772825
    outer loop
      vertex -93.0714 12 47.2217
      vertex -92.9892 32 47.2892
      vertex -92.9892 12 47.2892
    endloop
  endfacet
  facet normal 0.634619 0 -0.772825
    outer loop
      vertex -92.9892 32 47.2892
      vertex -93.0714 12 47.2217
      vertex -93.0714 32 47.2217
    endloop
  endfacet
  facet normal 0.289851 0 -0.957072
    outer loop
      vertex -92.5223 12 47.5388
      vertex -92.4206 32 47.5696
      vertex -92.4206 12 47.5696
    endloop
  endfacet
  facet normal 0.289851 0 -0.957072
    outer loop
      vertex -92.4206 32 47.5696
      vertex -92.5223 12 47.5388
      vertex -92.5223 32 47.5388
    endloop
  endfacet
  facet normal 0.0329078 0 -0.999458
    outer loop
      vertex -92.1063 12 47.6215
      vertex -92 32 47.625
      vertex -92 12 47.625
    endloop
  endfacet
  facet normal 0.0329078 0 -0.999458
    outer loop
      vertex -92 32 47.625
      vertex -92.1063 12 47.6215
      vertex -92.1063 32 47.6215
    endloop
  endfacet
  facet normal -0.999458 0 0.0329078
    outer loop
      vertex -90.3785 12 45.8937
      vertex -90.375 32 46
      vertex -90.3785 32 45.8937
    endloop
  endfacet
  facet normal -0.999458 0 0.0329078
    outer loop
      vertex -90.375 32 46
      vertex -90.3785 12 45.8937
      vertex -90.375 12 46
    endloop
  endfacet
  facet normal -0.0329078 0 0.999458
    outer loop
      vertex -92 32 44.375
      vertex -91.8937 12 44.3785
      vertex -91.8937 32 44.3785
    endloop
  endfacet
  facet normal -0.0329078 0 0.999458
    outer loop
      vertex -91.8937 12 44.3785
      vertex -92 32 44.375
      vertex -92 12 44.375
    endloop
  endfacet
  facet normal -0.162721 0 0.986672
    outer loop
      vertex -91.7879 32 44.3889
      vertex -91.683 12 44.4062
      vertex -91.683 32 44.4062
    endloop
  endfacet
  facet normal -0.162721 0 0.986672
    outer loop
      vertex -91.683 12 44.4062
      vertex -91.7879 32 44.3889
      vertex -91.7879 12 44.3889
    endloop
  endfacet
  facet normal -0.289851 0 0.957072
    outer loop
      vertex -91.5794 32 44.4304
      vertex -91.4777 12 44.4612
      vertex -91.4777 32 44.4612
    endloop
  endfacet
  facet normal -0.289851 0 0.957072
    outer loop
      vertex -91.4777 12 44.4612
      vertex -91.5794 32 44.4304
      vertex -91.5794 12 44.4304
    endloop
  endfacet
  facet normal -0.352359 0 0.935865
    outer loop
      vertex -91.4777 32 44.4612
      vertex -91.3781 12 44.4987
      vertex -91.3781 32 44.4987
    endloop
  endfacet
  facet normal -0.352359 0 0.935865
    outer loop
      vertex -91.3781 12 44.4987
      vertex -91.4777 32 44.4612
      vertex -91.4777 12 44.4612
    endloop
  endfacet
  facet normal -0.227467 0 0.973786
    outer loop
      vertex -91.683 32 44.4062
      vertex -91.5794 12 44.4304
      vertex -91.5794 32 44.4304
    endloop
  endfacet
  facet normal -0.227467 0 0.973786
    outer loop
      vertex -91.5794 12 44.4304
      vertex -91.683 32 44.4062
      vertex -91.683 12 44.4062
    endloop
  endfacet
  facet normal -0.634619 0 0.772825
    outer loop
      vertex -91.0108 32 44.7108
      vertex -90.9286 12 44.7783
      vertex -90.9286 32 44.7783
    endloop
  endfacet
  facet normal -0.634619 0 0.772825
    outer loop
      vertex -90.9286 12 44.7783
      vertex -91.0108 32 44.7108
      vertex -91.0108 12 44.7108
    endloop
  endfacet
  facet normal -0.582395 0 0.812906
    outer loop
      vertex -91.0972 32 44.6489
      vertex -91.0108 12 44.7108
      vertex -91.0108 32 44.7108
    endloop
  endfacet
  facet normal -0.582395 0 0.812906
    outer loop
      vertex -91.0108 12 44.7108
      vertex -91.0972 32 44.6489
      vertex -91.0972 12 44.6489
    endloop
  endfacet
  facet normal -0.683691 0 0.729772
    outer loop
      vertex -90.9286 32 44.7783
      vertex -90.851 12 44.851
      vertex -90.851 32 44.851
    endloop
  endfacet
  facet normal -0.683691 0 0.729772
    outer loop
      vertex -90.851 12 44.851
      vertex -90.9286 32 44.7783
      vertex -90.9286 12 44.7783
    endloop
  endfacet
  facet normal -0.528392 0 0.849
    outer loop
      vertex -91.1875 32 44.5927
      vertex -91.0972 12 44.6489
      vertex -91.0972 32 44.6489
    endloop
  endfacet
  facet normal -0.528392 0 0.849
    outer loop
      vertex -91.0972 12 44.6489
      vertex -91.1875 32 44.5927
      vertex -91.1875 12 44.5927
    endloop
  endfacet
  facet normal -0.413023 0 0.910721
    outer loop
      vertex -91.3781 32 44.4987
      vertex -91.2813 12 44.5426
      vertex -91.2813 32 44.5426
    endloop
  endfacet
  facet normal -0.413023 0 0.910721
    outer loop
      vertex -91.2813 12 44.5426
      vertex -91.3781 32 44.4987
      vertex -91.3781 12 44.4987
    endloop
  endfacet
  facet normal -0.772825 0 0.634619
    outer loop
      vertex -90.7783 12 44.9286
      vertex -90.7108 32 45.0108
      vertex -90.7783 32 44.9286
    endloop
  endfacet
  facet normal -0.772825 0 0.634619
    outer loop
      vertex -90.7108 32 45.0108
      vertex -90.7783 12 44.9286
      vertex -90.7108 12 45.0108
    endloop
  endfacet
  facet normal -0.849 0 0.528392
    outer loop
      vertex -90.6489 12 45.0972
      vertex -90.5927 32 45.1875
      vertex -90.6489 32 45.0972
    endloop
  endfacet
  facet normal -0.849 0 0.528392
    outer loop
      vertex -90.5927 32 45.1875
      vertex -90.6489 12 45.0972
      vertex -90.5927 12 45.1875
    endloop
  endfacet
  facet normal -0.910721 0 0.413023
    outer loop
      vertex -90.5426 12 45.2813
      vertex -90.4987 32 45.3781
      vertex -90.5426 32 45.2813
    endloop
  endfacet
  facet normal -0.910721 0 0.413023
    outer loop
      vertex -90.4987 32 45.3781
      vertex -90.5426 12 45.2813
      vertex -90.4987 12 45.3781
    endloop
  endfacet
  facet normal -0.935865 0 0.352359
    outer loop
      vertex -90.4987 12 45.3781
      vertex -90.4612 32 45.4777
      vertex -90.4987 32 45.3781
    endloop
  endfacet
  facet normal -0.935865 0 0.352359
    outer loop
      vertex -90.4612 32 45.4777
      vertex -90.4987 12 45.3781
      vertex -90.4612 12 45.4777
    endloop
  endfacet
  facet normal -0.882066 0 0.471125
    outer loop
      vertex -90.5927 12 45.1875
      vertex -90.5426 32 45.2813
      vertex -90.5927 32 45.1875
    endloop
  endfacet
  facet normal -0.882066 0 0.471125
    outer loop
      vertex -90.5426 32 45.2813
      vertex -90.5927 12 45.1875
      vertex -90.5426 12 45.2813
    endloop
  endfacet
  facet normal -0.986672 0 0.162721
    outer loop
      vertex -90.4062 12 45.683
      vertex -90.3889 32 45.7879
      vertex -90.4062 32 45.683
    endloop
  endfacet
  facet normal -0.986672 0 0.162721
    outer loop
      vertex -90.3889 32 45.7879
      vertex -90.4062 12 45.683
      vertex -90.3889 12 45.7879
    endloop
  endfacet
  facet normal -0.957072 0 0.289851
    outer loop
      vertex -90.4612 12 45.4777
      vertex -90.4304 32 45.5794
      vertex -90.4612 32 45.4777
    endloop
  endfacet
  facet normal -0.957072 0 0.289851
    outer loop
      vertex -90.4304 32 45.5794
      vertex -90.4612 12 45.4777
      vertex -90.4304 12 45.5794
    endloop
  endfacet
  facet normal 0.471125 0 0.882066
    outer loop
      vertex -92.8125 32 44.5927
      vertex -92.7187 12 44.5426
      vertex -92.7187 32 44.5426
    endloop
  endfacet
  facet normal 0.471125 0 0.882066
    outer loop
      vertex -92.7187 12 44.5426
      vertex -92.8125 32 44.5927
      vertex -92.8125 12 44.5927
    endloop
  endfacet
  facet normal 0.289851 0 0.957072
    outer loop
      vertex -92.5223 32 44.4612
      vertex -92.4206 12 44.4304
      vertex -92.4206 32 44.4304
    endloop
  endfacet
  facet normal 0.289851 0 0.957072
    outer loop
      vertex -92.4206 12 44.4304
      vertex -92.5223 32 44.4612
      vertex -92.5223 12 44.4612
    endloop
  endfacet
  facet normal 0.0978272 0 0.995203
    outer loop
      vertex -92.2121 32 44.3889
      vertex -92.1063 12 44.3785
      vertex -92.1063 32 44.3785
    endloop
  endfacet
  facet normal 0.0978272 0 0.995203
    outer loop
      vertex -92.1063 12 44.3785
      vertex -92.2121 32 44.3889
      vertex -92.2121 12 44.3889
    endloop
  endfacet
  facet normal 0.910721 -0 0.413023
    outer loop
      vertex -93.5013 12 45.3781
      vertex -93.4574 32 45.2813
      vertex -93.5013 32 45.3781
    endloop
  endfacet
  facet normal 0.910721 0 0.413023
    outer loop
      vertex -93.4574 32 45.2813
      vertex -93.5013 12 45.3781
      vertex -93.4574 12 45.2813
    endloop
  endfacet
  facet normal 0.882066 -0 0.471125
    outer loop
      vertex -93.4574 12 45.2813
      vertex -93.4073 32 45.1875
      vertex -93.4574 32 45.2813
    endloop
  endfacet
  facet normal 0.882066 0 0.471125
    outer loop
      vertex -93.4073 32 45.1875
      vertex -93.4574 12 45.2813
      vertex -93.4073 12 45.1875
    endloop
  endfacet
  facet normal 0.812906 -0 0.582395
    outer loop
      vertex -93.3511 12 45.0972
      vertex -93.2892 32 45.0108
      vertex -93.3511 32 45.0972
    endloop
  endfacet
  facet normal 0.812906 0 0.582395
    outer loop
      vertex -93.2892 32 45.0108
      vertex -93.3511 12 45.0972
      vertex -93.2892 12 45.0108
    endloop
  endfacet
  facet normal 0.772825 -0 0.634619
    outer loop
      vertex -93.2892 12 45.0108
      vertex -93.2217 32 44.9286
      vertex -93.2892 32 45.0108
    endloop
  endfacet
  facet normal 0.772825 0 0.634619
    outer loop
      vertex -93.2217 32 44.9286
      vertex -93.2892 12 45.0108
      vertex -93.2217 12 44.9286
    endloop
  endfacet
  facet normal 0.973786 -0 0.227467
    outer loop
      vertex -93.5938 12 45.683
      vertex -93.5696 32 45.5794
      vertex -93.5938 32 45.683
    endloop
  endfacet
  facet normal 0.973786 0 0.227467
    outer loop
      vertex -93.5696 32 45.5794
      vertex -93.5938 12 45.683
      vertex -93.5696 12 45.5794
    endloop
  endfacet
  facet normal 0.957072 -0 0.289851
    outer loop
      vertex -93.5696 12 45.5794
      vertex -93.5388 32 45.4777
      vertex -93.5696 32 45.5794
    endloop
  endfacet
  facet normal 0.957072 0 0.289851
    outer loop
      vertex -93.5388 32 45.4777
      vertex -93.5696 12 45.5794
      vertex -93.5388 12 45.4777
    endloop
  endfacet
  facet normal 0.986672 -0 0.162721
    outer loop
      vertex -93.6111 12 45.7879
      vertex -93.5938 32 45.683
      vertex -93.6111 32 45.7879
    endloop
  endfacet
  facet normal 0.986672 0 0.162721
    outer loop
      vertex -93.5938 32 45.683
      vertex -93.6111 12 45.7879
      vertex -93.5938 12 45.683
    endloop
  endfacet
  facet normal 0.999458 -0 0.0329078
    outer loop
      vertex -93.625 12 46
      vertex -93.6215 32 45.8937
      vertex -93.625 32 46
    endloop
  endfacet
  facet normal 0.999458 0 0.0329078
    outer loop
      vertex -93.6215 32 45.8937
      vertex -93.625 12 46
      vertex -93.6215 12 45.8937
    endloop
  endfacet
  facet normal -0.471125 0 -0.882066
    outer loop
      vertex -91.2813 12 47.4574
      vertex -91.1875 32 47.4073
      vertex -91.1875 12 47.4073
    endloop
  endfacet
  facet normal -0.471125 0 -0.882066
    outer loop
      vertex -91.1875 32 47.4073
      vertex -91.2813 12 47.4574
      vertex -91.2813 32 47.4574
    endloop
  endfacet
  facet normal 0.227467 0 -0.973786
    outer loop
      vertex -92.4206 12 47.5696
      vertex -92.317 32 47.5938
      vertex -92.317 12 47.5938
    endloop
  endfacet
  facet normal 0.227467 0 -0.973786
    outer loop
      vertex -92.317 32 47.5938
      vertex -92.4206 12 47.5696
      vertex -92.4206 32 47.5696
    endloop
  endfacet
  facet normal -0.0978272 0 0.995203
    outer loop
      vertex -91.8937 32 44.3785
      vertex -91.7879 12 44.3889
      vertex -91.7879 32 44.3889
    endloop
  endfacet
  facet normal -0.0978272 0 0.995203
    outer loop
      vertex -91.7879 12 44.3889
      vertex -91.8937 32 44.3785
      vertex -91.8937 12 44.3785
    endloop
  endfacet
  facet normal -0.729772 0 0.683691
    outer loop
      vertex -90.851 12 44.851
      vertex -90.7783 32 44.9286
      vertex -90.851 32 44.851
    endloop
  endfacet
  facet normal -0.729772 0 0.683691
    outer loop
      vertex -90.7783 32 44.9286
      vertex -90.851 12 44.851
      vertex -90.7783 12 44.9286
    endloop
  endfacet
  facet normal -0.471125 0 0.882066
    outer loop
      vertex -91.2813 32 44.5426
      vertex -91.1875 12 44.5927
      vertex -91.1875 32 44.5927
    endloop
  endfacet
  facet normal -0.471125 0 0.882066
    outer loop
      vertex -91.1875 12 44.5927
      vertex -91.2813 32 44.5426
      vertex -91.2813 12 44.5426
    endloop
  endfacet
  facet normal -0.812906 0 0.582395
    outer loop
      vertex -90.7108 12 45.0108
      vertex -90.6489 32 45.0972
      vertex -90.7108 32 45.0108
    endloop
  endfacet
  facet normal -0.812906 0 0.582395
    outer loop
      vertex -90.6489 32 45.0972
      vertex -90.7108 12 45.0108
      vertex -90.6489 12 45.0972
    endloop
  endfacet
  facet normal -0.995203 0 0.0978272
    outer loop
      vertex -90.3889 12 45.7879
      vertex -90.3785 32 45.8937
      vertex -90.3889 32 45.7879
    endloop
  endfacet
  facet normal -0.995203 0 0.0978272
    outer loop
      vertex -90.3785 32 45.8937
      vertex -90.3889 12 45.7879
      vertex -90.3785 12 45.8937
    endloop
  endfacet
  facet normal -0.973786 0 0.227467
    outer loop
      vertex -90.4304 12 45.5794
      vertex -90.4062 32 45.683
      vertex -90.4304 32 45.5794
    endloop
  endfacet
  facet normal -0.973786 0 0.227467
    outer loop
      vertex -90.4062 32 45.683
      vertex -90.4304 12 45.5794
      vertex -90.4062 12 45.683
    endloop
  endfacet
  facet normal 0.582395 0 0.812906
    outer loop
      vertex -92.9892 32 44.7108
      vertex -92.9028 12 44.6489
      vertex -92.9028 32 44.6489
    endloop
  endfacet
  facet normal 0.582395 0 0.812906
    outer loop
      vertex -92.9028 12 44.6489
      vertex -92.9892 32 44.7108
      vertex -92.9892 12 44.7108
    endloop
  endfacet
  facet normal 0.227467 0 0.973786
    outer loop
      vertex -92.4206 32 44.4304
      vertex -92.317 12 44.4062
      vertex -92.317 32 44.4062
    endloop
  endfacet
  facet normal 0.227467 0 0.973786
    outer loop
      vertex -92.317 12 44.4062
      vertex -92.4206 32 44.4304
      vertex -92.4206 12 44.4304
    endloop
  endfacet
  facet normal 0.995203 -0 0.0978272
    outer loop
      vertex -93.6215 12 45.8937
      vertex -93.6111 32 45.7879
      vertex -93.6215 32 45.8937
    endloop
  endfacet
  facet normal 0.995203 0 0.0978272
    outer loop
      vertex -93.6111 32 45.7879
      vertex -93.6215 12 45.8937
      vertex -93.6111 12 45.7879
    endloop
  endfacet
  facet normal 0.999462 -0 0.0328114
    outer loop
      vertex 96.7398 12 -43.6893
      vertex 96.75 32 -44
      vertex 96.7398 32 -43.6893
    endloop
  endfacet
  facet normal 0.999462 0 0.0328114
    outer loop
      vertex 96.75 32 -44
      vertex 96.7398 12 -43.6893
      vertex 96.75 12 -44
    endloop
  endfacet
  facet normal -0.999462 0 0.0328114
    outer loop
      vertex 87.25 12 -44
      vertex 87.2602 32 -43.6893
      vertex 87.25 32 -44
    endloop
  endfacet
  facet normal -0.999462 0 0.0328114
    outer loop
      vertex 87.2602 32 -43.6893
      vertex 87.25 12 -44
      vertex 87.2602 12 -43.6893
    endloop
  endfacet
  facet normal 0.0328114 0 0.999462
    outer loop
      vertex 92 32 -39.25
      vertex 92.3107 12 -39.2602
      vertex 92.3107 32 -39.2602
    endloop
  endfacet
  facet normal 0.0328114 0 0.999462
    outer loop
      vertex 92.3107 12 -39.2602
      vertex 92 32 -39.25
      vertex 92 12 -39.25
    endloop
  endfacet
  facet normal -0.0328114 0 -0.999462
    outer loop
      vertex 91.6893 12 -48.7398
      vertex 92 32 -48.75
      vertex 92 12 -48.75
    endloop
  endfacet
  facet normal -0.0328114 0 -0.999462
    outer loop
      vertex 92 32 -48.75
      vertex 91.6893 12 -48.7398
      vertex 91.6893 32 -48.7398
    endloop
  endfacet
  facet normal 0.730049 -0 0.683395
    outer loop
      vertex 95.3588 12 -40.6412
      vertex 95.5712 32 -40.8681
      vertex 95.3588 32 -40.6412
    endloop
  endfacet
  facet normal 0.730049 0 0.683395
    outer loop
      vertex 95.5712 32 -40.8681
      vertex 95.3588 12 -40.6412
      vertex 95.5712 12 -40.8681
    endloop
  endfacet
  facet normal -0.683395 0 0.730049
    outer loop
      vertex 88.6412 32 -40.6412
      vertex 88.8681 12 -40.4288
      vertex 88.8681 32 -40.4288
    endloop
  endfacet
  facet normal -0.683395 0 0.730049
    outer loop
      vertex 88.8681 12 -40.4288
      vertex 88.6412 32 -40.6412
      vertex 88.6412 12 -40.6412
    endloop
  endfacet
  facet normal -0.973934 0 -0.226833
    outer loop
      vertex 87.4118 12 -45.2294
      vertex 87.3413 32 -44.9267
      vertex 87.4118 32 -45.2294
    endloop
  endfacet
  facet normal -0.973934 -0 -0.226833
    outer loop
      vertex 87.3413 32 -44.9267
      vertex 87.4118 12 -45.2294
      vertex 87.3413 12 -44.9267
    endloop
  endfacet
  facet normal 0.935892 -0 0.352287
    outer loop
      vertex 96.3884 12 -42.1823
      vertex 96.4979 32 -42.4732
      vertex 96.3884 32 -42.1823
    endloop
  endfacet
  facet normal 0.935892 0 0.352287
    outer loop
      vertex 96.4979 32 -42.4732
      vertex 96.3884 12 -42.1823
      vertex 96.4979 12 -42.4732
    endloop
  endfacet
  facet normal 0.412664 0 0.910883
    outer loop
      vertex 93.8177 32 -39.6116
      vertex 94.1009 12 -39.7399
      vertex 94.1009 32 -39.7399
    endloop
  endfacet
  facet normal 0.412664 0 0.910883
    outer loop
      vertex 94.1009 12 -39.7399
      vertex 93.8177 32 -39.6116
      vertex 93.8177 12 -39.6116
    endloop
  endfacet
  facet normal -0.849297 0 0.527915
    outer loop
      vertex 87.8864 12 -41.625
      vertex 88.0505 32 -41.361
      vertex 87.8864 32 -41.625
    endloop
  endfacet
  facet normal -0.849297 0 0.527915
    outer loop
      vertex 88.0505 32 -41.361
      vertex 87.8864 12 -41.625
      vertex 88.0505 12 -41.361
    endloop
  endfacet
  facet normal -0.773025 0 0.634376
    outer loop
      vertex 88.2316 12 -41.1084
      vertex 88.4288 32 -40.8681
      vertex 88.2316 32 -41.1084
    endloop
  endfacet
  facet normal -0.773025 0 0.634376
    outer loop
      vertex 88.4288 32 -40.8681
      vertex 88.2316 12 -41.1084
      vertex 88.4288 12 -40.8681
    endloop
  endfacet
  facet normal -0.163095 0 0.98661
    outer loop
      vertex 91.0733 32 -39.3413
      vertex 91.38 12 -39.2906
      vertex 91.38 32 -39.2906
    endloop
  endfacet
  facet normal -0.163095 0 0.98661
    outer loop
      vertex 91.38 12 -39.2906
      vertex 91.0733 32 -39.3413
      vertex 91.0733 12 -39.3413
    endloop
  endfacet
  facet normal 0.849297 0 -0.527915
    outer loop
      vertex 96.1136 12 -46.375
      vertex 95.9495 32 -46.639
      vertex 96.1136 32 -46.375
    endloop
  endfacet
  facet normal 0.849297 0 -0.527915
    outer loop
      vertex 95.9495 32 -46.639
      vertex 96.1136 12 -46.375
      vertex 95.9495 12 -46.639
    endloop
  endfacet
  facet normal 0.227138 0 -0.973863
    outer loop
      vertex 92.9267 12 -48.6587
      vertex 93.2294 32 -48.5881
      vertex 93.2294 12 -48.5881
    endloop
  endfacet
  facet normal 0.227138 0 -0.973863
    outer loop
      vertex 93.2294 32 -48.5881
      vertex 92.9267 12 -48.6587
      vertex 92.9267 32 -48.6587
    endloop
  endfacet
  facet normal 0.683395 0 -0.730049
    outer loop
      vertex 95.1319 12 -47.5712
      vertex 95.3588 32 -47.3588
      vertex 95.3588 12 -47.3588
    endloop
  endfacet
  facet normal 0.683395 0 -0.730049
    outer loop
      vertex 95.3588 32 -47.3588
      vertex 95.1319 12 -47.5712
      vertex 95.1319 32 -47.5712
    endloop
  endfacet
  facet normal 0.773025 0 -0.634376
    outer loop
      vertex 95.7684 12 -46.8916
      vertex 95.5712 32 -47.1319
      vertex 95.7684 32 -46.8916
    endloop
  endfacet
  facet normal 0.773025 0 -0.634376
    outer loop
      vertex 95.5712 32 -47.1319
      vertex 95.7684 12 -46.8916
      vertex 95.5712 12 -47.1319
    endloop
  endfacet
  facet normal -0.352287 0 -0.935892
    outer loop
      vertex 90.1823 12 -48.3884
      vertex 90.4732 32 -48.4979
      vertex 90.4732 12 -48.4979
    endloop
  endfacet
  facet normal -0.352287 0 -0.935892
    outer loop
      vertex 90.4732 32 -48.4979
      vertex 90.1823 12 -48.3884
      vertex 90.1823 32 -48.3884
    endloop
  endfacet
  facet normal -0.730049 0 -0.683395
    outer loop
      vertex 88.6412 12 -47.3588
      vertex 88.4288 32 -47.1319
      vertex 88.6412 32 -47.3588
    endloop
  endfacet
  facet normal -0.730049 -0 -0.683395
    outer loop
      vertex 88.4288 32 -47.1319
      vertex 88.6412 12 -47.3588
      vertex 88.4288 12 -47.1319
    endloop
  endfacet
  facet normal 0.98661 -0 0.163095
    outer loop
      vertex 96.6587 12 -43.0733
      vertex 96.7094 32 -43.38
      vertex 96.6587 32 -43.0733
    endloop
  endfacet
  facet normal 0.98661 0 0.163095
    outer loop
      vertex 96.7094 32 -43.38
      vertex 96.6587 12 -43.0733
      vertex 96.7094 12 -43.38
    endloop
  endfacet
  facet normal 0.995205 -0 0.0978151
    outer loop
      vertex 96.7094 12 -43.38
      vertex 96.7398 32 -43.6893
      vertex 96.7094 32 -43.38
    endloop
  endfacet
  facet normal 0.995205 0 0.0978151
    outer loop
      vertex 96.7398 32 -43.6893
      vertex 96.7094 12 -43.38
      vertex 96.7398 12 -43.6893
    endloop
  endfacet
  facet normal 0.973934 -0 0.226833
    outer loop
      vertex 96.5882 12 -42.7706
      vertex 96.6587 32 -43.0733
      vertex 96.5882 32 -42.7706
    endloop
  endfacet
  facet normal 0.973934 0 0.226833
    outer loop
      vertex 96.6587 32 -43.0733
      vertex 96.5882 12 -42.7706
      vertex 96.6587 12 -43.0733
    endloop
  endfacet
  facet normal 0.910883 -0 0.412664
    outer loop
      vertex 96.2601 12 -41.8991
      vertex 96.3884 32 -42.1823
      vertex 96.2601 32 -41.8991
    endloop
  endfacet
  facet normal 0.910883 0 0.412664
    outer loop
      vertex 96.3884 32 -42.1823
      vertex 96.2601 12 -41.8991
      vertex 96.3884 12 -42.1823
    endloop
  endfacet
  facet normal 0.227138 0 0.973863
    outer loop
      vertex 92.9267 32 -39.3413
      vertex 93.2294 12 -39.4119
      vertex 93.2294 32 -39.4119
    endloop
  endfacet
  facet normal 0.227138 0 0.973863
    outer loop
      vertex 93.2294 12 -39.4119
      vertex 92.9267 32 -39.3413
      vertex 92.9267 12 -39.3413
    endloop
  endfacet
  facet normal 0.29024 0 0.956954
    outer loop
      vertex 93.2294 32 -39.4119
      vertex 93.5268 12 -39.5021
      vertex 93.5268 32 -39.5021
    endloop
  endfacet
  facet normal 0.29024 0 0.956954
    outer loop
      vertex 93.5268 12 -39.5021
      vertex 93.2294 32 -39.4119
      vertex 93.2294 12 -39.4119
    endloop
  endfacet
  facet normal 0.163095 0 0.98661
    outer loop
      vertex 92.62 32 -39.2906
      vertex 92.9267 12 -39.3413
      vertex 92.9267 32 -39.3413
    endloop
  endfacet
  facet normal 0.163095 0 0.98661
    outer loop
      vertex 92.9267 12 -39.3413
      vertex 92.62 32 -39.2906
      vertex 92.62 12 -39.2906
    endloop
  endfacet
  facet normal 0.683395 0 0.730049
    outer loop
      vertex 95.1319 32 -40.4288
      vertex 95.3588 12 -40.6412
      vertex 95.3588 32 -40.6412
    endloop
  endfacet
  facet normal 0.683395 0 0.730049
    outer loop
      vertex 95.3588 12 -40.6412
      vertex 95.1319 32 -40.4288
      vertex 95.1319 12 -40.4288
    endloop
  endfacet
  facet normal -0.973934 0 0.226833
    outer loop
      vertex 87.3413 12 -43.0733
      vertex 87.4118 32 -42.7706
      vertex 87.3413 32 -43.0733
    endloop
  endfacet
  facet normal -0.973934 0 0.226833
    outer loop
      vertex 87.4118 32 -42.7706
      vertex 87.3413 12 -43.0733
      vertex 87.4118 12 -42.7706
    endloop
  endfacet
  facet normal -0.730049 0 0.683395
    outer loop
      vertex 88.4288 12 -40.8681
      vertex 88.6412 32 -40.6412
      vertex 88.4288 32 -40.8681
    endloop
  endfacet
  facet normal -0.730049 0 0.683395
    outer loop
      vertex 88.6412 32 -40.6412
      vertex 88.4288 12 -40.8681
      vertex 88.6412 12 -40.6412
    endloop
  endfacet
  facet normal -0.910883 0 0.412664
    outer loop
      vertex 87.6116 12 -42.1823
      vertex 87.7399 32 -41.8991
      vertex 87.6116 32 -42.1823
    endloop
  endfacet
  facet normal -0.910883 0 0.412664
    outer loop
      vertex 87.7399 32 -41.8991
      vertex 87.6116 12 -42.1823
      vertex 87.7399 12 -41.8991
    endloop
  endfacet
  facet normal -0.881934 0 0.471373
    outer loop
      vertex 87.7399 12 -41.8991
      vertex 87.8864 32 -41.625
      vertex 87.7399 32 -41.8991
    endloop
  endfacet
  facet normal -0.881934 0 0.471373
    outer loop
      vertex 87.8864 32 -41.625
      vertex 87.7399 12 -41.8991
      vertex 87.8864 12 -41.625
    endloop
  endfacet
  facet normal -0.956865 0 0.290534
    outer loop
      vertex 87.4118 12 -42.7706
      vertex 87.5021 32 -42.4732
      vertex 87.4118 32 -42.7706
    endloop
  endfacet
  facet normal -0.956865 0 0.290534
    outer loop
      vertex 87.5021 32 -42.4732
      vertex 87.4118 12 -42.7706
      vertex 87.5021 12 -42.4732
    endloop
  endfacet
  facet normal -0.98661 0 0.163095
    outer loop
      vertex 87.2906 12 -43.38
      vertex 87.3413 32 -43.0733
      vertex 87.2906 32 -43.38
    endloop
  endfacet
  facet normal -0.98661 0 0.163095
    outer loop
      vertex 87.3413 32 -43.0733
      vertex 87.2906 12 -43.38
      vertex 87.3413 12 -43.0733
    endloop
  endfacet
  facet normal -0.471373 0 0.881934
    outer loop
      vertex 89.625 32 -39.8864
      vertex 89.8991 12 -39.7399
      vertex 89.8991 32 -39.7399
    endloop
  endfacet
  facet normal -0.471373 0 0.881934
    outer loop
      vertex 89.8991 12 -39.7399
      vertex 89.625 32 -39.8864
      vertex 89.625 12 -39.8864
    endloop
  endfacet
  facet normal -0.227138 0 0.973863
    outer loop
      vertex 90.7706 32 -39.4119
      vertex 91.0733 12 -39.3413
      vertex 91.0733 32 -39.3413
    endloop
  endfacet
  facet normal -0.227138 0 0.973863
    outer loop
      vertex 91.0733 12 -39.3413
      vertex 90.7706 32 -39.4119
      vertex 90.7706 12 -39.4119
    endloop
  endfacet
  facet normal -0.0978151 0 0.995205
    outer loop
      vertex 91.38 32 -39.2906
      vertex 91.6893 12 -39.2602
      vertex 91.6893 32 -39.2602
    endloop
  endfacet
  facet normal -0.0978151 0 0.995205
    outer loop
      vertex 91.6893 12 -39.2602
      vertex 91.38 32 -39.2906
      vertex 91.38 12 -39.2906
    endloop
  endfacet
  facet normal 0.352287 0 -0.935892
    outer loop
      vertex 93.5268 12 -48.4979
      vertex 93.8177 32 -48.3884
      vertex 93.8177 12 -48.3884
    endloop
  endfacet
  facet normal 0.352287 0 -0.935892
    outer loop
      vertex 93.8177 32 -48.3884
      vertex 93.5268 12 -48.4979
      vertex 93.5268 32 -48.4979
    endloop
  endfacet
  facet normal 0.412664 0 -0.910883
    outer loop
      vertex 93.8177 12 -48.3884
      vertex 94.1009 32 -48.2601
      vertex 94.1009 12 -48.2601
    endloop
  endfacet
  facet normal 0.412664 0 -0.910883
    outer loop
      vertex 94.1009 32 -48.2601
      vertex 93.8177 12 -48.3884
      vertex 93.8177 32 -48.3884
    endloop
  endfacet
  facet normal 0.471373 0 -0.881934
    outer loop
      vertex 94.1009 12 -48.2601
      vertex 94.375 32 -48.1136
      vertex 94.375 12 -48.1136
    endloop
  endfacet
  facet normal 0.471373 0 -0.881934
    outer loop
      vertex 94.375 32 -48.1136
      vertex 94.1009 12 -48.2601
      vertex 94.1009 32 -48.2601
    endloop
  endfacet
  facet normal 0.730049 0 -0.683395
    outer loop
      vertex 95.5712 12 -47.1319
      vertex 95.3588 32 -47.3588
      vertex 95.5712 32 -47.1319
    endloop
  endfacet
  facet normal 0.730049 0 -0.683395
    outer loop
      vertex 95.3588 32 -47.3588
      vertex 95.5712 12 -47.1319
      vertex 95.3588 12 -47.3588
    endloop
  endfacet
  facet normal 0.973934 0 -0.226833
    outer loop
      vertex 96.6587 12 -44.9267
      vertex 96.5882 32 -45.2294
      vertex 96.6587 32 -44.9267
    endloop
  endfacet
  facet normal 0.973934 0 -0.226833
    outer loop
      vertex 96.5882 32 -45.2294
      vertex 96.6587 12 -44.9267
      vertex 96.5882 12 -45.2294
    endloop
  endfacet
  facet normal 0.995205 0 -0.0978151
    outer loop
      vertex 96.7398 12 -44.3107
      vertex 96.7094 32 -44.62
      vertex 96.7398 32 -44.3107
    endloop
  endfacet
  facet normal 0.995205 0 -0.0978151
    outer loop
      vertex 96.7094 32 -44.62
      vertex 96.7398 12 -44.3107
      vertex 96.7094 12 -44.62
    endloop
  endfacet
  facet normal -0.683395 0 -0.730049
    outer loop
      vertex 88.6412 12 -47.3588
      vertex 88.8681 32 -47.5712
      vertex 88.8681 12 -47.5712
    endloop
  endfacet
  facet normal -0.683395 0 -0.730049
    outer loop
      vertex 88.8681 32 -47.5712
      vertex 88.6412 12 -47.3588
      vertex 88.6412 32 -47.3588
    endloop
  endfacet
  facet normal -0.634376 0 -0.773025
    outer loop
      vertex 88.8681 12 -47.5712
      vertex 89.1084 32 -47.7684
      vertex 89.1084 12 -47.7684
    endloop
  endfacet
  facet normal -0.634376 0 -0.773025
    outer loop
      vertex 89.1084 32 -47.7684
      vertex 88.8681 12 -47.5712
      vertex 88.8681 32 -47.5712
    endloop
  endfacet
  facet normal -0.163095 0 -0.98661
    outer loop
      vertex 91.0733 12 -48.6587
      vertex 91.38 32 -48.7094
      vertex 91.38 12 -48.7094
    endloop
  endfacet
  facet normal -0.163095 0 -0.98661
    outer loop
      vertex 91.38 32 -48.7094
      vertex 91.0733 12 -48.6587
      vertex 91.0733 32 -48.6587
    endloop
  endfacet
  facet normal -0.910883 0 -0.412664
    outer loop
      vertex 87.7399 12 -46.1009
      vertex 87.6116 32 -45.8177
      vertex 87.7399 32 -46.1009
    endloop
  endfacet
  facet normal -0.910883 -0 -0.412664
    outer loop
      vertex 87.6116 32 -45.8177
      vertex 87.7399 12 -46.1009
      vertex 87.6116 12 -45.8177
    endloop
  endfacet
  facet normal -0.956865 0 -0.290534
    outer loop
      vertex 87.5021 12 -45.5268
      vertex 87.4118 32 -45.2294
      vertex 87.5021 32 -45.5268
    endloop
  endfacet
  facet normal -0.956865 -0 -0.290534
    outer loop
      vertex 87.4118 32 -45.2294
      vertex 87.5021 12 -45.5268
      vertex 87.4118 12 -45.2294
    endloop
  endfacet
  facet normal 0 1 0
    outer loop
      vertex 92 32 -42.375
      vertex 92 32 -39.25
      vertex 92.3107 32 -39.2602
    endloop
  endfacet
  facet normal 0 1 0
    outer loop
      vertex 92.1063 32 -42.3785
      vertex 92.3107 32 -39.2602
      vertex 92.62 32 -39.2906
    endloop
  endfacet
  facet normal 0 1 0
    outer loop
      vertex 92 32 -39.25
      vertex 92 32 -42.375
      vertex 91.6893 32 -39.2602
    endloop
  endfacet
  facet normal 0 1 0
    outer loop
      vertex 92.2121 32 -42.3889
      vertex 92.62 32 -39.2906
      vertex 92.9267 32 -39.3413
    endloop
  endfacet
  facet normal 0 1 -0
    outer loop
      vertex 91.8937 32 -42.3785
      vertex 91.6893 32 -39.2602
      vertex 92 32 -42.375
    endloop
  endfacet
  facet normal 0 1 0
    outer loop
      vertex 92.317 32 -42.4062
      vertex 92.9267 32 -39.3413
      vertex 93.2294 32 -39.4119
    endloop
  endfacet
  facet normal 0 1 0
    outer loop
      vertex 91.6893 32 -39.2602
      vertex 91.8937 32 -42.3785
      vertex 91.38 32 -39.2906
    endloop
  endfacet
  facet normal 0 1 0
    outer loop
      vertex 92.4206 32 -42.4304
      vertex 93.2294 32 -39.4119
      vertex 93.5268 32 -39.5021
    endloop
  endfacet
  facet normal 0 1 -0
    outer loop
      vertex 91.7879 32 -42.3889
      vertex 91.38 32 -39.2906
      vertex 91.8937 32 -42.3785
    endloop
  endfacet
  facet normal 0 1 0
    outer loop
      vertex 92.5223 32 -42.4612
      vertex 93.5268 32 -39.5021
      vertex 93.8177 32 -39.6116
    endloop
  endfacet
  facet normal 0 1 0
    outer loop
      vertex 91.38 32 -39.2906
      vertex 91.7879 32 -42.3889
      vertex 91.0733 32 -39.3413
    endloop
  endfacet
  facet normal 0 1 0
    outer loop
      vertex 92.6219 32 -42.4987
      vertex 93.8177 32 -39.6116
      vertex 94.1009 32 -39.7399
    endloop
  endfacet
  facet normal 0 1 -0
    outer loop
      vertex 91.683 32 -42.4062
      vertex 91.0733 32 -39.3413
      vertex 91.7879 32 -42.3889
    endloop
  endfacet
  facet normal 0 1 0
    outer loop
      vertex 92.7187 32 -42.5426
      vertex 94.1009 32 -39.7399
      vertex 94.375 32 -39.8864
    endloop
  endfacet
  facet normal 0 1 0
    outer loop
      vertex 91.0733 32 -39.3413
      vertex 91.683 32 -42.4062
      vertex 90.7706 32 -39.4119
    endloop
  endfacet
  facet normal 0 1 0
    outer loop
      vertex 92.8125 32 -42.5927
      vertex 94.375 32 -39.8864
      vertex 94.639 32 -40.0505
    endloop
  endfacet
  facet normal 0 1 -0
    outer loop
      vertex 91.5794 32 -42.4304
      vertex 90.7706 32 -39.4119
      vertex 91.683 32 -42.4062
    endloop
  endfacet
  facet normal 0 1 0
    outer loop
      vertex 92.9028 32 -42.6489
      vertex 94.639 32 -40.0505
      vertex 94.8916 32 -40.2316
    endloop
  endfacet
  facet normal 0 1 0
    outer loop
      vertex 90.7706 32 -39.4119
      vertex 91.5794 32 -42.4304
      vertex 90.4732 32 -39.5021
    endloop
  endfacet
  facet normal 0 1 0
    outer loop
      vertex 92.9892 32 -42.7108
      vertex 94.8916 32 -40.2316
      vertex 95.1319 32 -40.4288
    endloop
  endfacet
  facet normal 0 1 -0
    outer loop
      vertex 91.4777 32 -42.4612
      vertex 90.4732 32 -39.5021
      vertex 91.5794 32 -42.4304
    endloop
  endfacet
  facet normal 0 1 0
    outer loop
      vertex 93.0714 32 -42.7783
      vertex 95.1319 32 -40.4288
      vertex 95.3588 32 -40.6412
    endloop
  endfacet
  facet normal 0 1 0
    outer loop
      vertex 90.4732 32 -39.5021
      vertex 91.4777 32 -42.4612
      vertex 90.1823 32 -39.6116
    endloop
  endfacet
  facet normal 0 1 0
    outer loop
      vertex 93.149 32 -42.851
      vertex 95.3588 32 -40.6412
      vertex 95.5712 32 -40.8681
    endloop
  endfacet
  facet normal 0 1 -0
    outer loop
      vertex 91.3781 32 -42.4987
      vertex 90.1823 32 -39.6116
      vertex 91.4777 32 -42.4612
    endloop
  endfacet
  facet normal 0 1 0
    outer loop
      vertex 93.2217 32 -42.9286
      vertex 95.5712 32 -40.8681
      vertex 95.7684 32 -41.1084
    endloop
  endfacet
  facet normal 0 1 0
    outer loop
      vertex 90.1823 32 -39.6116
      vertex 91.3781 32 -42.4987
      vertex 89.8991 32 -39.7399
    endloop
  endfacet
  facet normal 0 1 0
    outer loop
      vertex 93.2892 32 -43.0108
      vertex 95.7684 32 -41.1084
      vertex 95.9495 32 -41.361
    endloop
  endfacet
  facet normal 0 1 -0
    outer loop
      vertex 91.2813 32 -42.5426
      vertex 89.8991 32 -39.7399
      vertex 91.3781 32 -42.4987
    endloop
  endfacet
  facet normal 0 1 0
    outer loop
      vertex 93.3511 32 -43.0972
      vertex 95.9495 32 -41.361
      vertex 96.1136 32 -41.625
    endloop
  endfacet
  facet normal 0 1 0
    outer loop
      vertex 89.8991 32 -39.7399
      vertex 91.2813 32 -42.5426
      vertex 89.625 32 -39.8864
    endloop
  endfacet
  facet normal 0 1 0
    outer loop
      vertex 93.4073 32 -43.1875
      vertex 96.1136 32 -41.625
      vertex 96.2601 32 -41.8991
    endloop
  endfacet
  facet normal 0 1 -0
    outer loop
      vertex 91.1875 32 -42.5927
      vertex 89.625 32 -39.8864
      vertex 91.2813 32 -42.5426
    endloop
  endfacet
  facet normal 0 1 0
    outer loop
      vertex 93.4574 32 -43.2813
      vertex 96.2601 32 -41.8991
      vertex 96.3884 32 -42.1823
    endloop
  endfacet
  facet normal 0 1 0
    outer loop
      vertex 89.625 32 -39.8864
      vertex 91.1875 32 -42.5927
      vertex 89.361 32 -40.0505
    endloop
  endfacet
  facet normal 0 1 -0
    outer loop
      vertex 91.0972 32 -42.6489
      vertex 89.361 32 -40.0505
      vertex 91.1875 32 -42.5927
    endloop
  endfacet
  facet normal 0 1 0
    outer loop
      vertex 92.3107 32 -39.2602
      vertex 92.1063 32 -42.3785
      vertex 92 32 -42.375
    endloop
  endfacet
  facet normal 0 1 0
    outer loop
      vertex 92.62 32 -39.2906
      vertex 92.2121 32 -42.3889
      vertex 92.1063 32 -42.3785
    endloop
  endfacet
  facet normal 0 1 0
    outer loop
      vertex 92.9267 32 -39.3413
      vertex 92.317 32 -42.4062
      vertex 92.2121 32 -42.3889
    endloop
  endfacet
  facet normal 0 1 0
    outer loop
      vertex 93.2294 32 -39.4119
      vertex 92.4206 32 -42.4304
      vertex 92.317 32 -42.4062
    endloop
  endfacet
  facet normal 0 1 0
    outer loop
      vertex 93.5268 32 -39.5021
      vertex 92.5223 32 -42.4612
      vertex 92.4206 32 -42.4304
    endloop
  endfacet
  facet normal 0 1 0
    outer loop
      vertex 93.5013 32 -43.3781
      vertex 96.3884 32 -42.1823
      vertex 96.4979 32 -42.4732
    endloop
  endfacet
  facet normal 0 1 0
    outer loop
      vertex 93.8177 32 -39.6116
      vertex 92.6219 32 -42.4987
      vertex 92.5223 32 -42.4612
    endloop
  endfacet
  facet normal 0 1 0
    outer loop
      vertex 94.1009 32 -39.7399
      vertex 92.7187 32 -42.5426
      vertex 92.6219 32 -42.4987
    endloop
  endfacet
  facet normal 0 1 0
    outer loop
      vertex 94.375 32 -39.8864
      vertex 92.8125 32 -42.5927
      vertex 92.7187 32 -42.5426
    endloop
  endfacet
  facet normal 0 1 0
    outer loop
      vertex 94.639 32 -40.0505
      vertex 92.9028 32 -42.6489
      vertex 92.8125 32 -42.5927
    endloop
  endfacet
  facet normal 0 1 0
    outer loop
      vertex 94.8916 32 -40.2316
      vertex 92.9892 32 -42.7108
      vertex 92.9028 32 -42.6489
    endloop
  endfacet
  facet normal 0 1 0
    outer loop
      vertex 93.5388 32 -43.4777
      vertex 96.4979 32 -42.4732
      vertex 96.5882 32 -42.7706
    endloop
  endfacet
  facet normal 0 1 0
    outer loop
      vertex 95.1319 32 -40.4288
      vertex 93.0714 32 -42.7783
      vertex 92.9892 32 -42.7108
    endloop
  endfacet
  facet normal 0 1 0
    outer loop
      vertex 95.3588 32 -40.6412
      vertex 93.149 32 -42.851
      vertex 93.0714 32 -42.7783
    endloop
  endfacet
  facet normal 0 1 0
    outer loop
      vertex 95.5712 32 -40.8681
      vertex 93.2217 32 -42.9286
      vertex 93.149 32 -42.851
    endloop
  endfacet
  facet normal 0 1 0
    outer loop
      vertex 95.7684 32 -41.1084
      vertex 93.2892 32 -43.0108
      vertex 93.2217 32 -42.9286
    endloop
  endfacet
  facet normal 0 1 0
    outer loop
      vertex 93.5696 32 -43.5794
      vertex 96.5882 32 -42.7706
      vertex 96.6587 32 -43.0733
    endloop
  endfacet
  facet normal 0 1 0
    outer loop
      vertex 95.9495 32 -41.361
      vertex 93.3511 32 -43.0972
      vertex 93.2892 32 -43.0108
    endloop
  endfacet
  facet normal 0 1 0
    outer loop
      vertex 96.1136 32 -41.625
      vertex 93.4073 32 -43.1875
      vertex 93.3511 32 -43.0972
    endloop
  endfacet
  facet normal 0 1 0
    outer loop
      vertex 96.2601 32 -41.8991
      vertex 93.4574 32 -43.2813
      vertex 93.4073 32 -43.1875
    endloop
  endfacet
  facet normal 0 1 0
    outer loop
      vertex 96.3884 32 -42.1823
      vertex 93.5013 32 -43.3781
      vertex 93.4574 32 -43.2813
    endloop
  endfacet
  facet normal 0 1 0
    outer loop
      vertex 93.5938 32 -43.683
      vertex 96.6587 32 -43.0733
      vertex 96.7094 32 -43.38
    endloop
  endfacet
  facet normal 0 1 0
    outer loop
      vertex 96.4979 32 -42.4732
      vertex 93.5388 32 -43.4777
      vertex 93.5013 32 -43.3781
    endloop
  endfacet
  facet normal 0 1 0
    outer loop
      vertex 96.5882 32 -42.7706
      vertex 93.5696 32 -43.5794
      vertex 93.5388 32 -43.4777
    endloop
  endfacet
  facet normal 0 1 0
    outer loop
      vertex 96.6587 32 -43.0733
      vertex 93.5938 32 -43.683
      vertex 93.5696 32 -43.5794
    endloop
  endfacet
  facet normal 0 1 0
    outer loop
      vertex 93.6111 32 -43.7879
      vertex 96.7094 32 -43.38
      vertex 96.7398 32 -43.6893
    endloop
  endfacet
  facet normal 0 1 0
    outer loop
      vertex 96.7094 32 -43.38
      vertex 93.6111 32 -43.7879
      vertex 93.5938 32 -43.683
    endloop
  endfacet
  facet normal 0 1 0
    outer loop
      vertex 96.7398 32 -43.6893
      vertex 93.6215 32 -43.8937
      vertex 93.6111 32 -43.7879
    endloop
  endfacet
  facet normal 0 1 0
    outer loop
      vertex 96.75 32 -44
      vertex 93.6215 32 -43.8937
      vertex 96.7398 32 -43.6893
    endloop
  endfacet
  facet normal 0 1 0
    outer loop
      vertex 96.75 32 -44
      vertex 93.625 32 -44
      vertex 93.6215 32 -43.8937
    endloop
  endfacet
  facet normal 0 1 0
    outer loop
      vertex 96.75 32 -44
      vertex 93.6215 32 -44.1063
      vertex 93.625 32 -44
    endloop
  endfacet
  facet normal 0 1 -0
    outer loop
      vertex 96.7398 32 -44.3107
      vertex 93.6215 32 -44.1063
      vertex 96.75 32 -44
    endloop
  endfacet
  facet normal 0 1 0
    outer loop
      vertex 93.6215 32 -44.1063
      vertex 96.7398 32 -44.3107
      vertex 93.6111 32 -44.2121
    endloop
  endfacet
  facet normal 0 1 -0
    outer loop
      vertex 96.7094 32 -44.62
      vertex 93.6111 32 -44.2121
      vertex 96.7398 32 -44.3107
    endloop
  endfacet
  facet normal 0 1 0
    outer loop
      vertex 93.6111 32 -44.2121
      vertex 96.7094 32 -44.62
      vertex 93.5938 32 -44.317
    endloop
  endfacet
  facet normal 0 1 -0
    outer loop
      vertex 96.6587 32 -44.9267
      vertex 93.5938 32 -44.317
      vertex 96.7094 32 -44.62
    endloop
  endfacet
  facet normal 0 1 0
    outer loop
      vertex 93.5938 32 -44.317
      vertex 96.6587 32 -44.9267
      vertex 93.5696 32 -44.4206
    endloop
  endfacet
  facet normal 0 1 -0
    outer loop
      vertex 96.5882 32 -45.2294
      vertex 93.5696 32 -44.4206
      vertex 96.6587 32 -44.9267
    endloop
  endfacet
  facet normal 0 1 0
    outer loop
      vertex 93.5696 32 -44.4206
      vertex 96.5882 32 -45.2294
      vertex 93.5388 32 -44.5223
    endloop
  endfacet
  facet normal 0 1 -0
    outer loop
      vertex 96.4979 32 -45.5268
      vertex 93.5388 32 -44.5223
      vertex 96.5882 32 -45.2294
    endloop
  endfacet
  facet normal 0 1 0
    outer loop
      vertex 93.5388 32 -44.5223
      vertex 96.4979 32 -45.5268
      vertex 93.5013 32 -44.6219
    endloop
  endfacet
  facet normal 0 1 -0
    outer loop
      vertex 96.3884 32 -45.8177
      vertex 93.5013 32 -44.6219
      vertex 96.4979 32 -45.5268
    endloop
  endfacet
  facet normal 0 1 0
    outer loop
      vertex 93.5013 32 -44.6219
      vertex 96.3884 32 -45.8177
      vertex 93.4574 32 -44.7187
    endloop
  endfacet
  facet normal 0 1 -0
    outer loop
      vertex 96.2601 32 -46.1009
      vertex 93.4574 32 -44.7187
      vertex 96.3884 32 -45.8177
    endloop
  endfacet
  facet normal 0 1 0
    outer loop
      vertex 93.4574 32 -44.7187
      vertex 96.2601 32 -46.1009
      vertex 93.4073 32 -44.8125
    endloop
  endfacet
  facet normal 0 1 -0
    outer loop
      vertex 96.1136 32 -46.375
      vertex 93.4073 32 -44.8125
      vertex 96.2601 32 -46.1009
    endloop
  endfacet
  facet normal 0 1 0
    outer loop
      vertex 93.4073 32 -44.8125
      vertex 96.1136 32 -46.375
      vertex 93.3511 32 -44.9028
    endloop
  endfacet
  facet normal 0 1 -0
    outer loop
      vertex 95.9495 32 -46.639
      vertex 93.3511 32 -44.9028
      vertex 96.1136 32 -46.375
    endloop
  endfacet
  facet normal 0 1 0
    outer loop
      vertex 93.3511 32 -44.9028
      vertex 95.9495 32 -46.639
      vertex 93.2892 32 -44.9892
    endloop
  endfacet
  facet normal 0 1 -0
    outer loop
      vertex 95.7684 32 -46.8916
      vertex 93.2892 32 -44.9892
      vertex 95.9495 32 -46.639
    endloop
  endfacet
  facet normal 0 1 0
    outer loop
      vertex 93.2892 32 -44.9892
      vertex 95.7684 32 -46.8916
      vertex 93.2217 32 -45.0714
    endloop
  endfacet
  facet normal 0 1 -0
    outer loop
      vertex 95.5712 32 -47.1319
      vertex 93.2217 32 -45.0714
      vertex 95.7684 32 -46.8916
    endloop
  endfacet
  facet normal 0 1 0
    outer loop
      vertex 93.2217 32 -45.0714
      vertex 95.5712 32 -47.1319
      vertex 93.149 32 -45.149
    endloop
  endfacet
  facet normal 0 1 -0
    outer loop
      vertex 95.3588 32 -47.3588
      vertex 93.149 32 -45.149
      vertex 95.5712 32 -47.1319
    endloop
  endfacet
  facet normal 0 1 0
    outer loop
      vertex 93.149 32 -45.149
      vertex 95.3588 32 -47.3588
      vertex 93.0714 32 -45.2217
    endloop
  endfacet
  facet normal 0 1 -0
    outer loop
      vertex 95.1319 32 -47.5712
      vertex 93.0714 32 -45.2217
      vertex 95.3588 32 -47.3588
    endloop
  endfacet
  facet normal 0 1 0
    outer loop
      vertex 93.0714 32 -45.2217
      vertex 95.1319 32 -47.5712
      vertex 92.9892 32 -45.2892
    endloop
  endfacet
  facet normal 0 1 -0
    outer loop
      vertex 94.8916 32 -47.7684
      vertex 92.9892 32 -45.2892
      vertex 95.1319 32 -47.5712
    endloop
  endfacet
  facet normal 0 1 0
    outer loop
      vertex 92.9892 32 -45.2892
      vertex 94.8916 32 -47.7684
      vertex 92.9028 32 -45.3511
    endloop
  endfacet
  facet normal 0 1 -0
    outer loop
      vertex 94.639 32 -47.9495
      vertex 92.9028 32 -45.3511
      vertex 94.8916 32 -47.7684
    endloop
  endfacet
  facet normal 0 1 0
    outer loop
      vertex 89.361 32 -40.0505
      vertex 91.0972 32 -42.6489
      vertex 89.1084 32 -40.2316
    endloop
  endfacet
  facet normal 0 1 -0
    outer loop
      vertex 91.0108 32 -42.7108
      vertex 89.1084 32 -40.2316
      vertex 91.0972 32 -42.6489
    endloop
  endfacet
  facet normal 0 1 0
    outer loop
      vertex 89.1084 32 -40.2316
      vertex 91.0108 32 -42.7108
      vertex 88.8681 32 -40.4288
    endloop
  endfacet
  facet normal 0 1 -0
    outer loop
      vertex 90.9286 32 -42.7783
      vertex 88.8681 32 -40.4288
      vertex 91.0108 32 -42.7108
    endloop
  endfacet
  facet normal 0 1 0
    outer loop
      vertex 88.8681 32 -40.4288
      vertex 90.9286 32 -42.7783
      vertex 88.6412 32 -40.6412
    endloop
  endfacet
  facet normal 0 1 -0
    outer loop
      vertex 90.851 32 -42.851
      vertex 88.6412 32 -40.6412
      vertex 90.9286 32 -42.7783
    endloop
  endfacet
  facet normal 0 1 0
    outer loop
      vertex 88.6412 32 -40.6412
      vertex 90.851 32 -42.851
      vertex 88.4288 32 -40.8681
    endloop
  endfacet
  facet normal 0 1 -0
    outer loop
      vertex 90.7783 32 -42.9286
      vertex 88.4288 32 -40.8681
      vertex 90.851 32 -42.851
    endloop
  endfacet
  facet normal 0 1 0
    outer loop
      vertex 88.4288 32 -40.8681
      vertex 90.7783 32 -42.9286
      vertex 88.2316 32 -41.1084
    endloop
  endfacet
  facet normal 0 1 -0
    outer loop
      vertex 90.7108 32 -43.0108
      vertex 88.2316 32 -41.1084
      vertex 90.7783 32 -42.9286
    endloop
  endfacet
  facet normal 0 1 0
    outer loop
      vertex 88.2316 32 -41.1084
      vertex 90.7108 32 -43.0108
      vertex 88.0505 32 -41.361
    endloop
  endfacet
  facet normal 0 1 -0
    outer loop
      vertex 90.6489 32 -43.0972
      vertex 88.0505 32 -41.361
      vertex 90.7108 32 -43.0108
    endloop
  endfacet
  facet normal 0 1 0
    outer loop
      vertex 88.0505 32 -41.361
      vertex 90.6489 32 -43.0972
      vertex 87.8864 32 -41.625
    endloop
  endfacet
  facet normal 0 1 -0
    outer loop
      vertex 90.5927 32 -43.1875
      vertex 87.8864 32 -41.625
      vertex 90.6489 32 -43.0972
    endloop
  endfacet
  facet normal 0 1 0
    outer loop
      vertex 87.8864 32 -41.625
      vertex 90.5927 32 -43.1875
      vertex 87.7399 32 -41.8991
    endloop
  endfacet
  facet normal 0 1 -0
    outer loop
      vertex 90.5426 32 -43.2813
      vertex 87.7399 32 -41.8991
      vertex 90.5927 32 -43.1875
    endloop
  endfacet
  facet normal 0 1 0
    outer loop
      vertex 87.7399 32 -41.8991
      vertex 90.5426 32 -43.2813
      vertex 87.6116 32 -42.1823
    endloop
  endfacet
  facet normal 0 1 -0
    outer loop
      vertex 90.4987 32 -43.3781
      vertex 87.6116 32 -42.1823
      vertex 90.5426 32 -43.2813
    endloop
  endfacet
  facet normal 0 1 0
    outer loop
      vertex 87.6116 32 -42.1823
      vertex 90.4987 32 -43.3781
      vertex 87.5021 32 -42.4732
    endloop
  endfacet
  facet normal 0 1 -0
    outer loop
      vertex 90.4612 32 -43.4777
      vertex 87.5021 32 -42.4732
      vertex 90.4987 32 -43.3781
    endloop
  endfacet
  facet normal 0 1 0
    outer loop
      vertex 87.5021 32 -42.4732
      vertex 90.4612 32 -43.4777
      vertex 87.4118 32 -42.7706
    endloop
  endfacet
  facet normal 0 1 -0
    outer loop
      vertex 90.4304 32 -43.5794
      vertex 87.4118 32 -42.7706
      vertex 90.4612 32 -43.4777
    endloop
  endfacet
  facet normal 0 1 0
    outer loop
      vertex 87.4118 32 -42.7706
      vertex 90.4304 32 -43.5794
      vertex 87.3413 32 -43.0733
    endloop
  endfacet
  facet normal 0 1 -0
    outer loop
      vertex 90.4062 32 -43.683
      vertex 87.3413 32 -43.0733
      vertex 90.4304 32 -43.5794
    endloop
  endfacet
  facet normal 0 1 0
    outer loop
      vertex 87.3413 32 -43.0733
      vertex 90.4062 32 -43.683
      vertex 87.2906 32 -43.38
    endloop
  endfacet
  facet normal 0 1 -0
    outer loop
      vertex 90.3889 32 -43.7879
      vertex 87.2906 32 -43.38
      vertex 90.4062 32 -43.683
    endloop
  endfacet
  facet normal 0 1 0
    outer loop
      vertex 87.2906 32 -43.38
      vertex 90.3889 32 -43.7879
      vertex 87.2602 32 -43.6893
    endloop
  endfacet
  facet normal 0 1 -0
    outer loop
      vertex 90.3785 32 -43.8937
      vertex 87.2602 32 -43.6893
      vertex 90.3889 32 -43.7879
    endloop
  endfacet
  facet normal 0 1 -0
    outer loop
      vertex 90.375 32 -44
      vertex 87.2602 32 -43.6893
      vertex 90.3785 32 -43.8937
    endloop
  endfacet
  facet normal 0 1 0
    outer loop
      vertex 90.375 32 -44
      vertex 87.25 32 -44
      vertex 87.2602 32 -43.6893
    endloop
  endfacet
  facet normal 0 1 0
    outer loop
      vertex 90.3785 32 -44.1063
      vertex 87.25 32 -44
      vertex 90.375 32 -44
    endloop
  endfacet
  facet normal 0 1 0
    outer loop
      vertex 87.2602 32 -44.3107
      vertex 90.3785 32 -44.1063
      vertex 90.3889 32 -44.2121
    endloop
  endfacet
  facet normal 0 1 0
    outer loop
      vertex 90.3785 32 -44.1063
      vertex 87.2602 32 -44.3107
      vertex 87.25 32 -44
    endloop
  endfacet
  facet normal 0 1 0
    outer loop
      vertex 87.2906 32 -44.62
      vertex 90.3889 32 -44.2121
      vertex 90.4062 32 -44.317
    endloop
  endfacet
  facet normal 0 1 0
    outer loop
      vertex 87.3413 32 -44.9267
      vertex 90.4062 32 -44.317
      vertex 90.4304 32 -44.4206
    endloop
  endfacet
  facet normal 0 1 0
    outer loop
      vertex 87.4118 32 -45.2294
      vertex 90.4304 32 -44.4206
      vertex 90.4612 32 -44.5223
    endloop
  endfacet
  facet normal 0 1 0
    outer loop
      vertex 90.3889 32 -44.2121
      vertex 87.2906 32 -44.62
      vertex 87.2602 32 -44.3107
    endloop
  endfacet
  facet normal 0 1 0
    outer loop
      vertex 87.5021 32 -45.5268
      vertex 90.4612 32 -44.5223
      vertex 90.4987 32 -44.6219
    endloop
  endfacet
  facet normal 0 1 0
    outer loop
      vertex 87.6116 32 -45.8177
      vertex 90.4987 32 -44.6219
      vertex 90.5426 32 -44.7187
    endloop
  endfacet
  facet normal 0 1 0
    outer loop
      vertex 87.7399 32 -46.1009
      vertex 90.5426 32 -44.7187
      vertex 90.5927 32 -44.8125
    endloop
  endfacet
  facet normal 0 1 0
    outer loop
      vertex 87.8864 32 -46.375
      vertex 90.5927 32 -44.8125
      vertex 90.6489 32 -44.9028
    endloop
  endfacet
  facet normal 0 1 0
    outer loop
      vertex 90.4062 32 -44.317
      vertex 87.3413 32 -44.9267
      vertex 87.2906 32 -44.62
    endloop
  endfacet
  facet normal 0 1 0
    outer loop
      vertex 88.0505 32 -46.639
      vertex 90.6489 32 -44.9028
      vertex 90.7108 32 -44.9892
    endloop
  endfacet
  facet normal 0 1 0
    outer loop
      vertex 88.2316 32 -46.8916
      vertex 90.7108 32 -44.9892
      vertex 90.7783 32 -45.0714
    endloop
  endfacet
  facet normal 0 1 0
    outer loop
      vertex 88.4288 32 -47.1319
      vertex 90.7783 32 -45.0714
      vertex 90.851 32 -45.149
    endloop
  endfacet
  facet normal 0 1 0
    outer loop
      vertex 88.6412 32 -47.3588
      vertex 90.851 32 -45.149
      vertex 90.9286 32 -45.2217
    endloop
  endfacet
  facet normal 0 1 0
    outer loop
      vertex 90.4304 32 -44.4206
      vertex 87.4118 32 -45.2294
      vertex 87.3413 32 -44.9267
    endloop
  endfacet
  facet normal 0 1 0
    outer loop
      vertex 88.8681 32 -47.5712
      vertex 90.9286 32 -45.2217
      vertex 91.0108 32 -45.2892
    endloop
  endfacet
  facet normal 0 1 0
    outer loop
      vertex 89.1084 32 -47.7684
      vertex 91.0108 32 -45.2892
      vertex 91.0972 32 -45.3511
    endloop
  endfacet
  facet normal 0 1 0
    outer loop
      vertex 89.361 32 -47.9495
      vertex 91.0972 32 -45.3511
      vertex 91.1875 32 -45.4073
    endloop
  endfacet
  facet normal 0 1 0
    outer loop
      vertex 89.625 32 -48.1136
      vertex 91.1875 32 -45.4073
      vertex 91.2813 32 -45.4574
    endloop
  endfacet
  facet normal 0 1 0
    outer loop
      vertex 89.8991 32 -48.2601
      vertex 91.2813 32 -45.4574
      vertex 91.3781 32 -45.5013
    endloop
  endfacet
  facet normal 0 1 0
    outer loop
      vertex 90.4612 32 -44.5223
      vertex 87.5021 32 -45.5268
      vertex 87.4118 32 -45.2294
    endloop
  endfacet
  facet normal 0 1 0
    outer loop
      vertex 90.1823 32 -48.3884
      vertex 91.3781 32 -45.5013
      vertex 91.4777 32 -45.5388
    endloop
  endfacet
  facet normal 0 1 0
    outer loop
      vertex 90.4732 32 -48.4979
      vertex 91.4777 32 -45.5388
      vertex 91.5794 32 -45.5696
    endloop
  endfacet
  facet normal 0 1 0
    outer loop
      vertex 90.7706 32 -48.5881
      vertex 91.5794 32 -45.5696
      vertex 91.683 32 -45.5938
    endloop
  endfacet
  facet normal 0 1 0
    outer loop
      vertex 91.0733 32 -48.6587
      vertex 91.683 32 -45.5938
      vertex 91.7879 32 -45.6111
    endloop
  endfacet
  facet normal 0 1 0
    outer loop
      vertex 91.38 32 -48.7094
      vertex 91.7879 32 -45.6111
      vertex 91.8937 32 -45.6215
    endloop
  endfacet
  facet normal 0 1 0
    outer loop
      vertex 91.6893 32 -48.7398
      vertex 91.8937 32 -45.6215
      vertex 92 32 -45.625
    endloop
  endfacet
  facet normal 0 1 0
    outer loop
      vertex 92.9028 32 -45.3511
      vertex 94.639 32 -47.9495
      vertex 92.8125 32 -45.4073
    endloop
  endfacet
  facet normal 0 1 0
    outer loop
      vertex 90.4987 32 -44.6219
      vertex 87.6116 32 -45.8177
      vertex 87.5021 32 -45.5268
    endloop
  endfacet
  facet normal 0 1 -0
    outer loop
      vertex 94.375 32 -48.1136
      vertex 92.8125 32 -45.4073
      vertex 94.639 32 -47.9495
    endloop
  endfacet
  facet normal 0 1 0
    outer loop
      vertex 90.5426 32 -44.7187
      vertex 87.7399 32 -46.1009
      vertex 87.6116 32 -45.8177
    endloop
  endfacet
  facet normal 0 1 0
    outer loop
      vertex 92.8125 32 -45.4073
      vertex 94.375 32 -48.1136
      vertex 92.7187 32 -45.4574
    endloop
  endfacet
  facet normal 0 1 0
    outer loop
      vertex 90.5927 32 -44.8125
      vertex 87.8864 32 -46.375
      vertex 87.7399 32 -46.1009
    endloop
  endfacet
  facet normal 0 1 -0
    outer loop
      vertex 94.1009 32 -48.2601
      vertex 92.7187 32 -45.4574
      vertex 94.375 32 -48.1136
    endloop
  endfacet
  facet normal 0 1 0
    outer loop
      vertex 90.6489 32 -44.9028
      vertex 88.0505 32 -46.639
      vertex 87.8864 32 -46.375
    endloop
  endfacet
  facet normal 0 1 0
    outer loop
      vertex 92.7187 32 -45.4574
      vertex 94.1009 32 -48.2601
      vertex 92.6219 32 -45.5013
    endloop
  endfacet
  facet normal 0 1 0
    outer loop
      vertex 90.7108 32 -44.9892
      vertex 88.2316 32 -46.8916
      vertex 88.0505 32 -46.639
    endloop
  endfacet
  facet normal 0 1 -0
    outer loop
      vertex 93.8177 32 -48.3884
      vertex 92.6219 32 -45.5013
      vertex 94.1009 32 -48.2601
    endloop
  endfacet
  facet normal 0 1 0
    outer loop
      vertex 90.7783 32 -45.0714
      vertex 88.4288 32 -47.1319
      vertex 88.2316 32 -46.8916
    endloop
  endfacet
  facet normal 0 1 0
    outer loop
      vertex 92.6219 32 -45.5013
      vertex 93.8177 32 -48.3884
      vertex 92.5223 32 -45.5388
    endloop
  endfacet
  facet normal 0 1 0
    outer loop
      vertex 90.851 32 -45.149
      vertex 88.6412 32 -47.3588
      vertex 88.4288 32 -47.1319
    endloop
  endfacet
  facet normal 0 1 -0
    outer loop
      vertex 93.5268 32 -48.4979
      vertex 92.5223 32 -45.5388
      vertex 93.8177 32 -48.3884
    endloop
  endfacet
  facet normal 0 1 0
    outer loop
      vertex 90.9286 32 -45.2217
      vertex 88.8681 32 -47.5712
      vertex 88.6412 32 -47.3588
    endloop
  endfacet
  facet normal 0 1 0
    outer loop
      vertex 92.5223 32 -45.5388
      vertex 93.5268 32 -48.4979
      vertex 92.4206 32 -45.5696
    endloop
  endfacet
  facet normal 0 1 0
    outer loop
      vertex 91.0108 32 -45.2892
      vertex 89.1084 32 -47.7684
      vertex 88.8681 32 -47.5712
    endloop
  endfacet
  facet normal 0 1 -0
    outer loop
      vertex 93.2294 32 -48.5881
      vertex 92.4206 32 -45.5696
      vertex 93.5268 32 -48.4979
    endloop
  endfacet
  facet normal 0 1 0
    outer loop
      vertex 91.0972 32 -45.3511
      vertex 89.361 32 -47.9495
      vertex 89.1084 32 -47.7684
    endloop
  endfacet
  facet normal 0 1 0
    outer loop
      vertex 92.4206 32 -45.5696
      vertex 93.2294 32 -48.5881
      vertex 92.317 32 -45.5938
    endloop
  endfacet
  facet normal 0 1 0
    outer loop
      vertex 91.1875 32 -45.4073
      vertex 89.625 32 -48.1136
      vertex 89.361 32 -47.9495
    endloop
  endfacet
  facet normal 0 1 -0
    outer loop
      vertex 92.9267 32 -48.6587
      vertex 92.317 32 -45.5938
      vertex 93.2294 32 -48.5881
    endloop
  endfacet
  facet normal 0 1 0
    outer loop
      vertex 91.2813 32 -45.4574
      vertex 89.8991 32 -48.2601
      vertex 89.625 32 -48.1136
    endloop
  endfacet
  facet normal 0 1 0
    outer loop
      vertex 92.317 32 -45.5938
      vertex 92.9267 32 -48.6587
      vertex 92.2121 32 -45.6111
    endloop
  endfacet
  facet normal 0 1 0
    outer loop
      vertex 91.3781 32 -45.5013
      vertex 90.1823 32 -48.3884
      vertex 89.8991 32 -48.2601
    endloop
  endfacet
  facet normal 0 1 -0
    outer loop
      vertex 92.62 32 -48.7094
      vertex 92.2121 32 -45.6111
      vertex 92.9267 32 -48.6587
    endloop
  endfacet
  facet normal 0 1 0
    outer loop
      vertex 91.4777 32 -45.5388
      vertex 90.4732 32 -48.4979
      vertex 90.1823 32 -48.3884
    endloop
  endfacet
  facet normal 0 1 0
    outer loop
      vertex 92.2121 32 -45.6111
      vertex 92.62 32 -48.7094
      vertex 92.1063 32 -45.6215
    endloop
  endfacet
  facet normal 0 1 0
    outer loop
      vertex 91.5794 32 -45.5696
      vertex 90.7706 32 -48.5881
      vertex 90.4732 32 -48.4979
    endloop
  endfacet
  facet normal 0 1 -0
    outer loop
      vertex 92.3107 32 -48.7398
      vertex 92.1063 32 -45.6215
      vertex 92.62 32 -48.7094
    endloop
  endfacet
  facet normal 0 1 0
    outer loop
      vertex 91.683 32 -45.5938
      vertex 91.0733 32 -48.6587
      vertex 90.7706 32 -48.5881
    endloop
  endfacet
  facet normal 0 1 0
    outer loop
      vertex 92.1063 32 -45.6215
      vertex 92.3107 32 -48.7398
      vertex 92 32 -45.625
    endloop
  endfacet
  facet normal 0 1 0
    outer loop
      vertex 91.7879 32 -45.6111
      vertex 91.38 32 -48.7094
      vertex 91.0733 32 -48.6587
    endloop
  endfacet
  facet normal 0 1 0
    outer loop
      vertex 92 32 -48.75
      vertex 92 32 -45.625
      vertex 92.3107 32 -48.7398
    endloop
  endfacet
  facet normal 0 1 0
    outer loop
      vertex 91.8937 32 -45.6215
      vertex 91.6893 32 -48.7398
      vertex 91.38 32 -48.7094
    endloop
  endfacet
  facet normal 0 1 0
    outer loop
      vertex 92 32 -45.625
      vertex 92 32 -48.75
      vertex 91.6893 32 -48.7398
    endloop
  endfacet
  facet normal 0.956865 -0 0.290534
    outer loop
      vertex 96.4979 12 -42.4732
      vertex 96.5882 32 -42.7706
      vertex 96.4979 32 -42.4732
    endloop
  endfacet
  facet normal 0.956865 0 0.290534
    outer loop
      vertex 96.5882 32 -42.7706
      vertex 96.4979 12 -42.4732
      vertex 96.5882 12 -42.7706
    endloop
  endfacet
  facet normal 0.81271 -0 0.582668
    outer loop
      vertex 95.7684 12 -41.1084
      vertex 95.9495 32 -41.361
      vertex 95.7684 32 -41.1084
    endloop
  endfacet
  facet normal 0.81271 0 0.582668
    outer loop
      vertex 95.9495 32 -41.361
      vertex 95.7684 12 -41.1084
      vertex 95.9495 12 -41.361
    endloop
  endfacet
  facet normal 0.773025 -0 0.634376
    outer loop
      vertex 95.5712 12 -40.8681
      vertex 95.7684 32 -41.1084
      vertex 95.5712 32 -40.8681
    endloop
  endfacet
  facet normal 0.773025 0 0.634376
    outer loop
      vertex 95.7684 32 -41.1084
      vertex 95.5712 12 -40.8681
      vertex 95.7684 12 -41.1084
    endloop
  endfacet
  facet normal 0.849297 -0 0.527915
    outer loop
      vertex 95.9495 12 -41.361
      vertex 96.1136 32 -41.625
      vertex 95.9495 32 -41.361
    endloop
  endfacet
  facet normal 0.849297 0 0.527915
    outer loop
      vertex 96.1136 32 -41.625
      vertex 95.9495 12 -41.361
      vertex 96.1136 12 -41.625
    endloop
  endfacet
  facet normal 0.881934 -0 0.471373
    outer loop
      vertex 96.1136 12 -41.625
      vertex 96.2601 32 -41.8991
      vertex 96.1136 32 -41.625
    endloop
  endfacet
  facet normal 0.881934 0 0.471373
    outer loop
      vertex 96.2601 32 -41.8991
      vertex 96.1136 12 -41.625
      vertex 96.2601 12 -41.8991
    endloop
  endfacet
  facet normal 0.352287 0 0.935892
    outer loop
      vertex 93.5268 32 -39.5021
      vertex 93.8177 12 -39.6116
      vertex 93.8177 32 -39.6116
    endloop
  endfacet
  facet normal 0.352287 0 0.935892
    outer loop
      vertex 93.8177 12 -39.6116
      vertex 93.5268 32 -39.5021
      vertex 93.5268 12 -39.5021
    endloop
  endfacet
  facet normal 0.0978151 0 0.995205
    outer loop
      vertex 92.3107 32 -39.2602
      vertex 92.62 12 -39.2906
      vertex 92.62 32 -39.2906
    endloop
  endfacet
  facet normal 0.0978151 0 0.995205
    outer loop
      vertex 92.62 12 -39.2906
      vertex 92.3107 32 -39.2602
      vertex 92.3107 12 -39.2602
    endloop
  endfacet
  facet normal 0.527915 0 0.849297
    outer loop
      vertex 94.375 32 -39.8864
      vertex 94.639 12 -40.0505
      vertex 94.639 32 -40.0505
    endloop
  endfacet
  facet normal 0.527915 0 0.849297
    outer loop
      vertex 94.639 12 -40.0505
      vertex 94.375 32 -39.8864
      vertex 94.375 12 -39.8864
    endloop
  endfacet
  facet normal 0.471373 0 0.881934
    outer loop
      vertex 94.1009 32 -39.7399
      vertex 94.375 12 -39.8864
      vertex 94.375 32 -39.8864
    endloop
  endfacet
  facet normal 0.471373 0 0.881934
    outer loop
      vertex 94.375 12 -39.8864
      vertex 94.1009 32 -39.7399
      vertex 94.1009 12 -39.7399
    endloop
  endfacet
  facet normal 0.582668 0 0.81271
    outer loop
      vertex 94.639 32 -40.0505
      vertex 94.8916 12 -40.2316
      vertex 94.8916 32 -40.2316
    endloop
  endfacet
  facet normal 0.582668 0 0.81271
    outer loop
      vertex 94.8916 12 -40.2316
      vertex 94.639 32 -40.0505
      vertex 94.639 12 -40.0505
    endloop
  endfacet
  facet normal 0.634376 0 0.773025
    outer loop
      vertex 94.8916 32 -40.2316
      vertex 95.1319 12 -40.4288
      vertex 95.1319 32 -40.4288
    endloop
  endfacet
  facet normal 0.634376 0 0.773025
    outer loop
      vertex 95.1319 12 -40.4288
      vertex 94.8916 32 -40.2316
      vertex 94.8916 12 -40.2316
    endloop
  endfacet
  facet normal -0.935892 0 0.352287
    outer loop
      vertex 87.5021 12 -42.4732
      vertex 87.6116 32 -42.1823
      vertex 87.5021 32 -42.4732
    endloop
  endfacet
  facet normal -0.935892 0 0.352287
    outer loop
      vertex 87.6116 32 -42.1823
      vertex 87.5021 12 -42.4732
      vertex 87.6116 12 -42.1823
    endloop
  endfacet
  facet normal -0.995205 0 0.0978151
    outer loop
      vertex 87.2602 12 -43.6893
      vertex 87.2906 32 -43.38
      vertex 87.2602 32 -43.6893
    endloop
  endfacet
  facet normal -0.995205 0 0.0978151
    outer loop
      vertex 87.2906 32 -43.38
      vertex 87.2602 12 -43.6893
      vertex 87.2906 12 -43.38
    endloop
  endfacet
  facet normal 0 -1 0
    outer loop
      vertex 92 12 -42.375
      vertex 92 12 -39.25
      vertex 91.6893 12 -39.2602
    endloop
  endfacet
  facet normal 0 -1 0
    outer loop
      vertex 91.8937 12 -42.3785
      vertex 91.6893 12 -39.2602
      vertex 91.38 12 -39.2906
    endloop
  endfacet
  facet normal 0 -1 0
    outer loop
      vertex 92 12 -39.25
      vertex 92 12 -42.375
      vertex 92.3107 12 -39.2602
    endloop
  endfacet
  facet normal 0 -1 0
    outer loop
      vertex 91.7879 12 -42.3889
      vertex 91.38 12 -39.2906
      vertex 91.0733 12 -39.3413
    endloop
  endfacet
  facet normal 0 -1 0
    outer loop
      vertex 92.1063 12 -42.3785
      vertex 92.3107 12 -39.2602
      vertex 92 12 -42.375
    endloop
  endfacet
  facet normal 0 -1 0
    outer loop
      vertex 91.683 12 -42.4062
      vertex 91.0733 12 -39.3413
      vertex 90.7706 12 -39.4119
    endloop
  endfacet
  facet normal 0 -1 -0
    outer loop
      vertex 92.3107 12 -39.2602
      vertex 92.1063 12 -42.3785
      vertex 92.62 12 -39.2906
    endloop
  endfacet
  facet normal 0 -1 0
    outer loop
      vertex 91.5794 12 -42.4304
      vertex 90.7706 12 -39.4119
      vertex 90.4732 12 -39.5021
    endloop
  endfacet
  facet normal 0 -1 0
    outer loop
      vertex 92.2121 12 -42.3889
      vertex 92.62 12 -39.2906
      vertex 92.1063 12 -42.3785
    endloop
  endfacet
  facet normal 0 -1 0
    outer loop
      vertex 91.4777 12 -42.4612
      vertex 90.4732 12 -39.5021
      vertex 90.1823 12 -39.6116
    endloop
  endfacet
  facet normal 0 -1 -0
    outer loop
      vertex 92.62 12 -39.2906
      vertex 92.2121 12 -42.3889
      vertex 92.9267 12 -39.3413
    endloop
  endfacet
  facet normal 0 -1 0
    outer loop
      vertex 91.3781 12 -42.4987
      vertex 90.1823 12 -39.6116
      vertex 89.8991 12 -39.7399
    endloop
  endfacet
  facet normal 0 -1 0
    outer loop
      vertex 92.317 12 -42.4062
      vertex 92.9267 12 -39.3413
      vertex 92.2121 12 -42.3889
    endloop
  endfacet
  facet normal 0 -1 0
    outer loop
      vertex 91.2813 12 -42.5426
      vertex 89.8991 12 -39.7399
      vertex 89.625 12 -39.8864
    endloop
  endfacet
  facet normal 0 -1 -0
    outer loop
      vertex 92.9267 12 -39.3413
      vertex 92.317 12 -42.4062
      vertex 93.2294 12 -39.4119
    endloop
  endfacet
  facet normal 0 -1 0
    outer loop
      vertex 91.1875 12 -42.5927
      vertex 89.625 12 -39.8864
      vertex 89.361 12 -40.0505
    endloop
  endfacet
  facet normal 0 -1 0
    outer loop
      vertex 92.4206 12 -42.4304
      vertex 93.2294 12 -39.4119
      vertex 92.317 12 -42.4062
    endloop
  endfacet
  facet normal 0 -1 0
    outer loop
      vertex 91.0972 12 -42.6489
      vertex 89.361 12 -40.0505
      vertex 89.1084 12 -40.2316
    endloop
  endfacet
  facet normal 0 -1 -0
    outer loop
      vertex 93.2294 12 -39.4119
      vertex 92.4206 12 -42.4304
      vertex 93.5268 12 -39.5021
    endloop
  endfacet
  facet normal 0 -1 0
    outer loop
      vertex 91.0108 12 -42.7108
      vertex 89.1084 12 -40.2316
      vertex 88.8681 12 -40.4288
    endloop
  endfacet
  facet normal 0 -1 0
    outer loop
      vertex 92.5223 12 -42.4612
      vertex 93.5268 12 -39.5021
      vertex 92.4206 12 -42.4304
    endloop
  endfacet
  facet normal 0 -1 0
    outer loop
      vertex 90.9286 12 -42.7783
      vertex 88.8681 12 -40.4288
      vertex 88.6412 12 -40.6412
    endloop
  endfacet
  facet normal 0 -1 -0
    outer loop
      vertex 93.5268 12 -39.5021
      vertex 92.5223 12 -42.4612
      vertex 93.8177 12 -39.6116
    endloop
  endfacet
  facet normal 0 -1 0
    outer loop
      vertex 90.851 12 -42.851
      vertex 88.6412 12 -40.6412
      vertex 88.4288 12 -40.8681
    endloop
  endfacet
  facet normal 0 -1 0
    outer loop
      vertex 92.6219 12 -42.4987
      vertex 93.8177 12 -39.6116
      vertex 92.5223 12 -42.4612
    endloop
  endfacet
  facet normal 0 -1 0
    outer loop
      vertex 90.7783 12 -42.9286
      vertex 88.4288 12 -40.8681
      vertex 88.2316 12 -41.1084
    endloop
  endfacet
  facet normal 0 -1 -0
    outer loop
      vertex 93.8177 12 -39.6116
      vertex 92.6219 12 -42.4987
      vertex 94.1009 12 -39.7399
    endloop
  endfacet
  facet normal 0 -1 0
    outer loop
      vertex 90.7108 12 -43.0108
      vertex 88.2316 12 -41.1084
      vertex 88.0505 12 -41.361
    endloop
  endfacet
  facet normal 0 -1 0
    outer loop
      vertex 92.7187 12 -42.5426
      vertex 94.1009 12 -39.7399
      vertex 92.6219 12 -42.4987
    endloop
  endfacet
  facet normal 0 -1 0
    outer loop
      vertex 90.6489 12 -43.0972
      vertex 88.0505 12 -41.361
      vertex 87.8864 12 -41.625
    endloop
  endfacet
  facet normal 0 -1 -0
    outer loop
      vertex 94.1009 12 -39.7399
      vertex 92.7187 12 -42.5426
      vertex 94.375 12 -39.8864
    endloop
  endfacet
  facet normal 0 -1 0
    outer loop
      vertex 90.5927 12 -43.1875
      vertex 87.8864 12 -41.625
      vertex 87.7399 12 -41.8991
    endloop
  endfacet
  facet normal 0 -1 0
    outer loop
      vertex 92.8125 12 -42.5927
      vertex 94.375 12 -39.8864
      vertex 92.7187 12 -42.5426
    endloop
  endfacet
  facet normal 0 -1 0
    outer loop
      vertex 90.5426 12 -43.2813
      vertex 87.7399 12 -41.8991
      vertex 87.6116 12 -42.1823
    endloop
  endfacet
  facet normal 0 -1 -0
    outer loop
      vertex 94.375 12 -39.8864
      vertex 92.8125 12 -42.5927
      vertex 94.639 12 -40.0505
    endloop
  endfacet
  facet normal 0 -1 0
    outer loop
      vertex 92.9028 12 -42.6489
      vertex 94.639 12 -40.0505
      vertex 92.8125 12 -42.5927
    endloop
  endfacet
  facet normal 0 -1 0
    outer loop
      vertex 91.6893 12 -39.2602
      vertex 91.8937 12 -42.3785
      vertex 92 12 -42.375
    endloop
  endfacet
  facet normal 0 -1 0
    outer loop
      vertex 91.38 12 -39.2906
      vertex 91.7879 12 -42.3889
      vertex 91.8937 12 -42.3785
    endloop
  endfacet
  facet normal 0 -1 0
    outer loop
      vertex 91.0733 12 -39.3413
      vertex 91.683 12 -42.4062
      vertex 91.7879 12 -42.3889
    endloop
  endfacet
  facet normal 0 -1 0
    outer loop
      vertex 90.7706 12 -39.4119
      vertex 91.5794 12 -42.4304
      vertex 91.683 12 -42.4062
    endloop
  endfacet
  facet normal 0 -1 0
    outer loop
      vertex 90.4732 12 -39.5021
      vertex 91.4777 12 -42.4612
      vertex 91.5794 12 -42.4304
    endloop
  endfacet
  facet normal 0 -1 0
    outer loop
      vertex 90.4987 12 -43.3781
      vertex 87.6116 12 -42.1823
      vertex 87.5021 12 -42.4732
    endloop
  endfacet
  facet normal 0 -1 0
    outer loop
      vertex 90.1823 12 -39.6116
      vertex 91.3781 12 -42.4987
      vertex 91.4777 12 -42.4612
    endloop
  endfacet
  facet normal 0 -1 0
    outer loop
      vertex 89.8991 12 -39.7399
      vertex 91.2813 12 -42.5426
      vertex 91.3781 12 -42.4987
    endloop
  endfacet
  facet normal 0 -1 0
    outer loop
      vertex 89.625 12 -39.8864
      vertex 91.1875 12 -42.5927
      vertex 91.2813 12 -42.5426
    endloop
  endfacet
  facet normal 0 -1 0
    outer loop
      vertex 89.361 12 -40.0505
      vertex 91.0972 12 -42.6489
      vertex 91.1875 12 -42.5927
    endloop
  endfacet
  facet normal 0 -1 0
    outer loop
      vertex 89.1084 12 -40.2316
      vertex 91.0108 12 -42.7108
      vertex 91.0972 12 -42.6489
    endloop
  endfacet
  facet normal 0 -1 0
    outer loop
      vertex 90.4612 12 -43.4777
      vertex 87.5021 12 -42.4732
      vertex 87.4118 12 -42.7706
    endloop
  endfacet
  facet normal 0 -1 0
    outer loop
      vertex 88.8681 12 -40.4288
      vertex 90.9286 12 -42.7783
      vertex 91.0108 12 -42.7108
    endloop
  endfacet
  facet normal 0 -1 0
    outer loop
      vertex 88.6412 12 -40.6412
      vertex 90.851 12 -42.851
      vertex 90.9286 12 -42.7783
    endloop
  endfacet
  facet normal 0 -1 0
    outer loop
      vertex 88.4288 12 -40.8681
      vertex 90.7783 12 -42.9286
      vertex 90.851 12 -42.851
    endloop
  endfacet
  facet normal 0 -1 0
    outer loop
      vertex 88.2316 12 -41.1084
      vertex 90.7108 12 -43.0108
      vertex 90.7783 12 -42.9286
    endloop
  endfacet
  facet normal 0 -1 0
    outer loop
      vertex 90.4304 12 -43.5794
      vertex 87.4118 12 -42.7706
      vertex 87.3413 12 -43.0733
    endloop
  endfacet
  facet normal 0 -1 0
    outer loop
      vertex 88.0505 12 -41.361
      vertex 90.6489 12 -43.0972
      vertex 90.7108 12 -43.0108
    endloop
  endfacet
  facet normal 0 -1 0
    outer loop
      vertex 87.8864 12 -41.625
      vertex 90.5927 12 -43.1875
      vertex 90.6489 12 -43.0972
    endloop
  endfacet
  facet normal 0 -1 0
    outer loop
      vertex 87.7399 12 -41.8991
      vertex 90.5426 12 -43.2813
      vertex 90.5927 12 -43.1875
    endloop
  endfacet
  facet normal 0 -1 0
    outer loop
      vertex 87.6116 12 -42.1823
      vertex 90.4987 12 -43.3781
      vertex 90.5426 12 -43.2813
    endloop
  endfacet
  facet normal 0 -1 0
    outer loop
      vertex 90.4062 12 -43.683
      vertex 87.3413 12 -43.0733
      vertex 87.2906 12 -43.38
    endloop
  endfacet
  facet normal 0 -1 0
    outer loop
      vertex 87.5021 12 -42.4732
      vertex 90.4612 12 -43.4777
      vertex 90.4987 12 -43.3781
    endloop
  endfacet
  facet normal 0 -1 0
    outer loop
      vertex 87.4118 12 -42.7706
      vertex 90.4304 12 -43.5794
      vertex 90.4612 12 -43.4777
    endloop
  endfacet
  facet normal 0 -1 0
    outer loop
      vertex 87.3413 12 -43.0733
      vertex 90.4062 12 -43.683
      vertex 90.4304 12 -43.5794
    endloop
  endfacet
  facet normal 0 -1 0
    outer loop
      vertex 90.3889 12 -43.7879
      vertex 87.2906 12 -43.38
      vertex 87.2602 12 -43.6893
    endloop
  endfacet
  facet normal 0 -1 0
    outer loop
      vertex 87.2906 12 -43.38
      vertex 90.3889 12 -43.7879
      vertex 90.4062 12 -43.683
    endloop
  endfacet
  facet normal 0 -1 0
    outer loop
      vertex 87.2602 12 -43.6893
      vertex 90.3785 12 -43.8937
      vertex 90.3889 12 -43.7879
    endloop
  endfacet
  facet normal 0 -1 0
    outer loop
      vertex 87.25 12 -44
      vertex 90.3785 12 -43.8937
      vertex 87.2602 12 -43.6893
    endloop
  endfacet
  facet normal 0 -1 0
    outer loop
      vertex 87.25 12 -44
      vertex 90.375 12 -44
      vertex 90.3785 12 -43.8937
    endloop
  endfacet
  facet normal 0 -1 0
    outer loop
      vertex 87.25 12 -44
      vertex 90.3785 12 -44.1063
      vertex 90.375 12 -44
    endloop
  endfacet
  facet normal 0 -1 0
    outer loop
      vertex 87.2602 12 -44.3107
      vertex 90.3785 12 -44.1063
      vertex 87.25 12 -44
    endloop
  endfacet
  facet normal 0 -1 -0
    outer loop
      vertex 90.3785 12 -44.1063
      vertex 87.2602 12 -44.3107
      vertex 90.3889 12 -44.2121
    endloop
  endfacet
  facet normal 0 -1 0
    outer loop
      vertex 87.2906 12 -44.62
      vertex 90.3889 12 -44.2121
      vertex 87.2602 12 -44.3107
    endloop
  endfacet
  facet normal 0 -1 -0
    outer loop
      vertex 90.3889 12 -44.2121
      vertex 87.2906 12 -44.62
      vertex 90.4062 12 -44.317
    endloop
  endfacet
  facet normal 0 -1 0
    outer loop
      vertex 87.3413 12 -44.9267
      vertex 90.4062 12 -44.317
      vertex 87.2906 12 -44.62
    endloop
  endfacet
  facet normal 0 -1 -0
    outer loop
      vertex 90.4062 12 -44.317
      vertex 87.3413 12 -44.9267
      vertex 90.4304 12 -44.4206
    endloop
  endfacet
  facet normal 0 -1 0
    outer loop
      vertex 87.4118 12 -45.2294
      vertex 90.4304 12 -44.4206
      vertex 87.3413 12 -44.9267
    endloop
  endfacet
  facet normal 0 -1 -0
    outer loop
      vertex 90.4304 12 -44.4206
      vertex 87.4118 12 -45.2294
      vertex 90.4612 12 -44.5223
    endloop
  endfacet
  facet normal 0 -1 0
    outer loop
      vertex 87.5021 12 -45.5268
      vertex 90.4612 12 -44.5223
      vertex 87.4118 12 -45.2294
    endloop
  endfacet
  facet normal 0 -1 -0
    outer loop
      vertex 90.4612 12 -44.5223
      vertex 87.5021 12 -45.5268
      vertex 90.4987 12 -44.6219
    endloop
  endfacet
  facet normal 0 -1 0
    outer loop
      vertex 87.6116 12 -45.8177
      vertex 90.4987 12 -44.6219
      vertex 87.5021 12 -45.5268
    endloop
  endfacet
  facet normal 0 -1 -0
    outer loop
      vertex 90.4987 12 -44.6219
      vertex 87.6116 12 -45.8177
      vertex 90.5426 12 -44.7187
    endloop
  endfacet
  facet normal 0 -1 0
    outer loop
      vertex 87.7399 12 -46.1009
      vertex 90.5426 12 -44.7187
      vertex 87.6116 12 -45.8177
    endloop
  endfacet
  facet normal 0 -1 -0
    outer loop
      vertex 90.5426 12 -44.7187
      vertex 87.7399 12 -46.1009
      vertex 90.5927 12 -44.8125
    endloop
  endfacet
  facet normal 0 -1 0
    outer loop
      vertex 87.8864 12 -46.375
      vertex 90.5927 12 -44.8125
      vertex 87.7399 12 -46.1009
    endloop
  endfacet
  facet normal 0 -1 -0
    outer loop
      vertex 90.5927 12 -44.8125
      vertex 87.8864 12 -46.375
      vertex 90.6489 12 -44.9028
    endloop
  endfacet
  facet normal 0 -1 0
    outer loop
      vertex 88.0505 12 -46.639
      vertex 90.6489 12 -44.9028
      vertex 87.8864 12 -46.375
    endloop
  endfacet
  facet normal 0 -1 -0
    outer loop
      vertex 90.6489 12 -44.9028
      vertex 88.0505 12 -46.639
      vertex 90.7108 12 -44.9892
    endloop
  endfacet
  facet normal 0 -1 0
    outer loop
      vertex 88.2316 12 -46.8916
      vertex 90.7108 12 -44.9892
      vertex 88.0505 12 -46.639
    endloop
  endfacet
  facet normal 0 -1 -0
    outer loop
      vertex 90.7108 12 -44.9892
      vertex 88.2316 12 -46.8916
      vertex 90.7783 12 -45.0714
    endloop
  endfacet
  facet normal 0 -1 0
    outer loop
      vertex 88.4288 12 -47.1319
      vertex 90.7783 12 -45.0714
      vertex 88.2316 12 -46.8916
    endloop
  endfacet
  facet normal 0 -1 -0
    outer loop
      vertex 90.7783 12 -45.0714
      vertex 88.4288 12 -47.1319
      vertex 90.851 12 -45.149
    endloop
  endfacet
  facet normal 0 -1 0
    outer loop
      vertex 88.6412 12 -47.3588
      vertex 90.851 12 -45.149
      vertex 88.4288 12 -47.1319
    endloop
  endfacet
  facet normal 0 -1 -0
    outer loop
      vertex 90.851 12 -45.149
      vertex 88.6412 12 -47.3588
      vertex 90.9286 12 -45.2217
    endloop
  endfacet
  facet normal 0 -1 0
    outer loop
      vertex 88.8681 12 -47.5712
      vertex 90.9286 12 -45.2217
      vertex 88.6412 12 -47.3588
    endloop
  endfacet
  facet normal 0 -1 -0
    outer loop
      vertex 90.9286 12 -45.2217
      vertex 88.8681 12 -47.5712
      vertex 91.0108 12 -45.2892
    endloop
  endfacet
  facet normal 0 -1 0
    outer loop
      vertex 89.1084 12 -47.7684
      vertex 91.0108 12 -45.2892
      vertex 88.8681 12 -47.5712
    endloop
  endfacet
  facet normal 0 -1 -0
    outer loop
      vertex 91.0108 12 -45.2892
      vertex 89.1084 12 -47.7684
      vertex 91.0972 12 -45.3511
    endloop
  endfacet
  facet normal 0 -1 0
    outer loop
      vertex 89.361 12 -47.9495
      vertex 91.0972 12 -45.3511
      vertex 89.1084 12 -47.7684
    endloop
  endfacet
  facet normal 0 -1 -0
    outer loop
      vertex 94.639 12 -40.0505
      vertex 92.9028 12 -42.6489
      vertex 94.8916 12 -40.2316
    endloop
  endfacet
  facet normal 0 -1 0
    outer loop
      vertex 92.9892 12 -42.7108
      vertex 94.8916 12 -40.2316
      vertex 92.9028 12 -42.6489
    endloop
  endfacet
  facet normal 0 -1 -0
    outer loop
      vertex 94.8916 12 -40.2316
      vertex 92.9892 12 -42.7108
      vertex 95.1319 12 -40.4288
    endloop
  endfacet
  facet normal 0 -1 0
    outer loop
      vertex 93.0714 12 -42.7783
      vertex 95.1319 12 -40.4288
      vertex 92.9892 12 -42.7108
    endloop
  endfacet
  facet normal 0 -1 -0
    outer loop
      vertex 95.1319 12 -40.4288
      vertex 93.0714 12 -42.7783
      vertex 95.3588 12 -40.6412
    endloop
  endfacet
  facet normal 0 -1 0
    outer loop
      vertex 93.149 12 -42.851
      vertex 95.3588 12 -40.6412
      vertex 93.0714 12 -42.7783
    endloop
  endfacet
  facet normal 0 -1 -0
    outer loop
      vertex 95.3588 12 -40.6412
      vertex 93.149 12 -42.851
      vertex 95.5712 12 -40.8681
    endloop
  endfacet
  facet normal 0 -1 0
    outer loop
      vertex 93.2217 12 -42.9286
      vertex 95.5712 12 -40.8681
      vertex 93.149 12 -42.851
    endloop
  endfacet
  facet normal 0 -1 -0
    outer loop
      vertex 95.5712 12 -40.8681
      vertex 93.2217 12 -42.9286
      vertex 95.7684 12 -41.1084
    endloop
  endfacet
  facet normal 0 -1 0
    outer loop
      vertex 93.2892 12 -43.0108
      vertex 95.7684 12 -41.1084
      vertex 93.2217 12 -42.9286
    endloop
  endfacet
  facet normal 0 -1 -0
    outer loop
      vertex 95.7684 12 -41.1084
      vertex 93.2892 12 -43.0108
      vertex 95.9495 12 -41.361
    endloop
  endfacet
  facet normal 0 -1 0
    outer loop
      vertex 93.3511 12 -43.0972
      vertex 95.9495 12 -41.361
      vertex 93.2892 12 -43.0108
    endloop
  endfacet
  facet normal 0 -1 -0
    outer loop
      vertex 95.9495 12 -41.361
      vertex 93.3511 12 -43.0972
      vertex 96.1136 12 -41.625
    endloop
  endfacet
  facet normal 0 -1 0
    outer loop
      vertex 93.4073 12 -43.1875
      vertex 96.1136 12 -41.625
      vertex 93.3511 12 -43.0972
    endloop
  endfacet
  facet normal 0 -1 -0
    outer loop
      vertex 96.1136 12 -41.625
      vertex 93.4073 12 -43.1875
      vertex 96.2601 12 -41.8991
    endloop
  endfacet
  facet normal 0 -1 0
    outer loop
      vertex 93.4574 12 -43.2813
      vertex 96.2601 12 -41.8991
      vertex 93.4073 12 -43.1875
    endloop
  endfacet
  facet normal 0 -1 -0
    outer loop
      vertex 96.2601 12 -41.8991
      vertex 93.4574 12 -43.2813
      vertex 96.3884 12 -42.1823
    endloop
  endfacet
  facet normal 0 -1 0
    outer loop
      vertex 93.5013 12 -43.3781
      vertex 96.3884 12 -42.1823
      vertex 93.4574 12 -43.2813
    endloop
  endfacet
  facet normal 0 -1 -0
    outer loop
      vertex 96.3884 12 -42.1823
      vertex 93.5013 12 -43.3781
      vertex 96.4979 12 -42.4732
    endloop
  endfacet
  facet normal 0 -1 0
    outer loop
      vertex 93.5388 12 -43.4777
      vertex 96.4979 12 -42.4732
      vertex 93.5013 12 -43.3781
    endloop
  endfacet
  facet normal 0 -1 -0
    outer loop
      vertex 96.4979 12 -42.4732
      vertex 93.5388 12 -43.4777
      vertex 96.5882 12 -42.7706
    endloop
  endfacet
  facet normal 0 -1 0
    outer loop
      vertex 93.5696 12 -43.5794
      vertex 96.5882 12 -42.7706
      vertex 93.5388 12 -43.4777
    endloop
  endfacet
  facet normal 0 -1 -0
    outer loop
      vertex 96.5882 12 -42.7706
      vertex 93.5696 12 -43.5794
      vertex 96.6587 12 -43.0733
    endloop
  endfacet
  facet normal 0 -1 0
    outer loop
      vertex 93.5938 12 -43.683
      vertex 96.6587 12 -43.0733
      vertex 93.5696 12 -43.5794
    endloop
  endfacet
  facet normal 0 -1 -0
    outer loop
      vertex 96.6587 12 -43.0733
      vertex 93.5938 12 -43.683
      vertex 96.7094 12 -43.38
    endloop
  endfacet
  facet normal 0 -1 0
    outer loop
      vertex 93.6111 12 -43.7879
      vertex 96.7094 12 -43.38
      vertex 93.5938 12 -43.683
    endloop
  endfacet
  facet normal 0 -1 -0
    outer loop
      vertex 96.7094 12 -43.38
      vertex 93.6111 12 -43.7879
      vertex 96.7398 12 -43.6893
    endloop
  endfacet
  facet normal 0 -1 0
    outer loop
      vertex 93.6215 12 -43.8937
      vertex 96.7398 12 -43.6893
      vertex 93.6111 12 -43.7879
    endloop
  endfacet
  facet normal 0 -1 0
    outer loop
      vertex 93.625 12 -44
      vertex 96.7398 12 -43.6893
      vertex 93.6215 12 -43.8937
    endloop
  endfacet
  facet normal 0 -1 0
    outer loop
      vertex 93.625 12 -44
      vertex 96.75 12 -44
      vertex 96.7398 12 -43.6893
    endloop
  endfacet
  facet normal 0 -1 0
    outer loop
      vertex 93.6215 12 -44.1063
      vertex 96.75 12 -44
      vertex 93.625 12 -44
    endloop
  endfacet
  facet normal 0 -1 0
    outer loop
      vertex 96.7398 12 -44.3107
      vertex 93.6215 12 -44.1063
      vertex 93.6111 12 -44.2121
    endloop
  endfacet
  facet normal 0 -1 0
    outer loop
      vertex 93.6215 12 -44.1063
      vertex 96.7398 12 -44.3107
      vertex 96.75 12 -44
    endloop
  endfacet
  facet normal 0 -1 0
    outer loop
      vertex 96.7094 12 -44.62
      vertex 93.6111 12 -44.2121
      vertex 93.5938 12 -44.317
    endloop
  endfacet
  facet normal 0 -1 0
    outer loop
      vertex 96.6587 12 -44.9267
      vertex 93.5938 12 -44.317
      vertex 93.5696 12 -44.4206
    endloop
  endfacet
  facet normal 0 -1 0
    outer loop
      vertex 96.5882 12 -45.2294
      vertex 93.5696 12 -44.4206
      vertex 93.5388 12 -44.5223
    endloop
  endfacet
  facet normal 0 -1 0
    outer loop
      vertex 93.6111 12 -44.2121
      vertex 96.7094 12 -44.62
      vertex 96.7398 12 -44.3107
    endloop
  endfacet
  facet normal 0 -1 0
    outer loop
      vertex 96.4979 12 -45.5268
      vertex 93.5388 12 -44.5223
      vertex 93.5013 12 -44.6219
    endloop
  endfacet
  facet normal 0 -1 0
    outer loop
      vertex 96.3884 12 -45.8177
      vertex 93.5013 12 -44.6219
      vertex 93.4574 12 -44.7187
    endloop
  endfacet
  facet normal 0 -1 0
    outer loop
      vertex 96.2601 12 -46.1009
      vertex 93.4574 12 -44.7187
      vertex 93.4073 12 -44.8125
    endloop
  endfacet
  facet normal 0 -1 0
    outer loop
      vertex 96.1136 12 -46.375
      vertex 93.4073 12 -44.8125
      vertex 93.3511 12 -44.9028
    endloop
  endfacet
  facet normal 0 -1 0
    outer loop
      vertex 93.5938 12 -44.317
      vertex 96.6587 12 -44.9267
      vertex 96.7094 12 -44.62
    endloop
  endfacet
  facet normal 0 -1 0
    outer loop
      vertex 95.9495 12 -46.639
      vertex 93.3511 12 -44.9028
      vertex 93.2892 12 -44.9892
    endloop
  endfacet
  facet normal 0 -1 0
    outer loop
      vertex 95.7684 12 -46.8916
      vertex 93.2892 12 -44.9892
      vertex 93.2217 12 -45.0714
    endloop
  endfacet
  facet normal 0 -1 0
    outer loop
      vertex 95.5712 12 -47.1319
      vertex 93.2217 12 -45.0714
      vertex 93.149 12 -45.149
    endloop
  endfacet
  facet normal 0 -1 0
    outer loop
      vertex 95.3588 12 -47.3588
      vertex 93.149 12 -45.149
      vertex 93.0714 12 -45.2217
    endloop
  endfacet
  facet normal 0 -1 0
    outer loop
      vertex 93.5696 12 -44.4206
      vertex 96.5882 12 -45.2294
      vertex 96.6587 12 -44.9267
    endloop
  endfacet
  facet normal 0 -1 0
    outer loop
      vertex 95.1319 12 -47.5712
      vertex 93.0714 12 -45.2217
      vertex 92.9892 12 -45.2892
    endloop
  endfacet
  facet normal 0 -1 0
    outer loop
      vertex 94.8916 12 -47.7684
      vertex 92.9892 12 -45.2892
      vertex 92.9028 12 -45.3511
    endloop
  endfacet
  facet normal 0 -1 0
    outer loop
      vertex 94.639 12 -47.9495
      vertex 92.9028 12 -45.3511
      vertex 92.8125 12 -45.4073
    endloop
  endfacet
  facet normal 0 -1 0
    outer loop
      vertex 94.375 12 -48.1136
      vertex 92.8125 12 -45.4073
      vertex 92.7187 12 -45.4574
    endloop
  endfacet
  facet normal 0 -1 0
    outer loop
      vertex 94.1009 12 -48.2601
      vertex 92.7187 12 -45.4574
      vertex 92.6219 12 -45.5013
    endloop
  endfacet
  facet normal 0 -1 0
    outer loop
      vertex 93.5388 12 -44.5223
      vertex 96.4979 12 -45.5268
      vertex 96.5882 12 -45.2294
    endloop
  endfacet
  facet normal 0 -1 0
    outer loop
      vertex 93.8177 12 -48.3884
      vertex 92.6219 12 -45.5013
      vertex 92.5223 12 -45.5388
    endloop
  endfacet
  facet normal 0 -1 0
    outer loop
      vertex 93.5268 12 -48.4979
      vertex 92.5223 12 -45.5388
      vertex 92.4206 12 -45.5696
    endloop
  endfacet
  facet normal 0 -1 0
    outer loop
      vertex 93.2294 12 -48.5881
      vertex 92.4206 12 -45.5696
      vertex 92.317 12 -45.5938
    endloop
  endfacet
  facet normal 0 -1 0
    outer loop
      vertex 92.9267 12 -48.6587
      vertex 92.317 12 -45.5938
      vertex 92.2121 12 -45.6111
    endloop
  endfacet
  facet normal 0 -1 0
    outer loop
      vertex 92.62 12 -48.7094
      vertex 92.2121 12 -45.6111
      vertex 92.1063 12 -45.6215
    endloop
  endfacet
  facet normal 0 -1 0
    outer loop
      vertex 92.3107 12 -48.7398
      vertex 92.1063 12 -45.6215
      vertex 92 12 -45.625
    endloop
  endfacet
  facet normal 0 -1 -0
    outer loop
      vertex 91.0972 12 -45.3511
      vertex 89.361 12 -47.9495
      vertex 91.1875 12 -45.4073
    endloop
  endfacet
  facet normal 0 -1 0
    outer loop
      vertex 93.5013 12 -44.6219
      vertex 96.3884 12 -45.8177
      vertex 96.4979 12 -45.5268
    endloop
  endfacet
  facet normal 0 -1 0
    outer loop
      vertex 89.625 12 -48.1136
      vertex 91.1875 12 -45.4073
      vertex 89.361 12 -47.9495
    endloop
  endfacet
  facet normal 0 -1 0
    outer loop
      vertex 93.4574 12 -44.7187
      vertex 96.2601 12 -46.1009
      vertex 96.3884 12 -45.8177
    endloop
  endfacet
  facet normal 0 -1 -0
    outer loop
      vertex 91.1875 12 -45.4073
      vertex 89.625 12 -48.1136
      vertex 91.2813 12 -45.4574
    endloop
  endfacet
  facet normal 0 -1 0
    outer loop
      vertex 93.4073 12 -44.8125
      vertex 96.1136 12 -46.375
      vertex 96.2601 12 -46.1009
    endloop
  endfacet
  facet normal 0 -1 0
    outer loop
      vertex 89.8991 12 -48.2601
      vertex 91.2813 12 -45.4574
      vertex 89.625 12 -48.1136
    endloop
  endfacet
  facet normal 0 -1 0
    outer loop
      vertex 93.3511 12 -44.9028
      vertex 95.9495 12 -46.639
      vertex 96.1136 12 -46.375
    endloop
  endfacet
  facet normal 0 -1 -0
    outer loop
      vertex 91.2813 12 -45.4574
      vertex 89.8991 12 -48.2601
      vertex 91.3781 12 -45.5013
    endloop
  endfacet
  facet normal 0 -1 0
    outer loop
      vertex 93.2892 12 -44.9892
      vertex 95.7684 12 -46.8916
      vertex 95.9495 12 -46.639
    endloop
  endfacet
  facet normal 0 -1 0
    outer loop
      vertex 90.1823 12 -48.3884
      vertex 91.3781 12 -45.5013
      vertex 89.8991 12 -48.2601
    endloop
  endfacet
  facet normal 0 -1 0
    outer loop
      vertex 93.2217 12 -45.0714
      vertex 95.5712 12 -47.1319
      vertex 95.7684 12 -46.8916
    endloop
  endfacet
  facet normal 0 -1 -0
    outer loop
      vertex 91.3781 12 -45.5013
      vertex 90.1823 12 -48.3884
      vertex 91.4777 12 -45.5388
    endloop
  endfacet
  facet normal 0 -1 0
    outer loop
      vertex 93.149 12 -45.149
      vertex 95.3588 12 -47.3588
      vertex 95.5712 12 -47.1319
    endloop
  endfacet
  facet normal 0 -1 0
    outer loop
      vertex 90.4732 12 -48.4979
      vertex 91.4777 12 -45.5388
      vertex 90.1823 12 -48.3884
    endloop
  endfacet
  facet normal 0 -1 0
    outer loop
      vertex 93.0714 12 -45.2217
      vertex 95.1319 12 -47.5712
      vertex 95.3588 12 -47.3588
    endloop
  endfacet
  facet normal 0 -1 -0
    outer loop
      vertex 91.4777 12 -45.5388
      vertex 90.4732 12 -48.4979
      vertex 91.5794 12 -45.5696
    endloop
  endfacet
  facet normal 0 -1 0
    outer loop
      vertex 92.9892 12 -45.2892
      vertex 94.8916 12 -47.7684
      vertex 95.1319 12 -47.5712
    endloop
  endfacet
  facet normal 0 -1 0
    outer loop
      vertex 90.7706 12 -48.5881
      vertex 91.5794 12 -45.5696
      vertex 90.4732 12 -48.4979
    endloop
  endfacet
  facet normal 0 -1 0
    outer loop
      vertex 92.9028 12 -45.3511
      vertex 94.639 12 -47.9495
      vertex 94.8916 12 -47.7684
    endloop
  endfacet
  facet normal 0 -1 -0
    outer loop
      vertex 91.5794 12 -45.5696
      vertex 90.7706 12 -48.5881
      vertex 91.683 12 -45.5938
    endloop
  endfacet
  facet normal 0 -1 0
    outer loop
      vertex 92.8125 12 -45.4073
      vertex 94.375 12 -48.1136
      vertex 94.639 12 -47.9495
    endloop
  endfacet
  facet normal 0 -1 0
    outer loop
      vertex 91.0733 12 -48.6587
      vertex 91.683 12 -45.5938
      vertex 90.7706 12 -48.5881
    endloop
  endfacet
  facet normal 0 -1 0
    outer loop
      vertex 92.7187 12 -45.4574
      vertex 94.1009 12 -48.2601
      vertex 94.375 12 -48.1136
    endloop
  endfacet
  facet normal 0 -1 -0
    outer loop
      vertex 91.683 12 -45.5938
      vertex 91.0733 12 -48.6587
      vertex 91.7879 12 -45.6111
    endloop
  endfacet
  facet normal 0 -1 0
    outer loop
      vertex 92.6219 12 -45.5013
      vertex 93.8177 12 -48.3884
      vertex 94.1009 12 -48.2601
    endloop
  endfacet
  facet normal 0 -1 0
    outer loop
      vertex 91.38 12 -48.7094
      vertex 91.7879 12 -45.6111
      vertex 91.0733 12 -48.6587
    endloop
  endfacet
  facet normal 0 -1 0
    outer loop
      vertex 92.5223 12 -45.5388
      vertex 93.5268 12 -48.4979
      vertex 93.8177 12 -48.3884
    endloop
  endfacet
  facet normal 0 -1 -0
    outer loop
      vertex 91.7879 12 -45.6111
      vertex 91.38 12 -48.7094
      vertex 91.8937 12 -45.6215
    endloop
  endfacet
  facet normal 0 -1 0
    outer loop
      vertex 92.4206 12 -45.5696
      vertex 93.2294 12 -48.5881
      vertex 93.5268 12 -48.4979
    endloop
  endfacet
  facet normal 0 -1 0
    outer loop
      vertex 91.6893 12 -48.7398
      vertex 91.8937 12 -45.6215
      vertex 91.38 12 -48.7094
    endloop
  endfacet
  facet normal 0 -1 0
    outer loop
      vertex 92.317 12 -45.5938
      vertex 92.9267 12 -48.6587
      vertex 93.2294 12 -48.5881
    endloop
  endfacet
  facet normal 0 -1 -0
    outer loop
      vertex 91.8937 12 -45.6215
      vertex 91.6893 12 -48.7398
      vertex 92 12 -45.625
    endloop
  endfacet
  facet normal 0 -1 0
    outer loop
      vertex 92.2121 12 -45.6111
      vertex 92.62 12 -48.7094
      vertex 92.9267 12 -48.6587
    endloop
  endfacet
  facet normal 0 -1 0
    outer loop
      vertex 92 12 -48.75
      vertex 92 12 -45.625
      vertex 91.6893 12 -48.7398
    endloop
  endfacet
  facet normal 0 -1 0
    outer loop
      vertex 92.1063 12 -45.6215
      vertex 92.3107 12 -48.7398
      vertex 92.62 12 -48.7094
    endloop
  endfacet
  facet normal 0 -1 0
    outer loop
      vertex 92 12 -45.625
      vertex 92 12 -48.75
      vertex 92.3107 12 -48.7398
    endloop
  endfacet
  facet normal -0.582668 0 0.81271
    outer loop
      vertex 89.1084 32 -40.2316
      vertex 89.361 12 -40.0505
      vertex 89.361 32 -40.0505
    endloop
  endfacet
  facet normal -0.582668 0 0.81271
    outer loop
      vertex 89.361 12 -40.0505
      vertex 89.1084 32 -40.2316
      vertex 89.1084 12 -40.2316
    endloop
  endfacet
  facet normal -0.412664 0 0.910883
    outer loop
      vertex 89.8991 32 -39.7399
      vertex 90.1823 12 -39.6116
      vertex 90.1823 32 -39.6116
    endloop
  endfacet
  facet normal -0.412664 0 0.910883
    outer loop
      vertex 90.1823 12 -39.6116
      vertex 89.8991 32 -39.7399
      vertex 89.8991 12 -39.7399
    endloop
  endfacet
  facet normal -0.527915 0 0.849297
    outer loop
      vertex 89.361 32 -40.0505
      vertex 89.625 12 -39.8864
      vertex 89.625 32 -39.8864
    endloop
  endfacet
  facet normal -0.527915 0 0.849297
    outer loop
      vertex 89.625 12 -39.8864
      vertex 89.361 32 -40.0505
      vertex 89.361 12 -40.0505
    endloop
  endfacet
  facet normal -0.634376 0 0.773025
    outer loop
      vertex 88.8681 32 -40.4288
      vertex 89.1084 12 -40.2316
      vertex 89.1084 32 -40.2316
    endloop
  endfacet
  facet normal -0.634376 0 0.773025
    outer loop
      vertex 89.1084 12 -40.2316
      vertex 88.8681 32 -40.4288
      vertex 88.8681 12 -40.4288
    endloop
  endfacet
  facet normal -0.352287 0 0.935892
    outer loop
      vertex 90.1823 32 -39.6116
      vertex 90.4732 12 -39.5021
      vertex 90.4732 32 -39.5021
    endloop
  endfacet
  facet normal -0.352287 0 0.935892
    outer loop
      vertex 90.4732 12 -39.5021
      vertex 90.1823 32 -39.6116
      vertex 90.1823 12 -39.6116
    endloop
  endfacet
  facet normal -0.0328114 0 0.999462
    outer loop
      vertex 91.6893 32 -39.2602
      vertex 92 12 -39.25
      vertex 92 32 -39.25
    endloop
  endfacet
  facet normal -0.0328114 0 0.999462
    outer loop
      vertex 92 12 -39.25
      vertex 91.6893 32 -39.2602
      vertex 91.6893 12 -39.2602
    endloop
  endfacet
  facet normal 0.999462 0 -0.0328114
    outer loop
      vertex 96.75 12 -44
      vertex 96.7398 32 -44.3107
      vertex 96.75 32 -44
    endloop
  endfacet
  facet normal 0.999462 0 -0.0328114
    outer loop
      vertex 96.7398 32 -44.3107
      vertex 96.75 12 -44
      vertex 96.7398 12 -44.3107
    endloop
  endfacet
  facet normal 0.0328114 0 -0.999462
    outer loop
      vertex 92 12 -48.75
      vertex 92.3107 32 -48.7398
      vertex 92.3107 12 -48.7398
    endloop
  endfacet
  facet normal 0.0328114 0 -0.999462
    outer loop
      vertex 92.3107 32 -48.7398
      vertex 92 12 -48.75
      vertex 92 32 -48.75
    endloop
  endfacet
  facet normal 0.163095 0 -0.98661
    outer loop
      vertex 92.62 12 -48.7094
      vertex 92.9267 32 -48.6587
      vertex 92.9267 12 -48.6587
    endloop
  endfacet
  facet normal 0.163095 0 -0.98661
    outer loop
      vertex 92.9267 32 -48.6587
      vertex 92.62 12 -48.7094
      vertex 92.62 32 -48.7094
    endloop
  endfacet
  facet normal 0.29024 0 -0.956954
    outer loop
      vertex 93.2294 12 -48.5881
      vertex 93.5268 32 -48.4979
      vertex 93.5268 12 -48.4979
    endloop
  endfacet
  facet normal 0.29024 0 -0.956954
    outer loop
      vertex 93.5268 32 -48.4979
      vertex 93.2294 12 -48.5881
      vertex 93.2294 32 -48.5881
    endloop
  endfacet
  facet normal 0.582668 0 -0.81271
    outer loop
      vertex 94.639 12 -47.9495
      vertex 94.8916 32 -47.7684
      vertex 94.8916 12 -47.7684
    endloop
  endfacet
  facet normal 0.582668 0 -0.81271
    outer loop
      vertex 94.8916 32 -47.7684
      vertex 94.639 12 -47.9495
      vertex 94.639 32 -47.9495
    endloop
  endfacet
  facet normal 0.634376 0 -0.773025
    outer loop
      vertex 94.8916 12 -47.7684
      vertex 95.1319 32 -47.5712
      vertex 95.1319 12 -47.5712
    endloop
  endfacet
  facet normal 0.634376 0 -0.773025
    outer loop
      vertex 95.1319 32 -47.5712
      vertex 94.8916 12 -47.7684
      vertex 94.8916 32 -47.7684
    endloop
  endfacet
  facet normal 0.910883 0 -0.412664
    outer loop
      vertex 96.3884 12 -45.8177
      vertex 96.2601 32 -46.1009
      vertex 96.3884 32 -45.8177
    endloop
  endfacet
  facet normal 0.910883 0 -0.412664
    outer loop
      vertex 96.2601 32 -46.1009
      vertex 96.3884 12 -45.8177
      vertex 96.2601 12 -46.1009
    endloop
  endfacet
  facet normal 0.881934 0 -0.471373
    outer loop
      vertex 96.2601 12 -46.1009
      vertex 96.1136 32 -46.375
      vertex 96.2601 32 -46.1009
    endloop
  endfacet
  facet normal 0.881934 0 -0.471373
    outer loop
      vertex 96.1136 32 -46.375
      vertex 96.2601 12 -46.1009
      vertex 96.1136 12 -46.375
    endloop
  endfacet
  facet normal 0.935892 0 -0.352287
    outer loop
      vertex 96.4979 12 -45.5268
      vertex 96.3884 32 -45.8177
      vertex 96.4979 32 -45.5268
    endloop
  endfacet
  facet normal 0.935892 0 -0.352287
    outer loop
      vertex 96.3884 32 -45.8177
      vertex 96.4979 12 -45.5268
      vertex 96.3884 12 -45.8177
    endloop
  endfacet
  facet normal 0.956865 0 -0.290534
    outer loop
      vertex 96.5882 12 -45.2294
      vertex 96.4979 32 -45.5268
      vertex 96.5882 32 -45.2294
    endloop
  endfacet
  facet normal 0.956865 0 -0.290534
    outer loop
      vertex 96.4979 32 -45.5268
      vertex 96.5882 12 -45.2294
      vertex 96.4979 12 -45.5268
    endloop
  endfacet
  facet normal -0.527915 0 -0.849297
    outer loop
      vertex 89.361 12 -47.9495
      vertex 89.625 32 -48.1136
      vertex 89.625 12 -48.1136
    endloop
  endfacet
  facet normal -0.527915 0 -0.849297
    outer loop
      vertex 89.625 32 -48.1136
      vertex 89.361 12 -47.9495
      vertex 89.361 32 -47.9495
    endloop
  endfacet
  facet normal -0.412664 0 -0.910883
    outer loop
      vertex 89.8991 12 -48.2601
      vertex 90.1823 32 -48.3884
      vertex 90.1823 12 -48.3884
    endloop
  endfacet
  facet normal -0.412664 0 -0.910883
    outer loop
      vertex 90.1823 32 -48.3884
      vertex 89.8991 12 -48.2601
      vertex 89.8991 32 -48.2601
    endloop
  endfacet
  facet normal -0.471373 0 -0.881934
    outer loop
      vertex 89.625 12 -48.1136
      vertex 89.8991 32 -48.2601
      vertex 89.8991 12 -48.2601
    endloop
  endfacet
  facet normal -0.471373 0 -0.881934
    outer loop
      vertex 89.8991 32 -48.2601
      vertex 89.625 12 -48.1136
      vertex 89.625 32 -48.1136
    endloop
  endfacet
  facet normal -0.29024 0 -0.956954
    outer loop
      vertex 90.4732 12 -48.4979
      vertex 90.7706 32 -48.5881
      vertex 90.7706 12 -48.5881
    endloop
  endfacet
  facet normal -0.29024 0 -0.956954
    outer loop
      vertex 90.7706 32 -48.5881
      vertex 90.4732 12 -48.4979
      vertex 90.4732 32 -48.4979
    endloop
  endfacet
  facet normal -0.227138 0 -0.973863
    outer loop
      vertex 90.7706 12 -48.5881
      vertex 91.0733 32 -48.6587
      vertex 91.0733 12 -48.6587
    endloop
  endfacet
  facet normal -0.227138 0 -0.973863
    outer loop
      vertex 91.0733 32 -48.6587
      vertex 90.7706 12 -48.5881
      vertex 90.7706 32 -48.5881
    endloop
  endfacet
  facet normal -0.0978151 0 -0.995205
    outer loop
      vertex 91.38 12 -48.7094
      vertex 91.6893 32 -48.7398
      vertex 91.6893 12 -48.7398
    endloop
  endfacet
  facet normal -0.0978151 0 -0.995205
    outer loop
      vertex 91.6893 32 -48.7398
      vertex 91.38 12 -48.7094
      vertex 91.38 32 -48.7094
    endloop
  endfacet
  facet normal -0.881934 0 -0.471373
    outer loop
      vertex 87.8864 12 -46.375
      vertex 87.7399 32 -46.1009
      vertex 87.8864 32 -46.375
    endloop
  endfacet
  facet normal -0.881934 -0 -0.471373
    outer loop
      vertex 87.7399 32 -46.1009
      vertex 87.8864 12 -46.375
      vertex 87.7399 12 -46.1009
    endloop
  endfacet
  facet normal -0.81271 0 -0.582668
    outer loop
      vertex 88.2316 12 -46.8916
      vertex 88.0505 32 -46.639
      vertex 88.2316 32 -46.8916
    endloop
  endfacet
  facet normal -0.81271 -0 -0.582668
    outer loop
      vertex 88.0505 32 -46.639
      vertex 88.2316 12 -46.8916
      vertex 88.0505 12 -46.639
    endloop
  endfacet
  facet normal -0.935892 0 -0.352287
    outer loop
      vertex 87.6116 12 -45.8177
      vertex 87.5021 32 -45.5268
      vertex 87.6116 32 -45.8177
    endloop
  endfacet
  facet normal -0.935892 -0 -0.352287
    outer loop
      vertex 87.5021 32 -45.5268
      vertex 87.6116 12 -45.8177
      vertex 87.5021 12 -45.5268
    endloop
  endfacet
  facet normal -0.98661 0 -0.163095
    outer loop
      vertex 87.3413 12 -44.9267
      vertex 87.2906 32 -44.62
      vertex 87.3413 32 -44.9267
    endloop
  endfacet
  facet normal -0.98661 -0 -0.163095
    outer loop
      vertex 87.2906 32 -44.62
      vertex 87.3413 12 -44.9267
      vertex 87.2906 12 -44.62
    endloop
  endfacet
  facet normal -0.999462 0 -0.0328114
    outer loop
      vertex 87.2602 12 -44.3107
      vertex 87.25 32 -44
      vertex 87.2602 32 -44.3107
    endloop
  endfacet
  facet normal -0.999462 -0 -0.0328114
    outer loop
      vertex 87.25 32 -44
      vertex 87.2602 12 -44.3107
      vertex 87.25 12 -44
    endloop
  endfacet
  facet normal -0.81271 0 0.582668
    outer loop
      vertex 88.0505 12 -41.361
      vertex 88.2316 32 -41.1084
      vertex 88.0505 32 -41.361
    endloop
  endfacet
  facet normal -0.81271 0 0.582668
    outer loop
      vertex 88.2316 32 -41.1084
      vertex 88.0505 12 -41.361
      vertex 88.2316 12 -41.1084
    endloop
  endfacet
  facet normal -0.29024 0 0.956954
    outer loop
      vertex 90.4732 32 -39.5021
      vertex 90.7706 12 -39.4119
      vertex 90.7706 32 -39.4119
    endloop
  endfacet
  facet normal -0.29024 0 0.956954
    outer loop
      vertex 90.7706 12 -39.4119
      vertex 90.4732 32 -39.5021
      vertex 90.4732 12 -39.5021
    endloop
  endfacet
  facet normal 0.0978151 0 -0.995205
    outer loop
      vertex 92.3107 12 -48.7398
      vertex 92.62 32 -48.7094
      vertex 92.62 12 -48.7094
    endloop
  endfacet
  facet normal 0.0978151 0 -0.995205
    outer loop
      vertex 92.62 32 -48.7094
      vertex 92.3107 12 -48.7398
      vertex 92.3107 32 -48.7398
    endloop
  endfacet
  facet normal 0.527915 0 -0.849297
    outer loop
      vertex 94.375 12 -48.1136
      vertex 94.639 32 -47.9495
      vertex 94.639 12 -47.9495
    endloop
  endfacet
  facet normal 0.527915 0 -0.849297
    outer loop
      vertex 94.639 32 -47.9495
      vertex 94.375 12 -48.1136
      vertex 94.375 32 -48.1136
    endloop
  endfacet
  facet normal 0.81271 0 -0.582668
    outer loop
      vertex 95.9495 12 -46.639
      vertex 95.7684 32 -46.8916
      vertex 95.9495 32 -46.639
    endloop
  endfacet
  facet normal 0.81271 0 -0.582668
    outer loop
      vertex 95.7684 32 -46.8916
      vertex 95.9495 12 -46.639
      vertex 95.7684 12 -46.8916
    endloop
  endfacet
  facet normal 0.98661 0 -0.163095
    outer loop
      vertex 96.7094 12 -44.62
      vertex 96.6587 32 -44.9267
      vertex 96.7094 32 -44.62
    endloop
  endfacet
  facet normal 0.98661 0 -0.163095
    outer loop
      vertex 96.6587 32 -44.9267
      vertex 96.7094 12 -44.62
      vertex 96.6587 12 -44.9267
    endloop
  endfacet
  facet normal -0.582668 0 -0.81271
    outer loop
      vertex 89.1084 12 -47.7684
      vertex 89.361 32 -47.9495
      vertex 89.361 12 -47.9495
    endloop
  endfacet
  facet normal -0.582668 0 -0.81271
    outer loop
      vertex 89.361 32 -47.9495
      vertex 89.1084 12 -47.7684
      vertex 89.1084 32 -47.7684
    endloop
  endfacet
  facet normal -0.849297 0 -0.527915
    outer loop
      vertex 88.0505 12 -46.639
      vertex 87.8864 32 -46.375
      vertex 88.0505 32 -46.639
    endloop
  endfacet
  facet normal -0.849297 -0 -0.527915
    outer loop
      vertex 87.8864 32 -46.375
      vertex 88.0505 12 -46.639
      vertex 87.8864 12 -46.375
    endloop
  endfacet
  facet normal -0.773025 0 -0.634376
    outer loop
      vertex 88.4288 12 -47.1319
      vertex 88.2316 32 -46.8916
      vertex 88.4288 32 -47.1319
    endloop
  endfacet
  facet normal -0.773025 -0 -0.634376
    outer loop
      vertex 88.2316 32 -46.8916
      vertex 88.4288 12 -47.1319
      vertex 88.2316 12 -46.8916
    endloop
  endfacet
  facet normal -0.995205 0 -0.0978151
    outer loop
      vertex 87.2906 12 -44.62
      vertex 87.2602 32 -44.3107
      vertex 87.2906 32 -44.62
    endloop
  endfacet
  facet normal -0.995205 -0 -0.0978151
    outer loop
      vertex 87.2602 32 -44.3107
      vertex 87.2906 12 -44.62
      vertex 87.2602 12 -44.3107
    endloop
  endfacet
  facet normal -0.999458 0 -0.0329078
    outer loop
      vertex 93.625 12 -44
      vertex 93.6215 32 -43.8937
      vertex 93.625 32 -44
    endloop
  endfacet
  facet normal -0.999458 -0 -0.0329078
    outer loop
      vertex 93.6215 32 -43.8937
      vertex 93.625 12 -44
      vertex 93.6215 12 -43.8937
    endloop
  endfacet
  facet normal 0.999458 0 -0.0329078
    outer loop
      vertex 90.3785 12 -43.8937
      vertex 90.375 32 -44
      vertex 90.3785 32 -43.8937
    endloop
  endfacet
  facet normal 0.999458 0 -0.0329078
    outer loop
      vertex 90.375 32 -44
      vertex 90.3785 12 -43.8937
      vertex 90.375 12 -44
    endloop
  endfacet
  facet normal -0.0329078 0 -0.999458
    outer loop
      vertex 92 12 -42.375
      vertex 92.1063 32 -42.3785
      vertex 92.1063 12 -42.3785
    endloop
  endfacet
  facet normal -0.0329078 0 -0.999458
    outer loop
      vertex 92.1063 32 -42.3785
      vertex 92 12 -42.375
      vertex 92 32 -42.375
    endloop
  endfacet
  facet normal 0.0329078 0 0.999458
    outer loop
      vertex 91.8937 32 -45.6215
      vertex 92 12 -45.625
      vertex 92 32 -45.625
    endloop
  endfacet
  facet normal 0.0329078 0 0.999458
    outer loop
      vertex 92 12 -45.625
      vertex 91.8937 32 -45.6215
      vertex 91.8937 12 -45.6215
    endloop
  endfacet
  facet normal -0.683691 0 -0.729772
    outer loop
      vertex 93.0714 12 -42.7783
      vertex 93.149 32 -42.851
      vertex 93.149 12 -42.851
    endloop
  endfacet
  facet normal -0.683691 0 -0.729772
    outer loop
      vertex 93.149 32 -42.851
      vertex 93.0714 12 -42.7783
      vertex 93.0714 32 -42.7783
    endloop
  endfacet
  facet normal 0.683691 0 -0.729772
    outer loop
      vertex 90.851 12 -42.851
      vertex 90.9286 32 -42.7783
      vertex 90.9286 12 -42.7783
    endloop
  endfacet
  facet normal 0.683691 0 -0.729772
    outer loop
      vertex 90.9286 32 -42.7783
      vertex 90.851 12 -42.851
      vertex 90.851 32 -42.851
    endloop
  endfacet
  facet normal 0.352359 0 -0.935865
    outer loop
      vertex 91.3781 12 -42.4987
      vertex 91.4777 32 -42.4612
      vertex 91.4777 12 -42.4612
    endloop
  endfacet
  facet normal 0.352359 0 -0.935865
    outer loop
      vertex 91.4777 32 -42.4612
      vertex 91.3781 12 -42.4987
      vertex 91.3781 32 -42.4987
    endloop
  endfacet
  facet normal -0.910721 0 -0.413023
    outer loop
      vertex 93.5013 12 -43.3781
      vertex 93.4574 32 -43.2813
      vertex 93.5013 32 -43.3781
    endloop
  endfacet
  facet normal -0.910721 -0 -0.413023
    outer loop
      vertex 93.4574 32 -43.2813
      vertex 93.5013 12 -43.3781
      vertex 93.4574 12 -43.2813
    endloop
  endfacet
  facet normal -0.352359 0 -0.935865
    outer loop
      vertex 92.5223 12 -42.4612
      vertex 92.6219 32 -42.4987
      vertex 92.6219 12 -42.4987
    endloop
  endfacet
  facet normal -0.352359 0 -0.935865
    outer loop
      vertex 92.6219 32 -42.4987
      vertex 92.5223 12 -42.4612
      vertex 92.5223 32 -42.4612
    endloop
  endfacet
  facet normal -0.528392 0 -0.849
    outer loop
      vertex 92.8125 12 -42.5927
      vertex 92.9028 32 -42.6489
      vertex 92.9028 12 -42.6489
    endloop
  endfacet
  facet normal -0.528392 0 -0.849
    outer loop
      vertex 92.9028 32 -42.6489
      vertex 92.8125 12 -42.5927
      vertex 92.8125 32 -42.5927
    endloop
  endfacet
  facet normal 0.910721 0 -0.413023
    outer loop
      vertex 90.5426 12 -43.2813
      vertex 90.4987 32 -43.3781
      vertex 90.5426 32 -43.2813
    endloop
  endfacet
  facet normal 0.910721 0 -0.413023
    outer loop
      vertex 90.4987 32 -43.3781
      vertex 90.5426 12 -43.2813
      vertex 90.4987 12 -43.3781
    endloop
  endfacet
  facet normal 0.162721 0 -0.986672
    outer loop
      vertex 91.683 12 -42.4062
      vertex 91.7879 32 -42.3889
      vertex 91.7879 12 -42.3889
    endloop
  endfacet
  facet normal 0.162721 0 -0.986672
    outer loop
      vertex 91.7879 32 -42.3889
      vertex 91.683 12 -42.4062
      vertex 91.683 32 -42.4062
    endloop
  endfacet
  facet normal -0.973786 0 -0.227467
    outer loop
      vertex 93.5938 12 -43.683
      vertex 93.5696 32 -43.5794
      vertex 93.5938 32 -43.683
    endloop
  endfacet
  facet normal -0.973786 -0 -0.227467
    outer loop
      vertex 93.5696 32 -43.5794
      vertex 93.5938 12 -43.683
      vertex 93.5696 12 -43.5794
    endloop
  endfacet
  facet normal -0.957072 0 -0.289851
    outer loop
      vertex 93.5696 12 -43.5794
      vertex 93.5388 32 -43.4777
      vertex 93.5696 32 -43.5794
    endloop
  endfacet
  facet normal -0.957072 -0 -0.289851
    outer loop
      vertex 93.5388 32 -43.4777
      vertex 93.5696 12 -43.5794
      vertex 93.5388 12 -43.4777
    endloop
  endfacet
  facet normal -0.812906 0 -0.582395
    outer loop
      vertex 93.3511 12 -43.0972
      vertex 93.2892 32 -43.0108
      vertex 93.3511 32 -43.0972
    endloop
  endfacet
  facet normal -0.812906 -0 -0.582395
    outer loop
      vertex 93.2892 32 -43.0108
      vertex 93.3511 12 -43.0972
      vertex 93.2892 12 -43.0108
    endloop
  endfacet
  facet normal -0.772825 0 -0.634619
    outer loop
      vertex 93.2892 12 -43.0108
      vertex 93.2217 32 -42.9286
      vertex 93.2892 32 -43.0108
    endloop
  endfacet
  facet normal -0.772825 -0 -0.634619
    outer loop
      vertex 93.2217 32 -42.9286
      vertex 93.2892 12 -43.0108
      vertex 93.2217 12 -42.9286
    endloop
  endfacet
  facet normal -0.849 0 -0.528392
    outer loop
      vertex 93.4073 12 -43.1875
      vertex 93.3511 32 -43.0972
      vertex 93.4073 32 -43.1875
    endloop
  endfacet
  facet normal -0.849 -0 -0.528392
    outer loop
      vertex 93.3511 32 -43.0972
      vertex 93.4073 12 -43.1875
      vertex 93.3511 12 -43.0972
    endloop
  endfacet
  facet normal -0.227467 0 -0.973786
    outer loop
      vertex 92.317 12 -42.4062
      vertex 92.4206 32 -42.4304
      vertex 92.4206 12 -42.4304
    endloop
  endfacet
  facet normal -0.227467 0 -0.973786
    outer loop
      vertex 92.4206 32 -42.4304
      vertex 92.317 12 -42.4062
      vertex 92.317 32 -42.4062
    endloop
  endfacet
  facet normal -0.289851 0 -0.957072
    outer loop
      vertex 92.4206 12 -42.4304
      vertex 92.5223 32 -42.4612
      vertex 92.5223 12 -42.4612
    endloop
  endfacet
  facet normal -0.289851 0 -0.957072
    outer loop
      vertex 92.5223 32 -42.4612
      vertex 92.4206 12 -42.4304
      vertex 92.4206 32 -42.4304
    endloop
  endfacet
  facet normal -0.162721 0 -0.986672
    outer loop
      vertex 92.2121 12 -42.3889
      vertex 92.317 32 -42.4062
      vertex 92.317 12 -42.4062
    endloop
  endfacet
  facet normal -0.162721 0 -0.986672
    outer loop
      vertex 92.317 32 -42.4062
      vertex 92.2121 12 -42.3889
      vertex 92.2121 32 -42.3889
    endloop
  endfacet
  facet normal -0.582395 0 -0.812906
    outer loop
      vertex 92.9028 12 -42.6489
      vertex 92.9892 32 -42.7108
      vertex 92.9892 12 -42.7108
    endloop
  endfacet
  facet normal -0.582395 0 -0.812906
    outer loop
      vertex 92.9892 32 -42.7108
      vertex 92.9028 12 -42.6489
      vertex 92.9028 32 -42.6489
    endloop
  endfacet
  facet normal 0.973786 0 -0.227467
    outer loop
      vertex 90.4304 12 -43.5794
      vertex 90.4062 32 -43.683
      vertex 90.4304 32 -43.5794
    endloop
  endfacet
  facet normal 0.973786 0 -0.227467
    outer loop
      vertex 90.4062 32 -43.683
      vertex 90.4304 12 -43.5794
      vertex 90.4062 12 -43.683
    endloop
  endfacet
  facet normal 0.812906 0 -0.582395
    outer loop
      vertex 90.7108 12 -43.0108
      vertex 90.6489 32 -43.0972
      vertex 90.7108 32 -43.0108
    endloop
  endfacet
  facet normal 0.812906 0 -0.582395
    outer loop
      vertex 90.6489 32 -43.0972
      vertex 90.7108 12 -43.0108
      vertex 90.6489 12 -43.0972
    endloop
  endfacet
  facet normal 0.729772 0 -0.683691
    outer loop
      vertex 90.851 12 -42.851
      vertex 90.7783 32 -42.9286
      vertex 90.851 32 -42.851
    endloop
  endfacet
  facet normal 0.729772 0 -0.683691
    outer loop
      vertex 90.7783 32 -42.9286
      vertex 90.851 12 -42.851
      vertex 90.7783 12 -42.9286
    endloop
  endfacet
  facet normal 0.849 0 -0.528392
    outer loop
      vertex 90.6489 12 -43.0972
      vertex 90.5927 32 -43.1875
      vertex 90.6489 32 -43.0972
    endloop
  endfacet
  facet normal 0.849 0 -0.528392
    outer loop
      vertex 90.5927 32 -43.1875
      vertex 90.6489 12 -43.0972
      vertex 90.5927 12 -43.1875
    endloop
  endfacet
  facet normal 0.935865 0 -0.352359
    outer loop
      vertex 90.4987 12 -43.3781
      vertex 90.4612 32 -43.4777
      vertex 90.4987 32 -43.3781
    endloop
  endfacet
  facet normal 0.935865 0 -0.352359
    outer loop
      vertex 90.4612 32 -43.4777
      vertex 90.4987 12 -43.3781
      vertex 90.4612 12 -43.4777
    endloop
  endfacet
  facet normal 0.986672 0 -0.162721
    outer loop
      vertex 90.4062 12 -43.683
      vertex 90.3889 32 -43.7879
      vertex 90.4062 32 -43.683
    endloop
  endfacet
  facet normal 0.986672 0 -0.162721
    outer loop
      vertex 90.3889 32 -43.7879
      vertex 90.4062 12 -43.683
      vertex 90.3889 12 -43.7879
    endloop
  endfacet
  facet normal 0.528392 0 -0.849
    outer loop
      vertex 91.0972 12 -42.6489
      vertex 91.1875 32 -42.5927
      vertex 91.1875 12 -42.5927
    endloop
  endfacet
  facet normal 0.528392 0 -0.849
    outer loop
      vertex 91.1875 32 -42.5927
      vertex 91.0972 12 -42.6489
      vertex 91.0972 32 -42.6489
    endloop
  endfacet
  facet normal 0.0978272 0 -0.995203
    outer loop
      vertex 91.7879 12 -42.3889
      vertex 91.8937 32 -42.3785
      vertex 91.8937 12 -42.3785
    endloop
  endfacet
  facet normal 0.0978272 0 -0.995203
    outer loop
      vertex 91.8937 32 -42.3785
      vertex 91.7879 12 -42.3889
      vertex 91.7879 32 -42.3889
    endloop
  endfacet
  facet normal 0.634619 0 0.772825
    outer loop
      vertex 90.9286 32 -45.2217
      vertex 91.0108 12 -45.2892
      vertex 91.0108 32 -45.2892
    endloop
  endfacet
  facet normal 0.634619 0 0.772825
    outer loop
      vertex 91.0108 12 -45.2892
      vertex 90.9286 32 -45.2217
      vertex 90.9286 12 -45.2217
    endloop
  endfacet
  facet normal 0.683691 0 0.729772
    outer loop
      vertex 90.851 32 -45.149
      vertex 90.9286 12 -45.2217
      vertex 90.9286 32 -45.2217
    endloop
  endfacet
  facet normal 0.683691 0 0.729772
    outer loop
      vertex 90.9286 12 -45.2217
      vertex 90.851 32 -45.149
      vertex 90.851 12 -45.149
    endloop
  endfacet
  facet normal 0.413023 0 0.910721
    outer loop
      vertex 91.2813 32 -45.4574
      vertex 91.3781 12 -45.5013
      vertex 91.3781 32 -45.5013
    endloop
  endfacet
  facet normal 0.413023 0 0.910721
    outer loop
      vertex 91.3781 12 -45.5013
      vertex 91.2813 32 -45.4574
      vertex 91.2813 12 -45.4574
    endloop
  endfacet
  facet normal 0.528392 0 0.849
    outer loop
      vertex 91.0972 32 -45.3511
      vertex 91.1875 12 -45.4073
      vertex 91.1875 32 -45.4073
    endloop
  endfacet
  facet normal 0.528392 0 0.849
    outer loop
      vertex 91.1875 12 -45.4073
      vertex 91.0972 32 -45.3511
      vertex 91.0972 12 -45.3511
    endloop
  endfacet
  facet normal 0.352359 0 0.935865
    outer loop
      vertex 91.3781 32 -45.5013
      vertex 91.4777 12 -45.5388
      vertex 91.4777 32 -45.5388
    endloop
  endfacet
  facet normal 0.352359 0 0.935865
    outer loop
      vertex 91.4777 12 -45.5388
      vertex 91.3781 32 -45.5013
      vertex 91.3781 12 -45.5013
    endloop
  endfacet
  facet normal 0.162721 0 0.986672
    outer loop
      vertex 91.683 32 -45.5938
      vertex 91.7879 12 -45.6111
      vertex 91.7879 32 -45.6111
    endloop
  endfacet
  facet normal 0.162721 0 0.986672
    outer loop
      vertex 91.7879 12 -45.6111
      vertex 91.683 32 -45.5938
      vertex 91.683 12 -45.5938
    endloop
  endfacet
  facet normal 0.849 -0 0.528392
    outer loop
      vertex 90.5927 12 -44.8125
      vertex 90.6489 32 -44.9028
      vertex 90.5927 32 -44.8125
    endloop
  endfacet
  facet normal 0.849 0 0.528392
    outer loop
      vertex 90.6489 32 -44.9028
      vertex 90.5927 12 -44.8125
      vertex 90.6489 12 -44.9028
    endloop
  endfacet
  facet normal 0.729772 -0 0.683691
    outer loop
      vertex 90.7783 12 -45.0714
      vertex 90.851 32 -45.149
      vertex 90.7783 32 -45.0714
    endloop
  endfacet
  facet normal 0.729772 0 0.683691
    outer loop
      vertex 90.851 32 -45.149
      vertex 90.7783 12 -45.0714
      vertex 90.851 12 -45.149
    endloop
  endfacet
  facet normal 0.935865 -0 0.352359
    outer loop
      vertex 90.4612 12 -44.5223
      vertex 90.4987 32 -44.6219
      vertex 90.4612 32 -44.5223
    endloop
  endfacet
  facet normal 0.935865 0 0.352359
    outer loop
      vertex 90.4987 32 -44.6219
      vertex 90.4612 12 -44.5223
      vertex 90.4987 12 -44.6219
    endloop
  endfacet
  facet normal -0.986672 0 -0.162721
    outer loop
      vertex 93.6111 12 -43.7879
      vertex 93.5938 32 -43.683
      vertex 93.6111 32 -43.7879
    endloop
  endfacet
  facet normal -0.986672 -0 -0.162721
    outer loop
      vertex 93.5938 32 -43.683
      vertex 93.6111 12 -43.7879
      vertex 93.5938 12 -43.683
    endloop
  endfacet
  facet normal -0.995203 0 -0.0978272
    outer loop
      vertex 93.6215 12 -43.8937
      vertex 93.6111 32 -43.7879
      vertex 93.6215 32 -43.8937
    endloop
  endfacet
  facet normal -0.995203 -0 -0.0978272
    outer loop
      vertex 93.6111 32 -43.7879
      vertex 93.6215 12 -43.8937
      vertex 93.6111 12 -43.7879
    endloop
  endfacet
  facet normal -0.935865 0 -0.352359
    outer loop
      vertex 93.5388 12 -43.4777
      vertex 93.5013 32 -43.3781
      vertex 93.5388 32 -43.4777
    endloop
  endfacet
  facet normal -0.935865 -0 -0.352359
    outer loop
      vertex 93.5013 32 -43.3781
      vertex 93.5388 12 -43.4777
      vertex 93.5013 12 -43.3781
    endloop
  endfacet
  facet normal -0.729772 0 -0.683691
    outer loop
      vertex 93.2217 12 -42.9286
      vertex 93.149 32 -42.851
      vertex 93.2217 32 -42.9286
    endloop
  endfacet
  facet normal -0.729772 -0 -0.683691
    outer loop
      vertex 93.149 32 -42.851
      vertex 93.2217 12 -42.9286
      vertex 93.149 12 -42.851
    endloop
  endfacet
  facet normal -0.882066 0 -0.471125
    outer loop
      vertex 93.4574 12 -43.2813
      vertex 93.4073 32 -43.1875
      vertex 93.4574 32 -43.2813
    endloop
  endfacet
  facet normal -0.882066 -0 -0.471125
    outer loop
      vertex 93.4073 32 -43.1875
      vertex 93.4574 12 -43.2813
      vertex 93.4073 12 -43.1875
    endloop
  endfacet
  facet normal -0.0978272 0 -0.995203
    outer loop
      vertex 92.1063 12 -42.3785
      vertex 92.2121 32 -42.3889
      vertex 92.2121 12 -42.3889
    endloop
  endfacet
  facet normal -0.0978272 0 -0.995203
    outer loop
      vertex 92.2121 32 -42.3889
      vertex 92.1063 12 -42.3785
      vertex 92.1063 32 -42.3785
    endloop
  endfacet
  facet normal -0.413023 0 -0.910721
    outer loop
      vertex 92.6219 12 -42.4987
      vertex 92.7187 32 -42.5426
      vertex 92.7187 12 -42.5426
    endloop
  endfacet
  facet normal -0.413023 0 -0.910721
    outer loop
      vertex 92.7187 32 -42.5426
      vertex 92.6219 12 -42.4987
      vertex 92.6219 32 -42.4987
    endloop
  endfacet
  facet normal -0.634619 0 -0.772825
    outer loop
      vertex 92.9892 12 -42.7108
      vertex 93.0714 32 -42.7783
      vertex 93.0714 12 -42.7783
    endloop
  endfacet
  facet normal -0.634619 0 -0.772825
    outer loop
      vertex 93.0714 32 -42.7783
      vertex 92.9892 12 -42.7108
      vertex 92.9892 32 -42.7108
    endloop
  endfacet
  facet normal 0.772825 0 -0.634619
    outer loop
      vertex 90.7783 12 -42.9286
      vertex 90.7108 32 -43.0108
      vertex 90.7783 32 -42.9286
    endloop
  endfacet
  facet normal 0.772825 0 -0.634619
    outer loop
      vertex 90.7108 32 -43.0108
      vertex 90.7783 12 -42.9286
      vertex 90.7108 12 -43.0108
    endloop
  endfacet
  facet normal 0.882066 0 -0.471125
    outer loop
      vertex 90.5927 12 -43.1875
      vertex 90.5426 32 -43.2813
      vertex 90.5927 32 -43.1875
    endloop
  endfacet
  facet normal 0.882066 0 -0.471125
    outer loop
      vertex 90.5426 32 -43.2813
      vertex 90.5927 12 -43.1875
      vertex 90.5426 12 -43.2813
    endloop
  endfacet
  facet normal 0.957072 0 -0.289851
    outer loop
      vertex 90.4612 12 -43.4777
      vertex 90.4304 32 -43.5794
      vertex 90.4612 32 -43.4777
    endloop
  endfacet
  facet normal 0.957072 0 -0.289851
    outer loop
      vertex 90.4304 32 -43.5794
      vertex 90.4612 12 -43.4777
      vertex 90.4304 12 -43.5794
    endloop
  endfacet
  facet normal 0.995203 0 -0.0978272
    outer loop
      vertex 90.3889 12 -43.7879
      vertex 90.3785 32 -43.8937
      vertex 90.3889 32 -43.7879
    endloop
  endfacet
  facet normal 0.995203 0 -0.0978272
    outer loop
      vertex 90.3785 32 -43.8937
      vertex 90.3889 12 -43.7879
      vertex 90.3785 12 -43.8937
    endloop
  endfacet
  facet normal 0.471125 0 -0.882066
    outer loop
      vertex 91.1875 12 -42.5927
      vertex 91.2813 32 -42.5426
      vertex 91.2813 12 -42.5426
    endloop
  endfacet
  facet normal 0.471125 0 -0.882066
    outer loop
      vertex 91.2813 32 -42.5426
      vertex 91.1875 12 -42.5927
      vertex 91.1875 32 -42.5927
    endloop
  endfacet
  facet normal 0.413023 0 -0.910721
    outer loop
      vertex 91.2813 12 -42.5426
      vertex 91.3781 32 -42.4987
      vertex 91.3781 12 -42.4987
    endloop
  endfacet
  facet normal 0.413023 0 -0.910721
    outer loop
      vertex 91.3781 32 -42.4987
      vertex 91.2813 12 -42.5426
      vertex 91.2813 32 -42.5426
    endloop
  endfacet
  facet normal 0.582395 0 -0.812906
    outer loop
      vertex 91.0108 12 -42.7108
      vertex 91.0972 32 -42.6489
      vertex 91.0972 12 -42.6489
    endloop
  endfacet
  facet normal 0.582395 0 -0.812906
    outer loop
      vertex 91.0972 32 -42.6489
      vertex 91.0108 12 -42.7108
      vertex 91.0108 32 -42.7108
    endloop
  endfacet
  facet normal 0.634619 0 -0.772825
    outer loop
      vertex 90.9286 12 -42.7783
      vertex 91.0108 32 -42.7108
      vertex 91.0108 12 -42.7108
    endloop
  endfacet
  facet normal 0.634619 0 -0.772825
    outer loop
      vertex 91.0108 32 -42.7108
      vertex 90.9286 12 -42.7783
      vertex 90.9286 32 -42.7783
    endloop
  endfacet
  facet normal 0.289851 0 -0.957072
    outer loop
      vertex 91.4777 12 -42.4612
      vertex 91.5794 32 -42.4304
      vertex 91.5794 12 -42.4304
    endloop
  endfacet
  facet normal 0.289851 0 -0.957072
    outer loop
      vertex 91.5794 32 -42.4304
      vertex 91.4777 12 -42.4612
      vertex 91.4777 32 -42.4612
    endloop
  endfacet
  facet normal 0.0329078 0 -0.999458
    outer loop
      vertex 91.8937 12 -42.3785
      vertex 92 32 -42.375
      vertex 92 12 -42.375
    endloop
  endfacet
  facet normal 0.0329078 0 -0.999458
    outer loop
      vertex 92 32 -42.375
      vertex 91.8937 12 -42.3785
      vertex 91.8937 32 -42.3785
    endloop
  endfacet
  facet normal -0.999458 0 0.0329078
    outer loop
      vertex 93.6215 12 -44.1063
      vertex 93.625 32 -44
      vertex 93.6215 32 -44.1063
    endloop
  endfacet
  facet normal -0.999458 0 0.0329078
    outer loop
      vertex 93.625 32 -44
      vertex 93.6215 12 -44.1063
      vertex 93.625 12 -44
    endloop
  endfacet
  facet normal -0.0329078 0 0.999458
    outer loop
      vertex 92 32 -45.625
      vertex 92.1063 12 -45.6215
      vertex 92.1063 32 -45.6215
    endloop
  endfacet
  facet normal -0.0329078 0 0.999458
    outer loop
      vertex 92.1063 12 -45.6215
      vertex 92 32 -45.625
      vertex 92 12 -45.625
    endloop
  endfacet
  facet normal -0.162721 0 0.986672
    outer loop
      vertex 92.2121 32 -45.6111
      vertex 92.317 12 -45.5938
      vertex 92.317 32 -45.5938
    endloop
  endfacet
  facet normal -0.162721 0 0.986672
    outer loop
      vertex 92.317 12 -45.5938
      vertex 92.2121 32 -45.6111
      vertex 92.2121 12 -45.6111
    endloop
  endfacet
  facet normal -0.289851 0 0.957072
    outer loop
      vertex 92.4206 32 -45.5696
      vertex 92.5223 12 -45.5388
      vertex 92.5223 32 -45.5388
    endloop
  endfacet
  facet normal -0.289851 0 0.957072
    outer loop
      vertex 92.5223 12 -45.5388
      vertex 92.4206 32 -45.5696
      vertex 92.4206 12 -45.5696
    endloop
  endfacet
  facet normal -0.352359 0 0.935865
    outer loop
      vertex 92.5223 32 -45.5388
      vertex 92.6219 12 -45.5013
      vertex 92.6219 32 -45.5013
    endloop
  endfacet
  facet normal -0.352359 0 0.935865
    outer loop
      vertex 92.6219 12 -45.5013
      vertex 92.5223 32 -45.5388
      vertex 92.5223 12 -45.5388
    endloop
  endfacet
  facet normal -0.227467 0 0.973786
    outer loop
      vertex 92.317 32 -45.5938
      vertex 92.4206 12 -45.5696
      vertex 92.4206 32 -45.5696
    endloop
  endfacet
  facet normal -0.227467 0 0.973786
    outer loop
      vertex 92.4206 12 -45.5696
      vertex 92.317 32 -45.5938
      vertex 92.317 12 -45.5938
    endloop
  endfacet
  facet normal -0.634619 0 0.772825
    outer loop
      vertex 92.9892 32 -45.2892
      vertex 93.0714 12 -45.2217
      vertex 93.0714 32 -45.2217
    endloop
  endfacet
  facet normal -0.634619 0 0.772825
    outer loop
      vertex 93.0714 12 -45.2217
      vertex 92.9892 32 -45.2892
      vertex 92.9892 12 -45.2892
    endloop
  endfacet
  facet normal -0.582395 0 0.812906
    outer loop
      vertex 92.9028 32 -45.3511
      vertex 92.9892 12 -45.2892
      vertex 92.9892 32 -45.2892
    endloop
  endfacet
  facet normal -0.582395 0 0.812906
    outer loop
      vertex 92.9892 12 -45.2892
      vertex 92.9028 32 -45.3511
      vertex 92.9028 12 -45.3511
    endloop
  endfacet
  facet normal -0.683691 0 0.729772
    outer loop
      vertex 93.0714 32 -45.2217
      vertex 93.149 12 -45.149
      vertex 93.149 32 -45.149
    endloop
  endfacet
  facet normal -0.683691 0 0.729772
    outer loop
      vertex 93.149 12 -45.149
      vertex 93.0714 32 -45.2217
      vertex 93.0714 12 -45.2217
    endloop
  endfacet
  facet normal -0.528392 0 0.849
    outer loop
      vertex 92.8125 32 -45.4073
      vertex 92.9028 12 -45.3511
      vertex 92.9028 32 -45.3511
    endloop
  endfacet
  facet normal -0.528392 0 0.849
    outer loop
      vertex 92.9028 12 -45.3511
      vertex 92.8125 32 -45.4073
      vertex 92.8125 12 -45.4073
    endloop
  endfacet
  facet normal -0.413023 0 0.910721
    outer loop
      vertex 92.6219 32 -45.5013
      vertex 92.7187 12 -45.4574
      vertex 92.7187 32 -45.4574
    endloop
  endfacet
  facet normal -0.413023 0 0.910721
    outer loop
      vertex 92.7187 12 -45.4574
      vertex 92.6219 32 -45.5013
      vertex 92.6219 12 -45.5013
    endloop
  endfacet
  facet normal -0.772825 0 0.634619
    outer loop
      vertex 93.2217 12 -45.0714
      vertex 93.2892 32 -44.9892
      vertex 93.2217 32 -45.0714
    endloop
  endfacet
  facet normal -0.772825 0 0.634619
    outer loop
      vertex 93.2892 32 -44.9892
      vertex 93.2217 12 -45.0714
      vertex 93.2892 12 -44.9892
    endloop
  endfacet
  facet normal -0.849 0 0.528392
    outer loop
      vertex 93.3511 12 -44.9028
      vertex 93.4073 32 -44.8125
      vertex 93.3511 32 -44.9028
    endloop
  endfacet
  facet normal -0.849 0 0.528392
    outer loop
      vertex 93.4073 32 -44.8125
      vertex 93.3511 12 -44.9028
      vertex 93.4073 12 -44.8125
    endloop
  endfacet
  facet normal -0.910721 0 0.413023
    outer loop
      vertex 93.4574 12 -44.7187
      vertex 93.5013 32 -44.6219
      vertex 93.4574 32 -44.7187
    endloop
  endfacet
  facet normal -0.910721 0 0.413023
    outer loop
      vertex 93.5013 32 -44.6219
      vertex 93.4574 12 -44.7187
      vertex 93.5013 12 -44.6219
    endloop
  endfacet
  facet normal -0.935865 0 0.352359
    outer loop
      vertex 93.5013 12 -44.6219
      vertex 93.5388 32 -44.5223
      vertex 93.5013 32 -44.6219
    endloop
  endfacet
  facet normal -0.935865 0 0.352359
    outer loop
      vertex 93.5388 32 -44.5223
      vertex 93.5013 12 -44.6219
      vertex 93.5388 12 -44.5223
    endloop
  endfacet
  facet normal -0.882066 0 0.471125
    outer loop
      vertex 93.4073 12 -44.8125
      vertex 93.4574 32 -44.7187
      vertex 93.4073 32 -44.8125
    endloop
  endfacet
  facet normal -0.882066 0 0.471125
    outer loop
      vertex 93.4574 32 -44.7187
      vertex 93.4073 12 -44.8125
      vertex 93.4574 12 -44.7187
    endloop
  endfacet
  facet normal -0.986672 0 0.162721
    outer loop
      vertex 93.5938 12 -44.317
      vertex 93.6111 32 -44.2121
      vertex 93.5938 32 -44.317
    endloop
  endfacet
  facet normal -0.986672 0 0.162721
    outer loop
      vertex 93.6111 32 -44.2121
      vertex 93.5938 12 -44.317
      vertex 93.6111 12 -44.2121
    endloop
  endfacet
  facet normal -0.957072 0 0.289851
    outer loop
      vertex 93.5388 12 -44.5223
      vertex 93.5696 32 -44.4206
      vertex 93.5388 32 -44.5223
    endloop
  endfacet
  facet normal -0.957072 0 0.289851
    outer loop
      vertex 93.5696 32 -44.4206
      vertex 93.5388 12 -44.5223
      vertex 93.5696 12 -44.4206
    endloop
  endfacet
  facet normal 0.471125 0 0.882066
    outer loop
      vertex 91.1875 32 -45.4073
      vertex 91.2813 12 -45.4574
      vertex 91.2813 32 -45.4574
    endloop
  endfacet
  facet normal 0.471125 0 0.882066
    outer loop
      vertex 91.2813 12 -45.4574
      vertex 91.1875 32 -45.4073
      vertex 91.1875 12 -45.4073
    endloop
  endfacet
  facet normal 0.289851 0 0.957072
    outer loop
      vertex 91.4777 32 -45.5388
      vertex 91.5794 12 -45.5696
      vertex 91.5794 32 -45.5696
    endloop
  endfacet
  facet normal 0.289851 0 0.957072
    outer loop
      vertex 91.5794 12 -45.5696
      vertex 91.4777 32 -45.5388
      vertex 91.4777 12 -45.5388
    endloop
  endfacet
  facet normal 0.0978272 0 0.995203
    outer loop
      vertex 91.7879 32 -45.6111
      vertex 91.8937 12 -45.6215
      vertex 91.8937 32 -45.6215
    endloop
  endfacet
  facet normal 0.0978272 0 0.995203
    outer loop
      vertex 91.8937 12 -45.6215
      vertex 91.7879 32 -45.6111
      vertex 91.7879 12 -45.6111
    endloop
  endfacet
  facet normal 0.910721 -0 0.413023
    outer loop
      vertex 90.4987 12 -44.6219
      vertex 90.5426 32 -44.7187
      vertex 90.4987 32 -44.6219
    endloop
  endfacet
  facet normal 0.910721 0 0.413023
    outer loop
      vertex 90.5426 32 -44.7187
      vertex 90.4987 12 -44.6219
      vertex 90.5426 12 -44.7187
    endloop
  endfacet
  facet normal 0.882066 -0 0.471125
    outer loop
      vertex 90.5426 12 -44.7187
      vertex 90.5927 32 -44.8125
      vertex 90.5426 32 -44.7187
    endloop
  endfacet
  facet normal 0.882066 0 0.471125
    outer loop
      vertex 90.5927 32 -44.8125
      vertex 90.5426 12 -44.7187
      vertex 90.5927 12 -44.8125
    endloop
  endfacet
  facet normal 0.812906 -0 0.582395
    outer loop
      vertex 90.6489 12 -44.9028
      vertex 90.7108 32 -44.9892
      vertex 90.6489 32 -44.9028
    endloop
  endfacet
  facet normal 0.812906 0 0.582395
    outer loop
      vertex 90.7108 32 -44.9892
      vertex 90.6489 12 -44.9028
      vertex 90.7108 12 -44.9892
    endloop
  endfacet
  facet normal 0.772825 -0 0.634619
    outer loop
      vertex 90.7108 12 -44.9892
      vertex 90.7783 32 -45.0714
      vertex 90.7108 32 -44.9892
    endloop
  endfacet
  facet normal 0.772825 0 0.634619
    outer loop
      vertex 90.7783 32 -45.0714
      vertex 90.7108 12 -44.9892
      vertex 90.7783 12 -45.0714
    endloop
  endfacet
  facet normal 0.973786 -0 0.227467
    outer loop
      vertex 90.4062 12 -44.317
      vertex 90.4304 32 -44.4206
      vertex 90.4062 32 -44.317
    endloop
  endfacet
  facet normal 0.973786 0 0.227467
    outer loop
      vertex 90.4304 32 -44.4206
      vertex 90.4062 12 -44.317
      vertex 90.4304 12 -44.4206
    endloop
  endfacet
  facet normal 0.957072 -0 0.289851
    outer loop
      vertex 90.4304 12 -44.4206
      vertex 90.4612 32 -44.5223
      vertex 90.4304 32 -44.4206
    endloop
  endfacet
  facet normal 0.957072 0 0.289851
    outer loop
      vertex 90.4612 32 -44.5223
      vertex 90.4304 12 -44.4206
      vertex 90.4612 12 -44.5223
    endloop
  endfacet
  facet normal 0.986672 -0 0.162721
    outer loop
      vertex 90.3889 12 -44.2121
      vertex 90.4062 32 -44.317
      vertex 90.3889 32 -44.2121
    endloop
  endfacet
  facet normal 0.986672 0 0.162721
    outer loop
      vertex 90.4062 32 -44.317
      vertex 90.3889 12 -44.2121
      vertex 90.4062 12 -44.317
    endloop
  endfacet
  facet normal 0.999458 -0 0.0329078
    outer loop
      vertex 90.375 12 -44
      vertex 90.3785 32 -44.1063
      vertex 90.375 32 -44
    endloop
  endfacet
  facet normal 0.999458 0 0.0329078
    outer loop
      vertex 90.3785 32 -44.1063
      vertex 90.375 12 -44
      vertex 90.3785 12 -44.1063
    endloop
  endfacet
  facet normal -0.471125 0 -0.882066
    outer loop
      vertex 92.7187 12 -42.5426
      vertex 92.8125 32 -42.5927
      vertex 92.8125 12 -42.5927
    endloop
  endfacet
  facet normal -0.471125 0 -0.882066
    outer loop
      vertex 92.8125 32 -42.5927
      vertex 92.7187 12 -42.5426
      vertex 92.7187 32 -42.5426
    endloop
  endfacet
  facet normal 0.227467 0 -0.973786
    outer loop
      vertex 91.5794 12 -42.4304
      vertex 91.683 32 -42.4062
      vertex 91.683 12 -42.4062
    endloop
  endfacet
  facet normal 0.227467 0 -0.973786
    outer loop
      vertex 91.683 32 -42.4062
      vertex 91.5794 12 -42.4304
      vertex 91.5794 32 -42.4304
    endloop
  endfacet
  facet normal -0.0978272 0 0.995203
    outer loop
      vertex 92.1063 32 -45.6215
      vertex 92.2121 12 -45.6111
      vertex 92.2121 32 -45.6111
    endloop
  endfacet
  facet normal -0.0978272 0 0.995203
    outer loop
      vertex 92.2121 12 -45.6111
      vertex 92.1063 32 -45.6215
      vertex 92.1063 12 -45.6215
    endloop
  endfacet
  facet normal -0.729772 0 0.683691
    outer loop
      vertex 93.149 12 -45.149
      vertex 93.2217 32 -45.0714
      vertex 93.149 32 -45.149
    endloop
  endfacet
  facet normal -0.729772 0 0.683691
    outer loop
      vertex 93.2217 32 -45.0714
      vertex 93.149 12 -45.149
      vertex 93.2217 12 -45.0714
    endloop
  endfacet
  facet normal -0.471125 0 0.882066
    outer loop
      vertex 92.7187 32 -45.4574
      vertex 92.8125 12 -45.4073
      vertex 92.8125 32 -45.4073
    endloop
  endfacet
  facet normal -0.471125 0 0.882066
    outer loop
      vertex 92.8125 12 -45.4073
      vertex 92.7187 32 -45.4574
      vertex 92.7187 12 -45.4574
    endloop
  endfacet
  facet normal -0.812906 0 0.582395
    outer loop
      vertex 93.2892 12 -44.9892
      vertex 93.3511 32 -44.9028
      vertex 93.2892 32 -44.9892
    endloop
  endfacet
  facet normal -0.812906 0 0.582395
    outer loop
      vertex 93.3511 32 -44.9028
      vertex 93.2892 12 -44.9892
      vertex 93.3511 12 -44.9028
    endloop
  endfacet
  facet normal -0.995203 0 0.0978272
    outer loop
      vertex 93.6111 12 -44.2121
      vertex 93.6215 32 -44.1063
      vertex 93.6111 32 -44.2121
    endloop
  endfacet
  facet normal -0.995203 0 0.0978272
    outer loop
      vertex 93.6215 32 -44.1063
      vertex 93.6111 12 -44.2121
      vertex 93.6215 12 -44.1063
    endloop
  endfacet
  facet normal -0.973786 0 0.227467
    outer loop
      vertex 93.5696 12 -44.4206
      vertex 93.5938 32 -44.317
      vertex 93.5696 32 -44.4206
    endloop
  endfacet
  facet normal -0.973786 0 0.227467
    outer loop
      vertex 93.5938 32 -44.317
      vertex 93.5696 12 -44.4206
      vertex 93.5938 12 -44.317
    endloop
  endfacet
  facet normal 0.582395 0 0.812906
    outer loop
      vertex 91.0108 32 -45.2892
      vertex 91.0972 12 -45.3511
      vertex 91.0972 32 -45.3511
    endloop
  endfacet
  facet normal 0.582395 0 0.812906
    outer loop
      vertex 91.0972 12 -45.3511
      vertex 91.0108 32 -45.2892
      vertex 91.0108 12 -45.2892
    endloop
  endfacet
  facet normal 0.227467 0 0.973786
    outer loop
      vertex 91.5794 32 -45.5696
      vertex 91.683 12 -45.5938
      vertex 91.683 32 -45.5938
    endloop
  endfacet
  facet normal 0.227467 0 0.973786
    outer loop
      vertex 91.683 12 -45.5938
      vertex 91.5794 32 -45.5696
      vertex 91.5794 12 -45.5696
    endloop
  endfacet
  facet normal 0.995203 -0 0.0978272
    outer loop
      vertex 90.3785 12 -44.1063
      vertex 90.3889 32 -44.2121
      vertex 90.3785 32 -44.1063
    endloop
  endfacet
  facet normal 0.995203 0 0.0978272
    outer loop
      vertex 90.3889 32 -44.2121
      vertex 90.3785 12 -44.1063
      vertex 90.3889 12 -44.2121
    endloop
  endfacet
  facet normal 0.999462 -0 0.0328114
    outer loop
      vertex 96.7398 12 46.3107
      vertex 96.75 32 46
      vertex 96.7398 32 46.3107
    endloop
  endfacet
  facet normal 0.999462 0 0.0328114
    outer loop
      vertex 96.75 32 46
      vertex 96.7398 12 46.3107
      vertex 96.75 12 46
    endloop
  endfacet
  facet normal -0.999462 0 0.0328114
    outer loop
      vertex 87.25 12 46
      vertex 87.2602 32 46.3107
      vertex 87.25 32 46
    endloop
  endfacet
  facet normal -0.999462 0 0.0328114
    outer loop
      vertex 87.2602 32 46.3107
      vertex 87.25 12 46
      vertex 87.2602 12 46.3107
    endloop
  endfacet
  facet normal 0.0328114 0 0.999462
    outer loop
      vertex 92 32 50.75
      vertex 92.3107 12 50.7398
      vertex 92.3107 32 50.7398
    endloop
  endfacet
  facet normal 0.0328114 0 0.999462
    outer loop
      vertex 92.3107 12 50.7398
      vertex 92 32 50.75
      vertex 92 12 50.75
    endloop
  endfacet
  facet normal -0.0328114 0 -0.999462
    outer loop
      vertex 91.6893 12 41.2602
      vertex 92 32 41.25
      vertex 92 12 41.25
    endloop
  endfacet
  facet normal -0.0328114 0 -0.999462
    outer loop
      vertex 92 32 41.25
      vertex 91.6893 12 41.2602
      vertex 91.6893 32 41.2602
    endloop
  endfacet
  facet normal 0.730049 -0 0.683395
    outer loop
      vertex 95.3588 12 49.3588
      vertex 95.5712 32 49.1319
      vertex 95.3588 32 49.3588
    endloop
  endfacet
  facet normal 0.730049 0 0.683395
    outer loop
      vertex 95.5712 32 49.1319
      vertex 95.3588 12 49.3588
      vertex 95.5712 12 49.1319
    endloop
  endfacet
  facet normal -0.683395 0 0.730049
    outer loop
      vertex 88.6412 32 49.3588
      vertex 88.8681 12 49.5712
      vertex 88.8681 32 49.5712
    endloop
  endfacet
  facet normal -0.683395 0 0.730049
    outer loop
      vertex 88.8681 12 49.5712
      vertex 88.6412 32 49.3588
      vertex 88.6412 12 49.3588
    endloop
  endfacet
  facet normal -0.973934 0 -0.226833
    outer loop
      vertex 87.4118 12 44.7706
      vertex 87.3413 32 45.0733
      vertex 87.4118 32 44.7706
    endloop
  endfacet
  facet normal -0.973934 -0 -0.226833
    outer loop
      vertex 87.3413 32 45.0733
      vertex 87.4118 12 44.7706
      vertex 87.3413 12 45.0733
    endloop
  endfacet
  facet normal 0.935892 -0 0.352287
    outer loop
      vertex 96.3884 12 47.8177
      vertex 96.4979 32 47.5268
      vertex 96.3884 32 47.8177
    endloop
  endfacet
  facet normal 0.935892 0 0.352287
    outer loop
      vertex 96.4979 32 47.5268
      vertex 96.3884 12 47.8177
      vertex 96.4979 12 47.5268
    endloop
  endfacet
  facet normal 0.412664 0 0.910883
    outer loop
      vertex 93.8177 32 50.3884
      vertex 94.1009 12 50.2601
      vertex 94.1009 32 50.2601
    endloop
  endfacet
  facet normal 0.412664 0 0.910883
    outer loop
      vertex 94.1009 12 50.2601
      vertex 93.8177 32 50.3884
      vertex 93.8177 12 50.3884
    endloop
  endfacet
  facet normal -0.849297 0 0.527915
    outer loop
      vertex 87.8864 12 48.375
      vertex 88.0505 32 48.639
      vertex 87.8864 32 48.375
    endloop
  endfacet
  facet normal -0.849297 0 0.527915
    outer loop
      vertex 88.0505 32 48.639
      vertex 87.8864 12 48.375
      vertex 88.0505 12 48.639
    endloop
  endfacet
  facet normal -0.773025 0 0.634376
    outer loop
      vertex 88.2316 12 48.8916
      vertex 88.4288 32 49.1319
      vertex 88.2316 32 48.8916
    endloop
  endfacet
  facet normal -0.773025 0 0.634376
    outer loop
      vertex 88.4288 32 49.1319
      vertex 88.2316 12 48.8916
      vertex 88.4288 12 49.1319
    endloop
  endfacet
  facet normal -0.163095 0 0.98661
    outer loop
      vertex 91.0733 32 50.6587
      vertex 91.38 12 50.7094
      vertex 91.38 32 50.7094
    endloop
  endfacet
  facet normal -0.163095 0 0.98661
    outer loop
      vertex 91.38 12 50.7094
      vertex 91.0733 32 50.6587
      vertex 91.0733 12 50.6587
    endloop
  endfacet
  facet normal 0.849297 0 -0.527915
    outer loop
      vertex 96.1136 12 43.625
      vertex 95.9495 32 43.361
      vertex 96.1136 32 43.625
    endloop
  endfacet
  facet normal 0.849297 0 -0.527915
    outer loop
      vertex 95.9495 32 43.361
      vertex 96.1136 12 43.625
      vertex 95.9495 12 43.361
    endloop
  endfacet
  facet normal 0.227138 0 -0.973863
    outer loop
      vertex 92.9267 12 41.3413
      vertex 93.2294 32 41.4119
      vertex 93.2294 12 41.4119
    endloop
  endfacet
  facet normal 0.227138 0 -0.973863
    outer loop
      vertex 93.2294 32 41.4119
      vertex 92.9267 12 41.3413
      vertex 92.9267 32 41.3413
    endloop
  endfacet
  facet normal 0.683395 0 -0.730049
    outer loop
      vertex 95.1319 12 42.4288
      vertex 95.3588 32 42.6412
      vertex 95.3588 12 42.6412
    endloop
  endfacet
  facet normal 0.683395 0 -0.730049
    outer loop
      vertex 95.3588 32 42.6412
      vertex 95.1319 12 42.4288
      vertex 95.1319 32 42.4288
    endloop
  endfacet
  facet normal 0.773025 0 -0.634376
    outer loop
      vertex 95.7684 12 43.1084
      vertex 95.5712 32 42.8681
      vertex 95.7684 32 43.1084
    endloop
  endfacet
  facet normal 0.773025 0 -0.634376
    outer loop
      vertex 95.5712 32 42.8681
      vertex 95.7684 12 43.1084
      vertex 95.5712 12 42.8681
    endloop
  endfacet
  facet normal -0.352287 0 -0.935892
    outer loop
      vertex 90.1823 12 41.6116
      vertex 90.4732 32 41.5021
      vertex 90.4732 12 41.5021
    endloop
  endfacet
  facet normal -0.352287 0 -0.935892
    outer loop
      vertex 90.4732 32 41.5021
      vertex 90.1823 12 41.6116
      vertex 90.1823 32 41.6116
    endloop
  endfacet
  facet normal -0.730049 0 -0.683395
    outer loop
      vertex 88.6412 12 42.6412
      vertex 88.4288 32 42.8681
      vertex 88.6412 32 42.6412
    endloop
  endfacet
  facet normal -0.730049 -0 -0.683395
    outer loop
      vertex 88.4288 32 42.8681
      vertex 88.6412 12 42.6412
      vertex 88.4288 12 42.8681
    endloop
  endfacet
  facet normal 0.98661 -0 0.163095
    outer loop
      vertex 96.6587 12 46.9267
      vertex 96.7094 32 46.62
      vertex 96.6587 32 46.9267
    endloop
  endfacet
  facet normal 0.98661 0 0.163095
    outer loop
      vertex 96.7094 32 46.62
      vertex 96.6587 12 46.9267
      vertex 96.7094 12 46.62
    endloop
  endfacet
  facet normal 0.995205 -0 0.0978151
    outer loop
      vertex 96.7094 12 46.62
      vertex 96.7398 32 46.3107
      vertex 96.7094 32 46.62
    endloop
  endfacet
  facet normal 0.995205 0 0.0978151
    outer loop
      vertex 96.7398 32 46.3107
      vertex 96.7094 12 46.62
      vertex 96.7398 12 46.3107
    endloop
  endfacet
  facet normal 0.973934 -0 0.226833
    outer loop
      vertex 96.5882 12 47.2294
      vertex 96.6587 32 46.9267
      vertex 96.5882 32 47.2294
    endloop
  endfacet
  facet normal 0.973934 0 0.226833
    outer loop
      vertex 96.6587 32 46.9267
      vertex 96.5882 12 47.2294
      vertex 96.6587 12 46.9267
    endloop
  endfacet
  facet normal 0.910883 -0 0.412664
    outer loop
      vertex 96.2601 12 48.1009
      vertex 96.3884 32 47.8177
      vertex 96.2601 32 48.1009
    endloop
  endfacet
  facet normal 0.910883 0 0.412664
    outer loop
      vertex 96.3884 32 47.8177
      vertex 96.2601 12 48.1009
      vertex 96.3884 12 47.8177
    endloop
  endfacet
  facet normal 0.227138 0 0.973863
    outer loop
      vertex 92.9267 32 50.6587
      vertex 93.2294 12 50.5881
      vertex 93.2294 32 50.5881
    endloop
  endfacet
  facet normal 0.227138 0 0.973863
    outer loop
      vertex 93.2294 12 50.5881
      vertex 92.9267 32 50.6587
      vertex 92.9267 12 50.6587
    endloop
  endfacet
  facet normal 0.29024 0 0.956954
    outer loop
      vertex 93.2294 32 50.5881
      vertex 93.5268 12 50.4979
      vertex 93.5268 32 50.4979
    endloop
  endfacet
  facet normal 0.29024 0 0.956954
    outer loop
      vertex 93.5268 12 50.4979
      vertex 93.2294 32 50.5881
      vertex 93.2294 12 50.5881
    endloop
  endfacet
  facet normal 0.163095 0 0.98661
    outer loop
      vertex 92.62 32 50.7094
      vertex 92.9267 12 50.6587
      vertex 92.9267 32 50.6587
    endloop
  endfacet
  facet normal 0.163095 0 0.98661
    outer loop
      vertex 92.9267 12 50.6587
      vertex 92.62 32 50.7094
      vertex 92.62 12 50.7094
    endloop
  endfacet
  facet normal 0.683395 0 0.730049
    outer loop
      vertex 95.1319 32 49.5712
      vertex 95.3588 12 49.3588
      vertex 95.3588 32 49.3588
    endloop
  endfacet
  facet normal 0.683395 0 0.730049
    outer loop
      vertex 95.3588 12 49.3588
      vertex 95.1319 32 49.5712
      vertex 95.1319 12 49.5712
    endloop
  endfacet
  facet normal -0.973934 0 0.226833
    outer loop
      vertex 87.3413 12 46.9267
      vertex 87.4118 32 47.2294
      vertex 87.3413 32 46.9267
    endloop
  endfacet
  facet normal -0.973934 0 0.226833
    outer loop
      vertex 87.4118 32 47.2294
      vertex 87.3413 12 46.9267
      vertex 87.4118 12 47.2294
    endloop
  endfacet
  facet normal -0.730049 0 0.683395
    outer loop
      vertex 88.4288 12 49.1319
      vertex 88.6412 32 49.3588
      vertex 88.4288 32 49.1319
    endloop
  endfacet
  facet normal -0.730049 0 0.683395
    outer loop
      vertex 88.6412 32 49.3588
      vertex 88.4288 12 49.1319
      vertex 88.6412 12 49.3588
    endloop
  endfacet
  facet normal -0.910883 0 0.412664
    outer loop
      vertex 87.6116 12 47.8177
      vertex 87.7399 32 48.1009
      vertex 87.6116 32 47.8177
    endloop
  endfacet
  facet normal -0.910883 0 0.412664
    outer loop
      vertex 87.7399 32 48.1009
      vertex 87.6116 12 47.8177
      vertex 87.7399 12 48.1009
    endloop
  endfacet
  facet normal -0.881934 0 0.471373
    outer loop
      vertex 87.7399 12 48.1009
      vertex 87.8864 32 48.375
      vertex 87.7399 32 48.1009
    endloop
  endfacet
  facet normal -0.881934 0 0.471373
    outer loop
      vertex 87.8864 32 48.375
      vertex 87.7399 12 48.1009
      vertex 87.8864 12 48.375
    endloop
  endfacet
  facet normal -0.956865 0 0.290534
    outer loop
      vertex 87.4118 12 47.2294
      vertex 87.5021 32 47.5268
      vertex 87.4118 32 47.2294
    endloop
  endfacet
  facet normal -0.956865 0 0.290534
    outer loop
      vertex 87.5021 32 47.5268
      vertex 87.4118 12 47.2294
      vertex 87.5021 12 47.5268
    endloop
  endfacet
  facet normal -0.98661 0 0.163095
    outer loop
      vertex 87.2906 12 46.62
      vertex 87.3413 32 46.9267
      vertex 87.2906 32 46.62
    endloop
  endfacet
  facet normal -0.98661 0 0.163095
    outer loop
      vertex 87.3413 32 46.9267
      vertex 87.2906 12 46.62
      vertex 87.3413 12 46.9267
    endloop
  endfacet
  facet normal -0.471373 0 0.881934
    outer loop
      vertex 89.625 32 50.1136
      vertex 89.8991 12 50.2601
      vertex 89.8991 32 50.2601
    endloop
  endfacet
  facet normal -0.471373 0 0.881934
    outer loop
      vertex 89.8991 12 50.2601
      vertex 89.625 32 50.1136
      vertex 89.625 12 50.1136
    endloop
  endfacet
  facet normal -0.227138 0 0.973863
    outer loop
      vertex 90.7706 32 50.5881
      vertex 91.0733 12 50.6587
      vertex 91.0733 32 50.6587
    endloop
  endfacet
  facet normal -0.227138 0 0.973863
    outer loop
      vertex 91.0733 12 50.6587
      vertex 90.7706 32 50.5881
      vertex 90.7706 12 50.5881
    endloop
  endfacet
  facet normal -0.0978151 0 0.995205
    outer loop
      vertex 91.38 32 50.7094
      vertex 91.6893 12 50.7398
      vertex 91.6893 32 50.7398
    endloop
  endfacet
  facet normal -0.0978151 0 0.995205
    outer loop
      vertex 91.6893 12 50.7398
      vertex 91.38 32 50.7094
      vertex 91.38 12 50.7094
    endloop
  endfacet
  facet normal 0.352287 0 -0.935892
    outer loop
      vertex 93.5268 12 41.5021
      vertex 93.8177 32 41.6116
      vertex 93.8177 12 41.6116
    endloop
  endfacet
  facet normal 0.352287 0 -0.935892
    outer loop
      vertex 93.8177 32 41.6116
      vertex 93.5268 12 41.5021
      vertex 93.5268 32 41.5021
    endloop
  endfacet
  facet normal 0.412664 0 -0.910883
    outer loop
      vertex 93.8177 12 41.6116
      vertex 94.1009 32 41.7399
      vertex 94.1009 12 41.7399
    endloop
  endfacet
  facet normal 0.412664 0 -0.910883
    outer loop
      vertex 94.1009 32 41.7399
      vertex 93.8177 12 41.6116
      vertex 93.8177 32 41.6116
    endloop
  endfacet
  facet normal 0.471373 0 -0.881934
    outer loop
      vertex 94.1009 12 41.7399
      vertex 94.375 32 41.8864
      vertex 94.375 12 41.8864
    endloop
  endfacet
  facet normal 0.471373 0 -0.881934
    outer loop
      vertex 94.375 32 41.8864
      vertex 94.1009 12 41.7399
      vertex 94.1009 32 41.7399
    endloop
  endfacet
  facet normal 0.730049 0 -0.683395
    outer loop
      vertex 95.5712 12 42.8681
      vertex 95.3588 32 42.6412
      vertex 95.5712 32 42.8681
    endloop
  endfacet
  facet normal 0.730049 0 -0.683395
    outer loop
      vertex 95.3588 32 42.6412
      vertex 95.5712 12 42.8681
      vertex 95.3588 12 42.6412
    endloop
  endfacet
  facet normal 0.973934 0 -0.226833
    outer loop
      vertex 96.6587 12 45.0733
      vertex 96.5882 32 44.7706
      vertex 96.6587 32 45.0733
    endloop
  endfacet
  facet normal 0.973934 0 -0.226833
    outer loop
      vertex 96.5882 32 44.7706
      vertex 96.6587 12 45.0733
      vertex 96.5882 12 44.7706
    endloop
  endfacet
  facet normal 0.995205 0 -0.0978151
    outer loop
      vertex 96.7398 12 45.6893
      vertex 96.7094 32 45.38
      vertex 96.7398 32 45.6893
    endloop
  endfacet
  facet normal 0.995205 0 -0.0978151
    outer loop
      vertex 96.7094 32 45.38
      vertex 96.7398 12 45.6893
      vertex 96.7094 12 45.38
    endloop
  endfacet
  facet normal -0.683395 0 -0.730049
    outer loop
      vertex 88.6412 12 42.6412
      vertex 88.8681 32 42.4288
      vertex 88.8681 12 42.4288
    endloop
  endfacet
  facet normal -0.683395 0 -0.730049
    outer loop
      vertex 88.8681 32 42.4288
      vertex 88.6412 12 42.6412
      vertex 88.6412 32 42.6412
    endloop
  endfacet
  facet normal -0.634376 0 -0.773025
    outer loop
      vertex 88.8681 12 42.4288
      vertex 89.1084 32 42.2316
      vertex 89.1084 12 42.2316
    endloop
  endfacet
  facet normal -0.634376 0 -0.773025
    outer loop
      vertex 89.1084 32 42.2316
      vertex 88.8681 12 42.4288
      vertex 88.8681 32 42.4288
    endloop
  endfacet
  facet normal -0.163095 0 -0.98661
    outer loop
      vertex 91.0733 12 41.3413
      vertex 91.38 32 41.2906
      vertex 91.38 12 41.2906
    endloop
  endfacet
  facet normal -0.163095 0 -0.98661
    outer loop
      vertex 91.38 32 41.2906
      vertex 91.0733 12 41.3413
      vertex 91.0733 32 41.3413
    endloop
  endfacet
  facet normal -0.910883 0 -0.412664
    outer loop
      vertex 87.7399 12 43.8991
      vertex 87.6116 32 44.1823
      vertex 87.7399 32 43.8991
    endloop
  endfacet
  facet normal -0.910883 -0 -0.412664
    outer loop
      vertex 87.6116 32 44.1823
      vertex 87.7399 12 43.8991
      vertex 87.6116 12 44.1823
    endloop
  endfacet
  facet normal -0.956865 0 -0.290534
    outer loop
      vertex 87.5021 12 44.4732
      vertex 87.4118 32 44.7706
      vertex 87.5021 32 44.4732
    endloop
  endfacet
  facet normal -0.956865 -0 -0.290534
    outer loop
      vertex 87.4118 32 44.7706
      vertex 87.5021 12 44.4732
      vertex 87.4118 12 44.7706
    endloop
  endfacet
  facet normal 0 1 0
    outer loop
      vertex 92 32 47.625
      vertex 92 32 50.75
      vertex 92.3107 32 50.7398
    endloop
  endfacet
  facet normal 0 1 0
    outer loop
      vertex 92.1063 32 47.6215
      vertex 92.3107 32 50.7398
      vertex 92.62 32 50.7094
    endloop
  endfacet
  facet normal 0 1 0
    outer loop
      vertex 92 32 50.75
      vertex 92 32 47.625
      vertex 91.6893 32 50.7398
    endloop
  endfacet
  facet normal 0 1 0
    outer loop
      vertex 92.2121 32 47.6111
      vertex 92.62 32 50.7094
      vertex 92.9267 32 50.6587
    endloop
  endfacet
  facet normal 0 1 -0
    outer loop
      vertex 91.8937 32 47.6215
      vertex 91.6893 32 50.7398
      vertex 92 32 47.625
    endloop
  endfacet
  facet normal 0 1 0
    outer loop
      vertex 92.317 32 47.5938
      vertex 92.9267 32 50.6587
      vertex 93.2294 32 50.5881
    endloop
  endfacet
  facet normal 0 1 0
    outer loop
      vertex 91.6893 32 50.7398
      vertex 91.8937 32 47.6215
      vertex 91.38 32 50.7094
    endloop
  endfacet
  facet normal 0 1 0
    outer loop
      vertex 92.4206 32 47.5696
      vertex 93.2294 32 50.5881
      vertex 93.5268 32 50.4979
    endloop
  endfacet
  facet normal 0 1 -0
    outer loop
      vertex 91.7879 32 47.6111
      vertex 91.38 32 50.7094
      vertex 91.8937 32 47.6215
    endloop
  endfacet
  facet normal 0 1 0
    outer loop
      vertex 92.5223 32 47.5388
      vertex 93.5268 32 50.4979
      vertex 93.8177 32 50.3884
    endloop
  endfacet
  facet normal 0 1 0
    outer loop
      vertex 91.38 32 50.7094
      vertex 91.7879 32 47.6111
      vertex 91.0733 32 50.6587
    endloop
  endfacet
  facet normal 0 1 0
    outer loop
      vertex 92.6219 32 47.5013
      vertex 93.8177 32 50.3884
      vertex 94.1009 32 50.2601
    endloop
  endfacet
  facet normal 0 1 -0
    outer loop
      vertex 91.683 32 47.5938
      vertex 91.0733 32 50.6587
      vertex 91.7879 32 47.6111
    endloop
  endfacet
  facet normal 0 1 0
    outer loop
      vertex 92.7187 32 47.4574
      vertex 94.1009 32 50.2601
      vertex 94.375 32 50.1136
    endloop
  endfacet
  facet normal 0 1 0
    outer loop
      vertex 91.0733 32 50.6587
      vertex 91.683 32 47.5938
      vertex 90.7706 32 50.5881
    endloop
  endfacet
  facet normal 0 1 0
    outer loop
      vertex 92.8125 32 47.4073
      vertex 94.375 32 50.1136
      vertex 94.639 32 49.9495
    endloop
  endfacet
  facet normal 0 1 -0
    outer loop
      vertex 91.5794 32 47.5696
      vertex 90.7706 32 50.5881
      vertex 91.683 32 47.5938
    endloop
  endfacet
  facet normal 0 1 0
    outer loop
      vertex 92.9028 32 47.3511
      vertex 94.639 32 49.9495
      vertex 94.8916 32 49.7684
    endloop
  endfacet
  facet normal 0 1 0
    outer loop
      vertex 90.7706 32 50.5881
      vertex 91.5794 32 47.5696
      vertex 90.4732 32 50.4979
    endloop
  endfacet
  facet normal 0 1 0
    outer loop
      vertex 92.9892 32 47.2892
      vertex 94.8916 32 49.7684
      vertex 95.1319 32 49.5712
    endloop
  endfacet
  facet normal 0 1 -0
    outer loop
      vertex 91.4777 32 47.5388
      vertex 90.4732 32 50.4979
      vertex 91.5794 32 47.5696
    endloop
  endfacet
  facet normal 0 1 0
    outer loop
      vertex 93.0714 32 47.2217
      vertex 95.1319 32 49.5712
      vertex 95.3588 32 49.3588
    endloop
  endfacet
  facet normal 0 1 0
    outer loop
      vertex 90.4732 32 50.4979
      vertex 91.4777 32 47.5388
      vertex 90.1823 32 50.3884
    endloop
  endfacet
  facet normal 0 1 0
    outer loop
      vertex 93.149 32 47.149
      vertex 95.3588 32 49.3588
      vertex 95.5712 32 49.1319
    endloop
  endfacet
  facet normal 0 1 -0
    outer loop
      vertex 91.3781 32 47.5013
      vertex 90.1823 32 50.3884
      vertex 91.4777 32 47.5388
    endloop
  endfacet
  facet normal 0 1 0
    outer loop
      vertex 93.2217 32 47.0714
      vertex 95.5712 32 49.1319
      vertex 95.7684 32 48.8916
    endloop
  endfacet
  facet normal 0 1 0
    outer loop
      vertex 90.1823 32 50.3884
      vertex 91.3781 32 47.5013
      vertex 89.8991 32 50.2601
    endloop
  endfacet
  facet normal 0 1 0
    outer loop
      vertex 93.2892 32 46.9892
      vertex 95.7684 32 48.8916
      vertex 95.9495 32 48.639
    endloop
  endfacet
  facet normal 0 1 -0
    outer loop
      vertex 91.2813 32 47.4574
      vertex 89.8991 32 50.2601
      vertex 91.3781 32 47.5013
    endloop
  endfacet
  facet normal 0 1 0
    outer loop
      vertex 93.3511 32 46.9028
      vertex 95.9495 32 48.639
      vertex 96.1136 32 48.375
    endloop
  endfacet
  facet normal 0 1 0
    outer loop
      vertex 89.8991 32 50.2601
      vertex 91.2813 32 47.4574
      vertex 89.625 32 50.1136
    endloop
  endfacet
  facet normal 0 1 0
    outer loop
      vertex 93.4073 32 46.8125
      vertex 96.1136 32 48.375
      vertex 96.2601 32 48.1009
    endloop
  endfacet
  facet normal 0 1 -0
    outer loop
      vertex 91.1875 32 47.4073
      vertex 89.625 32 50.1136
      vertex 91.2813 32 47.4574
    endloop
  endfacet
  facet normal 0 1 0
    outer loop
      vertex 93.4574 32 46.7187
      vertex 96.2601 32 48.1009
      vertex 96.3884 32 47.8177
    endloop
  endfacet
  facet normal 0 1 0
    outer loop
      vertex 89.625 32 50.1136
      vertex 91.1875 32 47.4073
      vertex 89.361 32 49.9495
    endloop
  endfacet
  facet normal 0 1 -0
    outer loop
      vertex 91.0972 32 47.3511
      vertex 89.361 32 49.9495
      vertex 91.1875 32 47.4073
    endloop
  endfacet
  facet normal 0 1 0
    outer loop
      vertex 92.3107 32 50.7398
      vertex 92.1063 32 47.6215
      vertex 92 32 47.625
    endloop
  endfacet
  facet normal 0 1 0
    outer loop
      vertex 92.62 32 50.7094
      vertex 92.2121 32 47.6111
      vertex 92.1063 32 47.6215
    endloop
  endfacet
  facet normal 0 1 0
    outer loop
      vertex 92.9267 32 50.6587
      vertex 92.317 32 47.5938
      vertex 92.2121 32 47.6111
    endloop
  endfacet
  facet normal 0 1 0
    outer loop
      vertex 93.2294 32 50.5881
      vertex 92.4206 32 47.5696
      vertex 92.317 32 47.5938
    endloop
  endfacet
  facet normal 0 1 0
    outer loop
      vertex 93.5268 32 50.4979
      vertex 92.5223 32 47.5388
      vertex 92.4206 32 47.5696
    endloop
  endfacet
  facet normal 0 1 0
    outer loop
      vertex 93.5013 32 46.6219
      vertex 96.3884 32 47.8177
      vertex 96.4979 32 47.5268
    endloop
  endfacet
  facet normal 0 1 0
    outer loop
      vertex 93.8177 32 50.3884
      vertex 92.6219 32 47.5013
      vertex 92.5223 32 47.5388
    endloop
  endfacet
  facet normal 0 1 0
    outer loop
      vertex 94.1009 32 50.2601
      vertex 92.7187 32 47.4574
      vertex 92.6219 32 47.5013
    endloop
  endfacet
  facet normal 0 1 0
    outer loop
      vertex 94.375 32 50.1136
      vertex 92.8125 32 47.4073
      vertex 92.7187 32 47.4574
    endloop
  endfacet
  facet normal 0 1 0
    outer loop
      vertex 94.639 32 49.9495
      vertex 92.9028 32 47.3511
      vertex 92.8125 32 47.4073
    endloop
  endfacet
  facet normal 0 1 0
    outer loop
      vertex 94.8916 32 49.7684
      vertex 92.9892 32 47.2892
      vertex 92.9028 32 47.3511
    endloop
  endfacet
  facet normal 0 1 0
    outer loop
      vertex 93.5388 32 46.5223
      vertex 96.4979 32 47.5268
      vertex 96.5882 32 47.2294
    endloop
  endfacet
  facet normal 0 1 0
    outer loop
      vertex 95.1319 32 49.5712
      vertex 93.0714 32 47.2217
      vertex 92.9892 32 47.2892
    endloop
  endfacet
  facet normal 0 1 0
    outer loop
      vertex 95.3588 32 49.3588
      vertex 93.149 32 47.149
      vertex 93.0714 32 47.2217
    endloop
  endfacet
  facet normal 0 1 0
    outer loop
      vertex 95.5712 32 49.1319
      vertex 93.2217 32 47.0714
      vertex 93.149 32 47.149
    endloop
  endfacet
  facet normal 0 1 0
    outer loop
      vertex 95.7684 32 48.8916
      vertex 93.2892 32 46.9892
      vertex 93.2217 32 47.0714
    endloop
  endfacet
  facet normal 0 1 0
    outer loop
      vertex 93.5696 32 46.4206
      vertex 96.5882 32 47.2294
      vertex 96.6587 32 46.9267
    endloop
  endfacet
  facet normal 0 1 0
    outer loop
      vertex 95.9495 32 48.639
      vertex 93.3511 32 46.9028
      vertex 93.2892 32 46.9892
    endloop
  endfacet
  facet normal 0 1 0
    outer loop
      vertex 96.1136 32 48.375
      vertex 93.4073 32 46.8125
      vertex 93.3511 32 46.9028
    endloop
  endfacet
  facet normal 0 1 0
    outer loop
      vertex 96.2601 32 48.1009
      vertex 93.4574 32 46.7187
      vertex 93.4073 32 46.8125
    endloop
  endfacet
  facet normal 0 1 0
    outer loop
      vertex 96.3884 32 47.8177
      vertex 93.5013 32 46.6219
      vertex 93.4574 32 46.7187
    endloop
  endfacet
  facet normal 0 1 0
    outer loop
      vertex 93.5938 32 46.317
      vertex 96.6587 32 46.9267
      vertex 96.7094 32 46.62
    endloop
  endfacet
  facet normal 0 1 0
    outer loop
      vertex 96.4979 32 47.5268
      vertex 93.5388 32 46.5223
      vertex 93.5013 32 46.6219
    endloop
  endfacet
  facet normal 0 1 0
    outer loop
      vertex 96.5882 32 47.2294
      vertex 93.5696 32 46.4206
      vertex 93.5388 32 46.5223
    endloop
  endfacet
  facet normal 0 1 0
    outer loop
      vertex 96.6587 32 46.9267
      vertex 93.5938 32 46.317
      vertex 93.5696 32 46.4206
    endloop
  endfacet
  facet normal 0 1 0
    outer loop
      vertex 93.6111 32 46.2121
      vertex 96.7094 32 46.62
      vertex 96.7398 32 46.3107
    endloop
  endfacet
  facet normal 0 1 0
    outer loop
      vertex 96.7094 32 46.62
      vertex 93.6111 32 46.2121
      vertex 93.5938 32 46.317
    endloop
  endfacet
  facet normal 0 1 0
    outer loop
      vertex 96.7398 32 46.3107
      vertex 93.6215 32 46.1063
      vertex 93.6111 32 46.2121
    endloop
  endfacet
  facet normal 0 1 0
    outer loop
      vertex 96.75 32 46
      vertex 93.6215 32 46.1063
      vertex 96.7398 32 46.3107
    endloop
  endfacet
  facet normal 0 1 0
    outer loop
      vertex 96.75 32 46
      vertex 93.625 32 46
      vertex 93.6215 32 46.1063
    endloop
  endfacet
  facet normal 0 1 0
    outer loop
      vertex 96.75 32 46
      vertex 93.6215 32 45.8937
      vertex 93.625 32 46
    endloop
  endfacet
  facet normal 0 1 -0
    outer loop
      vertex 96.7398 32 45.6893
      vertex 93.6215 32 45.8937
      vertex 96.75 32 46
    endloop
  endfacet
  facet normal 0 1 0
    outer loop
      vertex 93.6215 32 45.8937
      vertex 96.7398 32 45.6893
      vertex 93.6111 32 45.7879
    endloop
  endfacet
  facet normal 0 1 -0
    outer loop
      vertex 96.7094 32 45.38
      vertex 93.6111 32 45.7879
      vertex 96.7398 32 45.6893
    endloop
  endfacet
  facet normal 0 1 0
    outer loop
      vertex 93.6111 32 45.7879
      vertex 96.7094 32 45.38
      vertex 93.5938 32 45.683
    endloop
  endfacet
  facet normal 0 1 -0
    outer loop
      vertex 96.6587 32 45.0733
      vertex 93.5938 32 45.683
      vertex 96.7094 32 45.38
    endloop
  endfacet
  facet normal 0 1 0
    outer loop
      vertex 93.5938 32 45.683
      vertex 96.6587 32 45.0733
      vertex 93.5696 32 45.5794
    endloop
  endfacet
  facet normal 0 1 -0
    outer loop
      vertex 96.5882 32 44.7706
      vertex 93.5696 32 45.5794
      vertex 96.6587 32 45.0733
    endloop
  endfacet
  facet normal 0 1 0
    outer loop
      vertex 93.5696 32 45.5794
      vertex 96.5882 32 44.7706
      vertex 93.5388 32 45.4777
    endloop
  endfacet
  facet normal 0 1 -0
    outer loop
      vertex 96.4979 32 44.4732
      vertex 93.5388 32 45.4777
      vertex 96.5882 32 44.7706
    endloop
  endfacet
  facet normal 0 1 0
    outer loop
      vertex 93.5388 32 45.4777
      vertex 96.4979 32 44.4732
      vertex 93.5013 32 45.3781
    endloop
  endfacet
  facet normal 0 1 -0
    outer loop
      vertex 96.3884 32 44.1823
      vertex 93.5013 32 45.3781
      vertex 96.4979 32 44.4732
    endloop
  endfacet
  facet normal 0 1 0
    outer loop
      vertex 93.5013 32 45.3781
      vertex 96.3884 32 44.1823
      vertex 93.4574 32 45.2813
    endloop
  endfacet
  facet normal 0 1 -0
    outer loop
      vertex 96.2601 32 43.8991
      vertex 93.4574 32 45.2813
      vertex 96.3884 32 44.1823
    endloop
  endfacet
  facet normal 0 1 0
    outer loop
      vertex 93.4574 32 45.2813
      vertex 96.2601 32 43.8991
      vertex 93.4073 32 45.1875
    endloop
  endfacet
  facet normal 0 1 -0
    outer loop
      vertex 96.1136 32 43.625
      vertex 93.4073 32 45.1875
      vertex 96.2601 32 43.8991
    endloop
  endfacet
  facet normal 0 1 0
    outer loop
      vertex 93.4073 32 45.1875
      vertex 96.1136 32 43.625
      vertex 93.3511 32 45.0972
    endloop
  endfacet
  facet normal 0 1 -0
    outer loop
      vertex 95.9495 32 43.361
      vertex 93.3511 32 45.0972
      vertex 96.1136 32 43.625
    endloop
  endfacet
  facet normal 0 1 0
    outer loop
      vertex 93.3511 32 45.0972
      vertex 95.9495 32 43.361
      vertex 93.2892 32 45.0108
    endloop
  endfacet
  facet normal 0 1 -0
    outer loop
      vertex 95.7684 32 43.1084
      vertex 93.2892 32 45.0108
      vertex 95.9495 32 43.361
    endloop
  endfacet
  facet normal 0 1 0
    outer loop
      vertex 93.2892 32 45.0108
      vertex 95.7684 32 43.1084
      vertex 93.2217 32 44.9286
    endloop
  endfacet
  facet normal 0 1 -0
    outer loop
      vertex 95.5712 32 42.8681
      vertex 93.2217 32 44.9286
      vertex 95.7684 32 43.1084
    endloop
  endfacet
  facet normal 0 1 0
    outer loop
      vertex 93.2217 32 44.9286
      vertex 95.5712 32 42.8681
      vertex 93.149 32 44.851
    endloop
  endfacet
  facet normal 0 1 -0
    outer loop
      vertex 95.3588 32 42.6412
      vertex 93.149 32 44.851
      vertex 95.5712 32 42.8681
    endloop
  endfacet
  facet normal 0 1 0
    outer loop
      vertex 93.149 32 44.851
      vertex 95.3588 32 42.6412
      vertex 93.0714 32 44.7783
    endloop
  endfacet
  facet normal 0 1 -0
    outer loop
      vertex 95.1319 32 42.4288
      vertex 93.0714 32 44.7783
      vertex 95.3588 32 42.6412
    endloop
  endfacet
  facet normal 0 1 0
    outer loop
      vertex 93.0714 32 44.7783
      vertex 95.1319 32 42.4288
      vertex 92.9892 32 44.7108
    endloop
  endfacet
  facet normal 0 1 -0
    outer loop
      vertex 94.8916 32 42.2316
      vertex 92.9892 32 44.7108
      vertex 95.1319 32 42.4288
    endloop
  endfacet
  facet normal 0 1 0
    outer loop
      vertex 92.9892 32 44.7108
      vertex 94.8916 32 42.2316
      vertex 92.9028 32 44.6489
    endloop
  endfacet
  facet normal 0 1 -0
    outer loop
      vertex 94.639 32 42.0505
      vertex 92.9028 32 44.6489
      vertex 94.8916 32 42.2316
    endloop
  endfacet
  facet normal 0 1 0
    outer loop
      vertex 89.361 32 49.9495
      vertex 91.0972 32 47.3511
      vertex 89.1084 32 49.7684
    endloop
  endfacet
  facet normal 0 1 -0
    outer loop
      vertex 91.0108 32 47.2892
      vertex 89.1084 32 49.7684
      vertex 91.0972 32 47.3511
    endloop
  endfacet
  facet normal 0 1 0
    outer loop
      vertex 89.1084 32 49.7684
      vertex 91.0108 32 47.2892
      vertex 88.8681 32 49.5712
    endloop
  endfacet
  facet normal 0 1 -0
    outer loop
      vertex 90.9286 32 47.2217
      vertex 88.8681 32 49.5712
      vertex 91.0108 32 47.2892
    endloop
  endfacet
  facet normal 0 1 0
    outer loop
      vertex 88.8681 32 49.5712
      vertex 90.9286 32 47.2217
      vertex 88.6412 32 49.3588
    endloop
  endfacet
  facet normal 0 1 -0
    outer loop
      vertex 90.851 32 47.149
      vertex 88.6412 32 49.3588
      vertex 90.9286 32 47.2217
    endloop
  endfacet
  facet normal 0 1 0
    outer loop
      vertex 88.6412 32 49.3588
      vertex 90.851 32 47.149
      vertex 88.4288 32 49.1319
    endloop
  endfacet
  facet normal 0 1 -0
    outer loop
      vertex 90.7783 32 47.0714
      vertex 88.4288 32 49.1319
      vertex 90.851 32 47.149
    endloop
  endfacet
  facet normal 0 1 0
    outer loop
      vertex 88.4288 32 49.1319
      vertex 90.7783 32 47.0714
      vertex 88.2316 32 48.8916
    endloop
  endfacet
  facet normal 0 1 -0
    outer loop
      vertex 90.7108 32 46.9892
      vertex 88.2316 32 48.8916
      vertex 90.7783 32 47.0714
    endloop
  endfacet
  facet normal 0 1 0
    outer loop
      vertex 88.2316 32 48.8916
      vertex 90.7108 32 46.9892
      vertex 88.0505 32 48.639
    endloop
  endfacet
  facet normal 0 1 -0
    outer loop
      vertex 90.6489 32 46.9028
      vertex 88.0505 32 48.639
      vertex 90.7108 32 46.9892
    endloop
  endfacet
  facet normal 0 1 0
    outer loop
      vertex 88.0505 32 48.639
      vertex 90.6489 32 46.9028
      vertex 87.8864 32 48.375
    endloop
  endfacet
  facet normal 0 1 -0
    outer loop
      vertex 90.5927 32 46.8125
      vertex 87.8864 32 48.375
      vertex 90.6489 32 46.9028
    endloop
  endfacet
  facet normal 0 1 0
    outer loop
      vertex 87.8864 32 48.375
      vertex 90.5927 32 46.8125
      vertex 87.7399 32 48.1009
    endloop
  endfacet
  facet normal 0 1 -0
    outer loop
      vertex 90.5426 32 46.7187
      vertex 87.7399 32 48.1009
      vertex 90.5927 32 46.8125
    endloop
  endfacet
  facet normal 0 1 0
    outer loop
      vertex 87.7399 32 48.1009
      vertex 90.5426 32 46.7187
      vertex 87.6116 32 47.8177
    endloop
  endfacet
  facet normal 0 1 -0
    outer loop
      vertex 90.4987 32 46.6219
      vertex 87.6116 32 47.8177
      vertex 90.5426 32 46.7187
    endloop
  endfacet
  facet normal 0 1 0
    outer loop
      vertex 87.6116 32 47.8177
      vertex 90.4987 32 46.6219
      vertex 87.5021 32 47.5268
    endloop
  endfacet
  facet normal 0 1 -0
    outer loop
      vertex 90.4612 32 46.5223
      vertex 87.5021 32 47.5268
      vertex 90.4987 32 46.6219
    endloop
  endfacet
  facet normal 0 1 0
    outer loop
      vertex 87.5021 32 47.5268
      vertex 90.4612 32 46.5223
      vertex 87.4118 32 47.2294
    endloop
  endfacet
  facet normal 0 1 -0
    outer loop
      vertex 90.4304 32 46.4206
      vertex 87.4118 32 47.2294
      vertex 90.4612 32 46.5223
    endloop
  endfacet
  facet normal 0 1 0
    outer loop
      vertex 87.4118 32 47.2294
      vertex 90.4304 32 46.4206
      vertex 87.3413 32 46.9267
    endloop
  endfacet
  facet normal 0 1 -0
    outer loop
      vertex 90.4062 32 46.317
      vertex 87.3413 32 46.9267
      vertex 90.4304 32 46.4206
    endloop
  endfacet
  facet normal 0 1 0
    outer loop
      vertex 87.3413 32 46.9267
      vertex 90.4062 32 46.317
      vertex 87.2906 32 46.62
    endloop
  endfacet
  facet normal 0 1 -0
    outer loop
      vertex 90.3889 32 46.2121
      vertex 87.2906 32 46.62
      vertex 90.4062 32 46.317
    endloop
  endfacet
  facet normal 0 1 0
    outer loop
      vertex 87.2906 32 46.62
      vertex 90.3889 32 46.2121
      vertex 87.2602 32 46.3107
    endloop
  endfacet
  facet normal 0 1 -0
    outer loop
      vertex 90.3785 32 46.1063
      vertex 87.2602 32 46.3107
      vertex 90.3889 32 46.2121
    endloop
  endfacet
  facet normal 0 1 -0
    outer loop
      vertex 90.375 32 46
      vertex 87.2602 32 46.3107
      vertex 90.3785 32 46.1063
    endloop
  endfacet
  facet normal 0 1 0
    outer loop
      vertex 90.375 32 46
      vertex 87.25 32 46
      vertex 87.2602 32 46.3107
    endloop
  endfacet
  facet normal 0 1 0
    outer loop
      vertex 90.3785 32 45.8937
      vertex 87.25 32 46
      vertex 90.375 32 46
    endloop
  endfacet
  facet normal 0 1 0
    outer loop
      vertex 87.2602 32 45.6893
      vertex 90.3785 32 45.8937
      vertex 90.3889 32 45.7879
    endloop
  endfacet
  facet normal 0 1 0
    outer loop
      vertex 90.3785 32 45.8937
      vertex 87.2602 32 45.6893
      vertex 87.25 32 46
    endloop
  endfacet
  facet normal 0 1 0
    outer loop
      vertex 87.2906 32 45.38
      vertex 90.3889 32 45.7879
      vertex 90.4062 32 45.683
    endloop
  endfacet
  facet normal 0 1 0
    outer loop
      vertex 87.3413 32 45.0733
      vertex 90.4062 32 45.683
      vertex 90.4304 32 45.5794
    endloop
  endfacet
  facet normal 0 1 0
    outer loop
      vertex 87.4118 32 44.7706
      vertex 90.4304 32 45.5794
      vertex 90.4612 32 45.4777
    endloop
  endfacet
  facet normal 0 1 0
    outer loop
      vertex 90.3889 32 45.7879
      vertex 87.2906 32 45.38
      vertex 87.2602 32 45.6893
    endloop
  endfacet
  facet normal 0 1 0
    outer loop
      vertex 87.5021 32 44.4732
      vertex 90.4612 32 45.4777
      vertex 90.4987 32 45.3781
    endloop
  endfacet
  facet normal 0 1 0
    outer loop
      vertex 87.6116 32 44.1823
      vertex 90.4987 32 45.3781
      vertex 90.5426 32 45.2813
    endloop
  endfacet
  facet normal 0 1 0
    outer loop
      vertex 87.7399 32 43.8991
      vertex 90.5426 32 45.2813
      vertex 90.5927 32 45.1875
    endloop
  endfacet
  facet normal 0 1 0
    outer loop
      vertex 87.8864 32 43.625
      vertex 90.5927 32 45.1875
      vertex 90.6489 32 45.0972
    endloop
  endfacet
  facet normal 0 1 0
    outer loop
      vertex 90.4062 32 45.683
      vertex 87.3413 32 45.0733
      vertex 87.2906 32 45.38
    endloop
  endfacet
  facet normal 0 1 0
    outer loop
      vertex 88.0505 32 43.361
      vertex 90.6489 32 45.0972
      vertex 90.7108 32 45.0108
    endloop
  endfacet
  facet normal 0 1 0
    outer loop
      vertex 88.2316 32 43.1084
      vertex 90.7108 32 45.0108
      vertex 90.7783 32 44.9286
    endloop
  endfacet
  facet normal 0 1 0
    outer loop
      vertex 88.4288 32 42.8681
      vertex 90.7783 32 44.9286
      vertex 90.851 32 44.851
    endloop
  endfacet
  facet normal 0 1 0
    outer loop
      vertex 88.6412 32 42.6412
      vertex 90.851 32 44.851
      vertex 90.9286 32 44.7783
    endloop
  endfacet
  facet normal 0 1 0
    outer loop
      vertex 90.4304 32 45.5794
      vertex 87.4118 32 44.7706
      vertex 87.3413 32 45.0733
    endloop
  endfacet
  facet normal 0 1 0
    outer loop
      vertex 88.8681 32 42.4288
      vertex 90.9286 32 44.7783
      vertex 91.0108 32 44.7108
    endloop
  endfacet
  facet normal 0 1 0
    outer loop
      vertex 89.1084 32 42.2316
      vertex 91.0108 32 44.7108
      vertex 91.0972 32 44.6489
    endloop
  endfacet
  facet normal 0 1 0
    outer loop
      vertex 89.361 32 42.0505
      vertex 91.0972 32 44.6489
      vertex 91.1875 32 44.5927
    endloop
  endfacet
  facet normal 0 1 0
    outer loop
      vertex 89.625 32 41.8864
      vertex 91.1875 32 44.5927
      vertex 91.2813 32 44.5426
    endloop
  endfacet
  facet normal 0 1 0
    outer loop
      vertex 89.8991 32 41.7399
      vertex 91.2813 32 44.5426
      vertex 91.3781 32 44.4987
    endloop
  endfacet
  facet normal 0 1 0
    outer loop
      vertex 90.4612 32 45.4777
      vertex 87.5021 32 44.4732
      vertex 87.4118 32 44.7706
    endloop
  endfacet
  facet normal 0 1 0
    outer loop
      vertex 90.1823 32 41.6116
      vertex 91.3781 32 44.4987
      vertex 91.4777 32 44.4612
    endloop
  endfacet
  facet normal 0 1 0
    outer loop
      vertex 90.4732 32 41.5021
      vertex 91.4777 32 44.4612
      vertex 91.5794 32 44.4304
    endloop
  endfacet
  facet normal 0 1 0
    outer loop
      vertex 90.7706 32 41.4119
      vertex 91.5794 32 44.4304
      vertex 91.683 32 44.4062
    endloop
  endfacet
  facet normal 0 1 0
    outer loop
      vertex 91.0733 32 41.3413
      vertex 91.683 32 44.4062
      vertex 91.7879 32 44.3889
    endloop
  endfacet
  facet normal 0 1 0
    outer loop
      vertex 91.38 32 41.2906
      vertex 91.7879 32 44.3889
      vertex 91.8937 32 44.3785
    endloop
  endfacet
  facet normal 0 1 0
    outer loop
      vertex 91.6893 32 41.2602
      vertex 91.8937 32 44.3785
      vertex 92 32 44.375
    endloop
  endfacet
  facet normal 0 1 0
    outer loop
      vertex 92.9028 32 44.6489
      vertex 94.639 32 42.0505
      vertex 92.8125 32 44.5927
    endloop
  endfacet
  facet normal 0 1 0
    outer loop
      vertex 90.4987 32 45.3781
      vertex 87.6116 32 44.1823
      vertex 87.5021 32 44.4732
    endloop
  endfacet
  facet normal 0 1 -0
    outer loop
      vertex 94.375 32 41.8864
      vertex 92.8125 32 44.5927
      vertex 94.639 32 42.0505
    endloop
  endfacet
  facet normal 0 1 0
    outer loop
      vertex 90.5426 32 45.2813
      vertex 87.7399 32 43.8991
      vertex 87.6116 32 44.1823
    endloop
  endfacet
  facet normal 0 1 0
    outer loop
      vertex 92.8125 32 44.5927
      vertex 94.375 32 41.8864
      vertex 92.7187 32 44.5426
    endloop
  endfacet
  facet normal 0 1 0
    outer loop
      vertex 90.5927 32 45.1875
      vertex 87.8864 32 43.625
      vertex 87.7399 32 43.8991
    endloop
  endfacet
  facet normal 0 1 -0
    outer loop
      vertex 94.1009 32 41.7399
      vertex 92.7187 32 44.5426
      vertex 94.375 32 41.8864
    endloop
  endfacet
  facet normal 0 1 0
    outer loop
      vertex 90.6489 32 45.0972
      vertex 88.0505 32 43.361
      vertex 87.8864 32 43.625
    endloop
  endfacet
  facet normal 0 1 0
    outer loop
      vertex 92.7187 32 44.5426
      vertex 94.1009 32 41.7399
      vertex 92.6219 32 44.4987
    endloop
  endfacet
  facet normal 0 1 0
    outer loop
      vertex 90.7108 32 45.0108
      vertex 88.2316 32 43.1084
      vertex 88.0505 32 43.361
    endloop
  endfacet
  facet normal 0 1 -0
    outer loop
      vertex 93.8177 32 41.6116
      vertex 92.6219 32 44.4987
      vertex 94.1009 32 41.7399
    endloop
  endfacet
  facet normal 0 1 0
    outer loop
      vertex 90.7783 32 44.9286
      vertex 88.4288 32 42.8681
      vertex 88.2316 32 43.1084
    endloop
  endfacet
  facet normal 0 1 0
    outer loop
      vertex 92.6219 32 44.4987
      vertex 93.8177 32 41.6116
      vertex 92.5223 32 44.4612
    endloop
  endfacet
  facet normal 0 1 0
    outer loop
      vertex 90.851 32 44.851
      vertex 88.6412 32 42.6412
      vertex 88.4288 32 42.8681
    endloop
  endfacet
  facet normal 0 1 -0
    outer loop
      vertex 93.5268 32 41.5021
      vertex 92.5223 32 44.4612
      vertex 93.8177 32 41.6116
    endloop
  endfacet
  facet normal 0 1 0
    outer loop
      vertex 90.9286 32 44.7783
      vertex 88.8681 32 42.4288
      vertex 88.6412 32 42.6412
    endloop
  endfacet
  facet normal 0 1 0
    outer loop
      vertex 92.5223 32 44.4612
      vertex 93.5268 32 41.5021
      vertex 92.4206 32 44.4304
    endloop
  endfacet
  facet normal 0 1 0
    outer loop
      vertex 91.0108 32 44.7108
      vertex 89.1084 32 42.2316
      vertex 88.8681 32 42.4288
    endloop
  endfacet
  facet normal 0 1 -0
    outer loop
      vertex 93.2294 32 41.4119
      vertex 92.4206 32 44.4304
      vertex 93.5268 32 41.5021
    endloop
  endfacet
  facet normal 0 1 0
    outer loop
      vertex 91.0972 32 44.6489
      vertex 89.361 32 42.0505
      vertex 89.1084 32 42.2316
    endloop
  endfacet
  facet normal 0 1 0
    outer loop
      vertex 92.4206 32 44.4304
      vertex 93.2294 32 41.4119
      vertex 92.317 32 44.4062
    endloop
  endfacet
  facet normal 0 1 0
    outer loop
      vertex 91.1875 32 44.5927
      vertex 89.625 32 41.8864
      vertex 89.361 32 42.0505
    endloop
  endfacet
  facet normal 0 1 -0
    outer loop
      vertex 92.9267 32 41.3413
      vertex 92.317 32 44.4062
      vertex 93.2294 32 41.4119
    endloop
  endfacet
  facet normal 0 1 0
    outer loop
      vertex 91.2813 32 44.5426
      vertex 89.8991 32 41.7399
      vertex 89.625 32 41.8864
    endloop
  endfacet
  facet normal 0 1 0
    outer loop
      vertex 92.317 32 44.4062
      vertex 92.9267 32 41.3413
      vertex 92.2121 32 44.3889
    endloop
  endfacet
  facet normal 0 1 0
    outer loop
      vertex 91.3781 32 44.4987
      vertex 90.1823 32 41.6116
      vertex 89.8991 32 41.7399
    endloop
  endfacet
  facet normal 0 1 -0
    outer loop
      vertex 92.62 32 41.2906
      vertex 92.2121 32 44.3889
      vertex 92.9267 32 41.3413
    endloop
  endfacet
  facet normal 0 1 0
    outer loop
      vertex 91.4777 32 44.4612
      vertex 90.4732 32 41.5021
      vertex 90.1823 32 41.6116
    endloop
  endfacet
  facet normal 0 1 0
    outer loop
      vertex 92.2121 32 44.3889
      vertex 92.62 32 41.2906
      vertex 92.1063 32 44.3785
    endloop
  endfacet
  facet normal 0 1 0
    outer loop
      vertex 91.5794 32 44.4304
      vertex 90.7706 32 41.4119
      vertex 90.4732 32 41.5021
    endloop
  endfacet
  facet normal 0 1 -0
    outer loop
      vertex 92.3107 32 41.2602
      vertex 92.1063 32 44.3785
      vertex 92.62 32 41.2906
    endloop
  endfacet
  facet normal 0 1 0
    outer loop
      vertex 91.683 32 44.4062
      vertex 91.0733 32 41.3413
      vertex 90.7706 32 41.4119
    endloop
  endfacet
  facet normal 0 1 0
    outer loop
      vertex 92.1063 32 44.3785
      vertex 92.3107 32 41.2602
      vertex 92 32 44.375
    endloop
  endfacet
  facet normal 0 1 0
    outer loop
      vertex 91.7879 32 44.3889
      vertex 91.38 32 41.2906
      vertex 91.0733 32 41.3413
    endloop
  endfacet
  facet normal 0 1 0
    outer loop
      vertex 92 32 41.25
      vertex 92 32 44.375
      vertex 92.3107 32 41.2602
    endloop
  endfacet
  facet normal 0 1 0
    outer loop
      vertex 91.8937 32 44.3785
      vertex 91.6893 32 41.2602
      vertex 91.38 32 41.2906
    endloop
  endfacet
  facet normal 0 1 0
    outer loop
      vertex 92 32 44.375
      vertex 92 32 41.25
      vertex 91.6893 32 41.2602
    endloop
  endfacet
  facet normal 0.956865 -0 0.290534
    outer loop
      vertex 96.4979 12 47.5268
      vertex 96.5882 32 47.2294
      vertex 96.4979 32 47.5268
    endloop
  endfacet
  facet normal 0.956865 0 0.290534
    outer loop
      vertex 96.5882 32 47.2294
      vertex 96.4979 12 47.5268
      vertex 96.5882 12 47.2294
    endloop
  endfacet
  facet normal 0.81271 -0 0.582668
    outer loop
      vertex 95.7684 12 48.8916
      vertex 95.9495 32 48.639
      vertex 95.7684 32 48.8916
    endloop
  endfacet
  facet normal 0.81271 0 0.582668
    outer loop
      vertex 95.9495 32 48.639
      vertex 95.7684 12 48.8916
      vertex 95.9495 12 48.639
    endloop
  endfacet
  facet normal 0.773025 -0 0.634376
    outer loop
      vertex 95.5712 12 49.1319
      vertex 95.7684 32 48.8916
      vertex 95.5712 32 49.1319
    endloop
  endfacet
  facet normal 0.773025 0 0.634376
    outer loop
      vertex 95.7684 32 48.8916
      vertex 95.5712 12 49.1319
      vertex 95.7684 12 48.8916
    endloop
  endfacet
  facet normal 0.849297 -0 0.527915
    outer loop
      vertex 95.9495 12 48.639
      vertex 96.1136 32 48.375
      vertex 95.9495 32 48.639
    endloop
  endfacet
  facet normal 0.849297 0 0.527915
    outer loop
      vertex 96.1136 32 48.375
      vertex 95.9495 12 48.639
      vertex 96.1136 12 48.375
    endloop
  endfacet
  facet normal 0.881934 -0 0.471373
    outer loop
      vertex 96.1136 12 48.375
      vertex 96.2601 32 48.1009
      vertex 96.1136 32 48.375
    endloop
  endfacet
  facet normal 0.881934 0 0.471373
    outer loop
      vertex 96.2601 32 48.1009
      vertex 96.1136 12 48.375
      vertex 96.2601 12 48.1009
    endloop
  endfacet
  facet normal 0.352287 0 0.935892
    outer loop
      vertex 93.5268 32 50.4979
      vertex 93.8177 12 50.3884
      vertex 93.8177 32 50.3884
    endloop
  endfacet
  facet normal 0.352287 0 0.935892
    outer loop
      vertex 93.8177 12 50.3884
      vertex 93.5268 32 50.4979
      vertex 93.5268 12 50.4979
    endloop
  endfacet
  facet normal 0.0978151 0 0.995205
    outer loop
      vertex 92.3107 32 50.7398
      vertex 92.62 12 50.7094
      vertex 92.62 32 50.7094
    endloop
  endfacet
  facet normal 0.0978151 0 0.995205
    outer loop
      vertex 92.62 12 50.7094
      vertex 92.3107 32 50.7398
      vertex 92.3107 12 50.7398
    endloop
  endfacet
  facet normal 0.527915 0 0.849297
    outer loop
      vertex 94.375 32 50.1136
      vertex 94.639 12 49.9495
      vertex 94.639 32 49.9495
    endloop
  endfacet
  facet normal 0.527915 0 0.849297
    outer loop
      vertex 94.639 12 49.9495
      vertex 94.375 32 50.1136
      vertex 94.375 12 50.1136
    endloop
  endfacet
  facet normal 0.471373 0 0.881934
    outer loop
      vertex 94.1009 32 50.2601
      vertex 94.375 12 50.1136
      vertex 94.375 32 50.1136
    endloop
  endfacet
  facet normal 0.471373 0 0.881934
    outer loop
      vertex 94.375 12 50.1136
      vertex 94.1009 32 50.2601
      vertex 94.1009 12 50.2601
    endloop
  endfacet
  facet normal 0.582668 0 0.81271
    outer loop
      vertex 94.639 32 49.9495
      vertex 94.8916 12 49.7684
      vertex 94.8916 32 49.7684
    endloop
  endfacet
  facet normal 0.582668 0 0.81271
    outer loop
      vertex 94.8916 12 49.7684
      vertex 94.639 32 49.9495
      vertex 94.639 12 49.9495
    endloop
  endfacet
  facet normal 0.634376 0 0.773025
    outer loop
      vertex 94.8916 32 49.7684
      vertex 95.1319 12 49.5712
      vertex 95.1319 32 49.5712
    endloop
  endfacet
  facet normal 0.634376 0 0.773025
    outer loop
      vertex 95.1319 12 49.5712
      vertex 94.8916 32 49.7684
      vertex 94.8916 12 49.7684
    endloop
  endfacet
  facet normal -0.935892 0 0.352287
    outer loop
      vertex 87.5021 12 47.5268
      vertex 87.6116 32 47.8177
      vertex 87.5021 32 47.5268
    endloop
  endfacet
  facet normal -0.935892 0 0.352287
    outer loop
      vertex 87.6116 32 47.8177
      vertex 87.5021 12 47.5268
      vertex 87.6116 12 47.8177
    endloop
  endfacet
  facet normal -0.995205 0 0.0978151
    outer loop
      vertex 87.2602 12 46.3107
      vertex 87.2906 32 46.62
      vertex 87.2602 32 46.3107
    endloop
  endfacet
  facet normal -0.995205 0 0.0978151
    outer loop
      vertex 87.2906 32 46.62
      vertex 87.2602 12 46.3107
      vertex 87.2906 12 46.62
    endloop
  endfacet
  facet normal 0 -1 0
    outer loop
      vertex 92 12 47.625
      vertex 92 12 50.75
      vertex 91.6893 12 50.7398
    endloop
  endfacet
  facet normal 0 -1 0
    outer loop
      vertex 91.8937 12 47.6215
      vertex 91.6893 12 50.7398
      vertex 91.38 12 50.7094
    endloop
  endfacet
  facet normal 0 -1 0
    outer loop
      vertex 92 12 50.75
      vertex 92 12 47.625
      vertex 92.3107 12 50.7398
    endloop
  endfacet
  facet normal 0 -1 0
    outer loop
      vertex 91.7879 12 47.6111
      vertex 91.38 12 50.7094
      vertex 91.0733 12 50.6587
    endloop
  endfacet
  facet normal 0 -1 0
    outer loop
      vertex 92.1063 12 47.6215
      vertex 92.3107 12 50.7398
      vertex 92 12 47.625
    endloop
  endfacet
  facet normal 0 -1 0
    outer loop
      vertex 91.683 12 47.5938
      vertex 91.0733 12 50.6587
      vertex 90.7706 12 50.5881
    endloop
  endfacet
  facet normal 0 -1 -0
    outer loop
      vertex 92.3107 12 50.7398
      vertex 92.1063 12 47.6215
      vertex 92.62 12 50.7094
    endloop
  endfacet
  facet normal 0 -1 0
    outer loop
      vertex 91.5794 12 47.5696
      vertex 90.7706 12 50.5881
      vertex 90.4732 12 50.4979
    endloop
  endfacet
  facet normal 0 -1 0
    outer loop
      vertex 92.2121 12 47.6111
      vertex 92.62 12 50.7094
      vertex 92.1063 12 47.6215
    endloop
  endfacet
  facet normal 0 -1 0
    outer loop
      vertex 91.4777 12 47.5388
      vertex 90.4732 12 50.4979
      vertex 90.1823 12 50.3884
    endloop
  endfacet
  facet normal 0 -1 -0
    outer loop
      vertex 92.62 12 50.7094
      vertex 92.2121 12 47.6111
      vertex 92.9267 12 50.6587
    endloop
  endfacet
  facet normal 0 -1 0
    outer loop
      vertex 91.3781 12 47.5013
      vertex 90.1823 12 50.3884
      vertex 89.8991 12 50.2601
    endloop
  endfacet
  facet normal 0 -1 0
    outer loop
      vertex 92.317 12 47.5938
      vertex 92.9267 12 50.6587
      vertex 92.2121 12 47.6111
    endloop
  endfacet
  facet normal 0 -1 0
    outer loop
      vertex 91.2813 12 47.4574
      vertex 89.8991 12 50.2601
      vertex 89.625 12 50.1136
    endloop
  endfacet
  facet normal 0 -1 -0
    outer loop
      vertex 92.9267 12 50.6587
      vertex 92.317 12 47.5938
      vertex 93.2294 12 50.5881
    endloop
  endfacet
  facet normal 0 -1 0
    outer loop
      vertex 91.1875 12 47.4073
      vertex 89.625 12 50.1136
      vertex 89.361 12 49.9495
    endloop
  endfacet
  facet normal 0 -1 0
    outer loop
      vertex 92.4206 12 47.5696
      vertex 93.2294 12 50.5881
      vertex 92.317 12 47.5938
    endloop
  endfacet
  facet normal 0 -1 0
    outer loop
      vertex 91.0972 12 47.3511
      vertex 89.361 12 49.9495
      vertex 89.1084 12 49.7684
    endloop
  endfacet
  facet normal 0 -1 -0
    outer loop
      vertex 93.2294 12 50.5881
      vertex 92.4206 12 47.5696
      vertex 93.5268 12 50.4979
    endloop
  endfacet
  facet normal 0 -1 0
    outer loop
      vertex 91.0108 12 47.2892
      vertex 89.1084 12 49.7684
      vertex 88.8681 12 49.5712
    endloop
  endfacet
  facet normal 0 -1 0
    outer loop
      vertex 92.5223 12 47.5388
      vertex 93.5268 12 50.4979
      vertex 92.4206 12 47.5696
    endloop
  endfacet
  facet normal 0 -1 0
    outer loop
      vertex 90.9286 12 47.2217
      vertex 88.8681 12 49.5712
      vertex 88.6412 12 49.3588
    endloop
  endfacet
  facet normal 0 -1 -0
    outer loop
      vertex 93.5268 12 50.4979
      vertex 92.5223 12 47.5388
      vertex 93.8177 12 50.3884
    endloop
  endfacet
  facet normal 0 -1 0
    outer loop
      vertex 90.851 12 47.149
      vertex 88.6412 12 49.3588
      vertex 88.4288 12 49.1319
    endloop
  endfacet
  facet normal 0 -1 0
    outer loop
      vertex 92.6219 12 47.5013
      vertex 93.8177 12 50.3884
      vertex 92.5223 12 47.5388
    endloop
  endfacet
  facet normal 0 -1 0
    outer loop
      vertex 90.7783 12 47.0714
      vertex 88.4288 12 49.1319
      vertex 88.2316 12 48.8916
    endloop
  endfacet
  facet normal 0 -1 -0
    outer loop
      vertex 93.8177 12 50.3884
      vertex 92.6219 12 47.5013
      vertex 94.1009 12 50.2601
    endloop
  endfacet
  facet normal 0 -1 0
    outer loop
      vertex 90.7108 12 46.9892
      vertex 88.2316 12 48.8916
      vertex 88.0505 12 48.639
    endloop
  endfacet
  facet normal 0 -1 0
    outer loop
      vertex 92.7187 12 47.4574
      vertex 94.1009 12 50.2601
      vertex 92.6219 12 47.5013
    endloop
  endfacet
  facet normal 0 -1 0
    outer loop
      vertex 90.6489 12 46.9028
      vertex 88.0505 12 48.639
      vertex 87.8864 12 48.375
    endloop
  endfacet
  facet normal 0 -1 -0
    outer loop
      vertex 94.1009 12 50.2601
      vertex 92.7187 12 47.4574
      vertex 94.375 12 50.1136
    endloop
  endfacet
  facet normal 0 -1 0
    outer loop
      vertex 90.5927 12 46.8125
      vertex 87.8864 12 48.375
      vertex 87.7399 12 48.1009
    endloop
  endfacet
  facet normal 0 -1 0
    outer loop
      vertex 92.8125 12 47.4073
      vertex 94.375 12 50.1136
      vertex 92.7187 12 47.4574
    endloop
  endfacet
  facet normal 0 -1 0
    outer loop
      vertex 90.5426 12 46.7187
      vertex 87.7399 12 48.1009
      vertex 87.6116 12 47.8177
    endloop
  endfacet
  facet normal 0 -1 -0
    outer loop
      vertex 94.375 12 50.1136
      vertex 92.8125 12 47.4073
      vertex 94.639 12 49.9495
    endloop
  endfacet
  facet normal 0 -1 0
    outer loop
      vertex 92.9028 12 47.3511
      vertex 94.639 12 49.9495
      vertex 92.8125 12 47.4073
    endloop
  endfacet
  facet normal 0 -1 0
    outer loop
      vertex 91.6893 12 50.7398
      vertex 91.8937 12 47.6215
      vertex 92 12 47.625
    endloop
  endfacet
  facet normal 0 -1 0
    outer loop
      vertex 91.38 12 50.7094
      vertex 91.7879 12 47.6111
      vertex 91.8937 12 47.6215
    endloop
  endfacet
  facet normal 0 -1 0
    outer loop
      vertex 91.0733 12 50.6587
      vertex 91.683 12 47.5938
      vertex 91.7879 12 47.6111
    endloop
  endfacet
  facet normal 0 -1 0
    outer loop
      vertex 90.7706 12 50.5881
      vertex 91.5794 12 47.5696
      vertex 91.683 12 47.5938
    endloop
  endfacet
  facet normal 0 -1 0
    outer loop
      vertex 90.4732 12 50.4979
      vertex 91.4777 12 47.5388
      vertex 91.5794 12 47.5696
    endloop
  endfacet
  facet normal 0 -1 0
    outer loop
      vertex 90.4987 12 46.6219
      vertex 87.6116 12 47.8177
      vertex 87.5021 12 47.5268
    endloop
  endfacet
  facet normal 0 -1 0
    outer loop
      vertex 90.1823 12 50.3884
      vertex 91.3781 12 47.5013
      vertex 91.4777 12 47.5388
    endloop
  endfacet
  facet normal 0 -1 0
    outer loop
      vertex 89.8991 12 50.2601
      vertex 91.2813 12 47.4574
      vertex 91.3781 12 47.5013
    endloop
  endfacet
  facet normal 0 -1 0
    outer loop
      vertex 89.625 12 50.1136
      vertex 91.1875 12 47.4073
      vertex 91.2813 12 47.4574
    endloop
  endfacet
  facet normal 0 -1 0
    outer loop
      vertex 89.361 12 49.9495
      vertex 91.0972 12 47.3511
      vertex 91.1875 12 47.4073
    endloop
  endfacet
  facet normal 0 -1 0
    outer loop
      vertex 89.1084 12 49.7684
      vertex 91.0108 12 47.2892
      vertex 91.0972 12 47.3511
    endloop
  endfacet
  facet normal 0 -1 0
    outer loop
      vertex 90.4612 12 46.5223
      vertex 87.5021 12 47.5268
      vertex 87.4118 12 47.2294
    endloop
  endfacet
  facet normal 0 -1 0
    outer loop
      vertex 88.8681 12 49.5712
      vertex 90.9286 12 47.2217
      vertex 91.0108 12 47.2892
    endloop
  endfacet
  facet normal 0 -1 0
    outer loop
      vertex 88.6412 12 49.3588
      vertex 90.851 12 47.149
      vertex 90.9286 12 47.2217
    endloop
  endfacet
  facet normal 0 -1 0
    outer loop
      vertex 88.4288 12 49.1319
      vertex 90.7783 12 47.0714
      vertex 90.851 12 47.149
    endloop
  endfacet
  facet normal 0 -1 0
    outer loop
      vertex 88.2316 12 48.8916
      vertex 90.7108 12 46.9892
      vertex 90.7783 12 47.0714
    endloop
  endfacet
  facet normal 0 -1 0
    outer loop
      vertex 90.4304 12 46.4206
      vertex 87.4118 12 47.2294
      vertex 87.3413 12 46.9267
    endloop
  endfacet
  facet normal 0 -1 0
    outer loop
      vertex 88.0505 12 48.639
      vertex 90.6489 12 46.9028
      vertex 90.7108 12 46.9892
    endloop
  endfacet
  facet normal 0 -1 0
    outer loop
      vertex 87.8864 12 48.375
      vertex 90.5927 12 46.8125
      vertex 90.6489 12 46.9028
    endloop
  endfacet
  facet normal 0 -1 0
    outer loop
      vertex 87.7399 12 48.1009
      vertex 90.5426 12 46.7187
      vertex 90.5927 12 46.8125
    endloop
  endfacet
  facet normal 0 -1 0
    outer loop
      vertex 87.6116 12 47.8177
      vertex 90.4987 12 46.6219
      vertex 90.5426 12 46.7187
    endloop
  endfacet
  facet normal 0 -1 0
    outer loop
      vertex 90.4062 12 46.317
      vertex 87.3413 12 46.9267
      vertex 87.2906 12 46.62
    endloop
  endfacet
  facet normal 0 -1 0
    outer loop
      vertex 87.5021 12 47.5268
      vertex 90.4612 12 46.5223
      vertex 90.4987 12 46.6219
    endloop
  endfacet
  facet normal 0 -1 0
    outer loop
      vertex 87.4118 12 47.2294
      vertex 90.4304 12 46.4206
      vertex 90.4612 12 46.5223
    endloop
  endfacet
  facet normal 0 -1 0
    outer loop
      vertex 87.3413 12 46.9267
      vertex 90.4062 12 46.317
      vertex 90.4304 12 46.4206
    endloop
  endfacet
  facet normal 0 -1 0
    outer loop
      vertex 90.3889 12 46.2121
      vertex 87.2906 12 46.62
      vertex 87.2602 12 46.3107
    endloop
  endfacet
  facet normal 0 -1 0
    outer loop
      vertex 87.2906 12 46.62
      vertex 90.3889 12 46.2121
      vertex 90.4062 12 46.317
    endloop
  endfacet
  facet normal 0 -1 0
    outer loop
      vertex 87.2602 12 46.3107
      vertex 90.3785 12 46.1063
      vertex 90.3889 12 46.2121
    endloop
  endfacet
  facet normal 0 -1 0
    outer loop
      vertex 87.25 12 46
      vertex 90.3785 12 46.1063
      vertex 87.2602 12 46.3107
    endloop
  endfacet
  facet normal 0 -1 0
    outer loop
      vertex 87.25 12 46
      vertex 90.375 12 46
      vertex 90.3785 12 46.1063
    endloop
  endfacet
  facet normal 0 -1 0
    outer loop
      vertex 87.25 12 46
      vertex 90.3785 12 45.8937
      vertex 90.375 12 46
    endloop
  endfacet
  facet normal 0 -1 0
    outer loop
      vertex 87.2602 12 45.6893
      vertex 90.3785 12 45.8937
      vertex 87.25 12 46
    endloop
  endfacet
  facet normal 0 -1 -0
    outer loop
      vertex 90.3785 12 45.8937
      vertex 87.2602 12 45.6893
      vertex 90.3889 12 45.7879
    endloop
  endfacet
  facet normal 0 -1 0
    outer loop
      vertex 87.2906 12 45.38
      vertex 90.3889 12 45.7879
      vertex 87.2602 12 45.6893
    endloop
  endfacet
  facet normal 0 -1 -0
    outer loop
      vertex 90.3889 12 45.7879
      vertex 87.2906 12 45.38
      vertex 90.4062 12 45.683
    endloop
  endfacet
  facet normal 0 -1 0
    outer loop
      vertex 87.3413 12 45.0733
      vertex 90.4062 12 45.683
      vertex 87.2906 12 45.38
    endloop
  endfacet
  facet normal 0 -1 -0
    outer loop
      vertex 90.4062 12 45.683
      vertex 87.3413 12 45.0733
      vertex 90.4304 12 45.5794
    endloop
  endfacet
  facet normal 0 -1 0
    outer loop
      vertex 87.4118 12 44.7706
      vertex 90.4304 12 45.5794
      vertex 87.3413 12 45.0733
    endloop
  endfacet
  facet normal 0 -1 -0
    outer loop
      vertex 90.4304 12 45.5794
      vertex 87.4118 12 44.7706
      vertex 90.4612 12 45.4777
    endloop
  endfacet
  facet normal 0 -1 0
    outer loop
      vertex 87.5021 12 44.4732
      vertex 90.4612 12 45.4777
      vertex 87.4118 12 44.7706
    endloop
  endfacet
  facet normal 0 -1 -0
    outer loop
      vertex 90.4612 12 45.4777
      vertex 87.5021 12 44.4732
      vertex 90.4987 12 45.3781
    endloop
  endfacet
  facet normal 0 -1 0
    outer loop
      vertex 87.6116 12 44.1823
      vertex 90.4987 12 45.3781
      vertex 87.5021 12 44.4732
    endloop
  endfacet
  facet normal 0 -1 -0
    outer loop
      vertex 90.4987 12 45.3781
      vertex 87.6116 12 44.1823
      vertex 90.5426 12 45.2813
    endloop
  endfacet
  facet normal 0 -1 0
    outer loop
      vertex 87.7399 12 43.8991
      vertex 90.5426 12 45.2813
      vertex 87.6116 12 44.1823
    endloop
  endfacet
  facet normal 0 -1 -0
    outer loop
      vertex 90.5426 12 45.2813
      vertex 87.7399 12 43.8991
      vertex 90.5927 12 45.1875
    endloop
  endfacet
  facet normal 0 -1 0
    outer loop
      vertex 87.8864 12 43.625
      vertex 90.5927 12 45.1875
      vertex 87.7399 12 43.8991
    endloop
  endfacet
  facet normal 0 -1 -0
    outer loop
      vertex 90.5927 12 45.1875
      vertex 87.8864 12 43.625
      vertex 90.6489 12 45.0972
    endloop
  endfacet
  facet normal 0 -1 0
    outer loop
      vertex 88.0505 12 43.361
      vertex 90.6489 12 45.0972
      vertex 87.8864 12 43.625
    endloop
  endfacet
  facet normal 0 -1 -0
    outer loop
      vertex 90.6489 12 45.0972
      vertex 88.0505 12 43.361
      vertex 90.7108 12 45.0108
    endloop
  endfacet
  facet normal 0 -1 0
    outer loop
      vertex 88.2316 12 43.1084
      vertex 90.7108 12 45.0108
      vertex 88.0505 12 43.361
    endloop
  endfacet
  facet normal 0 -1 -0
    outer loop
      vertex 90.7108 12 45.0108
      vertex 88.2316 12 43.1084
      vertex 90.7783 12 44.9286
    endloop
  endfacet
  facet normal 0 -1 0
    outer loop
      vertex 88.4288 12 42.8681
      vertex 90.7783 12 44.9286
      vertex 88.2316 12 43.1084
    endloop
  endfacet
  facet normal 0 -1 -0
    outer loop
      vertex 90.7783 12 44.9286
      vertex 88.4288 12 42.8681
      vertex 90.851 12 44.851
    endloop
  endfacet
  facet normal 0 -1 0
    outer loop
      vertex 88.6412 12 42.6412
      vertex 90.851 12 44.851
      vertex 88.4288 12 42.8681
    endloop
  endfacet
  facet normal 0 -1 -0
    outer loop
      vertex 90.851 12 44.851
      vertex 88.6412 12 42.6412
      vertex 90.9286 12 44.7783
    endloop
  endfacet
  facet normal 0 -1 0
    outer loop
      vertex 88.8681 12 42.4288
      vertex 90.9286 12 44.7783
      vertex 88.6412 12 42.6412
    endloop
  endfacet
  facet normal 0 -1 -0
    outer loop
      vertex 90.9286 12 44.7783
      vertex 88.8681 12 42.4288
      vertex 91.0108 12 44.7108
    endloop
  endfacet
  facet normal 0 -1 0
    outer loop
      vertex 89.1084 12 42.2316
      vertex 91.0108 12 44.7108
      vertex 88.8681 12 42.4288
    endloop
  endfacet
  facet normal 0 -1 -0
    outer loop
      vertex 91.0108 12 44.7108
      vertex 89.1084 12 42.2316
      vertex 91.0972 12 44.6489
    endloop
  endfacet
  facet normal 0 -1 0
    outer loop
      vertex 89.361 12 42.0505
      vertex 91.0972 12 44.6489
      vertex 89.1084 12 42.2316
    endloop
  endfacet
  facet normal 0 -1 -0
    outer loop
      vertex 94.639 12 49.9495
      vertex 92.9028 12 47.3511
      vertex 94.8916 12 49.7684
    endloop
  endfacet
  facet normal 0 -1 0
    outer loop
      vertex 92.9892 12 47.2892
      vertex 94.8916 12 49.7684
      vertex 92.9028 12 47.3511
    endloop
  endfacet
  facet normal 0 -1 -0
    outer loop
      vertex 94.8916 12 49.7684
      vertex 92.9892 12 47.2892
      vertex 95.1319 12 49.5712
    endloop
  endfacet
  facet normal 0 -1 0
    outer loop
      vertex 93.0714 12 47.2217
      vertex 95.1319 12 49.5712
      vertex 92.9892 12 47.2892
    endloop
  endfacet
  facet normal 0 -1 -0
    outer loop
      vertex 95.1319 12 49.5712
      vertex 93.0714 12 47.2217
      vertex 95.3588 12 49.3588
    endloop
  endfacet
  facet normal 0 -1 0
    outer loop
      vertex 93.149 12 47.149
      vertex 95.3588 12 49.3588
      vertex 93.0714 12 47.2217
    endloop
  endfacet
  facet normal 0 -1 -0
    outer loop
      vertex 95.3588 12 49.3588
      vertex 93.149 12 47.149
      vertex 95.5712 12 49.1319
    endloop
  endfacet
  facet normal 0 -1 0
    outer loop
      vertex 93.2217 12 47.0714
      vertex 95.5712 12 49.1319
      vertex 93.149 12 47.149
    endloop
  endfacet
  facet normal 0 -1 -0
    outer loop
      vertex 95.5712 12 49.1319
      vertex 93.2217 12 47.0714
      vertex 95.7684 12 48.8916
    endloop
  endfacet
  facet normal 0 -1 0
    outer loop
      vertex 93.2892 12 46.9892
      vertex 95.7684 12 48.8916
      vertex 93.2217 12 47.0714
    endloop
  endfacet
  facet normal 0 -1 -0
    outer loop
      vertex 95.7684 12 48.8916
      vertex 93.2892 12 46.9892
      vertex 95.9495 12 48.639
    endloop
  endfacet
  facet normal 0 -1 0
    outer loop
      vertex 93.3511 12 46.9028
      vertex 95.9495 12 48.639
      vertex 93.2892 12 46.9892
    endloop
  endfacet
  facet normal 0 -1 -0
    outer loop
      vertex 95.9495 12 48.639
      vertex 93.3511 12 46.9028
      vertex 96.1136 12 48.375
    endloop
  endfacet
  facet normal 0 -1 0
    outer loop
      vertex 93.4073 12 46.8125
      vertex 96.1136 12 48.375
      vertex 93.3511 12 46.9028
    endloop
  endfacet
  facet normal 0 -1 -0
    outer loop
      vertex 96.1136 12 48.375
      vertex 93.4073 12 46.8125
      vertex 96.2601 12 48.1009
    endloop
  endfacet
  facet normal 0 -1 0
    outer loop
      vertex 93.4574 12 46.7187
      vertex 96.2601 12 48.1009
      vertex 93.4073 12 46.8125
    endloop
  endfacet
  facet normal 0 -1 -0
    outer loop
      vertex 96.2601 12 48.1009
      vertex 93.4574 12 46.7187
      vertex 96.3884 12 47.8177
    endloop
  endfacet
  facet normal 0 -1 0
    outer loop
      vertex 93.5013 12 46.6219
      vertex 96.3884 12 47.8177
      vertex 93.4574 12 46.7187
    endloop
  endfacet
  facet normal 0 -1 -0
    outer loop
      vertex 96.3884 12 47.8177
      vertex 93.5013 12 46.6219
      vertex 96.4979 12 47.5268
    endloop
  endfacet
  facet normal 0 -1 0
    outer loop
      vertex 93.5388 12 46.5223
      vertex 96.4979 12 47.5268
      vertex 93.5013 12 46.6219
    endloop
  endfacet
  facet normal 0 -1 -0
    outer loop
      vertex 96.4979 12 47.5268
      vertex 93.5388 12 46.5223
      vertex 96.5882 12 47.2294
    endloop
  endfacet
  facet normal 0 -1 0
    outer loop
      vertex 93.5696 12 46.4206
      vertex 96.5882 12 47.2294
      vertex 93.5388 12 46.5223
    endloop
  endfacet
  facet normal 0 -1 -0
    outer loop
      vertex 96.5882 12 47.2294
      vertex 93.5696 12 46.4206
      vertex 96.6587 12 46.9267
    endloop
  endfacet
  facet normal 0 -1 0
    outer loop
      vertex 93.5938 12 46.317
      vertex 96.6587 12 46.9267
      vertex 93.5696 12 46.4206
    endloop
  endfacet
  facet normal 0 -1 -0
    outer loop
      vertex 96.6587 12 46.9267
      vertex 93.5938 12 46.317
      vertex 96.7094 12 46.62
    endloop
  endfacet
  facet normal 0 -1 0
    outer loop
      vertex 93.6111 12 46.2121
      vertex 96.7094 12 46.62
      vertex 93.5938 12 46.317
    endloop
  endfacet
  facet normal 0 -1 -0
    outer loop
      vertex 96.7094 12 46.62
      vertex 93.6111 12 46.2121
      vertex 96.7398 12 46.3107
    endloop
  endfacet
  facet normal 0 -1 0
    outer loop
      vertex 93.6215 12 46.1063
      vertex 96.7398 12 46.3107
      vertex 93.6111 12 46.2121
    endloop
  endfacet
  facet normal 0 -1 0
    outer loop
      vertex 93.625 12 46
      vertex 96.7398 12 46.3107
      vertex 93.6215 12 46.1063
    endloop
  endfacet
  facet normal 0 -1 0
    outer loop
      vertex 93.625 12 46
      vertex 96.75 12 46
      vertex 96.7398 12 46.3107
    endloop
  endfacet
  facet normal 0 -1 0
    outer loop
      vertex 93.6215 12 45.8937
      vertex 96.75 12 46
      vertex 93.625 12 46
    endloop
  endfacet
  facet normal 0 -1 0
    outer loop
      vertex 96.7398 12 45.6893
      vertex 93.6215 12 45.8937
      vertex 93.6111 12 45.7879
    endloop
  endfacet
  facet normal 0 -1 0
    outer loop
      vertex 93.6215 12 45.8937
      vertex 96.7398 12 45.6893
      vertex 96.75 12 46
    endloop
  endfacet
  facet normal 0 -1 0
    outer loop
      vertex 96.7094 12 45.38
      vertex 93.6111 12 45.7879
      vertex 93.5938 12 45.683
    endloop
  endfacet
  facet normal 0 -1 0
    outer loop
      vertex 96.6587 12 45.0733
      vertex 93.5938 12 45.683
      vertex 93.5696 12 45.5794
    endloop
  endfacet
  facet normal 0 -1 0
    outer loop
      vertex 96.5882 12 44.7706
      vertex 93.5696 12 45.5794
      vertex 93.5388 12 45.4777
    endloop
  endfacet
  facet normal 0 -1 0
    outer loop
      vertex 93.6111 12 45.7879
      vertex 96.7094 12 45.38
      vertex 96.7398 12 45.6893
    endloop
  endfacet
  facet normal 0 -1 0
    outer loop
      vertex 96.4979 12 44.4732
      vertex 93.5388 12 45.4777
      vertex 93.5013 12 45.3781
    endloop
  endfacet
  facet normal 0 -1 0
    outer loop
      vertex 96.3884 12 44.1823
      vertex 93.5013 12 45.3781
      vertex 93.4574 12 45.2813
    endloop
  endfacet
  facet normal 0 -1 0
    outer loop
      vertex 96.2601 12 43.8991
      vertex 93.4574 12 45.2813
      vertex 93.4073 12 45.1875
    endloop
  endfacet
  facet normal 0 -1 0
    outer loop
      vertex 96.1136 12 43.625
      vertex 93.4073 12 45.1875
      vertex 93.3511 12 45.0972
    endloop
  endfacet
  facet normal 0 -1 0
    outer loop
      vertex 93.5938 12 45.683
      vertex 96.6587 12 45.0733
      vertex 96.7094 12 45.38
    endloop
  endfacet
  facet normal 0 -1 0
    outer loop
      vertex 95.9495 12 43.361
      vertex 93.3511 12 45.0972
      vertex 93.2892 12 45.0108
    endloop
  endfacet
  facet normal 0 -1 0
    outer loop
      vertex 95.7684 12 43.1084
      vertex 93.2892 12 45.0108
      vertex 93.2217 12 44.9286
    endloop
  endfacet
  facet normal 0 -1 0
    outer loop
      vertex 95.5712 12 42.8681
      vertex 93.2217 12 44.9286
      vertex 93.149 12 44.851
    endloop
  endfacet
  facet normal 0 -1 0
    outer loop
      vertex 95.3588 12 42.6412
      vertex 93.149 12 44.851
      vertex 93.0714 12 44.7783
    endloop
  endfacet
  facet normal 0 -1 0
    outer loop
      vertex 93.5696 12 45.5794
      vertex 96.5882 12 44.7706
      vertex 96.6587 12 45.0733
    endloop
  endfacet
  facet normal 0 -1 0
    outer loop
      vertex 95.1319 12 42.4288
      vertex 93.0714 12 44.7783
      vertex 92.9892 12 44.7108
    endloop
  endfacet
  facet normal 0 -1 0
    outer loop
      vertex 94.8916 12 42.2316
      vertex 92.9892 12 44.7108
      vertex 92.9028 12 44.6489
    endloop
  endfacet
  facet normal 0 -1 0
    outer loop
      vertex 94.639 12 42.0505
      vertex 92.9028 12 44.6489
      vertex 92.8125 12 44.5927
    endloop
  endfacet
  facet normal 0 -1 0
    outer loop
      vertex 94.375 12 41.8864
      vertex 92.8125 12 44.5927
      vertex 92.7187 12 44.5426
    endloop
  endfacet
  facet normal 0 -1 0
    outer loop
      vertex 94.1009 12 41.7399
      vertex 92.7187 12 44.5426
      vertex 92.6219 12 44.4987
    endloop
  endfacet
  facet normal 0 -1 0
    outer loop
      vertex 93.5388 12 45.4777
      vertex 96.4979 12 44.4732
      vertex 96.5882 12 44.7706
    endloop
  endfacet
  facet normal 0 -1 0
    outer loop
      vertex 93.8177 12 41.6116
      vertex 92.6219 12 44.4987
      vertex 92.5223 12 44.4612
    endloop
  endfacet
  facet normal 0 -1 0
    outer loop
      vertex 93.5268 12 41.5021
      vertex 92.5223 12 44.4612
      vertex 92.4206 12 44.4304
    endloop
  endfacet
  facet normal 0 -1 0
    outer loop
      vertex 93.2294 12 41.4119
      vertex 92.4206 12 44.4304
      vertex 92.317 12 44.4062
    endloop
  endfacet
  facet normal 0 -1 0
    outer loop
      vertex 92.9267 12 41.3413
      vertex 92.317 12 44.4062
      vertex 92.2121 12 44.3889
    endloop
  endfacet
  facet normal 0 -1 0
    outer loop
      vertex 92.62 12 41.2906
      vertex 92.2121 12 44.3889
      vertex 92.1063 12 44.3785
    endloop
  endfacet
  facet normal 0 -1 0
    outer loop
      vertex 92.3107 12 41.2602
      vertex 92.1063 12 44.3785
      vertex 92 12 44.375
    endloop
  endfacet
  facet normal 0 -1 -0
    outer loop
      vertex 91.0972 12 44.6489
      vertex 89.361 12 42.0505
      vertex 91.1875 12 44.5927
    endloop
  endfacet
  facet normal 0 -1 0
    outer loop
      vertex 93.5013 12 45.3781
      vertex 96.3884 12 44.1823
      vertex 96.4979 12 44.4732
    endloop
  endfacet
  facet normal 0 -1 0
    outer loop
      vertex 89.625 12 41.8864
      vertex 91.1875 12 44.5927
      vertex 89.361 12 42.0505
    endloop
  endfacet
  facet normal 0 -1 0
    outer loop
      vertex 93.4574 12 45.2813
      vertex 96.2601 12 43.8991
      vertex 96.3884 12 44.1823
    endloop
  endfacet
  facet normal 0 -1 -0
    outer loop
      vertex 91.1875 12 44.5927
      vertex 89.625 12 41.8864
      vertex 91.2813 12 44.5426
    endloop
  endfacet
  facet normal 0 -1 0
    outer loop
      vertex 93.4073 12 45.1875
      vertex 96.1136 12 43.625
      vertex 96.2601 12 43.8991
    endloop
  endfacet
  facet normal 0 -1 0
    outer loop
      vertex 89.8991 12 41.7399
      vertex 91.2813 12 44.5426
      vertex 89.625 12 41.8864
    endloop
  endfacet
  facet normal 0 -1 0
    outer loop
      vertex 93.3511 12 45.0972
      vertex 95.9495 12 43.361
      vertex 96.1136 12 43.625
    endloop
  endfacet
  facet normal 0 -1 -0
    outer loop
      vertex 91.2813 12 44.5426
      vertex 89.8991 12 41.7399
      vertex 91.3781 12 44.4987
    endloop
  endfacet
  facet normal 0 -1 0
    outer loop
      vertex 93.2892 12 45.0108
      vertex 95.7684 12 43.1084
      vertex 95.9495 12 43.361
    endloop
  endfacet
  facet normal 0 -1 0
    outer loop
      vertex 90.1823 12 41.6116
      vertex 91.3781 12 44.4987
      vertex 89.8991 12 41.7399
    endloop
  endfacet
  facet normal 0 -1 0
    outer loop
      vertex 93.2217 12 44.9286
      vertex 95.5712 12 42.8681
      vertex 95.7684 12 43.1084
    endloop
  endfacet
  facet normal 0 -1 -0
    outer loop
      vertex 91.3781 12 44.4987
      vertex 90.1823 12 41.6116
      vertex 91.4777 12 44.4612
    endloop
  endfacet
  facet normal 0 -1 0
    outer loop
      vertex 93.149 12 44.851
      vertex 95.3588 12 42.6412
      vertex 95.5712 12 42.8681
    endloop
  endfacet
  facet normal 0 -1 0
    outer loop
      vertex 90.4732 12 41.5021
      vertex 91.4777 12 44.4612
      vertex 90.1823 12 41.6116
    endloop
  endfacet
  facet normal 0 -1 0
    outer loop
      vertex 93.0714 12 44.7783
      vertex 95.1319 12 42.4288
      vertex 95.3588 12 42.6412
    endloop
  endfacet
  facet normal 0 -1 -0
    outer loop
      vertex 91.4777 12 44.4612
      vertex 90.4732 12 41.5021
      vertex 91.5794 12 44.4304
    endloop
  endfacet
  facet normal 0 -1 0
    outer loop
      vertex 92.9892 12 44.7108
      vertex 94.8916 12 42.2316
      vertex 95.1319 12 42.4288
    endloop
  endfacet
  facet normal 0 -1 0
    outer loop
      vertex 90.7706 12 41.4119
      vertex 91.5794 12 44.4304
      vertex 90.4732 12 41.5021
    endloop
  endfacet
  facet normal 0 -1 0
    outer loop
      vertex 92.9028 12 44.6489
      vertex 94.639 12 42.0505
      vertex 94.8916 12 42.2316
    endloop
  endfacet
  facet normal 0 -1 -0
    outer loop
      vertex 91.5794 12 44.4304
      vertex 90.7706 12 41.4119
      vertex 91.683 12 44.4062
    endloop
  endfacet
  facet normal 0 -1 0
    outer loop
      vertex 92.8125 12 44.5927
      vertex 94.375 12 41.8864
      vertex 94.639 12 42.0505
    endloop
  endfacet
  facet normal 0 -1 0
    outer loop
      vertex 91.0733 12 41.3413
      vertex 91.683 12 44.4062
      vertex 90.7706 12 41.4119
    endloop
  endfacet
  facet normal 0 -1 0
    outer loop
      vertex 92.7187 12 44.5426
      vertex 94.1009 12 41.7399
      vertex 94.375 12 41.8864
    endloop
  endfacet
  facet normal 0 -1 -0
    outer loop
      vertex 91.683 12 44.4062
      vertex 91.0733 12 41.3413
      vertex 91.7879 12 44.3889
    endloop
  endfacet
  facet normal 0 -1 0
    outer loop
      vertex 92.6219 12 44.4987
      vertex 93.8177 12 41.6116
      vertex 94.1009 12 41.7399
    endloop
  endfacet
  facet normal 0 -1 0
    outer loop
      vertex 91.38 12 41.2906
      vertex 91.7879 12 44.3889
      vertex 91.0733 12 41.3413
    endloop
  endfacet
  facet normal 0 -1 0
    outer loop
      vertex 92.5223 12 44.4612
      vertex 93.5268 12 41.5021
      vertex 93.8177 12 41.6116
    endloop
  endfacet
  facet normal 0 -1 -0
    outer loop
      vertex 91.7879 12 44.3889
      vertex 91.38 12 41.2906
      vertex 91.8937 12 44.3785
    endloop
  endfacet
  facet normal 0 -1 0
    outer loop
      vertex 92.4206 12 44.4304
      vertex 93.2294 12 41.4119
      vertex 93.5268 12 41.5021
    endloop
  endfacet
  facet normal 0 -1 0
    outer loop
      vertex 91.6893 12 41.2602
      vertex 91.8937 12 44.3785
      vertex 91.38 12 41.2906
    endloop
  endfacet
  facet normal 0 -1 0
    outer loop
      vertex 92.317 12 44.4062
      vertex 92.9267 12 41.3413
      vertex 93.2294 12 41.4119
    endloop
  endfacet
  facet normal 0 -1 -0
    outer loop
      vertex 91.8937 12 44.3785
      vertex 91.6893 12 41.2602
      vertex 92 12 44.375
    endloop
  endfacet
  facet normal 0 -1 0
    outer loop
      vertex 92.2121 12 44.3889
      vertex 92.62 12 41.2906
      vertex 92.9267 12 41.3413
    endloop
  endfacet
  facet normal 0 -1 0
    outer loop
      vertex 92 12 41.25
      vertex 92 12 44.375
      vertex 91.6893 12 41.2602
    endloop
  endfacet
  facet normal 0 -1 0
    outer loop
      vertex 92.1063 12 44.3785
      vertex 92.3107 12 41.2602
      vertex 92.62 12 41.2906
    endloop
  endfacet
  facet normal 0 -1 0
    outer loop
      vertex 92 12 44.375
      vertex 92 12 41.25
      vertex 92.3107 12 41.2602
    endloop
  endfacet
  facet normal -0.582668 0 0.81271
    outer loop
      vertex 89.1084 32 49.7684
      vertex 89.361 12 49.9495
      vertex 89.361 32 49.9495
    endloop
  endfacet
  facet normal -0.582668 0 0.81271
    outer loop
      vertex 89.361 12 49.9495
      vertex 89.1084 32 49.7684
      vertex 89.1084 12 49.7684
    endloop
  endfacet
  facet normal -0.412664 0 0.910883
    outer loop
      vertex 89.8991 32 50.2601
      vertex 90.1823 12 50.3884
      vertex 90.1823 32 50.3884
    endloop
  endfacet
  facet normal -0.412664 0 0.910883
    outer loop
      vertex 90.1823 12 50.3884
      vertex 89.8991 32 50.2601
      vertex 89.8991 12 50.2601
    endloop
  endfacet
  facet normal -0.527915 0 0.849297
    outer loop
      vertex 89.361 32 49.9495
      vertex 89.625 12 50.1136
      vertex 89.625 32 50.1136
    endloop
  endfacet
  facet normal -0.527915 0 0.849297
    outer loop
      vertex 89.625 12 50.1136
      vertex 89.361 32 49.9495
      vertex 89.361 12 49.9495
    endloop
  endfacet
  facet normal -0.634376 0 0.773025
    outer loop
      vertex 88.8681 32 49.5712
      vertex 89.1084 12 49.7684
      vertex 89.1084 32 49.7684
    endloop
  endfacet
  facet normal -0.634376 0 0.773025
    outer loop
      vertex 89.1084 12 49.7684
      vertex 88.8681 32 49.5712
      vertex 88.8681 12 49.5712
    endloop
  endfacet
  facet normal -0.352287 0 0.935892
    outer loop
      vertex 90.1823 32 50.3884
      vertex 90.4732 12 50.4979
      vertex 90.4732 32 50.4979
    endloop
  endfacet
  facet normal -0.352287 0 0.935892
    outer loop
      vertex 90.4732 12 50.4979
      vertex 90.1823 32 50.3884
      vertex 90.1823 12 50.3884
    endloop
  endfacet
  facet normal -0.0328114 0 0.999462
    outer loop
      vertex 91.6893 32 50.7398
      vertex 92 12 50.75
      vertex 92 32 50.75
    endloop
  endfacet
  facet normal -0.0328114 0 0.999462
    outer loop
      vertex 92 12 50.75
      vertex 91.6893 32 50.7398
      vertex 91.6893 12 50.7398
    endloop
  endfacet
  facet normal 0.999462 0 -0.0328114
    outer loop
      vertex 96.75 12 46
      vertex 96.7398 32 45.6893
      vertex 96.75 32 46
    endloop
  endfacet
  facet normal 0.999462 0 -0.0328114
    outer loop
      vertex 96.7398 32 45.6893
      vertex 96.75 12 46
      vertex 96.7398 12 45.6893
    endloop
  endfacet
  facet normal 0.0328114 0 -0.999462
    outer loop
      vertex 92 12 41.25
      vertex 92.3107 32 41.2602
      vertex 92.3107 12 41.2602
    endloop
  endfacet
  facet normal 0.0328114 0 -0.999462
    outer loop
      vertex 92.3107 32 41.2602
      vertex 92 12 41.25
      vertex 92 32 41.25
    endloop
  endfacet
  facet normal 0.163095 0 -0.98661
    outer loop
      vertex 92.62 12 41.2906
      vertex 92.9267 32 41.3413
      vertex 92.9267 12 41.3413
    endloop
  endfacet
  facet normal 0.163095 0 -0.98661
    outer loop
      vertex 92.9267 32 41.3413
      vertex 92.62 12 41.2906
      vertex 92.62 32 41.2906
    endloop
  endfacet
  facet normal 0.29024 0 -0.956954
    outer loop
      vertex 93.2294 12 41.4119
      vertex 93.5268 32 41.5021
      vertex 93.5268 12 41.5021
    endloop
  endfacet
  facet normal 0.29024 0 -0.956954
    outer loop
      vertex 93.5268 32 41.5021
      vertex 93.2294 12 41.4119
      vertex 93.2294 32 41.4119
    endloop
  endfacet
  facet normal 0.582668 0 -0.81271
    outer loop
      vertex 94.639 12 42.0505
      vertex 94.8916 32 42.2316
      vertex 94.8916 12 42.2316
    endloop
  endfacet
  facet normal 0.582668 0 -0.81271
    outer loop
      vertex 94.8916 32 42.2316
      vertex 94.639 12 42.0505
      vertex 94.639 32 42.0505
    endloop
  endfacet
  facet normal 0.634376 0 -0.773025
    outer loop
      vertex 94.8916 12 42.2316
      vertex 95.1319 32 42.4288
      vertex 95.1319 12 42.4288
    endloop
  endfacet
  facet normal 0.634376 0 -0.773025
    outer loop
      vertex 95.1319 32 42.4288
      vertex 94.8916 12 42.2316
      vertex 94.8916 32 42.2316
    endloop
  endfacet
  facet normal 0.910883 0 -0.412664
    outer loop
      vertex 96.3884 12 44.1823
      vertex 96.2601 32 43.8991
      vertex 96.3884 32 44.1823
    endloop
  endfacet
  facet normal 0.910883 0 -0.412664
    outer loop
      vertex 96.2601 32 43.8991
      vertex 96.3884 12 44.1823
      vertex 96.2601 12 43.8991
    endloop
  endfacet
  facet normal 0.881934 0 -0.471373
    outer loop
      vertex 96.2601 12 43.8991
      vertex 96.1136 32 43.625
      vertex 96.2601 32 43.8991
    endloop
  endfacet
  facet normal 0.881934 0 -0.471373
    outer loop
      vertex 96.1136 32 43.625
      vertex 96.2601 12 43.8991
      vertex 96.1136 12 43.625
    endloop
  endfacet
  facet normal 0.935892 0 -0.352287
    outer loop
      vertex 96.4979 12 44.4732
      vertex 96.3884 32 44.1823
      vertex 96.4979 32 44.4732
    endloop
  endfacet
  facet normal 0.935892 0 -0.352287
    outer loop
      vertex 96.3884 32 44.1823
      vertex 96.4979 12 44.4732
      vertex 96.3884 12 44.1823
    endloop
  endfacet
  facet normal 0.956865 0 -0.290534
    outer loop
      vertex 96.5882 12 44.7706
      vertex 96.4979 32 44.4732
      vertex 96.5882 32 44.7706
    endloop
  endfacet
  facet normal 0.956865 0 -0.290534
    outer loop
      vertex 96.4979 32 44.4732
      vertex 96.5882 12 44.7706
      vertex 96.4979 12 44.4732
    endloop
  endfacet
  facet normal -0.527915 0 -0.849297
    outer loop
      vertex 89.361 12 42.0505
      vertex 89.625 32 41.8864
      vertex 89.625 12 41.8864
    endloop
  endfacet
  facet normal -0.527915 0 -0.849297
    outer loop
      vertex 89.625 32 41.8864
      vertex 89.361 12 42.0505
      vertex 89.361 32 42.0505
    endloop
  endfacet
  facet normal -0.412664 0 -0.910883
    outer loop
      vertex 89.8991 12 41.7399
      vertex 90.1823 32 41.6116
      vertex 90.1823 12 41.6116
    endloop
  endfacet
  facet normal -0.412664 0 -0.910883
    outer loop
      vertex 90.1823 32 41.6116
      vertex 89.8991 12 41.7399
      vertex 89.8991 32 41.7399
    endloop
  endfacet
  facet normal -0.471373 0 -0.881934
    outer loop
      vertex 89.625 12 41.8864
      vertex 89.8991 32 41.7399
      vertex 89.8991 12 41.7399
    endloop
  endfacet
  facet normal -0.471373 0 -0.881934
    outer loop
      vertex 89.8991 32 41.7399
      vertex 89.625 12 41.8864
      vertex 89.625 32 41.8864
    endloop
  endfacet
  facet normal -0.29024 0 -0.956954
    outer loop
      vertex 90.4732 12 41.5021
      vertex 90.7706 32 41.4119
      vertex 90.7706 12 41.4119
    endloop
  endfacet
  facet normal -0.29024 0 -0.956954
    outer loop
      vertex 90.7706 32 41.4119
      vertex 90.4732 12 41.5021
      vertex 90.4732 32 41.5021
    endloop
  endfacet
  facet normal -0.227138 0 -0.973863
    outer loop
      vertex 90.7706 12 41.4119
      vertex 91.0733 32 41.3413
      vertex 91.0733 12 41.3413
    endloop
  endfacet
  facet normal -0.227138 0 -0.973863
    outer loop
      vertex 91.0733 32 41.3413
      vertex 90.7706 12 41.4119
      vertex 90.7706 32 41.4119
    endloop
  endfacet
  facet normal -0.0978151 0 -0.995205
    outer loop
      vertex 91.38 12 41.2906
      vertex 91.6893 32 41.2602
      vertex 91.6893 12 41.2602
    endloop
  endfacet
  facet normal -0.0978151 0 -0.995205
    outer loop
      vertex 91.6893 32 41.2602
      vertex 91.38 12 41.2906
      vertex 91.38 32 41.2906
    endloop
  endfacet
  facet normal -0.881934 0 -0.471373
    outer loop
      vertex 87.8864 12 43.625
      vertex 87.7399 32 43.8991
      vertex 87.8864 32 43.625
    endloop
  endfacet
  facet normal -0.881934 -0 -0.471373
    outer loop
      vertex 87.7399 32 43.8991
      vertex 87.8864 12 43.625
      vertex 87.7399 12 43.8991
    endloop
  endfacet
  facet normal -0.81271 0 -0.582668
    outer loop
      vertex 88.2316 12 43.1084
      vertex 88.0505 32 43.361
      vertex 88.2316 32 43.1084
    endloop
  endfacet
  facet normal -0.81271 -0 -0.582668
    outer loop
      vertex 88.0505 32 43.361
      vertex 88.2316 12 43.1084
      vertex 88.0505 12 43.361
    endloop
  endfacet
  facet normal -0.935892 0 -0.352287
    outer loop
      vertex 87.6116 12 44.1823
      vertex 87.5021 32 44.4732
      vertex 87.6116 32 44.1823
    endloop
  endfacet
  facet normal -0.935892 -0 -0.352287
    outer loop
      vertex 87.5021 32 44.4732
      vertex 87.6116 12 44.1823
      vertex 87.5021 12 44.4732
    endloop
  endfacet
  facet normal -0.98661 0 -0.163095
    outer loop
      vertex 87.3413 12 45.0733
      vertex 87.2906 32 45.38
      vertex 87.3413 32 45.0733
    endloop
  endfacet
  facet normal -0.98661 -0 -0.163095
    outer loop
      vertex 87.2906 32 45.38
      vertex 87.3413 12 45.0733
      vertex 87.2906 12 45.38
    endloop
  endfacet
  facet normal -0.999462 0 -0.0328114
    outer loop
      vertex 87.2602 12 45.6893
      vertex 87.25 32 46
      vertex 87.2602 32 45.6893
    endloop
  endfacet
  facet normal -0.999462 -0 -0.0328114
    outer loop
      vertex 87.25 32 46
      vertex 87.2602 12 45.6893
      vertex 87.25 12 46
    endloop
  endfacet
  facet normal -0.81271 0 0.582668
    outer loop
      vertex 88.0505 12 48.639
      vertex 88.2316 32 48.8916
      vertex 88.0505 32 48.639
    endloop
  endfacet
  facet normal -0.81271 0 0.582668
    outer loop
      vertex 88.2316 32 48.8916
      vertex 88.0505 12 48.639
      vertex 88.2316 12 48.8916
    endloop
  endfacet
  facet normal -0.29024 0 0.956954
    outer loop
      vertex 90.4732 32 50.4979
      vertex 90.7706 12 50.5881
      vertex 90.7706 32 50.5881
    endloop
  endfacet
  facet normal -0.29024 0 0.956954
    outer loop
      vertex 90.7706 12 50.5881
      vertex 90.4732 32 50.4979
      vertex 90.4732 12 50.4979
    endloop
  endfacet
  facet normal 0.0978151 0 -0.995205
    outer loop
      vertex 92.3107 12 41.2602
      vertex 92.62 32 41.2906
      vertex 92.62 12 41.2906
    endloop
  endfacet
  facet normal 0.0978151 0 -0.995205
    outer loop
      vertex 92.62 32 41.2906
      vertex 92.3107 12 41.2602
      vertex 92.3107 32 41.2602
    endloop
  endfacet
  facet normal 0.527915 0 -0.849297
    outer loop
      vertex 94.375 12 41.8864
      vertex 94.639 32 42.0505
      vertex 94.639 12 42.0505
    endloop
  endfacet
  facet normal 0.527915 0 -0.849297
    outer loop
      vertex 94.639 32 42.0505
      vertex 94.375 12 41.8864
      vertex 94.375 32 41.8864
    endloop
  endfacet
  facet normal 0.81271 0 -0.582668
    outer loop
      vertex 95.9495 12 43.361
      vertex 95.7684 32 43.1084
      vertex 95.9495 32 43.361
    endloop
  endfacet
  facet normal 0.81271 0 -0.582668
    outer loop
      vertex 95.7684 32 43.1084
      vertex 95.9495 12 43.361
      vertex 95.7684 12 43.1084
    endloop
  endfacet
  facet normal 0.98661 0 -0.163095
    outer loop
      vertex 96.7094 12 45.38
      vertex 96.6587 32 45.0733
      vertex 96.7094 32 45.38
    endloop
  endfacet
  facet normal 0.98661 0 -0.163095
    outer loop
      vertex 96.6587 32 45.0733
      vertex 96.7094 12 45.38
      vertex 96.6587 12 45.0733
    endloop
  endfacet
  facet normal -0.582668 0 -0.81271
    outer loop
      vertex 89.1084 12 42.2316
      vertex 89.361 32 42.0505
      vertex 89.361 12 42.0505
    endloop
  endfacet
  facet normal -0.582668 0 -0.81271
    outer loop
      vertex 89.361 32 42.0505
      vertex 89.1084 12 42.2316
      vertex 89.1084 32 42.2316
    endloop
  endfacet
  facet normal -0.849297 0 -0.527915
    outer loop
      vertex 88.0505 12 43.361
      vertex 87.8864 32 43.625
      vertex 88.0505 32 43.361
    endloop
  endfacet
  facet normal -0.849297 -0 -0.527915
    outer loop
      vertex 87.8864 32 43.625
      vertex 88.0505 12 43.361
      vertex 87.8864 12 43.625
    endloop
  endfacet
  facet normal -0.773025 0 -0.634376
    outer loop
      vertex 88.4288 12 42.8681
      vertex 88.2316 32 43.1084
      vertex 88.4288 32 42.8681
    endloop
  endfacet
  facet normal -0.773025 -0 -0.634376
    outer loop
      vertex 88.2316 32 43.1084
      vertex 88.4288 12 42.8681
      vertex 88.2316 12 43.1084
    endloop
  endfacet
  facet normal -0.995205 0 -0.0978151
    outer loop
      vertex 87.2906 12 45.38
      vertex 87.2602 32 45.6893
      vertex 87.2906 32 45.38
    endloop
  endfacet
  facet normal -0.995205 -0 -0.0978151
    outer loop
      vertex 87.2602 32 45.6893
      vertex 87.2906 12 45.38
      vertex 87.2602 12 45.6893
    endloop
  endfacet
  facet normal -0.999458 0 -0.0329078
    outer loop
      vertex 93.625 12 46
      vertex 93.6215 32 46.1063
      vertex 93.625 32 46
    endloop
  endfacet
  facet normal -0.999458 -0 -0.0329078
    outer loop
      vertex 93.6215 32 46.1063
      vertex 93.625 12 46
      vertex 93.6215 12 46.1063
    endloop
  endfacet
  facet normal 0.999458 0 -0.0329078
    outer loop
      vertex 90.3785 12 46.1063
      vertex 90.375 32 46
      vertex 90.3785 32 46.1063
    endloop
  endfacet
  facet normal 0.999458 0 -0.0329078
    outer loop
      vertex 90.375 32 46
      vertex 90.3785 12 46.1063
      vertex 90.375 12 46
    endloop
  endfacet
  facet normal -0.0329078 0 -0.999458
    outer loop
      vertex 92 12 47.625
      vertex 92.1063 32 47.6215
      vertex 92.1063 12 47.6215
    endloop
  endfacet
  facet normal -0.0329078 0 -0.999458
    outer loop
      vertex 92.1063 32 47.6215
      vertex 92 12 47.625
      vertex 92 32 47.625
    endloop
  endfacet
  facet normal 0.0329078 0 0.999458
    outer loop
      vertex 91.8937 32 44.3785
      vertex 92 12 44.375
      vertex 92 32 44.375
    endloop
  endfacet
  facet normal 0.0329078 0 0.999458
    outer loop
      vertex 92 12 44.375
      vertex 91.8937 32 44.3785
      vertex 91.8937 12 44.3785
    endloop
  endfacet
  facet normal -0.683691 0 -0.729772
    outer loop
      vertex 93.0714 12 47.2217
      vertex 93.149 32 47.149
      vertex 93.149 12 47.149
    endloop
  endfacet
  facet normal -0.683691 0 -0.729772
    outer loop
      vertex 93.149 32 47.149
      vertex 93.0714 12 47.2217
      vertex 93.0714 32 47.2217
    endloop
  endfacet
  facet normal 0.683691 0 -0.729772
    outer loop
      vertex 90.851 12 47.149
      vertex 90.9286 32 47.2217
      vertex 90.9286 12 47.2217
    endloop
  endfacet
  facet normal 0.683691 0 -0.729772
    outer loop
      vertex 90.9286 32 47.2217
      vertex 90.851 12 47.149
      vertex 90.851 32 47.149
    endloop
  endfacet
  facet normal 0.352359 0 -0.935865
    outer loop
      vertex 91.3781 12 47.5013
      vertex 91.4777 32 47.5388
      vertex 91.4777 12 47.5388
    endloop
  endfacet
  facet normal 0.352359 0 -0.935865
    outer loop
      vertex 91.4777 32 47.5388
      vertex 91.3781 12 47.5013
      vertex 91.3781 32 47.5013
    endloop
  endfacet
  facet normal -0.910721 0 -0.413023
    outer loop
      vertex 93.5013 12 46.6219
      vertex 93.4574 32 46.7187
      vertex 93.5013 32 46.6219
    endloop
  endfacet
  facet normal -0.910721 -0 -0.413023
    outer loop
      vertex 93.4574 32 46.7187
      vertex 93.5013 12 46.6219
      vertex 93.4574 12 46.7187
    endloop
  endfacet
  facet normal -0.352359 0 -0.935865
    outer loop
      vertex 92.5223 12 47.5388
      vertex 92.6219 32 47.5013
      vertex 92.6219 12 47.5013
    endloop
  endfacet
  facet normal -0.352359 0 -0.935865
    outer loop
      vertex 92.6219 32 47.5013
      vertex 92.5223 12 47.5388
      vertex 92.5223 32 47.5388
    endloop
  endfacet
  facet normal -0.528392 0 -0.849
    outer loop
      vertex 92.8125 12 47.4073
      vertex 92.9028 32 47.3511
      vertex 92.9028 12 47.3511
    endloop
  endfacet
  facet normal -0.528392 0 -0.849
    outer loop
      vertex 92.9028 32 47.3511
      vertex 92.8125 12 47.4073
      vertex 92.8125 32 47.4073
    endloop
  endfacet
  facet normal 0.910721 0 -0.413023
    outer loop
      vertex 90.5426 12 46.7187
      vertex 90.4987 32 46.6219
      vertex 90.5426 32 46.7187
    endloop
  endfacet
  facet normal 0.910721 0 -0.413023
    outer loop
      vertex 90.4987 32 46.6219
      vertex 90.5426 12 46.7187
      vertex 90.4987 12 46.6219
    endloop
  endfacet
  facet normal 0.162721 0 -0.986672
    outer loop
      vertex 91.683 12 47.5938
      vertex 91.7879 32 47.6111
      vertex 91.7879 12 47.6111
    endloop
  endfacet
  facet normal 0.162721 0 -0.986672
    outer loop
      vertex 91.7879 32 47.6111
      vertex 91.683 12 47.5938
      vertex 91.683 32 47.5938
    endloop
  endfacet
  facet normal -0.973786 0 -0.227467
    outer loop
      vertex 93.5938 12 46.317
      vertex 93.5696 32 46.4206
      vertex 93.5938 32 46.317
    endloop
  endfacet
  facet normal -0.973786 -0 -0.227467
    outer loop
      vertex 93.5696 32 46.4206
      vertex 93.5938 12 46.317
      vertex 93.5696 12 46.4206
    endloop
  endfacet
  facet normal -0.957072 0 -0.289851
    outer loop
      vertex 93.5696 12 46.4206
      vertex 93.5388 32 46.5223
      vertex 93.5696 32 46.4206
    endloop
  endfacet
  facet normal -0.957072 -0 -0.289851
    outer loop
      vertex 93.5388 32 46.5223
      vertex 93.5696 12 46.4206
      vertex 93.5388 12 46.5223
    endloop
  endfacet
  facet normal -0.812906 0 -0.582395
    outer loop
      vertex 93.3511 12 46.9028
      vertex 93.2892 32 46.9892
      vertex 93.3511 32 46.9028
    endloop
  endfacet
  facet normal -0.812906 -0 -0.582395
    outer loop
      vertex 93.2892 32 46.9892
      vertex 93.3511 12 46.9028
      vertex 93.2892 12 46.9892
    endloop
  endfacet
  facet normal -0.772825 0 -0.634619
    outer loop
      vertex 93.2892 12 46.9892
      vertex 93.2217 32 47.0714
      vertex 93.2892 32 46.9892
    endloop
  endfacet
  facet normal -0.772825 -0 -0.634619
    outer loop
      vertex 93.2217 32 47.0714
      vertex 93.2892 12 46.9892
      vertex 93.2217 12 47.0714
    endloop
  endfacet
  facet normal -0.849 0 -0.528392
    outer loop
      vertex 93.4073 12 46.8125
      vertex 93.3511 32 46.9028
      vertex 93.4073 32 46.8125
    endloop
  endfacet
  facet normal -0.849 -0 -0.528392
    outer loop
      vertex 93.3511 32 46.9028
      vertex 93.4073 12 46.8125
      vertex 93.3511 12 46.9028
    endloop
  endfacet
  facet normal -0.227467 0 -0.973786
    outer loop
      vertex 92.317 12 47.5938
      vertex 92.4206 32 47.5696
      vertex 92.4206 12 47.5696
    endloop
  endfacet
  facet normal -0.227467 0 -0.973786
    outer loop
      vertex 92.4206 32 47.5696
      vertex 92.317 12 47.5938
      vertex 92.317 32 47.5938
    endloop
  endfacet
  facet normal -0.289851 0 -0.957072
    outer loop
      vertex 92.4206 12 47.5696
      vertex 92.5223 32 47.5388
      vertex 92.5223 12 47.5388
    endloop
  endfacet
  facet normal -0.289851 0 -0.957072
    outer loop
      vertex 92.5223 32 47.5388
      vertex 92.4206 12 47.5696
      vertex 92.4206 32 47.5696
    endloop
  endfacet
  facet normal -0.162721 0 -0.986672
    outer loop
      vertex 92.2121 12 47.6111
      vertex 92.317 32 47.5938
      vertex 92.317 12 47.5938
    endloop
  endfacet
  facet normal -0.162721 0 -0.986672
    outer loop
      vertex 92.317 32 47.5938
      vertex 92.2121 12 47.6111
      vertex 92.2121 32 47.6111
    endloop
  endfacet
  facet normal -0.582395 0 -0.812906
    outer loop
      vertex 92.9028 12 47.3511
      vertex 92.9892 32 47.2892
      vertex 92.9892 12 47.2892
    endloop
  endfacet
  facet normal -0.582395 0 -0.812906
    outer loop
      vertex 92.9892 32 47.2892
      vertex 92.9028 12 47.3511
      vertex 92.9028 32 47.3511
    endloop
  endfacet
  facet normal 0.973786 0 -0.227467
    outer loop
      vertex 90.4304 12 46.4206
      vertex 90.4062 32 46.317
      vertex 90.4304 32 46.4206
    endloop
  endfacet
  facet normal 0.973786 0 -0.227467
    outer loop
      vertex 90.4062 32 46.317
      vertex 90.4304 12 46.4206
      vertex 90.4062 12 46.317
    endloop
  endfacet
  facet normal 0.812906 0 -0.582395
    outer loop
      vertex 90.7108 12 46.9892
      vertex 90.6489 32 46.9028
      vertex 90.7108 32 46.9892
    endloop
  endfacet
  facet normal 0.812906 0 -0.582395
    outer loop
      vertex 90.6489 32 46.9028
      vertex 90.7108 12 46.9892
      vertex 90.6489 12 46.9028
    endloop
  endfacet
  facet normal 0.729772 0 -0.683691
    outer loop
      vertex 90.851 12 47.149
      vertex 90.7783 32 47.0714
      vertex 90.851 32 47.149
    endloop
  endfacet
  facet normal 0.729772 0 -0.683691
    outer loop
      vertex 90.7783 32 47.0714
      vertex 90.851 12 47.149
      vertex 90.7783 12 47.0714
    endloop
  endfacet
  facet normal 0.849 0 -0.528392
    outer loop
      vertex 90.6489 12 46.9028
      vertex 90.5927 32 46.8125
      vertex 90.6489 32 46.9028
    endloop
  endfacet
  facet normal 0.849 0 -0.528392
    outer loop
      vertex 90.5927 32 46.8125
      vertex 90.6489 12 46.9028
      vertex 90.5927 12 46.8125
    endloop
  endfacet
  facet normal 0.935865 0 -0.352359
    outer loop
      vertex 90.4987 12 46.6219
      vertex 90.4612 32 46.5223
      vertex 90.4987 32 46.6219
    endloop
  endfacet
  facet normal 0.935865 0 -0.352359
    outer loop
      vertex 90.4612 32 46.5223
      vertex 90.4987 12 46.6219
      vertex 90.4612 12 46.5223
    endloop
  endfacet
  facet normal 0.986672 0 -0.162721
    outer loop
      vertex 90.4062 12 46.317
      vertex 90.3889 32 46.2121
      vertex 90.4062 32 46.317
    endloop
  endfacet
  facet normal 0.986672 0 -0.162721
    outer loop
      vertex 90.3889 32 46.2121
      vertex 90.4062 12 46.317
      vertex 90.3889 12 46.2121
    endloop
  endfacet
  facet normal 0.528392 0 -0.849
    outer loop
      vertex 91.0972 12 47.3511
      vertex 91.1875 32 47.4073
      vertex 91.1875 12 47.4073
    endloop
  endfacet
  facet normal 0.528392 0 -0.849
    outer loop
      vertex 91.1875 32 47.4073
      vertex 91.0972 12 47.3511
      vertex 91.0972 32 47.3511
    endloop
  endfacet
  facet normal 0.0978272 0 -0.995203
    outer loop
      vertex 91.7879 12 47.6111
      vertex 91.8937 32 47.6215
      vertex 91.8937 12 47.6215
    endloop
  endfacet
  facet normal 0.0978272 0 -0.995203
    outer loop
      vertex 91.8937 32 47.6215
      vertex 91.7879 12 47.6111
      vertex 91.7879 32 47.6111
    endloop
  endfacet
  facet normal 0.634619 0 0.772825
    outer loop
      vertex 90.9286 32 44.7783
      vertex 91.0108 12 44.7108
      vertex 91.0108 32 44.7108
    endloop
  endfacet
  facet normal 0.634619 0 0.772825
    outer loop
      vertex 91.0108 12 44.7108
      vertex 90.9286 32 44.7783
      vertex 90.9286 12 44.7783
    endloop
  endfacet
  facet normal 0.683691 0 0.729772
    outer loop
      vertex 90.851 32 44.851
      vertex 90.9286 12 44.7783
      vertex 90.9286 32 44.7783
    endloop
  endfacet
  facet normal 0.683691 0 0.729772
    outer loop
      vertex 90.9286 12 44.7783
      vertex 90.851 32 44.851
      vertex 90.851 12 44.851
    endloop
  endfacet
  facet normal 0.413023 0 0.910721
    outer loop
      vertex 91.2813 32 44.5426
      vertex 91.3781 12 44.4987
      vertex 91.3781 32 44.4987
    endloop
  endfacet
  facet normal 0.413023 0 0.910721
    outer loop
      vertex 91.3781 12 44.4987
      vertex 91.2813 32 44.5426
      vertex 91.2813 12 44.5426
    endloop
  endfacet
  facet normal 0.528392 0 0.849
    outer loop
      vertex 91.0972 32 44.6489
      vertex 91.1875 12 44.5927
      vertex 91.1875 32 44.5927
    endloop
  endfacet
  facet normal 0.528392 0 0.849
    outer loop
      vertex 91.1875 12 44.5927
      vertex 91.0972 32 44.6489
      vertex 91.0972 12 44.6489
    endloop
  endfacet
  facet normal 0.352359 0 0.935865
    outer loop
      vertex 91.3781 32 44.4987
      vertex 91.4777 12 44.4612
      vertex 91.4777 32 44.4612
    endloop
  endfacet
  facet normal 0.352359 0 0.935865
    outer loop
      vertex 91.4777 12 44.4612
      vertex 91.3781 32 44.4987
      vertex 91.3781 12 44.4987
    endloop
  endfacet
  facet normal 0.162721 0 0.986672
    outer loop
      vertex 91.683 32 44.4062
      vertex 91.7879 12 44.3889
      vertex 91.7879 32 44.3889
    endloop
  endfacet
  facet normal 0.162721 0 0.986672
    outer loop
      vertex 91.7879 12 44.3889
      vertex 91.683 32 44.4062
      vertex 91.683 12 44.4062
    endloop
  endfacet
  facet normal 0.849 -0 0.528392
    outer loop
      vertex 90.5927 12 45.1875
      vertex 90.6489 32 45.0972
      vertex 90.5927 32 45.1875
    endloop
  endfacet
  facet normal 0.849 0 0.528392
    outer loop
      vertex 90.6489 32 45.0972
      vertex 90.5927 12 45.1875
      vertex 90.6489 12 45.0972
    endloop
  endfacet
  facet normal 0.729772 -0 0.683691
    outer loop
      vertex 90.7783 12 44.9286
      vertex 90.851 32 44.851
      vertex 90.7783 32 44.9286
    endloop
  endfacet
  facet normal 0.729772 0 0.683691
    outer loop
      vertex 90.851 32 44.851
      vertex 90.7783 12 44.9286
      vertex 90.851 12 44.851
    endloop
  endfacet
  facet normal 0.935865 -0 0.352359
    outer loop
      vertex 90.4612 12 45.4777
      vertex 90.4987 32 45.3781
      vertex 90.4612 32 45.4777
    endloop
  endfacet
  facet normal 0.935865 0 0.352359
    outer loop
      vertex 90.4987 32 45.3781
      vertex 90.4612 12 45.4777
      vertex 90.4987 12 45.3781
    endloop
  endfacet
  facet normal -0.986672 0 -0.162721
    outer loop
      vertex 93.6111 12 46.2121
      vertex 93.5938 32 46.317
      vertex 93.6111 32 46.2121
    endloop
  endfacet
  facet normal -0.986672 -0 -0.162721
    outer loop
      vertex 93.5938 32 46.317
      vertex 93.6111 12 46.2121
      vertex 93.5938 12 46.317
    endloop
  endfacet
  facet normal -0.995203 0 -0.0978272
    outer loop
      vertex 93.6215 12 46.1063
      vertex 93.6111 32 46.2121
      vertex 93.6215 32 46.1063
    endloop
  endfacet
  facet normal -0.995203 -0 -0.0978272
    outer loop
      vertex 93.6111 32 46.2121
      vertex 93.6215 12 46.1063
      vertex 93.6111 12 46.2121
    endloop
  endfacet
  facet normal -0.935865 0 -0.352359
    outer loop
      vertex 93.5388 12 46.5223
      vertex 93.5013 32 46.6219
      vertex 93.5388 32 46.5223
    endloop
  endfacet
  facet normal -0.935865 -0 -0.352359
    outer loop
      vertex 93.5013 32 46.6219
      vertex 93.5388 12 46.5223
      vertex 93.5013 12 46.6219
    endloop
  endfacet
  facet normal -0.729772 0 -0.683691
    outer loop
      vertex 93.2217 12 47.0714
      vertex 93.149 32 47.149
      vertex 93.2217 32 47.0714
    endloop
  endfacet
  facet normal -0.729772 -0 -0.683691
    outer loop
      vertex 93.149 32 47.149
      vertex 93.2217 12 47.0714
      vertex 93.149 12 47.149
    endloop
  endfacet
  facet normal -0.882066 0 -0.471125
    outer loop
      vertex 93.4574 12 46.7187
      vertex 93.4073 32 46.8125
      vertex 93.4574 32 46.7187
    endloop
  endfacet
  facet normal -0.882066 -0 -0.471125
    outer loop
      vertex 93.4073 32 46.8125
      vertex 93.4574 12 46.7187
      vertex 93.4073 12 46.8125
    endloop
  endfacet
  facet normal -0.0978272 0 -0.995203
    outer loop
      vertex 92.1063 12 47.6215
      vertex 92.2121 32 47.6111
      vertex 92.2121 12 47.6111
    endloop
  endfacet
  facet normal -0.0978272 0 -0.995203
    outer loop
      vertex 92.2121 32 47.6111
      vertex 92.1063 12 47.6215
      vertex 92.1063 32 47.6215
    endloop
  endfacet
  facet normal -0.413023 0 -0.910721
    outer loop
      vertex 92.6219 12 47.5013
      vertex 92.7187 32 47.4574
      vertex 92.7187 12 47.4574
    endloop
  endfacet
  facet normal -0.413023 0 -0.910721
    outer loop
      vertex 92.7187 32 47.4574
      vertex 92.6219 12 47.5013
      vertex 92.6219 32 47.5013
    endloop
  endfacet
  facet normal -0.634619 0 -0.772825
    outer loop
      vertex 92.9892 12 47.2892
      vertex 93.0714 32 47.2217
      vertex 93.0714 12 47.2217
    endloop
  endfacet
  facet normal -0.634619 0 -0.772825
    outer loop
      vertex 93.0714 32 47.2217
      vertex 92.9892 12 47.2892
      vertex 92.9892 32 47.2892
    endloop
  endfacet
  facet normal 0.772825 0 -0.634619
    outer loop
      vertex 90.7783 12 47.0714
      vertex 90.7108 32 46.9892
      vertex 90.7783 32 47.0714
    endloop
  endfacet
  facet normal 0.772825 0 -0.634619
    outer loop
      vertex 90.7108 32 46.9892
      vertex 90.7783 12 47.0714
      vertex 90.7108 12 46.9892
    endloop
  endfacet
  facet normal 0.882066 0 -0.471125
    outer loop
      vertex 90.5927 12 46.8125
      vertex 90.5426 32 46.7187
      vertex 90.5927 32 46.8125
    endloop
  endfacet
  facet normal 0.882066 0 -0.471125
    outer loop
      vertex 90.5426 32 46.7187
      vertex 90.5927 12 46.8125
      vertex 90.5426 12 46.7187
    endloop
  endfacet
  facet normal 0.957072 0 -0.289851
    outer loop
      vertex 90.4612 12 46.5223
      vertex 90.4304 32 46.4206
      vertex 90.4612 32 46.5223
    endloop
  endfacet
  facet normal 0.957072 0 -0.289851
    outer loop
      vertex 90.4304 32 46.4206
      vertex 90.4612 12 46.5223
      vertex 90.4304 12 46.4206
    endloop
  endfacet
  facet normal 0.995203 0 -0.0978272
    outer loop
      vertex 90.3889 12 46.2121
      vertex 90.3785 32 46.1063
      vertex 90.3889 32 46.2121
    endloop
  endfacet
  facet normal 0.995203 0 -0.0978272
    outer loop
      vertex 90.3785 32 46.1063
      vertex 90.3889 12 46.2121
      vertex 90.3785 12 46.1063
    endloop
  endfacet
  facet normal 0.471125 0 -0.882066
    outer loop
      vertex 91.1875 12 47.4073
      vertex 91.2813 32 47.4574
      vertex 91.2813 12 47.4574
    endloop
  endfacet
  facet normal 0.471125 0 -0.882066
    outer loop
      vertex 91.2813 32 47.4574
      vertex 91.1875 12 47.4073
      vertex 91.1875 32 47.4073
    endloop
  endfacet
  facet normal 0.413023 0 -0.910721
    outer loop
      vertex 91.2813 12 47.4574
      vertex 91.3781 32 47.5013
      vertex 91.3781 12 47.5013
    endloop
  endfacet
  facet normal 0.413023 0 -0.910721
    outer loop
      vertex 91.3781 32 47.5013
      vertex 91.2813 12 47.4574
      vertex 91.2813 32 47.4574
    endloop
  endfacet
  facet normal 0.582395 0 -0.812906
    outer loop
      vertex 91.0108 12 47.2892
      vertex 91.0972 32 47.3511
      vertex 91.0972 12 47.3511
    endloop
  endfacet
  facet normal 0.582395 0 -0.812906
    outer loop
      vertex 91.0972 32 47.3511
      vertex 91.0108 12 47.2892
      vertex 91.0108 32 47.2892
    endloop
  endfacet
  facet normal 0.634619 0 -0.772825
    outer loop
      vertex 90.9286 12 47.2217
      vertex 91.0108 32 47.2892
      vertex 91.0108 12 47.2892
    endloop
  endfacet
  facet normal 0.634619 0 -0.772825
    outer loop
      vertex 91.0108 32 47.2892
      vertex 90.9286 12 47.2217
      vertex 90.9286 32 47.2217
    endloop
  endfacet
  facet normal 0.289851 0 -0.957072
    outer loop
      vertex 91.4777 12 47.5388
      vertex 91.5794 32 47.5696
      vertex 91.5794 12 47.5696
    endloop
  endfacet
  facet normal 0.289851 0 -0.957072
    outer loop
      vertex 91.5794 32 47.5696
      vertex 91.4777 12 47.5388
      vertex 91.4777 32 47.5388
    endloop
  endfacet
  facet normal 0.0329078 0 -0.999458
    outer loop
      vertex 91.8937 12 47.6215
      vertex 92 32 47.625
      vertex 92 12 47.625
    endloop
  endfacet
  facet normal 0.0329078 0 -0.999458
    outer loop
      vertex 92 32 47.625
      vertex 91.8937 12 47.6215
      vertex 91.8937 32 47.6215
    endloop
  endfacet
  facet normal -0.999458 0 0.0329078
    outer loop
      vertex 93.6215 12 45.8937
      vertex 93.625 32 46
      vertex 93.6215 32 45.8937
    endloop
  endfacet
  facet normal -0.999458 0 0.0329078
    outer loop
      vertex 93.625 32 46
      vertex 93.6215 12 45.8937
      vertex 93.625 12 46
    endloop
  endfacet
  facet normal -0.0329078 0 0.999458
    outer loop
      vertex 92 32 44.375
      vertex 92.1063 12 44.3785
      vertex 92.1063 32 44.3785
    endloop
  endfacet
  facet normal -0.0329078 0 0.999458
    outer loop
      vertex 92.1063 12 44.3785
      vertex 92 32 44.375
      vertex 92 12 44.375
    endloop
  endfacet
  facet normal -0.162721 0 0.986672
    outer loop
      vertex 92.2121 32 44.3889
      vertex 92.317 12 44.4062
      vertex 92.317 32 44.4062
    endloop
  endfacet
  facet normal -0.162721 0 0.986672
    outer loop
      vertex 92.317 12 44.4062
      vertex 92.2121 32 44.3889
      vertex 92.2121 12 44.3889
    endloop
  endfacet
  facet normal -0.289851 0 0.957072
    outer loop
      vertex 92.4206 32 44.4304
      vertex 92.5223 12 44.4612
      vertex 92.5223 32 44.4612
    endloop
  endfacet
  facet normal -0.289851 0 0.957072
    outer loop
      vertex 92.5223 12 44.4612
      vertex 92.4206 32 44.4304
      vertex 92.4206 12 44.4304
    endloop
  endfacet
  facet normal -0.352359 0 0.935865
    outer loop
      vertex 92.5223 32 44.4612
      vertex 92.6219 12 44.4987
      vertex 92.6219 32 44.4987
    endloop
  endfacet
  facet normal -0.352359 0 0.935865
    outer loop
      vertex 92.6219 12 44.4987
      vertex 92.5223 32 44.4612
      vertex 92.5223 12 44.4612
    endloop
  endfacet
  facet normal -0.227467 0 0.973786
    outer loop
      vertex 92.317 32 44.4062
      vertex 92.4206 12 44.4304
      vertex 92.4206 32 44.4304
    endloop
  endfacet
  facet normal -0.227467 0 0.973786
    outer loop
      vertex 92.4206 12 44.4304
      vertex 92.317 32 44.4062
      vertex 92.317 12 44.4062
    endloop
  endfacet
  facet normal -0.634619 0 0.772825
    outer loop
      vertex 92.9892 32 44.7108
      vertex 93.0714 12 44.7783
      vertex 93.0714 32 44.7783
    endloop
  endfacet
  facet normal -0.634619 0 0.772825
    outer loop
      vertex 93.0714 12 44.7783
      vertex 92.9892 32 44.7108
      vertex 92.9892 12 44.7108
    endloop
  endfacet
  facet normal -0.582395 0 0.812906
    outer loop
      vertex 92.9028 32 44.6489
      vertex 92.9892 12 44.7108
      vertex 92.9892 32 44.7108
    endloop
  endfacet
  facet normal -0.582395 0 0.812906
    outer loop
      vertex 92.9892 12 44.7108
      vertex 92.9028 32 44.6489
      vertex 92.9028 12 44.6489
    endloop
  endfacet
  facet normal -0.683691 0 0.729772
    outer loop
      vertex 93.0714 32 44.7783
      vertex 93.149 12 44.851
      vertex 93.149 32 44.851
    endloop
  endfacet
  facet normal -0.683691 0 0.729772
    outer loop
      vertex 93.149 12 44.851
      vertex 93.0714 32 44.7783
      vertex 93.0714 12 44.7783
    endloop
  endfacet
  facet normal -0.528392 0 0.849
    outer loop
      vertex 92.8125 32 44.5927
      vertex 92.9028 12 44.6489
      vertex 92.9028 32 44.6489
    endloop
  endfacet
  facet normal -0.528392 0 0.849
    outer loop
      vertex 92.9028 12 44.6489
      vertex 92.8125 32 44.5927
      vertex 92.8125 12 44.5927
    endloop
  endfacet
  facet normal -0.413023 0 0.910721
    outer loop
      vertex 92.6219 32 44.4987
      vertex 92.7187 12 44.5426
      vertex 92.7187 32 44.5426
    endloop
  endfacet
  facet normal -0.413023 0 0.910721
    outer loop
      vertex 92.7187 12 44.5426
      vertex 92.6219 32 44.4987
      vertex 92.6219 12 44.4987
    endloop
  endfacet
  facet normal -0.772825 0 0.634619
    outer loop
      vertex 93.2217 12 44.9286
      vertex 93.2892 32 45.0108
      vertex 93.2217 32 44.9286
    endloop
  endfacet
  facet normal -0.772825 0 0.634619
    outer loop
      vertex 93.2892 32 45.0108
      vertex 93.2217 12 44.9286
      vertex 93.2892 12 45.0108
    endloop
  endfacet
  facet normal -0.849 0 0.528392
    outer loop
      vertex 93.3511 12 45.0972
      vertex 93.4073 32 45.1875
      vertex 93.3511 32 45.0972
    endloop
  endfacet
  facet normal -0.849 0 0.528392
    outer loop
      vertex 93.4073 32 45.1875
      vertex 93.3511 12 45.0972
      vertex 93.4073 12 45.1875
    endloop
  endfacet
  facet normal -0.910721 0 0.413023
    outer loop
      vertex 93.4574 12 45.2813
      vertex 93.5013 32 45.3781
      vertex 93.4574 32 45.2813
    endloop
  endfacet
  facet normal -0.910721 0 0.413023
    outer loop
      vertex 93.5013 32 45.3781
      vertex 93.4574 12 45.2813
      vertex 93.5013 12 45.3781
    endloop
  endfacet
  facet normal -0.935865 0 0.352359
    outer loop
      vertex 93.5013 12 45.3781
      vertex 93.5388 32 45.4777
      vertex 93.5013 32 45.3781
    endloop
  endfacet
  facet normal -0.935865 0 0.352359
    outer loop
      vertex 93.5388 32 45.4777
      vertex 93.5013 12 45.3781
      vertex 93.5388 12 45.4777
    endloop
  endfacet
  facet normal -0.882066 0 0.471125
    outer loop
      vertex 93.4073 12 45.1875
      vertex 93.4574 32 45.2813
      vertex 93.4073 32 45.1875
    endloop
  endfacet
  facet normal -0.882066 0 0.471125
    outer loop
      vertex 93.4574 32 45.2813
      vertex 93.4073 12 45.1875
      vertex 93.4574 12 45.2813
    endloop
  endfacet
  facet normal -0.986672 0 0.162721
    outer loop
      vertex 93.5938 12 45.683
      vertex 93.6111 32 45.7879
      vertex 93.5938 32 45.683
    endloop
  endfacet
  facet normal -0.986672 0 0.162721
    outer loop
      vertex 93.6111 32 45.7879
      vertex 93.5938 12 45.683
      vertex 93.6111 12 45.7879
    endloop
  endfacet
  facet normal -0.957072 0 0.289851
    outer loop
      vertex 93.5388 12 45.4777
      vertex 93.5696 32 45.5794
      vertex 93.5388 32 45.4777
    endloop
  endfacet
  facet normal -0.957072 0 0.289851
    outer loop
      vertex 93.5696 32 45.5794
      vertex 93.5388 12 45.4777
      vertex 93.5696 12 45.5794
    endloop
  endfacet
  facet normal 0.471125 0 0.882066
    outer loop
      vertex 91.1875 32 44.5927
      vertex 91.2813 12 44.5426
      vertex 91.2813 32 44.5426
    endloop
  endfacet
  facet normal 0.471125 0 0.882066
    outer loop
      vertex 91.2813 12 44.5426
      vertex 91.1875 32 44.5927
      vertex 91.1875 12 44.5927
    endloop
  endfacet
  facet normal 0.289851 0 0.957072
    outer loop
      vertex 91.4777 32 44.4612
      vertex 91.5794 12 44.4304
      vertex 91.5794 32 44.4304
    endloop
  endfacet
  facet normal 0.289851 0 0.957072
    outer loop
      vertex 91.5794 12 44.4304
      vertex 91.4777 32 44.4612
      vertex 91.4777 12 44.4612
    endloop
  endfacet
  facet normal 0.0978272 0 0.995203
    outer loop
      vertex 91.7879 32 44.3889
      vertex 91.8937 12 44.3785
      vertex 91.8937 32 44.3785
    endloop
  endfacet
  facet normal 0.0978272 0 0.995203
    outer loop
      vertex 91.8937 12 44.3785
      vertex 91.7879 32 44.3889
      vertex 91.7879 12 44.3889
    endloop
  endfacet
  facet normal 0.910721 -0 0.413023
    outer loop
      vertex 90.4987 12 45.3781
      vertex 90.5426 32 45.2813
      vertex 90.4987 32 45.3781
    endloop
  endfacet
  facet normal 0.910721 0 0.413023
    outer loop
      vertex 90.5426 32 45.2813
      vertex 90.4987 12 45.3781
      vertex 90.5426 12 45.2813
    endloop
  endfacet
  facet normal 0.882066 -0 0.471125
    outer loop
      vertex 90.5426 12 45.2813
      vertex 90.5927 32 45.1875
      vertex 90.5426 32 45.2813
    endloop
  endfacet
  facet normal 0.882066 0 0.471125
    outer loop
      vertex 90.5927 32 45.1875
      vertex 90.5426 12 45.2813
      vertex 90.5927 12 45.1875
    endloop
  endfacet
  facet normal 0.812906 -0 0.582395
    outer loop
      vertex 90.6489 12 45.0972
      vertex 90.7108 32 45.0108
      vertex 90.6489 32 45.0972
    endloop
  endfacet
  facet normal 0.812906 0 0.582395
    outer loop
      vertex 90.7108 32 45.0108
      vertex 90.6489 12 45.0972
      vertex 90.7108 12 45.0108
    endloop
  endfacet
  facet normal 0.772825 -0 0.634619
    outer loop
      vertex 90.7108 12 45.0108
      vertex 90.7783 32 44.9286
      vertex 90.7108 32 45.0108
    endloop
  endfacet
  facet normal 0.772825 0 0.634619
    outer loop
      vertex 90.7783 32 44.9286
      vertex 90.7108 12 45.0108
      vertex 90.7783 12 44.9286
    endloop
  endfacet
  facet normal 0.973786 -0 0.227467
    outer loop
      vertex 90.4062 12 45.683
      vertex 90.4304 32 45.5794
      vertex 90.4062 32 45.683
    endloop
  endfacet
  facet normal 0.973786 0 0.227467
    outer loop
      vertex 90.4304 32 45.5794
      vertex 90.4062 12 45.683
      vertex 90.4304 12 45.5794
    endloop
  endfacet
  facet normal 0.957072 -0 0.289851
    outer loop
      vertex 90.4304 12 45.5794
      vertex 90.4612 32 45.4777
      vertex 90.4304 32 45.5794
    endloop
  endfacet
  facet normal 0.957072 0 0.289851
    outer loop
      vertex 90.4612 32 45.4777
      vertex 90.4304 12 45.5794
      vertex 90.4612 12 45.4777
    endloop
  endfacet
  facet normal 0.986672 -0 0.162721
    outer loop
      vertex 90.3889 12 45.7879
      vertex 90.4062 32 45.683
      vertex 90.3889 32 45.7879
    endloop
  endfacet
  facet normal 0.986672 0 0.162721
    outer loop
      vertex 90.4062 32 45.683
      vertex 90.3889 12 45.7879
      vertex 90.4062 12 45.683
    endloop
  endfacet
  facet normal 0.999458 -0 0.0329078
    outer loop
      vertex 90.375 12 46
      vertex 90.3785 32 45.8937
      vertex 90.375 32 46
    endloop
  endfacet
  facet normal 0.999458 0 0.0329078
    outer loop
      vertex 90.3785 32 45.8937
      vertex 90.375 12 46
      vertex 90.3785 12 45.8937
    endloop
  endfacet
  facet normal -0.471125 0 -0.882066
    outer loop
      vertex 92.7187 12 47.4574
      vertex 92.8125 32 47.4073
      vertex 92.8125 12 47.4073
    endloop
  endfacet
  facet normal -0.471125 0 -0.882066
    outer loop
      vertex 92.8125 32 47.4073
      vertex 92.7187 12 47.4574
      vertex 92.7187 32 47.4574
    endloop
  endfacet
  facet normal 0.227467 0 -0.973786
    outer loop
      vertex 91.5794 12 47.5696
      vertex 91.683 32 47.5938
      vertex 91.683 12 47.5938
    endloop
  endfacet
  facet normal 0.227467 0 -0.973786
    outer loop
      vertex 91.683 32 47.5938
      vertex 91.5794 12 47.5696
      vertex 91.5794 32 47.5696
    endloop
  endfacet
  facet normal -0.0978272 0 0.995203
    outer loop
      vertex 92.1063 32 44.3785
      vertex 92.2121 12 44.3889
      vertex 92.2121 32 44.3889
    endloop
  endfacet
  facet normal -0.0978272 0 0.995203
    outer loop
      vertex 92.2121 12 44.3889
      vertex 92.1063 32 44.3785
      vertex 92.1063 12 44.3785
    endloop
  endfacet
  facet normal -0.729772 0 0.683691
    outer loop
      vertex 93.149 12 44.851
      vertex 93.2217 32 44.9286
      vertex 93.149 32 44.851
    endloop
  endfacet
  facet normal -0.729772 0 0.683691
    outer loop
      vertex 93.2217 32 44.9286
      vertex 93.149 12 44.851
      vertex 93.2217 12 44.9286
    endloop
  endfacet
  facet normal -0.471125 0 0.882066
    outer loop
      vertex 92.7187 32 44.5426
      vertex 92.8125 12 44.5927
      vertex 92.8125 32 44.5927
    endloop
  endfacet
  facet normal -0.471125 0 0.882066
    outer loop
      vertex 92.8125 12 44.5927
      vertex 92.7187 32 44.5426
      vertex 92.7187 12 44.5426
    endloop
  endfacet
  facet normal -0.812906 0 0.582395
    outer loop
      vertex 93.2892 12 45.0108
      vertex 93.3511 32 45.0972
      vertex 93.2892 32 45.0108
    endloop
  endfacet
  facet normal -0.812906 0 0.582395
    outer loop
      vertex 93.3511 32 45.0972
      vertex 93.2892 12 45.0108
      vertex 93.3511 12 45.0972
    endloop
  endfacet
  facet normal -0.995203 0 0.0978272
    outer loop
      vertex 93.6111 12 45.7879
      vertex 93.6215 32 45.8937
      vertex 93.6111 32 45.7879
    endloop
  endfacet
  facet normal -0.995203 0 0.0978272
    outer loop
      vertex 93.6215 32 45.8937
      vertex 93.6111 12 45.7879
      vertex 93.6215 12 45.8937
    endloop
  endfacet
  facet normal -0.973786 0 0.227467
    outer loop
      vertex 93.5696 12 45.5794
      vertex 93.5938 32 45.683
      vertex 93.5696 32 45.5794
    endloop
  endfacet
  facet normal -0.973786 0 0.227467
    outer loop
      vertex 93.5938 32 45.683
      vertex 93.5696 12 45.5794
      vertex 93.5938 12 45.683
    endloop
  endfacet
  facet normal 0.582395 0 0.812906
    outer loop
      vertex 91.0108 32 44.7108
      vertex 91.0972 12 44.6489
      vertex 91.0972 32 44.6489
    endloop
  endfacet
  facet normal 0.582395 0 0.812906
    outer loop
      vertex 91.0972 12 44.6489
      vertex 91.0108 32 44.7108
      vertex 91.0108 12 44.7108
    endloop
  endfacet
  facet normal 0.227467 0 0.973786
    outer loop
      vertex 91.5794 32 44.4304
      vertex 91.683 12 44.4062
      vertex 91.683 32 44.4062
    endloop
  endfacet
  facet normal 0.227467 0 0.973786
    outer loop
      vertex 91.683 12 44.4062
      vertex 91.5794 32 44.4304
      vertex 91.5794 12 44.4304
    endloop
  endfacet
  facet normal 0.995203 -0 0.0978272
    outer loop
      vertex 90.3785 12 45.8937
      vertex 90.3889 32 45.7879
      vertex 90.3785 32 45.8937
    endloop
  endfacet
  facet normal 0.995203 0 0.0978272
    outer loop
      vertex 90.3889 32 45.7879
      vertex 90.3785 12 45.8937
      vertex 90.3889 12 45.7879
    endloop
  endfacet
endsolid OpenSCAD_Model
