solid OpenSCAD_Model
  facet normal 0.999465 0.0327159 0
    outer loop
      vertex 57.5 0 -95
      vertex 57.3769 3.76068 -101
      vertex 57.3769 3.76068 -95
    endloop
  endfacet
  facet normal 0.999465 0.0327159 0
    outer loop
      vertex 57.3769 3.76068 -101
      vertex 57.5 0 -95
      vertex 57.5 0 -101
    endloop
  endfacet
  facet normal 0.999465 0.0327159 0
    outer loop
      vertex 57.5 0 101
      vertex 57.3769 3.76068 95
      vertex 57.3769 3.76068 101
    endloop
  endfacet
  facet normal 0.999465 0.0327159 0
    outer loop
      vertex 57.3769 3.76068 95
      vertex 57.5 0 101
      vertex 57.5 0 95
    endloop
  endfacet
  facet normal 0.999465 0.0327159 0
    outer loop
      vertex 57.5 0 -53
      vertex 57.3769 3.76068 -71
      vertex 57.3769 3.76068 -53
    endloop
  endfacet
  facet normal 0.999465 0.0327159 0
    outer loop
      vertex 57.3769 3.76068 -71
      vertex 57.5 0 -53
      vertex 57.5 0 -71
    endloop
  endfacet
  facet normal 0.999465 0.0327159 0
    outer loop
      vertex 57.5 0 71
      vertex 57.3769 3.76068 53
      vertex 57.3769 3.76068 71
    endloop
  endfacet
  facet normal 0.999465 0.0327159 0
    outer loop
      vertex 57.3769 3.76068 53
      vertex 57.5 0 71
      vertex 57.5 0 53
    endloop
  endfacet
  facet normal 0.999465 0.0327159 0
    outer loop
      vertex 57.5 0 -5
      vertex 57.3769 3.76068 -43
      vertex 57.3769 3.76068 -5
    endloop
  endfacet
  facet normal 0.999465 0.0327159 0
    outer loop
      vertex 57.3769 3.76068 -43
      vertex 57.5 0 -5
      vertex 57.5 0 -43
    endloop
  endfacet
  facet normal 0.999465 0.0327159 0
    outer loop
      vertex 57.5 0 43
      vertex 57.3769 3.76068 5
      vertex 57.3769 3.76068 43
    endloop
  endfacet
  facet normal 0.999465 0.0327159 0
    outer loop
      vertex 57.3769 3.76068 5
      vertex 57.5 0 43
      vertex 57.5 0 5
    endloop
  endfacet
  facet normal -0.999465 0.0327159 0
    outer loop
      vertex -57.5 0 -101
      vertex -57.3769 3.76068 -95
      vertex -57.3769 3.76068 -101
    endloop
  endfacet
  facet normal -0.999465 0.0327159 0
    outer loop
      vertex -57.3769 3.76068 -95
      vertex -57.5 0 -101
      vertex -57.5 0 -95
    endloop
  endfacet
  facet normal -0.999465 0.0327159 0
    outer loop
      vertex -57.5 0 95
      vertex -57.3769 3.76068 101
      vertex -57.3769 3.76068 95
    endloop
  endfacet
  facet normal -0.999465 0.0327159 0
    outer loop
      vertex -57.3769 3.76068 101
      vertex -57.5 0 95
      vertex -57.5 0 101
    endloop
  endfacet
  facet normal -0.999465 0.0327159 0
    outer loop
      vertex -57.5 0 -71
      vertex -57.3769 3.76068 -53
      vertex -57.3769 3.76068 -71
    endloop
  endfacet
  facet normal -0.999465 0.0327159 0
    outer loop
      vertex -57.3769 3.76068 -53
      vertex -57.5 0 -71
      vertex -57.5 0 -53
    endloop
  endfacet
  facet normal -0.999465 0.0327159 0
    outer loop
      vertex -57.5 0 53
      vertex -57.3769 3.76068 71
      vertex -57.3769 3.76068 53
    endloop
  endfacet
  facet normal -0.999465 0.0327159 0
    outer loop
      vertex -57.3769 3.76068 71
      vertex -57.5 0 53
      vertex -57.5 0 71
    endloop
  endfacet
  facet normal -0.999465 0.0327159 0
    outer loop
      vertex -57.5 0 -43
      vertex -57.3769 3.76068 -5
      vertex -57.3769 3.76068 -43
    endloop
  endfacet
  facet normal -0.999465 0.0327159 0
    outer loop
      vertex -57.3769 3.76068 -5
      vertex -57.5 0 -43
      vertex -57.5 0 -5
    endloop
  endfacet
  facet normal -0.999465 0.0327159 0
    outer loop
      vertex -57.5 0 5
      vertex -57.3769 3.76068 43
      vertex -57.3769 3.76068 5
    endloop
  endfacet
  facet normal -0.999465 0.0327159 0
    outer loop
      vertex -57.3769 3.76068 43
      vertex -57.5 0 5
      vertex -57.5 0 43
    endloop
  endfacet
  facet normal 0.0327159 0.999465 -0
    outer loop
      vertex 3.76068 57.3769 -101
      vertex 0 57.5 -95
      vertex 3.76068 57.3769 -95
    endloop
  endfacet
  facet normal 0.0327159 0.999465 0
    outer loop
      vertex 0 57.5 -95
      vertex 3.76068 57.3769 -101
      vertex 0 57.5 -101
    endloop
  endfacet
  facet normal 0.0327159 0.999465 -0
    outer loop
      vertex 3.76068 57.3769 95
      vertex 0 57.5 101
      vertex 3.76068 57.3769 101
    endloop
  endfacet
  facet normal 0.0327159 0.999465 0
    outer loop
      vertex 0 57.5 101
      vertex 3.76068 57.3769 95
      vertex 0 57.5 95
    endloop
  endfacet
  facet normal 0.0327159 0.999465 -0
    outer loop
      vertex 3.76068 57.3769 -71
      vertex 0 57.5 -53
      vertex 3.76068 57.3769 -53
    endloop
  endfacet
  facet normal 0.0327159 0.999465 0
    outer loop
      vertex 0 57.5 -53
      vertex 3.76068 57.3769 -71
      vertex 0 57.5 -71
    endloop
  endfacet
  facet normal 0.0327159 0.999465 -0
    outer loop
      vertex 3.76068 57.3769 53
      vertex 0 57.5 71
      vertex 3.76068 57.3769 71
    endloop
  endfacet
  facet normal 0.0327159 0.999465 0
    outer loop
      vertex 0 57.5 71
      vertex 3.76068 57.3769 53
      vertex 0 57.5 53
    endloop
  endfacet
  facet normal 0.0327159 0.999465 -0
    outer loop
      vertex 3.76068 57.3769 -43
      vertex 0 57.5 -5
      vertex 3.76068 57.3769 -5
    endloop
  endfacet
  facet normal 0.0327159 0.999465 0
    outer loop
      vertex 0 57.5 -5
      vertex 3.76068 57.3769 -43
      vertex 0 57.5 -43
    endloop
  endfacet
  facet normal 0.0327159 0.999465 -0
    outer loop
      vertex 3.76068 57.3769 5
      vertex 0 57.5 43
      vertex 3.76068 57.3769 43
    endloop
  endfacet
  facet normal 0.0327159 0.999465 0
    outer loop
      vertex 0 57.5 43
      vertex 3.76068 57.3769 5
      vertex 0 57.5 5
    endloop
  endfacet
  facet normal 0.72985 0.683607 0
    outer loop
      vertex 43.2308 37.9124 -95
      vertex 40.6586 40.6586 -101
      vertex 40.6586 40.6586 -95
    endloop
  endfacet
  facet normal 0.72985 0.683607 0
    outer loop
      vertex 40.6586 40.6586 -101
      vertex 43.2308 37.9124 -95
      vertex 43.2308 37.9124 -101
    endloop
  endfacet
  facet normal 0.72985 0.683607 0
    outer loop
      vertex 43.2308 37.9124 101
      vertex 40.6586 40.6586 95
      vertex 40.6586 40.6586 101
    endloop
  endfacet
  facet normal 0.72985 0.683607 0
    outer loop
      vertex 40.6586 40.6586 95
      vertex 43.2308 37.9124 101
      vertex 43.2308 37.9124 95
    endloop
  endfacet
  facet normal 0.72985 0.683607 0
    outer loop
      vertex 43.2308 37.9124 -53
      vertex 40.6586 40.6586 -71
      vertex 40.6586 40.6586 -53
    endloop
  endfacet
  facet normal 0.72985 0.683607 0
    outer loop
      vertex 40.6586 40.6586 -71
      vertex 43.2308 37.9124 -53
      vertex 43.2308 37.9124 -71
    endloop
  endfacet
  facet normal 0.72985 0.683607 0
    outer loop
      vertex 43.2308 37.9124 71
      vertex 40.6586 40.6586 53
      vertex 40.6586 40.6586 71
    endloop
  endfacet
  facet normal 0.72985 0.683607 0
    outer loop
      vertex 40.6586 40.6586 53
      vertex 43.2308 37.9124 71
      vertex 43.2308 37.9124 53
    endloop
  endfacet
  facet normal 0.72985 0.683607 0
    outer loop
      vertex 43.2308 37.9124 -5
      vertex 40.6586 40.6586 -43
      vertex 40.6586 40.6586 -5
    endloop
  endfacet
  facet normal 0.72985 0.683607 0
    outer loop
      vertex 40.6586 40.6586 -43
      vertex 43.2308 37.9124 -5
      vertex 43.2308 37.9124 -43
    endloop
  endfacet
  facet normal 0.72985 0.683607 0
    outer loop
      vertex 43.2308 37.9124 43
      vertex 40.6586 40.6586 5
      vertex 40.6586 40.6586 43
    endloop
  endfacet
  facet normal 0.72985 0.683607 0
    outer loop
      vertex 40.6586 40.6586 5
      vertex 43.2308 37.9124 43
      vertex 43.2308 37.9124 5
    endloop
  endfacet
  facet normal -0.683607 0.72985 0
    outer loop
      vertex -37.9124 43.2308 -101
      vertex -40.6586 40.6586 -95
      vertex -37.9124 43.2308 -95
    endloop
  endfacet
  facet normal -0.683607 0.72985 0
    outer loop
      vertex -40.6586 40.6586 -95
      vertex -37.9124 43.2308 -101
      vertex -40.6586 40.6586 -101
    endloop
  endfacet
  facet normal -0.683607 0.72985 0
    outer loop
      vertex -37.9124 43.2308 95
      vertex -40.6586 40.6586 101
      vertex -37.9124 43.2308 101
    endloop
  endfacet
  facet normal -0.683607 0.72985 0
    outer loop
      vertex -40.6586 40.6586 101
      vertex -37.9124 43.2308 95
      vertex -40.6586 40.6586 95
    endloop
  endfacet
  facet normal -0.683607 0.72985 0
    outer loop
      vertex -37.9124 43.2308 -71
      vertex -40.6586 40.6586 -53
      vertex -37.9124 43.2308 -53
    endloop
  endfacet
  facet normal -0.683607 0.72985 0
    outer loop
      vertex -40.6586 40.6586 -53
      vertex -37.9124 43.2308 -71
      vertex -40.6586 40.6586 -71
    endloop
  endfacet
  facet normal -0.683607 0.72985 0
    outer loop
      vertex -37.9124 43.2308 53
      vertex -40.6586 40.6586 71
      vertex -37.9124 43.2308 71
    endloop
  endfacet
  facet normal -0.683607 0.72985 0
    outer loop
      vertex -40.6586 40.6586 71
      vertex -37.9124 43.2308 53
      vertex -40.6586 40.6586 53
    endloop
  endfacet
  facet normal -0.683607 0.72985 0
    outer loop
      vertex -37.9124 43.2308 -43
      vertex -40.6586 40.6586 -5
      vertex -37.9124 43.2308 -5
    endloop
  endfacet
  facet normal -0.683607 0.72985 0
    outer loop
      vertex -40.6586 40.6586 -5
      vertex -37.9124 43.2308 -43
      vertex -40.6586 40.6586 -43
    endloop
  endfacet
  facet normal -0.683607 0.72985 0
    outer loop
      vertex -37.9124 43.2308 5
      vertex -40.6586 40.6586 43
      vertex -37.9124 43.2308 43
    endloop
  endfacet
  facet normal -0.683607 0.72985 0
    outer loop
      vertex -40.6586 40.6586 43
      vertex -37.9124 43.2308 5
      vertex -40.6586 40.6586 5
    endloop
  endfacet
  facet normal -0.35225 0.935906 0
    outer loop
      vertex -18.4828 54.4485 -101
      vertex -22.0043 53.1231 -95
      vertex -18.4828 54.4485 -95
    endloop
  endfacet
  facet normal -0.35225 0.935906 0
    outer loop
      vertex -22.0043 53.1231 -95
      vertex -18.4828 54.4485 -101
      vertex -22.0043 53.1231 -101
    endloop
  endfacet
  facet normal -0.35225 0.935906 0
    outer loop
      vertex -18.4828 54.4485 95
      vertex -22.0043 53.1231 101
      vertex -18.4828 54.4485 101
    endloop
  endfacet
  facet normal -0.35225 0.935906 0
    outer loop
      vertex -22.0043 53.1231 101
      vertex -18.4828 54.4485 95
      vertex -22.0043 53.1231 95
    endloop
  endfacet
  facet normal -0.35225 0.935906 0
    outer loop
      vertex -18.4828 54.4485 -71
      vertex -22.0043 53.1231 -53
      vertex -18.4828 54.4485 -53
    endloop
  endfacet
  facet normal -0.35225 0.935906 0
    outer loop
      vertex -22.0043 53.1231 -53
      vertex -18.4828 54.4485 -71
      vertex -22.0043 53.1231 -71
    endloop
  endfacet
  facet normal -0.35225 0.935906 0
    outer loop
      vertex -18.4828 54.4485 53
      vertex -22.0043 53.1231 71
      vertex -18.4828 54.4485 71
    endloop
  endfacet
  facet normal -0.35225 0.935906 0
    outer loop
      vertex -22.0043 53.1231 71
      vertex -18.4828 54.4485 53
      vertex -22.0043 53.1231 53
    endloop
  endfacet
  facet normal -0.35225 0.935906 0
    outer loop
      vertex -18.4828 54.4485 -43
      vertex -22.0043 53.1231 -5
      vertex -18.4828 54.4485 -5
    endloop
  endfacet
  facet normal -0.35225 0.935906 0
    outer loop
      vertex -22.0043 53.1231 -5
      vertex -18.4828 54.4485 -43
      vertex -22.0043 53.1231 -43
    endloop
  endfacet
  facet normal -0.35225 0.935906 0
    outer loop
      vertex -18.4828 54.4485 5
      vertex -22.0043 53.1231 43
      vertex -18.4828 54.4485 43
    endloop
  endfacet
  facet normal -0.35225 0.935906 0
    outer loop
      vertex -22.0043 53.1231 43
      vertex -18.4828 54.4485 5
      vertex -22.0043 53.1231 5
    endloop
  endfacet
  facet normal 0.935906 0.35225 0
    outer loop
      vertex 54.4485 18.4828 -95
      vertex 53.1231 22.0043 -101
      vertex 53.1231 22.0043 -95
    endloop
  endfacet
  facet normal 0.935906 0.35225 0
    outer loop
      vertex 53.1231 22.0043 -101
      vertex 54.4485 18.4828 -95
      vertex 54.4485 18.4828 -101
    endloop
  endfacet
  facet normal 0.935906 0.35225 0
    outer loop
      vertex 54.4485 18.4828 101
      vertex 53.1231 22.0043 95
      vertex 53.1231 22.0043 101
    endloop
  endfacet
  facet normal 0.935906 0.35225 0
    outer loop
      vertex 53.1231 22.0043 95
      vertex 54.4485 18.4828 101
      vertex 54.4485 18.4828 95
    endloop
  endfacet
  facet normal 0.935906 0.35225 0
    outer loop
      vertex 54.4485 18.4828 -53
      vertex 53.1231 22.0043 -71
      vertex 53.1231 22.0043 -53
    endloop
  endfacet
  facet normal 0.935906 0.35225 0
    outer loop
      vertex 53.1231 22.0043 -71
      vertex 54.4485 18.4828 -53
      vertex 54.4485 18.4828 -71
    endloop
  endfacet
  facet normal 0.935906 0.35225 0
    outer loop
      vertex 54.4485 18.4828 71
      vertex 53.1231 22.0043 53
      vertex 53.1231 22.0043 71
    endloop
  endfacet
  facet normal 0.935906 0.35225 0
    outer loop
      vertex 53.1231 22.0043 53
      vertex 54.4485 18.4828 71
      vertex 54.4485 18.4828 53
    endloop
  endfacet
  facet normal 0.935906 0.35225 0
    outer loop
      vertex 54.4485 18.4828 -5
      vertex 53.1231 22.0043 -43
      vertex 53.1231 22.0043 -5
    endloop
  endfacet
  facet normal 0.935906 0.35225 0
    outer loop
      vertex 53.1231 22.0043 -43
      vertex 54.4485 18.4828 -5
      vertex 54.4485 18.4828 -43
    endloop
  endfacet
  facet normal 0.935906 0.35225 0
    outer loop
      vertex 54.4485 18.4828 43
      vertex 53.1231 22.0043 5
      vertex 53.1231 22.0043 43
    endloop
  endfacet
  facet normal 0.935906 0.35225 0
    outer loop
      vertex 53.1231 22.0043 5
      vertex 54.4485 18.4828 43
      vertex 54.4485 18.4828 5
    endloop
  endfacet
  facet normal 0.412709 0.910863 -0
    outer loop
      vertex 25.4316 51.5702 -101
      vertex 22.0043 53.1231 -95
      vertex 25.4316 51.5702 -95
    endloop
  endfacet
  facet normal 0.412709 0.910863 0
    outer loop
      vertex 22.0043 53.1231 -95
      vertex 25.4316 51.5702 -101
      vertex 22.0043 53.1231 -101
    endloop
  endfacet
  facet normal 0.412709 0.910863 -0
    outer loop
      vertex 25.4316 51.5702 95
      vertex 22.0043 53.1231 101
      vertex 25.4316 51.5702 101
    endloop
  endfacet
  facet normal 0.412709 0.910863 0
    outer loop
      vertex 22.0043 53.1231 101
      vertex 25.4316 51.5702 95
      vertex 22.0043 53.1231 95
    endloop
  endfacet
  facet normal 0.412709 0.910863 -0
    outer loop
      vertex 25.4316 51.5702 -71
      vertex 22.0043 53.1231 -53
      vertex 25.4316 51.5702 -53
    endloop
  endfacet
  facet normal 0.412709 0.910863 0
    outer loop
      vertex 22.0043 53.1231 -53
      vertex 25.4316 51.5702 -71
      vertex 22.0043 53.1231 -71
    endloop
  endfacet
  facet normal 0.412709 0.910863 -0
    outer loop
      vertex 25.4316 51.5702 53
      vertex 22.0043 53.1231 71
      vertex 25.4316 51.5702 71
    endloop
  endfacet
  facet normal 0.412709 0.910863 0
    outer loop
      vertex 22.0043 53.1231 71
      vertex 25.4316 51.5702 53
      vertex 22.0043 53.1231 53
    endloop
  endfacet
  facet normal 0.412709 0.910863 -0
    outer loop
      vertex 25.4316 51.5702 -43
      vertex 22.0043 53.1231 -5
      vertex 25.4316 51.5702 -5
    endloop
  endfacet
  facet normal 0.412709 0.910863 0
    outer loop
      vertex 22.0043 53.1231 -5
      vertex 25.4316 51.5702 -43
      vertex 22.0043 53.1231 -43
    endloop
  endfacet
  facet normal 0.412709 0.910863 -0
    outer loop
      vertex 25.4316 51.5702 5
      vertex 22.0043 53.1231 43
      vertex 25.4316 51.5702 43
    endloop
  endfacet
  facet normal 0.412709 0.910863 0
    outer loop
      vertex 22.0043 53.1231 43
      vertex 25.4316 51.5702 5
      vertex 22.0043 53.1231 5
    endloop
  endfacet
  facet normal 0.582479 0.812845 -0
    outer loop
      vertex 35.0038 45.6178 -101
      vertex 31.9453 47.8095 -95
      vertex 35.0038 45.6178 -95
    endloop
  endfacet
  facet normal 0.582479 0.812845 0
    outer loop
      vertex 31.9453 47.8095 -95
      vertex 35.0038 45.6178 -101
      vertex 31.9453 47.8095 -101
    endloop
  endfacet
  facet normal 0.582479 0.812845 -0
    outer loop
      vertex 35.0038 45.6178 95
      vertex 31.9453 47.8095 101
      vertex 35.0038 45.6178 101
    endloop
  endfacet
  facet normal 0.582479 0.812845 0
    outer loop
      vertex 31.9453 47.8095 101
      vertex 35.0038 45.6178 95
      vertex 31.9453 47.8095 95
    endloop
  endfacet
  facet normal 0.582479 0.812845 -0
    outer loop
      vertex 35.0038 45.6178 -71
      vertex 31.9453 47.8095 -53
      vertex 35.0038 45.6178 -53
    endloop
  endfacet
  facet normal 0.582479 0.812845 0
    outer loop
      vertex 31.9453 47.8095 -53
      vertex 35.0038 45.6178 -71
      vertex 31.9453 47.8095 -71
    endloop
  endfacet
  facet normal 0.582479 0.812845 -0
    outer loop
      vertex 35.0038 45.6178 53
      vertex 31.9453 47.8095 71
      vertex 35.0038 45.6178 71
    endloop
  endfacet
  facet normal 0.582479 0.812845 0
    outer loop
      vertex 31.9453 47.8095 71
      vertex 35.0038 45.6178 53
      vertex 31.9453 47.8095 53
    endloop
  endfacet
  facet normal 0.582479 0.812845 -0
    outer loop
      vertex 35.0038 45.6178 -43
      vertex 31.9453 47.8095 -5
      vertex 35.0038 45.6178 -5
    endloop
  endfacet
  facet normal 0.582479 0.812845 0
    outer loop
      vertex 31.9453 47.8095 -5
      vertex 35.0038 45.6178 -43
      vertex 31.9453 47.8095 -43
    endloop
  endfacet
  facet normal 0.582479 0.812845 -0
    outer loop
      vertex 35.0038 45.6178 5
      vertex 31.9453 47.8095 43
      vertex 35.0038 45.6178 43
    endloop
  endfacet
  facet normal 0.582479 0.812845 0
    outer loop
      vertex 31.9453 47.8095 43
      vertex 35.0038 45.6178 5
      vertex 31.9453 47.8095 5
    endloop
  endfacet
  facet normal -0.910863 0.412709 0
    outer loop
      vertex -53.1231 22.0043 -101
      vertex -51.5702 25.4316 -95
      vertex -51.5702 25.4316 -101
    endloop
  endfacet
  facet normal -0.910863 0.412709 0
    outer loop
      vertex -51.5702 25.4316 -95
      vertex -53.1231 22.0043 -101
      vertex -53.1231 22.0043 -95
    endloop
  endfacet
  facet normal -0.910863 0.412709 0
    outer loop
      vertex -53.1231 22.0043 95
      vertex -51.5702 25.4316 101
      vertex -51.5702 25.4316 95
    endloop
  endfacet
  facet normal -0.910863 0.412709 0
    outer loop
      vertex -51.5702 25.4316 101
      vertex -53.1231 22.0043 95
      vertex -53.1231 22.0043 101
    endloop
  endfacet
  facet normal -0.910863 0.412709 0
    outer loop
      vertex -53.1231 22.0043 -71
      vertex -51.5702 25.4316 -53
      vertex -51.5702 25.4316 -71
    endloop
  endfacet
  facet normal -0.910863 0.412709 0
    outer loop
      vertex -51.5702 25.4316 -53
      vertex -53.1231 22.0043 -71
      vertex -53.1231 22.0043 -53
    endloop
  endfacet
  facet normal -0.910863 0.412709 0
    outer loop
      vertex -53.1231 22.0043 53
      vertex -51.5702 25.4316 71
      vertex -51.5702 25.4316 53
    endloop
  endfacet
  facet normal -0.910863 0.412709 0
    outer loop
      vertex -51.5702 25.4316 71
      vertex -53.1231 22.0043 53
      vertex -53.1231 22.0043 71
    endloop
  endfacet
  facet normal -0.910863 0.412709 0
    outer loop
      vertex -53.1231 22.0043 -43
      vertex -51.5702 25.4316 -5
      vertex -51.5702 25.4316 -43
    endloop
  endfacet
  facet normal -0.910863 0.412709 0
    outer loop
      vertex -51.5702 25.4316 -5
      vertex -53.1231 22.0043 -43
      vertex -53.1231 22.0043 -5
    endloop
  endfacet
  facet normal -0.910863 0.412709 0
    outer loop
      vertex -53.1231 22.0043 5
      vertex -51.5702 25.4316 43
      vertex -51.5702 25.4316 5
    endloop
  endfacet
  facet normal -0.910863 0.412709 0
    outer loop
      vertex -51.5702 25.4316 43
      vertex -53.1231 22.0043 5
      vertex -53.1231 22.0043 43
    endloop
  endfacet
  facet normal -0.162889 0.986644 0
    outer loop
      vertex -7.50526 57.0081 -101
      vertex -11.2177 56.3952 -95
      vertex -7.50526 57.0081 -95
    endloop
  endfacet
  facet normal -0.162889 0.986644 0
    outer loop
      vertex -11.2177 56.3952 -95
      vertex -7.50526 57.0081 -101
      vertex -11.2177 56.3952 -101
    endloop
  endfacet
  facet normal -0.162889 0.986644 0
    outer loop
      vertex -7.50526 57.0081 95
      vertex -11.2177 56.3952 101
      vertex -7.50526 57.0081 101
    endloop
  endfacet
  facet normal -0.162889 0.986644 0
    outer loop
      vertex -11.2177 56.3952 101
      vertex -7.50526 57.0081 95
      vertex -11.2177 56.3952 95
    endloop
  endfacet
  facet normal -0.162889 0.986644 0
    outer loop
      vertex -7.50526 57.0081 -71
      vertex -11.2177 56.3952 -53
      vertex -7.50526 57.0081 -53
    endloop
  endfacet
  facet normal -0.162889 0.986644 0
    outer loop
      vertex -11.2177 56.3952 -53
      vertex -7.50526 57.0081 -71
      vertex -11.2177 56.3952 -71
    endloop
  endfacet
  facet normal -0.162889 0.986644 0
    outer loop
      vertex -7.50526 57.0081 53
      vertex -11.2177 56.3952 71
      vertex -7.50526 57.0081 71
    endloop
  endfacet
  facet normal -0.162889 0.986644 0
    outer loop
      vertex -11.2177 56.3952 71
      vertex -7.50526 57.0081 53
      vertex -11.2177 56.3952 53
    endloop
  endfacet
  facet normal -0.162889 0.986644 0
    outer loop
      vertex -7.50526 57.0081 -43
      vertex -11.2177 56.3952 -5
      vertex -7.50526 57.0081 -5
    endloop
  endfacet
  facet normal -0.162889 0.986644 0
    outer loop
      vertex -11.2177 56.3952 -5
      vertex -7.50526 57.0081 -43
      vertex -11.2177 56.3952 -43
    endloop
  endfacet
  facet normal -0.162889 0.986644 0
    outer loop
      vertex -7.50526 57.0081 5
      vertex -11.2177 56.3952 43
      vertex -7.50526 57.0081 43
    endloop
  endfacet
  facet normal -0.162889 0.986644 0
    outer loop
      vertex -11.2177 56.3952 43
      vertex -7.50526 57.0081 5
      vertex -11.2177 56.3952 5
    endloop
  endfacet
  facet normal 0.986644 0.162889 0
    outer loop
      vertex 57.0081 7.50526 101
      vertex 56.3952 11.2177 95
      vertex 56.3952 11.2177 101
    endloop
  endfacet
  facet normal 0.986644 0.162889 0
    outer loop
      vertex 56.3952 11.2177 95
      vertex 57.0081 7.50526 101
      vertex 57.0081 7.50526 95
    endloop
  endfacet
  facet normal 0.986644 0.162889 0
    outer loop
      vertex 57.0081 7.50526 -95
      vertex 56.3952 11.2177 -101
      vertex 56.3952 11.2177 -95
    endloop
  endfacet
  facet normal 0.986644 0.162889 0
    outer loop
      vertex 56.3952 11.2177 -101
      vertex 57.0081 7.50526 -95
      vertex 57.0081 7.50526 -101
    endloop
  endfacet
  facet normal 0.986644 0.162889 0
    outer loop
      vertex 57.0081 7.50526 -53
      vertex 56.3952 11.2177 -71
      vertex 56.3952 11.2177 -53
    endloop
  endfacet
  facet normal 0.986644 0.162889 0
    outer loop
      vertex 56.3952 11.2177 -71
      vertex 57.0081 7.50526 -53
      vertex 57.0081 7.50526 -71
    endloop
  endfacet
  facet normal 0.986644 0.162889 0
    outer loop
      vertex 57.0081 7.50526 71
      vertex 56.3952 11.2177 53
      vertex 56.3952 11.2177 71
    endloop
  endfacet
  facet normal 0.986644 0.162889 0
    outer loop
      vertex 56.3952 11.2177 53
      vertex 57.0081 7.50526 71
      vertex 57.0081 7.50526 53
    endloop
  endfacet
  facet normal 0.986644 0.162889 0
    outer loop
      vertex 57.0081 7.50526 -5
      vertex 56.3952 11.2177 -43
      vertex 56.3952 11.2177 -5
    endloop
  endfacet
  facet normal 0.986644 0.162889 0
    outer loop
      vertex 56.3952 11.2177 -43
      vertex 57.0081 7.50526 -5
      vertex 57.0081 7.50526 -43
    endloop
  endfacet
  facet normal 0.986644 0.162889 0
    outer loop
      vertex 57.0081 7.50526 43
      vertex 56.3952 11.2177 5
      vertex 56.3952 11.2177 43
    endloop
  endfacet
  facet normal 0.986644 0.162889 0
    outer loop
      vertex 56.3952 11.2177 5
      vertex 57.0081 7.50526 43
      vertex 57.0081 7.50526 5
    endloop
  endfacet
  facet normal 0.995185 0.0980148 0
    outer loop
      vertex 57.3769 3.76068 -95
      vertex 57.0081 7.50526 -101
      vertex 57.0081 7.50526 -95
    endloop
  endfacet
  facet normal 0.995185 0.0980148 0
    outer loop
      vertex 57.0081 7.50526 -101
      vertex 57.3769 3.76068 -95
      vertex 57.3769 3.76068 -101
    endloop
  endfacet
  facet normal 0.995185 0.0980148 0
    outer loop
      vertex 57.3769 3.76068 101
      vertex 57.0081 7.50526 95
      vertex 57.0081 7.50526 101
    endloop
  endfacet
  facet normal 0.995185 0.0980148 0
    outer loop
      vertex 57.0081 7.50526 95
      vertex 57.3769 3.76068 101
      vertex 57.3769 3.76068 95
    endloop
  endfacet
  facet normal 0.995185 0.0980148 0
    outer loop
      vertex 57.3769 3.76068 -53
      vertex 57.0081 7.50526 -71
      vertex 57.0081 7.50526 -53
    endloop
  endfacet
  facet normal 0.995185 0.0980148 0
    outer loop
      vertex 57.0081 7.50526 -71
      vertex 57.3769 3.76068 -53
      vertex 57.3769 3.76068 -71
    endloop
  endfacet
  facet normal 0.995185 0.0980148 0
    outer loop
      vertex 57.3769 3.76068 71
      vertex 57.0081 7.50526 53
      vertex 57.0081 7.50526 71
    endloop
  endfacet
  facet normal 0.995185 0.0980148 0
    outer loop
      vertex 57.0081 7.50526 53
      vertex 57.3769 3.76068 71
      vertex 57.3769 3.76068 53
    endloop
  endfacet
  facet normal 0.995185 0.0980148 0
    outer loop
      vertex 57.3769 3.76068 -5
      vertex 57.0081 7.50526 -43
      vertex 57.0081 7.50526 -5
    endloop
  endfacet
  facet normal 0.995185 0.0980148 0
    outer loop
      vertex 57.0081 7.50526 -43
      vertex 57.3769 3.76068 -5
      vertex 57.3769 3.76068 -43
    endloop
  endfacet
  facet normal 0.995185 0.0980148 0
    outer loop
      vertex 57.3769 3.76068 43
      vertex 57.0081 7.50526 5
      vertex 57.0081 7.50526 43
    endloop
  endfacet
  facet normal 0.995185 0.0980148 0
    outer loop
      vertex 57.0081 7.50526 5
      vertex 57.3769 3.76068 43
      vertex 57.3769 3.76068 5
    endloop
  endfacet
  facet normal 0.973872 0.227097 0
    outer loop
      vertex 56.3952 11.2177 -95
      vertex 55.5407 14.8821 -101
      vertex 55.5407 14.8821 -95
    endloop
  endfacet
  facet normal 0.973872 0.227097 0
    outer loop
      vertex 55.5407 14.8821 -101
      vertex 56.3952 11.2177 -95
      vertex 56.3952 11.2177 -101
    endloop
  endfacet
  facet normal 0.973872 0.227097 0
    outer loop
      vertex 56.3952 11.2177 101
      vertex 55.5407 14.8821 95
      vertex 55.5407 14.8821 101
    endloop
  endfacet
  facet normal 0.973872 0.227097 0
    outer loop
      vertex 55.5407 14.8821 95
      vertex 56.3952 11.2177 101
      vertex 56.3952 11.2177 95
    endloop
  endfacet
  facet normal 0.973872 0.227097 0
    outer loop
      vertex 56.3952 11.2177 -53
      vertex 55.5407 14.8821 -71
      vertex 55.5407 14.8821 -53
    endloop
  endfacet
  facet normal 0.973872 0.227097 0
    outer loop
      vertex 55.5407 14.8821 -71
      vertex 56.3952 11.2177 -53
      vertex 56.3952 11.2177 -71
    endloop
  endfacet
  facet normal 0.973872 0.227097 0
    outer loop
      vertex 56.3952 11.2177 71
      vertex 55.5407 14.8821 53
      vertex 55.5407 14.8821 71
    endloop
  endfacet
  facet normal 0.973872 0.227097 0
    outer loop
      vertex 55.5407 14.8821 53
      vertex 56.3952 11.2177 71
      vertex 56.3952 11.2177 53
    endloop
  endfacet
  facet normal 0.973872 0.227097 0
    outer loop
      vertex 56.3952 11.2177 -5
      vertex 55.5407 14.8821 -43
      vertex 55.5407 14.8821 -5
    endloop
  endfacet
  facet normal 0.973872 0.227097 0
    outer loop
      vertex 55.5407 14.8821 -43
      vertex 56.3952 11.2177 -5
      vertex 56.3952 11.2177 -43
    endloop
  endfacet
  facet normal 0.973872 0.227097 0
    outer loop
      vertex 56.3952 11.2177 43
      vertex 55.5407 14.8821 5
      vertex 55.5407 14.8821 43
    endloop
  endfacet
  facet normal 0.973872 0.227097 0
    outer loop
      vertex 55.5407 14.8821 5
      vertex 56.3952 11.2177 43
      vertex 56.3952 11.2177 5
    endloop
  endfacet
  facet normal 0.849198 0.528075 0
    outer loop
      vertex 49.7965 28.75 101
      vertex 47.8095 31.9453 95
      vertex 47.8095 31.9453 101
    endloop
  endfacet
  facet normal 0.849198 0.528075 0
    outer loop
      vertex 47.8095 31.9453 95
      vertex 49.7965 28.75 101
      vertex 49.7965 28.75 95
    endloop
  endfacet
  facet normal 0.849198 0.528075 0
    outer loop
      vertex 49.7965 28.75 -95
      vertex 47.8095 31.9453 -101
      vertex 47.8095 31.9453 -95
    endloop
  endfacet
  facet normal 0.849198 0.528075 0
    outer loop
      vertex 47.8095 31.9453 -101
      vertex 49.7965 28.75 -95
      vertex 49.7965 28.75 -101
    endloop
  endfacet
  facet normal 0.849198 0.528075 0
    outer loop
      vertex 49.7965 28.75 -53
      vertex 47.8095 31.9453 -71
      vertex 47.8095 31.9453 -53
    endloop
  endfacet
  facet normal 0.849198 0.528075 0
    outer loop
      vertex 47.8095 31.9453 -71
      vertex 49.7965 28.75 -53
      vertex 49.7965 28.75 -71
    endloop
  endfacet
  facet normal 0.849198 0.528075 0
    outer loop
      vertex 49.7965 28.75 71
      vertex 47.8095 31.9453 53
      vertex 47.8095 31.9453 71
    endloop
  endfacet
  facet normal 0.849198 0.528075 0
    outer loop
      vertex 47.8095 31.9453 53
      vertex 49.7965 28.75 71
      vertex 49.7965 28.75 53
    endloop
  endfacet
  facet normal 0.849198 0.528075 0
    outer loop
      vertex 49.7965 28.75 -5
      vertex 47.8095 31.9453 -43
      vertex 47.8095 31.9453 -5
    endloop
  endfacet
  facet normal 0.849198 0.528075 0
    outer loop
      vertex 47.8095 31.9453 -43
      vertex 49.7965 28.75 -5
      vertex 49.7965 28.75 -43
    endloop
  endfacet
  facet normal 0.849198 0.528075 0
    outer loop
      vertex 49.7965 28.75 43
      vertex 47.8095 31.9453 5
      vertex 47.8095 31.9453 43
    endloop
  endfacet
  facet normal 0.849198 0.528075 0
    outer loop
      vertex 47.8095 31.9453 5
      vertex 49.7965 28.75 43
      vertex 49.7965 28.75 5
    endloop
  endfacet
  facet normal 0.812845 0.582479 0
    outer loop
      vertex 47.8095 31.9453 101
      vertex 45.6178 35.0038 95
      vertex 45.6178 35.0038 101
    endloop
  endfacet
  facet normal 0.812845 0.582479 0
    outer loop
      vertex 45.6178 35.0038 95
      vertex 47.8095 31.9453 101
      vertex 47.8095 31.9453 95
    endloop
  endfacet
  facet normal 0.812845 0.582479 0
    outer loop
      vertex 47.8095 31.9453 -95
      vertex 45.6178 35.0038 -101
      vertex 45.6178 35.0038 -95
    endloop
  endfacet
  facet normal 0.812845 0.582479 0
    outer loop
      vertex 45.6178 35.0038 -101
      vertex 47.8095 31.9453 -95
      vertex 47.8095 31.9453 -101
    endloop
  endfacet
  facet normal 0.812845 0.582479 0
    outer loop
      vertex 47.8095 31.9453 -53
      vertex 45.6178 35.0038 -71
      vertex 45.6178 35.0038 -53
    endloop
  endfacet
  facet normal 0.812845 0.582479 0
    outer loop
      vertex 45.6178 35.0038 -71
      vertex 47.8095 31.9453 -53
      vertex 47.8095 31.9453 -71
    endloop
  endfacet
  facet normal 0.812845 0.582479 0
    outer loop
      vertex 47.8095 31.9453 71
      vertex 45.6178 35.0038 53
      vertex 45.6178 35.0038 71
    endloop
  endfacet
  facet normal 0.812845 0.582479 0
    outer loop
      vertex 45.6178 35.0038 53
      vertex 47.8095 31.9453 71
      vertex 47.8095 31.9453 53
    endloop
  endfacet
  facet normal 0.812845 0.582479 0
    outer loop
      vertex 47.8095 31.9453 -5
      vertex 45.6178 35.0038 -43
      vertex 45.6178 35.0038 -5
    endloop
  endfacet
  facet normal 0.812845 0.582479 0
    outer loop
      vertex 45.6178 35.0038 -43
      vertex 47.8095 31.9453 -5
      vertex 47.8095 31.9453 -43
    endloop
  endfacet
  facet normal 0.812845 0.582479 0
    outer loop
      vertex 47.8095 31.9453 43
      vertex 45.6178 35.0038 5
      vertex 45.6178 35.0038 43
    endloop
  endfacet
  facet normal 0.812845 0.582479 0
    outer loop
      vertex 45.6178 35.0038 5
      vertex 47.8095 31.9453 43
      vertex 47.8095 31.9453 5
    endloop
  endfacet
  facet normal 0.881924 0.471392 0
    outer loop
      vertex 51.5702 25.4316 -95
      vertex 49.7965 28.75 -101
      vertex 49.7965 28.75 -95
    endloop
  endfacet
  facet normal 0.881924 0.471392 0
    outer loop
      vertex 49.7965 28.75 -101
      vertex 51.5702 25.4316 -95
      vertex 51.5702 25.4316 -101
    endloop
  endfacet
  facet normal 0.881924 0.471392 0
    outer loop
      vertex 51.5702 25.4316 101
      vertex 49.7965 28.75 95
      vertex 49.7965 28.75 101
    endloop
  endfacet
  facet normal 0.881924 0.471392 0
    outer loop
      vertex 49.7965 28.75 95
      vertex 51.5702 25.4316 101
      vertex 51.5702 25.4316 95
    endloop
  endfacet
  facet normal 0.881924 0.471392 0
    outer loop
      vertex 51.5702 25.4316 -53
      vertex 49.7965 28.75 -71
      vertex 49.7965 28.75 -53
    endloop
  endfacet
  facet normal 0.881924 0.471392 0
    outer loop
      vertex 49.7965 28.75 -71
      vertex 51.5702 25.4316 -53
      vertex 51.5702 25.4316 -71
    endloop
  endfacet
  facet normal 0.881924 0.471392 0
    outer loop
      vertex 51.5702 25.4316 71
      vertex 49.7965 28.75 53
      vertex 49.7965 28.75 71
    endloop
  endfacet
  facet normal 0.881924 0.471392 0
    outer loop
      vertex 49.7965 28.75 53
      vertex 51.5702 25.4316 71
      vertex 51.5702 25.4316 53
    endloop
  endfacet
  facet normal 0.881924 0.471392 0
    outer loop
      vertex 51.5702 25.4316 -5
      vertex 49.7965 28.75 -43
      vertex 49.7965 28.75 -5
    endloop
  endfacet
  facet normal 0.881924 0.471392 0
    outer loop
      vertex 49.7965 28.75 -43
      vertex 51.5702 25.4316 -5
      vertex 51.5702 25.4316 -43
    endloop
  endfacet
  facet normal 0.881924 0.471392 0
    outer loop
      vertex 51.5702 25.4316 43
      vertex 49.7965 28.75 5
      vertex 49.7965 28.75 43
    endloop
  endfacet
  facet normal 0.881924 0.471392 0
    outer loop
      vertex 49.7965 28.75 5
      vertex 51.5702 25.4316 43
      vertex 51.5702 25.4316 5
    endloop
  endfacet
  facet normal 0.227097 0.973872 -0
    outer loop
      vertex 14.8821 55.5407 -101
      vertex 11.2177 56.3952 -95
      vertex 14.8821 55.5407 -95
    endloop
  endfacet
  facet normal 0.227097 0.973872 0
    outer loop
      vertex 11.2177 56.3952 -95
      vertex 14.8821 55.5407 -101
      vertex 11.2177 56.3952 -101
    endloop
  endfacet
  facet normal 0.227097 0.973872 -0
    outer loop
      vertex 14.8821 55.5407 95
      vertex 11.2177 56.3952 101
      vertex 14.8821 55.5407 101
    endloop
  endfacet
  facet normal 0.227097 0.973872 0
    outer loop
      vertex 11.2177 56.3952 101
      vertex 14.8821 55.5407 95
      vertex 11.2177 56.3952 95
    endloop
  endfacet
  facet normal 0.227097 0.973872 -0
    outer loop
      vertex 14.8821 55.5407 -71
      vertex 11.2177 56.3952 -53
      vertex 14.8821 55.5407 -53
    endloop
  endfacet
  facet normal 0.227097 0.973872 0
    outer loop
      vertex 11.2177 56.3952 -53
      vertex 14.8821 55.5407 -71
      vertex 11.2177 56.3952 -71
    endloop
  endfacet
  facet normal 0.227097 0.973872 -0
    outer loop
      vertex 14.8821 55.5407 53
      vertex 11.2177 56.3952 71
      vertex 14.8821 55.5407 71
    endloop
  endfacet
  facet normal 0.227097 0.973872 0
    outer loop
      vertex 11.2177 56.3952 71
      vertex 14.8821 55.5407 53
      vertex 11.2177 56.3952 53
    endloop
  endfacet
  facet normal 0.227097 0.973872 -0
    outer loop
      vertex 14.8821 55.5407 -43
      vertex 11.2177 56.3952 -5
      vertex 14.8821 55.5407 -5
    endloop
  endfacet
  facet normal 0.227097 0.973872 0
    outer loop
      vertex 11.2177 56.3952 -5
      vertex 14.8821 55.5407 -43
      vertex 11.2177 56.3952 -43
    endloop
  endfacet
  facet normal 0.227097 0.973872 -0
    outer loop
      vertex 14.8821 55.5407 5
      vertex 11.2177 56.3952 43
      vertex 14.8821 55.5407 43
    endloop
  endfacet
  facet normal 0.227097 0.973872 0
    outer loop
      vertex 11.2177 56.3952 43
      vertex 14.8821 55.5407 5
      vertex 11.2177 56.3952 5
    endloop
  endfacet
  facet normal 0.162889 0.986644 -0
    outer loop
      vertex 11.2177 56.3952 -101
      vertex 7.50526 57.0081 -95
      vertex 11.2177 56.3952 -95
    endloop
  endfacet
  facet normal 0.162889 0.986644 0
    outer loop
      vertex 7.50526 57.0081 -95
      vertex 11.2177 56.3952 -101
      vertex 7.50526 57.0081 -101
    endloop
  endfacet
  facet normal 0.162889 0.986644 -0
    outer loop
      vertex 11.2177 56.3952 95
      vertex 7.50526 57.0081 101
      vertex 11.2177 56.3952 101
    endloop
  endfacet
  facet normal 0.162889 0.986644 0
    outer loop
      vertex 7.50526 57.0081 101
      vertex 11.2177 56.3952 95
      vertex 7.50526 57.0081 95
    endloop
  endfacet
  facet normal 0.162889 0.986644 -0
    outer loop
      vertex 11.2177 56.3952 -71
      vertex 7.50526 57.0081 -53
      vertex 11.2177 56.3952 -53
    endloop
  endfacet
  facet normal 0.162889 0.986644 0
    outer loop
      vertex 7.50526 57.0081 -53
      vertex 11.2177 56.3952 -71
      vertex 7.50526 57.0081 -71
    endloop
  endfacet
  facet normal 0.162889 0.986644 -0
    outer loop
      vertex 11.2177 56.3952 53
      vertex 7.50526 57.0081 71
      vertex 11.2177 56.3952 71
    endloop
  endfacet
  facet normal 0.162889 0.986644 0
    outer loop
      vertex 7.50526 57.0081 71
      vertex 11.2177 56.3952 53
      vertex 7.50526 57.0081 53
    endloop
  endfacet
  facet normal 0.162889 0.986644 -0
    outer loop
      vertex 11.2177 56.3952 -43
      vertex 7.50526 57.0081 -5
      vertex 11.2177 56.3952 -5
    endloop
  endfacet
  facet normal 0.162889 0.986644 0
    outer loop
      vertex 7.50526 57.0081 -5
      vertex 11.2177 56.3952 -43
      vertex 7.50526 57.0081 -43
    endloop
  endfacet
  facet normal 0.162889 0.986644 -0
    outer loop
      vertex 11.2177 56.3952 5
      vertex 7.50526 57.0081 43
      vertex 11.2177 56.3952 43
    endloop
  endfacet
  facet normal 0.162889 0.986644 0
    outer loop
      vertex 7.50526 57.0081 43
      vertex 11.2177 56.3952 5
      vertex 7.50526 57.0081 5
    endloop
  endfacet
  facet normal 0.528075 0.849198 -0
    outer loop
      vertex 31.9453 47.8095 -101
      vertex 28.75 49.7965 -95
      vertex 31.9453 47.8095 -95
    endloop
  endfacet
  facet normal 0.528075 0.849198 0
    outer loop
      vertex 28.75 49.7965 -95
      vertex 31.9453 47.8095 -101
      vertex 28.75 49.7965 -101
    endloop
  endfacet
  facet normal 0.528075 0.849198 -0
    outer loop
      vertex 31.9453 47.8095 95
      vertex 28.75 49.7965 101
      vertex 31.9453 47.8095 101
    endloop
  endfacet
  facet normal 0.528075 0.849198 0
    outer loop
      vertex 28.75 49.7965 101
      vertex 31.9453 47.8095 95
      vertex 28.75 49.7965 95
    endloop
  endfacet
  facet normal 0.528075 0.849198 -0
    outer loop
      vertex 31.9453 47.8095 -71
      vertex 28.75 49.7965 -53
      vertex 31.9453 47.8095 -53
    endloop
  endfacet
  facet normal 0.528075 0.849198 0
    outer loop
      vertex 28.75 49.7965 -53
      vertex 31.9453 47.8095 -71
      vertex 28.75 49.7965 -71
    endloop
  endfacet
  facet normal 0.528075 0.849198 -0
    outer loop
      vertex 31.9453 47.8095 53
      vertex 28.75 49.7965 71
      vertex 31.9453 47.8095 71
    endloop
  endfacet
  facet normal 0.528075 0.849198 0
    outer loop
      vertex 28.75 49.7965 71
      vertex 31.9453 47.8095 53
      vertex 28.75 49.7965 53
    endloop
  endfacet
  facet normal 0.528075 0.849198 -0
    outer loop
      vertex 31.9453 47.8095 -43
      vertex 28.75 49.7965 -5
      vertex 31.9453 47.8095 -5
    endloop
  endfacet
  facet normal 0.528075 0.849198 0
    outer loop
      vertex 28.75 49.7965 -5
      vertex 31.9453 47.8095 -43
      vertex 28.75 49.7965 -43
    endloop
  endfacet
  facet normal 0.528075 0.849198 -0
    outer loop
      vertex 31.9453 47.8095 5
      vertex 28.75 49.7965 43
      vertex 31.9453 47.8095 43
    endloop
  endfacet
  facet normal 0.528075 0.849198 0
    outer loop
      vertex 28.75 49.7965 43
      vertex 31.9453 47.8095 5
      vertex 28.75 49.7965 5
    endloop
  endfacet
  facet normal 0.634389 0.773014 -0
    outer loop
      vertex 37.9124 43.2308 -101
      vertex 35.0038 45.6178 -95
      vertex 37.9124 43.2308 -95
    endloop
  endfacet
  facet normal 0.634389 0.773014 0
    outer loop
      vertex 35.0038 45.6178 -95
      vertex 37.9124 43.2308 -101
      vertex 35.0038 45.6178 -101
    endloop
  endfacet
  facet normal 0.634389 0.773014 -0
    outer loop
      vertex 37.9124 43.2308 95
      vertex 35.0038 45.6178 101
      vertex 37.9124 43.2308 101
    endloop
  endfacet
  facet normal 0.634389 0.773014 0
    outer loop
      vertex 35.0038 45.6178 101
      vertex 37.9124 43.2308 95
      vertex 35.0038 45.6178 95
    endloop
  endfacet
  facet normal 0.634389 0.773014 -0
    outer loop
      vertex 37.9124 43.2308 -71
      vertex 35.0038 45.6178 -53
      vertex 37.9124 43.2308 -53
    endloop
  endfacet
  facet normal 0.634389 0.773014 0
    outer loop
      vertex 35.0038 45.6178 -53
      vertex 37.9124 43.2308 -71
      vertex 35.0038 45.6178 -71
    endloop
  endfacet
  facet normal 0.634389 0.773014 -0
    outer loop
      vertex 37.9124 43.2308 53
      vertex 35.0038 45.6178 71
      vertex 37.9124 43.2308 71
    endloop
  endfacet
  facet normal 0.634389 0.773014 0
    outer loop
      vertex 35.0038 45.6178 71
      vertex 37.9124 43.2308 53
      vertex 35.0038 45.6178 53
    endloop
  endfacet
  facet normal 0.634389 0.773014 -0
    outer loop
      vertex 37.9124 43.2308 -43
      vertex 35.0038 45.6178 -5
      vertex 37.9124 43.2308 -5
    endloop
  endfacet
  facet normal 0.634389 0.773014 0
    outer loop
      vertex 35.0038 45.6178 -5
      vertex 37.9124 43.2308 -43
      vertex 35.0038 45.6178 -43
    endloop
  endfacet
  facet normal 0.634389 0.773014 -0
    outer loop
      vertex 37.9124 43.2308 5
      vertex 35.0038 45.6178 43
      vertex 37.9124 43.2308 43
    endloop
  endfacet
  facet normal 0.634389 0.773014 0
    outer loop
      vertex 35.0038 45.6178 43
      vertex 37.9124 43.2308 5
      vertex 35.0038 45.6178 5
    endloop
  endfacet
  facet normal -0.973872 0.227097 0
    outer loop
      vertex -56.3952 11.2177 -101
      vertex -55.5407 14.8821 -95
      vertex -55.5407 14.8821 -101
    endloop
  endfacet
  facet normal -0.973872 0.227097 0
    outer loop
      vertex -55.5407 14.8821 -95
      vertex -56.3952 11.2177 -101
      vertex -56.3952 11.2177 -95
    endloop
  endfacet
  facet normal -0.973872 0.227097 0
    outer loop
      vertex -56.3952 11.2177 95
      vertex -55.5407 14.8821 101
      vertex -55.5407 14.8821 95
    endloop
  endfacet
  facet normal -0.973872 0.227097 0
    outer loop
      vertex -55.5407 14.8821 101
      vertex -56.3952 11.2177 95
      vertex -56.3952 11.2177 101
    endloop
  endfacet
  facet normal -0.973872 0.227097 0
    outer loop
      vertex -56.3952 11.2177 -71
      vertex -55.5407 14.8821 -53
      vertex -55.5407 14.8821 -71
    endloop
  endfacet
  facet normal -0.973872 0.227097 0
    outer loop
      vertex -55.5407 14.8821 -53
      vertex -56.3952 11.2177 -71
      vertex -56.3952 11.2177 -53
    endloop
  endfacet
  facet normal -0.973872 0.227097 0
    outer loop
      vertex -56.3952 11.2177 53
      vertex -55.5407 14.8821 71
      vertex -55.5407 14.8821 53
    endloop
  endfacet
  facet normal -0.973872 0.227097 0
    outer loop
      vertex -55.5407 14.8821 71
      vertex -56.3952 11.2177 53
      vertex -56.3952 11.2177 71
    endloop
  endfacet
  facet normal -0.973872 0.227097 0
    outer loop
      vertex -56.3952 11.2177 -43
      vertex -55.5407 14.8821 -5
      vertex -55.5407 14.8821 -43
    endloop
  endfacet
  facet normal -0.973872 0.227097 0
    outer loop
      vertex -55.5407 14.8821 -5
      vertex -56.3952 11.2177 -43
      vertex -56.3952 11.2177 -5
    endloop
  endfacet
  facet normal -0.973872 0.227097 0
    outer loop
      vertex -56.3952 11.2177 5
      vertex -55.5407 14.8821 43
      vertex -55.5407 14.8821 5
    endloop
  endfacet
  facet normal -0.973872 0.227097 0
    outer loop
      vertex -55.5407 14.8821 43
      vertex -56.3952 11.2177 5
      vertex -56.3952 11.2177 43
    endloop
  endfacet
  facet normal -0.812845 0.582479 0
    outer loop
      vertex -47.8095 31.9453 -101
      vertex -45.6178 35.0038 -95
      vertex -45.6178 35.0038 -101
    endloop
  endfacet
  facet normal -0.812845 0.582479 0
    outer loop
      vertex -45.6178 35.0038 -95
      vertex -47.8095 31.9453 -101
      vertex -47.8095 31.9453 -95
    endloop
  endfacet
  facet normal -0.812845 0.582479 0
    outer loop
      vertex -47.8095 31.9453 95
      vertex -45.6178 35.0038 101
      vertex -45.6178 35.0038 95
    endloop
  endfacet
  facet normal -0.812845 0.582479 0
    outer loop
      vertex -45.6178 35.0038 101
      vertex -47.8095 31.9453 95
      vertex -47.8095 31.9453 101
    endloop
  endfacet
  facet normal -0.812845 0.582479 0
    outer loop
      vertex -47.8095 31.9453 -71
      vertex -45.6178 35.0038 -53
      vertex -45.6178 35.0038 -71
    endloop
  endfacet
  facet normal -0.812845 0.582479 0
    outer loop
      vertex -45.6178 35.0038 -53
      vertex -47.8095 31.9453 -71
      vertex -47.8095 31.9453 -53
    endloop
  endfacet
  facet normal -0.812845 0.582479 0
    outer loop
      vertex -47.8095 31.9453 53
      vertex -45.6178 35.0038 71
      vertex -45.6178 35.0038 53
    endloop
  endfacet
  facet normal -0.812845 0.582479 0
    outer loop
      vertex -45.6178 35.0038 71
      vertex -47.8095 31.9453 53
      vertex -47.8095 31.9453 71
    endloop
  endfacet
  facet normal -0.812845 0.582479 0
    outer loop
      vertex -47.8095 31.9453 -43
      vertex -45.6178 35.0038 -5
      vertex -45.6178 35.0038 -43
    endloop
  endfacet
  facet normal -0.812845 0.582479 0
    outer loop
      vertex -45.6178 35.0038 -5
      vertex -47.8095 31.9453 -43
      vertex -47.8095 31.9453 -5
    endloop
  endfacet
  facet normal -0.812845 0.582479 0
    outer loop
      vertex -47.8095 31.9453 5
      vertex -45.6178 35.0038 43
      vertex -45.6178 35.0038 5
    endloop
  endfacet
  facet normal -0.812845 0.582479 0
    outer loop
      vertex -45.6178 35.0038 43
      vertex -47.8095 31.9453 5
      vertex -47.8095 31.9453 43
    endloop
  endfacet
  facet normal -0.849198 0.528075 0
    outer loop
      vertex -49.7965 28.75 -101
      vertex -47.8095 31.9453 -95
      vertex -47.8095 31.9453 -101
    endloop
  endfacet
  facet normal -0.849198 0.528075 0
    outer loop
      vertex -47.8095 31.9453 -95
      vertex -49.7965 28.75 -101
      vertex -49.7965 28.75 -95
    endloop
  endfacet
  facet normal -0.849198 0.528075 0
    outer loop
      vertex -49.7965 28.75 95
      vertex -47.8095 31.9453 101
      vertex -47.8095 31.9453 95
    endloop
  endfacet
  facet normal -0.849198 0.528075 0
    outer loop
      vertex -47.8095 31.9453 101
      vertex -49.7965 28.75 95
      vertex -49.7965 28.75 101
    endloop
  endfacet
  facet normal -0.849198 0.528075 0
    outer loop
      vertex -49.7965 28.75 -71
      vertex -47.8095 31.9453 -53
      vertex -47.8095 31.9453 -71
    endloop
  endfacet
  facet normal -0.849198 0.528075 0
    outer loop
      vertex -47.8095 31.9453 -53
      vertex -49.7965 28.75 -71
      vertex -49.7965 28.75 -53
    endloop
  endfacet
  facet normal -0.849198 0.528075 0
    outer loop
      vertex -49.7965 28.75 53
      vertex -47.8095 31.9453 71
      vertex -47.8095 31.9453 53
    endloop
  endfacet
  facet normal -0.849198 0.528075 0
    outer loop
      vertex -47.8095 31.9453 71
      vertex -49.7965 28.75 53
      vertex -49.7965 28.75 71
    endloop
  endfacet
  facet normal -0.849198 0.528075 0
    outer loop
      vertex -49.7965 28.75 -43
      vertex -47.8095 31.9453 -5
      vertex -47.8095 31.9453 -43
    endloop
  endfacet
  facet normal -0.849198 0.528075 0
    outer loop
      vertex -47.8095 31.9453 -5
      vertex -49.7965 28.75 -43
      vertex -49.7965 28.75 -5
    endloop
  endfacet
  facet normal -0.849198 0.528075 0
    outer loop
      vertex -49.7965 28.75 5
      vertex -47.8095 31.9453 43
      vertex -47.8095 31.9453 5
    endloop
  endfacet
  facet normal -0.849198 0.528075 0
    outer loop
      vertex -47.8095 31.9453 43
      vertex -49.7965 28.75 5
      vertex -49.7965 28.75 43
    endloop
  endfacet
  facet normal -0.986644 0.162889 0
    outer loop
      vertex -57.0081 7.50526 -101
      vertex -56.3952 11.2177 -95
      vertex -56.3952 11.2177 -101
    endloop
  endfacet
  facet normal -0.986644 0.162889 0
    outer loop
      vertex -56.3952 11.2177 -95
      vertex -57.0081 7.50526 -101
      vertex -57.0081 7.50526 -95
    endloop
  endfacet
  facet normal -0.986644 0.162889 0
    outer loop
      vertex -57.0081 7.50526 95
      vertex -56.3952 11.2177 101
      vertex -56.3952 11.2177 95
    endloop
  endfacet
  facet normal -0.986644 0.162889 0
    outer loop
      vertex -56.3952 11.2177 101
      vertex -57.0081 7.50526 95
      vertex -57.0081 7.50526 101
    endloop
  endfacet
  facet normal -0.986644 0.162889 0
    outer loop
      vertex -57.0081 7.50526 -71
      vertex -56.3952 11.2177 -53
      vertex -56.3952 11.2177 -71
    endloop
  endfacet
  facet normal -0.986644 0.162889 0
    outer loop
      vertex -56.3952 11.2177 -53
      vertex -57.0081 7.50526 -71
      vertex -57.0081 7.50526 -53
    endloop
  endfacet
  facet normal -0.986644 0.162889 0
    outer loop
      vertex -57.0081 7.50526 53
      vertex -56.3952 11.2177 71
      vertex -56.3952 11.2177 53
    endloop
  endfacet
  facet normal -0.986644 0.162889 0
    outer loop
      vertex -56.3952 11.2177 71
      vertex -57.0081 7.50526 53
      vertex -57.0081 7.50526 71
    endloop
  endfacet
  facet normal -0.986644 0.162889 0
    outer loop
      vertex -57.0081 7.50526 -43
      vertex -56.3952 11.2177 -5
      vertex -56.3952 11.2177 -43
    endloop
  endfacet
  facet normal -0.986644 0.162889 0
    outer loop
      vertex -56.3952 11.2177 -5
      vertex -57.0081 7.50526 -43
      vertex -57.0081 7.50526 -5
    endloop
  endfacet
  facet normal -0.986644 0.162889 0
    outer loop
      vertex -57.0081 7.50526 5
      vertex -56.3952 11.2177 43
      vertex -56.3952 11.2177 5
    endloop
  endfacet
  facet normal -0.986644 0.162889 0
    outer loop
      vertex -56.3952 11.2177 43
      vertex -57.0081 7.50526 5
      vertex -57.0081 7.50526 43
    endloop
  endfacet
  facet normal -0.528075 0.849198 0
    outer loop
      vertex -28.75 49.7965 -101
      vertex -31.9453 47.8095 -95
      vertex -28.75 49.7965 -95
    endloop
  endfacet
  facet normal -0.528075 0.849198 0
    outer loop
      vertex -31.9453 47.8095 -95
      vertex -28.75 49.7965 -101
      vertex -31.9453 47.8095 -101
    endloop
  endfacet
  facet normal -0.528075 0.849198 0
    outer loop
      vertex -28.75 49.7965 95
      vertex -31.9453 47.8095 101
      vertex -28.75 49.7965 101
    endloop
  endfacet
  facet normal -0.528075 0.849198 0
    outer loop
      vertex -31.9453 47.8095 101
      vertex -28.75 49.7965 95
      vertex -31.9453 47.8095 95
    endloop
  endfacet
  facet normal -0.528075 0.849198 0
    outer loop
      vertex -28.75 49.7965 -71
      vertex -31.9453 47.8095 -53
      vertex -28.75 49.7965 -53
    endloop
  endfacet
  facet normal -0.528075 0.849198 0
    outer loop
      vertex -31.9453 47.8095 -53
      vertex -28.75 49.7965 -71
      vertex -31.9453 47.8095 -71
    endloop
  endfacet
  facet normal -0.528075 0.849198 0
    outer loop
      vertex -28.75 49.7965 53
      vertex -31.9453 47.8095 71
      vertex -28.75 49.7965 71
    endloop
  endfacet
  facet normal -0.528075 0.849198 0
    outer loop
      vertex -31.9453 47.8095 71
      vertex -28.75 49.7965 53
      vertex -31.9453 47.8095 53
    endloop
  endfacet
  facet normal -0.528075 0.849198 0
    outer loop
      vertex -28.75 49.7965 -43
      vertex -31.9453 47.8095 -5
      vertex -28.75 49.7965 -5
    endloop
  endfacet
  facet normal -0.528075 0.849198 0
    outer loop
      vertex -31.9453 47.8095 -5
      vertex -28.75 49.7965 -43
      vertex -31.9453 47.8095 -43
    endloop
  endfacet
  facet normal -0.528075 0.849198 0
    outer loop
      vertex -28.75 49.7965 5
      vertex -31.9453 47.8095 43
      vertex -28.75 49.7965 43
    endloop
  endfacet
  facet normal -0.528075 0.849198 0
    outer loop
      vertex -31.9453 47.8095 43
      vertex -28.75 49.7965 5
      vertex -31.9453 47.8095 5
    endloop
  endfacet
  facet normal -0.582479 0.812845 0
    outer loop
      vertex -31.9453 47.8095 -101
      vertex -35.0038 45.6178 -95
      vertex -31.9453 47.8095 -95
    endloop
  endfacet
  facet normal -0.582479 0.812845 0
    outer loop
      vertex -35.0038 45.6178 -95
      vertex -31.9453 47.8095 -101
      vertex -35.0038 45.6178 -101
    endloop
  endfacet
  facet normal -0.582479 0.812845 0
    outer loop
      vertex -31.9453 47.8095 95
      vertex -35.0038 45.6178 101
      vertex -31.9453 47.8095 101
    endloop
  endfacet
  facet normal -0.582479 0.812845 0
    outer loop
      vertex -35.0038 45.6178 101
      vertex -31.9453 47.8095 95
      vertex -35.0038 45.6178 95
    endloop
  endfacet
  facet normal -0.582479 0.812845 0
    outer loop
      vertex -31.9453 47.8095 -71
      vertex -35.0038 45.6178 -53
      vertex -31.9453 47.8095 -53
    endloop
  endfacet
  facet normal -0.582479 0.812845 0
    outer loop
      vertex -35.0038 45.6178 -53
      vertex -31.9453 47.8095 -71
      vertex -35.0038 45.6178 -71
    endloop
  endfacet
  facet normal -0.582479 0.812845 0
    outer loop
      vertex -31.9453 47.8095 53
      vertex -35.0038 45.6178 71
      vertex -31.9453 47.8095 71
    endloop
  endfacet
  facet normal -0.582479 0.812845 0
    outer loop
      vertex -35.0038 45.6178 71
      vertex -31.9453 47.8095 53
      vertex -35.0038 45.6178 53
    endloop
  endfacet
  facet normal -0.582479 0.812845 0
    outer loop
      vertex -31.9453 47.8095 -43
      vertex -35.0038 45.6178 -5
      vertex -31.9453 47.8095 -5
    endloop
  endfacet
  facet normal -0.582479 0.812845 0
    outer loop
      vertex -35.0038 45.6178 -5
      vertex -31.9453 47.8095 -43
      vertex -35.0038 45.6178 -43
    endloop
  endfacet
  facet normal -0.582479 0.812845 0
    outer loop
      vertex -31.9453 47.8095 5
      vertex -35.0038 45.6178 43
      vertex -31.9453 47.8095 43
    endloop
  endfacet
  facet normal -0.582479 0.812845 0
    outer loop
      vertex -35.0038 45.6178 43
      vertex -31.9453 47.8095 5
      vertex -35.0038 45.6178 5
    endloop
  endfacet
  facet normal -0.227097 0.973872 0
    outer loop
      vertex -11.2177 56.3952 -101
      vertex -14.8821 55.5407 -95
      vertex -11.2177 56.3952 -95
    endloop
  endfacet
  facet normal -0.227097 0.973872 0
    outer loop
      vertex -14.8821 55.5407 -95
      vertex -11.2177 56.3952 -101
      vertex -14.8821 55.5407 -101
    endloop
  endfacet
  facet normal -0.227097 0.973872 0
    outer loop
      vertex -11.2177 56.3952 95
      vertex -14.8821 55.5407 101
      vertex -11.2177 56.3952 101
    endloop
  endfacet
  facet normal -0.227097 0.973872 0
    outer loop
      vertex -14.8821 55.5407 101
      vertex -11.2177 56.3952 95
      vertex -14.8821 55.5407 95
    endloop
  endfacet
  facet normal -0.227097 0.973872 0
    outer loop
      vertex -11.2177 56.3952 -71
      vertex -14.8821 55.5407 -53
      vertex -11.2177 56.3952 -53
    endloop
  endfacet
  facet normal -0.227097 0.973872 0
    outer loop
      vertex -14.8821 55.5407 -53
      vertex -11.2177 56.3952 -71
      vertex -14.8821 55.5407 -71
    endloop
  endfacet
  facet normal -0.227097 0.973872 0
    outer loop
      vertex -11.2177 56.3952 53
      vertex -14.8821 55.5407 71
      vertex -11.2177 56.3952 71
    endloop
  endfacet
  facet normal -0.227097 0.973872 0
    outer loop
      vertex -14.8821 55.5407 71
      vertex -11.2177 56.3952 53
      vertex -14.8821 55.5407 53
    endloop
  endfacet
  facet normal -0.227097 0.973872 0
    outer loop
      vertex -11.2177 56.3952 -43
      vertex -14.8821 55.5407 -5
      vertex -11.2177 56.3952 -5
    endloop
  endfacet
  facet normal -0.227097 0.973872 0
    outer loop
      vertex -14.8821 55.5407 -5
      vertex -11.2177 56.3952 -43
      vertex -14.8821 55.5407 -43
    endloop
  endfacet
  facet normal -0.227097 0.973872 0
    outer loop
      vertex -11.2177 56.3952 5
      vertex -14.8821 55.5407 43
      vertex -11.2177 56.3952 43
    endloop
  endfacet
  facet normal -0.227097 0.973872 0
    outer loop
      vertex -14.8821 55.5407 43
      vertex -11.2177 56.3952 5
      vertex -14.8821 55.5407 5
    endloop
  endfacet
  facet normal -0.0980148 0.995185 0
    outer loop
      vertex -3.76068 57.3769 -101
      vertex -7.50526 57.0081 -95
      vertex -3.76068 57.3769 -95
    endloop
  endfacet
  facet normal -0.0980148 0.995185 0
    outer loop
      vertex -7.50526 57.0081 -95
      vertex -3.76068 57.3769 -101
      vertex -7.50526 57.0081 -101
    endloop
  endfacet
  facet normal -0.0980148 0.995185 0
    outer loop
      vertex -3.76068 57.3769 95
      vertex -7.50526 57.0081 101
      vertex -3.76068 57.3769 101
    endloop
  endfacet
  facet normal -0.0980148 0.995185 0
    outer loop
      vertex -7.50526 57.0081 101
      vertex -3.76068 57.3769 95
      vertex -7.50526 57.0081 95
    endloop
  endfacet
  facet normal -0.0980148 0.995185 0
    outer loop
      vertex -3.76068 57.3769 -71
      vertex -7.50526 57.0081 -53
      vertex -3.76068 57.3769 -53
    endloop
  endfacet
  facet normal -0.0980148 0.995185 0
    outer loop
      vertex -7.50526 57.0081 -53
      vertex -3.76068 57.3769 -71
      vertex -7.50526 57.0081 -71
    endloop
  endfacet
  facet normal -0.0980148 0.995185 0
    outer loop
      vertex -3.76068 57.3769 53
      vertex -7.50526 57.0081 71
      vertex -3.76068 57.3769 71
    endloop
  endfacet
  facet normal -0.0980148 0.995185 0
    outer loop
      vertex -7.50526 57.0081 71
      vertex -3.76068 57.3769 53
      vertex -7.50526 57.0081 53
    endloop
  endfacet
  facet normal -0.0980148 0.995185 0
    outer loop
      vertex -3.76068 57.3769 -43
      vertex -7.50526 57.0081 -5
      vertex -3.76068 57.3769 -5
    endloop
  endfacet
  facet normal -0.0980148 0.995185 0
    outer loop
      vertex -7.50526 57.0081 -5
      vertex -3.76068 57.3769 -43
      vertex -7.50526 57.0081 -43
    endloop
  endfacet
  facet normal -0.0980148 0.995185 0
    outer loop
      vertex -3.76068 57.3769 5
      vertex -7.50526 57.0081 43
      vertex -3.76068 57.3769 43
    endloop
  endfacet
  facet normal -0.0980148 0.995185 0
    outer loop
      vertex -7.50526 57.0081 43
      vertex -3.76068 57.3769 5
      vertex -7.50526 57.0081 5
    endloop
  endfacet
  facet normal 0.227097 -0.973872 0
    outer loop
      vertex 11.2177 -56.3952 -101
      vertex 14.8821 -55.5407 -95
      vertex 11.2177 -56.3952 -95
    endloop
  endfacet
  facet normal 0.227097 -0.973872 0
    outer loop
      vertex 14.8821 -55.5407 -95
      vertex 11.2177 -56.3952 -101
      vertex 14.8821 -55.5407 -101
    endloop
  endfacet
  facet normal 0.227097 -0.973872 0
    outer loop
      vertex 11.2177 -56.3952 95
      vertex 14.8821 -55.5407 101
      vertex 11.2177 -56.3952 101
    endloop
  endfacet
  facet normal 0.227097 -0.973872 0
    outer loop
      vertex 14.8821 -55.5407 101
      vertex 11.2177 -56.3952 95
      vertex 14.8821 -55.5407 95
    endloop
  endfacet
  facet normal 0.227097 -0.973872 0
    outer loop
      vertex 11.2177 -56.3952 -71
      vertex 14.8821 -55.5407 -53
      vertex 11.2177 -56.3952 -53
    endloop
  endfacet
  facet normal 0.227097 -0.973872 0
    outer loop
      vertex 14.8821 -55.5407 -53
      vertex 11.2177 -56.3952 -71
      vertex 14.8821 -55.5407 -71
    endloop
  endfacet
  facet normal 0.227097 -0.973872 0
    outer loop
      vertex 11.2177 -56.3952 53
      vertex 14.8821 -55.5407 71
      vertex 11.2177 -56.3952 71
    endloop
  endfacet
  facet normal 0.227097 -0.973872 0
    outer loop
      vertex 14.8821 -55.5407 71
      vertex 11.2177 -56.3952 53
      vertex 14.8821 -55.5407 53
    endloop
  endfacet
  facet normal 0.227097 -0.973872 0
    outer loop
      vertex 11.2177 -56.3952 -43
      vertex 14.8821 -55.5407 -5
      vertex 11.2177 -56.3952 -5
    endloop
  endfacet
  facet normal 0.227097 -0.973872 0
    outer loop
      vertex 14.8821 -55.5407 -5
      vertex 11.2177 -56.3952 -43
      vertex 14.8821 -55.5407 -43
    endloop
  endfacet
  facet normal 0.227097 -0.973872 0
    outer loop
      vertex 11.2177 -56.3952 5
      vertex 14.8821 -55.5407 43
      vertex 11.2177 -56.3952 43
    endloop
  endfacet
  facet normal 0.227097 -0.973872 0
    outer loop
      vertex 14.8821 -55.5407 43
      vertex 11.2177 -56.3952 5
      vertex 14.8821 -55.5407 5
    endloop
  endfacet
  facet normal 0.582479 -0.812845 0
    outer loop
      vertex 31.9453 -47.8095 95
      vertex 35.0038 -45.6178 101
      vertex 31.9453 -47.8095 101
    endloop
  endfacet
  facet normal 0.582479 -0.812845 0
    outer loop
      vertex 35.0038 -45.6178 101
      vertex 31.9453 -47.8095 95
      vertex 35.0038 -45.6178 95
    endloop
  endfacet
  facet normal 0.582479 -0.812845 0
    outer loop
      vertex 31.9453 -47.8095 -101
      vertex 35.0038 -45.6178 -95
      vertex 31.9453 -47.8095 -95
    endloop
  endfacet
  facet normal 0.582479 -0.812845 0
    outer loop
      vertex 35.0038 -45.6178 -95
      vertex 31.9453 -47.8095 -101
      vertex 35.0038 -45.6178 -101
    endloop
  endfacet
  facet normal 0.582479 -0.812845 0
    outer loop
      vertex 31.9453 -47.8095 -71
      vertex 35.0038 -45.6178 -53
      vertex 31.9453 -47.8095 -53
    endloop
  endfacet
  facet normal 0.582479 -0.812845 0
    outer loop
      vertex 35.0038 -45.6178 -53
      vertex 31.9453 -47.8095 -71
      vertex 35.0038 -45.6178 -71
    endloop
  endfacet
  facet normal 0.582479 -0.812845 0
    outer loop
      vertex 31.9453 -47.8095 53
      vertex 35.0038 -45.6178 71
      vertex 31.9453 -47.8095 71
    endloop
  endfacet
  facet normal 0.582479 -0.812845 0
    outer loop
      vertex 35.0038 -45.6178 71
      vertex 31.9453 -47.8095 53
      vertex 35.0038 -45.6178 53
    endloop
  endfacet
  facet normal 0.582479 -0.812845 0
    outer loop
      vertex 31.9453 -47.8095 -43
      vertex 35.0038 -45.6178 -5
      vertex 31.9453 -47.8095 -5
    endloop
  endfacet
  facet normal 0.582479 -0.812845 0
    outer loop
      vertex 35.0038 -45.6178 -5
      vertex 31.9453 -47.8095 -43
      vertex 35.0038 -45.6178 -43
    endloop
  endfacet
  facet normal 0.582479 -0.812845 0
    outer loop
      vertex 31.9453 -47.8095 5
      vertex 35.0038 -45.6178 43
      vertex 31.9453 -47.8095 43
    endloop
  endfacet
  facet normal 0.582479 -0.812845 0
    outer loop
      vertex 35.0038 -45.6178 43
      vertex 31.9453 -47.8095 5
      vertex 35.0038 -45.6178 5
    endloop
  endfacet
  facet normal 0.849198 -0.528075 0
    outer loop
      vertex 47.8095 -31.9453 -95
      vertex 49.7965 -28.75 -101
      vertex 49.7965 -28.75 -95
    endloop
  endfacet
  facet normal 0.849198 -0.528075 0
    outer loop
      vertex 49.7965 -28.75 -101
      vertex 47.8095 -31.9453 -95
      vertex 47.8095 -31.9453 -101
    endloop
  endfacet
  facet normal 0.849198 -0.528075 0
    outer loop
      vertex 47.8095 -31.9453 101
      vertex 49.7965 -28.75 95
      vertex 49.7965 -28.75 101
    endloop
  endfacet
  facet normal 0.849198 -0.528075 0
    outer loop
      vertex 49.7965 -28.75 95
      vertex 47.8095 -31.9453 101
      vertex 47.8095 -31.9453 95
    endloop
  endfacet
  facet normal 0.849198 -0.528075 0
    outer loop
      vertex 47.8095 -31.9453 -53
      vertex 49.7965 -28.75 -71
      vertex 49.7965 -28.75 -53
    endloop
  endfacet
  facet normal 0.849198 -0.528075 0
    outer loop
      vertex 49.7965 -28.75 -71
      vertex 47.8095 -31.9453 -53
      vertex 47.8095 -31.9453 -71
    endloop
  endfacet
  facet normal 0.849198 -0.528075 0
    outer loop
      vertex 47.8095 -31.9453 71
      vertex 49.7965 -28.75 53
      vertex 49.7965 -28.75 71
    endloop
  endfacet
  facet normal 0.849198 -0.528075 0
    outer loop
      vertex 49.7965 -28.75 53
      vertex 47.8095 -31.9453 71
      vertex 47.8095 -31.9453 53
    endloop
  endfacet
  facet normal 0.849198 -0.528075 0
    outer loop
      vertex 47.8095 -31.9453 -5
      vertex 49.7965 -28.75 -43
      vertex 49.7965 -28.75 -5
    endloop
  endfacet
  facet normal 0.849198 -0.528075 0
    outer loop
      vertex 49.7965 -28.75 -43
      vertex 47.8095 -31.9453 -5
      vertex 47.8095 -31.9453 -43
    endloop
  endfacet
  facet normal 0.849198 -0.528075 0
    outer loop
      vertex 47.8095 -31.9453 43
      vertex 49.7965 -28.75 5
      vertex 49.7965 -28.75 43
    endloop
  endfacet
  facet normal 0.849198 -0.528075 0
    outer loop
      vertex 49.7965 -28.75 5
      vertex 47.8095 -31.9453 43
      vertex 47.8095 -31.9453 5
    endloop
  endfacet
  facet normal 0.986644 -0.162889 0
    outer loop
      vertex 56.3952 -11.2177 -95
      vertex 57.0081 -7.50526 -101
      vertex 57.0081 -7.50526 -95
    endloop
  endfacet
  facet normal 0.986644 -0.162889 0
    outer loop
      vertex 57.0081 -7.50526 -101
      vertex 56.3952 -11.2177 -95
      vertex 56.3952 -11.2177 -101
    endloop
  endfacet
  facet normal 0.986644 -0.162889 0
    outer loop
      vertex 56.3952 -11.2177 101
      vertex 57.0081 -7.50526 95
      vertex 57.0081 -7.50526 101
    endloop
  endfacet
  facet normal 0.986644 -0.162889 0
    outer loop
      vertex 57.0081 -7.50526 95
      vertex 56.3952 -11.2177 101
      vertex 56.3952 -11.2177 95
    endloop
  endfacet
  facet normal 0.986644 -0.162889 0
    outer loop
      vertex 56.3952 -11.2177 -53
      vertex 57.0081 -7.50526 -71
      vertex 57.0081 -7.50526 -53
    endloop
  endfacet
  facet normal 0.986644 -0.162889 0
    outer loop
      vertex 57.0081 -7.50526 -71
      vertex 56.3952 -11.2177 -53
      vertex 56.3952 -11.2177 -71
    endloop
  endfacet
  facet normal 0.986644 -0.162889 0
    outer loop
      vertex 56.3952 -11.2177 71
      vertex 57.0081 -7.50526 53
      vertex 57.0081 -7.50526 71
    endloop
  endfacet
  facet normal 0.986644 -0.162889 0
    outer loop
      vertex 57.0081 -7.50526 53
      vertex 56.3952 -11.2177 71
      vertex 56.3952 -11.2177 53
    endloop
  endfacet
  facet normal 0.986644 -0.162889 0
    outer loop
      vertex 56.3952 -11.2177 -5
      vertex 57.0081 -7.50526 -43
      vertex 57.0081 -7.50526 -5
    endloop
  endfacet
  facet normal 0.986644 -0.162889 0
    outer loop
      vertex 57.0081 -7.50526 -43
      vertex 56.3952 -11.2177 -5
      vertex 56.3952 -11.2177 -43
    endloop
  endfacet
  facet normal 0.986644 -0.162889 0
    outer loop
      vertex 56.3952 -11.2177 43
      vertex 57.0081 -7.50526 5
      vertex 57.0081 -7.50526 43
    endloop
  endfacet
  facet normal 0.986644 -0.162889 0
    outer loop
      vertex 57.0081 -7.50526 5
      vertex 56.3952 -11.2177 43
      vertex 56.3952 -11.2177 5
    endloop
  endfacet
  facet normal 0.995185 -0.0980148 0
    outer loop
      vertex 57.0081 -7.50526 101
      vertex 57.3769 -3.76068 95
      vertex 57.3769 -3.76068 101
    endloop
  endfacet
  facet normal 0.995185 -0.0980148 0
    outer loop
      vertex 57.3769 -3.76068 95
      vertex 57.0081 -7.50526 101
      vertex 57.0081 -7.50526 95
    endloop
  endfacet
  facet normal 0.995185 -0.0980148 0
    outer loop
      vertex 57.0081 -7.50526 -95
      vertex 57.3769 -3.76068 -101
      vertex 57.3769 -3.76068 -95
    endloop
  endfacet
  facet normal 0.995185 -0.0980148 0
    outer loop
      vertex 57.3769 -3.76068 -101
      vertex 57.0081 -7.50526 -95
      vertex 57.0081 -7.50526 -101
    endloop
  endfacet
  facet normal 0.995185 -0.0980148 0
    outer loop
      vertex 57.0081 -7.50526 -53
      vertex 57.3769 -3.76068 -71
      vertex 57.3769 -3.76068 -53
    endloop
  endfacet
  facet normal 0.995185 -0.0980148 0
    outer loop
      vertex 57.3769 -3.76068 -71
      vertex 57.0081 -7.50526 -53
      vertex 57.0081 -7.50526 -71
    endloop
  endfacet
  facet normal 0.995185 -0.0980148 0
    outer loop
      vertex 57.0081 -7.50526 71
      vertex 57.3769 -3.76068 53
      vertex 57.3769 -3.76068 71
    endloop
  endfacet
  facet normal 0.995185 -0.0980148 0
    outer loop
      vertex 57.3769 -3.76068 53
      vertex 57.0081 -7.50526 71
      vertex 57.0081 -7.50526 53
    endloop
  endfacet
  facet normal 0.995185 -0.0980148 0
    outer loop
      vertex 57.0081 -7.50526 -5
      vertex 57.3769 -3.76068 -43
      vertex 57.3769 -3.76068 -5
    endloop
  endfacet
  facet normal 0.995185 -0.0980148 0
    outer loop
      vertex 57.3769 -3.76068 -43
      vertex 57.0081 -7.50526 -5
      vertex 57.0081 -7.50526 -43
    endloop
  endfacet
  facet normal 0.995185 -0.0980148 0
    outer loop
      vertex 57.0081 -7.50526 43
      vertex 57.3769 -3.76068 5
      vertex 57.3769 -3.76068 43
    endloop
  endfacet
  facet normal 0.995185 -0.0980148 0
    outer loop
      vertex 57.3769 -3.76068 5
      vertex 57.0081 -7.50526 43
      vertex 57.0081 -7.50526 5
    endloop
  endfacet
  facet normal -0.528075 -0.849198 0
    outer loop
      vertex -31.9453 -47.8095 -101
      vertex -28.75 -49.7965 -95
      vertex -31.9453 -47.8095 -95
    endloop
  endfacet
  facet normal -0.528075 -0.849198 -0
    outer loop
      vertex -28.75 -49.7965 -95
      vertex -31.9453 -47.8095 -101
      vertex -28.75 -49.7965 -101
    endloop
  endfacet
  facet normal -0.528075 -0.849198 0
    outer loop
      vertex -31.9453 -47.8095 95
      vertex -28.75 -49.7965 101
      vertex -31.9453 -47.8095 101
    endloop
  endfacet
  facet normal -0.528075 -0.849198 -0
    outer loop
      vertex -28.75 -49.7965 101
      vertex -31.9453 -47.8095 95
      vertex -28.75 -49.7965 95
    endloop
  endfacet
  facet normal -0.528075 -0.849198 0
    outer loop
      vertex -31.9453 -47.8095 -71
      vertex -28.75 -49.7965 -53
      vertex -31.9453 -47.8095 -53
    endloop
  endfacet
  facet normal -0.528075 -0.849198 -0
    outer loop
      vertex -28.75 -49.7965 -53
      vertex -31.9453 -47.8095 -71
      vertex -28.75 -49.7965 -71
    endloop
  endfacet
  facet normal -0.528075 -0.849198 0
    outer loop
      vertex -31.9453 -47.8095 53
      vertex -28.75 -49.7965 71
      vertex -31.9453 -47.8095 71
    endloop
  endfacet
  facet normal -0.528075 -0.849198 -0
    outer loop
      vertex -28.75 -49.7965 71
      vertex -31.9453 -47.8095 53
      vertex -28.75 -49.7965 53
    endloop
  endfacet
  facet normal -0.528075 -0.849198 0
    outer loop
      vertex -31.9453 -47.8095 -43
      vertex -28.75 -49.7965 -5
      vertex -31.9453 -47.8095 -5
    endloop
  endfacet
  facet normal -0.528075 -0.849198 -0
    outer loop
      vertex -28.75 -49.7965 -5
      vertex -31.9453 -47.8095 -43
      vertex -28.75 -49.7965 -43
    endloop
  endfacet
  facet normal -0.528075 -0.849198 0
    outer loop
      vertex -31.9453 -47.8095 5
      vertex -28.75 -49.7965 43
      vertex -31.9453 -47.8095 43
    endloop
  endfacet
  facet normal -0.528075 -0.849198 -0
    outer loop
      vertex -28.75 -49.7965 43
      vertex -31.9453 -47.8095 5
      vertex -28.75 -49.7965 5
    endloop
  endfacet
  facet normal -0.162889 -0.986644 0
    outer loop
      vertex -11.2177 -56.3952 -101
      vertex -7.50526 -57.0081 -95
      vertex -11.2177 -56.3952 -95
    endloop
  endfacet
  facet normal -0.162889 -0.986644 -0
    outer loop
      vertex -7.50526 -57.0081 -95
      vertex -11.2177 -56.3952 -101
      vertex -7.50526 -57.0081 -101
    endloop
  endfacet
  facet normal -0.162889 -0.986644 0
    outer loop
      vertex -11.2177 -56.3952 95
      vertex -7.50526 -57.0081 101
      vertex -11.2177 -56.3952 101
    endloop
  endfacet
  facet normal -0.162889 -0.986644 -0
    outer loop
      vertex -7.50526 -57.0081 101
      vertex -11.2177 -56.3952 95
      vertex -7.50526 -57.0081 95
    endloop
  endfacet
  facet normal -0.162889 -0.986644 0
    outer loop
      vertex -11.2177 -56.3952 -71
      vertex -7.50526 -57.0081 -53
      vertex -11.2177 -56.3952 -53
    endloop
  endfacet
  facet normal -0.162889 -0.986644 -0
    outer loop
      vertex -7.50526 -57.0081 -53
      vertex -11.2177 -56.3952 -71
      vertex -7.50526 -57.0081 -71
    endloop
  endfacet
  facet normal -0.162889 -0.986644 0
    outer loop
      vertex -11.2177 -56.3952 53
      vertex -7.50526 -57.0081 71
      vertex -11.2177 -56.3952 71
    endloop
  endfacet
  facet normal -0.162889 -0.986644 -0
    outer loop
      vertex -7.50526 -57.0081 71
      vertex -11.2177 -56.3952 53
      vertex -7.50526 -57.0081 53
    endloop
  endfacet
  facet normal -0.162889 -0.986644 0
    outer loop
      vertex -11.2177 -56.3952 -43
      vertex -7.50526 -57.0081 -5
      vertex -11.2177 -56.3952 -5
    endloop
  endfacet
  facet normal -0.162889 -0.986644 -0
    outer loop
      vertex -7.50526 -57.0081 -5
      vertex -11.2177 -56.3952 -43
      vertex -7.50526 -57.0081 -43
    endloop
  endfacet
  facet normal -0.162889 -0.986644 0
    outer loop
      vertex -11.2177 -56.3952 5
      vertex -7.50526 -57.0081 43
      vertex -11.2177 -56.3952 43
    endloop
  endfacet
  facet normal -0.162889 -0.986644 -0
    outer loop
      vertex -7.50526 -57.0081 43
      vertex -11.2177 -56.3952 5
      vertex -7.50526 -57.0081 5
    endloop
  endfacet
  facet normal -0.812845 -0.582479 0
    outer loop
      vertex -45.6178 -35.0038 -101
      vertex -47.8095 -31.9453 -95
      vertex -47.8095 -31.9453 -101
    endloop
  endfacet
  facet normal -0.812845 -0.582479 0
    outer loop
      vertex -47.8095 -31.9453 -95
      vertex -45.6178 -35.0038 -101
      vertex -45.6178 -35.0038 -95
    endloop
  endfacet
  facet normal -0.812845 -0.582479 0
    outer loop
      vertex -45.6178 -35.0038 95
      vertex -47.8095 -31.9453 101
      vertex -47.8095 -31.9453 95
    endloop
  endfacet
  facet normal -0.812845 -0.582479 0
    outer loop
      vertex -47.8095 -31.9453 101
      vertex -45.6178 -35.0038 95
      vertex -45.6178 -35.0038 101
    endloop
  endfacet
  facet normal -0.812845 -0.582479 0
    outer loop
      vertex -45.6178 -35.0038 -71
      vertex -47.8095 -31.9453 -53
      vertex -47.8095 -31.9453 -71
    endloop
  endfacet
  facet normal -0.812845 -0.582479 0
    outer loop
      vertex -47.8095 -31.9453 -53
      vertex -45.6178 -35.0038 -71
      vertex -45.6178 -35.0038 -53
    endloop
  endfacet
  facet normal -0.812845 -0.582479 0
    outer loop
      vertex -45.6178 -35.0038 53
      vertex -47.8095 -31.9453 71
      vertex -47.8095 -31.9453 53
    endloop
  endfacet
  facet normal -0.812845 -0.582479 0
    outer loop
      vertex -47.8095 -31.9453 71
      vertex -45.6178 -35.0038 53
      vertex -45.6178 -35.0038 71
    endloop
  endfacet
  facet normal -0.812845 -0.582479 0
    outer loop
      vertex -45.6178 -35.0038 -43
      vertex -47.8095 -31.9453 -5
      vertex -47.8095 -31.9453 -43
    endloop
  endfacet
  facet normal -0.812845 -0.582479 0
    outer loop
      vertex -47.8095 -31.9453 -5
      vertex -45.6178 -35.0038 -43
      vertex -45.6178 -35.0038 -5
    endloop
  endfacet
  facet normal -0.812845 -0.582479 0
    outer loop
      vertex -45.6178 -35.0038 5
      vertex -47.8095 -31.9453 43
      vertex -47.8095 -31.9453 5
    endloop
  endfacet
  facet normal -0.812845 -0.582479 0
    outer loop
      vertex -47.8095 -31.9453 43
      vertex -45.6178 -35.0038 5
      vertex -45.6178 -35.0038 43
    endloop
  endfacet
  facet normal -0.973872 -0.227097 0
    outer loop
      vertex -55.5407 -14.8821 -101
      vertex -56.3952 -11.2177 -95
      vertex -56.3952 -11.2177 -101
    endloop
  endfacet
  facet normal -0.973872 -0.227097 0
    outer loop
      vertex -56.3952 -11.2177 -95
      vertex -55.5407 -14.8821 -101
      vertex -55.5407 -14.8821 -95
    endloop
  endfacet
  facet normal -0.973872 -0.227097 0
    outer loop
      vertex -55.5407 -14.8821 95
      vertex -56.3952 -11.2177 101
      vertex -56.3952 -11.2177 95
    endloop
  endfacet
  facet normal -0.973872 -0.227097 0
    outer loop
      vertex -56.3952 -11.2177 101
      vertex -55.5407 -14.8821 95
      vertex -55.5407 -14.8821 101
    endloop
  endfacet
  facet normal -0.973872 -0.227097 0
    outer loop
      vertex -55.5407 -14.8821 -71
      vertex -56.3952 -11.2177 -53
      vertex -56.3952 -11.2177 -71
    endloop
  endfacet
  facet normal -0.973872 -0.227097 0
    outer loop
      vertex -56.3952 -11.2177 -53
      vertex -55.5407 -14.8821 -71
      vertex -55.5407 -14.8821 -53
    endloop
  endfacet
  facet normal -0.973872 -0.227097 0
    outer loop
      vertex -55.5407 -14.8821 53
      vertex -56.3952 -11.2177 71
      vertex -56.3952 -11.2177 53
    endloop
  endfacet
  facet normal -0.973872 -0.227097 0
    outer loop
      vertex -56.3952 -11.2177 71
      vertex -55.5407 -14.8821 53
      vertex -55.5407 -14.8821 71
    endloop
  endfacet
  facet normal -0.973872 -0.227097 0
    outer loop
      vertex -55.5407 -14.8821 -43
      vertex -56.3952 -11.2177 -5
      vertex -56.3952 -11.2177 -43
    endloop
  endfacet
  facet normal -0.973872 -0.227097 0
    outer loop
      vertex -56.3952 -11.2177 -5
      vertex -55.5407 -14.8821 -43
      vertex -55.5407 -14.8821 -5
    endloop
  endfacet
  facet normal -0.973872 -0.227097 0
    outer loop
      vertex -55.5407 -14.8821 5
      vertex -56.3952 -11.2177 43
      vertex -56.3952 -11.2177 5
    endloop
  endfacet
  facet normal -0.973872 -0.227097 0
    outer loop
      vertex -56.3952 -11.2177 43
      vertex -55.5407 -14.8821 5
      vertex -55.5407 -14.8821 43
    endloop
  endfacet
  facet normal 0 0 -1
    outer loop
      vertex 57.3769 -3.76068 -101
      vertex 57.3769 3.76068 -101
      vertex 57.5 0 -101
    endloop
  endfacet
  facet normal 0 0 -1
    outer loop
      vertex 57.0081 -7.50526 -101
      vertex 57.3769 3.76068 -101
      vertex 57.3769 -3.76068 -101
    endloop
  endfacet
  facet normal 0 0 -1
    outer loop
      vertex 57.0081 -7.50526 -101
      vertex 57.0081 7.50526 -101
      vertex 57.3769 3.76068 -101
    endloop
  endfacet
  facet normal 0 0 -1
    outer loop
      vertex 56.3952 -11.2177 -101
      vertex 57.0081 7.50526 -101
      vertex 57.0081 -7.50526 -101
    endloop
  endfacet
  facet normal 0 0 -1
    outer loop
      vertex 56.3952 -11.2177 -101
      vertex 56.3952 11.2177 -101
      vertex 57.0081 7.50526 -101
    endloop
  endfacet
  facet normal 0 0 -1
    outer loop
      vertex 55.5407 -14.8821 -101
      vertex 56.3952 11.2177 -101
      vertex 56.3952 -11.2177 -101
    endloop
  endfacet
  facet normal 0 0 -1
    outer loop
      vertex 55.5407 -14.8821 -101
      vertex 55.5407 14.8821 -101
      vertex 56.3952 11.2177 -101
    endloop
  endfacet
  facet normal 0 0 -1
    outer loop
      vertex 54.4485 -18.4828 -101
      vertex 55.5407 14.8821 -101
      vertex 55.5407 -14.8821 -101
    endloop
  endfacet
  facet normal 0 0 -1
    outer loop
      vertex 54.4485 -18.4828 -101
      vertex 54.4485 18.4828 -101
      vertex 55.5407 14.8821 -101
    endloop
  endfacet
  facet normal 0 0 -1
    outer loop
      vertex 53.1231 -22.0043 -101
      vertex 54.4485 18.4828 -101
      vertex 54.4485 -18.4828 -101
    endloop
  endfacet
  facet normal 0 0 -1
    outer loop
      vertex 53.1231 -22.0043 -101
      vertex 53.1231 22.0043 -101
      vertex 54.4485 18.4828 -101
    endloop
  endfacet
  facet normal 0 0 -1
    outer loop
      vertex 51.5702 -25.4316 -101
      vertex 53.1231 22.0043 -101
      vertex 53.1231 -22.0043 -101
    endloop
  endfacet
  facet normal 0 0 -1
    outer loop
      vertex 51.5702 -25.4316 -101
      vertex 51.5702 25.4316 -101
      vertex 53.1231 22.0043 -101
    endloop
  endfacet
  facet normal 0 0 -1
    outer loop
      vertex 49.7965 -28.75 -101
      vertex 51.5702 25.4316 -101
      vertex 51.5702 -25.4316 -101
    endloop
  endfacet
  facet normal 0 0 -1
    outer loop
      vertex 49.7965 -28.75 -101
      vertex 49.7965 28.75 -101
      vertex 51.5702 25.4316 -101
    endloop
  endfacet
  facet normal 0 0 -1
    outer loop
      vertex 47.8095 -31.9453 -101
      vertex 49.7965 28.75 -101
      vertex 49.7965 -28.75 -101
    endloop
  endfacet
  facet normal 0 0 -1
    outer loop
      vertex 47.8095 -31.9453 -101
      vertex 47.8095 31.9453 -101
      vertex 49.7965 28.75 -101
    endloop
  endfacet
  facet normal 0 0 -1
    outer loop
      vertex 45.6178 -35.0038 -101
      vertex 47.8095 31.9453 -101
      vertex 47.8095 -31.9453 -101
    endloop
  endfacet
  facet normal 0 0 -1
    outer loop
      vertex 45.6178 -35.0038 -101
      vertex 45.6178 35.0038 -101
      vertex 47.8095 31.9453 -101
    endloop
  endfacet
  facet normal 0 0 -1
    outer loop
      vertex 43.2308 -37.9124 -101
      vertex 45.6178 35.0038 -101
      vertex 45.6178 -35.0038 -101
    endloop
  endfacet
  facet normal 0 0 -1
    outer loop
      vertex 43.2308 -37.9124 -101
      vertex 43.2308 37.9124 -101
      vertex 45.6178 35.0038 -101
    endloop
  endfacet
  facet normal 0 0 -1
    outer loop
      vertex 40.6586 -40.6586 -101
      vertex 43.2308 37.9124 -101
      vertex 43.2308 -37.9124 -101
    endloop
  endfacet
  facet normal 0 0 -1
    outer loop
      vertex 40.6586 -40.6586 -101
      vertex 40.6586 40.6586 -101
      vertex 43.2308 37.9124 -101
    endloop
  endfacet
  facet normal 0 0 -1
    outer loop
      vertex 37.9124 -43.2308 -101
      vertex 40.6586 40.6586 -101
      vertex 40.6586 -40.6586 -101
    endloop
  endfacet
  facet normal 0 0 -1
    outer loop
      vertex 37.9124 -43.2308 -101
      vertex 37.9124 43.2308 -101
      vertex 40.6586 40.6586 -101
    endloop
  endfacet
  facet normal 0 0 -1
    outer loop
      vertex 35.0038 -45.6178 -101
      vertex 37.9124 43.2308 -101
      vertex 37.9124 -43.2308 -101
    endloop
  endfacet
  facet normal 0 0 -1
    outer loop
      vertex 35.0038 -45.6178 -101
      vertex 35.0038 45.6178 -101
      vertex 37.9124 43.2308 -101
    endloop
  endfacet
  facet normal 0 0 -1
    outer loop
      vertex 31.9453 -47.8095 -101
      vertex 35.0038 45.6178 -101
      vertex 35.0038 -45.6178 -101
    endloop
  endfacet
  facet normal 0 0 -1
    outer loop
      vertex 31.9453 -47.8095 -101
      vertex 31.9453 47.8095 -101
      vertex 35.0038 45.6178 -101
    endloop
  endfacet
  facet normal 0 0 -1
    outer loop
      vertex 28.75 -49.7965 -101
      vertex 31.9453 47.8095 -101
      vertex 31.9453 -47.8095 -101
    endloop
  endfacet
  facet normal 0 0 -1
    outer loop
      vertex 28.75 -49.7965 -101
      vertex 28.75 49.7965 -101
      vertex 31.9453 47.8095 -101
    endloop
  endfacet
  facet normal 0 0 -1
    outer loop
      vertex 25.4316 -51.5702 -101
      vertex 28.75 49.7965 -101
      vertex 28.75 -49.7965 -101
    endloop
  endfacet
  facet normal 0 0 -1
    outer loop
      vertex 25.4316 -51.5702 -101
      vertex 25.4316 51.5702 -101
      vertex 28.75 49.7965 -101
    endloop
  endfacet
  facet normal 0 0 -1
    outer loop
      vertex 22.0043 -53.1231 -101
      vertex 25.4316 51.5702 -101
      vertex 25.4316 -51.5702 -101
    endloop
  endfacet
  facet normal 0 0 -1
    outer loop
      vertex 22.0043 -53.1231 -101
      vertex 22.0043 53.1231 -101
      vertex 25.4316 51.5702 -101
    endloop
  endfacet
  facet normal 0 0 -1
    outer loop
      vertex 18.4828 -54.4485 -101
      vertex 22.0043 53.1231 -101
      vertex 22.0043 -53.1231 -101
    endloop
  endfacet
  facet normal 0 0 -1
    outer loop
      vertex 18.4828 -54.4485 -101
      vertex 18.4828 54.4485 -101
      vertex 22.0043 53.1231 -101
    endloop
  endfacet
  facet normal 0 0 -1
    outer loop
      vertex 14.8821 -55.5407 -101
      vertex 18.4828 54.4485 -101
      vertex 18.4828 -54.4485 -101
    endloop
  endfacet
  facet normal 0 0 -1
    outer loop
      vertex 14.8821 -55.5407 -101
      vertex 14.8821 55.5407 -101
      vertex 18.4828 54.4485 -101
    endloop
  endfacet
  facet normal 0 0 -1
    outer loop
      vertex 11.2177 -56.3952 -101
      vertex 14.8821 55.5407 -101
      vertex 14.8821 -55.5407 -101
    endloop
  endfacet
  facet normal 0 0 -1
    outer loop
      vertex 11.2177 -56.3952 -101
      vertex 11.2177 56.3952 -101
      vertex 14.8821 55.5407 -101
    endloop
  endfacet
  facet normal 0 0 -1
    outer loop
      vertex 7.50526 -57.0081 -101
      vertex 11.2177 56.3952 -101
      vertex 11.2177 -56.3952 -101
    endloop
  endfacet
  facet normal 0 0 -1
    outer loop
      vertex 7.50526 -57.0081 -101
      vertex 7.50526 57.0081 -101
      vertex 11.2177 56.3952 -101
    endloop
  endfacet
  facet normal 0 0 -1
    outer loop
      vertex 3.76068 -57.3769 -101
      vertex 7.50526 57.0081 -101
      vertex 7.50526 -57.0081 -101
    endloop
  endfacet
  facet normal 0 0 -1
    outer loop
      vertex 3.76068 -57.3769 -101
      vertex 3.76068 57.3769 -101
      vertex 7.50526 57.0081 -101
    endloop
  endfacet
  facet normal 0 0 -1
    outer loop
      vertex 0 -57.5 -101
      vertex 3.76068 57.3769 -101
      vertex 3.76068 -57.3769 -101
    endloop
  endfacet
  facet normal 0 0 -1
    outer loop
      vertex 0 -57.5 -101
      vertex 0 57.5 -101
      vertex 3.76068 57.3769 -101
    endloop
  endfacet
  facet normal 0 0 -1
    outer loop
      vertex -3.76068 -57.3769 -101
      vertex 0 57.5 -101
      vertex 0 -57.5 -101
    endloop
  endfacet
  facet normal 0 0 -1
    outer loop
      vertex -3.76068 -57.3769 -101
      vertex -3.76068 57.3769 -101
      vertex 0 57.5 -101
    endloop
  endfacet
  facet normal 0 0 -1
    outer loop
      vertex -7.50526 -57.0081 -101
      vertex -3.76068 57.3769 -101
      vertex -3.76068 -57.3769 -101
    endloop
  endfacet
  facet normal 0 0 -1
    outer loop
      vertex -7.50526 -57.0081 -101
      vertex -7.50526 57.0081 -101
      vertex -3.76068 57.3769 -101
    endloop
  endfacet
  facet normal 0 0 -1
    outer loop
      vertex -11.2177 -56.3952 -101
      vertex -7.50526 57.0081 -101
      vertex -7.50526 -57.0081 -101
    endloop
  endfacet
  facet normal 0 0 -1
    outer loop
      vertex -11.2177 -56.3952 -101
      vertex -11.2177 56.3952 -101
      vertex -7.50526 57.0081 -101
    endloop
  endfacet
  facet normal 0 0 -1
    outer loop
      vertex -14.8821 -55.5407 -101
      vertex -11.2177 56.3952 -101
      vertex -11.2177 -56.3952 -101
    endloop
  endfacet
  facet normal 0 0 -1
    outer loop
      vertex -14.8821 -55.5407 -101
      vertex -14.8821 55.5407 -101
      vertex -11.2177 56.3952 -101
    endloop
  endfacet
  facet normal 0 0 -1
    outer loop
      vertex -18.4828 -54.4485 -101
      vertex -14.8821 55.5407 -101
      vertex -14.8821 -55.5407 -101
    endloop
  endfacet
  facet normal 0 0 -1
    outer loop
      vertex -18.4828 -54.4485 -101
      vertex -18.4828 54.4485 -101
      vertex -14.8821 55.5407 -101
    endloop
  endfacet
  facet normal 0 0 -1
    outer loop
      vertex -22.0043 -53.1231 -101
      vertex -18.4828 54.4485 -101
      vertex -18.4828 -54.4485 -101
    endloop
  endfacet
  facet normal 0 0 -1
    outer loop
      vertex -22.0043 -53.1231 -101
      vertex -22.0043 53.1231 -101
      vertex -18.4828 54.4485 -101
    endloop
  endfacet
  facet normal 0 0 -1
    outer loop
      vertex -25.4316 -51.5702 -101
      vertex -22.0043 53.1231 -101
      vertex -22.0043 -53.1231 -101
    endloop
  endfacet
  facet normal 0 0 -1
    outer loop
      vertex -25.4316 -51.5702 -101
      vertex -25.4316 51.5702 -101
      vertex -22.0043 53.1231 -101
    endloop
  endfacet
  facet normal 0 0 -1
    outer loop
      vertex -28.75 -49.7965 -101
      vertex -25.4316 51.5702 -101
      vertex -25.4316 -51.5702 -101
    endloop
  endfacet
  facet normal 0 0 -1
    outer loop
      vertex -28.75 -49.7965 -101
      vertex -28.75 49.7965 -101
      vertex -25.4316 51.5702 -101
    endloop
  endfacet
  facet normal 0 0 -1
    outer loop
      vertex -31.9453 -47.8095 -101
      vertex -28.75 49.7965 -101
      vertex -28.75 -49.7965 -101
    endloop
  endfacet
  facet normal 0 0 -1
    outer loop
      vertex -31.9453 -47.8095 -101
      vertex -31.9453 47.8095 -101
      vertex -28.75 49.7965 -101
    endloop
  endfacet
  facet normal 0 0 -1
    outer loop
      vertex -35.0038 -45.6178 -101
      vertex -31.9453 47.8095 -101
      vertex -31.9453 -47.8095 -101
    endloop
  endfacet
  facet normal 0 0 -1
    outer loop
      vertex -35.0038 -45.6178 -101
      vertex -35.0038 45.6178 -101
      vertex -31.9453 47.8095 -101
    endloop
  endfacet
  facet normal 0 0 -1
    outer loop
      vertex -37.9124 -43.2308 -101
      vertex -35.0038 45.6178 -101
      vertex -35.0038 -45.6178 -101
    endloop
  endfacet
  facet normal 0 0 -1
    outer loop
      vertex -37.9124 -43.2308 -101
      vertex -37.9124 43.2308 -101
      vertex -35.0038 45.6178 -101
    endloop
  endfacet
  facet normal 0 0 -1
    outer loop
      vertex -40.6586 -40.6586 -101
      vertex -37.9124 43.2308 -101
      vertex -37.9124 -43.2308 -101
    endloop
  endfacet
  facet normal 0 0 -1
    outer loop
      vertex -40.6586 -40.6586 -101
      vertex -40.6586 40.6586 -101
      vertex -37.9124 43.2308 -101
    endloop
  endfacet
  facet normal 0 0 -1
    outer loop
      vertex -43.2308 -37.9124 -101
      vertex -40.6586 40.6586 -101
      vertex -40.6586 -40.6586 -101
    endloop
  endfacet
  facet normal 0 0 -1
    outer loop
      vertex -43.2308 -37.9124 -101
      vertex -43.2308 37.9124 -101
      vertex -40.6586 40.6586 -101
    endloop
  endfacet
  facet normal 0 0 -1
    outer loop
      vertex -45.6178 -35.0038 -101
      vertex -43.2308 37.9124 -101
      vertex -43.2308 -37.9124 -101
    endloop
  endfacet
  facet normal 0 0 -1
    outer loop
      vertex -45.6178 -35.0038 -101
      vertex -45.6178 35.0038 -101
      vertex -43.2308 37.9124 -101
    endloop
  endfacet
  facet normal 0 0 -1
    outer loop
      vertex -47.8095 -31.9453 -101
      vertex -45.6178 35.0038 -101
      vertex -45.6178 -35.0038 -101
    endloop
  endfacet
  facet normal 0 0 -1
    outer loop
      vertex -47.8095 -31.9453 -101
      vertex -47.8095 31.9453 -101
      vertex -45.6178 35.0038 -101
    endloop
  endfacet
  facet normal 0 0 -1
    outer loop
      vertex -49.7965 -28.75 -101
      vertex -47.8095 31.9453 -101
      vertex -47.8095 -31.9453 -101
    endloop
  endfacet
  facet normal 0 0 -1
    outer loop
      vertex -49.7965 -28.75 -101
      vertex -49.7965 28.75 -101
      vertex -47.8095 31.9453 -101
    endloop
  endfacet
  facet normal 0 0 -1
    outer loop
      vertex -51.5702 -25.4316 -101
      vertex -49.7965 28.75 -101
      vertex -49.7965 -28.75 -101
    endloop
  endfacet
  facet normal 0 0 -1
    outer loop
      vertex -51.5702 -25.4316 -101
      vertex -51.5702 25.4316 -101
      vertex -49.7965 28.75 -101
    endloop
  endfacet
  facet normal 0 0 -1
    outer loop
      vertex -53.1231 -22.0043 -101
      vertex -51.5702 25.4316 -101
      vertex -51.5702 -25.4316 -101
    endloop
  endfacet
  facet normal 0 0 -1
    outer loop
      vertex -53.1231 -22.0043 -101
      vertex -53.1231 22.0043 -101
      vertex -51.5702 25.4316 -101
    endloop
  endfacet
  facet normal 0 0 -1
    outer loop
      vertex -54.4485 -18.4828 -101
      vertex -53.1231 22.0043 -101
      vertex -53.1231 -22.0043 -101
    endloop
  endfacet
  facet normal 0 0 -1
    outer loop
      vertex -54.4485 -18.4828 -101
      vertex -54.4485 18.4828 -101
      vertex -53.1231 22.0043 -101
    endloop
  endfacet
  facet normal 0 0 -1
    outer loop
      vertex -55.5407 -14.8821 -101
      vertex -54.4485 18.4828 -101
      vertex -54.4485 -18.4828 -101
    endloop
  endfacet
  facet normal 0 0 -1
    outer loop
      vertex -55.5407 -14.8821 -101
      vertex -55.5407 14.8821 -101
      vertex -54.4485 18.4828 -101
    endloop
  endfacet
  facet normal 0 0 -1
    outer loop
      vertex -56.3952 -11.2177 -101
      vertex -55.5407 14.8821 -101
      vertex -55.5407 -14.8821 -101
    endloop
  endfacet
  facet normal 0 0 -1
    outer loop
      vertex -56.3952 -11.2177 -101
      vertex -56.3952 11.2177 -101
      vertex -55.5407 14.8821 -101
    endloop
  endfacet
  facet normal 0 0 -1
    outer loop
      vertex -57.0081 -7.50526 -101
      vertex -56.3952 11.2177 -101
      vertex -56.3952 -11.2177 -101
    endloop
  endfacet
  facet normal 0 0 -1
    outer loop
      vertex -57.0081 -7.50526 -101
      vertex -57.0081 7.50526 -101
      vertex -56.3952 11.2177 -101
    endloop
  endfacet
  facet normal 0 0 -1
    outer loop
      vertex -57.3769 -3.76068 -101
      vertex -57.0081 7.50526 -101
      vertex -57.0081 -7.50526 -101
    endloop
  endfacet
  facet normal 0 0 -1
    outer loop
      vertex -57.3769 -3.76068 -101
      vertex -57.3769 3.76068 -101
      vertex -57.0081 7.50526 -101
    endloop
  endfacet
  facet normal 0 -0 -1
    outer loop
      vertex -57.3769 3.76068 -101
      vertex -57.3769 -3.76068 -101
      vertex -57.5 0 -101
    endloop
  endfacet
  facet normal 0.956945 0.29027 0
    outer loop
      vertex 55.5407 14.8821 -95
      vertex 54.4485 18.4828 -101
      vertex 54.4485 18.4828 -95
    endloop
  endfacet
  facet normal 0.956945 0.29027 0
    outer loop
      vertex 54.4485 18.4828 -101
      vertex 55.5407 14.8821 -95
      vertex 55.5407 14.8821 -101
    endloop
  endfacet
  facet normal 0.956945 0.29027 0
    outer loop
      vertex 55.5407 14.8821 101
      vertex 54.4485 18.4828 95
      vertex 54.4485 18.4828 101
    endloop
  endfacet
  facet normal 0.956945 0.29027 0
    outer loop
      vertex 54.4485 18.4828 95
      vertex 55.5407 14.8821 101
      vertex 55.5407 14.8821 95
    endloop
  endfacet
  facet normal 0.956945 0.29027 0
    outer loop
      vertex 55.5407 14.8821 -53
      vertex 54.4485 18.4828 -71
      vertex 54.4485 18.4828 -53
    endloop
  endfacet
  facet normal 0.956945 0.29027 0
    outer loop
      vertex 54.4485 18.4828 -71
      vertex 55.5407 14.8821 -53
      vertex 55.5407 14.8821 -71
    endloop
  endfacet
  facet normal 0.956945 0.29027 0
    outer loop
      vertex 55.5407 14.8821 71
      vertex 54.4485 18.4828 53
      vertex 54.4485 18.4828 71
    endloop
  endfacet
  facet normal 0.956945 0.29027 0
    outer loop
      vertex 54.4485 18.4828 53
      vertex 55.5407 14.8821 71
      vertex 55.5407 14.8821 53
    endloop
  endfacet
  facet normal 0.956945 0.29027 0
    outer loop
      vertex 55.5407 14.8821 -5
      vertex 54.4485 18.4828 -43
      vertex 54.4485 18.4828 -5
    endloop
  endfacet
  facet normal 0.956945 0.29027 0
    outer loop
      vertex 54.4485 18.4828 -43
      vertex 55.5407 14.8821 -5
      vertex 55.5407 14.8821 -43
    endloop
  endfacet
  facet normal 0.956945 0.29027 0
    outer loop
      vertex 55.5407 14.8821 43
      vertex 54.4485 18.4828 5
      vertex 54.4485 18.4828 43
    endloop
  endfacet
  facet normal 0.956945 0.29027 0
    outer loop
      vertex 54.4485 18.4828 5
      vertex 55.5407 14.8821 43
      vertex 55.5407 14.8821 5
    endloop
  endfacet
  facet normal 0.773014 0.634389 0
    outer loop
      vertex 45.6178 35.0038 -95
      vertex 43.2308 37.9124 -101
      vertex 43.2308 37.9124 -95
    endloop
  endfacet
  facet normal 0.773014 0.634389 0
    outer loop
      vertex 43.2308 37.9124 -101
      vertex 45.6178 35.0038 -95
      vertex 45.6178 35.0038 -101
    endloop
  endfacet
  facet normal 0.773014 0.634389 0
    outer loop
      vertex 45.6178 35.0038 101
      vertex 43.2308 37.9124 95
      vertex 43.2308 37.9124 101
    endloop
  endfacet
  facet normal 0.773014 0.634389 0
    outer loop
      vertex 43.2308 37.9124 95
      vertex 45.6178 35.0038 101
      vertex 45.6178 35.0038 95
    endloop
  endfacet
  facet normal 0.773014 0.634389 0
    outer loop
      vertex 45.6178 35.0038 -53
      vertex 43.2308 37.9124 -71
      vertex 43.2308 37.9124 -53
    endloop
  endfacet
  facet normal 0.773014 0.634389 0
    outer loop
      vertex 43.2308 37.9124 -71
      vertex 45.6178 35.0038 -53
      vertex 45.6178 35.0038 -71
    endloop
  endfacet
  facet normal 0.773014 0.634389 0
    outer loop
      vertex 45.6178 35.0038 71
      vertex 43.2308 37.9124 53
      vertex 43.2308 37.9124 71
    endloop
  endfacet
  facet normal 0.773014 0.634389 0
    outer loop
      vertex 43.2308 37.9124 53
      vertex 45.6178 35.0038 71
      vertex 45.6178 35.0038 53
    endloop
  endfacet
  facet normal 0.773014 0.634389 0
    outer loop
      vertex 45.6178 35.0038 -5
      vertex 43.2308 37.9124 -43
      vertex 43.2308 37.9124 -5
    endloop
  endfacet
  facet normal 0.773014 0.634389 0
    outer loop
      vertex 43.2308 37.9124 -43
      vertex 45.6178 35.0038 -5
      vertex 45.6178 35.0038 -43
    endloop
  endfacet
  facet normal 0.773014 0.634389 0
    outer loop
      vertex 45.6178 35.0038 43
      vertex 43.2308 37.9124 5
      vertex 43.2308 37.9124 43
    endloop
  endfacet
  facet normal 0.773014 0.634389 0
    outer loop
      vertex 43.2308 37.9124 5
      vertex 45.6178 35.0038 43
      vertex 45.6178 35.0038 5
    endloop
  endfacet
  facet normal 0.910863 0.412709 0
    outer loop
      vertex 53.1231 22.0043 -95
      vertex 51.5702 25.4316 -101
      vertex 51.5702 25.4316 -95
    endloop
  endfacet
  facet normal 0.910863 0.412709 0
    outer loop
      vertex 51.5702 25.4316 -101
      vertex 53.1231 22.0043 -95
      vertex 53.1231 22.0043 -101
    endloop
  endfacet
  facet normal 0.910863 0.412709 0
    outer loop
      vertex 53.1231 22.0043 101
      vertex 51.5702 25.4316 95
      vertex 51.5702 25.4316 101
    endloop
  endfacet
  facet normal 0.910863 0.412709 0
    outer loop
      vertex 51.5702 25.4316 95
      vertex 53.1231 22.0043 101
      vertex 53.1231 22.0043 95
    endloop
  endfacet
  facet normal 0.910863 0.412709 0
    outer loop
      vertex 53.1231 22.0043 -53
      vertex 51.5702 25.4316 -71
      vertex 51.5702 25.4316 -53
    endloop
  endfacet
  facet normal 0.910863 0.412709 0
    outer loop
      vertex 51.5702 25.4316 -71
      vertex 53.1231 22.0043 -53
      vertex 53.1231 22.0043 -71
    endloop
  endfacet
  facet normal 0.910863 0.412709 0
    outer loop
      vertex 53.1231 22.0043 71
      vertex 51.5702 25.4316 53
      vertex 51.5702 25.4316 71
    endloop
  endfacet
  facet normal 0.910863 0.412709 0
    outer loop
      vertex 51.5702 25.4316 53
      vertex 53.1231 22.0043 71
      vertex 53.1231 22.0043 53
    endloop
  endfacet
  facet normal 0.910863 0.412709 0
    outer loop
      vertex 53.1231 22.0043 -5
      vertex 51.5702 25.4316 -43
      vertex 51.5702 25.4316 -5
    endloop
  endfacet
  facet normal 0.910863 0.412709 0
    outer loop
      vertex 51.5702 25.4316 -43
      vertex 53.1231 22.0043 -5
      vertex 53.1231 22.0043 -43
    endloop
  endfacet
  facet normal 0.910863 0.412709 0
    outer loop
      vertex 53.1231 22.0043 43
      vertex 51.5702 25.4316 5
      vertex 51.5702 25.4316 43
    endloop
  endfacet
  facet normal 0.910863 0.412709 0
    outer loop
      vertex 51.5702 25.4316 5
      vertex 53.1231 22.0043 43
      vertex 53.1231 22.0043 5
    endloop
  endfacet
  facet normal 0.29027 0.956945 -0
    outer loop
      vertex 18.4828 54.4485 -101
      vertex 14.8821 55.5407 -95
      vertex 18.4828 54.4485 -95
    endloop
  endfacet
  facet normal 0.29027 0.956945 0
    outer loop
      vertex 14.8821 55.5407 -95
      vertex 18.4828 54.4485 -101
      vertex 14.8821 55.5407 -101
    endloop
  endfacet
  facet normal 0.29027 0.956945 -0
    outer loop
      vertex 18.4828 54.4485 95
      vertex 14.8821 55.5407 101
      vertex 18.4828 54.4485 101
    endloop
  endfacet
  facet normal 0.29027 0.956945 0
    outer loop
      vertex 14.8821 55.5407 101
      vertex 18.4828 54.4485 95
      vertex 14.8821 55.5407 95
    endloop
  endfacet
  facet normal 0.29027 0.956945 -0
    outer loop
      vertex 18.4828 54.4485 -71
      vertex 14.8821 55.5407 -53
      vertex 18.4828 54.4485 -53
    endloop
  endfacet
  facet normal 0.29027 0.956945 0
    outer loop
      vertex 14.8821 55.5407 -53
      vertex 18.4828 54.4485 -71
      vertex 14.8821 55.5407 -71
    endloop
  endfacet
  facet normal 0.29027 0.956945 -0
    outer loop
      vertex 18.4828 54.4485 53
      vertex 14.8821 55.5407 71
      vertex 18.4828 54.4485 71
    endloop
  endfacet
  facet normal 0.29027 0.956945 0
    outer loop
      vertex 14.8821 55.5407 71
      vertex 18.4828 54.4485 53
      vertex 14.8821 55.5407 53
    endloop
  endfacet
  facet normal 0.29027 0.956945 -0
    outer loop
      vertex 18.4828 54.4485 -43
      vertex 14.8821 55.5407 -5
      vertex 18.4828 54.4485 -5
    endloop
  endfacet
  facet normal 0.29027 0.956945 0
    outer loop
      vertex 14.8821 55.5407 -5
      vertex 18.4828 54.4485 -43
      vertex 14.8821 55.5407 -43
    endloop
  endfacet
  facet normal 0.29027 0.956945 -0
    outer loop
      vertex 18.4828 54.4485 5
      vertex 14.8821 55.5407 43
      vertex 18.4828 54.4485 43
    endloop
  endfacet
  facet normal 0.29027 0.956945 0
    outer loop
      vertex 14.8821 55.5407 43
      vertex 18.4828 54.4485 5
      vertex 14.8821 55.5407 5
    endloop
  endfacet
  facet normal 0.35225 0.935906 -0
    outer loop
      vertex 22.0043 53.1231 -101
      vertex 18.4828 54.4485 -95
      vertex 22.0043 53.1231 -95
    endloop
  endfacet
  facet normal 0.35225 0.935906 0
    outer loop
      vertex 18.4828 54.4485 -95
      vertex 22.0043 53.1231 -101
      vertex 18.4828 54.4485 -101
    endloop
  endfacet
  facet normal 0.35225 0.935906 -0
    outer loop
      vertex 22.0043 53.1231 95
      vertex 18.4828 54.4485 101
      vertex 22.0043 53.1231 101
    endloop
  endfacet
  facet normal 0.35225 0.935906 0
    outer loop
      vertex 18.4828 54.4485 101
      vertex 22.0043 53.1231 95
      vertex 18.4828 54.4485 95
    endloop
  endfacet
  facet normal 0.35225 0.935906 -0
    outer loop
      vertex 22.0043 53.1231 -71
      vertex 18.4828 54.4485 -53
      vertex 22.0043 53.1231 -53
    endloop
  endfacet
  facet normal 0.35225 0.935906 0
    outer loop
      vertex 18.4828 54.4485 -53
      vertex 22.0043 53.1231 -71
      vertex 18.4828 54.4485 -71
    endloop
  endfacet
  facet normal 0.35225 0.935906 -0
    outer loop
      vertex 22.0043 53.1231 53
      vertex 18.4828 54.4485 71
      vertex 22.0043 53.1231 71
    endloop
  endfacet
  facet normal 0.35225 0.935906 0
    outer loop
      vertex 18.4828 54.4485 71
      vertex 22.0043 53.1231 53
      vertex 18.4828 54.4485 53
    endloop
  endfacet
  facet normal 0.35225 0.935906 -0
    outer loop
      vertex 22.0043 53.1231 -43
      vertex 18.4828 54.4485 -5
      vertex 22.0043 53.1231 -5
    endloop
  endfacet
  facet normal 0.35225 0.935906 0
    outer loop
      vertex 18.4828 54.4485 -5
      vertex 22.0043 53.1231 -43
      vertex 18.4828 54.4485 -43
    endloop
  endfacet
  facet normal 0.35225 0.935906 -0
    outer loop
      vertex 22.0043 53.1231 5
      vertex 18.4828 54.4485 43
      vertex 22.0043 53.1231 43
    endloop
  endfacet
  facet normal 0.35225 0.935906 0
    outer loop
      vertex 18.4828 54.4485 43
      vertex 22.0043 53.1231 5
      vertex 18.4828 54.4485 5
    endloop
  endfacet
  facet normal 0.0980148 0.995185 -0
    outer loop
      vertex 7.50526 57.0081 -101
      vertex 3.76068 57.3769 -95
      vertex 7.50526 57.0081 -95
    endloop
  endfacet
  facet normal 0.0980148 0.995185 0
    outer loop
      vertex 3.76068 57.3769 -95
      vertex 7.50526 57.0081 -101
      vertex 3.76068 57.3769 -101
    endloop
  endfacet
  facet normal 0.0980148 0.995185 -0
    outer loop
      vertex 7.50526 57.0081 95
      vertex 3.76068 57.3769 101
      vertex 7.50526 57.0081 101
    endloop
  endfacet
  facet normal 0.0980148 0.995185 0
    outer loop
      vertex 3.76068 57.3769 101
      vertex 7.50526 57.0081 95
      vertex 3.76068 57.3769 95
    endloop
  endfacet
  facet normal 0.0980148 0.995185 -0
    outer loop
      vertex 7.50526 57.0081 -71
      vertex 3.76068 57.3769 -53
      vertex 7.50526 57.0081 -53
    endloop
  endfacet
  facet normal 0.0980148 0.995185 0
    outer loop
      vertex 3.76068 57.3769 -53
      vertex 7.50526 57.0081 -71
      vertex 3.76068 57.3769 -71
    endloop
  endfacet
  facet normal 0.0980148 0.995185 -0
    outer loop
      vertex 7.50526 57.0081 53
      vertex 3.76068 57.3769 71
      vertex 7.50526 57.0081 71
    endloop
  endfacet
  facet normal 0.0980148 0.995185 0
    outer loop
      vertex 3.76068 57.3769 71
      vertex 7.50526 57.0081 53
      vertex 3.76068 57.3769 53
    endloop
  endfacet
  facet normal 0.0980148 0.995185 -0
    outer loop
      vertex 7.50526 57.0081 -43
      vertex 3.76068 57.3769 -5
      vertex 7.50526 57.0081 -5
    endloop
  endfacet
  facet normal 0.0980148 0.995185 0
    outer loop
      vertex 3.76068 57.3769 -5
      vertex 7.50526 57.0081 -43
      vertex 3.76068 57.3769 -43
    endloop
  endfacet
  facet normal 0.0980148 0.995185 -0
    outer loop
      vertex 7.50526 57.0081 5
      vertex 3.76068 57.3769 43
      vertex 7.50526 57.0081 43
    endloop
  endfacet
  facet normal 0.0980148 0.995185 0
    outer loop
      vertex 3.76068 57.3769 43
      vertex 7.50526 57.0081 5
      vertex 3.76068 57.3769 5
    endloop
  endfacet
  facet normal 0.471392 0.881924 -0
    outer loop
      vertex 28.75 49.7965 -101
      vertex 25.4316 51.5702 -95
      vertex 28.75 49.7965 -95
    endloop
  endfacet
  facet normal 0.471392 0.881924 0
    outer loop
      vertex 25.4316 51.5702 -95
      vertex 28.75 49.7965 -101
      vertex 25.4316 51.5702 -101
    endloop
  endfacet
  facet normal 0.471392 0.881924 -0
    outer loop
      vertex 28.75 49.7965 95
      vertex 25.4316 51.5702 101
      vertex 28.75 49.7965 101
    endloop
  endfacet
  facet normal 0.471392 0.881924 0
    outer loop
      vertex 25.4316 51.5702 101
      vertex 28.75 49.7965 95
      vertex 25.4316 51.5702 95
    endloop
  endfacet
  facet normal 0.471392 0.881924 -0
    outer loop
      vertex 28.75 49.7965 -71
      vertex 25.4316 51.5702 -53
      vertex 28.75 49.7965 -53
    endloop
  endfacet
  facet normal 0.471392 0.881924 0
    outer loop
      vertex 25.4316 51.5702 -53
      vertex 28.75 49.7965 -71
      vertex 25.4316 51.5702 -71
    endloop
  endfacet
  facet normal 0.471392 0.881924 -0
    outer loop
      vertex 28.75 49.7965 53
      vertex 25.4316 51.5702 71
      vertex 28.75 49.7965 71
    endloop
  endfacet
  facet normal 0.471392 0.881924 0
    outer loop
      vertex 25.4316 51.5702 71
      vertex 28.75 49.7965 53
      vertex 25.4316 51.5702 53
    endloop
  endfacet
  facet normal 0.471392 0.881924 -0
    outer loop
      vertex 28.75 49.7965 -43
      vertex 25.4316 51.5702 -5
      vertex 28.75 49.7965 -5
    endloop
  endfacet
  facet normal 0.471392 0.881924 0
    outer loop
      vertex 25.4316 51.5702 -5
      vertex 28.75 49.7965 -43
      vertex 25.4316 51.5702 -43
    endloop
  endfacet
  facet normal 0.471392 0.881924 -0
    outer loop
      vertex 28.75 49.7965 5
      vertex 25.4316 51.5702 43
      vertex 28.75 49.7965 43
    endloop
  endfacet
  facet normal 0.471392 0.881924 0
    outer loop
      vertex 25.4316 51.5702 43
      vertex 28.75 49.7965 5
      vertex 25.4316 51.5702 5
    endloop
  endfacet
  facet normal 0.683607 0.72985 -0
    outer loop
      vertex 40.6586 40.6586 -101
      vertex 37.9124 43.2308 -95
      vertex 40.6586 40.6586 -95
    endloop
  endfacet
  facet normal 0.683607 0.72985 0
    outer loop
      vertex 37.9124 43.2308 -95
      vertex 40.6586 40.6586 -101
      vertex 37.9124 43.2308 -101
    endloop
  endfacet
  facet normal 0.683607 0.72985 -0
    outer loop
      vertex 40.6586 40.6586 95
      vertex 37.9124 43.2308 101
      vertex 40.6586 40.6586 101
    endloop
  endfacet
  facet normal 0.683607 0.72985 0
    outer loop
      vertex 37.9124 43.2308 101
      vertex 40.6586 40.6586 95
      vertex 37.9124 43.2308 95
    endloop
  endfacet
  facet normal 0.683607 0.72985 -0
    outer loop
      vertex 40.6586 40.6586 -71
      vertex 37.9124 43.2308 -53
      vertex 40.6586 40.6586 -53
    endloop
  endfacet
  facet normal 0.683607 0.72985 0
    outer loop
      vertex 37.9124 43.2308 -53
      vertex 40.6586 40.6586 -71
      vertex 37.9124 43.2308 -71
    endloop
  endfacet
  facet normal 0.683607 0.72985 -0
    outer loop
      vertex 40.6586 40.6586 53
      vertex 37.9124 43.2308 71
      vertex 40.6586 40.6586 71
    endloop
  endfacet
  facet normal 0.683607 0.72985 0
    outer loop
      vertex 37.9124 43.2308 71
      vertex 40.6586 40.6586 53
      vertex 37.9124 43.2308 53
    endloop
  endfacet
  facet normal 0.683607 0.72985 -0
    outer loop
      vertex 40.6586 40.6586 -43
      vertex 37.9124 43.2308 -5
      vertex 40.6586 40.6586 -5
    endloop
  endfacet
  facet normal 0.683607 0.72985 0
    outer loop
      vertex 37.9124 43.2308 -5
      vertex 40.6586 40.6586 -43
      vertex 37.9124 43.2308 -43
    endloop
  endfacet
  facet normal 0.683607 0.72985 -0
    outer loop
      vertex 40.6586 40.6586 5
      vertex 37.9124 43.2308 43
      vertex 40.6586 40.6586 43
    endloop
  endfacet
  facet normal 0.683607 0.72985 0
    outer loop
      vertex 37.9124 43.2308 43
      vertex 40.6586 40.6586 5
      vertex 37.9124 43.2308 5
    endloop
  endfacet
  facet normal -0.773014 0.634389 0
    outer loop
      vertex -45.6178 35.0038 95
      vertex -43.2308 37.9124 101
      vertex -43.2308 37.9124 95
    endloop
  endfacet
  facet normal -0.773014 0.634389 0
    outer loop
      vertex -43.2308 37.9124 101
      vertex -45.6178 35.0038 95
      vertex -45.6178 35.0038 101
    endloop
  endfacet
  facet normal -0.773014 0.634389 0
    outer loop
      vertex -45.6178 35.0038 -101
      vertex -43.2308 37.9124 -95
      vertex -43.2308 37.9124 -101
    endloop
  endfacet
  facet normal -0.773014 0.634389 0
    outer loop
      vertex -43.2308 37.9124 -95
      vertex -45.6178 35.0038 -101
      vertex -45.6178 35.0038 -95
    endloop
  endfacet
  facet normal -0.773014 0.634389 0
    outer loop
      vertex -45.6178 35.0038 -71
      vertex -43.2308 37.9124 -53
      vertex -43.2308 37.9124 -71
    endloop
  endfacet
  facet normal -0.773014 0.634389 0
    outer loop
      vertex -43.2308 37.9124 -53
      vertex -45.6178 35.0038 -71
      vertex -45.6178 35.0038 -53
    endloop
  endfacet
  facet normal -0.773014 0.634389 0
    outer loop
      vertex -45.6178 35.0038 53
      vertex -43.2308 37.9124 71
      vertex -43.2308 37.9124 53
    endloop
  endfacet
  facet normal -0.773014 0.634389 0
    outer loop
      vertex -43.2308 37.9124 71
      vertex -45.6178 35.0038 53
      vertex -45.6178 35.0038 71
    endloop
  endfacet
  facet normal -0.773014 0.634389 0
    outer loop
      vertex -45.6178 35.0038 -43
      vertex -43.2308 37.9124 -5
      vertex -43.2308 37.9124 -43
    endloop
  endfacet
  facet normal -0.773014 0.634389 0
    outer loop
      vertex -43.2308 37.9124 -5
      vertex -45.6178 35.0038 -43
      vertex -45.6178 35.0038 -5
    endloop
  endfacet
  facet normal -0.773014 0.634389 0
    outer loop
      vertex -45.6178 35.0038 5
      vertex -43.2308 37.9124 43
      vertex -43.2308 37.9124 5
    endloop
  endfacet
  facet normal -0.773014 0.634389 0
    outer loop
      vertex -43.2308 37.9124 43
      vertex -45.6178 35.0038 5
      vertex -45.6178 35.0038 43
    endloop
  endfacet
  facet normal -0.72985 0.683607 0
    outer loop
      vertex -43.2308 37.9124 -101
      vertex -40.6586 40.6586 -95
      vertex -40.6586 40.6586 -101
    endloop
  endfacet
  facet normal -0.72985 0.683607 0
    outer loop
      vertex -40.6586 40.6586 -95
      vertex -43.2308 37.9124 -101
      vertex -43.2308 37.9124 -95
    endloop
  endfacet
  facet normal -0.72985 0.683607 0
    outer loop
      vertex -43.2308 37.9124 95
      vertex -40.6586 40.6586 101
      vertex -40.6586 40.6586 95
    endloop
  endfacet
  facet normal -0.72985 0.683607 0
    outer loop
      vertex -40.6586 40.6586 101
      vertex -43.2308 37.9124 95
      vertex -43.2308 37.9124 101
    endloop
  endfacet
  facet normal -0.72985 0.683607 0
    outer loop
      vertex -43.2308 37.9124 -71
      vertex -40.6586 40.6586 -53
      vertex -40.6586 40.6586 -71
    endloop
  endfacet
  facet normal -0.72985 0.683607 0
    outer loop
      vertex -40.6586 40.6586 -53
      vertex -43.2308 37.9124 -71
      vertex -43.2308 37.9124 -53
    endloop
  endfacet
  facet normal -0.72985 0.683607 0
    outer loop
      vertex -43.2308 37.9124 53
      vertex -40.6586 40.6586 71
      vertex -40.6586 40.6586 53
    endloop
  endfacet
  facet normal -0.72985 0.683607 0
    outer loop
      vertex -40.6586 40.6586 71
      vertex -43.2308 37.9124 53
      vertex -43.2308 37.9124 71
    endloop
  endfacet
  facet normal -0.72985 0.683607 0
    outer loop
      vertex -43.2308 37.9124 -43
      vertex -40.6586 40.6586 -5
      vertex -40.6586 40.6586 -43
    endloop
  endfacet
  facet normal -0.72985 0.683607 0
    outer loop
      vertex -40.6586 40.6586 -5
      vertex -43.2308 37.9124 -43
      vertex -43.2308 37.9124 -5
    endloop
  endfacet
  facet normal -0.72985 0.683607 0
    outer loop
      vertex -43.2308 37.9124 5
      vertex -40.6586 40.6586 43
      vertex -40.6586 40.6586 5
    endloop
  endfacet
  facet normal -0.72985 0.683607 0
    outer loop
      vertex -40.6586 40.6586 43
      vertex -43.2308 37.9124 5
      vertex -43.2308 37.9124 43
    endloop
  endfacet
  facet normal -0.881924 0.471392 0
    outer loop
      vertex -51.5702 25.4316 -101
      vertex -49.7965 28.75 -95
      vertex -49.7965 28.75 -101
    endloop
  endfacet
  facet normal -0.881924 0.471392 0
    outer loop
      vertex -49.7965 28.75 -95
      vertex -51.5702 25.4316 -101
      vertex -51.5702 25.4316 -95
    endloop
  endfacet
  facet normal -0.881924 0.471392 0
    outer loop
      vertex -51.5702 25.4316 95
      vertex -49.7965 28.75 101
      vertex -49.7965 28.75 95
    endloop
  endfacet
  facet normal -0.881924 0.471392 0
    outer loop
      vertex -49.7965 28.75 101
      vertex -51.5702 25.4316 95
      vertex -51.5702 25.4316 101
    endloop
  endfacet
  facet normal -0.881924 0.471392 0
    outer loop
      vertex -51.5702 25.4316 -71
      vertex -49.7965 28.75 -53
      vertex -49.7965 28.75 -71
    endloop
  endfacet
  facet normal -0.881924 0.471392 0
    outer loop
      vertex -49.7965 28.75 -53
      vertex -51.5702 25.4316 -71
      vertex -51.5702 25.4316 -53
    endloop
  endfacet
  facet normal -0.881924 0.471392 0
    outer loop
      vertex -51.5702 25.4316 53
      vertex -49.7965 28.75 71
      vertex -49.7965 28.75 53
    endloop
  endfacet
  facet normal -0.881924 0.471392 0
    outer loop
      vertex -49.7965 28.75 71
      vertex -51.5702 25.4316 53
      vertex -51.5702 25.4316 71
    endloop
  endfacet
  facet normal -0.881924 0.471392 0
    outer loop
      vertex -51.5702 25.4316 -43
      vertex -49.7965 28.75 -5
      vertex -49.7965 28.75 -43
    endloop
  endfacet
  facet normal -0.881924 0.471392 0
    outer loop
      vertex -49.7965 28.75 -5
      vertex -51.5702 25.4316 -43
      vertex -51.5702 25.4316 -5
    endloop
  endfacet
  facet normal -0.881924 0.471392 0
    outer loop
      vertex -51.5702 25.4316 5
      vertex -49.7965 28.75 43
      vertex -49.7965 28.75 5
    endloop
  endfacet
  facet normal -0.881924 0.471392 0
    outer loop
      vertex -49.7965 28.75 43
      vertex -51.5702 25.4316 5
      vertex -51.5702 25.4316 43
    endloop
  endfacet
  facet normal -0.956945 0.29027 0
    outer loop
      vertex -55.5407 14.8821 -101
      vertex -54.4485 18.4828 -95
      vertex -54.4485 18.4828 -101
    endloop
  endfacet
  facet normal -0.956945 0.29027 0
    outer loop
      vertex -54.4485 18.4828 -95
      vertex -55.5407 14.8821 -101
      vertex -55.5407 14.8821 -95
    endloop
  endfacet
  facet normal -0.956945 0.29027 0
    outer loop
      vertex -55.5407 14.8821 95
      vertex -54.4485 18.4828 101
      vertex -54.4485 18.4828 95
    endloop
  endfacet
  facet normal -0.956945 0.29027 0
    outer loop
      vertex -54.4485 18.4828 101
      vertex -55.5407 14.8821 95
      vertex -55.5407 14.8821 101
    endloop
  endfacet
  facet normal -0.956945 0.29027 0
    outer loop
      vertex -55.5407 14.8821 -71
      vertex -54.4485 18.4828 -53
      vertex -54.4485 18.4828 -71
    endloop
  endfacet
  facet normal -0.956945 0.29027 0
    outer loop
      vertex -54.4485 18.4828 -53
      vertex -55.5407 14.8821 -71
      vertex -55.5407 14.8821 -53
    endloop
  endfacet
  facet normal -0.956945 0.29027 0
    outer loop
      vertex -55.5407 14.8821 53
      vertex -54.4485 18.4828 71
      vertex -54.4485 18.4828 53
    endloop
  endfacet
  facet normal -0.956945 0.29027 0
    outer loop
      vertex -54.4485 18.4828 71
      vertex -55.5407 14.8821 53
      vertex -55.5407 14.8821 71
    endloop
  endfacet
  facet normal -0.956945 0.29027 0
    outer loop
      vertex -55.5407 14.8821 -43
      vertex -54.4485 18.4828 -5
      vertex -54.4485 18.4828 -43
    endloop
  endfacet
  facet normal -0.956945 0.29027 0
    outer loop
      vertex -54.4485 18.4828 -5
      vertex -55.5407 14.8821 -43
      vertex -55.5407 14.8821 -5
    endloop
  endfacet
  facet normal -0.956945 0.29027 0
    outer loop
      vertex -55.5407 14.8821 5
      vertex -54.4485 18.4828 43
      vertex -54.4485 18.4828 5
    endloop
  endfacet
  facet normal -0.956945 0.29027 0
    outer loop
      vertex -54.4485 18.4828 43
      vertex -55.5407 14.8821 5
      vertex -55.5407 14.8821 43
    endloop
  endfacet
  facet normal -0.935906 0.35225 0
    outer loop
      vertex -54.4485 18.4828 -101
      vertex -53.1231 22.0043 -95
      vertex -53.1231 22.0043 -101
    endloop
  endfacet
  facet normal -0.935906 0.35225 0
    outer loop
      vertex -53.1231 22.0043 -95
      vertex -54.4485 18.4828 -101
      vertex -54.4485 18.4828 -95
    endloop
  endfacet
  facet normal -0.935906 0.35225 0
    outer loop
      vertex -54.4485 18.4828 95
      vertex -53.1231 22.0043 101
      vertex -53.1231 22.0043 95
    endloop
  endfacet
  facet normal -0.935906 0.35225 0
    outer loop
      vertex -53.1231 22.0043 101
      vertex -54.4485 18.4828 95
      vertex -54.4485 18.4828 101
    endloop
  endfacet
  facet normal -0.935906 0.35225 0
    outer loop
      vertex -54.4485 18.4828 -71
      vertex -53.1231 22.0043 -53
      vertex -53.1231 22.0043 -71
    endloop
  endfacet
  facet normal -0.935906 0.35225 0
    outer loop
      vertex -53.1231 22.0043 -53
      vertex -54.4485 18.4828 -71
      vertex -54.4485 18.4828 -53
    endloop
  endfacet
  facet normal -0.935906 0.35225 0
    outer loop
      vertex -54.4485 18.4828 53
      vertex -53.1231 22.0043 71
      vertex -53.1231 22.0043 53
    endloop
  endfacet
  facet normal -0.935906 0.35225 0
    outer loop
      vertex -53.1231 22.0043 71
      vertex -54.4485 18.4828 53
      vertex -54.4485 18.4828 71
    endloop
  endfacet
  facet normal -0.935906 0.35225 0
    outer loop
      vertex -54.4485 18.4828 -43
      vertex -53.1231 22.0043 -5
      vertex -53.1231 22.0043 -43
    endloop
  endfacet
  facet normal -0.935906 0.35225 0
    outer loop
      vertex -53.1231 22.0043 -5
      vertex -54.4485 18.4828 -43
      vertex -54.4485 18.4828 -5
    endloop
  endfacet
  facet normal -0.935906 0.35225 0
    outer loop
      vertex -54.4485 18.4828 5
      vertex -53.1231 22.0043 43
      vertex -53.1231 22.0043 5
    endloop
  endfacet
  facet normal -0.935906 0.35225 0
    outer loop
      vertex -53.1231 22.0043 43
      vertex -54.4485 18.4828 5
      vertex -54.4485 18.4828 43
    endloop
  endfacet
  facet normal -0.995185 0.0980148 0
    outer loop
      vertex -57.3769 3.76068 -101
      vertex -57.0081 7.50526 -95
      vertex -57.0081 7.50526 -101
    endloop
  endfacet
  facet normal -0.995185 0.0980148 0
    outer loop
      vertex -57.0081 7.50526 -95
      vertex -57.3769 3.76068 -101
      vertex -57.3769 3.76068 -95
    endloop
  endfacet
  facet normal -0.995185 0.0980148 0
    outer loop
      vertex -57.3769 3.76068 95
      vertex -57.0081 7.50526 101
      vertex -57.0081 7.50526 95
    endloop
  endfacet
  facet normal -0.995185 0.0980148 0
    outer loop
      vertex -57.0081 7.50526 101
      vertex -57.3769 3.76068 95
      vertex -57.3769 3.76068 101
    endloop
  endfacet
  facet normal -0.995185 0.0980148 0
    outer loop
      vertex -57.3769 3.76068 -71
      vertex -57.0081 7.50526 -53
      vertex -57.0081 7.50526 -71
    endloop
  endfacet
  facet normal -0.995185 0.0980148 0
    outer loop
      vertex -57.0081 7.50526 -53
      vertex -57.3769 3.76068 -71
      vertex -57.3769 3.76068 -53
    endloop
  endfacet
  facet normal -0.995185 0.0980148 0
    outer loop
      vertex -57.3769 3.76068 53
      vertex -57.0081 7.50526 71
      vertex -57.0081 7.50526 53
    endloop
  endfacet
  facet normal -0.995185 0.0980148 0
    outer loop
      vertex -57.0081 7.50526 71
      vertex -57.3769 3.76068 53
      vertex -57.3769 3.76068 71
    endloop
  endfacet
  facet normal -0.995185 0.0980148 0
    outer loop
      vertex -57.3769 3.76068 -43
      vertex -57.0081 7.50526 -5
      vertex -57.0081 7.50526 -43
    endloop
  endfacet
  facet normal -0.995185 0.0980148 0
    outer loop
      vertex -57.0081 7.50526 -5
      vertex -57.3769 3.76068 -43
      vertex -57.3769 3.76068 -5
    endloop
  endfacet
  facet normal -0.995185 0.0980148 0
    outer loop
      vertex -57.3769 3.76068 5
      vertex -57.0081 7.50526 43
      vertex -57.0081 7.50526 5
    endloop
  endfacet
  facet normal -0.995185 0.0980148 0
    outer loop
      vertex -57.0081 7.50526 43
      vertex -57.3769 3.76068 5
      vertex -57.3769 3.76068 43
    endloop
  endfacet
  facet normal -0.471392 0.881924 0
    outer loop
      vertex -25.4316 51.5702 -101
      vertex -28.75 49.7965 -95
      vertex -25.4316 51.5702 -95
    endloop
  endfacet
  facet normal -0.471392 0.881924 0
    outer loop
      vertex -28.75 49.7965 -95
      vertex -25.4316 51.5702 -101
      vertex -28.75 49.7965 -101
    endloop
  endfacet
  facet normal -0.471392 0.881924 0
    outer loop
      vertex -25.4316 51.5702 95
      vertex -28.75 49.7965 101
      vertex -25.4316 51.5702 101
    endloop
  endfacet
  facet normal -0.471392 0.881924 0
    outer loop
      vertex -28.75 49.7965 101
      vertex -25.4316 51.5702 95
      vertex -28.75 49.7965 95
    endloop
  endfacet
  facet normal -0.471392 0.881924 0
    outer loop
      vertex -25.4316 51.5702 -71
      vertex -28.75 49.7965 -53
      vertex -25.4316 51.5702 -53
    endloop
  endfacet
  facet normal -0.471392 0.881924 0
    outer loop
      vertex -28.75 49.7965 -53
      vertex -25.4316 51.5702 -71
      vertex -28.75 49.7965 -71
    endloop
  endfacet
  facet normal -0.471392 0.881924 0
    outer loop
      vertex -25.4316 51.5702 53
      vertex -28.75 49.7965 71
      vertex -25.4316 51.5702 71
    endloop
  endfacet
  facet normal -0.471392 0.881924 0
    outer loop
      vertex -28.75 49.7965 71
      vertex -25.4316 51.5702 53
      vertex -28.75 49.7965 53
    endloop
  endfacet
  facet normal -0.471392 0.881924 0
    outer loop
      vertex -25.4316 51.5702 -43
      vertex -28.75 49.7965 -5
      vertex -25.4316 51.5702 -5
    endloop
  endfacet
  facet normal -0.471392 0.881924 0
    outer loop
      vertex -28.75 49.7965 -5
      vertex -25.4316 51.5702 -43
      vertex -28.75 49.7965 -43
    endloop
  endfacet
  facet normal -0.471392 0.881924 0
    outer loop
      vertex -25.4316 51.5702 5
      vertex -28.75 49.7965 43
      vertex -25.4316 51.5702 43
    endloop
  endfacet
  facet normal -0.471392 0.881924 0
    outer loop
      vertex -28.75 49.7965 43
      vertex -25.4316 51.5702 5
      vertex -28.75 49.7965 5
    endloop
  endfacet
  facet normal -0.412709 0.910863 0
    outer loop
      vertex -22.0043 53.1231 -101
      vertex -25.4316 51.5702 -95
      vertex -22.0043 53.1231 -95
    endloop
  endfacet
  facet normal -0.412709 0.910863 0
    outer loop
      vertex -25.4316 51.5702 -95
      vertex -22.0043 53.1231 -101
      vertex -25.4316 51.5702 -101
    endloop
  endfacet
  facet normal -0.412709 0.910863 0
    outer loop
      vertex -22.0043 53.1231 95
      vertex -25.4316 51.5702 101
      vertex -22.0043 53.1231 101
    endloop
  endfacet
  facet normal -0.412709 0.910863 0
    outer loop
      vertex -25.4316 51.5702 101
      vertex -22.0043 53.1231 95
      vertex -25.4316 51.5702 95
    endloop
  endfacet
  facet normal -0.412709 0.910863 0
    outer loop
      vertex -22.0043 53.1231 -71
      vertex -25.4316 51.5702 -53
      vertex -22.0043 53.1231 -53
    endloop
  endfacet
  facet normal -0.412709 0.910863 0
    outer loop
      vertex -25.4316 51.5702 -53
      vertex -22.0043 53.1231 -71
      vertex -25.4316 51.5702 -71
    endloop
  endfacet
  facet normal -0.412709 0.910863 0
    outer loop
      vertex -22.0043 53.1231 53
      vertex -25.4316 51.5702 71
      vertex -22.0043 53.1231 71
    endloop
  endfacet
  facet normal -0.412709 0.910863 0
    outer loop
      vertex -25.4316 51.5702 71
      vertex -22.0043 53.1231 53
      vertex -25.4316 51.5702 53
    endloop
  endfacet
  facet normal -0.412709 0.910863 0
    outer loop
      vertex -22.0043 53.1231 -43
      vertex -25.4316 51.5702 -5
      vertex -22.0043 53.1231 -5
    endloop
  endfacet
  facet normal -0.412709 0.910863 0
    outer loop
      vertex -25.4316 51.5702 -5
      vertex -22.0043 53.1231 -43
      vertex -25.4316 51.5702 -43
    endloop
  endfacet
  facet normal -0.412709 0.910863 0
    outer loop
      vertex -22.0043 53.1231 5
      vertex -25.4316 51.5702 43
      vertex -22.0043 53.1231 43
    endloop
  endfacet
  facet normal -0.412709 0.910863 0
    outer loop
      vertex -25.4316 51.5702 43
      vertex -22.0043 53.1231 5
      vertex -25.4316 51.5702 5
    endloop
  endfacet
  facet normal -0.634389 0.773014 0
    outer loop
      vertex -35.0038 45.6178 -101
      vertex -37.9124 43.2308 -95
      vertex -35.0038 45.6178 -95
    endloop
  endfacet
  facet normal -0.634389 0.773014 0
    outer loop
      vertex -37.9124 43.2308 -95
      vertex -35.0038 45.6178 -101
      vertex -37.9124 43.2308 -101
    endloop
  endfacet
  facet normal -0.634389 0.773014 0
    outer loop
      vertex -35.0038 45.6178 95
      vertex -37.9124 43.2308 101
      vertex -35.0038 45.6178 101
    endloop
  endfacet
  facet normal -0.634389 0.773014 0
    outer loop
      vertex -37.9124 43.2308 101
      vertex -35.0038 45.6178 95
      vertex -37.9124 43.2308 95
    endloop
  endfacet
  facet normal -0.634389 0.773014 0
    outer loop
      vertex -35.0038 45.6178 -71
      vertex -37.9124 43.2308 -53
      vertex -35.0038 45.6178 -53
    endloop
  endfacet
  facet normal -0.634389 0.773014 0
    outer loop
      vertex -37.9124 43.2308 -53
      vertex -35.0038 45.6178 -71
      vertex -37.9124 43.2308 -71
    endloop
  endfacet
  facet normal -0.634389 0.773014 0
    outer loop
      vertex -35.0038 45.6178 53
      vertex -37.9124 43.2308 71
      vertex -35.0038 45.6178 71
    endloop
  endfacet
  facet normal -0.634389 0.773014 0
    outer loop
      vertex -37.9124 43.2308 71
      vertex -35.0038 45.6178 53
      vertex -37.9124 43.2308 53
    endloop
  endfacet
  facet normal -0.634389 0.773014 0
    outer loop
      vertex -35.0038 45.6178 -43
      vertex -37.9124 43.2308 -5
      vertex -35.0038 45.6178 -5
    endloop
  endfacet
  facet normal -0.634389 0.773014 0
    outer loop
      vertex -37.9124 43.2308 -5
      vertex -35.0038 45.6178 -43
      vertex -37.9124 43.2308 -43
    endloop
  endfacet
  facet normal -0.634389 0.773014 0
    outer loop
      vertex -35.0038 45.6178 5
      vertex -37.9124 43.2308 43
      vertex -35.0038 45.6178 43
    endloop
  endfacet
  facet normal -0.634389 0.773014 0
    outer loop
      vertex -37.9124 43.2308 43
      vertex -35.0038 45.6178 5
      vertex -37.9124 43.2308 5
    endloop
  endfacet
  facet normal -0.29027 0.956945 0
    outer loop
      vertex -14.8821 55.5407 -101
      vertex -18.4828 54.4485 -95
      vertex -14.8821 55.5407 -95
    endloop
  endfacet
  facet normal -0.29027 0.956945 0
    outer loop
      vertex -18.4828 54.4485 -95
      vertex -14.8821 55.5407 -101
      vertex -18.4828 54.4485 -101
    endloop
  endfacet
  facet normal -0.29027 0.956945 0
    outer loop
      vertex -14.8821 55.5407 95
      vertex -18.4828 54.4485 101
      vertex -14.8821 55.5407 101
    endloop
  endfacet
  facet normal -0.29027 0.956945 0
    outer loop
      vertex -18.4828 54.4485 101
      vertex -14.8821 55.5407 95
      vertex -18.4828 54.4485 95
    endloop
  endfacet
  facet normal -0.29027 0.956945 0
    outer loop
      vertex -14.8821 55.5407 -71
      vertex -18.4828 54.4485 -53
      vertex -14.8821 55.5407 -53
    endloop
  endfacet
  facet normal -0.29027 0.956945 0
    outer loop
      vertex -18.4828 54.4485 -53
      vertex -14.8821 55.5407 -71
      vertex -18.4828 54.4485 -71
    endloop
  endfacet
  facet normal -0.29027 0.956945 0
    outer loop
      vertex -14.8821 55.5407 53
      vertex -18.4828 54.4485 71
      vertex -14.8821 55.5407 71
    endloop
  endfacet
  facet normal -0.29027 0.956945 0
    outer loop
      vertex -18.4828 54.4485 71
      vertex -14.8821 55.5407 53
      vertex -18.4828 54.4485 53
    endloop
  endfacet
  facet normal -0.29027 0.956945 0
    outer loop
      vertex -14.8821 55.5407 -43
      vertex -18.4828 54.4485 -5
      vertex -14.8821 55.5407 -5
    endloop
  endfacet
  facet normal -0.29027 0.956945 0
    outer loop
      vertex -18.4828 54.4485 -5
      vertex -14.8821 55.5407 -43
      vertex -18.4828 54.4485 -43
    endloop
  endfacet
  facet normal -0.29027 0.956945 0
    outer loop
      vertex -14.8821 55.5407 5
      vertex -18.4828 54.4485 43
      vertex -14.8821 55.5407 43
    endloop
  endfacet
  facet normal -0.29027 0.956945 0
    outer loop
      vertex -18.4828 54.4485 43
      vertex -14.8821 55.5407 5
      vertex -18.4828 54.4485 5
    endloop
  endfacet
  facet normal -0.0327159 0.999465 0
    outer loop
      vertex 0 57.5 -101
      vertex -3.76068 57.3769 -95
      vertex 0 57.5 -95
    endloop
  endfacet
  facet normal -0.0327159 0.999465 0
    outer loop
      vertex -3.76068 57.3769 -95
      vertex 0 57.5 -101
      vertex -3.76068 57.3769 -101
    endloop
  endfacet
  facet normal -0.0327159 0.999465 0
    outer loop
      vertex 0 57.5 95
      vertex -3.76068 57.3769 101
      vertex 0 57.5 101
    endloop
  endfacet
  facet normal -0.0327159 0.999465 0
    outer loop
      vertex -3.76068 57.3769 101
      vertex 0 57.5 95
      vertex -3.76068 57.3769 95
    endloop
  endfacet
  facet normal -0.0327159 0.999465 0
    outer loop
      vertex 0 57.5 -71
      vertex -3.76068 57.3769 -53
      vertex 0 57.5 -53
    endloop
  endfacet
  facet normal -0.0327159 0.999465 0
    outer loop
      vertex -3.76068 57.3769 -53
      vertex 0 57.5 -71
      vertex -3.76068 57.3769 -71
    endloop
  endfacet
  facet normal -0.0327159 0.999465 0
    outer loop
      vertex 0 57.5 53
      vertex -3.76068 57.3769 71
      vertex 0 57.5 71
    endloop
  endfacet
  facet normal -0.0327159 0.999465 0
    outer loop
      vertex -3.76068 57.3769 71
      vertex 0 57.5 53
      vertex -3.76068 57.3769 53
    endloop
  endfacet
  facet normal -0.0327159 0.999465 0
    outer loop
      vertex 0 57.5 -43
      vertex -3.76068 57.3769 -5
      vertex 0 57.5 -5
    endloop
  endfacet
  facet normal -0.0327159 0.999465 0
    outer loop
      vertex -3.76068 57.3769 -5
      vertex 0 57.5 -43
      vertex -3.76068 57.3769 -43
    endloop
  endfacet
  facet normal -0.0327159 0.999465 0
    outer loop
      vertex 0 57.5 5
      vertex -3.76068 57.3769 43
      vertex 0 57.5 43
    endloop
  endfacet
  facet normal -0.0327159 0.999465 0
    outer loop
      vertex -3.76068 57.3769 43
      vertex 0 57.5 5
      vertex -3.76068 57.3769 5
    endloop
  endfacet
  facet normal 0.0327159 -0.999465 0
    outer loop
      vertex 0 -57.5 -101
      vertex 3.76068 -57.3769 -95
      vertex 0 -57.5 -95
    endloop
  endfacet
  facet normal 0.0327159 -0.999465 0
    outer loop
      vertex 3.76068 -57.3769 -95
      vertex 0 -57.5 -101
      vertex 3.76068 -57.3769 -101
    endloop
  endfacet
  facet normal 0.0327159 -0.999465 0
    outer loop
      vertex 0 -57.5 95
      vertex 3.76068 -57.3769 101
      vertex 0 -57.5 101
    endloop
  endfacet
  facet normal 0.0327159 -0.999465 0
    outer loop
      vertex 3.76068 -57.3769 101
      vertex 0 -57.5 95
      vertex 3.76068 -57.3769 95
    endloop
  endfacet
  facet normal 0.0327159 -0.999465 0
    outer loop
      vertex 0 -57.5 -71
      vertex 3.76068 -57.3769 -53
      vertex 0 -57.5 -53
    endloop
  endfacet
  facet normal 0.0327159 -0.999465 0
    outer loop
      vertex 3.76068 -57.3769 -53
      vertex 0 -57.5 -71
      vertex 3.76068 -57.3769 -71
    endloop
  endfacet
  facet normal 0.0327159 -0.999465 0
    outer loop
      vertex 0 -57.5 53
      vertex 3.76068 -57.3769 71
      vertex 0 -57.5 71
    endloop
  endfacet
  facet normal 0.0327159 -0.999465 0
    outer loop
      vertex 3.76068 -57.3769 71
      vertex 0 -57.5 53
      vertex 3.76068 -57.3769 53
    endloop
  endfacet
  facet normal 0.0327159 -0.999465 0
    outer loop
      vertex 0 -57.5 -43
      vertex 3.76068 -57.3769 -5
      vertex 0 -57.5 -5
    endloop
  endfacet
  facet normal 0.0327159 -0.999465 0
    outer loop
      vertex 3.76068 -57.3769 -5
      vertex 0 -57.5 -43
      vertex 3.76068 -57.3769 -43
    endloop
  endfacet
  facet normal 0.0327159 -0.999465 0
    outer loop
      vertex 0 -57.5 5
      vertex 3.76068 -57.3769 43
      vertex 0 -57.5 43
    endloop
  endfacet
  facet normal 0.0327159 -0.999465 0
    outer loop
      vertex 3.76068 -57.3769 43
      vertex 0 -57.5 5
      vertex 3.76068 -57.3769 5
    endloop
  endfacet
  facet normal 0.162889 -0.986644 0
    outer loop
      vertex 7.50526 -57.0081 -101
      vertex 11.2177 -56.3952 -95
      vertex 7.50526 -57.0081 -95
    endloop
  endfacet
  facet normal 0.162889 -0.986644 0
    outer loop
      vertex 11.2177 -56.3952 -95
      vertex 7.50526 -57.0081 -101
      vertex 11.2177 -56.3952 -101
    endloop
  endfacet
  facet normal 0.162889 -0.986644 0
    outer loop
      vertex 7.50526 -57.0081 95
      vertex 11.2177 -56.3952 101
      vertex 7.50526 -57.0081 101
    endloop
  endfacet
  facet normal 0.162889 -0.986644 0
    outer loop
      vertex 11.2177 -56.3952 101
      vertex 7.50526 -57.0081 95
      vertex 11.2177 -56.3952 95
    endloop
  endfacet
  facet normal 0.162889 -0.986644 0
    outer loop
      vertex 7.50526 -57.0081 -71
      vertex 11.2177 -56.3952 -53
      vertex 7.50526 -57.0081 -53
    endloop
  endfacet
  facet normal 0.162889 -0.986644 0
    outer loop
      vertex 11.2177 -56.3952 -53
      vertex 7.50526 -57.0081 -71
      vertex 11.2177 -56.3952 -71
    endloop
  endfacet
  facet normal 0.162889 -0.986644 0
    outer loop
      vertex 7.50526 -57.0081 53
      vertex 11.2177 -56.3952 71
      vertex 7.50526 -57.0081 71
    endloop
  endfacet
  facet normal 0.162889 -0.986644 0
    outer loop
      vertex 11.2177 -56.3952 71
      vertex 7.50526 -57.0081 53
      vertex 11.2177 -56.3952 53
    endloop
  endfacet
  facet normal 0.162889 -0.986644 0
    outer loop
      vertex 7.50526 -57.0081 -43
      vertex 11.2177 -56.3952 -5
      vertex 7.50526 -57.0081 -5
    endloop
  endfacet
  facet normal 0.162889 -0.986644 0
    outer loop
      vertex 11.2177 -56.3952 -5
      vertex 7.50526 -57.0081 -43
      vertex 11.2177 -56.3952 -43
    endloop
  endfacet
  facet normal 0.162889 -0.986644 0
    outer loop
      vertex 7.50526 -57.0081 5
      vertex 11.2177 -56.3952 43
      vertex 7.50526 -57.0081 43
    endloop
  endfacet
  facet normal 0.162889 -0.986644 0
    outer loop
      vertex 11.2177 -56.3952 43
      vertex 7.50526 -57.0081 5
      vertex 11.2177 -56.3952 5
    endloop
  endfacet
  facet normal 0.29027 -0.956945 0
    outer loop
      vertex 14.8821 -55.5407 -101
      vertex 18.4828 -54.4485 -95
      vertex 14.8821 -55.5407 -95
    endloop
  endfacet
  facet normal 0.29027 -0.956945 0
    outer loop
      vertex 18.4828 -54.4485 -95
      vertex 14.8821 -55.5407 -101
      vertex 18.4828 -54.4485 -101
    endloop
  endfacet
  facet normal 0.29027 -0.956945 0
    outer loop
      vertex 14.8821 -55.5407 95
      vertex 18.4828 -54.4485 101
      vertex 14.8821 -55.5407 101
    endloop
  endfacet
  facet normal 0.29027 -0.956945 0
    outer loop
      vertex 18.4828 -54.4485 101
      vertex 14.8821 -55.5407 95
      vertex 18.4828 -54.4485 95
    endloop
  endfacet
  facet normal 0.29027 -0.956945 0
    outer loop
      vertex 14.8821 -55.5407 -71
      vertex 18.4828 -54.4485 -53
      vertex 14.8821 -55.5407 -53
    endloop
  endfacet
  facet normal 0.29027 -0.956945 0
    outer loop
      vertex 18.4828 -54.4485 -53
      vertex 14.8821 -55.5407 -71
      vertex 18.4828 -54.4485 -71
    endloop
  endfacet
  facet normal 0.29027 -0.956945 0
    outer loop
      vertex 14.8821 -55.5407 53
      vertex 18.4828 -54.4485 71
      vertex 14.8821 -55.5407 71
    endloop
  endfacet
  facet normal 0.29027 -0.956945 0
    outer loop
      vertex 18.4828 -54.4485 71
      vertex 14.8821 -55.5407 53
      vertex 18.4828 -54.4485 53
    endloop
  endfacet
  facet normal 0.29027 -0.956945 0
    outer loop
      vertex 14.8821 -55.5407 -43
      vertex 18.4828 -54.4485 -5
      vertex 14.8821 -55.5407 -5
    endloop
  endfacet
  facet normal 0.29027 -0.956945 0
    outer loop
      vertex 18.4828 -54.4485 -5
      vertex 14.8821 -55.5407 -43
      vertex 18.4828 -54.4485 -43
    endloop
  endfacet
  facet normal 0.29027 -0.956945 0
    outer loop
      vertex 14.8821 -55.5407 5
      vertex 18.4828 -54.4485 43
      vertex 14.8821 -55.5407 43
    endloop
  endfacet
  facet normal 0.29027 -0.956945 0
    outer loop
      vertex 18.4828 -54.4485 43
      vertex 14.8821 -55.5407 5
      vertex 18.4828 -54.4485 5
    endloop
  endfacet
  facet normal 0.634389 -0.773014 0
    outer loop
      vertex 35.0038 -45.6178 -101
      vertex 37.9124 -43.2308 -95
      vertex 35.0038 -45.6178 -95
    endloop
  endfacet
  facet normal 0.634389 -0.773014 0
    outer loop
      vertex 37.9124 -43.2308 -95
      vertex 35.0038 -45.6178 -101
      vertex 37.9124 -43.2308 -101
    endloop
  endfacet
  facet normal 0.634389 -0.773014 0
    outer loop
      vertex 35.0038 -45.6178 95
      vertex 37.9124 -43.2308 101
      vertex 35.0038 -45.6178 101
    endloop
  endfacet
  facet normal 0.634389 -0.773014 0
    outer loop
      vertex 37.9124 -43.2308 101
      vertex 35.0038 -45.6178 95
      vertex 37.9124 -43.2308 95
    endloop
  endfacet
  facet normal 0.634389 -0.773014 0
    outer loop
      vertex 35.0038 -45.6178 -71
      vertex 37.9124 -43.2308 -53
      vertex 35.0038 -45.6178 -53
    endloop
  endfacet
  facet normal 0.634389 -0.773014 0
    outer loop
      vertex 37.9124 -43.2308 -53
      vertex 35.0038 -45.6178 -71
      vertex 37.9124 -43.2308 -71
    endloop
  endfacet
  facet normal 0.634389 -0.773014 0
    outer loop
      vertex 35.0038 -45.6178 53
      vertex 37.9124 -43.2308 71
      vertex 35.0038 -45.6178 71
    endloop
  endfacet
  facet normal 0.634389 -0.773014 0
    outer loop
      vertex 37.9124 -43.2308 71
      vertex 35.0038 -45.6178 53
      vertex 37.9124 -43.2308 53
    endloop
  endfacet
  facet normal 0.634389 -0.773014 0
    outer loop
      vertex 35.0038 -45.6178 -43
      vertex 37.9124 -43.2308 -5
      vertex 35.0038 -45.6178 -5
    endloop
  endfacet
  facet normal 0.634389 -0.773014 0
    outer loop
      vertex 37.9124 -43.2308 -5
      vertex 35.0038 -45.6178 -43
      vertex 37.9124 -43.2308 -43
    endloop
  endfacet
  facet normal 0.634389 -0.773014 0
    outer loop
      vertex 35.0038 -45.6178 5
      vertex 37.9124 -43.2308 43
      vertex 35.0038 -45.6178 43
    endloop
  endfacet
  facet normal 0.634389 -0.773014 0
    outer loop
      vertex 37.9124 -43.2308 43
      vertex 35.0038 -45.6178 5
      vertex 37.9124 -43.2308 5
    endloop
  endfacet
  facet normal 0.528075 -0.849198 0
    outer loop
      vertex 28.75 -49.7965 95
      vertex 31.9453 -47.8095 101
      vertex 28.75 -49.7965 101
    endloop
  endfacet
  facet normal 0.528075 -0.849198 0
    outer loop
      vertex 31.9453 -47.8095 101
      vertex 28.75 -49.7965 95
      vertex 31.9453 -47.8095 95
    endloop
  endfacet
  facet normal 0.528075 -0.849198 0
    outer loop
      vertex 28.75 -49.7965 -101
      vertex 31.9453 -47.8095 -95
      vertex 28.75 -49.7965 -95
    endloop
  endfacet
  facet normal 0.528075 -0.849198 0
    outer loop
      vertex 31.9453 -47.8095 -95
      vertex 28.75 -49.7965 -101
      vertex 31.9453 -47.8095 -101
    endloop
  endfacet
  facet normal 0.528075 -0.849198 0
    outer loop
      vertex 28.75 -49.7965 -71
      vertex 31.9453 -47.8095 -53
      vertex 28.75 -49.7965 -53
    endloop
  endfacet
  facet normal 0.528075 -0.849198 0
    outer loop
      vertex 31.9453 -47.8095 -53
      vertex 28.75 -49.7965 -71
      vertex 31.9453 -47.8095 -71
    endloop
  endfacet
  facet normal 0.528075 -0.849198 0
    outer loop
      vertex 28.75 -49.7965 53
      vertex 31.9453 -47.8095 71
      vertex 28.75 -49.7965 71
    endloop
  endfacet
  facet normal 0.528075 -0.849198 0
    outer loop
      vertex 31.9453 -47.8095 71
      vertex 28.75 -49.7965 53
      vertex 31.9453 -47.8095 53
    endloop
  endfacet
  facet normal 0.528075 -0.849198 0
    outer loop
      vertex 28.75 -49.7965 -43
      vertex 31.9453 -47.8095 -5
      vertex 28.75 -49.7965 -5
    endloop
  endfacet
  facet normal 0.528075 -0.849198 0
    outer loop
      vertex 31.9453 -47.8095 -5
      vertex 28.75 -49.7965 -43
      vertex 31.9453 -47.8095 -43
    endloop
  endfacet
  facet normal 0.528075 -0.849198 0
    outer loop
      vertex 28.75 -49.7965 5
      vertex 31.9453 -47.8095 43
      vertex 28.75 -49.7965 43
    endloop
  endfacet
  facet normal 0.528075 -0.849198 0
    outer loop
      vertex 31.9453 -47.8095 43
      vertex 28.75 -49.7965 5
      vertex 31.9453 -47.8095 5
    endloop
  endfacet
  facet normal 0.412709 -0.910863 0
    outer loop
      vertex 22.0043 -53.1231 -101
      vertex 25.4316 -51.5702 -95
      vertex 22.0043 -53.1231 -95
    endloop
  endfacet
  facet normal 0.412709 -0.910863 0
    outer loop
      vertex 25.4316 -51.5702 -95
      vertex 22.0043 -53.1231 -101
      vertex 25.4316 -51.5702 -101
    endloop
  endfacet
  facet normal 0.412709 -0.910863 0
    outer loop
      vertex 22.0043 -53.1231 95
      vertex 25.4316 -51.5702 101
      vertex 22.0043 -53.1231 101
    endloop
  endfacet
  facet normal 0.412709 -0.910863 0
    outer loop
      vertex 25.4316 -51.5702 101
      vertex 22.0043 -53.1231 95
      vertex 25.4316 -51.5702 95
    endloop
  endfacet
  facet normal 0.412709 -0.910863 0
    outer loop
      vertex 22.0043 -53.1231 -71
      vertex 25.4316 -51.5702 -53
      vertex 22.0043 -53.1231 -53
    endloop
  endfacet
  facet normal 0.412709 -0.910863 0
    outer loop
      vertex 25.4316 -51.5702 -53
      vertex 22.0043 -53.1231 -71
      vertex 25.4316 -51.5702 -71
    endloop
  endfacet
  facet normal 0.412709 -0.910863 0
    outer loop
      vertex 22.0043 -53.1231 53
      vertex 25.4316 -51.5702 71
      vertex 22.0043 -53.1231 71
    endloop
  endfacet
  facet normal 0.412709 -0.910863 0
    outer loop
      vertex 25.4316 -51.5702 71
      vertex 22.0043 -53.1231 53
      vertex 25.4316 -51.5702 53
    endloop
  endfacet
  facet normal 0.412709 -0.910863 0
    outer loop
      vertex 22.0043 -53.1231 -43
      vertex 25.4316 -51.5702 -5
      vertex 22.0043 -53.1231 -5
    endloop
  endfacet
  facet normal 0.412709 -0.910863 0
    outer loop
      vertex 25.4316 -51.5702 -5
      vertex 22.0043 -53.1231 -43
      vertex 25.4316 -51.5702 -43
    endloop
  endfacet
  facet normal 0.412709 -0.910863 0
    outer loop
      vertex 22.0043 -53.1231 5
      vertex 25.4316 -51.5702 43
      vertex 22.0043 -53.1231 43
    endloop
  endfacet
  facet normal 0.412709 -0.910863 0
    outer loop
      vertex 25.4316 -51.5702 43
      vertex 22.0043 -53.1231 5
      vertex 25.4316 -51.5702 5
    endloop
  endfacet
  facet normal 0.72985 -0.683607 0
    outer loop
      vertex 40.6586 -40.6586 101
      vertex 43.2308 -37.9124 95
      vertex 43.2308 -37.9124 101
    endloop
  endfacet
  facet normal 0.72985 -0.683607 0
    outer loop
      vertex 43.2308 -37.9124 95
      vertex 40.6586 -40.6586 101
      vertex 40.6586 -40.6586 95
    endloop
  endfacet
  facet normal 0.72985 -0.683607 0
    outer loop
      vertex 40.6586 -40.6586 -95
      vertex 43.2308 -37.9124 -101
      vertex 43.2308 -37.9124 -95
    endloop
  endfacet
  facet normal 0.72985 -0.683607 0
    outer loop
      vertex 43.2308 -37.9124 -101
      vertex 40.6586 -40.6586 -95
      vertex 40.6586 -40.6586 -101
    endloop
  endfacet
  facet normal 0.72985 -0.683607 0
    outer loop
      vertex 40.6586 -40.6586 -53
      vertex 43.2308 -37.9124 -71
      vertex 43.2308 -37.9124 -53
    endloop
  endfacet
  facet normal 0.72985 -0.683607 0
    outer loop
      vertex 43.2308 -37.9124 -71
      vertex 40.6586 -40.6586 -53
      vertex 40.6586 -40.6586 -71
    endloop
  endfacet
  facet normal 0.72985 -0.683607 0
    outer loop
      vertex 40.6586 -40.6586 71
      vertex 43.2308 -37.9124 53
      vertex 43.2308 -37.9124 71
    endloop
  endfacet
  facet normal 0.72985 -0.683607 0
    outer loop
      vertex 43.2308 -37.9124 53
      vertex 40.6586 -40.6586 71
      vertex 40.6586 -40.6586 53
    endloop
  endfacet
  facet normal 0.72985 -0.683607 0
    outer loop
      vertex 40.6586 -40.6586 -5
      vertex 43.2308 -37.9124 -43
      vertex 43.2308 -37.9124 -5
    endloop
  endfacet
  facet normal 0.72985 -0.683607 0
    outer loop
      vertex 43.2308 -37.9124 -43
      vertex 40.6586 -40.6586 -5
      vertex 40.6586 -40.6586 -43
    endloop
  endfacet
  facet normal 0.72985 -0.683607 0
    outer loop
      vertex 40.6586 -40.6586 43
      vertex 43.2308 -37.9124 5
      vertex 43.2308 -37.9124 43
    endloop
  endfacet
  facet normal 0.72985 -0.683607 0
    outer loop
      vertex 43.2308 -37.9124 5
      vertex 40.6586 -40.6586 43
      vertex 40.6586 -40.6586 5
    endloop
  endfacet
  facet normal 0.812845 -0.582479 0
    outer loop
      vertex 45.6178 -35.0038 -95
      vertex 47.8095 -31.9453 -101
      vertex 47.8095 -31.9453 -95
    endloop
  endfacet
  facet normal 0.812845 -0.582479 0
    outer loop
      vertex 47.8095 -31.9453 -101
      vertex 45.6178 -35.0038 -95
      vertex 45.6178 -35.0038 -101
    endloop
  endfacet
  facet normal 0.812845 -0.582479 0
    outer loop
      vertex 45.6178 -35.0038 101
      vertex 47.8095 -31.9453 95
      vertex 47.8095 -31.9453 101
    endloop
  endfacet
  facet normal 0.812845 -0.582479 0
    outer loop
      vertex 47.8095 -31.9453 95
      vertex 45.6178 -35.0038 101
      vertex 45.6178 -35.0038 95
    endloop
  endfacet
  facet normal 0.812845 -0.582479 0
    outer loop
      vertex 45.6178 -35.0038 -53
      vertex 47.8095 -31.9453 -71
      vertex 47.8095 -31.9453 -53
    endloop
  endfacet
  facet normal 0.812845 -0.582479 0
    outer loop
      vertex 47.8095 -31.9453 -71
      vertex 45.6178 -35.0038 -53
      vertex 45.6178 -35.0038 -71
    endloop
  endfacet
  facet normal 0.812845 -0.582479 0
    outer loop
      vertex 45.6178 -35.0038 71
      vertex 47.8095 -31.9453 53
      vertex 47.8095 -31.9453 71
    endloop
  endfacet
  facet normal 0.812845 -0.582479 0
    outer loop
      vertex 47.8095 -31.9453 53
      vertex 45.6178 -35.0038 71
      vertex 45.6178 -35.0038 53
    endloop
  endfacet
  facet normal 0.812845 -0.582479 0
    outer loop
      vertex 45.6178 -35.0038 -5
      vertex 47.8095 -31.9453 -43
      vertex 47.8095 -31.9453 -5
    endloop
  endfacet
  facet normal 0.812845 -0.582479 0
    outer loop
      vertex 47.8095 -31.9453 -43
      vertex 45.6178 -35.0038 -5
      vertex 45.6178 -35.0038 -43
    endloop
  endfacet
  facet normal 0.812845 -0.582479 0
    outer loop
      vertex 45.6178 -35.0038 43
      vertex 47.8095 -31.9453 5
      vertex 47.8095 -31.9453 43
    endloop
  endfacet
  facet normal 0.812845 -0.582479 0
    outer loop
      vertex 47.8095 -31.9453 5
      vertex 45.6178 -35.0038 43
      vertex 45.6178 -35.0038 5
    endloop
  endfacet
  facet normal 0.881924 -0.471392 0
    outer loop
      vertex 49.7965 -28.75 -95
      vertex 51.5702 -25.4316 -101
      vertex 51.5702 -25.4316 -95
    endloop
  endfacet
  facet normal 0.881924 -0.471392 0
    outer loop
      vertex 51.5702 -25.4316 -101
      vertex 49.7965 -28.75 -95
      vertex 49.7965 -28.75 -101
    endloop
  endfacet
  facet normal 0.881924 -0.471392 0
    outer loop
      vertex 49.7965 -28.75 101
      vertex 51.5702 -25.4316 95
      vertex 51.5702 -25.4316 101
    endloop
  endfacet
  facet normal 0.881924 -0.471392 0
    outer loop
      vertex 51.5702 -25.4316 95
      vertex 49.7965 -28.75 101
      vertex 49.7965 -28.75 95
    endloop
  endfacet
  facet normal 0.881924 -0.471392 0
    outer loop
      vertex 49.7965 -28.75 -53
      vertex 51.5702 -25.4316 -71
      vertex 51.5702 -25.4316 -53
    endloop
  endfacet
  facet normal 0.881924 -0.471392 0
    outer loop
      vertex 51.5702 -25.4316 -71
      vertex 49.7965 -28.75 -53
      vertex 49.7965 -28.75 -71
    endloop
  endfacet
  facet normal 0.881924 -0.471392 0
    outer loop
      vertex 49.7965 -28.75 71
      vertex 51.5702 -25.4316 53
      vertex 51.5702 -25.4316 71
    endloop
  endfacet
  facet normal 0.881924 -0.471392 0
    outer loop
      vertex 51.5702 -25.4316 53
      vertex 49.7965 -28.75 71
      vertex 49.7965 -28.75 53
    endloop
  endfacet
  facet normal 0.881924 -0.471392 0
    outer loop
      vertex 49.7965 -28.75 -5
      vertex 51.5702 -25.4316 -43
      vertex 51.5702 -25.4316 -5
    endloop
  endfacet
  facet normal 0.881924 -0.471392 0
    outer loop
      vertex 51.5702 -25.4316 -43
      vertex 49.7965 -28.75 -5
      vertex 49.7965 -28.75 -43
    endloop
  endfacet
  facet normal 0.881924 -0.471392 0
    outer loop
      vertex 49.7965 -28.75 43
      vertex 51.5702 -25.4316 5
      vertex 51.5702 -25.4316 43
    endloop
  endfacet
  facet normal 0.881924 -0.471392 0
    outer loop
      vertex 51.5702 -25.4316 5
      vertex 49.7965 -28.75 43
      vertex 49.7965 -28.75 5
    endloop
  endfacet
  facet normal 0.935906 -0.35225 0
    outer loop
      vertex 53.1231 -22.0043 -95
      vertex 54.4485 -18.4828 -101
      vertex 54.4485 -18.4828 -95
    endloop
  endfacet
  facet normal 0.935906 -0.35225 0
    outer loop
      vertex 54.4485 -18.4828 -101
      vertex 53.1231 -22.0043 -95
      vertex 53.1231 -22.0043 -101
    endloop
  endfacet
  facet normal 0.935906 -0.35225 0
    outer loop
      vertex 53.1231 -22.0043 101
      vertex 54.4485 -18.4828 95
      vertex 54.4485 -18.4828 101
    endloop
  endfacet
  facet normal 0.935906 -0.35225 0
    outer loop
      vertex 54.4485 -18.4828 95
      vertex 53.1231 -22.0043 101
      vertex 53.1231 -22.0043 95
    endloop
  endfacet
  facet normal 0.935906 -0.35225 0
    outer loop
      vertex 53.1231 -22.0043 -53
      vertex 54.4485 -18.4828 -71
      vertex 54.4485 -18.4828 -53
    endloop
  endfacet
  facet normal 0.935906 -0.35225 0
    outer loop
      vertex 54.4485 -18.4828 -71
      vertex 53.1231 -22.0043 -53
      vertex 53.1231 -22.0043 -71
    endloop
  endfacet
  facet normal 0.935906 -0.35225 0
    outer loop
      vertex 53.1231 -22.0043 71
      vertex 54.4485 -18.4828 53
      vertex 54.4485 -18.4828 71
    endloop
  endfacet
  facet normal 0.935906 -0.35225 0
    outer loop
      vertex 54.4485 -18.4828 53
      vertex 53.1231 -22.0043 71
      vertex 53.1231 -22.0043 53
    endloop
  endfacet
  facet normal 0.935906 -0.35225 0
    outer loop
      vertex 53.1231 -22.0043 -5
      vertex 54.4485 -18.4828 -43
      vertex 54.4485 -18.4828 -5
    endloop
  endfacet
  facet normal 0.935906 -0.35225 0
    outer loop
      vertex 54.4485 -18.4828 -43
      vertex 53.1231 -22.0043 -5
      vertex 53.1231 -22.0043 -43
    endloop
  endfacet
  facet normal 0.935906 -0.35225 0
    outer loop
      vertex 53.1231 -22.0043 43
      vertex 54.4485 -18.4828 5
      vertex 54.4485 -18.4828 43
    endloop
  endfacet
  facet normal 0.935906 -0.35225 0
    outer loop
      vertex 54.4485 -18.4828 5
      vertex 53.1231 -22.0043 43
      vertex 53.1231 -22.0043 5
    endloop
  endfacet
  facet normal 0.973872 -0.227097 0
    outer loop
      vertex 55.5407 -14.8821 -95
      vertex 56.3952 -11.2177 -101
      vertex 56.3952 -11.2177 -95
    endloop
  endfacet
  facet normal 0.973872 -0.227097 0
    outer loop
      vertex 56.3952 -11.2177 -101
      vertex 55.5407 -14.8821 -95
      vertex 55.5407 -14.8821 -101
    endloop
  endfacet
  facet normal 0.973872 -0.227097 0
    outer loop
      vertex 55.5407 -14.8821 101
      vertex 56.3952 -11.2177 95
      vertex 56.3952 -11.2177 101
    endloop
  endfacet
  facet normal 0.973872 -0.227097 0
    outer loop
      vertex 56.3952 -11.2177 95
      vertex 55.5407 -14.8821 101
      vertex 55.5407 -14.8821 95
    endloop
  endfacet
  facet normal 0.973872 -0.227097 0
    outer loop
      vertex 55.5407 -14.8821 -53
      vertex 56.3952 -11.2177 -71
      vertex 56.3952 -11.2177 -53
    endloop
  endfacet
  facet normal 0.973872 -0.227097 0
    outer loop
      vertex 56.3952 -11.2177 -71
      vertex 55.5407 -14.8821 -53
      vertex 55.5407 -14.8821 -71
    endloop
  endfacet
  facet normal 0.973872 -0.227097 0
    outer loop
      vertex 55.5407 -14.8821 71
      vertex 56.3952 -11.2177 53
      vertex 56.3952 -11.2177 71
    endloop
  endfacet
  facet normal 0.973872 -0.227097 0
    outer loop
      vertex 56.3952 -11.2177 53
      vertex 55.5407 -14.8821 71
      vertex 55.5407 -14.8821 53
    endloop
  endfacet
  facet normal 0.973872 -0.227097 0
    outer loop
      vertex 55.5407 -14.8821 -5
      vertex 56.3952 -11.2177 -43
      vertex 56.3952 -11.2177 -5
    endloop
  endfacet
  facet normal 0.973872 -0.227097 0
    outer loop
      vertex 56.3952 -11.2177 -43
      vertex 55.5407 -14.8821 -5
      vertex 55.5407 -14.8821 -43
    endloop
  endfacet
  facet normal 0.973872 -0.227097 0
    outer loop
      vertex 55.5407 -14.8821 43
      vertex 56.3952 -11.2177 5
      vertex 56.3952 -11.2177 43
    endloop
  endfacet
  facet normal 0.973872 -0.227097 0
    outer loop
      vertex 56.3952 -11.2177 5
      vertex 55.5407 -14.8821 43
      vertex 55.5407 -14.8821 5
    endloop
  endfacet
  facet normal -0.683607 -0.72985 0
    outer loop
      vertex -40.6586 -40.6586 -101
      vertex -37.9124 -43.2308 -95
      vertex -40.6586 -40.6586 -95
    endloop
  endfacet
  facet normal -0.683607 -0.72985 -0
    outer loop
      vertex -37.9124 -43.2308 -95
      vertex -40.6586 -40.6586 -101
      vertex -37.9124 -43.2308 -101
    endloop
  endfacet
  facet normal -0.683607 -0.72985 0
    outer loop
      vertex -40.6586 -40.6586 95
      vertex -37.9124 -43.2308 101
      vertex -40.6586 -40.6586 101
    endloop
  endfacet
  facet normal -0.683607 -0.72985 -0
    outer loop
      vertex -37.9124 -43.2308 101
      vertex -40.6586 -40.6586 95
      vertex -37.9124 -43.2308 95
    endloop
  endfacet
  facet normal -0.683607 -0.72985 0
    outer loop
      vertex -40.6586 -40.6586 -71
      vertex -37.9124 -43.2308 -53
      vertex -40.6586 -40.6586 -53
    endloop
  endfacet
  facet normal -0.683607 -0.72985 -0
    outer loop
      vertex -37.9124 -43.2308 -53
      vertex -40.6586 -40.6586 -71
      vertex -37.9124 -43.2308 -71
    endloop
  endfacet
  facet normal -0.683607 -0.72985 0
    outer loop
      vertex -40.6586 -40.6586 53
      vertex -37.9124 -43.2308 71
      vertex -40.6586 -40.6586 71
    endloop
  endfacet
  facet normal -0.683607 -0.72985 -0
    outer loop
      vertex -37.9124 -43.2308 71
      vertex -40.6586 -40.6586 53
      vertex -37.9124 -43.2308 53
    endloop
  endfacet
  facet normal -0.683607 -0.72985 0
    outer loop
      vertex -40.6586 -40.6586 -43
      vertex -37.9124 -43.2308 -5
      vertex -40.6586 -40.6586 -5
    endloop
  endfacet
  facet normal -0.683607 -0.72985 -0
    outer loop
      vertex -37.9124 -43.2308 -5
      vertex -40.6586 -40.6586 -43
      vertex -37.9124 -43.2308 -43
    endloop
  endfacet
  facet normal -0.683607 -0.72985 0
    outer loop
      vertex -40.6586 -40.6586 5
      vertex -37.9124 -43.2308 43
      vertex -40.6586 -40.6586 43
    endloop
  endfacet
  facet normal -0.683607 -0.72985 -0
    outer loop
      vertex -37.9124 -43.2308 43
      vertex -40.6586 -40.6586 5
      vertex -37.9124 -43.2308 5
    endloop
  endfacet
  facet normal -0.582479 -0.812845 0
    outer loop
      vertex -35.0038 -45.6178 -101
      vertex -31.9453 -47.8095 -95
      vertex -35.0038 -45.6178 -95
    endloop
  endfacet
  facet normal -0.582479 -0.812845 -0
    outer loop
      vertex -31.9453 -47.8095 -95
      vertex -35.0038 -45.6178 -101
      vertex -31.9453 -47.8095 -101
    endloop
  endfacet
  facet normal -0.582479 -0.812845 0
    outer loop
      vertex -35.0038 -45.6178 95
      vertex -31.9453 -47.8095 101
      vertex -35.0038 -45.6178 101
    endloop
  endfacet
  facet normal -0.582479 -0.812845 -0
    outer loop
      vertex -31.9453 -47.8095 101
      vertex -35.0038 -45.6178 95
      vertex -31.9453 -47.8095 95
    endloop
  endfacet
  facet normal -0.582479 -0.812845 0
    outer loop
      vertex -35.0038 -45.6178 -71
      vertex -31.9453 -47.8095 -53
      vertex -35.0038 -45.6178 -53
    endloop
  endfacet
  facet normal -0.582479 -0.812845 -0
    outer loop
      vertex -31.9453 -47.8095 -53
      vertex -35.0038 -45.6178 -71
      vertex -31.9453 -47.8095 -71
    endloop
  endfacet
  facet normal -0.582479 -0.812845 0
    outer loop
      vertex -35.0038 -45.6178 53
      vertex -31.9453 -47.8095 71
      vertex -35.0038 -45.6178 71
    endloop
  endfacet
  facet normal -0.582479 -0.812845 -0
    outer loop
      vertex -31.9453 -47.8095 71
      vertex -35.0038 -45.6178 53
      vertex -31.9453 -47.8095 53
    endloop
  endfacet
  facet normal -0.582479 -0.812845 0
    outer loop
      vertex -35.0038 -45.6178 -43
      vertex -31.9453 -47.8095 -5
      vertex -35.0038 -45.6178 -5
    endloop
  endfacet
  facet normal -0.582479 -0.812845 -0
    outer loop
      vertex -31.9453 -47.8095 -5
      vertex -35.0038 -45.6178 -43
      vertex -31.9453 -47.8095 -43
    endloop
  endfacet
  facet normal -0.582479 -0.812845 0
    outer loop
      vertex -35.0038 -45.6178 5
      vertex -31.9453 -47.8095 43
      vertex -35.0038 -45.6178 43
    endloop
  endfacet
  facet normal -0.582479 -0.812845 -0
    outer loop
      vertex -31.9453 -47.8095 43
      vertex -35.0038 -45.6178 5
      vertex -31.9453 -47.8095 5
    endloop
  endfacet
  facet normal -0.471392 -0.881924 0
    outer loop
      vertex -28.75 -49.7965 -101
      vertex -25.4316 -51.5702 -95
      vertex -28.75 -49.7965 -95
    endloop
  endfacet
  facet normal -0.471392 -0.881924 -0
    outer loop
      vertex -25.4316 -51.5702 -95
      vertex -28.75 -49.7965 -101
      vertex -25.4316 -51.5702 -101
    endloop
  endfacet
  facet normal -0.471392 -0.881924 0
    outer loop
      vertex -28.75 -49.7965 95
      vertex -25.4316 -51.5702 101
      vertex -28.75 -49.7965 101
    endloop
  endfacet
  facet normal -0.471392 -0.881924 -0
    outer loop
      vertex -25.4316 -51.5702 101
      vertex -28.75 -49.7965 95
      vertex -25.4316 -51.5702 95
    endloop
  endfacet
  facet normal -0.471392 -0.881924 0
    outer loop
      vertex -28.75 -49.7965 -71
      vertex -25.4316 -51.5702 -53
      vertex -28.75 -49.7965 -53
    endloop
  endfacet
  facet normal -0.471392 -0.881924 -0
    outer loop
      vertex -25.4316 -51.5702 -53
      vertex -28.75 -49.7965 -71
      vertex -25.4316 -51.5702 -71
    endloop
  endfacet
  facet normal -0.471392 -0.881924 0
    outer loop
      vertex -28.75 -49.7965 53
      vertex -25.4316 -51.5702 71
      vertex -28.75 -49.7965 71
    endloop
  endfacet
  facet normal -0.471392 -0.881924 -0
    outer loop
      vertex -25.4316 -51.5702 71
      vertex -28.75 -49.7965 53
      vertex -25.4316 -51.5702 53
    endloop
  endfacet
  facet normal -0.471392 -0.881924 0
    outer loop
      vertex -28.75 -49.7965 -43
      vertex -25.4316 -51.5702 -5
      vertex -28.75 -49.7965 -5
    endloop
  endfacet
  facet normal -0.471392 -0.881924 -0
    outer loop
      vertex -25.4316 -51.5702 -5
      vertex -28.75 -49.7965 -43
      vertex -25.4316 -51.5702 -43
    endloop
  endfacet
  facet normal -0.471392 -0.881924 0
    outer loop
      vertex -28.75 -49.7965 5
      vertex -25.4316 -51.5702 43
      vertex -28.75 -49.7965 43
    endloop
  endfacet
  facet normal -0.471392 -0.881924 -0
    outer loop
      vertex -25.4316 -51.5702 43
      vertex -28.75 -49.7965 5
      vertex -25.4316 -51.5702 5
    endloop
  endfacet
  facet normal -0.35225 -0.935906 0
    outer loop
      vertex -22.0043 -53.1231 -101
      vertex -18.4828 -54.4485 -95
      vertex -22.0043 -53.1231 -95
    endloop
  endfacet
  facet normal -0.35225 -0.935906 -0
    outer loop
      vertex -18.4828 -54.4485 -95
      vertex -22.0043 -53.1231 -101
      vertex -18.4828 -54.4485 -101
    endloop
  endfacet
  facet normal -0.35225 -0.935906 0
    outer loop
      vertex -22.0043 -53.1231 95
      vertex -18.4828 -54.4485 101
      vertex -22.0043 -53.1231 101
    endloop
  endfacet
  facet normal -0.35225 -0.935906 -0
    outer loop
      vertex -18.4828 -54.4485 101
      vertex -22.0043 -53.1231 95
      vertex -18.4828 -54.4485 95
    endloop
  endfacet
  facet normal -0.35225 -0.935906 0
    outer loop
      vertex -22.0043 -53.1231 -71
      vertex -18.4828 -54.4485 -53
      vertex -22.0043 -53.1231 -53
    endloop
  endfacet
  facet normal -0.35225 -0.935906 -0
    outer loop
      vertex -18.4828 -54.4485 -53
      vertex -22.0043 -53.1231 -71
      vertex -18.4828 -54.4485 -71
    endloop
  endfacet
  facet normal -0.35225 -0.935906 0
    outer loop
      vertex -22.0043 -53.1231 53
      vertex -18.4828 -54.4485 71
      vertex -22.0043 -53.1231 71
    endloop
  endfacet
  facet normal -0.35225 -0.935906 -0
    outer loop
      vertex -18.4828 -54.4485 71
      vertex -22.0043 -53.1231 53
      vertex -18.4828 -54.4485 53
    endloop
  endfacet
  facet normal -0.35225 -0.935906 0
    outer loop
      vertex -22.0043 -53.1231 -43
      vertex -18.4828 -54.4485 -5
      vertex -22.0043 -53.1231 -5
    endloop
  endfacet
  facet normal -0.35225 -0.935906 -0
    outer loop
      vertex -18.4828 -54.4485 -5
      vertex -22.0043 -53.1231 -43
      vertex -18.4828 -54.4485 -43
    endloop
  endfacet
  facet normal -0.35225 -0.935906 0
    outer loop
      vertex -22.0043 -53.1231 5
      vertex -18.4828 -54.4485 43
      vertex -22.0043 -53.1231 43
    endloop
  endfacet
  facet normal -0.35225 -0.935906 -0
    outer loop
      vertex -18.4828 -54.4485 43
      vertex -22.0043 -53.1231 5
      vertex -18.4828 -54.4485 5
    endloop
  endfacet
  facet normal -0.227097 -0.973872 0
    outer loop
      vertex -14.8821 -55.5407 -101
      vertex -11.2177 -56.3952 -95
      vertex -14.8821 -55.5407 -95
    endloop
  endfacet
  facet normal -0.227097 -0.973872 -0
    outer loop
      vertex -11.2177 -56.3952 -95
      vertex -14.8821 -55.5407 -101
      vertex -11.2177 -56.3952 -101
    endloop
  endfacet
  facet normal -0.227097 -0.973872 0
    outer loop
      vertex -14.8821 -55.5407 95
      vertex -11.2177 -56.3952 101
      vertex -14.8821 -55.5407 101
    endloop
  endfacet
  facet normal -0.227097 -0.973872 -0
    outer loop
      vertex -11.2177 -56.3952 101
      vertex -14.8821 -55.5407 95
      vertex -11.2177 -56.3952 95
    endloop
  endfacet
  facet normal -0.227097 -0.973872 0
    outer loop
      vertex -14.8821 -55.5407 -71
      vertex -11.2177 -56.3952 -53
      vertex -14.8821 -55.5407 -53
    endloop
  endfacet
  facet normal -0.227097 -0.973872 -0
    outer loop
      vertex -11.2177 -56.3952 -53
      vertex -14.8821 -55.5407 -71
      vertex -11.2177 -56.3952 -71
    endloop
  endfacet
  facet normal -0.227097 -0.973872 0
    outer loop
      vertex -14.8821 -55.5407 53
      vertex -11.2177 -56.3952 71
      vertex -14.8821 -55.5407 71
    endloop
  endfacet
  facet normal -0.227097 -0.973872 -0
    outer loop
      vertex -11.2177 -56.3952 71
      vertex -14.8821 -55.5407 53
      vertex -11.2177 -56.3952 53
    endloop
  endfacet
  facet normal -0.227097 -0.973872 0
    outer loop
      vertex -14.8821 -55.5407 -43
      vertex -11.2177 -56.3952 -5
      vertex -14.8821 -55.5407 -5
    endloop
  endfacet
  facet normal -0.227097 -0.973872 -0
    outer loop
      vertex -11.2177 -56.3952 -5
      vertex -14.8821 -55.5407 -43
      vertex -11.2177 -56.3952 -43
    endloop
  endfacet
  facet normal -0.227097 -0.973872 0
    outer loop
      vertex -14.8821 -55.5407 5
      vertex -11.2177 -56.3952 43
      vertex -14.8821 -55.5407 43
    endloop
  endfacet
  facet normal -0.227097 -0.973872 -0
    outer loop
      vertex -11.2177 -56.3952 43
      vertex -14.8821 -55.5407 5
      vertex -11.2177 -56.3952 5
    endloop
  endfacet
  facet normal -0.0980148 -0.995185 0
    outer loop
      vertex -7.50526 -57.0081 -101
      vertex -3.76068 -57.3769 -95
      vertex -7.50526 -57.0081 -95
    endloop
  endfacet
  facet normal -0.0980148 -0.995185 -0
    outer loop
      vertex -3.76068 -57.3769 -95
      vertex -7.50526 -57.0081 -101
      vertex -3.76068 -57.3769 -101
    endloop
  endfacet
  facet normal -0.0980148 -0.995185 0
    outer loop
      vertex -7.50526 -57.0081 95
      vertex -3.76068 -57.3769 101
      vertex -7.50526 -57.0081 101
    endloop
  endfacet
  facet normal -0.0980148 -0.995185 -0
    outer loop
      vertex -3.76068 -57.3769 101
      vertex -7.50526 -57.0081 95
      vertex -3.76068 -57.3769 95
    endloop
  endfacet
  facet normal -0.0980148 -0.995185 0
    outer loop
      vertex -7.50526 -57.0081 -71
      vertex -3.76068 -57.3769 -53
      vertex -7.50526 -57.0081 -53
    endloop
  endfacet
  facet normal -0.0980148 -0.995185 -0
    outer loop
      vertex -3.76068 -57.3769 -53
      vertex -7.50526 -57.0081 -71
      vertex -3.76068 -57.3769 -71
    endloop
  endfacet
  facet normal -0.0980148 -0.995185 0
    outer loop
      vertex -7.50526 -57.0081 53
      vertex -3.76068 -57.3769 71
      vertex -7.50526 -57.0081 71
    endloop
  endfacet
  facet normal -0.0980148 -0.995185 -0
    outer loop
      vertex -3.76068 -57.3769 71
      vertex -7.50526 -57.0081 53
      vertex -3.76068 -57.3769 53
    endloop
  endfacet
  facet normal -0.0980148 -0.995185 0
    outer loop
      vertex -7.50526 -57.0081 -43
      vertex -3.76068 -57.3769 -5
      vertex -7.50526 -57.0081 -5
    endloop
  endfacet
  facet normal -0.0980148 -0.995185 -0
    outer loop
      vertex -3.76068 -57.3769 -5
      vertex -7.50526 -57.0081 -43
      vertex -3.76068 -57.3769 -43
    endloop
  endfacet
  facet normal -0.0980148 -0.995185 0
    outer loop
      vertex -7.50526 -57.0081 5
      vertex -3.76068 -57.3769 43
      vertex -7.50526 -57.0081 43
    endloop
  endfacet
  facet normal -0.0980148 -0.995185 -0
    outer loop
      vertex -3.76068 -57.3769 43
      vertex -7.50526 -57.0081 5
      vertex -3.76068 -57.3769 5
    endloop
  endfacet
  facet normal -0.910863 -0.412709 0
    outer loop
      vertex -51.5702 -25.4316 -101
      vertex -53.1231 -22.0043 -95
      vertex -53.1231 -22.0043 -101
    endloop
  endfacet
  facet normal -0.910863 -0.412709 0
    outer loop
      vertex -53.1231 -22.0043 -95
      vertex -51.5702 -25.4316 -101
      vertex -51.5702 -25.4316 -95
    endloop
  endfacet
  facet normal -0.910863 -0.412709 0
    outer loop
      vertex -51.5702 -25.4316 95
      vertex -53.1231 -22.0043 101
      vertex -53.1231 -22.0043 95
    endloop
  endfacet
  facet normal -0.910863 -0.412709 0
    outer loop
      vertex -53.1231 -22.0043 101
      vertex -51.5702 -25.4316 95
      vertex -51.5702 -25.4316 101
    endloop
  endfacet
  facet normal -0.910863 -0.412709 0
    outer loop
      vertex -51.5702 -25.4316 -71
      vertex -53.1231 -22.0043 -53
      vertex -53.1231 -22.0043 -71
    endloop
  endfacet
  facet normal -0.910863 -0.412709 0
    outer loop
      vertex -53.1231 -22.0043 -53
      vertex -51.5702 -25.4316 -71
      vertex -51.5702 -25.4316 -53
    endloop
  endfacet
  facet normal -0.910863 -0.412709 0
    outer loop
      vertex -51.5702 -25.4316 53
      vertex -53.1231 -22.0043 71
      vertex -53.1231 -22.0043 53
    endloop
  endfacet
  facet normal -0.910863 -0.412709 0
    outer loop
      vertex -53.1231 -22.0043 71
      vertex -51.5702 -25.4316 53
      vertex -51.5702 -25.4316 71
    endloop
  endfacet
  facet normal -0.910863 -0.412709 0
    outer loop
      vertex -51.5702 -25.4316 -43
      vertex -53.1231 -22.0043 -5
      vertex -53.1231 -22.0043 -43
    endloop
  endfacet
  facet normal -0.910863 -0.412709 0
    outer loop
      vertex -53.1231 -22.0043 -5
      vertex -51.5702 -25.4316 -43
      vertex -51.5702 -25.4316 -5
    endloop
  endfacet
  facet normal -0.910863 -0.412709 0
    outer loop
      vertex -51.5702 -25.4316 5
      vertex -53.1231 -22.0043 43
      vertex -53.1231 -22.0043 5
    endloop
  endfacet
  facet normal -0.910863 -0.412709 0
    outer loop
      vertex -53.1231 -22.0043 43
      vertex -51.5702 -25.4316 5
      vertex -51.5702 -25.4316 43
    endloop
  endfacet
  facet normal -0.849198 -0.528075 0
    outer loop
      vertex -47.8095 -31.9453 -101
      vertex -49.7965 -28.75 -95
      vertex -49.7965 -28.75 -101
    endloop
  endfacet
  facet normal -0.849198 -0.528075 0
    outer loop
      vertex -49.7965 -28.75 -95
      vertex -47.8095 -31.9453 -101
      vertex -47.8095 -31.9453 -95
    endloop
  endfacet
  facet normal -0.849198 -0.528075 0
    outer loop
      vertex -47.8095 -31.9453 95
      vertex -49.7965 -28.75 101
      vertex -49.7965 -28.75 95
    endloop
  endfacet
  facet normal -0.849198 -0.528075 0
    outer loop
      vertex -49.7965 -28.75 101
      vertex -47.8095 -31.9453 95
      vertex -47.8095 -31.9453 101
    endloop
  endfacet
  facet normal -0.849198 -0.528075 0
    outer loop
      vertex -47.8095 -31.9453 -71
      vertex -49.7965 -28.75 -53
      vertex -49.7965 -28.75 -71
    endloop
  endfacet
  facet normal -0.849198 -0.528075 0
    outer loop
      vertex -49.7965 -28.75 -53
      vertex -47.8095 -31.9453 -71
      vertex -47.8095 -31.9453 -53
    endloop
  endfacet
  facet normal -0.849198 -0.528075 0
    outer loop
      vertex -47.8095 -31.9453 53
      vertex -49.7965 -28.75 71
      vertex -49.7965 -28.75 53
    endloop
  endfacet
  facet normal -0.849198 -0.528075 0
    outer loop
      vertex -49.7965 -28.75 71
      vertex -47.8095 -31.9453 53
      vertex -47.8095 -31.9453 71
    endloop
  endfacet
  facet normal -0.849198 -0.528075 0
    outer loop
      vertex -47.8095 -31.9453 -43
      vertex -49.7965 -28.75 -5
      vertex -49.7965 -28.75 -43
    endloop
  endfacet
  facet normal -0.849198 -0.528075 0
    outer loop
      vertex -49.7965 -28.75 -5
      vertex -47.8095 -31.9453 -43
      vertex -47.8095 -31.9453 -5
    endloop
  endfacet
  facet normal -0.849198 -0.528075 0
    outer loop
      vertex -47.8095 -31.9453 5
      vertex -49.7965 -28.75 43
      vertex -49.7965 -28.75 5
    endloop
  endfacet
  facet normal -0.849198 -0.528075 0
    outer loop
      vertex -49.7965 -28.75 43
      vertex -47.8095 -31.9453 5
      vertex -47.8095 -31.9453 43
    endloop
  endfacet
  facet normal -0.773014 -0.634389 0
    outer loop
      vertex -43.2308 -37.9124 -101
      vertex -45.6178 -35.0038 -95
      vertex -45.6178 -35.0038 -101
    endloop
  endfacet
  facet normal -0.773014 -0.634389 0
    outer loop
      vertex -45.6178 -35.0038 -95
      vertex -43.2308 -37.9124 -101
      vertex -43.2308 -37.9124 -95
    endloop
  endfacet
  facet normal -0.773014 -0.634389 0
    outer loop
      vertex -43.2308 -37.9124 95
      vertex -45.6178 -35.0038 101
      vertex -45.6178 -35.0038 95
    endloop
  endfacet
  facet normal -0.773014 -0.634389 0
    outer loop
      vertex -45.6178 -35.0038 101
      vertex -43.2308 -37.9124 95
      vertex -43.2308 -37.9124 101
    endloop
  endfacet
  facet normal -0.773014 -0.634389 0
    outer loop
      vertex -43.2308 -37.9124 -71
      vertex -45.6178 -35.0038 -53
      vertex -45.6178 -35.0038 -71
    endloop
  endfacet
  facet normal -0.773014 -0.634389 0
    outer loop
      vertex -45.6178 -35.0038 -53
      vertex -43.2308 -37.9124 -71
      vertex -43.2308 -37.9124 -53
    endloop
  endfacet
  facet normal -0.773014 -0.634389 0
    outer loop
      vertex -43.2308 -37.9124 53
      vertex -45.6178 -35.0038 71
      vertex -45.6178 -35.0038 53
    endloop
  endfacet
  facet normal -0.773014 -0.634389 0
    outer loop
      vertex -45.6178 -35.0038 71
      vertex -43.2308 -37.9124 53
      vertex -43.2308 -37.9124 71
    endloop
  endfacet
  facet normal -0.773014 -0.634389 0
    outer loop
      vertex -43.2308 -37.9124 -43
      vertex -45.6178 -35.0038 -5
      vertex -45.6178 -35.0038 -43
    endloop
  endfacet
  facet normal -0.773014 -0.634389 0
    outer loop
      vertex -45.6178 -35.0038 -5
      vertex -43.2308 -37.9124 -43
      vertex -43.2308 -37.9124 -5
    endloop
  endfacet
  facet normal -0.773014 -0.634389 0
    outer loop
      vertex -43.2308 -37.9124 5
      vertex -45.6178 -35.0038 43
      vertex -45.6178 -35.0038 5
    endloop
  endfacet
  facet normal -0.773014 -0.634389 0
    outer loop
      vertex -45.6178 -35.0038 43
      vertex -43.2308 -37.9124 5
      vertex -43.2308 -37.9124 43
    endloop
  endfacet
  facet normal -0.956945 -0.29027 0
    outer loop
      vertex -54.4485 -18.4828 -101
      vertex -55.5407 -14.8821 -95
      vertex -55.5407 -14.8821 -101
    endloop
  endfacet
  facet normal -0.956945 -0.29027 0
    outer loop
      vertex -55.5407 -14.8821 -95
      vertex -54.4485 -18.4828 -101
      vertex -54.4485 -18.4828 -95
    endloop
  endfacet
  facet normal -0.956945 -0.29027 0
    outer loop
      vertex -54.4485 -18.4828 95
      vertex -55.5407 -14.8821 101
      vertex -55.5407 -14.8821 95
    endloop
  endfacet
  facet normal -0.956945 -0.29027 0
    outer loop
      vertex -55.5407 -14.8821 101
      vertex -54.4485 -18.4828 95
      vertex -54.4485 -18.4828 101
    endloop
  endfacet
  facet normal -0.956945 -0.29027 0
    outer loop
      vertex -54.4485 -18.4828 -71
      vertex -55.5407 -14.8821 -53
      vertex -55.5407 -14.8821 -71
    endloop
  endfacet
  facet normal -0.956945 -0.29027 0
    outer loop
      vertex -55.5407 -14.8821 -53
      vertex -54.4485 -18.4828 -71
      vertex -54.4485 -18.4828 -53
    endloop
  endfacet
  facet normal -0.956945 -0.29027 0
    outer loop
      vertex -54.4485 -18.4828 53
      vertex -55.5407 -14.8821 71
      vertex -55.5407 -14.8821 53
    endloop
  endfacet
  facet normal -0.956945 -0.29027 0
    outer loop
      vertex -55.5407 -14.8821 71
      vertex -54.4485 -18.4828 53
      vertex -54.4485 -18.4828 71
    endloop
  endfacet
  facet normal -0.956945 -0.29027 0
    outer loop
      vertex -54.4485 -18.4828 -43
      vertex -55.5407 -14.8821 -5
      vertex -55.5407 -14.8821 -43
    endloop
  endfacet
  facet normal -0.956945 -0.29027 0
    outer loop
      vertex -55.5407 -14.8821 -5
      vertex -54.4485 -18.4828 -43
      vertex -54.4485 -18.4828 -5
    endloop
  endfacet
  facet normal -0.956945 -0.29027 0
    outer loop
      vertex -54.4485 -18.4828 5
      vertex -55.5407 -14.8821 43
      vertex -55.5407 -14.8821 5
    endloop
  endfacet
  facet normal -0.956945 -0.29027 0
    outer loop
      vertex -55.5407 -14.8821 43
      vertex -54.4485 -18.4828 5
      vertex -54.4485 -18.4828 43
    endloop
  endfacet
  facet normal -0.986644 -0.162889 0
    outer loop
      vertex -56.3952 -11.2177 -101
      vertex -57.0081 -7.50526 -95
      vertex -57.0081 -7.50526 -101
    endloop
  endfacet
  facet normal -0.986644 -0.162889 0
    outer loop
      vertex -57.0081 -7.50526 -95
      vertex -56.3952 -11.2177 -101
      vertex -56.3952 -11.2177 -95
    endloop
  endfacet
  facet normal -0.986644 -0.162889 0
    outer loop
      vertex -56.3952 -11.2177 95
      vertex -57.0081 -7.50526 101
      vertex -57.0081 -7.50526 95
    endloop
  endfacet
  facet normal -0.986644 -0.162889 0
    outer loop
      vertex -57.0081 -7.50526 101
      vertex -56.3952 -11.2177 95
      vertex -56.3952 -11.2177 101
    endloop
  endfacet
  facet normal -0.986644 -0.162889 0
    outer loop
      vertex -56.3952 -11.2177 -71
      vertex -57.0081 -7.50526 -53
      vertex -57.0081 -7.50526 -71
    endloop
  endfacet
  facet normal -0.986644 -0.162889 0
    outer loop
      vertex -57.0081 -7.50526 -53
      vertex -56.3952 -11.2177 -71
      vertex -56.3952 -11.2177 -53
    endloop
  endfacet
  facet normal -0.986644 -0.162889 0
    outer loop
      vertex -56.3952 -11.2177 53
      vertex -57.0081 -7.50526 71
      vertex -57.0081 -7.50526 53
    endloop
  endfacet
  facet normal -0.986644 -0.162889 0
    outer loop
      vertex -57.0081 -7.50526 71
      vertex -56.3952 -11.2177 53
      vertex -56.3952 -11.2177 71
    endloop
  endfacet
  facet normal -0.986644 -0.162889 0
    outer loop
      vertex -56.3952 -11.2177 -43
      vertex -57.0081 -7.50526 -5
      vertex -57.0081 -7.50526 -43
    endloop
  endfacet
  facet normal -0.986644 -0.162889 0
    outer loop
      vertex -57.0081 -7.50526 -5
      vertex -56.3952 -11.2177 -43
      vertex -56.3952 -11.2177 -5
    endloop
  endfacet
  facet normal -0.986644 -0.162889 0
    outer loop
      vertex -56.3952 -11.2177 5
      vertex -57.0081 -7.50526 43
      vertex -57.0081 -7.50526 5
    endloop
  endfacet
  facet normal -0.986644 -0.162889 0
    outer loop
      vertex -57.0081 -7.50526 43
      vertex -56.3952 -11.2177 5
      vertex -56.3952 -11.2177 43
    endloop
  endfacet
  facet normal -0.999465 -0.0327159 0
    outer loop
      vertex -57.3769 -3.76068 -101
      vertex -57.5 0 -95
      vertex -57.5 0 -101
    endloop
  endfacet
  facet normal -0.999465 -0.0327159 0
    outer loop
      vertex -57.5 0 -95
      vertex -57.3769 -3.76068 -101
      vertex -57.3769 -3.76068 -95
    endloop
  endfacet
  facet normal -0.999465 -0.0327159 0
    outer loop
      vertex -57.3769 -3.76068 95
      vertex -57.5 0 101
      vertex -57.5 0 95
    endloop
  endfacet
  facet normal -0.999465 -0.0327159 0
    outer loop
      vertex -57.5 0 101
      vertex -57.3769 -3.76068 95
      vertex -57.3769 -3.76068 101
    endloop
  endfacet
  facet normal -0.999465 -0.0327159 0
    outer loop
      vertex -57.3769 -3.76068 -71
      vertex -57.5 0 -53
      vertex -57.5 0 -71
    endloop
  endfacet
  facet normal -0.999465 -0.0327159 0
    outer loop
      vertex -57.5 0 -53
      vertex -57.3769 -3.76068 -71
      vertex -57.3769 -3.76068 -53
    endloop
  endfacet
  facet normal -0.999465 -0.0327159 0
    outer loop
      vertex -57.3769 -3.76068 53
      vertex -57.5 0 71
      vertex -57.5 0 53
    endloop
  endfacet
  facet normal -0.999465 -0.0327159 0
    outer loop
      vertex -57.5 0 71
      vertex -57.3769 -3.76068 53
      vertex -57.3769 -3.76068 71
    endloop
  endfacet
  facet normal -0.999465 -0.0327159 0
    outer loop
      vertex -57.3769 -3.76068 -43
      vertex -57.5 0 -5
      vertex -57.5 0 -43
    endloop
  endfacet
  facet normal -0.999465 -0.0327159 0
    outer loop
      vertex -57.5 0 -5
      vertex -57.3769 -3.76068 -43
      vertex -57.3769 -3.76068 -5
    endloop
  endfacet
  facet normal -0.999465 -0.0327159 0
    outer loop
      vertex -57.3769 -3.76068 5
      vertex -57.5 0 43
      vertex -57.5 0 5
    endloop
  endfacet
  facet normal -0.999465 -0.0327159 0
    outer loop
      vertex -57.5 0 43
      vertex -57.3769 -3.76068 5
      vertex -57.3769 -3.76068 43
    endloop
  endfacet
  facet normal 0.999465 -0.0327159 0
    outer loop
      vertex 57.3769 -3.76068 -95
      vertex 57.5 0 -101
      vertex 57.5 0 -95
    endloop
  endfacet
  facet normal 0.999465 -0.0327159 0
    outer loop
      vertex 57.5 0 -101
      vertex 57.3769 -3.76068 -95
      vertex 57.3769 -3.76068 -101
    endloop
  endfacet
  facet normal 0.999465 -0.0327159 0
    outer loop
      vertex 57.3769 -3.76068 101
      vertex 57.5 0 95
      vertex 57.5 0 101
    endloop
  endfacet
  facet normal 0.999465 -0.0327159 0
    outer loop
      vertex 57.5 0 95
      vertex 57.3769 -3.76068 101
      vertex 57.3769 -3.76068 95
    endloop
  endfacet
  facet normal 0.999465 -0.0327159 0
    outer loop
      vertex 57.3769 -3.76068 -53
      vertex 57.5 0 -71
      vertex 57.5 0 -53
    endloop
  endfacet
  facet normal 0.999465 -0.0327159 0
    outer loop
      vertex 57.5 0 -71
      vertex 57.3769 -3.76068 -53
      vertex 57.3769 -3.76068 -71
    endloop
  endfacet
  facet normal 0.999465 -0.0327159 0
    outer loop
      vertex 57.3769 -3.76068 71
      vertex 57.5 0 53
      vertex 57.5 0 71
    endloop
  endfacet
  facet normal 0.999465 -0.0327159 0
    outer loop
      vertex 57.5 0 53
      vertex 57.3769 -3.76068 71
      vertex 57.3769 -3.76068 53
    endloop
  endfacet
  facet normal 0.999465 -0.0327159 0
    outer loop
      vertex 57.3769 -3.76068 -5
      vertex 57.5 0 -43
      vertex 57.5 0 -5
    endloop
  endfacet
  facet normal 0.999465 -0.0327159 0
    outer loop
      vertex 57.5 0 -43
      vertex 57.3769 -3.76068 -5
      vertex 57.3769 -3.76068 -43
    endloop
  endfacet
  facet normal 0.999465 -0.0327159 0
    outer loop
      vertex 57.3769 -3.76068 43
      vertex 57.5 0 5
      vertex 57.5 0 43
    endloop
  endfacet
  facet normal 0.999465 -0.0327159 0
    outer loop
      vertex 57.5 0 5
      vertex 57.3769 -3.76068 43
      vertex 57.3769 -3.76068 5
    endloop
  endfacet
  facet normal 0.0980148 -0.995185 0
    outer loop
      vertex 3.76068 -57.3769 95
      vertex 7.50526 -57.0081 101
      vertex 3.76068 -57.3769 101
    endloop
  endfacet
  facet normal 0.0980148 -0.995185 0
    outer loop
      vertex 7.50526 -57.0081 101
      vertex 3.76068 -57.3769 95
      vertex 7.50526 -57.0081 95
    endloop
  endfacet
  facet normal 0.0980148 -0.995185 0
    outer loop
      vertex 3.76068 -57.3769 -101
      vertex 7.50526 -57.0081 -95
      vertex 3.76068 -57.3769 -95
    endloop
  endfacet
  facet normal 0.0980148 -0.995185 0
    outer loop
      vertex 7.50526 -57.0081 -95
      vertex 3.76068 -57.3769 -101
      vertex 7.50526 -57.0081 -101
    endloop
  endfacet
  facet normal 0.0980148 -0.995185 0
    outer loop
      vertex 3.76068 -57.3769 -71
      vertex 7.50526 -57.0081 -53
      vertex 3.76068 -57.3769 -53
    endloop
  endfacet
  facet normal 0.0980148 -0.995185 0
    outer loop
      vertex 7.50526 -57.0081 -53
      vertex 3.76068 -57.3769 -71
      vertex 7.50526 -57.0081 -71
    endloop
  endfacet
  facet normal 0.0980148 -0.995185 0
    outer loop
      vertex 3.76068 -57.3769 53
      vertex 7.50526 -57.0081 71
      vertex 3.76068 -57.3769 71
    endloop
  endfacet
  facet normal 0.0980148 -0.995185 0
    outer loop
      vertex 7.50526 -57.0081 71
      vertex 3.76068 -57.3769 53
      vertex 7.50526 -57.0081 53
    endloop
  endfacet
  facet normal 0.0980148 -0.995185 0
    outer loop
      vertex 3.76068 -57.3769 -43
      vertex 7.50526 -57.0081 -5
      vertex 3.76068 -57.3769 -5
    endloop
  endfacet
  facet normal 0.0980148 -0.995185 0
    outer loop
      vertex 7.50526 -57.0081 -5
      vertex 3.76068 -57.3769 -43
      vertex 7.50526 -57.0081 -43
    endloop
  endfacet
  facet normal 0.0980148 -0.995185 0
    outer loop
      vertex 3.76068 -57.3769 5
      vertex 7.50526 -57.0081 43
      vertex 3.76068 -57.3769 43
    endloop
  endfacet
  facet normal 0.0980148 -0.995185 0
    outer loop
      vertex 7.50526 -57.0081 43
      vertex 3.76068 -57.3769 5
      vertex 7.50526 -57.0081 5
    endloop
  endfacet
  facet normal 0.35225 -0.935906 0
    outer loop
      vertex 18.4828 -54.4485 -101
      vertex 22.0043 -53.1231 -95
      vertex 18.4828 -54.4485 -95
    endloop
  endfacet
  facet normal 0.35225 -0.935906 0
    outer loop
      vertex 22.0043 -53.1231 -95
      vertex 18.4828 -54.4485 -101
      vertex 22.0043 -53.1231 -101
    endloop
  endfacet
  facet normal 0.35225 -0.935906 0
    outer loop
      vertex 18.4828 -54.4485 95
      vertex 22.0043 -53.1231 101
      vertex 18.4828 -54.4485 101
    endloop
  endfacet
  facet normal 0.35225 -0.935906 0
    outer loop
      vertex 22.0043 -53.1231 101
      vertex 18.4828 -54.4485 95
      vertex 22.0043 -53.1231 95
    endloop
  endfacet
  facet normal 0.35225 -0.935906 0
    outer loop
      vertex 18.4828 -54.4485 -71
      vertex 22.0043 -53.1231 -53
      vertex 18.4828 -54.4485 -53
    endloop
  endfacet
  facet normal 0.35225 -0.935906 0
    outer loop
      vertex 22.0043 -53.1231 -53
      vertex 18.4828 -54.4485 -71
      vertex 22.0043 -53.1231 -71
    endloop
  endfacet
  facet normal 0.35225 -0.935906 0
    outer loop
      vertex 18.4828 -54.4485 53
      vertex 22.0043 -53.1231 71
      vertex 18.4828 -54.4485 71
    endloop
  endfacet
  facet normal 0.35225 -0.935906 0
    outer loop
      vertex 22.0043 -53.1231 71
      vertex 18.4828 -54.4485 53
      vertex 22.0043 -53.1231 53
    endloop
  endfacet
  facet normal 0.35225 -0.935906 0
    outer loop
      vertex 18.4828 -54.4485 -43
      vertex 22.0043 -53.1231 -5
      vertex 18.4828 -54.4485 -5
    endloop
  endfacet
  facet normal 0.35225 -0.935906 0
    outer loop
      vertex 22.0043 -53.1231 -5
      vertex 18.4828 -54.4485 -43
      vertex 22.0043 -53.1231 -43
    endloop
  endfacet
  facet normal 0.35225 -0.935906 0
    outer loop
      vertex 18.4828 -54.4485 5
      vertex 22.0043 -53.1231 43
      vertex 18.4828 -54.4485 43
    endloop
  endfacet
  facet normal 0.35225 -0.935906 0
    outer loop
      vertex 22.0043 -53.1231 43
      vertex 18.4828 -54.4485 5
      vertex 22.0043 -53.1231 5
    endloop
  endfacet
  facet normal 0.683607 -0.72985 0
    outer loop
      vertex 37.9124 -43.2308 -101
      vertex 40.6586 -40.6586 -95
      vertex 37.9124 -43.2308 -95
    endloop
  endfacet
  facet normal 0.683607 -0.72985 0
    outer loop
      vertex 40.6586 -40.6586 -95
      vertex 37.9124 -43.2308 -101
      vertex 40.6586 -40.6586 -101
    endloop
  endfacet
  facet normal 0.683607 -0.72985 0
    outer loop
      vertex 37.9124 -43.2308 95
      vertex 40.6586 -40.6586 101
      vertex 37.9124 -43.2308 101
    endloop
  endfacet
  facet normal 0.683607 -0.72985 0
    outer loop
      vertex 40.6586 -40.6586 101
      vertex 37.9124 -43.2308 95
      vertex 40.6586 -40.6586 95
    endloop
  endfacet
  facet normal 0.683607 -0.72985 0
    outer loop
      vertex 37.9124 -43.2308 -71
      vertex 40.6586 -40.6586 -53
      vertex 37.9124 -43.2308 -53
    endloop
  endfacet
  facet normal 0.683607 -0.72985 0
    outer loop
      vertex 40.6586 -40.6586 -53
      vertex 37.9124 -43.2308 -71
      vertex 40.6586 -40.6586 -71
    endloop
  endfacet
  facet normal 0.683607 -0.72985 0
    outer loop
      vertex 37.9124 -43.2308 53
      vertex 40.6586 -40.6586 71
      vertex 37.9124 -43.2308 71
    endloop
  endfacet
  facet normal 0.683607 -0.72985 0
    outer loop
      vertex 40.6586 -40.6586 71
      vertex 37.9124 -43.2308 53
      vertex 40.6586 -40.6586 53
    endloop
  endfacet
  facet normal 0.683607 -0.72985 0
    outer loop
      vertex 37.9124 -43.2308 -43
      vertex 40.6586 -40.6586 -5
      vertex 37.9124 -43.2308 -5
    endloop
  endfacet
  facet normal 0.683607 -0.72985 0
    outer loop
      vertex 40.6586 -40.6586 -5
      vertex 37.9124 -43.2308 -43
      vertex 40.6586 -40.6586 -43
    endloop
  endfacet
  facet normal 0.683607 -0.72985 0
    outer loop
      vertex 37.9124 -43.2308 5
      vertex 40.6586 -40.6586 43
      vertex 37.9124 -43.2308 43
    endloop
  endfacet
  facet normal 0.683607 -0.72985 0
    outer loop
      vertex 40.6586 -40.6586 43
      vertex 37.9124 -43.2308 5
      vertex 40.6586 -40.6586 5
    endloop
  endfacet
  facet normal 0.471392 -0.881924 0
    outer loop
      vertex 25.4316 -51.5702 -101
      vertex 28.75 -49.7965 -95
      vertex 25.4316 -51.5702 -95
    endloop
  endfacet
  facet normal 0.471392 -0.881924 0
    outer loop
      vertex 28.75 -49.7965 -95
      vertex 25.4316 -51.5702 -101
      vertex 28.75 -49.7965 -101
    endloop
  endfacet
  facet normal 0.471392 -0.881924 0
    outer loop
      vertex 25.4316 -51.5702 95
      vertex 28.75 -49.7965 101
      vertex 25.4316 -51.5702 101
    endloop
  endfacet
  facet normal 0.471392 -0.881924 0
    outer loop
      vertex 28.75 -49.7965 101
      vertex 25.4316 -51.5702 95
      vertex 28.75 -49.7965 95
    endloop
  endfacet
  facet normal 0.471392 -0.881924 0
    outer loop
      vertex 25.4316 -51.5702 -71
      vertex 28.75 -49.7965 -53
      vertex 25.4316 -51.5702 -53
    endloop
  endfacet
  facet normal 0.471392 -0.881924 0
    outer loop
      vertex 28.75 -49.7965 -53
      vertex 25.4316 -51.5702 -71
      vertex 28.75 -49.7965 -71
    endloop
  endfacet
  facet normal 0.471392 -0.881924 0
    outer loop
      vertex 25.4316 -51.5702 53
      vertex 28.75 -49.7965 71
      vertex 25.4316 -51.5702 71
    endloop
  endfacet
  facet normal 0.471392 -0.881924 0
    outer loop
      vertex 28.75 -49.7965 71
      vertex 25.4316 -51.5702 53
      vertex 28.75 -49.7965 53
    endloop
  endfacet
  facet normal 0.471392 -0.881924 0
    outer loop
      vertex 25.4316 -51.5702 -43
      vertex 28.75 -49.7965 -5
      vertex 25.4316 -51.5702 -5
    endloop
  endfacet
  facet normal 0.471392 -0.881924 0
    outer loop
      vertex 28.75 -49.7965 -5
      vertex 25.4316 -51.5702 -43
      vertex 28.75 -49.7965 -43
    endloop
  endfacet
  facet normal 0.471392 -0.881924 0
    outer loop
      vertex 25.4316 -51.5702 5
      vertex 28.75 -49.7965 43
      vertex 25.4316 -51.5702 43
    endloop
  endfacet
  facet normal 0.471392 -0.881924 0
    outer loop
      vertex 28.75 -49.7965 43
      vertex 25.4316 -51.5702 5
      vertex 28.75 -49.7965 5
    endloop
  endfacet
  facet normal 0.773014 -0.634389 0
    outer loop
      vertex 43.2308 -37.9124 101
      vertex 45.6178 -35.0038 95
      vertex 45.6178 -35.0038 101
    endloop
  endfacet
  facet normal 0.773014 -0.634389 0
    outer loop
      vertex 45.6178 -35.0038 95
      vertex 43.2308 -37.9124 101
      vertex 43.2308 -37.9124 95
    endloop
  endfacet
  facet normal 0.773014 -0.634389 0
    outer loop
      vertex 43.2308 -37.9124 -95
      vertex 45.6178 -35.0038 -101
      vertex 45.6178 -35.0038 -95
    endloop
  endfacet
  facet normal 0.773014 -0.634389 0
    outer loop
      vertex 45.6178 -35.0038 -101
      vertex 43.2308 -37.9124 -95
      vertex 43.2308 -37.9124 -101
    endloop
  endfacet
  facet normal 0.773014 -0.634389 0
    outer loop
      vertex 43.2308 -37.9124 -53
      vertex 45.6178 -35.0038 -71
      vertex 45.6178 -35.0038 -53
    endloop
  endfacet
  facet normal 0.773014 -0.634389 0
    outer loop
      vertex 45.6178 -35.0038 -71
      vertex 43.2308 -37.9124 -53
      vertex 43.2308 -37.9124 -71
    endloop
  endfacet
  facet normal 0.773014 -0.634389 0
    outer loop
      vertex 43.2308 -37.9124 71
      vertex 45.6178 -35.0038 53
      vertex 45.6178 -35.0038 71
    endloop
  endfacet
  facet normal 0.773014 -0.634389 0
    outer loop
      vertex 45.6178 -35.0038 53
      vertex 43.2308 -37.9124 71
      vertex 43.2308 -37.9124 53
    endloop
  endfacet
  facet normal 0.773014 -0.634389 0
    outer loop
      vertex 43.2308 -37.9124 -5
      vertex 45.6178 -35.0038 -43
      vertex 45.6178 -35.0038 -5
    endloop
  endfacet
  facet normal 0.773014 -0.634389 0
    outer loop
      vertex 45.6178 -35.0038 -43
      vertex 43.2308 -37.9124 -5
      vertex 43.2308 -37.9124 -43
    endloop
  endfacet
  facet normal 0.773014 -0.634389 0
    outer loop
      vertex 43.2308 -37.9124 43
      vertex 45.6178 -35.0038 5
      vertex 45.6178 -35.0038 43
    endloop
  endfacet
  facet normal 0.773014 -0.634389 0
    outer loop
      vertex 45.6178 -35.0038 5
      vertex 43.2308 -37.9124 43
      vertex 43.2308 -37.9124 5
    endloop
  endfacet
  facet normal 0.910863 -0.412709 0
    outer loop
      vertex 51.5702 -25.4316 -95
      vertex 53.1231 -22.0043 -101
      vertex 53.1231 -22.0043 -95
    endloop
  endfacet
  facet normal 0.910863 -0.412709 0
    outer loop
      vertex 53.1231 -22.0043 -101
      vertex 51.5702 -25.4316 -95
      vertex 51.5702 -25.4316 -101
    endloop
  endfacet
  facet normal 0.910863 -0.412709 0
    outer loop
      vertex 51.5702 -25.4316 101
      vertex 53.1231 -22.0043 95
      vertex 53.1231 -22.0043 101
    endloop
  endfacet
  facet normal 0.910863 -0.412709 0
    outer loop
      vertex 53.1231 -22.0043 95
      vertex 51.5702 -25.4316 101
      vertex 51.5702 -25.4316 95
    endloop
  endfacet
  facet normal 0.910863 -0.412709 0
    outer loop
      vertex 51.5702 -25.4316 -53
      vertex 53.1231 -22.0043 -71
      vertex 53.1231 -22.0043 -53
    endloop
  endfacet
  facet normal 0.910863 -0.412709 0
    outer loop
      vertex 53.1231 -22.0043 -71
      vertex 51.5702 -25.4316 -53
      vertex 51.5702 -25.4316 -71
    endloop
  endfacet
  facet normal 0.910863 -0.412709 0
    outer loop
      vertex 51.5702 -25.4316 71
      vertex 53.1231 -22.0043 53
      vertex 53.1231 -22.0043 71
    endloop
  endfacet
  facet normal 0.910863 -0.412709 0
    outer loop
      vertex 53.1231 -22.0043 53
      vertex 51.5702 -25.4316 71
      vertex 51.5702 -25.4316 53
    endloop
  endfacet
  facet normal 0.910863 -0.412709 0
    outer loop
      vertex 51.5702 -25.4316 -5
      vertex 53.1231 -22.0043 -43
      vertex 53.1231 -22.0043 -5
    endloop
  endfacet
  facet normal 0.910863 -0.412709 0
    outer loop
      vertex 53.1231 -22.0043 -43
      vertex 51.5702 -25.4316 -5
      vertex 51.5702 -25.4316 -43
    endloop
  endfacet
  facet normal 0.910863 -0.412709 0
    outer loop
      vertex 51.5702 -25.4316 43
      vertex 53.1231 -22.0043 5
      vertex 53.1231 -22.0043 43
    endloop
  endfacet
  facet normal 0.910863 -0.412709 0
    outer loop
      vertex 53.1231 -22.0043 5
      vertex 51.5702 -25.4316 43
      vertex 51.5702 -25.4316 5
    endloop
  endfacet
  facet normal 0.956945 -0.29027 0
    outer loop
      vertex 54.4485 -18.4828 -95
      vertex 55.5407 -14.8821 -101
      vertex 55.5407 -14.8821 -95
    endloop
  endfacet
  facet normal 0.956945 -0.29027 0
    outer loop
      vertex 55.5407 -14.8821 -101
      vertex 54.4485 -18.4828 -95
      vertex 54.4485 -18.4828 -101
    endloop
  endfacet
  facet normal 0.956945 -0.29027 0
    outer loop
      vertex 54.4485 -18.4828 101
      vertex 55.5407 -14.8821 95
      vertex 55.5407 -14.8821 101
    endloop
  endfacet
  facet normal 0.956945 -0.29027 0
    outer loop
      vertex 55.5407 -14.8821 95
      vertex 54.4485 -18.4828 101
      vertex 54.4485 -18.4828 95
    endloop
  endfacet
  facet normal 0.956945 -0.29027 0
    outer loop
      vertex 54.4485 -18.4828 -53
      vertex 55.5407 -14.8821 -71
      vertex 55.5407 -14.8821 -53
    endloop
  endfacet
  facet normal 0.956945 -0.29027 0
    outer loop
      vertex 55.5407 -14.8821 -71
      vertex 54.4485 -18.4828 -53
      vertex 54.4485 -18.4828 -71
    endloop
  endfacet
  facet normal 0.956945 -0.29027 0
    outer loop
      vertex 54.4485 -18.4828 71
      vertex 55.5407 -14.8821 53
      vertex 55.5407 -14.8821 71
    endloop
  endfacet
  facet normal 0.956945 -0.29027 0
    outer loop
      vertex 55.5407 -14.8821 53
      vertex 54.4485 -18.4828 71
      vertex 54.4485 -18.4828 53
    endloop
  endfacet
  facet normal 0.956945 -0.29027 0
    outer loop
      vertex 54.4485 -18.4828 -5
      vertex 55.5407 -14.8821 -43
      vertex 55.5407 -14.8821 -5
    endloop
  endfacet
  facet normal 0.956945 -0.29027 0
    outer loop
      vertex 55.5407 -14.8821 -43
      vertex 54.4485 -18.4828 -5
      vertex 54.4485 -18.4828 -43
    endloop
  endfacet
  facet normal 0.956945 -0.29027 0
    outer loop
      vertex 54.4485 -18.4828 43
      vertex 55.5407 -14.8821 5
      vertex 55.5407 -14.8821 43
    endloop
  endfacet
  facet normal 0.956945 -0.29027 0
    outer loop
      vertex 55.5407 -14.8821 5
      vertex 54.4485 -18.4828 43
      vertex 54.4485 -18.4828 5
    endloop
  endfacet
  facet normal -0.634389 -0.773014 0
    outer loop
      vertex -37.9124 -43.2308 95
      vertex -35.0038 -45.6178 101
      vertex -37.9124 -43.2308 101
    endloop
  endfacet
  facet normal -0.634389 -0.773014 -0
    outer loop
      vertex -35.0038 -45.6178 101
      vertex -37.9124 -43.2308 95
      vertex -35.0038 -45.6178 95
    endloop
  endfacet
  facet normal -0.634389 -0.773014 0
    outer loop
      vertex -37.9124 -43.2308 -101
      vertex -35.0038 -45.6178 -95
      vertex -37.9124 -43.2308 -95
    endloop
  endfacet
  facet normal -0.634389 -0.773014 -0
    outer loop
      vertex -35.0038 -45.6178 -95
      vertex -37.9124 -43.2308 -101
      vertex -35.0038 -45.6178 -101
    endloop
  endfacet
  facet normal -0.634389 -0.773014 0
    outer loop
      vertex -37.9124 -43.2308 -71
      vertex -35.0038 -45.6178 -53
      vertex -37.9124 -43.2308 -53
    endloop
  endfacet
  facet normal -0.634389 -0.773014 -0
    outer loop
      vertex -35.0038 -45.6178 -53
      vertex -37.9124 -43.2308 -71
      vertex -35.0038 -45.6178 -71
    endloop
  endfacet
  facet normal -0.634389 -0.773014 0
    outer loop
      vertex -37.9124 -43.2308 53
      vertex -35.0038 -45.6178 71
      vertex -37.9124 -43.2308 71
    endloop
  endfacet
  facet normal -0.634389 -0.773014 -0
    outer loop
      vertex -35.0038 -45.6178 71
      vertex -37.9124 -43.2308 53
      vertex -35.0038 -45.6178 53
    endloop
  endfacet
  facet normal -0.634389 -0.773014 0
    outer loop
      vertex -37.9124 -43.2308 -43
      vertex -35.0038 -45.6178 -5
      vertex -37.9124 -43.2308 -5
    endloop
  endfacet
  facet normal -0.634389 -0.773014 -0
    outer loop
      vertex -35.0038 -45.6178 -5
      vertex -37.9124 -43.2308 -43
      vertex -35.0038 -45.6178 -43
    endloop
  endfacet
  facet normal -0.634389 -0.773014 0
    outer loop
      vertex -37.9124 -43.2308 5
      vertex -35.0038 -45.6178 43
      vertex -37.9124 -43.2308 43
    endloop
  endfacet
  facet normal -0.634389 -0.773014 -0
    outer loop
      vertex -35.0038 -45.6178 43
      vertex -37.9124 -43.2308 5
      vertex -35.0038 -45.6178 5
    endloop
  endfacet
  facet normal -0.412709 -0.910863 0
    outer loop
      vertex -25.4316 -51.5702 -101
      vertex -22.0043 -53.1231 -95
      vertex -25.4316 -51.5702 -95
    endloop
  endfacet
  facet normal -0.412709 -0.910863 -0
    outer loop
      vertex -22.0043 -53.1231 -95
      vertex -25.4316 -51.5702 -101
      vertex -22.0043 -53.1231 -101
    endloop
  endfacet
  facet normal -0.412709 -0.910863 0
    outer loop
      vertex -25.4316 -51.5702 95
      vertex -22.0043 -53.1231 101
      vertex -25.4316 -51.5702 101
    endloop
  endfacet
  facet normal -0.412709 -0.910863 -0
    outer loop
      vertex -22.0043 -53.1231 101
      vertex -25.4316 -51.5702 95
      vertex -22.0043 -53.1231 95
    endloop
  endfacet
  facet normal -0.412709 -0.910863 0
    outer loop
      vertex -25.4316 -51.5702 -71
      vertex -22.0043 -53.1231 -53
      vertex -25.4316 -51.5702 -53
    endloop
  endfacet
  facet normal -0.412709 -0.910863 -0
    outer loop
      vertex -22.0043 -53.1231 -53
      vertex -25.4316 -51.5702 -71
      vertex -22.0043 -53.1231 -71
    endloop
  endfacet
  facet normal -0.412709 -0.910863 0
    outer loop
      vertex -25.4316 -51.5702 53
      vertex -22.0043 -53.1231 71
      vertex -25.4316 -51.5702 71
    endloop
  endfacet
  facet normal -0.412709 -0.910863 -0
    outer loop
      vertex -22.0043 -53.1231 71
      vertex -25.4316 -51.5702 53
      vertex -22.0043 -53.1231 53
    endloop
  endfacet
  facet normal -0.412709 -0.910863 0
    outer loop
      vertex -25.4316 -51.5702 -43
      vertex -22.0043 -53.1231 -5
      vertex -25.4316 -51.5702 -5
    endloop
  endfacet
  facet normal -0.412709 -0.910863 -0
    outer loop
      vertex -22.0043 -53.1231 -5
      vertex -25.4316 -51.5702 -43
      vertex -22.0043 -53.1231 -43
    endloop
  endfacet
  facet normal -0.412709 -0.910863 0
    outer loop
      vertex -25.4316 -51.5702 5
      vertex -22.0043 -53.1231 43
      vertex -25.4316 -51.5702 43
    endloop
  endfacet
  facet normal -0.412709 -0.910863 -0
    outer loop
      vertex -22.0043 -53.1231 43
      vertex -25.4316 -51.5702 5
      vertex -22.0043 -53.1231 5
    endloop
  endfacet
  facet normal -0.29027 -0.956945 0
    outer loop
      vertex -18.4828 -54.4485 -101
      vertex -14.8821 -55.5407 -95
      vertex -18.4828 -54.4485 -95
    endloop
  endfacet
  facet normal -0.29027 -0.956945 -0
    outer loop
      vertex -14.8821 -55.5407 -95
      vertex -18.4828 -54.4485 -101
      vertex -14.8821 -55.5407 -101
    endloop
  endfacet
  facet normal -0.29027 -0.956945 0
    outer loop
      vertex -18.4828 -54.4485 95
      vertex -14.8821 -55.5407 101
      vertex -18.4828 -54.4485 101
    endloop
  endfacet
  facet normal -0.29027 -0.956945 -0
    outer loop
      vertex -14.8821 -55.5407 101
      vertex -18.4828 -54.4485 95
      vertex -14.8821 -55.5407 95
    endloop
  endfacet
  facet normal -0.29027 -0.956945 0
    outer loop
      vertex -18.4828 -54.4485 -71
      vertex -14.8821 -55.5407 -53
      vertex -18.4828 -54.4485 -53
    endloop
  endfacet
  facet normal -0.29027 -0.956945 -0
    outer loop
      vertex -14.8821 -55.5407 -53
      vertex -18.4828 -54.4485 -71
      vertex -14.8821 -55.5407 -71
    endloop
  endfacet
  facet normal -0.29027 -0.956945 0
    outer loop
      vertex -18.4828 -54.4485 53
      vertex -14.8821 -55.5407 71
      vertex -18.4828 -54.4485 71
    endloop
  endfacet
  facet normal -0.29027 -0.956945 -0
    outer loop
      vertex -14.8821 -55.5407 71
      vertex -18.4828 -54.4485 53
      vertex -14.8821 -55.5407 53
    endloop
  endfacet
  facet normal -0.29027 -0.956945 0
    outer loop
      vertex -18.4828 -54.4485 -43
      vertex -14.8821 -55.5407 -5
      vertex -18.4828 -54.4485 -5
    endloop
  endfacet
  facet normal -0.29027 -0.956945 -0
    outer loop
      vertex -14.8821 -55.5407 -5
      vertex -18.4828 -54.4485 -43
      vertex -14.8821 -55.5407 -43
    endloop
  endfacet
  facet normal -0.29027 -0.956945 0
    outer loop
      vertex -18.4828 -54.4485 5
      vertex -14.8821 -55.5407 43
      vertex -18.4828 -54.4485 43
    endloop
  endfacet
  facet normal -0.29027 -0.956945 -0
    outer loop
      vertex -14.8821 -55.5407 43
      vertex -18.4828 -54.4485 5
      vertex -14.8821 -55.5407 5
    endloop
  endfacet
  facet normal -0.0327159 -0.999465 0
    outer loop
      vertex -3.76068 -57.3769 -101
      vertex 0 -57.5 -95
      vertex -3.76068 -57.3769 -95
    endloop
  endfacet
  facet normal -0.0327159 -0.999465 -0
    outer loop
      vertex 0 -57.5 -95
      vertex -3.76068 -57.3769 -101
      vertex 0 -57.5 -101
    endloop
  endfacet
  facet normal -0.0327159 -0.999465 0
    outer loop
      vertex -3.76068 -57.3769 95
      vertex 0 -57.5 101
      vertex -3.76068 -57.3769 101
    endloop
  endfacet
  facet normal -0.0327159 -0.999465 -0
    outer loop
      vertex 0 -57.5 101
      vertex -3.76068 -57.3769 95
      vertex 0 -57.5 95
    endloop
  endfacet
  facet normal -0.0327159 -0.999465 0
    outer loop
      vertex -3.76068 -57.3769 -71
      vertex 0 -57.5 -53
      vertex -3.76068 -57.3769 -53
    endloop
  endfacet
  facet normal -0.0327159 -0.999465 -0
    outer loop
      vertex 0 -57.5 -53
      vertex -3.76068 -57.3769 -71
      vertex 0 -57.5 -71
    endloop
  endfacet
  facet normal -0.0327159 -0.999465 0
    outer loop
      vertex -3.76068 -57.3769 53
      vertex 0 -57.5 71
      vertex -3.76068 -57.3769 71
    endloop
  endfacet
  facet normal -0.0327159 -0.999465 -0
    outer loop
      vertex 0 -57.5 71
      vertex -3.76068 -57.3769 53
      vertex 0 -57.5 53
    endloop
  endfacet
  facet normal -0.0327159 -0.999465 0
    outer loop
      vertex -3.76068 -57.3769 -43
      vertex 0 -57.5 -5
      vertex -3.76068 -57.3769 -5
    endloop
  endfacet
  facet normal -0.0327159 -0.999465 -0
    outer loop
      vertex 0 -57.5 -5
      vertex -3.76068 -57.3769 -43
      vertex 0 -57.5 -43
    endloop
  endfacet
  facet normal -0.0327159 -0.999465 0
    outer loop
      vertex -3.76068 -57.3769 5
      vertex 0 -57.5 43
      vertex -3.76068 -57.3769 43
    endloop
  endfacet
  facet normal -0.0327159 -0.999465 -0
    outer loop
      vertex 0 -57.5 43
      vertex -3.76068 -57.3769 5
      vertex 0 -57.5 5
    endloop
  endfacet
  facet normal -0.881924 -0.471392 0
    outer loop
      vertex -49.7965 -28.75 -101
      vertex -51.5702 -25.4316 -95
      vertex -51.5702 -25.4316 -101
    endloop
  endfacet
  facet normal -0.881924 -0.471392 0
    outer loop
      vertex -51.5702 -25.4316 -95
      vertex -49.7965 -28.75 -101
      vertex -49.7965 -28.75 -95
    endloop
  endfacet
  facet normal -0.881924 -0.471392 0
    outer loop
      vertex -49.7965 -28.75 95
      vertex -51.5702 -25.4316 101
      vertex -51.5702 -25.4316 95
    endloop
  endfacet
  facet normal -0.881924 -0.471392 0
    outer loop
      vertex -51.5702 -25.4316 101
      vertex -49.7965 -28.75 95
      vertex -49.7965 -28.75 101
    endloop
  endfacet
  facet normal -0.881924 -0.471392 0
    outer loop
      vertex -49.7965 -28.75 -71
      vertex -51.5702 -25.4316 -53
      vertex -51.5702 -25.4316 -71
    endloop
  endfacet
  facet normal -0.881924 -0.471392 0
    outer loop
      vertex -51.5702 -25.4316 -53
      vertex -49.7965 -28.75 -71
      vertex -49.7965 -28.75 -53
    endloop
  endfacet
  facet normal -0.881924 -0.471392 0
    outer loop
      vertex -49.7965 -28.75 53
      vertex -51.5702 -25.4316 71
      vertex -51.5702 -25.4316 53
    endloop
  endfacet
  facet normal -0.881924 -0.471392 0
    outer loop
      vertex -51.5702 -25.4316 71
      vertex -49.7965 -28.75 53
      vertex -49.7965 -28.75 71
    endloop
  endfacet
  facet normal -0.881924 -0.471392 0
    outer loop
      vertex -49.7965 -28.75 -43
      vertex -51.5702 -25.4316 -5
      vertex -51.5702 -25.4316 -43
    endloop
  endfacet
  facet normal -0.881924 -0.471392 0
    outer loop
      vertex -51.5702 -25.4316 -5
      vertex -49.7965 -28.75 -43
      vertex -49.7965 -28.75 -5
    endloop
  endfacet
  facet normal -0.881924 -0.471392 0
    outer loop
      vertex -49.7965 -28.75 5
      vertex -51.5702 -25.4316 43
      vertex -51.5702 -25.4316 5
    endloop
  endfacet
  facet normal -0.881924 -0.471392 0
    outer loop
      vertex -51.5702 -25.4316 43
      vertex -49.7965 -28.75 5
      vertex -49.7965 -28.75 43
    endloop
  endfacet
  facet normal -0.72985 -0.683607 0
    outer loop
      vertex -40.6586 -40.6586 -101
      vertex -43.2308 -37.9124 -95
      vertex -43.2308 -37.9124 -101
    endloop
  endfacet
  facet normal -0.72985 -0.683607 0
    outer loop
      vertex -43.2308 -37.9124 -95
      vertex -40.6586 -40.6586 -101
      vertex -40.6586 -40.6586 -95
    endloop
  endfacet
  facet normal -0.72985 -0.683607 0
    outer loop
      vertex -40.6586 -40.6586 95
      vertex -43.2308 -37.9124 101
      vertex -43.2308 -37.9124 95
    endloop
  endfacet
  facet normal -0.72985 -0.683607 0
    outer loop
      vertex -43.2308 -37.9124 101
      vertex -40.6586 -40.6586 95
      vertex -40.6586 -40.6586 101
    endloop
  endfacet
  facet normal -0.72985 -0.683607 0
    outer loop
      vertex -40.6586 -40.6586 -71
      vertex -43.2308 -37.9124 -53
      vertex -43.2308 -37.9124 -71
    endloop
  endfacet
  facet normal -0.72985 -0.683607 0
    outer loop
      vertex -43.2308 -37.9124 -53
      vertex -40.6586 -40.6586 -71
      vertex -40.6586 -40.6586 -53
    endloop
  endfacet
  facet normal -0.72985 -0.683607 0
    outer loop
      vertex -40.6586 -40.6586 53
      vertex -43.2308 -37.9124 71
      vertex -43.2308 -37.9124 53
    endloop
  endfacet
  facet normal -0.72985 -0.683607 0
    outer loop
      vertex -43.2308 -37.9124 71
      vertex -40.6586 -40.6586 53
      vertex -40.6586 -40.6586 71
    endloop
  endfacet
  facet normal -0.72985 -0.683607 0
    outer loop
      vertex -40.6586 -40.6586 -43
      vertex -43.2308 -37.9124 -5
      vertex -43.2308 -37.9124 -43
    endloop
  endfacet
  facet normal -0.72985 -0.683607 0
    outer loop
      vertex -43.2308 -37.9124 -5
      vertex -40.6586 -40.6586 -43
      vertex -40.6586 -40.6586 -5
    endloop
  endfacet
  facet normal -0.72985 -0.683607 0
    outer loop
      vertex -40.6586 -40.6586 5
      vertex -43.2308 -37.9124 43
      vertex -43.2308 -37.9124 5
    endloop
  endfacet
  facet normal -0.72985 -0.683607 0
    outer loop
      vertex -43.2308 -37.9124 43
      vertex -40.6586 -40.6586 5
      vertex -40.6586 -40.6586 43
    endloop
  endfacet
  facet normal -0.935906 -0.35225 0
    outer loop
      vertex -53.1231 -22.0043 -101
      vertex -54.4485 -18.4828 -95
      vertex -54.4485 -18.4828 -101
    endloop
  endfacet
  facet normal -0.935906 -0.35225 0
    outer loop
      vertex -54.4485 -18.4828 -95
      vertex -53.1231 -22.0043 -101
      vertex -53.1231 -22.0043 -95
    endloop
  endfacet
  facet normal -0.935906 -0.35225 0
    outer loop
      vertex -53.1231 -22.0043 95
      vertex -54.4485 -18.4828 101
      vertex -54.4485 -18.4828 95
    endloop
  endfacet
  facet normal -0.935906 -0.35225 0
    outer loop
      vertex -54.4485 -18.4828 101
      vertex -53.1231 -22.0043 95
      vertex -53.1231 -22.0043 101
    endloop
  endfacet
  facet normal -0.935906 -0.35225 0
    outer loop
      vertex -53.1231 -22.0043 -71
      vertex -54.4485 -18.4828 -53
      vertex -54.4485 -18.4828 -71
    endloop
  endfacet
  facet normal -0.935906 -0.35225 0
    outer loop
      vertex -54.4485 -18.4828 -53
      vertex -53.1231 -22.0043 -71
      vertex -53.1231 -22.0043 -53
    endloop
  endfacet
  facet normal -0.935906 -0.35225 0
    outer loop
      vertex -53.1231 -22.0043 53
      vertex -54.4485 -18.4828 71
      vertex -54.4485 -18.4828 53
    endloop
  endfacet
  facet normal -0.935906 -0.35225 0
    outer loop
      vertex -54.4485 -18.4828 71
      vertex -53.1231 -22.0043 53
      vertex -53.1231 -22.0043 71
    endloop
  endfacet
  facet normal -0.935906 -0.35225 0
    outer loop
      vertex -53.1231 -22.0043 -43
      vertex -54.4485 -18.4828 -5
      vertex -54.4485 -18.4828 -43
    endloop
  endfacet
  facet normal -0.935906 -0.35225 0
    outer loop
      vertex -54.4485 -18.4828 -5
      vertex -53.1231 -22.0043 -43
      vertex -53.1231 -22.0043 -5
    endloop
  endfacet
  facet normal -0.935906 -0.35225 0
    outer loop
      vertex -53.1231 -22.0043 5
      vertex -54.4485 -18.4828 43
      vertex -54.4485 -18.4828 5
    endloop
  endfacet
  facet normal -0.935906 -0.35225 0
    outer loop
      vertex -54.4485 -18.4828 43
      vertex -53.1231 -22.0043 5
      vertex -53.1231 -22.0043 43
    endloop
  endfacet
  facet normal -0.995185 -0.0980148 0
    outer loop
      vertex -57.0081 -7.50526 -101
      vertex -57.3769 -3.76068 -95
      vertex -57.3769 -3.76068 -101
    endloop
  endfacet
  facet normal -0.995185 -0.0980148 0
    outer loop
      vertex -57.3769 -3.76068 -95
      vertex -57.0081 -7.50526 -101
      vertex -57.0081 -7.50526 -95
    endloop
  endfacet
  facet normal -0.995185 -0.0980148 0
    outer loop
      vertex -57.0081 -7.50526 95
      vertex -57.3769 -3.76068 101
      vertex -57.3769 -3.76068 95
    endloop
  endfacet
  facet normal -0.995185 -0.0980148 0
    outer loop
      vertex -57.3769 -3.76068 101
      vertex -57.0081 -7.50526 95
      vertex -57.0081 -7.50526 101
    endloop
  endfacet
  facet normal -0.995185 -0.0980148 0
    outer loop
      vertex -57.0081 -7.50526 -71
      vertex -57.3769 -3.76068 -53
      vertex -57.3769 -3.76068 -71
    endloop
  endfacet
  facet normal -0.995185 -0.0980148 0
    outer loop
      vertex -57.3769 -3.76068 -53
      vertex -57.0081 -7.50526 -71
      vertex -57.0081 -7.50526 -53
    endloop
  endfacet
  facet normal -0.995185 -0.0980148 0
    outer loop
      vertex -57.0081 -7.50526 53
      vertex -57.3769 -3.76068 71
      vertex -57.3769 -3.76068 53
    endloop
  endfacet
  facet normal -0.995185 -0.0980148 0
    outer loop
      vertex -57.3769 -3.76068 71
      vertex -57.0081 -7.50526 53
      vertex -57.0081 -7.50526 71
    endloop
  endfacet
  facet normal -0.995185 -0.0980148 0
    outer loop
      vertex -57.0081 -7.50526 -43
      vertex -57.3769 -3.76068 -5
      vertex -57.3769 -3.76068 -43
    endloop
  endfacet
  facet normal -0.995185 -0.0980148 0
    outer loop
      vertex -57.3769 -3.76068 -5
      vertex -57.0081 -7.50526 -43
      vertex -57.0081 -7.50526 -5
    endloop
  endfacet
  facet normal -0.995185 -0.0980148 0
    outer loop
      vertex -57.0081 -7.50526 5
      vertex -57.3769 -3.76068 43
      vertex -57.3769 -3.76068 5
    endloop
  endfacet
  facet normal -0.995185 -0.0980148 0
    outer loop
      vertex -57.3769 -3.76068 43
      vertex -57.0081 -7.50526 5
      vertex -57.0081 -7.50526 43
    endloop
  endfacet
  facet normal 0 0 1
    outer loop
      vertex 57.3769 3.76068 101
      vertex 57.3769 -3.76068 101
      vertex 57.5 0 101
    endloop
  endfacet
  facet normal 0 0 1
    outer loop
      vertex 57.0081 7.50526 101
      vertex 57.3769 -3.76068 101
      vertex 57.3769 3.76068 101
    endloop
  endfacet
  facet normal 0 0 1
    outer loop
      vertex 57.0081 7.50526 101
      vertex 57.0081 -7.50526 101
      vertex 57.3769 -3.76068 101
    endloop
  endfacet
  facet normal 0 0 1
    outer loop
      vertex 56.3952 11.2177 101
      vertex 57.0081 -7.50526 101
      vertex 57.0081 7.50526 101
    endloop
  endfacet
  facet normal 0 0 1
    outer loop
      vertex 56.3952 11.2177 101
      vertex 56.3952 -11.2177 101
      vertex 57.0081 -7.50526 101
    endloop
  endfacet
  facet normal 0 0 1
    outer loop
      vertex 55.5407 14.8821 101
      vertex 56.3952 -11.2177 101
      vertex 56.3952 11.2177 101
    endloop
  endfacet
  facet normal 0 0 1
    outer loop
      vertex 55.5407 14.8821 101
      vertex 55.5407 -14.8821 101
      vertex 56.3952 -11.2177 101
    endloop
  endfacet
  facet normal 0 0 1
    outer loop
      vertex 54.4485 18.4828 101
      vertex 55.5407 -14.8821 101
      vertex 55.5407 14.8821 101
    endloop
  endfacet
  facet normal 0 0 1
    outer loop
      vertex 54.4485 18.4828 101
      vertex 54.4485 -18.4828 101
      vertex 55.5407 -14.8821 101
    endloop
  endfacet
  facet normal 0 0 1
    outer loop
      vertex 53.1231 22.0043 101
      vertex 54.4485 -18.4828 101
      vertex 54.4485 18.4828 101
    endloop
  endfacet
  facet normal 0 0 1
    outer loop
      vertex 53.1231 22.0043 101
      vertex 53.1231 -22.0043 101
      vertex 54.4485 -18.4828 101
    endloop
  endfacet
  facet normal 0 0 1
    outer loop
      vertex 51.5702 25.4316 101
      vertex 53.1231 -22.0043 101
      vertex 53.1231 22.0043 101
    endloop
  endfacet
  facet normal 0 0 1
    outer loop
      vertex 51.5702 25.4316 101
      vertex 51.5702 -25.4316 101
      vertex 53.1231 -22.0043 101
    endloop
  endfacet
  facet normal 0 0 1
    outer loop
      vertex 49.7965 28.75 101
      vertex 51.5702 -25.4316 101
      vertex 51.5702 25.4316 101
    endloop
  endfacet
  facet normal 0 0 1
    outer loop
      vertex 49.7965 28.75 101
      vertex 49.7965 -28.75 101
      vertex 51.5702 -25.4316 101
    endloop
  endfacet
  facet normal 0 0 1
    outer loop
      vertex 47.8095 31.9453 101
      vertex 49.7965 -28.75 101
      vertex 49.7965 28.75 101
    endloop
  endfacet
  facet normal 0 0 1
    outer loop
      vertex 47.8095 31.9453 101
      vertex 47.8095 -31.9453 101
      vertex 49.7965 -28.75 101
    endloop
  endfacet
  facet normal 0 0 1
    outer loop
      vertex 45.6178 35.0038 101
      vertex 47.8095 -31.9453 101
      vertex 47.8095 31.9453 101
    endloop
  endfacet
  facet normal 0 0 1
    outer loop
      vertex 45.6178 35.0038 101
      vertex 45.6178 -35.0038 101
      vertex 47.8095 -31.9453 101
    endloop
  endfacet
  facet normal 0 0 1
    outer loop
      vertex 43.2308 37.9124 101
      vertex 45.6178 -35.0038 101
      vertex 45.6178 35.0038 101
    endloop
  endfacet
  facet normal 0 0 1
    outer loop
      vertex 43.2308 37.9124 101
      vertex 43.2308 -37.9124 101
      vertex 45.6178 -35.0038 101
    endloop
  endfacet
  facet normal 0 0 1
    outer loop
      vertex 40.6586 40.6586 101
      vertex 43.2308 -37.9124 101
      vertex 43.2308 37.9124 101
    endloop
  endfacet
  facet normal 0 0 1
    outer loop
      vertex 40.6586 40.6586 101
      vertex 40.6586 -40.6586 101
      vertex 43.2308 -37.9124 101
    endloop
  endfacet
  facet normal 0 0 1
    outer loop
      vertex 37.9124 43.2308 101
      vertex 40.6586 -40.6586 101
      vertex 40.6586 40.6586 101
    endloop
  endfacet
  facet normal 0 0 1
    outer loop
      vertex 37.9124 43.2308 101
      vertex 37.9124 -43.2308 101
      vertex 40.6586 -40.6586 101
    endloop
  endfacet
  facet normal 0 0 1
    outer loop
      vertex 35.0038 45.6178 101
      vertex 37.9124 -43.2308 101
      vertex 37.9124 43.2308 101
    endloop
  endfacet
  facet normal 0 0 1
    outer loop
      vertex 35.0038 45.6178 101
      vertex 35.0038 -45.6178 101
      vertex 37.9124 -43.2308 101
    endloop
  endfacet
  facet normal 0 0 1
    outer loop
      vertex 31.9453 47.8095 101
      vertex 35.0038 -45.6178 101
      vertex 35.0038 45.6178 101
    endloop
  endfacet
  facet normal 0 0 1
    outer loop
      vertex 31.9453 47.8095 101
      vertex 31.9453 -47.8095 101
      vertex 35.0038 -45.6178 101
    endloop
  endfacet
  facet normal 0 0 1
    outer loop
      vertex 28.75 49.7965 101
      vertex 31.9453 -47.8095 101
      vertex 31.9453 47.8095 101
    endloop
  endfacet
  facet normal 0 0 1
    outer loop
      vertex 28.75 49.7965 101
      vertex 28.75 -49.7965 101
      vertex 31.9453 -47.8095 101
    endloop
  endfacet
  facet normal 0 0 1
    outer loop
      vertex 25.4316 51.5702 101
      vertex 28.75 -49.7965 101
      vertex 28.75 49.7965 101
    endloop
  endfacet
  facet normal 0 0 1
    outer loop
      vertex 25.4316 51.5702 101
      vertex 25.4316 -51.5702 101
      vertex 28.75 -49.7965 101
    endloop
  endfacet
  facet normal 0 0 1
    outer loop
      vertex 22.0043 53.1231 101
      vertex 25.4316 -51.5702 101
      vertex 25.4316 51.5702 101
    endloop
  endfacet
  facet normal 0 0 1
    outer loop
      vertex 22.0043 53.1231 101
      vertex 22.0043 -53.1231 101
      vertex 25.4316 -51.5702 101
    endloop
  endfacet
  facet normal 0 0 1
    outer loop
      vertex 18.4828 54.4485 101
      vertex 22.0043 -53.1231 101
      vertex 22.0043 53.1231 101
    endloop
  endfacet
  facet normal 0 0 1
    outer loop
      vertex 18.4828 54.4485 101
      vertex 18.4828 -54.4485 101
      vertex 22.0043 -53.1231 101
    endloop
  endfacet
  facet normal 0 0 1
    outer loop
      vertex 14.8821 55.5407 101
      vertex 18.4828 -54.4485 101
      vertex 18.4828 54.4485 101
    endloop
  endfacet
  facet normal 0 0 1
    outer loop
      vertex 14.8821 55.5407 101
      vertex 14.8821 -55.5407 101
      vertex 18.4828 -54.4485 101
    endloop
  endfacet
  facet normal 0 0 1
    outer loop
      vertex 11.2177 56.3952 101
      vertex 14.8821 -55.5407 101
      vertex 14.8821 55.5407 101
    endloop
  endfacet
  facet normal 0 0 1
    outer loop
      vertex 11.2177 56.3952 101
      vertex 11.2177 -56.3952 101
      vertex 14.8821 -55.5407 101
    endloop
  endfacet
  facet normal 0 0 1
    outer loop
      vertex 7.50526 57.0081 101
      vertex 11.2177 -56.3952 101
      vertex 11.2177 56.3952 101
    endloop
  endfacet
  facet normal 0 0 1
    outer loop
      vertex 7.50526 57.0081 101
      vertex 7.50526 -57.0081 101
      vertex 11.2177 -56.3952 101
    endloop
  endfacet
  facet normal 0 0 1
    outer loop
      vertex 3.76068 57.3769 101
      vertex 7.50526 -57.0081 101
      vertex 7.50526 57.0081 101
    endloop
  endfacet
  facet normal 0 0 1
    outer loop
      vertex 3.76068 57.3769 101
      vertex 3.76068 -57.3769 101
      vertex 7.50526 -57.0081 101
    endloop
  endfacet
  facet normal 0 0 1
    outer loop
      vertex 0 57.5 101
      vertex 3.76068 -57.3769 101
      vertex 3.76068 57.3769 101
    endloop
  endfacet
  facet normal 0 0 1
    outer loop
      vertex 0 57.5 101
      vertex 0 -57.5 101
      vertex 3.76068 -57.3769 101
    endloop
  endfacet
  facet normal -0 0 1
    outer loop
      vertex -3.76068 57.3769 101
      vertex 0 -57.5 101
      vertex 0 57.5 101
    endloop
  endfacet
  facet normal 0 0 1
    outer loop
      vertex -3.76068 57.3769 101
      vertex -3.76068 -57.3769 101
      vertex 0 -57.5 101
    endloop
  endfacet
  facet normal -0 0 1
    outer loop
      vertex -7.50526 57.0081 101
      vertex -3.76068 -57.3769 101
      vertex -3.76068 57.3769 101
    endloop
  endfacet
  facet normal 0 0 1
    outer loop
      vertex -7.50526 57.0081 101
      vertex -7.50526 -57.0081 101
      vertex -3.76068 -57.3769 101
    endloop
  endfacet
  facet normal -0 0 1
    outer loop
      vertex -11.2177 56.3952 101
      vertex -7.50526 -57.0081 101
      vertex -7.50526 57.0081 101
    endloop
  endfacet
  facet normal 0 0 1
    outer loop
      vertex -11.2177 56.3952 101
      vertex -11.2177 -56.3952 101
      vertex -7.50526 -57.0081 101
    endloop
  endfacet
  facet normal -0 0 1
    outer loop
      vertex -14.8821 55.5407 101
      vertex -11.2177 -56.3952 101
      vertex -11.2177 56.3952 101
    endloop
  endfacet
  facet normal 0 0 1
    outer loop
      vertex -14.8821 55.5407 101
      vertex -14.8821 -55.5407 101
      vertex -11.2177 -56.3952 101
    endloop
  endfacet
  facet normal -0 0 1
    outer loop
      vertex -18.4828 54.4485 101
      vertex -14.8821 -55.5407 101
      vertex -14.8821 55.5407 101
    endloop
  endfacet
  facet normal 0 0 1
    outer loop
      vertex -18.4828 54.4485 101
      vertex -18.4828 -54.4485 101
      vertex -14.8821 -55.5407 101
    endloop
  endfacet
  facet normal -0 0 1
    outer loop
      vertex -22.0043 53.1231 101
      vertex -18.4828 -54.4485 101
      vertex -18.4828 54.4485 101
    endloop
  endfacet
  facet normal 0 0 1
    outer loop
      vertex -22.0043 53.1231 101
      vertex -22.0043 -53.1231 101
      vertex -18.4828 -54.4485 101
    endloop
  endfacet
  facet normal -0 0 1
    outer loop
      vertex -25.4316 51.5702 101
      vertex -22.0043 -53.1231 101
      vertex -22.0043 53.1231 101
    endloop
  endfacet
  facet normal 0 0 1
    outer loop
      vertex -25.4316 51.5702 101
      vertex -25.4316 -51.5702 101
      vertex -22.0043 -53.1231 101
    endloop
  endfacet
  facet normal -0 0 1
    outer loop
      vertex -28.75 49.7965 101
      vertex -25.4316 -51.5702 101
      vertex -25.4316 51.5702 101
    endloop
  endfacet
  facet normal 0 0 1
    outer loop
      vertex -28.75 49.7965 101
      vertex -28.75 -49.7965 101
      vertex -25.4316 -51.5702 101
    endloop
  endfacet
  facet normal -0 0 1
    outer loop
      vertex -31.9453 47.8095 101
      vertex -28.75 -49.7965 101
      vertex -28.75 49.7965 101
    endloop
  endfacet
  facet normal 0 0 1
    outer loop
      vertex -31.9453 47.8095 101
      vertex -31.9453 -47.8095 101
      vertex -28.75 -49.7965 101
    endloop
  endfacet
  facet normal -0 0 1
    outer loop
      vertex -35.0038 45.6178 101
      vertex -31.9453 -47.8095 101
      vertex -31.9453 47.8095 101
    endloop
  endfacet
  facet normal 0 0 1
    outer loop
      vertex -35.0038 45.6178 101
      vertex -35.0038 -45.6178 101
      vertex -31.9453 -47.8095 101
    endloop
  endfacet
  facet normal -0 0 1
    outer loop
      vertex -37.9124 43.2308 101
      vertex -35.0038 -45.6178 101
      vertex -35.0038 45.6178 101
    endloop
  endfacet
  facet normal 0 0 1
    outer loop
      vertex -37.9124 43.2308 101
      vertex -37.9124 -43.2308 101
      vertex -35.0038 -45.6178 101
    endloop
  endfacet
  facet normal -0 0 1
    outer loop
      vertex -40.6586 40.6586 101
      vertex -37.9124 -43.2308 101
      vertex -37.9124 43.2308 101
    endloop
  endfacet
  facet normal 0 0 1
    outer loop
      vertex -40.6586 40.6586 101
      vertex -40.6586 -40.6586 101
      vertex -37.9124 -43.2308 101
    endloop
  endfacet
  facet normal -0 0 1
    outer loop
      vertex -43.2308 37.9124 101
      vertex -40.6586 -40.6586 101
      vertex -40.6586 40.6586 101
    endloop
  endfacet
  facet normal 0 0 1
    outer loop
      vertex -43.2308 37.9124 101
      vertex -43.2308 -37.9124 101
      vertex -40.6586 -40.6586 101
    endloop
  endfacet
  facet normal -0 0 1
    outer loop
      vertex -45.6178 35.0038 101
      vertex -43.2308 -37.9124 101
      vertex -43.2308 37.9124 101
    endloop
  endfacet
  facet normal 0 0 1
    outer loop
      vertex -45.6178 35.0038 101
      vertex -45.6178 -35.0038 101
      vertex -43.2308 -37.9124 101
    endloop
  endfacet
  facet normal -0 0 1
    outer loop
      vertex -47.8095 31.9453 101
      vertex -45.6178 -35.0038 101
      vertex -45.6178 35.0038 101
    endloop
  endfacet
  facet normal 0 0 1
    outer loop
      vertex -47.8095 31.9453 101
      vertex -47.8095 -31.9453 101
      vertex -45.6178 -35.0038 101
    endloop
  endfacet
  facet normal -0 0 1
    outer loop
      vertex -49.7965 28.75 101
      vertex -47.8095 -31.9453 101
      vertex -47.8095 31.9453 101
    endloop
  endfacet
  facet normal 0 0 1
    outer loop
      vertex -49.7965 28.75 101
      vertex -49.7965 -28.75 101
      vertex -47.8095 -31.9453 101
    endloop
  endfacet
  facet normal -0 0 1
    outer loop
      vertex -51.5702 25.4316 101
      vertex -49.7965 -28.75 101
      vertex -49.7965 28.75 101
    endloop
  endfacet
  facet normal 0 0 1
    outer loop
      vertex -51.5702 25.4316 101
      vertex -51.5702 -25.4316 101
      vertex -49.7965 -28.75 101
    endloop
  endfacet
  facet normal -0 0 1
    outer loop
      vertex -53.1231 22.0043 101
      vertex -51.5702 -25.4316 101
      vertex -51.5702 25.4316 101
    endloop
  endfacet
  facet normal 0 0 1
    outer loop
      vertex -53.1231 22.0043 101
      vertex -53.1231 -22.0043 101
      vertex -51.5702 -25.4316 101
    endloop
  endfacet
  facet normal -0 0 1
    outer loop
      vertex -54.4485 18.4828 101
      vertex -53.1231 -22.0043 101
      vertex -53.1231 22.0043 101
    endloop
  endfacet
  facet normal 0 0 1
    outer loop
      vertex -54.4485 18.4828 101
      vertex -54.4485 -18.4828 101
      vertex -53.1231 -22.0043 101
    endloop
  endfacet
  facet normal -0 0 1
    outer loop
      vertex -55.5407 14.8821 101
      vertex -54.4485 -18.4828 101
      vertex -54.4485 18.4828 101
    endloop
  endfacet
  facet normal 0 0 1
    outer loop
      vertex -55.5407 14.8821 101
      vertex -55.5407 -14.8821 101
      vertex -54.4485 -18.4828 101
    endloop
  endfacet
  facet normal -0 0 1
    outer loop
      vertex -56.3952 11.2177 101
      vertex -55.5407 -14.8821 101
      vertex -55.5407 14.8821 101
    endloop
  endfacet
  facet normal 0 0 1
    outer loop
      vertex -56.3952 11.2177 101
      vertex -56.3952 -11.2177 101
      vertex -55.5407 -14.8821 101
    endloop
  endfacet
  facet normal -0 0 1
    outer loop
      vertex -57.0081 7.50526 101
      vertex -56.3952 -11.2177 101
      vertex -56.3952 11.2177 101
    endloop
  endfacet
  facet normal 0 0 1
    outer loop
      vertex -57.0081 7.50526 101
      vertex -57.0081 -7.50526 101
      vertex -56.3952 -11.2177 101
    endloop
  endfacet
  facet normal -0 0 1
    outer loop
      vertex -57.3769 3.76068 101
      vertex -57.0081 -7.50526 101
      vertex -57.0081 7.50526 101
    endloop
  endfacet
  facet normal 0 0 1
    outer loop
      vertex -57.3769 3.76068 101
      vertex -57.3769 -3.76068 101
      vertex -57.0081 -7.50526 101
    endloop
  endfacet
  facet normal 0 -0 1
    outer loop
      vertex -57.3769 -3.76068 101
      vertex -57.3769 3.76068 101
      vertex -57.5 0 101
    endloop
  endfacet
  facet normal 0.999465 0.0327125 0
    outer loop
      vertex 77.5 0 -71
      vertex 77.3341 5.06874 -95
      vertex 77.3341 5.06874 -71
    endloop
  endfacet
  facet normal 0.999465 0.0327125 0
    outer loop
      vertex 77.3341 5.06874 -95
      vertex 77.5 0 -71
      vertex 77.5 0 -95
    endloop
  endfacet
  facet normal -0.999465 0.0327125 0
    outer loop
      vertex -77.5 0 -95
      vertex -77.3341 5.06874 -71
      vertex -77.3341 5.06874 -95
    endloop
  endfacet
  facet normal -0.999465 0.0327125 0
    outer loop
      vertex -77.3341 5.06874 -71
      vertex -77.5 0 -95
      vertex -77.5 0 -71
    endloop
  endfacet
  facet normal 0.0327125 0.999465 -0
    outer loop
      vertex 5.06874 77.3341 -95
      vertex 0 77.5 -71
      vertex 5.06874 77.3341 -71
    endloop
  endfacet
  facet normal 0.0327125 0.999465 0
    outer loop
      vertex 0 77.5 -71
      vertex 5.06874 77.3341 -95
      vertex 0 77.5 -95
    endloop
  endfacet
  facet normal -0.0327125 -0.999465 0
    outer loop
      vertex -5.06874 -77.3341 -95
      vertex 0 -77.5 -71
      vertex -5.06874 -77.3341 -71
    endloop
  endfacet
  facet normal -0.0327125 -0.999465 -0
    outer loop
      vertex 0 -77.5 -71
      vertex -5.06874 -77.3341 -95
      vertex 0 -77.5 -95
    endloop
  endfacet
  facet normal 0.729867 0.683589 0
    outer loop
      vertex 58.2676 51.0993 -71
      vertex 54.8008 54.8008 -95
      vertex 54.8008 54.8008 -71
    endloop
  endfacet
  facet normal 0.729867 0.683589 0
    outer loop
      vertex 54.8008 54.8008 -95
      vertex 58.2676 51.0993 -71
      vertex 58.2676 51.0993 -95
    endloop
  endfacet
  facet normal -0.683589 0.729867 0
    outer loop
      vertex -51.0993 58.2676 -95
      vertex -54.8008 54.8008 -71
      vertex -51.0993 58.2676 -71
    endloop
  endfacet
  facet normal -0.683589 0.729867 0
    outer loop
      vertex -54.8008 54.8008 -71
      vertex -51.0993 58.2676 -95
      vertex -54.8008 54.8008 -95
    endloop
  endfacet
  facet normal -0.352247 0.935907 0
    outer loop
      vertex -24.9116 73.3871 -95
      vertex -29.658 71.6007 -71
      vertex -24.9116 73.3871 -71
    endloop
  endfacet
  facet normal -0.352247 0.935907 0
    outer loop
      vertex -29.658 71.6007 -71
      vertex -24.9116 73.3871 -95
      vertex -29.658 71.6007 -95
    endloop
  endfacet
  facet normal 0.910858 0.41272 0
    outer loop
      vertex 71.6007 29.658 -71
      vertex 69.5076 34.2774 -95
      vertex 69.5076 34.2774 -71
    endloop
  endfacet
  facet normal 0.910858 0.41272 0
    outer loop
      vertex 69.5076 34.2774 -95
      vertex 71.6007 29.658 -71
      vertex 71.6007 29.658 -95
    endloop
  endfacet
  facet normal -0.8492 0.528071 0
    outer loop
      vertex -67.117 38.75 -95
      vertex -64.4389 43.0567 -71
      vertex -64.4389 43.0567 -95
    endloop
  endfacet
  facet normal -0.8492 0.528071 0
    outer loop
      vertex -64.4389 43.0567 -71
      vertex -67.117 38.75 -95
      vertex -67.117 38.75 -71
    endloop
  endfacet
  facet normal -0.812847 0.582478 0
    outer loop
      vertex -64.4389 43.0567 -95
      vertex -61.4849 47.179 -71
      vertex -61.4849 47.179 -95
    endloop
  endfacet
  facet normal -0.812847 0.582478 0
    outer loop
      vertex -61.4849 47.179 -71
      vertex -64.4389 43.0567 -95
      vertex -64.4389 43.0567 -71
    endloop
  endfacet
  facet normal -0.634392 0.773011 0
    outer loop
      vertex -47.179 61.4849 -95
      vertex -51.0993 58.2676 -71
      vertex -47.179 61.4849 -71
    endloop
  endfacet
  facet normal -0.634392 0.773011 0
    outer loop
      vertex -51.0993 58.2676 -71
      vertex -47.179 61.4849 -95
      vertex -51.0993 58.2676 -95
    endloop
  endfacet
  facet normal -0.0980187 0.995185 0
    outer loop
      vertex -5.06874 77.3341 -95
      vertex -10.1158 76.837 -71
      vertex -5.06874 77.3341 -71
    endloop
  endfacet
  facet normal -0.0980187 0.995185 0
    outer loop
      vertex -10.1158 76.837 -71
      vertex -5.06874 77.3341 -95
      vertex -10.1158 76.837 -95
    endloop
  endfacet
  facet normal 0.881926 -0.471388 0
    outer loop
      vertex 67.117 -38.75 -71
      vertex 69.5076 -34.2774 -95
      vertex 69.5076 -34.2774 -71
    endloop
  endfacet
  facet normal 0.881926 -0.471388 0
    outer loop
      vertex 69.5076 -34.2774 -95
      vertex 67.117 -38.75 -71
      vertex 67.117 -38.75 -95
    endloop
  endfacet
  facet normal 0.227074 -0.973878 0
    outer loop
      vertex 15.1195 -76.0109 -95
      vertex 20.0585 -74.8593 -71
      vertex 15.1195 -76.0109 -71
    endloop
  endfacet
  facet normal 0.227074 -0.973878 0
    outer loop
      vertex 20.0585 -74.8593 -71
      vertex 15.1195 -76.0109 -95
      vertex 20.0585 -74.8593 -95
    endloop
  endfacet
  facet normal 0.634392 -0.773011 0
    outer loop
      vertex 47.179 -61.4849 -95
      vertex 51.0993 -58.2676 -71
      vertex 47.179 -61.4849 -71
    endloop
  endfacet
  facet normal 0.634392 -0.773011 0
    outer loop
      vertex 51.0993 -58.2676 -71
      vertex 47.179 -61.4849 -95
      vertex 51.0993 -58.2676 -95
    endloop
  endfacet
  facet normal 0.956939 -0.29029 0
    outer loop
      vertex 73.3871 -24.9116 -71
      vertex 74.8593 -20.0585 -95
      vertex 74.8593 -20.0585 -71
    endloop
  endfacet
  facet normal 0.956939 -0.29029 0
    outer loop
      vertex 74.8593 -20.0585 -95
      vertex 73.3871 -24.9116 -71
      vertex 73.3871 -24.9116 -95
    endloop
  endfacet
  facet normal -0.352247 -0.935907 0
    outer loop
      vertex -29.658 -71.6007 -95
      vertex -24.9116 -73.3871 -71
      vertex -29.658 -71.6007 -71
    endloop
  endfacet
  facet normal -0.352247 -0.935907 -0
    outer loop
      vertex -24.9116 -73.3871 -71
      vertex -29.658 -71.6007 -95
      vertex -24.9116 -73.3871 -95
    endloop
  endfacet
  facet normal -0.773011 -0.634392 0
    outer loop
      vertex -58.2676 -51.0993 -95
      vertex -61.4849 -47.179 -71
      vertex -61.4849 -47.179 -95
    endloop
  endfacet
  facet normal -0.773011 -0.634392 0
    outer loop
      vertex -61.4849 -47.179 -71
      vertex -58.2676 -51.0993 -95
      vertex -58.2676 -51.0993 -71
    endloop
  endfacet
  facet normal -0.812847 -0.582478 0
    outer loop
      vertex -61.4849 -47.179 -95
      vertex -64.4389 -43.0567 -71
      vertex -64.4389 -43.0567 -95
    endloop
  endfacet
  facet normal -0.812847 -0.582478 0
    outer loop
      vertex -64.4389 -43.0567 -71
      vertex -61.4849 -47.179 -95
      vertex -61.4849 -47.179 -71
    endloop
  endfacet
  facet normal 0 0 -1
    outer loop
      vertex 57.5 0 -95
      vertex 77.5 0 -95
      vertex 77.3341 -5.06874 -95
    endloop
  endfacet
  facet normal 0 0 -1
    outer loop
      vertex 57.3769 -3.76068 -95
      vertex 77.3341 -5.06874 -95
      vertex 76.837 -10.1158 -95
    endloop
  endfacet
  facet normal 0 0 -1
    outer loop
      vertex 77.5 0 -95
      vertex 57.5 0 -95
      vertex 77.3341 5.06874 -95
    endloop
  endfacet
  facet normal 0 0 -1
    outer loop
      vertex 57.0081 -7.50526 -95
      vertex 76.837 -10.1158 -95
      vertex 76.0109 -15.1195 -95
    endloop
  endfacet
  facet normal 0 0 -1
    outer loop
      vertex 57.3769 3.76068 -95
      vertex 77.3341 5.06874 -95
      vertex 57.5 0 -95
    endloop
  endfacet
  facet normal 0 0 -1
    outer loop
      vertex 56.3952 -11.2177 -95
      vertex 76.0109 -15.1195 -95
      vertex 74.8593 -20.0585 -95
    endloop
  endfacet
  facet normal -0 0 -1
    outer loop
      vertex 77.3341 5.06874 -95
      vertex 57.3769 3.76068 -95
      vertex 76.837 10.1158 -95
    endloop
  endfacet
  facet normal 0 0 -1
    outer loop
      vertex 55.5407 -14.8821 -95
      vertex 74.8593 -20.0585 -95
      vertex 73.3871 -24.9116 -95
    endloop
  endfacet
  facet normal 0 0 -1
    outer loop
      vertex 57.0081 7.50526 -95
      vertex 76.837 10.1158 -95
      vertex 57.3769 3.76068 -95
    endloop
  endfacet
  facet normal 0 0 -1
    outer loop
      vertex 54.4485 -18.4828 -95
      vertex 73.3871 -24.9116 -95
      vertex 71.6007 -29.658 -95
    endloop
  endfacet
  facet normal -0 0 -1
    outer loop
      vertex 76.837 10.1158 -95
      vertex 57.0081 7.50526 -95
      vertex 76.0109 15.1195 -95
    endloop
  endfacet
  facet normal 0 0 -1
    outer loop
      vertex 53.1231 -22.0043 -95
      vertex 71.6007 -29.658 -95
      vertex 69.5076 -34.2774 -95
    endloop
  endfacet
  facet normal 0 0 -1
    outer loop
      vertex 56.3952 11.2177 -95
      vertex 76.0109 15.1195 -95
      vertex 57.0081 7.50526 -95
    endloop
  endfacet
  facet normal 0 0 -1
    outer loop
      vertex 51.5702 -25.4316 -95
      vertex 69.5076 -34.2774 -95
      vertex 67.117 -38.75 -95
    endloop
  endfacet
  facet normal -0 0 -1
    outer loop
      vertex 76.0109 15.1195 -95
      vertex 56.3952 11.2177 -95
      vertex 74.8593 20.0585 -95
    endloop
  endfacet
  facet normal 0 0 -1
    outer loop
      vertex 49.7965 -28.75 -95
      vertex 67.117 -38.75 -95
      vertex 64.4389 -43.0567 -95
    endloop
  endfacet
  facet normal 0 0 -1
    outer loop
      vertex 55.5407 14.8821 -95
      vertex 74.8593 20.0585 -95
      vertex 56.3952 11.2177 -95
    endloop
  endfacet
  facet normal 0 0 -1
    outer loop
      vertex 47.8095 -31.9453 -95
      vertex 64.4389 -43.0567 -95
      vertex 61.4849 -47.179 -95
    endloop
  endfacet
  facet normal -0 0 -1
    outer loop
      vertex 74.8593 20.0585 -95
      vertex 55.5407 14.8821 -95
      vertex 73.3871 24.9116 -95
    endloop
  endfacet
  facet normal 0 0 -1
    outer loop
      vertex 45.6178 -35.0038 -95
      vertex 61.4849 -47.179 -95
      vertex 58.2676 -51.0993 -95
    endloop
  endfacet
  facet normal 0 0 -1
    outer loop
      vertex 54.4485 18.4828 -95
      vertex 73.3871 24.9116 -95
      vertex 55.5407 14.8821 -95
    endloop
  endfacet
  facet normal -0 0 -1
    outer loop
      vertex 73.3871 24.9116 -95
      vertex 54.4485 18.4828 -95
      vertex 71.6007 29.658 -95
    endloop
  endfacet
  facet normal 0 0 -1
    outer loop
      vertex 77.3341 -5.06874 -95
      vertex 57.3769 -3.76068 -95
      vertex 57.5 0 -95
    endloop
  endfacet
  facet normal 0 0 -1
    outer loop
      vertex 76.837 -10.1158 -95
      vertex 57.0081 -7.50526 -95
      vertex 57.3769 -3.76068 -95
    endloop
  endfacet
  facet normal 0 0 -1
    outer loop
      vertex 76.0109 -15.1195 -95
      vertex 56.3952 -11.2177 -95
      vertex 57.0081 -7.50526 -95
    endloop
  endfacet
  facet normal 0 0 -1
    outer loop
      vertex 74.8593 -20.0585 -95
      vertex 55.5407 -14.8821 -95
      vertex 56.3952 -11.2177 -95
    endloop
  endfacet
  facet normal 0 0 -1
    outer loop
      vertex 43.2308 -37.9124 -95
      vertex 58.2676 -51.0993 -95
      vertex 54.8008 -54.8008 -95
    endloop
  endfacet
  facet normal 0 0 -1
    outer loop
      vertex 73.3871 -24.9116 -95
      vertex 54.4485 -18.4828 -95
      vertex 55.5407 -14.8821 -95
    endloop
  endfacet
  facet normal 0 0 -1
    outer loop
      vertex 71.6007 -29.658 -95
      vertex 53.1231 -22.0043 -95
      vertex 54.4485 -18.4828 -95
    endloop
  endfacet
  facet normal 0 0 -1
    outer loop
      vertex 69.5076 -34.2774 -95
      vertex 51.5702 -25.4316 -95
      vertex 53.1231 -22.0043 -95
    endloop
  endfacet
  facet normal 0 0 -1
    outer loop
      vertex 40.6586 -40.6586 -95
      vertex 54.8008 -54.8008 -95
      vertex 51.0993 -58.2676 -95
    endloop
  endfacet
  facet normal 0 0 -1
    outer loop
      vertex 67.117 -38.75 -95
      vertex 49.7965 -28.75 -95
      vertex 51.5702 -25.4316 -95
    endloop
  endfacet
  facet normal 0 0 -1
    outer loop
      vertex 64.4389 -43.0567 -95
      vertex 47.8095 -31.9453 -95
      vertex 49.7965 -28.75 -95
    endloop
  endfacet
  facet normal 0 0 -1
    outer loop
      vertex 37.9124 -43.2308 -95
      vertex 51.0993 -58.2676 -95
      vertex 47.179 -61.4849 -95
    endloop
  endfacet
  facet normal 0 0 -1
    outer loop
      vertex 61.4849 -47.179 -95
      vertex 45.6178 -35.0038 -95
      vertex 47.8095 -31.9453 -95
    endloop
  endfacet
  facet normal 0 0 -1
    outer loop
      vertex 58.2676 -51.0993 -95
      vertex 43.2308 -37.9124 -95
      vertex 45.6178 -35.0038 -95
    endloop
  endfacet
  facet normal 0 0 -1
    outer loop
      vertex 35.0038 -45.6178 -95
      vertex 47.179 -61.4849 -95
      vertex 43.0567 -64.4389 -95
    endloop
  endfacet
  facet normal 0 0 -1
    outer loop
      vertex 54.8008 -54.8008 -95
      vertex 40.6586 -40.6586 -95
      vertex 43.2308 -37.9124 -95
    endloop
  endfacet
  facet normal 0 0 -1
    outer loop
      vertex 31.9453 -47.8095 -95
      vertex 43.0567 -64.4389 -95
      vertex 38.75 -67.117 -95
    endloop
  endfacet
  facet normal 0 0 -1
    outer loop
      vertex 51.0993 -58.2676 -95
      vertex 37.9124 -43.2308 -95
      vertex 40.6586 -40.6586 -95
    endloop
  endfacet
  facet normal 0 0 -1
    outer loop
      vertex 47.179 -61.4849 -95
      vertex 35.0038 -45.6178 -95
      vertex 37.9124 -43.2308 -95
    endloop
  endfacet
  facet normal 0 0 -1
    outer loop
      vertex 28.75 -49.7965 -95
      vertex 38.75 -67.117 -95
      vertex 34.2774 -69.5076 -95
    endloop
  endfacet
  facet normal 0 0 -1
    outer loop
      vertex 43.0567 -64.4389 -95
      vertex 31.9453 -47.8095 -95
      vertex 35.0038 -45.6178 -95
    endloop
  endfacet
  facet normal 0 0 -1
    outer loop
      vertex 25.4316 -51.5702 -95
      vertex 34.2774 -69.5076 -95
      vertex 29.658 -71.6007 -95
    endloop
  endfacet
  facet normal 0 0 -1
    outer loop
      vertex 38.75 -67.117 -95
      vertex 28.75 -49.7965 -95
      vertex 31.9453 -47.8095 -95
    endloop
  endfacet
  facet normal 0 0 -1
    outer loop
      vertex 34.2774 -69.5076 -95
      vertex 25.4316 -51.5702 -95
      vertex 28.75 -49.7965 -95
    endloop
  endfacet
  facet normal 0 0 -1
    outer loop
      vertex 22.0043 -53.1231 -95
      vertex 29.658 -71.6007 -95
      vertex 24.9116 -73.3871 -95
    endloop
  endfacet
  facet normal 0 0 -1
    outer loop
      vertex 29.658 -71.6007 -95
      vertex 22.0043 -53.1231 -95
      vertex 25.4316 -51.5702 -95
    endloop
  endfacet
  facet normal 0 0 -1
    outer loop
      vertex 18.4828 -54.4485 -95
      vertex 24.9116 -73.3871 -95
      vertex 20.0585 -74.8593 -95
    endloop
  endfacet
  facet normal 0 0 -1
    outer loop
      vertex 24.9116 -73.3871 -95
      vertex 18.4828 -54.4485 -95
      vertex 22.0043 -53.1231 -95
    endloop
  endfacet
  facet normal 0 0 -1
    outer loop
      vertex 14.8821 -55.5407 -95
      vertex 20.0585 -74.8593 -95
      vertex 15.1195 -76.0109 -95
    endloop
  endfacet
  facet normal 0 0 -1
    outer loop
      vertex 20.0585 -74.8593 -95
      vertex 14.8821 -55.5407 -95
      vertex 18.4828 -54.4485 -95
    endloop
  endfacet
  facet normal 0 0 -1
    outer loop
      vertex 15.1195 -76.0109 -95
      vertex 11.2177 -56.3952 -95
      vertex 14.8821 -55.5407 -95
    endloop
  endfacet
  facet normal 0 0 -1
    outer loop
      vertex 10.1158 -76.837 -95
      vertex 11.2177 -56.3952 -95
      vertex 15.1195 -76.0109 -95
    endloop
  endfacet
  facet normal 0 0 -1
    outer loop
      vertex 10.1158 -76.837 -95
      vertex 7.50526 -57.0081 -95
      vertex 11.2177 -56.3952 -95
    endloop
  endfacet
  facet normal 0 0 -1
    outer loop
      vertex 5.06874 -77.3341 -95
      vertex 7.50526 -57.0081 -95
      vertex 10.1158 -76.837 -95
    endloop
  endfacet
  facet normal 0 0 -1
    outer loop
      vertex 5.06874 -77.3341 -95
      vertex 3.76068 -57.3769 -95
      vertex 7.50526 -57.0081 -95
    endloop
  endfacet
  facet normal 0 0 -1
    outer loop
      vertex 0 -77.5 -95
      vertex 3.76068 -57.3769 -95
      vertex 5.06874 -77.3341 -95
    endloop
  endfacet
  facet normal 0 0 -1
    outer loop
      vertex 0 -77.5 -95
      vertex 0 -57.5 -95
      vertex 3.76068 -57.3769 -95
    endloop
  endfacet
  facet normal 0 0 -1
    outer loop
      vertex 0 -77.5 -95
      vertex -3.76068 -57.3769 -95
      vertex 0 -57.5 -95
    endloop
  endfacet
  facet normal 0 0 -1
    outer loop
      vertex -5.06874 -77.3341 -95
      vertex -3.76068 -57.3769 -95
      vertex 0 -77.5 -95
    endloop
  endfacet
  facet normal 0 0 -1
    outer loop
      vertex -5.06874 -77.3341 -95
      vertex -7.50526 -57.0081 -95
      vertex -3.76068 -57.3769 -95
    endloop
  endfacet
  facet normal 0 0 -1
    outer loop
      vertex -10.1158 -76.837 -95
      vertex -7.50526 -57.0081 -95
      vertex -5.06874 -77.3341 -95
    endloop
  endfacet
  facet normal 0 0 -1
    outer loop
      vertex -10.1158 -76.837 -95
      vertex -11.2177 -56.3952 -95
      vertex -7.50526 -57.0081 -95
    endloop
  endfacet
  facet normal 0 0 -1
    outer loop
      vertex -15.1195 -76.0109 -95
      vertex -11.2177 -56.3952 -95
      vertex -10.1158 -76.837 -95
    endloop
  endfacet
  facet normal -0 0 -1
    outer loop
      vertex -11.2177 -56.3952 -95
      vertex -15.1195 -76.0109 -95
      vertex -14.8821 -55.5407 -95
    endloop
  endfacet
  facet normal 0 0 -1
    outer loop
      vertex -20.0585 -74.8593 -95
      vertex -14.8821 -55.5407 -95
      vertex -15.1195 -76.0109 -95
    endloop
  endfacet
  facet normal -0 0 -1
    outer loop
      vertex -14.8821 -55.5407 -95
      vertex -20.0585 -74.8593 -95
      vertex -18.4828 -54.4485 -95
    endloop
  endfacet
  facet normal 0 0 -1
    outer loop
      vertex -24.9116 -73.3871 -95
      vertex -18.4828 -54.4485 -95
      vertex -20.0585 -74.8593 -95
    endloop
  endfacet
  facet normal -0 0 -1
    outer loop
      vertex -18.4828 -54.4485 -95
      vertex -24.9116 -73.3871 -95
      vertex -22.0043 -53.1231 -95
    endloop
  endfacet
  facet normal 0 0 -1
    outer loop
      vertex -29.658 -71.6007 -95
      vertex -22.0043 -53.1231 -95
      vertex -24.9116 -73.3871 -95
    endloop
  endfacet
  facet normal -0 0 -1
    outer loop
      vertex -22.0043 -53.1231 -95
      vertex -29.658 -71.6007 -95
      vertex -25.4316 -51.5702 -95
    endloop
  endfacet
  facet normal 0 0 -1
    outer loop
      vertex -34.2774 -69.5076 -95
      vertex -25.4316 -51.5702 -95
      vertex -29.658 -71.6007 -95
    endloop
  endfacet
  facet normal -0 0 -1
    outer loop
      vertex -25.4316 -51.5702 -95
      vertex -34.2774 -69.5076 -95
      vertex -28.75 -49.7965 -95
    endloop
  endfacet
  facet normal 0 0 -1
    outer loop
      vertex -38.75 -67.117 -95
      vertex -28.75 -49.7965 -95
      vertex -34.2774 -69.5076 -95
    endloop
  endfacet
  facet normal -0 0 -1
    outer loop
      vertex -28.75 -49.7965 -95
      vertex -38.75 -67.117 -95
      vertex -31.9453 -47.8095 -95
    endloop
  endfacet
  facet normal 0 0 -1
    outer loop
      vertex -43.0567 -64.4389 -95
      vertex -31.9453 -47.8095 -95
      vertex -38.75 -67.117 -95
    endloop
  endfacet
  facet normal -0 0 -1
    outer loop
      vertex -31.9453 -47.8095 -95
      vertex -43.0567 -64.4389 -95
      vertex -35.0038 -45.6178 -95
    endloop
  endfacet
  facet normal 0 0 -1
    outer loop
      vertex -47.179 -61.4849 -95
      vertex -35.0038 -45.6178 -95
      vertex -43.0567 -64.4389 -95
    endloop
  endfacet
  facet normal -0 0 -1
    outer loop
      vertex -35.0038 -45.6178 -95
      vertex -47.179 -61.4849 -95
      vertex -37.9124 -43.2308 -95
    endloop
  endfacet
  facet normal 0 0 -1
    outer loop
      vertex -51.0993 -58.2676 -95
      vertex -37.9124 -43.2308 -95
      vertex -47.179 -61.4849 -95
    endloop
  endfacet
  facet normal -0 0 -1
    outer loop
      vertex -37.9124 -43.2308 -95
      vertex -51.0993 -58.2676 -95
      vertex -40.6586 -40.6586 -95
    endloop
  endfacet
  facet normal 0 0 -1
    outer loop
      vertex -54.8008 -54.8008 -95
      vertex -40.6586 -40.6586 -95
      vertex -51.0993 -58.2676 -95
    endloop
  endfacet
  facet normal -0 0 -1
    outer loop
      vertex -40.6586 -40.6586 -95
      vertex -54.8008 -54.8008 -95
      vertex -43.2308 -37.9124 -95
    endloop
  endfacet
  facet normal 0 0 -1
    outer loop
      vertex -58.2676 -51.0993 -95
      vertex -43.2308 -37.9124 -95
      vertex -54.8008 -54.8008 -95
    endloop
  endfacet
  facet normal -0 0 -1
    outer loop
      vertex -43.2308 -37.9124 -95
      vertex -58.2676 -51.0993 -95
      vertex -45.6178 -35.0038 -95
    endloop
  endfacet
  facet normal 0 0 -1
    outer loop
      vertex -61.4849 -47.179 -95
      vertex -45.6178 -35.0038 -95
      vertex -58.2676 -51.0993 -95
    endloop
  endfacet
  facet normal -0 0 -1
    outer loop
      vertex -45.6178 -35.0038 -95
      vertex -61.4849 -47.179 -95
      vertex -47.8095 -31.9453 -95
    endloop
  endfacet
  facet normal 0 0 -1
    outer loop
      vertex -64.4389 -43.0567 -95
      vertex -47.8095 -31.9453 -95
      vertex -61.4849 -47.179 -95
    endloop
  endfacet
  facet normal -0 0 -1
    outer loop
      vertex -47.8095 -31.9453 -95
      vertex -64.4389 -43.0567 -95
      vertex -49.7965 -28.75 -95
    endloop
  endfacet
  facet normal 0 0 -1
    outer loop
      vertex -67.117 -38.75 -95
      vertex -49.7965 -28.75 -95
      vertex -64.4389 -43.0567 -95
    endloop
  endfacet
  facet normal -0 0 -1
    outer loop
      vertex -49.7965 -28.75 -95
      vertex -67.117 -38.75 -95
      vertex -51.5702 -25.4316 -95
    endloop
  endfacet
  facet normal 0 0 -1
    outer loop
      vertex -69.5076 -34.2774 -95
      vertex -51.5702 -25.4316 -95
      vertex -67.117 -38.75 -95
    endloop
  endfacet
  facet normal -0 0 -1
    outer loop
      vertex -51.5702 -25.4316 -95
      vertex -69.5076 -34.2774 -95
      vertex -53.1231 -22.0043 -95
    endloop
  endfacet
  facet normal -0 0 -1
    outer loop
      vertex -53.1231 -22.0043 -95
      vertex -71.6007 -29.658 -95
      vertex -54.4485 -18.4828 -95
    endloop
  endfacet
  facet normal 0 0 -1
    outer loop
      vertex -71.6007 -29.658 -95
      vertex -53.1231 -22.0043 -95
      vertex -69.5076 -34.2774 -95
    endloop
  endfacet
  facet normal 0 0 -1
    outer loop
      vertex 53.1231 22.0043 -95
      vertex 71.6007 29.658 -95
      vertex 54.4485 18.4828 -95
    endloop
  endfacet
  facet normal -0 0 -1
    outer loop
      vertex 71.6007 29.658 -95
      vertex 53.1231 22.0043 -95
      vertex 69.5076 34.2774 -95
    endloop
  endfacet
  facet normal 0 0 -1
    outer loop
      vertex 51.5702 25.4316 -95
      vertex 69.5076 34.2774 -95
      vertex 53.1231 22.0043 -95
    endloop
  endfacet
  facet normal -0 0 -1
    outer loop
      vertex 69.5076 34.2774 -95
      vertex 51.5702 25.4316 -95
      vertex 67.117 38.75 -95
    endloop
  endfacet
  facet normal 0 0 -1
    outer loop
      vertex 49.7965 28.75 -95
      vertex 67.117 38.75 -95
      vertex 51.5702 25.4316 -95
    endloop
  endfacet
  facet normal -0 0 -1
    outer loop
      vertex 67.117 38.75 -95
      vertex 49.7965 28.75 -95
      vertex 64.4389 43.0567 -95
    endloop
  endfacet
  facet normal 0 0 -1
    outer loop
      vertex 47.8095 31.9453 -95
      vertex 64.4389 43.0567 -95
      vertex 49.7965 28.75 -95
    endloop
  endfacet
  facet normal -0 0 -1
    outer loop
      vertex 64.4389 43.0567 -95
      vertex 47.8095 31.9453 -95
      vertex 61.4849 47.179 -95
    endloop
  endfacet
  facet normal 0 0 -1
    outer loop
      vertex 45.6178 35.0038 -95
      vertex 61.4849 47.179 -95
      vertex 47.8095 31.9453 -95
    endloop
  endfacet
  facet normal -0 0 -1
    outer loop
      vertex 61.4849 47.179 -95
      vertex 45.6178 35.0038 -95
      vertex 58.2676 51.0993 -95
    endloop
  endfacet
  facet normal 0 0 -1
    outer loop
      vertex 43.2308 37.9124 -95
      vertex 58.2676 51.0993 -95
      vertex 45.6178 35.0038 -95
    endloop
  endfacet
  facet normal -0 0 -1
    outer loop
      vertex 58.2676 51.0993 -95
      vertex 43.2308 37.9124 -95
      vertex 54.8008 54.8008 -95
    endloop
  endfacet
  facet normal 0 0 -1
    outer loop
      vertex 40.6586 40.6586 -95
      vertex 54.8008 54.8008 -95
      vertex 43.2308 37.9124 -95
    endloop
  endfacet
  facet normal -0 0 -1
    outer loop
      vertex 54.8008 54.8008 -95
      vertex 40.6586 40.6586 -95
      vertex 51.0993 58.2676 -95
    endloop
  endfacet
  facet normal 0 0 -1
    outer loop
      vertex 37.9124 43.2308 -95
      vertex 51.0993 58.2676 -95
      vertex 40.6586 40.6586 -95
    endloop
  endfacet
  facet normal -0 0 -1
    outer loop
      vertex 51.0993 58.2676 -95
      vertex 37.9124 43.2308 -95
      vertex 47.179 61.4849 -95
    endloop
  endfacet
  facet normal 0 0 -1
    outer loop
      vertex 35.0038 45.6178 -95
      vertex 47.179 61.4849 -95
      vertex 37.9124 43.2308 -95
    endloop
  endfacet
  facet normal -0 0 -1
    outer loop
      vertex 47.179 61.4849 -95
      vertex 35.0038 45.6178 -95
      vertex 43.0567 64.4389 -95
    endloop
  endfacet
  facet normal 0 0 -1
    outer loop
      vertex 31.9453 47.8095 -95
      vertex 43.0567 64.4389 -95
      vertex 35.0038 45.6178 -95
    endloop
  endfacet
  facet normal -0 0 -1
    outer loop
      vertex 43.0567 64.4389 -95
      vertex 31.9453 47.8095 -95
      vertex 38.75 67.117 -95
    endloop
  endfacet
  facet normal 0 0 -1
    outer loop
      vertex 28.75 49.7965 -95
      vertex 38.75 67.117 -95
      vertex 31.9453 47.8095 -95
    endloop
  endfacet
  facet normal -0 0 -1
    outer loop
      vertex 38.75 67.117 -95
      vertex 28.75 49.7965 -95
      vertex 34.2774 69.5076 -95
    endloop
  endfacet
  facet normal 0 0 -1
    outer loop
      vertex 25.4316 51.5702 -95
      vertex 34.2774 69.5076 -95
      vertex 28.75 49.7965 -95
    endloop
  endfacet
  facet normal -0 0 -1
    outer loop
      vertex 34.2774 69.5076 -95
      vertex 25.4316 51.5702 -95
      vertex 29.658 71.6007 -95
    endloop
  endfacet
  facet normal 0 0 -1
    outer loop
      vertex 22.0043 53.1231 -95
      vertex 29.658 71.6007 -95
      vertex 25.4316 51.5702 -95
    endloop
  endfacet
  facet normal -0 0 -1
    outer loop
      vertex 29.658 71.6007 -95
      vertex 22.0043 53.1231 -95
      vertex 24.9116 73.3871 -95
    endloop
  endfacet
  facet normal 0 0 -1
    outer loop
      vertex 18.4828 54.4485 -95
      vertex 24.9116 73.3871 -95
      vertex 22.0043 53.1231 -95
    endloop
  endfacet
  facet normal -0 0 -1
    outer loop
      vertex 24.9116 73.3871 -95
      vertex 18.4828 54.4485 -95
      vertex 20.0585 74.8593 -95
    endloop
  endfacet
  facet normal 0 0 -1
    outer loop
      vertex 14.8821 55.5407 -95
      vertex 20.0585 74.8593 -95
      vertex 18.4828 54.4485 -95
    endloop
  endfacet
  facet normal -0 0 -1
    outer loop
      vertex 20.0585 74.8593 -95
      vertex 14.8821 55.5407 -95
      vertex 15.1195 76.0109 -95
    endloop
  endfacet
  facet normal 0 0 -1
    outer loop
      vertex 11.2177 56.3952 -95
      vertex 15.1195 76.0109 -95
      vertex 14.8821 55.5407 -95
    endloop
  endfacet
  facet normal 0 0 -1
    outer loop
      vertex 11.2177 56.3952 -95
      vertex 10.1158 76.837 -95
      vertex 15.1195 76.0109 -95
    endloop
  endfacet
  facet normal 0 0 -1
    outer loop
      vertex 7.50526 57.0081 -95
      vertex 10.1158 76.837 -95
      vertex 11.2177 56.3952 -95
    endloop
  endfacet
  facet normal 0 0 -1
    outer loop
      vertex 7.50526 57.0081 -95
      vertex 5.06874 77.3341 -95
      vertex 10.1158 76.837 -95
    endloop
  endfacet
  facet normal 0 0 -1
    outer loop
      vertex 3.76068 57.3769 -95
      vertex 5.06874 77.3341 -95
      vertex 7.50526 57.0081 -95
    endloop
  endfacet
  facet normal 0 0 -1
    outer loop
      vertex 0 57.5 -95
      vertex 5.06874 77.3341 -95
      vertex 3.76068 57.3769 -95
    endloop
  endfacet
  facet normal 0 0 -1
    outer loop
      vertex 0 57.5 -95
      vertex 0 77.5 -95
      vertex 5.06874 77.3341 -95
    endloop
  endfacet
  facet normal 0 0 -1
    outer loop
      vertex -3.76068 57.3769 -95
      vertex 0 77.5 -95
      vertex 0 57.5 -95
    endloop
  endfacet
  facet normal 0 0 -1
    outer loop
      vertex -3.76068 57.3769 -95
      vertex -5.06874 77.3341 -95
      vertex 0 77.5 -95
    endloop
  endfacet
  facet normal 0 0 -1
    outer loop
      vertex -7.50526 57.0081 -95
      vertex -5.06874 77.3341 -95
      vertex -3.76068 57.3769 -95
    endloop
  endfacet
  facet normal 0 0 -1
    outer loop
      vertex -7.50526 57.0081 -95
      vertex -10.1158 76.837 -95
      vertex -5.06874 77.3341 -95
    endloop
  endfacet
  facet normal 0 0 -1
    outer loop
      vertex -11.2177 56.3952 -95
      vertex -10.1158 76.837 -95
      vertex -7.50526 57.0081 -95
    endloop
  endfacet
  facet normal 0 0 -1
    outer loop
      vertex -15.1195 76.0109 -95
      vertex -11.2177 56.3952 -95
      vertex -14.8821 55.5407 -95
    endloop
  endfacet
  facet normal 0 0 -1
    outer loop
      vertex -11.2177 56.3952 -95
      vertex -15.1195 76.0109 -95
      vertex -10.1158 76.837 -95
    endloop
  endfacet
  facet normal 0 0 -1
    outer loop
      vertex -20.0585 74.8593 -95
      vertex -14.8821 55.5407 -95
      vertex -18.4828 54.4485 -95
    endloop
  endfacet
  facet normal 0 0 -1
    outer loop
      vertex -14.8821 55.5407 -95
      vertex -20.0585 74.8593 -95
      vertex -15.1195 76.0109 -95
    endloop
  endfacet
  facet normal 0 0 -1
    outer loop
      vertex -24.9116 73.3871 -95
      vertex -18.4828 54.4485 -95
      vertex -22.0043 53.1231 -95
    endloop
  endfacet
  facet normal 0 0 -1
    outer loop
      vertex -18.4828 54.4485 -95
      vertex -24.9116 73.3871 -95
      vertex -20.0585 74.8593 -95
    endloop
  endfacet
  facet normal 0 0 -1
    outer loop
      vertex -29.658 71.6007 -95
      vertex -22.0043 53.1231 -95
      vertex -25.4316 51.5702 -95
    endloop
  endfacet
  facet normal 0 0 -1
    outer loop
      vertex -34.2774 69.5076 -95
      vertex -25.4316 51.5702 -95
      vertex -28.75 49.7965 -95
    endloop
  endfacet
  facet normal 0 0 -1
    outer loop
      vertex -22.0043 53.1231 -95
      vertex -29.658 71.6007 -95
      vertex -24.9116 73.3871 -95
    endloop
  endfacet
  facet normal 0 0 -1
    outer loop
      vertex -38.75 67.117 -95
      vertex -28.75 49.7965 -95
      vertex -31.9453 47.8095 -95
    endloop
  endfacet
  facet normal 0 0 -1
    outer loop
      vertex -25.4316 51.5702 -95
      vertex -34.2774 69.5076 -95
      vertex -29.658 71.6007 -95
    endloop
  endfacet
  facet normal 0 0 -1
    outer loop
      vertex -43.0567 64.4389 -95
      vertex -31.9453 47.8095 -95
      vertex -35.0038 45.6178 -95
    endloop
  endfacet
  facet normal 0 0 -1
    outer loop
      vertex -47.179 61.4849 -95
      vertex -35.0038 45.6178 -95
      vertex -37.9124 43.2308 -95
    endloop
  endfacet
  facet normal 0 0 -1
    outer loop
      vertex -28.75 49.7965 -95
      vertex -38.75 67.117 -95
      vertex -34.2774 69.5076 -95
    endloop
  endfacet
  facet normal 0 0 -1
    outer loop
      vertex -51.0993 58.2676 -95
      vertex -37.9124 43.2308 -95
      vertex -40.6586 40.6586 -95
    endloop
  endfacet
  facet normal 0 0 -1
    outer loop
      vertex -31.9453 47.8095 -95
      vertex -43.0567 64.4389 -95
      vertex -38.75 67.117 -95
    endloop
  endfacet
  facet normal 0 0 -1
    outer loop
      vertex -54.8008 54.8008 -95
      vertex -40.6586 40.6586 -95
      vertex -43.2308 37.9124 -95
    endloop
  endfacet
  facet normal 0 0 -1
    outer loop
      vertex -58.2676 51.0993 -95
      vertex -43.2308 37.9124 -95
      vertex -45.6178 35.0038 -95
    endloop
  endfacet
  facet normal 0 0 -1
    outer loop
      vertex -35.0038 45.6178 -95
      vertex -47.179 61.4849 -95
      vertex -43.0567 64.4389 -95
    endloop
  endfacet
  facet normal 0 0 -1
    outer loop
      vertex -61.4849 47.179 -95
      vertex -45.6178 35.0038 -95
      vertex -47.8095 31.9453 -95
    endloop
  endfacet
  facet normal 0 0 -1
    outer loop
      vertex -64.4389 43.0567 -95
      vertex -47.8095 31.9453 -95
      vertex -49.7965 28.75 -95
    endloop
  endfacet
  facet normal 0 0 -1
    outer loop
      vertex -37.9124 43.2308 -95
      vertex -51.0993 58.2676 -95
      vertex -47.179 61.4849 -95
    endloop
  endfacet
  facet normal 0 0 -1
    outer loop
      vertex -67.117 38.75 -95
      vertex -49.7965 28.75 -95
      vertex -51.5702 25.4316 -95
    endloop
  endfacet
  facet normal 0 0 -1
    outer loop
      vertex -69.5076 34.2774 -95
      vertex -51.5702 25.4316 -95
      vertex -53.1231 22.0043 -95
    endloop
  endfacet
  facet normal 0 0 -1
    outer loop
      vertex -71.6007 29.658 -95
      vertex -53.1231 22.0043 -95
      vertex -54.4485 18.4828 -95
    endloop
  endfacet
  facet normal 0 0 -1
    outer loop
      vertex -40.6586 40.6586 -95
      vertex -54.8008 54.8008 -95
      vertex -51.0993 58.2676 -95
    endloop
  endfacet
  facet normal 0 0 -1
    outer loop
      vertex -73.3871 24.9116 -95
      vertex -54.4485 18.4828 -95
      vertex -55.5407 14.8821 -95
    endloop
  endfacet
  facet normal 0 0 -1
    outer loop
      vertex -74.8593 20.0585 -95
      vertex -55.5407 14.8821 -95
      vertex -56.3952 11.2177 -95
    endloop
  endfacet
  facet normal 0 0 -1
    outer loop
      vertex -76.0109 15.1195 -95
      vertex -56.3952 11.2177 -95
      vertex -57.0081 7.50526 -95
    endloop
  endfacet
  facet normal 0 0 -1
    outer loop
      vertex -76.837 10.1158 -95
      vertex -57.0081 7.50526 -95
      vertex -57.3769 3.76068 -95
    endloop
  endfacet
  facet normal 0 0 -1
    outer loop
      vertex -43.2308 37.9124 -95
      vertex -58.2676 51.0993 -95
      vertex -54.8008 54.8008 -95
    endloop
  endfacet
  facet normal 0 0 -1
    outer loop
      vertex -77.3341 5.06874 -95
      vertex -57.3769 3.76068 -95
      vertex -57.5 0 -95
    endloop
  endfacet
  facet normal 0 0 -1
    outer loop
      vertex -73.3871 -24.9116 -95
      vertex -54.4485 -18.4828 -95
      vertex -71.6007 -29.658 -95
    endloop
  endfacet
  facet normal -0 0 -1
    outer loop
      vertex -54.4485 -18.4828 -95
      vertex -73.3871 -24.9116 -95
      vertex -55.5407 -14.8821 -95
    endloop
  endfacet
  facet normal 0 0 -1
    outer loop
      vertex -45.6178 35.0038 -95
      vertex -61.4849 47.179 -95
      vertex -58.2676 51.0993 -95
    endloop
  endfacet
  facet normal 0 0 -1
    outer loop
      vertex -74.8593 -20.0585 -95
      vertex -55.5407 -14.8821 -95
      vertex -73.3871 -24.9116 -95
    endloop
  endfacet
  facet normal 0 0 -1
    outer loop
      vertex -47.8095 31.9453 -95
      vertex -64.4389 43.0567 -95
      vertex -61.4849 47.179 -95
    endloop
  endfacet
  facet normal -0 0 -1
    outer loop
      vertex -55.5407 -14.8821 -95
      vertex -74.8593 -20.0585 -95
      vertex -56.3952 -11.2177 -95
    endloop
  endfacet
  facet normal 0 0 -1
    outer loop
      vertex -49.7965 28.75 -95
      vertex -67.117 38.75 -95
      vertex -64.4389 43.0567 -95
    endloop
  endfacet
  facet normal 0 0 -1
    outer loop
      vertex -76.0109 -15.1195 -95
      vertex -56.3952 -11.2177 -95
      vertex -74.8593 -20.0585 -95
    endloop
  endfacet
  facet normal 0 0 -1
    outer loop
      vertex -51.5702 25.4316 -95
      vertex -69.5076 34.2774 -95
      vertex -67.117 38.75 -95
    endloop
  endfacet
  facet normal -0 0 -1
    outer loop
      vertex -56.3952 -11.2177 -95
      vertex -76.0109 -15.1195 -95
      vertex -57.0081 -7.50526 -95
    endloop
  endfacet
  facet normal 0 0 -1
    outer loop
      vertex -53.1231 22.0043 -95
      vertex -71.6007 29.658 -95
      vertex -69.5076 34.2774 -95
    endloop
  endfacet
  facet normal 0 0 -1
    outer loop
      vertex -76.837 -10.1158 -95
      vertex -57.0081 -7.50526 -95
      vertex -76.0109 -15.1195 -95
    endloop
  endfacet
  facet normal 0 0 -1
    outer loop
      vertex -54.4485 18.4828 -95
      vertex -73.3871 24.9116 -95
      vertex -71.6007 29.658 -95
    endloop
  endfacet
  facet normal -0 0 -1
    outer loop
      vertex -57.0081 -7.50526 -95
      vertex -76.837 -10.1158 -95
      vertex -57.3769 -3.76068 -95
    endloop
  endfacet
  facet normal 0 0 -1
    outer loop
      vertex -55.5407 14.8821 -95
      vertex -74.8593 20.0585 -95
      vertex -73.3871 24.9116 -95
    endloop
  endfacet
  facet normal 0 0 -1
    outer loop
      vertex -77.3341 -5.06874 -95
      vertex -57.3769 -3.76068 -95
      vertex -76.837 -10.1158 -95
    endloop
  endfacet
  facet normal 0 0 -1
    outer loop
      vertex -56.3952 11.2177 -95
      vertex -76.0109 15.1195 -95
      vertex -74.8593 20.0585 -95
    endloop
  endfacet
  facet normal -0 0 -1
    outer loop
      vertex -57.3769 -3.76068 -95
      vertex -77.3341 -5.06874 -95
      vertex -57.5 0 -95
    endloop
  endfacet
  facet normal 0 0 -1
    outer loop
      vertex -57.0081 7.50526 -95
      vertex -76.837 10.1158 -95
      vertex -76.0109 15.1195 -95
    endloop
  endfacet
  facet normal 0 0 -1
    outer loop
      vertex -77.5 0 -95
      vertex -57.5 0 -95
      vertex -77.3341 -5.06874 -95
    endloop
  endfacet
  facet normal 0 0 -1
    outer loop
      vertex -57.3769 3.76068 -95
      vertex -77.3341 5.06874 -95
      vertex -76.837 10.1158 -95
    endloop
  endfacet
  facet normal 0 0 -1
    outer loop
      vertex -57.5 0 -95
      vertex -77.5 0 -95
      vertex -77.3341 5.06874 -95
    endloop
  endfacet
  facet normal 0.995185 0.0980187 0
    outer loop
      vertex 77.3341 5.06874 -71
      vertex 76.837 10.1158 -95
      vertex 76.837 10.1158 -71
    endloop
  endfacet
  facet normal 0.995185 0.0980187 0
    outer loop
      vertex 76.837 10.1158 -95
      vertex 77.3341 5.06874 -71
      vertex 77.3341 5.06874 -95
    endloop
  endfacet
  facet normal 0.956939 0.29029 0
    outer loop
      vertex 74.8593 20.0585 -71
      vertex 73.3871 24.9116 -95
      vertex 73.3871 24.9116 -71
    endloop
  endfacet
  facet normal 0.956939 0.29029 0
    outer loop
      vertex 73.3871 24.9116 -95
      vertex 74.8593 20.0585 -71
      vertex 74.8593 20.0585 -95
    endloop
  endfacet
  facet normal 0.773011 0.634392 0
    outer loop
      vertex 61.4849 47.179 -71
      vertex 58.2676 51.0993 -95
      vertex 58.2676 51.0993 -71
    endloop
  endfacet
  facet normal 0.773011 0.634392 0
    outer loop
      vertex 58.2676 51.0993 -95
      vertex 61.4849 47.179 -71
      vertex 61.4849 47.179 -95
    endloop
  endfacet
  facet normal 0.881926 0.471388 0
    outer loop
      vertex 69.5076 34.2774 -71
      vertex 67.117 38.75 -95
      vertex 67.117 38.75 -71
    endloop
  endfacet
  facet normal 0.881926 0.471388 0
    outer loop
      vertex 67.117 38.75 -95
      vertex 69.5076 34.2774 -71
      vertex 69.5076 34.2774 -95
    endloop
  endfacet
  facet normal 0.227074 0.973878 -0
    outer loop
      vertex 20.0585 74.8593 -95
      vertex 15.1195 76.0109 -71
      vertex 20.0585 74.8593 -71
    endloop
  endfacet
  facet normal 0.227074 0.973878 0
    outer loop
      vertex 15.1195 76.0109 -71
      vertex 20.0585 74.8593 -95
      vertex 15.1195 76.0109 -95
    endloop
  endfacet
  facet normal 0.352247 0.935907 -0
    outer loop
      vertex 29.658 71.6007 -95
      vertex 24.9116 73.3871 -71
      vertex 29.658 71.6007 -71
    endloop
  endfacet
  facet normal 0.352247 0.935907 0
    outer loop
      vertex 24.9116 73.3871 -71
      vertex 29.658 71.6007 -95
      vertex 24.9116 73.3871 -95
    endloop
  endfacet
  facet normal 0.582478 0.812847 -0
    outer loop
      vertex 47.179 61.4849 -95
      vertex 43.0567 64.4389 -71
      vertex 47.179 61.4849 -71
    endloop
  endfacet
  facet normal 0.582478 0.812847 0
    outer loop
      vertex 43.0567 64.4389 -71
      vertex 47.179 61.4849 -95
      vertex 43.0567 64.4389 -95
    endloop
  endfacet
  facet normal 0.528071 0.8492 -0
    outer loop
      vertex 43.0567 64.4389 -95
      vertex 38.75 67.117 -71
      vertex 43.0567 64.4389 -71
    endloop
  endfacet
  facet normal 0.528071 0.8492 0
    outer loop
      vertex 38.75 67.117 -71
      vertex 43.0567 64.4389 -95
      vertex 38.75 67.117 -95
    endloop
  endfacet
  facet normal -0.973878 0.227074 0
    outer loop
      vertex -76.0109 15.1195 -95
      vertex -74.8593 20.0585 -71
      vertex -74.8593 20.0585 -95
    endloop
  endfacet
  facet normal -0.973878 0.227074 0
    outer loop
      vertex -74.8593 20.0585 -71
      vertex -76.0109 15.1195 -95
      vertex -76.0109 15.1195 -71
    endloop
  endfacet
  facet normal -0.935907 0.352247 0
    outer loop
      vertex -73.3871 24.9116 -95
      vertex -71.6007 29.658 -71
      vertex -71.6007 29.658 -95
    endloop
  endfacet
  facet normal -0.935907 0.352247 0
    outer loop
      vertex -71.6007 29.658 -71
      vertex -73.3871 24.9116 -95
      vertex -73.3871 24.9116 -71
    endloop
  endfacet
  facet normal 0 0 1
    outer loop
      vertex 57.5 0 -71
      vertex 77.5 0 -71
      vertex 77.3341 5.06874 -71
    endloop
  endfacet
  facet normal 0 0 1
    outer loop
      vertex 57.3769 3.76068 -71
      vertex 77.3341 5.06874 -71
      vertex 76.837 10.1158 -71
    endloop
  endfacet
  facet normal 0 0 1
    outer loop
      vertex 77.5 0 -71
      vertex 57.5 0 -71
      vertex 77.3341 -5.06874 -71
    endloop
  endfacet
  facet normal 0 0 1
    outer loop
      vertex 57.0081 7.50526 -71
      vertex 76.837 10.1158 -71
      vertex 76.0109 15.1195 -71
    endloop
  endfacet
  facet normal -0 0 1
    outer loop
      vertex 57.3769 -3.76068 -71
      vertex 77.3341 -5.06874 -71
      vertex 57.5 0 -71
    endloop
  endfacet
  facet normal 0 0 1
    outer loop
      vertex 56.3952 11.2177 -71
      vertex 76.0109 15.1195 -71
      vertex 74.8593 20.0585 -71
    endloop
  endfacet
  facet normal 0 0 1
    outer loop
      vertex 77.3341 -5.06874 -71
      vertex 57.3769 -3.76068 -71
      vertex 76.837 -10.1158 -71
    endloop
  endfacet
  facet normal 0 0 1
    outer loop
      vertex 55.5407 14.8821 -71
      vertex 74.8593 20.0585 -71
      vertex 73.3871 24.9116 -71
    endloop
  endfacet
  facet normal -0 0 1
    outer loop
      vertex 57.0081 -7.50526 -71
      vertex 76.837 -10.1158 -71
      vertex 57.3769 -3.76068 -71
    endloop
  endfacet
  facet normal 0 0 1
    outer loop
      vertex 54.4485 18.4828 -71
      vertex 73.3871 24.9116 -71
      vertex 71.6007 29.658 -71
    endloop
  endfacet
  facet normal 0 0 1
    outer loop
      vertex 76.837 -10.1158 -71
      vertex 57.0081 -7.50526 -71
      vertex 76.0109 -15.1195 -71
    endloop
  endfacet
  facet normal 0 0 1
    outer loop
      vertex 53.1231 22.0043 -71
      vertex 71.6007 29.658 -71
      vertex 69.5076 34.2774 -71
    endloop
  endfacet
  facet normal -0 0 1
    outer loop
      vertex 56.3952 -11.2177 -71
      vertex 76.0109 -15.1195 -71
      vertex 57.0081 -7.50526 -71
    endloop
  endfacet
  facet normal 0 0 1
    outer loop
      vertex 51.5702 25.4316 -71
      vertex 69.5076 34.2774 -71
      vertex 67.117 38.75 -71
    endloop
  endfacet
  facet normal 0 0 1
    outer loop
      vertex 76.0109 -15.1195 -71
      vertex 56.3952 -11.2177 -71
      vertex 74.8593 -20.0585 -71
    endloop
  endfacet
  facet normal 0 0 1
    outer loop
      vertex 49.7965 28.75 -71
      vertex 67.117 38.75 -71
      vertex 64.4389 43.0567 -71
    endloop
  endfacet
  facet normal -0 0 1
    outer loop
      vertex 55.5407 -14.8821 -71
      vertex 74.8593 -20.0585 -71
      vertex 56.3952 -11.2177 -71
    endloop
  endfacet
  facet normal 0 0 1
    outer loop
      vertex 47.8095 31.9453 -71
      vertex 64.4389 43.0567 -71
      vertex 61.4849 47.179 -71
    endloop
  endfacet
  facet normal 0 0 1
    outer loop
      vertex 74.8593 -20.0585 -71
      vertex 55.5407 -14.8821 -71
      vertex 73.3871 -24.9116 -71
    endloop
  endfacet
  facet normal 0 0 1
    outer loop
      vertex 45.6178 35.0038 -71
      vertex 61.4849 47.179 -71
      vertex 58.2676 51.0993 -71
    endloop
  endfacet
  facet normal -0 0 1
    outer loop
      vertex 54.4485 -18.4828 -71
      vertex 73.3871 -24.9116 -71
      vertex 55.5407 -14.8821 -71
    endloop
  endfacet
  facet normal 0 0 1
    outer loop
      vertex 73.3871 -24.9116 -71
      vertex 54.4485 -18.4828 -71
      vertex 71.6007 -29.658 -71
    endloop
  endfacet
  facet normal 0 0 1
    outer loop
      vertex 77.3341 5.06874 -71
      vertex 57.3769 3.76068 -71
      vertex 57.5 0 -71
    endloop
  endfacet
  facet normal 0 0 1
    outer loop
      vertex 76.837 10.1158 -71
      vertex 57.0081 7.50526 -71
      vertex 57.3769 3.76068 -71
    endloop
  endfacet
  facet normal 0 0 1
    outer loop
      vertex 76.0109 15.1195 -71
      vertex 56.3952 11.2177 -71
      vertex 57.0081 7.50526 -71
    endloop
  endfacet
  facet normal 0 0 1
    outer loop
      vertex 74.8593 20.0585 -71
      vertex 55.5407 14.8821 -71
      vertex 56.3952 11.2177 -71
    endloop
  endfacet
  facet normal 0 0 1
    outer loop
      vertex 43.2308 37.9124 -71
      vertex 58.2676 51.0993 -71
      vertex 54.8008 54.8008 -71
    endloop
  endfacet
  facet normal 0 0 1
    outer loop
      vertex 73.3871 24.9116 -71
      vertex 54.4485 18.4828 -71
      vertex 55.5407 14.8821 -71
    endloop
  endfacet
  facet normal 0 0 1
    outer loop
      vertex 71.6007 29.658 -71
      vertex 53.1231 22.0043 -71
      vertex 54.4485 18.4828 -71
    endloop
  endfacet
  facet normal 0 0 1
    outer loop
      vertex 69.5076 34.2774 -71
      vertex 51.5702 25.4316 -71
      vertex 53.1231 22.0043 -71
    endloop
  endfacet
  facet normal 0 0 1
    outer loop
      vertex 40.6586 40.6586 -71
      vertex 54.8008 54.8008 -71
      vertex 51.0993 58.2676 -71
    endloop
  endfacet
  facet normal 0 0 1
    outer loop
      vertex 67.117 38.75 -71
      vertex 49.7965 28.75 -71
      vertex 51.5702 25.4316 -71
    endloop
  endfacet
  facet normal 0 0 1
    outer loop
      vertex 64.4389 43.0567 -71
      vertex 47.8095 31.9453 -71
      vertex 49.7965 28.75 -71
    endloop
  endfacet
  facet normal 0 0 1
    outer loop
      vertex 37.9124 43.2308 -71
      vertex 51.0993 58.2676 -71
      vertex 47.179 61.4849 -71
    endloop
  endfacet
  facet normal 0 0 1
    outer loop
      vertex 61.4849 47.179 -71
      vertex 45.6178 35.0038 -71
      vertex 47.8095 31.9453 -71
    endloop
  endfacet
  facet normal 0 0 1
    outer loop
      vertex 58.2676 51.0993 -71
      vertex 43.2308 37.9124 -71
      vertex 45.6178 35.0038 -71
    endloop
  endfacet
  facet normal 0 0 1
    outer loop
      vertex 35.0038 45.6178 -71
      vertex 47.179 61.4849 -71
      vertex 43.0567 64.4389 -71
    endloop
  endfacet
  facet normal 0 0 1
    outer loop
      vertex 54.8008 54.8008 -71
      vertex 40.6586 40.6586 -71
      vertex 43.2308 37.9124 -71
    endloop
  endfacet
  facet normal 0 0 1
    outer loop
      vertex 31.9453 47.8095 -71
      vertex 43.0567 64.4389 -71
      vertex 38.75 67.117 -71
    endloop
  endfacet
  facet normal 0 0 1
    outer loop
      vertex 51.0993 58.2676 -71
      vertex 37.9124 43.2308 -71
      vertex 40.6586 40.6586 -71
    endloop
  endfacet
  facet normal 0 0 1
    outer loop
      vertex 47.179 61.4849 -71
      vertex 35.0038 45.6178 -71
      vertex 37.9124 43.2308 -71
    endloop
  endfacet
  facet normal 0 0 1
    outer loop
      vertex 28.75 49.7965 -71
      vertex 38.75 67.117 -71
      vertex 34.2774 69.5076 -71
    endloop
  endfacet
  facet normal 0 0 1
    outer loop
      vertex 43.0567 64.4389 -71
      vertex 31.9453 47.8095 -71
      vertex 35.0038 45.6178 -71
    endloop
  endfacet
  facet normal 0 0 1
    outer loop
      vertex 25.4316 51.5702 -71
      vertex 34.2774 69.5076 -71
      vertex 29.658 71.6007 -71
    endloop
  endfacet
  facet normal 0 0 1
    outer loop
      vertex 38.75 67.117 -71
      vertex 28.75 49.7965 -71
      vertex 31.9453 47.8095 -71
    endloop
  endfacet
  facet normal 0 0 1
    outer loop
      vertex 34.2774 69.5076 -71
      vertex 25.4316 51.5702 -71
      vertex 28.75 49.7965 -71
    endloop
  endfacet
  facet normal 0 0 1
    outer loop
      vertex 22.0043 53.1231 -71
      vertex 29.658 71.6007 -71
      vertex 24.9116 73.3871 -71
    endloop
  endfacet
  facet normal 0 0 1
    outer loop
      vertex 29.658 71.6007 -71
      vertex 22.0043 53.1231 -71
      vertex 25.4316 51.5702 -71
    endloop
  endfacet
  facet normal 0 0 1
    outer loop
      vertex 18.4828 54.4485 -71
      vertex 24.9116 73.3871 -71
      vertex 20.0585 74.8593 -71
    endloop
  endfacet
  facet normal 0 0 1
    outer loop
      vertex 24.9116 73.3871 -71
      vertex 18.4828 54.4485 -71
      vertex 22.0043 53.1231 -71
    endloop
  endfacet
  facet normal 0 0 1
    outer loop
      vertex 14.8821 55.5407 -71
      vertex 20.0585 74.8593 -71
      vertex 15.1195 76.0109 -71
    endloop
  endfacet
  facet normal 0 0 1
    outer loop
      vertex 20.0585 74.8593 -71
      vertex 14.8821 55.5407 -71
      vertex 18.4828 54.4485 -71
    endloop
  endfacet
  facet normal 0 0 1
    outer loop
      vertex 15.1195 76.0109 -71
      vertex 11.2177 56.3952 -71
      vertex 14.8821 55.5407 -71
    endloop
  endfacet
  facet normal 0 0 1
    outer loop
      vertex 10.1158 76.837 -71
      vertex 11.2177 56.3952 -71
      vertex 15.1195 76.0109 -71
    endloop
  endfacet
  facet normal 0 0 1
    outer loop
      vertex 10.1158 76.837 -71
      vertex 7.50526 57.0081 -71
      vertex 11.2177 56.3952 -71
    endloop
  endfacet
  facet normal 0 0 1
    outer loop
      vertex 5.06874 77.3341 -71
      vertex 7.50526 57.0081 -71
      vertex 10.1158 76.837 -71
    endloop
  endfacet
  facet normal 0 0 1
    outer loop
      vertex 5.06874 77.3341 -71
      vertex 3.76068 57.3769 -71
      vertex 7.50526 57.0081 -71
    endloop
  endfacet
  facet normal 0 0 1
    outer loop
      vertex 0 77.5 -71
      vertex 3.76068 57.3769 -71
      vertex 5.06874 77.3341 -71
    endloop
  endfacet
  facet normal 0 0 1
    outer loop
      vertex 0 77.5 -71
      vertex 0 57.5 -71
      vertex 3.76068 57.3769 -71
    endloop
  endfacet
  facet normal 0 0 1
    outer loop
      vertex 0 77.5 -71
      vertex -3.76068 57.3769 -71
      vertex 0 57.5 -71
    endloop
  endfacet
  facet normal -0 0 1
    outer loop
      vertex -5.06874 77.3341 -71
      vertex -3.76068 57.3769 -71
      vertex 0 77.5 -71
    endloop
  endfacet
  facet normal 0 0 1
    outer loop
      vertex -5.06874 77.3341 -71
      vertex -7.50526 57.0081 -71
      vertex -3.76068 57.3769 -71
    endloop
  endfacet
  facet normal -0 0 1
    outer loop
      vertex -10.1158 76.837 -71
      vertex -7.50526 57.0081 -71
      vertex -5.06874 77.3341 -71
    endloop
  endfacet
  facet normal 0 0 1
    outer loop
      vertex -10.1158 76.837 -71
      vertex -11.2177 56.3952 -71
      vertex -7.50526 57.0081 -71
    endloop
  endfacet
  facet normal -0 0 1
    outer loop
      vertex -15.1195 76.0109 -71
      vertex -11.2177 56.3952 -71
      vertex -10.1158 76.837 -71
    endloop
  endfacet
  facet normal 0 0 1
    outer loop
      vertex -11.2177 56.3952 -71
      vertex -15.1195 76.0109 -71
      vertex -14.8821 55.5407 -71
    endloop
  endfacet
  facet normal -0 0 1
    outer loop
      vertex -20.0585 74.8593 -71
      vertex -14.8821 55.5407 -71
      vertex -15.1195 76.0109 -71
    endloop
  endfacet
  facet normal 0 0 1
    outer loop
      vertex -14.8821 55.5407 -71
      vertex -20.0585 74.8593 -71
      vertex -18.4828 54.4485 -71
    endloop
  endfacet
  facet normal -0 0 1
    outer loop
      vertex -24.9116 73.3871 -71
      vertex -18.4828 54.4485 -71
      vertex -20.0585 74.8593 -71
    endloop
  endfacet
  facet normal 0 0 1
    outer loop
      vertex -18.4828 54.4485 -71
      vertex -24.9116 73.3871 -71
      vertex -22.0043 53.1231 -71
    endloop
  endfacet
  facet normal -0 0 1
    outer loop
      vertex -29.658 71.6007 -71
      vertex -22.0043 53.1231 -71
      vertex -24.9116 73.3871 -71
    endloop
  endfacet
  facet normal 0 0 1
    outer loop
      vertex -22.0043 53.1231 -71
      vertex -29.658 71.6007 -71
      vertex -25.4316 51.5702 -71
    endloop
  endfacet
  facet normal -0 0 1
    outer loop
      vertex -34.2774 69.5076 -71
      vertex -25.4316 51.5702 -71
      vertex -29.658 71.6007 -71
    endloop
  endfacet
  facet normal 0 0 1
    outer loop
      vertex -25.4316 51.5702 -71
      vertex -34.2774 69.5076 -71
      vertex -28.75 49.7965 -71
    endloop
  endfacet
  facet normal -0 0 1
    outer loop
      vertex -38.75 67.117 -71
      vertex -28.75 49.7965 -71
      vertex -34.2774 69.5076 -71
    endloop
  endfacet
  facet normal 0 0 1
    outer loop
      vertex -28.75 49.7965 -71
      vertex -38.75 67.117 -71
      vertex -31.9453 47.8095 -71
    endloop
  endfacet
  facet normal -0 0 1
    outer loop
      vertex -43.0567 64.4389 -71
      vertex -31.9453 47.8095 -71
      vertex -38.75 67.117 -71
    endloop
  endfacet
  facet normal 0 0 1
    outer loop
      vertex -31.9453 47.8095 -71
      vertex -43.0567 64.4389 -71
      vertex -35.0038 45.6178 -71
    endloop
  endfacet
  facet normal -0 0 1
    outer loop
      vertex -47.179 61.4849 -71
      vertex -35.0038 45.6178 -71
      vertex -43.0567 64.4389 -71
    endloop
  endfacet
  facet normal 0 0 1
    outer loop
      vertex -35.0038 45.6178 -71
      vertex -47.179 61.4849 -71
      vertex -37.9124 43.2308 -71
    endloop
  endfacet
  facet normal -0 0 1
    outer loop
      vertex -51.0993 58.2676 -71
      vertex -37.9124 43.2308 -71
      vertex -47.179 61.4849 -71
    endloop
  endfacet
  facet normal 0 0 1
    outer loop
      vertex -37.9124 43.2308 -71
      vertex -51.0993 58.2676 -71
      vertex -40.6586 40.6586 -71
    endloop
  endfacet
  facet normal -0 0 1
    outer loop
      vertex -54.8008 54.8008 -71
      vertex -40.6586 40.6586 -71
      vertex -51.0993 58.2676 -71
    endloop
  endfacet
  facet normal 0 0 1
    outer loop
      vertex -40.6586 40.6586 -71
      vertex -54.8008 54.8008 -71
      vertex -43.2308 37.9124 -71
    endloop
  endfacet
  facet normal -0 0 1
    outer loop
      vertex -58.2676 51.0993 -71
      vertex -43.2308 37.9124 -71
      vertex -54.8008 54.8008 -71
    endloop
  endfacet
  facet normal 0 0 1
    outer loop
      vertex -43.2308 37.9124 -71
      vertex -58.2676 51.0993 -71
      vertex -45.6178 35.0038 -71
    endloop
  endfacet
  facet normal -0 0 1
    outer loop
      vertex -61.4849 47.179 -71
      vertex -45.6178 35.0038 -71
      vertex -58.2676 51.0993 -71
    endloop
  endfacet
  facet normal 0 0 1
    outer loop
      vertex -45.6178 35.0038 -71
      vertex -61.4849 47.179 -71
      vertex -47.8095 31.9453 -71
    endloop
  endfacet
  facet normal -0 0 1
    outer loop
      vertex -64.4389 43.0567 -71
      vertex -47.8095 31.9453 -71
      vertex -61.4849 47.179 -71
    endloop
  endfacet
  facet normal 0 0 1
    outer loop
      vertex -47.8095 31.9453 -71
      vertex -64.4389 43.0567 -71
      vertex -49.7965 28.75 -71
    endloop
  endfacet
  facet normal -0 0 1
    outer loop
      vertex -67.117 38.75 -71
      vertex -49.7965 28.75 -71
      vertex -64.4389 43.0567 -71
    endloop
  endfacet
  facet normal 0 0 1
    outer loop
      vertex -49.7965 28.75 -71
      vertex -67.117 38.75 -71
      vertex -51.5702 25.4316 -71
    endloop
  endfacet
  facet normal -0 0 1
    outer loop
      vertex -69.5076 34.2774 -71
      vertex -51.5702 25.4316 -71
      vertex -67.117 38.75 -71
    endloop
  endfacet
  facet normal 0 0 1
    outer loop
      vertex -51.5702 25.4316 -71
      vertex -69.5076 34.2774 -71
      vertex -53.1231 22.0043 -71
    endloop
  endfacet
  facet normal 0 0 1
    outer loop
      vertex -53.1231 22.0043 -71
      vertex -71.6007 29.658 -71
      vertex -54.4485 18.4828 -71
    endloop
  endfacet
  facet normal -0 0 1
    outer loop
      vertex -71.6007 29.658 -71
      vertex -53.1231 22.0043 -71
      vertex -69.5076 34.2774 -71
    endloop
  endfacet
  facet normal -0 0 1
    outer loop
      vertex 53.1231 -22.0043 -71
      vertex 71.6007 -29.658 -71
      vertex 54.4485 -18.4828 -71
    endloop
  endfacet
  facet normal 0 0 1
    outer loop
      vertex 71.6007 -29.658 -71
      vertex 53.1231 -22.0043 -71
      vertex 69.5076 -34.2774 -71
    endloop
  endfacet
  facet normal -0 0 1
    outer loop
      vertex 51.5702 -25.4316 -71
      vertex 69.5076 -34.2774 -71
      vertex 53.1231 -22.0043 -71
    endloop
  endfacet
  facet normal 0 0 1
    outer loop
      vertex 69.5076 -34.2774 -71
      vertex 51.5702 -25.4316 -71
      vertex 67.117 -38.75 -71
    endloop
  endfacet
  facet normal -0 0 1
    outer loop
      vertex 49.7965 -28.75 -71
      vertex 67.117 -38.75 -71
      vertex 51.5702 -25.4316 -71
    endloop
  endfacet
  facet normal 0 0 1
    outer loop
      vertex 67.117 -38.75 -71
      vertex 49.7965 -28.75 -71
      vertex 64.4389 -43.0567 -71
    endloop
  endfacet
  facet normal -0 0 1
    outer loop
      vertex 47.8095 -31.9453 -71
      vertex 64.4389 -43.0567 -71
      vertex 49.7965 -28.75 -71
    endloop
  endfacet
  facet normal 0 0 1
    outer loop
      vertex 64.4389 -43.0567 -71
      vertex 47.8095 -31.9453 -71
      vertex 61.4849 -47.179 -71
    endloop
  endfacet
  facet normal -0 0 1
    outer loop
      vertex 45.6178 -35.0038 -71
      vertex 61.4849 -47.179 -71
      vertex 47.8095 -31.9453 -71
    endloop
  endfacet
  facet normal 0 0 1
    outer loop
      vertex 61.4849 -47.179 -71
      vertex 45.6178 -35.0038 -71
      vertex 58.2676 -51.0993 -71
    endloop
  endfacet
  facet normal -0 0 1
    outer loop
      vertex 43.2308 -37.9124 -71
      vertex 58.2676 -51.0993 -71
      vertex 45.6178 -35.0038 -71
    endloop
  endfacet
  facet normal 0 0 1
    outer loop
      vertex 58.2676 -51.0993 -71
      vertex 43.2308 -37.9124 -71
      vertex 54.8008 -54.8008 -71
    endloop
  endfacet
  facet normal -0 0 1
    outer loop
      vertex 40.6586 -40.6586 -71
      vertex 54.8008 -54.8008 -71
      vertex 43.2308 -37.9124 -71
    endloop
  endfacet
  facet normal 0 0 1
    outer loop
      vertex 54.8008 -54.8008 -71
      vertex 40.6586 -40.6586 -71
      vertex 51.0993 -58.2676 -71
    endloop
  endfacet
  facet normal -0 0 1
    outer loop
      vertex 37.9124 -43.2308 -71
      vertex 51.0993 -58.2676 -71
      vertex 40.6586 -40.6586 -71
    endloop
  endfacet
  facet normal 0 0 1
    outer loop
      vertex 51.0993 -58.2676 -71
      vertex 37.9124 -43.2308 -71
      vertex 47.179 -61.4849 -71
    endloop
  endfacet
  facet normal -0 0 1
    outer loop
      vertex 35.0038 -45.6178 -71
      vertex 47.179 -61.4849 -71
      vertex 37.9124 -43.2308 -71
    endloop
  endfacet
  facet normal 0 0 1
    outer loop
      vertex 47.179 -61.4849 -71
      vertex 35.0038 -45.6178 -71
      vertex 43.0567 -64.4389 -71
    endloop
  endfacet
  facet normal -0 0 1
    outer loop
      vertex 31.9453 -47.8095 -71
      vertex 43.0567 -64.4389 -71
      vertex 35.0038 -45.6178 -71
    endloop
  endfacet
  facet normal 0 0 1
    outer loop
      vertex 43.0567 -64.4389 -71
      vertex 31.9453 -47.8095 -71
      vertex 38.75 -67.117 -71
    endloop
  endfacet
  facet normal -0 0 1
    outer loop
      vertex 28.75 -49.7965 -71
      vertex 38.75 -67.117 -71
      vertex 31.9453 -47.8095 -71
    endloop
  endfacet
  facet normal 0 0 1
    outer loop
      vertex 38.75 -67.117 -71
      vertex 28.75 -49.7965 -71
      vertex 34.2774 -69.5076 -71
    endloop
  endfacet
  facet normal -0 0 1
    outer loop
      vertex 25.4316 -51.5702 -71
      vertex 34.2774 -69.5076 -71
      vertex 28.75 -49.7965 -71
    endloop
  endfacet
  facet normal 0 0 1
    outer loop
      vertex 34.2774 -69.5076 -71
      vertex 25.4316 -51.5702 -71
      vertex 29.658 -71.6007 -71
    endloop
  endfacet
  facet normal -0 0 1
    outer loop
      vertex 22.0043 -53.1231 -71
      vertex 29.658 -71.6007 -71
      vertex 25.4316 -51.5702 -71
    endloop
  endfacet
  facet normal 0 0 1
    outer loop
      vertex 29.658 -71.6007 -71
      vertex 22.0043 -53.1231 -71
      vertex 24.9116 -73.3871 -71
    endloop
  endfacet
  facet normal -0 0 1
    outer loop
      vertex 18.4828 -54.4485 -71
      vertex 24.9116 -73.3871 -71
      vertex 22.0043 -53.1231 -71
    endloop
  endfacet
  facet normal 0 0 1
    outer loop
      vertex 24.9116 -73.3871 -71
      vertex 18.4828 -54.4485 -71
      vertex 20.0585 -74.8593 -71
    endloop
  endfacet
  facet normal -0 0 1
    outer loop
      vertex 14.8821 -55.5407 -71
      vertex 20.0585 -74.8593 -71
      vertex 18.4828 -54.4485 -71
    endloop
  endfacet
  facet normal 0 0 1
    outer loop
      vertex 20.0585 -74.8593 -71
      vertex 14.8821 -55.5407 -71
      vertex 15.1195 -76.0109 -71
    endloop
  endfacet
  facet normal -0 0 1
    outer loop
      vertex 11.2177 -56.3952 -71
      vertex 15.1195 -76.0109 -71
      vertex 14.8821 -55.5407 -71
    endloop
  endfacet
  facet normal 0 0 1
    outer loop
      vertex 11.2177 -56.3952 -71
      vertex 10.1158 -76.837 -71
      vertex 15.1195 -76.0109 -71
    endloop
  endfacet
  facet normal -0 0 1
    outer loop
      vertex 7.50526 -57.0081 -71
      vertex 10.1158 -76.837 -71
      vertex 11.2177 -56.3952 -71
    endloop
  endfacet
  facet normal 0 0 1
    outer loop
      vertex 7.50526 -57.0081 -71
      vertex 5.06874 -77.3341 -71
      vertex 10.1158 -76.837 -71
    endloop
  endfacet
  facet normal -0 0 1
    outer loop
      vertex 3.76068 -57.3769 -71
      vertex 5.06874 -77.3341 -71
      vertex 7.50526 -57.0081 -71
    endloop
  endfacet
  facet normal -0 0 1
    outer loop
      vertex 0 -57.5 -71
      vertex 5.06874 -77.3341 -71
      vertex 3.76068 -57.3769 -71
    endloop
  endfacet
  facet normal 0 0 1
    outer loop
      vertex 0 -57.5 -71
      vertex 0 -77.5 -71
      vertex 5.06874 -77.3341 -71
    endloop
  endfacet
  facet normal 0 0 1
    outer loop
      vertex -3.76068 -57.3769 -71
      vertex 0 -77.5 -71
      vertex 0 -57.5 -71
    endloop
  endfacet
  facet normal 0 0 1
    outer loop
      vertex -3.76068 -57.3769 -71
      vertex -5.06874 -77.3341 -71
      vertex 0 -77.5 -71
    endloop
  endfacet
  facet normal 0 0 1
    outer loop
      vertex -7.50526 -57.0081 -71
      vertex -5.06874 -77.3341 -71
      vertex -3.76068 -57.3769 -71
    endloop
  endfacet
  facet normal 0 0 1
    outer loop
      vertex -7.50526 -57.0081 -71
      vertex -10.1158 -76.837 -71
      vertex -5.06874 -77.3341 -71
    endloop
  endfacet
  facet normal 0 0 1
    outer loop
      vertex -11.2177 -56.3952 -71
      vertex -10.1158 -76.837 -71
      vertex -7.50526 -57.0081 -71
    endloop
  endfacet
  facet normal 0 0 1
    outer loop
      vertex -15.1195 -76.0109 -71
      vertex -11.2177 -56.3952 -71
      vertex -14.8821 -55.5407 -71
    endloop
  endfacet
  facet normal 0 0 1
    outer loop
      vertex -11.2177 -56.3952 -71
      vertex -15.1195 -76.0109 -71
      vertex -10.1158 -76.837 -71
    endloop
  endfacet
  facet normal 0 0 1
    outer loop
      vertex -20.0585 -74.8593 -71
      vertex -14.8821 -55.5407 -71
      vertex -18.4828 -54.4485 -71
    endloop
  endfacet
  facet normal 0 0 1
    outer loop
      vertex -14.8821 -55.5407 -71
      vertex -20.0585 -74.8593 -71
      vertex -15.1195 -76.0109 -71
    endloop
  endfacet
  facet normal 0 0 1
    outer loop
      vertex -24.9116 -73.3871 -71
      vertex -18.4828 -54.4485 -71
      vertex -22.0043 -53.1231 -71
    endloop
  endfacet
  facet normal 0 0 1
    outer loop
      vertex -18.4828 -54.4485 -71
      vertex -24.9116 -73.3871 -71
      vertex -20.0585 -74.8593 -71
    endloop
  endfacet
  facet normal 0 0 1
    outer loop
      vertex -29.658 -71.6007 -71
      vertex -22.0043 -53.1231 -71
      vertex -25.4316 -51.5702 -71
    endloop
  endfacet
  facet normal 0 0 1
    outer loop
      vertex -34.2774 -69.5076 -71
      vertex -25.4316 -51.5702 -71
      vertex -28.75 -49.7965 -71
    endloop
  endfacet
  facet normal 0 0 1
    outer loop
      vertex -22.0043 -53.1231 -71
      vertex -29.658 -71.6007 -71
      vertex -24.9116 -73.3871 -71
    endloop
  endfacet
  facet normal 0 0 1
    outer loop
      vertex -38.75 -67.117 -71
      vertex -28.75 -49.7965 -71
      vertex -31.9453 -47.8095 -71
    endloop
  endfacet
  facet normal 0 0 1
    outer loop
      vertex -25.4316 -51.5702 -71
      vertex -34.2774 -69.5076 -71
      vertex -29.658 -71.6007 -71
    endloop
  endfacet
  facet normal 0 0 1
    outer loop
      vertex -43.0567 -64.4389 -71
      vertex -31.9453 -47.8095 -71
      vertex -35.0038 -45.6178 -71
    endloop
  endfacet
  facet normal 0 0 1
    outer loop
      vertex -47.179 -61.4849 -71
      vertex -35.0038 -45.6178 -71
      vertex -37.9124 -43.2308 -71
    endloop
  endfacet
  facet normal 0 0 1
    outer loop
      vertex -28.75 -49.7965 -71
      vertex -38.75 -67.117 -71
      vertex -34.2774 -69.5076 -71
    endloop
  endfacet
  facet normal 0 0 1
    outer loop
      vertex -51.0993 -58.2676 -71
      vertex -37.9124 -43.2308 -71
      vertex -40.6586 -40.6586 -71
    endloop
  endfacet
  facet normal 0 0 1
    outer loop
      vertex -31.9453 -47.8095 -71
      vertex -43.0567 -64.4389 -71
      vertex -38.75 -67.117 -71
    endloop
  endfacet
  facet normal 0 0 1
    outer loop
      vertex -54.8008 -54.8008 -71
      vertex -40.6586 -40.6586 -71
      vertex -43.2308 -37.9124 -71
    endloop
  endfacet
  facet normal 0 0 1
    outer loop
      vertex -58.2676 -51.0993 -71
      vertex -43.2308 -37.9124 -71
      vertex -45.6178 -35.0038 -71
    endloop
  endfacet
  facet normal 0 0 1
    outer loop
      vertex -35.0038 -45.6178 -71
      vertex -47.179 -61.4849 -71
      vertex -43.0567 -64.4389 -71
    endloop
  endfacet
  facet normal 0 0 1
    outer loop
      vertex -61.4849 -47.179 -71
      vertex -45.6178 -35.0038 -71
      vertex -47.8095 -31.9453 -71
    endloop
  endfacet
  facet normal 0 0 1
    outer loop
      vertex -64.4389 -43.0567 -71
      vertex -47.8095 -31.9453 -71
      vertex -49.7965 -28.75 -71
    endloop
  endfacet
  facet normal 0 0 1
    outer loop
      vertex -37.9124 -43.2308 -71
      vertex -51.0993 -58.2676 -71
      vertex -47.179 -61.4849 -71
    endloop
  endfacet
  facet normal 0 0 1
    outer loop
      vertex -67.117 -38.75 -71
      vertex -49.7965 -28.75 -71
      vertex -51.5702 -25.4316 -71
    endloop
  endfacet
  facet normal 0 0 1
    outer loop
      vertex -69.5076 -34.2774 -71
      vertex -51.5702 -25.4316 -71
      vertex -53.1231 -22.0043 -71
    endloop
  endfacet
  facet normal 0 0 1
    outer loop
      vertex -71.6007 -29.658 -71
      vertex -53.1231 -22.0043 -71
      vertex -54.4485 -18.4828 -71
    endloop
  endfacet
  facet normal 0 0 1
    outer loop
      vertex -40.6586 -40.6586 -71
      vertex -54.8008 -54.8008 -71
      vertex -51.0993 -58.2676 -71
    endloop
  endfacet
  facet normal 0 0 1
    outer loop
      vertex -73.3871 -24.9116 -71
      vertex -54.4485 -18.4828 -71
      vertex -55.5407 -14.8821 -71
    endloop
  endfacet
  facet normal 0 0 1
    outer loop
      vertex -74.8593 -20.0585 -71
      vertex -55.5407 -14.8821 -71
      vertex -56.3952 -11.2177 -71
    endloop
  endfacet
  facet normal 0 0 1
    outer loop
      vertex -76.0109 -15.1195 -71
      vertex -56.3952 -11.2177 -71
      vertex -57.0081 -7.50526 -71
    endloop
  endfacet
  facet normal 0 0 1
    outer loop
      vertex -76.837 -10.1158 -71
      vertex -57.0081 -7.50526 -71
      vertex -57.3769 -3.76068 -71
    endloop
  endfacet
  facet normal 0 0 1
    outer loop
      vertex -43.2308 -37.9124 -71
      vertex -58.2676 -51.0993 -71
      vertex -54.8008 -54.8008 -71
    endloop
  endfacet
  facet normal 0 0 1
    outer loop
      vertex -77.3341 -5.06874 -71
      vertex -57.3769 -3.76068 -71
      vertex -57.5 0 -71
    endloop
  endfacet
  facet normal -0 0 1
    outer loop
      vertex -73.3871 24.9116 -71
      vertex -54.4485 18.4828 -71
      vertex -71.6007 29.658 -71
    endloop
  endfacet
  facet normal 0 0 1
    outer loop
      vertex -54.4485 18.4828 -71
      vertex -73.3871 24.9116 -71
      vertex -55.5407 14.8821 -71
    endloop
  endfacet
  facet normal 0 0 1
    outer loop
      vertex -45.6178 -35.0038 -71
      vertex -61.4849 -47.179 -71
      vertex -58.2676 -51.0993 -71
    endloop
  endfacet
  facet normal -0 0 1
    outer loop
      vertex -74.8593 20.0585 -71
      vertex -55.5407 14.8821 -71
      vertex -73.3871 24.9116 -71
    endloop
  endfacet
  facet normal 0 0 1
    outer loop
      vertex -47.8095 -31.9453 -71
      vertex -64.4389 -43.0567 -71
      vertex -61.4849 -47.179 -71
    endloop
  endfacet
  facet normal 0 0 1
    outer loop
      vertex -55.5407 14.8821 -71
      vertex -74.8593 20.0585 -71
      vertex -56.3952 11.2177 -71
    endloop
  endfacet
  facet normal 0 0 1
    outer loop
      vertex -49.7965 -28.75 -71
      vertex -67.117 -38.75 -71
      vertex -64.4389 -43.0567 -71
    endloop
  endfacet
  facet normal -0 0 1
    outer loop
      vertex -76.0109 15.1195 -71
      vertex -56.3952 11.2177 -71
      vertex -74.8593 20.0585 -71
    endloop
  endfacet
  facet normal 0 0 1
    outer loop
      vertex -51.5702 -25.4316 -71
      vertex -69.5076 -34.2774 -71
      vertex -67.117 -38.75 -71
    endloop
  endfacet
  facet normal 0 0 1
    outer loop
      vertex -56.3952 11.2177 -71
      vertex -76.0109 15.1195 -71
      vertex -57.0081 7.50526 -71
    endloop
  endfacet
  facet normal 0 0 1
    outer loop
      vertex -53.1231 -22.0043 -71
      vertex -71.6007 -29.658 -71
      vertex -69.5076 -34.2774 -71
    endloop
  endfacet
  facet normal -0 0 1
    outer loop
      vertex -76.837 10.1158 -71
      vertex -57.0081 7.50526 -71
      vertex -76.0109 15.1195 -71
    endloop
  endfacet
  facet normal 0 0 1
    outer loop
      vertex -54.4485 -18.4828 -71
      vertex -73.3871 -24.9116 -71
      vertex -71.6007 -29.658 -71
    endloop
  endfacet
  facet normal 0 0 1
    outer loop
      vertex -57.0081 7.50526 -71
      vertex -76.837 10.1158 -71
      vertex -57.3769 3.76068 -71
    endloop
  endfacet
  facet normal 0 0 1
    outer loop
      vertex -55.5407 -14.8821 -71
      vertex -74.8593 -20.0585 -71
      vertex -73.3871 -24.9116 -71
    endloop
  endfacet
  facet normal -0 0 1
    outer loop
      vertex -77.3341 5.06874 -71
      vertex -57.3769 3.76068 -71
      vertex -76.837 10.1158 -71
    endloop
  endfacet
  facet normal 0 0 1
    outer loop
      vertex -56.3952 -11.2177 -71
      vertex -76.0109 -15.1195 -71
      vertex -74.8593 -20.0585 -71
    endloop
  endfacet
  facet normal 0 0 1
    outer loop
      vertex -57.3769 3.76068 -71
      vertex -77.3341 5.06874 -71
      vertex -57.5 0 -71
    endloop
  endfacet
  facet normal 0 0 1
    outer loop
      vertex -57.0081 -7.50526 -71
      vertex -76.837 -10.1158 -71
      vertex -76.0109 -15.1195 -71
    endloop
  endfacet
  facet normal 0 0 1
    outer loop
      vertex -77.5 0 -71
      vertex -57.5 0 -71
      vertex -77.3341 5.06874 -71
    endloop
  endfacet
  facet normal 0 0 1
    outer loop
      vertex -57.3769 -3.76068 -71
      vertex -77.3341 -5.06874 -71
      vertex -76.837 -10.1158 -71
    endloop
  endfacet
  facet normal 0 0 1
    outer loop
      vertex -57.5 0 -71
      vertex -77.5 0 -71
      vertex -77.3341 -5.06874 -71
    endloop
  endfacet
  facet normal -0.528071 0.8492 0
    outer loop
      vertex -38.75 67.117 -95
      vertex -43.0567 64.4389 -71
      vertex -38.75 67.117 -71
    endloop
  endfacet
  facet normal -0.528071 0.8492 0
    outer loop
      vertex -43.0567 64.4389 -71
      vertex -38.75 67.117 -95
      vertex -43.0567 64.4389 -95
    endloop
  endfacet
  facet normal -0.582478 0.812847 0
    outer loop
      vertex -43.0567 64.4389 -95
      vertex -47.179 61.4849 -71
      vertex -43.0567 64.4389 -71
    endloop
  endfacet
  facet normal -0.582478 0.812847 0
    outer loop
      vertex -47.179 61.4849 -71
      vertex -43.0567 64.4389 -95
      vertex -47.179 61.4849 -95
    endloop
  endfacet
  facet normal -0.0327125 0.999465 0
    outer loop
      vertex 0 77.5 -95
      vertex -5.06874 77.3341 -71
      vertex 0 77.5 -71
    endloop
  endfacet
  facet normal -0.0327125 0.999465 0
    outer loop
      vertex -5.06874 77.3341 -71
      vertex 0 77.5 -95
      vertex -5.06874 77.3341 -95
    endloop
  endfacet
  facet normal 0.0327125 -0.999465 0
    outer loop
      vertex 0 -77.5 -95
      vertex 5.06874 -77.3341 -71
      vertex 0 -77.5 -71
    endloop
  endfacet
  facet normal 0.0327125 -0.999465 0
    outer loop
      vertex 5.06874 -77.3341 -71
      vertex 0 -77.5 -95
      vertex 5.06874 -77.3341 -95
    endloop
  endfacet
  facet normal 0.582478 -0.812847 0
    outer loop
      vertex 43.0567 -64.4389 -95
      vertex 47.179 -61.4849 -71
      vertex 43.0567 -64.4389 -71
    endloop
  endfacet
  facet normal 0.582478 -0.812847 0
    outer loop
      vertex 47.179 -61.4849 -71
      vertex 43.0567 -64.4389 -95
      vertex 47.179 -61.4849 -95
    endloop
  endfacet
  facet normal -0.582478 -0.812847 0
    outer loop
      vertex -47.179 -61.4849 -95
      vertex -43.0567 -64.4389 -71
      vertex -47.179 -61.4849 -71
    endloop
  endfacet
  facet normal -0.582478 -0.812847 -0
    outer loop
      vertex -43.0567 -64.4389 -71
      vertex -47.179 -61.4849 -95
      vertex -43.0567 -64.4389 -95
    endloop
  endfacet
  facet normal -0.528071 -0.8492 0
    outer loop
      vertex -43.0567 -64.4389 -95
      vertex -38.75 -67.117 -71
      vertex -43.0567 -64.4389 -71
    endloop
  endfacet
  facet normal -0.528071 -0.8492 -0
    outer loop
      vertex -38.75 -67.117 -71
      vertex -43.0567 -64.4389 -95
      vertex -38.75 -67.117 -95
    endloop
  endfacet
  facet normal -0.910858 -0.41272 0
    outer loop
      vertex -69.5076 -34.2774 -95
      vertex -71.6007 -29.658 -71
      vertex -71.6007 -29.658 -95
    endloop
  endfacet
  facet normal -0.910858 -0.41272 0
    outer loop
      vertex -71.6007 -29.658 -71
      vertex -69.5076 -34.2774 -95
      vertex -69.5076 -34.2774 -71
    endloop
  endfacet
  facet normal -0.999465 -0.0327125 0
    outer loop
      vertex -77.3341 -5.06874 -95
      vertex -77.5 0 -71
      vertex -77.5 0 -95
    endloop
  endfacet
  facet normal -0.999465 -0.0327125 0
    outer loop
      vertex -77.5 0 -71
      vertex -77.3341 -5.06874 -95
      vertex -77.3341 -5.06874 -71
    endloop
  endfacet
  facet normal 0.973878 0.227074 0
    outer loop
      vertex 76.0109 15.1195 -71
      vertex 74.8593 20.0585 -95
      vertex 74.8593 20.0585 -71
    endloop
  endfacet
  facet normal 0.973878 0.227074 0
    outer loop
      vertex 74.8593 20.0585 -95
      vertex 76.0109 15.1195 -71
      vertex 76.0109 15.1195 -95
    endloop
  endfacet
  facet normal 0.986644 0.162893 0
    outer loop
      vertex 76.837 10.1158 -71
      vertex 76.0109 15.1195 -95
      vertex 76.0109 15.1195 -71
    endloop
  endfacet
  facet normal 0.986644 0.162893 0
    outer loop
      vertex 76.0109 15.1195 -95
      vertex 76.837 10.1158 -71
      vertex 76.837 10.1158 -95
    endloop
  endfacet
  facet normal 0.812847 0.582478 0
    outer loop
      vertex 64.4389 43.0567 -71
      vertex 61.4849 47.179 -95
      vertex 61.4849 47.179 -71
    endloop
  endfacet
  facet normal 0.812847 0.582478 0
    outer loop
      vertex 61.4849 47.179 -95
      vertex 64.4389 43.0567 -71
      vertex 64.4389 43.0567 -95
    endloop
  endfacet
  facet normal 0.8492 0.528071 0
    outer loop
      vertex 67.117 38.75 -71
      vertex 64.4389 43.0567 -95
      vertex 64.4389 43.0567 -71
    endloop
  endfacet
  facet normal 0.8492 0.528071 0
    outer loop
      vertex 64.4389 43.0567 -95
      vertex 67.117 38.75 -71
      vertex 67.117 38.75 -95
    endloop
  endfacet
  facet normal 0.29029 0.956939 -0
    outer loop
      vertex 24.9116 73.3871 -95
      vertex 20.0585 74.8593 -71
      vertex 24.9116 73.3871 -71
    endloop
  endfacet
  facet normal 0.29029 0.956939 0
    outer loop
      vertex 20.0585 74.8593 -71
      vertex 24.9116 73.3871 -95
      vertex 20.0585 74.8593 -95
    endloop
  endfacet
  facet normal 0.162893 0.986644 -0
    outer loop
      vertex 15.1195 76.0109 -95
      vertex 10.1158 76.837 -71
      vertex 15.1195 76.0109 -71
    endloop
  endfacet
  facet normal 0.162893 0.986644 0
    outer loop
      vertex 10.1158 76.837 -71
      vertex 15.1195 76.0109 -95
      vertex 10.1158 76.837 -95
    endloop
  endfacet
  facet normal 0.0980187 0.995185 -0
    outer loop
      vertex 10.1158 76.837 -95
      vertex 5.06874 77.3341 -71
      vertex 10.1158 76.837 -71
    endloop
  endfacet
  facet normal 0.0980187 0.995185 0
    outer loop
      vertex 5.06874 77.3341 -71
      vertex 10.1158 76.837 -95
      vertex 5.06874 77.3341 -95
    endloop
  endfacet
  facet normal 0.41272 0.910858 -0
    outer loop
      vertex 34.2774 69.5076 -95
      vertex 29.658 71.6007 -71
      vertex 34.2774 69.5076 -71
    endloop
  endfacet
  facet normal 0.41272 0.910858 0
    outer loop
      vertex 29.658 71.6007 -71
      vertex 34.2774 69.5076 -95
      vertex 29.658 71.6007 -95
    endloop
  endfacet
  facet normal 0.634392 0.773011 -0
    outer loop
      vertex 51.0993 58.2676 -95
      vertex 47.179 61.4849 -71
      vertex 51.0993 58.2676 -71
    endloop
  endfacet
  facet normal 0.634392 0.773011 0
    outer loop
      vertex 47.179 61.4849 -71
      vertex 51.0993 58.2676 -95
      vertex 47.179 61.4849 -95
    endloop
  endfacet
  facet normal 0.683589 0.729867 -0
    outer loop
      vertex 54.8008 54.8008 -95
      vertex 51.0993 58.2676 -71
      vertex 54.8008 54.8008 -71
    endloop
  endfacet
  facet normal 0.683589 0.729867 0
    outer loop
      vertex 51.0993 58.2676 -71
      vertex 54.8008 54.8008 -95
      vertex 51.0993 58.2676 -95
    endloop
  endfacet
  facet normal -0.773011 0.634392 0
    outer loop
      vertex -61.4849 47.179 -95
      vertex -58.2676 51.0993 -71
      vertex -58.2676 51.0993 -95
    endloop
  endfacet
  facet normal -0.773011 0.634392 0
    outer loop
      vertex -58.2676 51.0993 -71
      vertex -61.4849 47.179 -95
      vertex -61.4849 47.179 -71
    endloop
  endfacet
  facet normal -0.910858 0.41272 0
    outer loop
      vertex -71.6007 29.658 -95
      vertex -69.5076 34.2774 -71
      vertex -69.5076 34.2774 -95
    endloop
  endfacet
  facet normal -0.910858 0.41272 0
    outer loop
      vertex -69.5076 34.2774 -71
      vertex -71.6007 29.658 -95
      vertex -71.6007 29.658 -71
    endloop
  endfacet
  facet normal -0.881926 0.471388 0
    outer loop
      vertex -69.5076 34.2774 -95
      vertex -67.117 38.75 -71
      vertex -67.117 38.75 -95
    endloop
  endfacet
  facet normal -0.881926 0.471388 0
    outer loop
      vertex -67.117 38.75 -71
      vertex -69.5076 34.2774 -95
      vertex -69.5076 34.2774 -71
    endloop
  endfacet
  facet normal -0.956939 0.29029 0
    outer loop
      vertex -74.8593 20.0585 -95
      vertex -73.3871 24.9116 -71
      vertex -73.3871 24.9116 -95
    endloop
  endfacet
  facet normal -0.956939 0.29029 0
    outer loop
      vertex -73.3871 24.9116 -71
      vertex -74.8593 20.0585 -95
      vertex -74.8593 20.0585 -71
    endloop
  endfacet
  facet normal -0.986644 0.162893 0
    outer loop
      vertex -76.837 10.1158 -95
      vertex -76.0109 15.1195 -71
      vertex -76.0109 15.1195 -95
    endloop
  endfacet
  facet normal -0.986644 0.162893 0
    outer loop
      vertex -76.0109 15.1195 -71
      vertex -76.837 10.1158 -95
      vertex -76.837 10.1158 -71
    endloop
  endfacet
  facet normal -0.995185 0.0980187 0
    outer loop
      vertex -77.3341 5.06874 -95
      vertex -76.837 10.1158 -71
      vertex -76.837 10.1158 -95
    endloop
  endfacet
  facet normal -0.995185 0.0980187 0
    outer loop
      vertex -76.837 10.1158 -71
      vertex -77.3341 5.06874 -95
      vertex -77.3341 5.06874 -71
    endloop
  endfacet
  facet normal -0.471388 0.881926 0
    outer loop
      vertex -34.2774 69.5076 -95
      vertex -38.75 67.117 -71
      vertex -34.2774 69.5076 -71
    endloop
  endfacet
  facet normal -0.471388 0.881926 0
    outer loop
      vertex -38.75 67.117 -71
      vertex -34.2774 69.5076 -95
      vertex -38.75 67.117 -95
    endloop
  endfacet
  facet normal -0.227074 0.973878 0
    outer loop
      vertex -15.1195 76.0109 -95
      vertex -20.0585 74.8593 -71
      vertex -15.1195 76.0109 -71
    endloop
  endfacet
  facet normal -0.227074 0.973878 0
    outer loop
      vertex -20.0585 74.8593 -71
      vertex -15.1195 76.0109 -95
      vertex -20.0585 74.8593 -95
    endloop
  endfacet
  facet normal -0.29029 0.956939 0
    outer loop
      vertex -20.0585 74.8593 -95
      vertex -24.9116 73.3871 -71
      vertex -20.0585 74.8593 -71
    endloop
  endfacet
  facet normal -0.29029 0.956939 0
    outer loop
      vertex -24.9116 73.3871 -71
      vertex -20.0585 74.8593 -95
      vertex -24.9116 73.3871 -95
    endloop
  endfacet
  facet normal -0.162893 0.986644 0
    outer loop
      vertex -10.1158 76.837 -95
      vertex -15.1195 76.0109 -71
      vertex -10.1158 76.837 -71
    endloop
  endfacet
  facet normal -0.162893 0.986644 0
    outer loop
      vertex -15.1195 76.0109 -71
      vertex -10.1158 76.837 -95
      vertex -15.1195 76.0109 -95
    endloop
  endfacet
  facet normal 0.999465 -0.0327125 0
    outer loop
      vertex 77.3341 -5.06874 -71
      vertex 77.5 0 -95
      vertex 77.5 0 -71
    endloop
  endfacet
  facet normal 0.999465 -0.0327125 0
    outer loop
      vertex 77.5 0 -95
      vertex 77.3341 -5.06874 -71
      vertex 77.3341 -5.06874 -95
    endloop
  endfacet
  facet normal 0.0980187 -0.995185 0
    outer loop
      vertex 5.06874 -77.3341 -95
      vertex 10.1158 -76.837 -71
      vertex 5.06874 -77.3341 -71
    endloop
  endfacet
  facet normal 0.0980187 -0.995185 0
    outer loop
      vertex 10.1158 -76.837 -71
      vertex 5.06874 -77.3341 -95
      vertex 10.1158 -76.837 -95
    endloop
  endfacet
  facet normal 0.352247 -0.935907 0
    outer loop
      vertex 24.9116 -73.3871 -95
      vertex 29.658 -71.6007 -71
      vertex 24.9116 -73.3871 -71
    endloop
  endfacet
  facet normal 0.352247 -0.935907 0
    outer loop
      vertex 29.658 -71.6007 -71
      vertex 24.9116 -73.3871 -95
      vertex 29.658 -71.6007 -95
    endloop
  endfacet
  facet normal 0.683589 -0.729867 0
    outer loop
      vertex 51.0993 -58.2676 -95
      vertex 54.8008 -54.8008 -71
      vertex 51.0993 -58.2676 -71
    endloop
  endfacet
  facet normal 0.683589 -0.729867 0
    outer loop
      vertex 54.8008 -54.8008 -71
      vertex 51.0993 -58.2676 -95
      vertex 54.8008 -54.8008 -95
    endloop
  endfacet
  facet normal 0.528071 -0.8492 0
    outer loop
      vertex 38.75 -67.117 -95
      vertex 43.0567 -64.4389 -71
      vertex 38.75 -67.117 -71
    endloop
  endfacet
  facet normal 0.528071 -0.8492 0
    outer loop
      vertex 43.0567 -64.4389 -71
      vertex 38.75 -67.117 -95
      vertex 43.0567 -64.4389 -95
    endloop
  endfacet
  facet normal 0.41272 -0.910858 0
    outer loop
      vertex 29.658 -71.6007 -95
      vertex 34.2774 -69.5076 -71
      vertex 29.658 -71.6007 -71
    endloop
  endfacet
  facet normal 0.41272 -0.910858 0
    outer loop
      vertex 34.2774 -69.5076 -71
      vertex 29.658 -71.6007 -95
      vertex 34.2774 -69.5076 -95
    endloop
  endfacet
  facet normal 0.729867 -0.683589 0
    outer loop
      vertex 54.8008 -54.8008 -71
      vertex 58.2676 -51.0993 -95
      vertex 58.2676 -51.0993 -71
    endloop
  endfacet
  facet normal 0.729867 -0.683589 0
    outer loop
      vertex 58.2676 -51.0993 -95
      vertex 54.8008 -54.8008 -71
      vertex 54.8008 -54.8008 -95
    endloop
  endfacet
  facet normal 0.812847 -0.582478 0
    outer loop
      vertex 61.4849 -47.179 -71
      vertex 64.4389 -43.0567 -95
      vertex 64.4389 -43.0567 -71
    endloop
  endfacet
  facet normal 0.812847 -0.582478 0
    outer loop
      vertex 64.4389 -43.0567 -95
      vertex 61.4849 -47.179 -71
      vertex 61.4849 -47.179 -95
    endloop
  endfacet
  facet normal 0.910858 -0.41272 0
    outer loop
      vertex 69.5076 -34.2774 -71
      vertex 71.6007 -29.658 -95
      vertex 71.6007 -29.658 -71
    endloop
  endfacet
  facet normal 0.910858 -0.41272 0
    outer loop
      vertex 71.6007 -29.658 -95
      vertex 69.5076 -34.2774 -71
      vertex 69.5076 -34.2774 -95
    endloop
  endfacet
  facet normal 0.935907 -0.352247 0
    outer loop
      vertex 71.6007 -29.658 -71
      vertex 73.3871 -24.9116 -95
      vertex 73.3871 -24.9116 -71
    endloop
  endfacet
  facet normal 0.935907 -0.352247 0
    outer loop
      vertex 73.3871 -24.9116 -95
      vertex 71.6007 -29.658 -71
      vertex 71.6007 -29.658 -95
    endloop
  endfacet
  facet normal 0.973878 -0.227074 0
    outer loop
      vertex 74.8593 -20.0585 -71
      vertex 76.0109 -15.1195 -95
      vertex 76.0109 -15.1195 -71
    endloop
  endfacet
  facet normal 0.973878 -0.227074 0
    outer loop
      vertex 76.0109 -15.1195 -95
      vertex 74.8593 -20.0585 -71
      vertex 74.8593 -20.0585 -95
    endloop
  endfacet
  facet normal -0.683589 -0.729867 0
    outer loop
      vertex -54.8008 -54.8008 -95
      vertex -51.0993 -58.2676 -71
      vertex -54.8008 -54.8008 -71
    endloop
  endfacet
  facet normal -0.683589 -0.729867 -0
    outer loop
      vertex -51.0993 -58.2676 -71
      vertex -54.8008 -54.8008 -95
      vertex -51.0993 -58.2676 -95
    endloop
  endfacet
  facet normal -0.634392 -0.773011 0
    outer loop
      vertex -51.0993 -58.2676 -95
      vertex -47.179 -61.4849 -71
      vertex -51.0993 -58.2676 -71
    endloop
  endfacet
  facet normal -0.634392 -0.773011 -0
    outer loop
      vertex -47.179 -61.4849 -71
      vertex -51.0993 -58.2676 -95
      vertex -47.179 -61.4849 -95
    endloop
  endfacet
  facet normal -0.41272 -0.910858 0
    outer loop
      vertex -34.2774 -69.5076 -95
      vertex -29.658 -71.6007 -71
      vertex -34.2774 -69.5076 -71
    endloop
  endfacet
  facet normal -0.41272 -0.910858 -0
    outer loop
      vertex -29.658 -71.6007 -71
      vertex -34.2774 -69.5076 -95
      vertex -29.658 -71.6007 -95
    endloop
  endfacet
  facet normal -0.471388 -0.881926 0
    outer loop
      vertex -38.75 -67.117 -95
      vertex -34.2774 -69.5076 -71
      vertex -38.75 -67.117 -71
    endloop
  endfacet
  facet normal -0.471388 -0.881926 -0
    outer loop
      vertex -34.2774 -69.5076 -71
      vertex -38.75 -67.117 -95
      vertex -34.2774 -69.5076 -95
    endloop
  endfacet
  facet normal -0.29029 -0.956939 0
    outer loop
      vertex -24.9116 -73.3871 -95
      vertex -20.0585 -74.8593 -71
      vertex -24.9116 -73.3871 -71
    endloop
  endfacet
  facet normal -0.29029 -0.956939 -0
    outer loop
      vertex -20.0585 -74.8593 -71
      vertex -24.9116 -73.3871 -95
      vertex -20.0585 -74.8593 -95
    endloop
  endfacet
  facet normal -0.162893 -0.986644 0
    outer loop
      vertex -15.1195 -76.0109 -95
      vertex -10.1158 -76.837 -71
      vertex -15.1195 -76.0109 -71
    endloop
  endfacet
  facet normal -0.162893 -0.986644 -0
    outer loop
      vertex -10.1158 -76.837 -71
      vertex -15.1195 -76.0109 -95
      vertex -10.1158 -76.837 -95
    endloop
  endfacet
  facet normal -0.729867 -0.683589 0
    outer loop
      vertex -54.8008 -54.8008 -95
      vertex -58.2676 -51.0993 -71
      vertex -58.2676 -51.0993 -95
    endloop
  endfacet
  facet normal -0.729867 -0.683589 0
    outer loop
      vertex -58.2676 -51.0993 -71
      vertex -54.8008 -54.8008 -95
      vertex -54.8008 -54.8008 -71
    endloop
  endfacet
  facet normal -0.8492 -0.528071 0
    outer loop
      vertex -64.4389 -43.0567 -95
      vertex -67.117 -38.75 -71
      vertex -67.117 -38.75 -95
    endloop
  endfacet
  facet normal -0.8492 -0.528071 0
    outer loop
      vertex -67.117 -38.75 -71
      vertex -64.4389 -43.0567 -95
      vertex -64.4389 -43.0567 -71
    endloop
  endfacet
  facet normal -0.973878 -0.227074 0
    outer loop
      vertex -74.8593 -20.0585 -95
      vertex -76.0109 -15.1195 -71
      vertex -76.0109 -15.1195 -95
    endloop
  endfacet
  facet normal -0.973878 -0.227074 0
    outer loop
      vertex -76.0109 -15.1195 -71
      vertex -74.8593 -20.0585 -95
      vertex -74.8593 -20.0585 -71
    endloop
  endfacet
  facet normal -0.935907 -0.352247 0
    outer loop
      vertex -71.6007 -29.658 -95
      vertex -73.3871 -24.9116 -71
      vertex -73.3871 -24.9116 -95
    endloop
  endfacet
  facet normal -0.935907 -0.352247 0
    outer loop
      vertex -73.3871 -24.9116 -71
      vertex -71.6007 -29.658 -95
      vertex -71.6007 -29.658 -71
    endloop
  endfacet
  facet normal -0.995185 -0.0980187 0
    outer loop
      vertex -76.837 -10.1158 -95
      vertex -77.3341 -5.06874 -71
      vertex -77.3341 -5.06874 -95
    endloop
  endfacet
  facet normal -0.995185 -0.0980187 0
    outer loop
      vertex -77.3341 -5.06874 -71
      vertex -76.837 -10.1158 -95
      vertex -76.837 -10.1158 -71
    endloop
  endfacet
  facet normal 0.935907 0.352247 0
    outer loop
      vertex 73.3871 24.9116 -71
      vertex 71.6007 29.658 -95
      vertex 71.6007 29.658 -71
    endloop
  endfacet
  facet normal 0.935907 0.352247 0
    outer loop
      vertex 71.6007 29.658 -95
      vertex 73.3871 24.9116 -71
      vertex 73.3871 24.9116 -95
    endloop
  endfacet
  facet normal 0.471388 0.881926 -0
    outer loop
      vertex 38.75 67.117 -95
      vertex 34.2774 69.5076 -71
      vertex 38.75 67.117 -71
    endloop
  endfacet
  facet normal 0.471388 0.881926 0
    outer loop
      vertex 34.2774 69.5076 -71
      vertex 38.75 67.117 -95
      vertex 34.2774 69.5076 -95
    endloop
  endfacet
  facet normal -0.729867 0.683589 0
    outer loop
      vertex -58.2676 51.0993 -95
      vertex -54.8008 54.8008 -71
      vertex -54.8008 54.8008 -95
    endloop
  endfacet
  facet normal -0.729867 0.683589 0
    outer loop
      vertex -54.8008 54.8008 -71
      vertex -58.2676 51.0993 -95
      vertex -58.2676 51.0993 -71
    endloop
  endfacet
  facet normal -0.41272 0.910858 0
    outer loop
      vertex -29.658 71.6007 -95
      vertex -34.2774 69.5076 -71
      vertex -29.658 71.6007 -71
    endloop
  endfacet
  facet normal -0.41272 0.910858 0
    outer loop
      vertex -34.2774 69.5076 -71
      vertex -29.658 71.6007 -95
      vertex -34.2774 69.5076 -95
    endloop
  endfacet
  facet normal 0.995185 -0.0980187 0
    outer loop
      vertex 76.837 -10.1158 -71
      vertex 77.3341 -5.06874 -95
      vertex 77.3341 -5.06874 -71
    endloop
  endfacet
  facet normal 0.995185 -0.0980187 0
    outer loop
      vertex 77.3341 -5.06874 -95
      vertex 76.837 -10.1158 -71
      vertex 76.837 -10.1158 -95
    endloop
  endfacet
  facet normal 0.162893 -0.986644 0
    outer loop
      vertex 10.1158 -76.837 -95
      vertex 15.1195 -76.0109 -71
      vertex 10.1158 -76.837 -71
    endloop
  endfacet
  facet normal 0.162893 -0.986644 0
    outer loop
      vertex 15.1195 -76.0109 -71
      vertex 10.1158 -76.837 -95
      vertex 15.1195 -76.0109 -95
    endloop
  endfacet
  facet normal 0.29029 -0.956939 0
    outer loop
      vertex 20.0585 -74.8593 -95
      vertex 24.9116 -73.3871 -71
      vertex 20.0585 -74.8593 -71
    endloop
  endfacet
  facet normal 0.29029 -0.956939 0
    outer loop
      vertex 24.9116 -73.3871 -71
      vertex 20.0585 -74.8593 -95
      vertex 24.9116 -73.3871 -95
    endloop
  endfacet
  facet normal 0.471388 -0.881926 0
    outer loop
      vertex 34.2774 -69.5076 -95
      vertex 38.75 -67.117 -71
      vertex 34.2774 -69.5076 -71
    endloop
  endfacet
  facet normal 0.471388 -0.881926 0
    outer loop
      vertex 38.75 -67.117 -71
      vertex 34.2774 -69.5076 -95
      vertex 38.75 -67.117 -95
    endloop
  endfacet
  facet normal 0.8492 -0.528071 0
    outer loop
      vertex 64.4389 -43.0567 -71
      vertex 67.117 -38.75 -95
      vertex 67.117 -38.75 -71
    endloop
  endfacet
  facet normal 0.8492 -0.528071 0
    outer loop
      vertex 67.117 -38.75 -95
      vertex 64.4389 -43.0567 -71
      vertex 64.4389 -43.0567 -95
    endloop
  endfacet
  facet normal 0.773011 -0.634392 0
    outer loop
      vertex 58.2676 -51.0993 -71
      vertex 61.4849 -47.179 -95
      vertex 61.4849 -47.179 -71
    endloop
  endfacet
  facet normal 0.773011 -0.634392 0
    outer loop
      vertex 61.4849 -47.179 -95
      vertex 58.2676 -51.0993 -71
      vertex 58.2676 -51.0993 -95
    endloop
  endfacet
  facet normal -0.227074 -0.973878 0
    outer loop
      vertex -20.0585 -74.8593 -95
      vertex -15.1195 -76.0109 -71
      vertex -20.0585 -74.8593 -71
    endloop
  endfacet
  facet normal -0.227074 -0.973878 -0
    outer loop
      vertex -15.1195 -76.0109 -71
      vertex -20.0585 -74.8593 -95
      vertex -15.1195 -76.0109 -95
    endloop
  endfacet
  facet normal -0.0980187 -0.995185 0
    outer loop
      vertex -10.1158 -76.837 -95
      vertex -5.06874 -77.3341 -71
      vertex -10.1158 -76.837 -71
    endloop
  endfacet
  facet normal -0.0980187 -0.995185 -0
    outer loop
      vertex -5.06874 -77.3341 -71
      vertex -10.1158 -76.837 -95
      vertex -5.06874 -77.3341 -95
    endloop
  endfacet
  facet normal -0.881926 -0.471388 0
    outer loop
      vertex -67.117 -38.75 -95
      vertex -69.5076 -34.2774 -71
      vertex -69.5076 -34.2774 -95
    endloop
  endfacet
  facet normal -0.881926 -0.471388 0
    outer loop
      vertex -69.5076 -34.2774 -71
      vertex -67.117 -38.75 -95
      vertex -67.117 -38.75 -71
    endloop
  endfacet
  facet normal -0.956939 -0.29029 0
    outer loop
      vertex -73.3871 -24.9116 -95
      vertex -74.8593 -20.0585 -71
      vertex -74.8593 -20.0585 -95
    endloop
  endfacet
  facet normal -0.956939 -0.29029 0
    outer loop
      vertex -74.8593 -20.0585 -71
      vertex -73.3871 -24.9116 -95
      vertex -73.3871 -24.9116 -71
    endloop
  endfacet
  facet normal -0.986644 -0.162893 0
    outer loop
      vertex -76.0109 -15.1195 -95
      vertex -76.837 -10.1158 -71
      vertex -76.837 -10.1158 -95
    endloop
  endfacet
  facet normal -0.986644 -0.162893 0
    outer loop
      vertex -76.837 -10.1158 -71
      vertex -76.0109 -15.1195 -95
      vertex -76.0109 -15.1195 -71
    endloop
  endfacet
  facet normal 0.986644 -0.162893 0
    outer loop
      vertex 76.0109 -15.1195 -71
      vertex 76.837 -10.1158 -95
      vertex 76.837 -10.1158 -71
    endloop
  endfacet
  facet normal 0.986644 -0.162893 0
    outer loop
      vertex 76.837 -10.1158 -95
      vertex 76.0109 -15.1195 -71
      vertex 76.0109 -15.1195 -95
    endloop
  endfacet
  facet normal 0.999464 0.032723 0
    outer loop
      vertex 75 0 95
      vertex 74.8394 4.90523 71
      vertex 74.8394 4.90523 95
    endloop
  endfacet
  facet normal 0.999464 0.032723 0
    outer loop
      vertex 74.8394 4.90523 71
      vertex 75 0 95
      vertex 75 0 71
    endloop
  endfacet
  facet normal -0.999464 0.032723 0
    outer loop
      vertex -75 0 71
      vertex -74.8394 4.90523 95
      vertex -74.8394 4.90523 71
    endloop
  endfacet
  facet normal -0.999464 0.032723 0
    outer loop
      vertex -74.8394 4.90523 95
      vertex -75 0 71
      vertex -75 0 95
    endloop
  endfacet
  facet normal 0.032723 0.999464 -0
    outer loop
      vertex 4.90523 74.8394 71
      vertex 0 75 95
      vertex 4.90523 74.8394 95
    endloop
  endfacet
  facet normal 0.032723 0.999464 0
    outer loop
      vertex 0 75 95
      vertex 4.90523 74.8394 71
      vertex 0 75 71
    endloop
  endfacet
  facet normal -0.032723 -0.999464 0
    outer loop
      vertex -4.90523 -74.8394 71
      vertex 0 -75 95
      vertex -4.90523 -74.8394 95
    endloop
  endfacet
  facet normal -0.032723 -0.999464 -0
    outer loop
      vertex 0 -75 95
      vertex -4.90523 -74.8394 71
      vertex 0 -75 71
    endloop
  endfacet
  facet normal 0.729864 0.683592 0
    outer loop
      vertex 56.388 49.4509 95
      vertex 53.033 53.033 71
      vertex 53.033 53.033 95
    endloop
  endfacet
  facet normal 0.729864 0.683592 0
    outer loop
      vertex 53.033 53.033 71
      vertex 56.388 49.4509 95
      vertex 56.388 49.4509 71
    endloop
  endfacet
  facet normal -0.683592 0.729864 0
    outer loop
      vertex -49.4509 56.388 71
      vertex -53.033 53.033 95
      vertex -49.4509 56.388 95
    endloop
  endfacet
  facet normal -0.683592 0.729864 0
    outer loop
      vertex -53.033 53.033 95
      vertex -49.4509 56.388 71
      vertex -53.033 53.033 71
    endloop
  endfacet
  facet normal -0.352251 0.935906 0
    outer loop
      vertex -24.108 71.0198 71
      vertex -28.7013 69.291 95
      vertex -24.108 71.0198 95
    endloop
  endfacet
  facet normal -0.352251 0.935906 0
    outer loop
      vertex -28.7013 69.291 95
      vertex -24.108 71.0198 71
      vertex -28.7013 69.291 71
    endloop
  endfacet
  facet normal 0.910861 0.412713 0
    outer loop
      vertex 69.291 28.7013 95
      vertex 67.2655 33.1716 71
      vertex 67.2655 33.1716 95
    endloop
  endfacet
  facet normal 0.910861 0.412713 0
    outer loop
      vertex 67.2655 33.1716 71
      vertex 69.291 28.7013 95
      vertex 69.291 28.7013 71
    endloop
  endfacet
  facet normal -0.849203 0.528067 0
    outer loop
      vertex -64.9519 37.5 71
      vertex -62.3602 41.6678 95
      vertex -62.3602 41.6678 71
    endloop
  endfacet
  facet normal -0.849203 0.528067 0
    outer loop
      vertex -62.3602 41.6678 95
      vertex -64.9519 37.5 71
      vertex -64.9519 37.5 95
    endloop
  endfacet
  facet normal -0.812846 0.582479 0
    outer loop
      vertex -62.3602 41.6678 71
      vertex -59.5015 45.6571 95
      vertex -59.5015 45.6571 71
    endloop
  endfacet
  facet normal -0.812846 0.582479 0
    outer loop
      vertex -59.5015 45.6571 95
      vertex -62.3602 41.6678 71
      vertex -62.3602 41.6678 95
    endloop
  endfacet
  facet normal -0.162901 0.986642 0
    outer loop
      vertex -9.78946 74.3584 71
      vertex -14.6318 73.5589 95
      vertex -9.78946 74.3584 95
    endloop
  endfacet
  facet normal -0.162901 0.986642 0
    outer loop
      vertex -14.6318 73.5589 95
      vertex -9.78946 74.3584 71
      vertex -14.6318 73.5589 71
    endloop
  endfacet
  facet normal 0.881919 -0.4714 0
    outer loop
      vertex 64.9519 -37.5 95
      vertex 67.2655 -33.1716 71
      vertex 67.2655 -33.1716 95
    endloop
  endfacet
  facet normal 0.881919 -0.4714 0
    outer loop
      vertex 67.2655 -33.1716 71
      vertex 64.9519 -37.5 95
      vertex 64.9519 -37.5 71
    endloop
  endfacet
  facet normal 0.227087 -0.973875 0
    outer loop
      vertex 14.6318 -73.5589 71
      vertex 19.4114 -72.4444 95
      vertex 14.6318 -73.5589 95
    endloop
  endfacet
  facet normal 0.227087 -0.973875 0
    outer loop
      vertex 19.4114 -72.4444 95
      vertex 14.6318 -73.5589 71
      vertex 19.4114 -72.4444 71
    endloop
  endfacet
  facet normal 0.683592 -0.729864 0
    outer loop
      vertex 49.4509 -56.388 71
      vertex 53.033 -53.033 95
      vertex 49.4509 -56.388 95
    endloop
  endfacet
  facet normal 0.683592 -0.729864 0
    outer loop
      vertex 53.033 -53.033 95
      vertex 49.4509 -56.388 71
      vertex 53.033 -53.033 71
    endloop
  endfacet
  facet normal -0.352251 -0.935906 0
    outer loop
      vertex -28.7013 -69.291 71
      vertex -24.108 -71.0198 95
      vertex -28.7013 -69.291 95
    endloop
  endfacet
  facet normal -0.352251 -0.935906 -0
    outer loop
      vertex -24.108 -71.0198 95
      vertex -28.7013 -69.291 71
      vertex -24.108 -71.0198 71
    endloop
  endfacet
  facet normal -0.77301 -0.634394 0
    outer loop
      vertex -56.388 -49.4509 71
      vertex -59.5015 -45.6571 95
      vertex -59.5015 -45.6571 71
    endloop
  endfacet
  facet normal -0.77301 -0.634394 0
    outer loop
      vertex -59.5015 -45.6571 95
      vertex -56.388 -49.4509 71
      vertex -56.388 -49.4509 95
    endloop
  endfacet
  facet normal 0.986642 0.162901 0
    outer loop
      vertex 74.3584 9.78946 95
      vertex 73.5589 14.6318 71
      vertex 73.5589 14.6318 95
    endloop
  endfacet
  facet normal 0.986642 0.162901 0
    outer loop
      vertex 73.5589 14.6318 71
      vertex 74.3584 9.78946 95
      vertex 74.3584 9.78946 71
    endloop
  endfacet
  facet normal 0.995186 0.0980061 0
    outer loop
      vertex 74.8394 4.90523 95
      vertex 74.3584 9.78946 71
      vertex 74.3584 9.78946 95
    endloop
  endfacet
  facet normal 0.995186 0.0980061 0
    outer loop
      vertex 74.3584 9.78946 71
      vertex 74.8394 4.90523 95
      vertex 74.8394 4.90523 71
    endloop
  endfacet
  facet normal 0.956946 0.290266 0
    outer loop
      vertex 72.4444 19.4114 95
      vertex 71.0198 24.108 71
      vertex 71.0198 24.108 95
    endloop
  endfacet
  facet normal 0.956946 0.290266 0
    outer loop
      vertex 71.0198 24.108 71
      vertex 72.4444 19.4114 95
      vertex 72.4444 19.4114 71
    endloop
  endfacet
  facet normal 0.849203 0.528067 0
    outer loop
      vertex 64.9519 37.5 95
      vertex 62.3602 41.6678 71
      vertex 62.3602 41.6678 95
    endloop
  endfacet
  facet normal 0.849203 0.528067 0
    outer loop
      vertex 62.3602 41.6678 71
      vertex 64.9519 37.5 95
      vertex 64.9519 37.5 71
    endloop
  endfacet
  facet normal 0.812846 0.582479 0
    outer loop
      vertex 62.3602 41.6678 95
      vertex 59.5015 45.6571 71
      vertex 59.5015 45.6571 95
    endloop
  endfacet
  facet normal 0.812846 0.582479 0
    outer loop
      vertex 59.5015 45.6571 71
      vertex 62.3602 41.6678 95
      vertex 62.3602 41.6678 71
    endloop
  endfacet
  facet normal 0.881919 0.4714 0
    outer loop
      vertex 67.2655 33.1716 95
      vertex 64.9519 37.5 71
      vertex 64.9519 37.5 95
    endloop
  endfacet
  facet normal 0.881919 0.4714 0
    outer loop
      vertex 64.9519 37.5 71
      vertex 67.2655 33.1716 95
      vertex 67.2655 33.1716 71
    endloop
  endfacet
  facet normal 0.290266 0.956946 -0
    outer loop
      vertex 24.108 71.0198 71
      vertex 19.4114 72.4444 95
      vertex 24.108 71.0198 95
    endloop
  endfacet
  facet normal 0.290266 0.956946 0
    outer loop
      vertex 19.4114 72.4444 95
      vertex 24.108 71.0198 71
      vertex 19.4114 72.4444 71
    endloop
  endfacet
  facet normal 0.352251 0.935906 -0
    outer loop
      vertex 28.7013 69.291 71
      vertex 24.108 71.0198 95
      vertex 28.7013 69.291 95
    endloop
  endfacet
  facet normal 0.352251 0.935906 0
    outer loop
      vertex 24.108 71.0198 95
      vertex 28.7013 69.291 71
      vertex 24.108 71.0198 71
    endloop
  endfacet
  facet normal 0.162901 0.986642 -0
    outer loop
      vertex 14.6318 73.5589 71
      vertex 9.78946 74.3584 95
      vertex 14.6318 73.5589 95
    endloop
  endfacet
  facet normal 0.162901 0.986642 0
    outer loop
      vertex 9.78946 74.3584 95
      vertex 14.6318 73.5589 71
      vertex 9.78946 74.3584 71
    endloop
  endfacet
  facet normal 0.582479 0.812846 -0
    outer loop
      vertex 45.6571 59.5015 71
      vertex 41.6678 62.3602 95
      vertex 45.6571 59.5015 95
    endloop
  endfacet
  facet normal 0.582479 0.812846 0
    outer loop
      vertex 41.6678 62.3602 95
      vertex 45.6571 59.5015 71
      vertex 41.6678 62.3602 71
    endloop
  endfacet
  facet normal 0.528067 0.849203 -0
    outer loop
      vertex 41.6678 62.3602 71
      vertex 37.5 64.9519 95
      vertex 41.6678 62.3602 95
    endloop
  endfacet
  facet normal 0.528067 0.849203 0
    outer loop
      vertex 37.5 64.9519 95
      vertex 41.6678 62.3602 71
      vertex 37.5 64.9519 71
    endloop
  endfacet
  facet normal -0.956946 0.290266 0
    outer loop
      vertex -72.4444 19.4114 71
      vertex -71.0198 24.108 95
      vertex -71.0198 24.108 71
    endloop
  endfacet
  facet normal -0.956946 0.290266 0
    outer loop
      vertex -71.0198 24.108 95
      vertex -72.4444 19.4114 71
      vertex -72.4444 19.4114 95
    endloop
  endfacet
  facet normal -0.77301 0.634394 0
    outer loop
      vertex -59.5015 45.6571 71
      vertex -56.388 49.4509 95
      vertex -56.388 49.4509 71
    endloop
  endfacet
  facet normal -0.77301 0.634394 0
    outer loop
      vertex -56.388 49.4509 95
      vertex -59.5015 45.6571 71
      vertex -59.5015 45.6571 95
    endloop
  endfacet
  facet normal -0.935906 0.352251 0
    outer loop
      vertex -71.0198 24.108 71
      vertex -69.291 28.7013 95
      vertex -69.291 28.7013 71
    endloop
  endfacet
  facet normal -0.935906 0.352251 0
    outer loop
      vertex -69.291 28.7013 95
      vertex -71.0198 24.108 71
      vertex -71.0198 24.108 95
    endloop
  endfacet
  facet normal -0.986642 0.162901 0
    outer loop
      vertex -74.3584 9.78946 71
      vertex -73.5589 14.6318 95
      vertex -73.5589 14.6318 71
    endloop
  endfacet
  facet normal -0.986642 0.162901 0
    outer loop
      vertex -73.5589 14.6318 95
      vertex -74.3584 9.78946 71
      vertex -74.3584 9.78946 95
    endloop
  endfacet
  facet normal -0.4714 0.881919 0
    outer loop
      vertex -33.1716 67.2655 71
      vertex -37.5 64.9519 95
      vertex -33.1716 67.2655 95
    endloop
  endfacet
  facet normal -0.4714 0.881919 0
    outer loop
      vertex -37.5 64.9519 95
      vertex -33.1716 67.2655 71
      vertex -37.5 64.9519 71
    endloop
  endfacet
  facet normal -0.528067 0.849203 0
    outer loop
      vertex -37.5 64.9519 71
      vertex -41.6678 62.3602 95
      vertex -37.5 64.9519 95
    endloop
  endfacet
  facet normal -0.528067 0.849203 0
    outer loop
      vertex -41.6678 62.3602 95
      vertex -37.5 64.9519 71
      vertex -41.6678 62.3602 71
    endloop
  endfacet
  facet normal -0.582479 0.812846 0
    outer loop
      vertex -41.6678 62.3602 71
      vertex -45.6571 59.5015 95
      vertex -41.6678 62.3602 95
    endloop
  endfacet
  facet normal -0.582479 0.812846 0
    outer loop
      vertex -45.6571 59.5015 95
      vertex -41.6678 62.3602 71
      vertex -45.6571 59.5015 71
    endloop
  endfacet
  facet normal -0.290266 0.956946 0
    outer loop
      vertex -19.4114 72.4444 71
      vertex -24.108 71.0198 95
      vertex -19.4114 72.4444 95
    endloop
  endfacet
  facet normal -0.290266 0.956946 0
    outer loop
      vertex -24.108 71.0198 95
      vertex -19.4114 72.4444 71
      vertex -24.108 71.0198 71
    endloop
  endfacet
  facet normal -0.0980061 0.995186 0
    outer loop
      vertex -4.90523 74.8394 71
      vertex -9.78946 74.3584 95
      vertex -4.90523 74.8394 95
    endloop
  endfacet
  facet normal -0.0980061 0.995186 0
    outer loop
      vertex -9.78946 74.3584 95
      vertex -4.90523 74.8394 71
      vertex -9.78946 74.3584 71
    endloop
  endfacet
  facet normal 0.582479 -0.812846 0
    outer loop
      vertex 41.6678 -62.3602 71
      vertex 45.6571 -59.5015 95
      vertex 41.6678 -62.3602 95
    endloop
  endfacet
  facet normal 0.582479 -0.812846 0
    outer loop
      vertex 45.6571 -59.5015 95
      vertex 41.6678 -62.3602 71
      vertex 45.6571 -59.5015 71
    endloop
  endfacet
  facet normal 0.935906 -0.352251 0
    outer loop
      vertex 69.291 -28.7013 95
      vertex 71.0198 -24.108 71
      vertex 71.0198 -24.108 95
    endloop
  endfacet
  facet normal 0.935906 -0.352251 0
    outer loop
      vertex 71.0198 -24.108 71
      vertex 69.291 -28.7013 95
      vertex 69.291 -28.7013 71
    endloop
  endfacet
  facet normal 0.986642 -0.162901 0
    outer loop
      vertex 73.5589 -14.6318 95
      vertex 74.3584 -9.78946 71
      vertex 74.3584 -9.78946 95
    endloop
  endfacet
  facet normal 0.986642 -0.162901 0
    outer loop
      vertex 74.3584 -9.78946 71
      vertex 73.5589 -14.6318 95
      vertex 73.5589 -14.6318 71
    endloop
  endfacet
  facet normal 0.995186 -0.0980061 0
    outer loop
      vertex 74.3584 -9.78946 95
      vertex 74.8394 -4.90523 71
      vertex 74.8394 -4.90523 95
    endloop
  endfacet
  facet normal 0.995186 -0.0980061 0
    outer loop
      vertex 74.8394 -4.90523 71
      vertex 74.3584 -9.78946 95
      vertex 74.3584 -9.78946 71
    endloop
  endfacet
  facet normal -0.412713 -0.910861 0
    outer loop
      vertex -33.1716 -67.2655 71
      vertex -28.7013 -69.291 95
      vertex -33.1716 -67.2655 95
    endloop
  endfacet
  facet normal -0.412713 -0.910861 -0
    outer loop
      vertex -28.7013 -69.291 95
      vertex -33.1716 -67.2655 71
      vertex -28.7013 -69.291 71
    endloop
  endfacet
  facet normal -0.528067 -0.849203 0
    outer loop
      vertex -41.6678 -62.3602 71
      vertex -37.5 -64.9519 95
      vertex -41.6678 -62.3602 95
    endloop
  endfacet
  facet normal -0.528067 -0.849203 -0
    outer loop
      vertex -37.5 -64.9519 95
      vertex -41.6678 -62.3602 71
      vertex -37.5 -64.9519 71
    endloop
  endfacet
  facet normal -0.162901 -0.986642 0
    outer loop
      vertex -14.6318 -73.5589 71
      vertex -9.78946 -74.3584 95
      vertex -14.6318 -73.5589 95
    endloop
  endfacet
  facet normal -0.162901 -0.986642 -0
    outer loop
      vertex -9.78946 -74.3584 95
      vertex -14.6318 -73.5589 71
      vertex -9.78946 -74.3584 71
    endloop
  endfacet
  facet normal -0.849203 -0.528067 0
    outer loop
      vertex -62.3602 -41.6678 71
      vertex -64.9519 -37.5 95
      vertex -64.9519 -37.5 71
    endloop
  endfacet
  facet normal -0.849203 -0.528067 0
    outer loop
      vertex -64.9519 -37.5 95
      vertex -62.3602 -41.6678 71
      vertex -62.3602 -41.6678 95
    endloop
  endfacet
  facet normal -0.812846 -0.582479 0
    outer loop
      vertex -59.5015 -45.6571 71
      vertex -62.3602 -41.6678 95
      vertex -62.3602 -41.6678 71
    endloop
  endfacet
  facet normal -0.812846 -0.582479 0
    outer loop
      vertex -62.3602 -41.6678 95
      vertex -59.5015 -45.6571 71
      vertex -59.5015 -45.6571 95
    endloop
  endfacet
  facet normal -0.935906 -0.352251 0
    outer loop
      vertex -69.291 -28.7013 71
      vertex -71.0198 -24.108 95
      vertex -71.0198 -24.108 71
    endloop
  endfacet
  facet normal -0.935906 -0.352251 0
    outer loop
      vertex -71.0198 -24.108 95
      vertex -69.291 -28.7013 71
      vertex -69.291 -28.7013 95
    endloop
  endfacet
  facet normal 0 0 -1
    outer loop
      vertex 57.5 0 71
      vertex 75 0 71
      vertex 74.8394 -4.90523 71
    endloop
  endfacet
  facet normal 0 0 -1
    outer loop
      vertex 57.3769 -3.76068 71
      vertex 74.8394 -4.90523 71
      vertex 74.3584 -9.78946 71
    endloop
  endfacet
  facet normal 0 0 -1
    outer loop
      vertex 75 0 71
      vertex 57.5 0 71
      vertex 74.8394 4.90523 71
    endloop
  endfacet
  facet normal 0 0 -1
    outer loop
      vertex 57.0081 -7.50526 71
      vertex 74.3584 -9.78946 71
      vertex 73.5589 -14.6318 71
    endloop
  endfacet
  facet normal 0 0 -1
    outer loop
      vertex 57.3769 3.76068 71
      vertex 74.8394 4.90523 71
      vertex 57.5 0 71
    endloop
  endfacet
  facet normal 0 0 -1
    outer loop
      vertex 56.3952 -11.2177 71
      vertex 73.5589 -14.6318 71
      vertex 72.4444 -19.4114 71
    endloop
  endfacet
  facet normal -0 0 -1
    outer loop
      vertex 74.8394 4.90523 71
      vertex 57.3769 3.76068 71
      vertex 74.3584 9.78946 71
    endloop
  endfacet
  facet normal 0 0 -1
    outer loop
      vertex 55.5407 -14.8821 71
      vertex 72.4444 -19.4114 71
      vertex 71.0198 -24.108 71
    endloop
  endfacet
  facet normal 0 0 -1
    outer loop
      vertex 57.0081 7.50526 71
      vertex 74.3584 9.78946 71
      vertex 57.3769 3.76068 71
    endloop
  endfacet
  facet normal 0 0 -1
    outer loop
      vertex 54.4485 -18.4828 71
      vertex 71.0198 -24.108 71
      vertex 69.291 -28.7013 71
    endloop
  endfacet
  facet normal -0 0 -1
    outer loop
      vertex 74.3584 9.78946 71
      vertex 57.0081 7.50526 71
      vertex 73.5589 14.6318 71
    endloop
  endfacet
  facet normal 0 0 -1
    outer loop
      vertex 53.1231 -22.0043 71
      vertex 69.291 -28.7013 71
      vertex 67.2655 -33.1716 71
    endloop
  endfacet
  facet normal 0 0 -1
    outer loop
      vertex 56.3952 11.2177 71
      vertex 73.5589 14.6318 71
      vertex 57.0081 7.50526 71
    endloop
  endfacet
  facet normal 0 0 -1
    outer loop
      vertex 51.5702 -25.4316 71
      vertex 67.2655 -33.1716 71
      vertex 64.9519 -37.5 71
    endloop
  endfacet
  facet normal -0 0 -1
    outer loop
      vertex 73.5589 14.6318 71
      vertex 56.3952 11.2177 71
      vertex 72.4444 19.4114 71
    endloop
  endfacet
  facet normal 0 0 -1
    outer loop
      vertex 49.7965 -28.75 71
      vertex 64.9519 -37.5 71
      vertex 62.3602 -41.6678 71
    endloop
  endfacet
  facet normal 0 0 -1
    outer loop
      vertex 55.5407 14.8821 71
      vertex 72.4444 19.4114 71
      vertex 56.3952 11.2177 71
    endloop
  endfacet
  facet normal 0 0 -1
    outer loop
      vertex 47.8095 -31.9453 71
      vertex 62.3602 -41.6678 71
      vertex 59.5015 -45.6571 71
    endloop
  endfacet
  facet normal -0 0 -1
    outer loop
      vertex 72.4444 19.4114 71
      vertex 55.5407 14.8821 71
      vertex 71.0198 24.108 71
    endloop
  endfacet
  facet normal 0 0 -1
    outer loop
      vertex 54.4485 18.4828 71
      vertex 71.0198 24.108 71
      vertex 55.5407 14.8821 71
    endloop
  endfacet
  facet normal 0 0 -1
    outer loop
      vertex 74.8394 -4.90523 71
      vertex 57.3769 -3.76068 71
      vertex 57.5 0 71
    endloop
  endfacet
  facet normal 0 0 -1
    outer loop
      vertex 74.3584 -9.78946 71
      vertex 57.0081 -7.50526 71
      vertex 57.3769 -3.76068 71
    endloop
  endfacet
  facet normal 0 0 -1
    outer loop
      vertex 73.5589 -14.6318 71
      vertex 56.3952 -11.2177 71
      vertex 57.0081 -7.50526 71
    endloop
  endfacet
  facet normal 0 0 -1
    outer loop
      vertex 45.6178 -35.0038 71
      vertex 59.5015 -45.6571 71
      vertex 56.388 -49.4509 71
    endloop
  endfacet
  facet normal 0 0 -1
    outer loop
      vertex 72.4444 -19.4114 71
      vertex 55.5407 -14.8821 71
      vertex 56.3952 -11.2177 71
    endloop
  endfacet
  facet normal 0 0 -1
    outer loop
      vertex 71.0198 -24.108 71
      vertex 54.4485 -18.4828 71
      vertex 55.5407 -14.8821 71
    endloop
  endfacet
  facet normal 0 0 -1
    outer loop
      vertex 69.291 -28.7013 71
      vertex 53.1231 -22.0043 71
      vertex 54.4485 -18.4828 71
    endloop
  endfacet
  facet normal 0 0 -1
    outer loop
      vertex 43.2308 -37.9124 71
      vertex 56.388 -49.4509 71
      vertex 53.033 -53.033 71
    endloop
  endfacet
  facet normal 0 0 -1
    outer loop
      vertex 67.2655 -33.1716 71
      vertex 51.5702 -25.4316 71
      vertex 53.1231 -22.0043 71
    endloop
  endfacet
  facet normal 0 0 -1
    outer loop
      vertex 64.9519 -37.5 71
      vertex 49.7965 -28.75 71
      vertex 51.5702 -25.4316 71
    endloop
  endfacet
  facet normal 0 0 -1
    outer loop
      vertex 40.6586 -40.6586 71
      vertex 53.033 -53.033 71
      vertex 49.4509 -56.388 71
    endloop
  endfacet
  facet normal 0 0 -1
    outer loop
      vertex 62.3602 -41.6678 71
      vertex 47.8095 -31.9453 71
      vertex 49.7965 -28.75 71
    endloop
  endfacet
  facet normal 0 0 -1
    outer loop
      vertex 37.9124 -43.2308 71
      vertex 49.4509 -56.388 71
      vertex 45.6571 -59.5015 71
    endloop
  endfacet
  facet normal 0 0 -1
    outer loop
      vertex 59.5015 -45.6571 71
      vertex 45.6178 -35.0038 71
      vertex 47.8095 -31.9453 71
    endloop
  endfacet
  facet normal 0 0 -1
    outer loop
      vertex 56.388 -49.4509 71
      vertex 43.2308 -37.9124 71
      vertex 45.6178 -35.0038 71
    endloop
  endfacet
  facet normal 0 0 -1
    outer loop
      vertex 35.0038 -45.6178 71
      vertex 45.6571 -59.5015 71
      vertex 41.6678 -62.3602 71
    endloop
  endfacet
  facet normal 0 0 -1
    outer loop
      vertex 53.033 -53.033 71
      vertex 40.6586 -40.6586 71
      vertex 43.2308 -37.9124 71
    endloop
  endfacet
  facet normal 0 0 -1
    outer loop
      vertex 49.4509 -56.388 71
      vertex 37.9124 -43.2308 71
      vertex 40.6586 -40.6586 71
    endloop
  endfacet
  facet normal 0 0 -1
    outer loop
      vertex 31.9453 -47.8095 71
      vertex 41.6678 -62.3602 71
      vertex 37.5 -64.9519 71
    endloop
  endfacet
  facet normal 0 0 -1
    outer loop
      vertex 45.6571 -59.5015 71
      vertex 35.0038 -45.6178 71
      vertex 37.9124 -43.2308 71
    endloop
  endfacet
  facet normal 0 0 -1
    outer loop
      vertex 28.75 -49.7965 71
      vertex 37.5 -64.9519 71
      vertex 33.1716 -67.2655 71
    endloop
  endfacet
  facet normal 0 0 -1
    outer loop
      vertex 41.6678 -62.3602 71
      vertex 31.9453 -47.8095 71
      vertex 35.0038 -45.6178 71
    endloop
  endfacet
  facet normal 0 0 -1
    outer loop
      vertex 37.5 -64.9519 71
      vertex 28.75 -49.7965 71
      vertex 31.9453 -47.8095 71
    endloop
  endfacet
  facet normal 0 0 -1
    outer loop
      vertex 25.4316 -51.5702 71
      vertex 33.1716 -67.2655 71
      vertex 28.7013 -69.291 71
    endloop
  endfacet
  facet normal 0 0 -1
    outer loop
      vertex 33.1716 -67.2655 71
      vertex 25.4316 -51.5702 71
      vertex 28.75 -49.7965 71
    endloop
  endfacet
  facet normal 0 0 -1
    outer loop
      vertex 22.0043 -53.1231 71
      vertex 28.7013 -69.291 71
      vertex 24.108 -71.0198 71
    endloop
  endfacet
  facet normal 0 0 -1
    outer loop
      vertex 28.7013 -69.291 71
      vertex 22.0043 -53.1231 71
      vertex 25.4316 -51.5702 71
    endloop
  endfacet
  facet normal 0 0 -1
    outer loop
      vertex 18.4828 -54.4485 71
      vertex 24.108 -71.0198 71
      vertex 19.4114 -72.4444 71
    endloop
  endfacet
  facet normal 0 0 -1
    outer loop
      vertex 24.108 -71.0198 71
      vertex 18.4828 -54.4485 71
      vertex 22.0043 -53.1231 71
    endloop
  endfacet
  facet normal 0 0 -1
    outer loop
      vertex 19.4114 -72.4444 71
      vertex 14.8821 -55.5407 71
      vertex 18.4828 -54.4485 71
    endloop
  endfacet
  facet normal 0 0 -1
    outer loop
      vertex 14.6318 -73.5589 71
      vertex 14.8821 -55.5407 71
      vertex 19.4114 -72.4444 71
    endloop
  endfacet
  facet normal 0 0 -1
    outer loop
      vertex 14.6318 -73.5589 71
      vertex 11.2177 -56.3952 71
      vertex 14.8821 -55.5407 71
    endloop
  endfacet
  facet normal 0 0 -1
    outer loop
      vertex 9.78946 -74.3584 71
      vertex 11.2177 -56.3952 71
      vertex 14.6318 -73.5589 71
    endloop
  endfacet
  facet normal 0 0 -1
    outer loop
      vertex 9.78946 -74.3584 71
      vertex 7.50526 -57.0081 71
      vertex 11.2177 -56.3952 71
    endloop
  endfacet
  facet normal 0 0 -1
    outer loop
      vertex 4.90523 -74.8394 71
      vertex 7.50526 -57.0081 71
      vertex 9.78946 -74.3584 71
    endloop
  endfacet
  facet normal 0 0 -1
    outer loop
      vertex 4.90523 -74.8394 71
      vertex 3.76068 -57.3769 71
      vertex 7.50526 -57.0081 71
    endloop
  endfacet
  facet normal 0 0 -1
    outer loop
      vertex 0 -75 71
      vertex 3.76068 -57.3769 71
      vertex 4.90523 -74.8394 71
    endloop
  endfacet
  facet normal 0 0 -1
    outer loop
      vertex 0 -75 71
      vertex 0 -57.5 71
      vertex 3.76068 -57.3769 71
    endloop
  endfacet
  facet normal 0 0 -1
    outer loop
      vertex 0 -75 71
      vertex -3.76068 -57.3769 71
      vertex 0 -57.5 71
    endloop
  endfacet
  facet normal 0 0 -1
    outer loop
      vertex -4.90523 -74.8394 71
      vertex -3.76068 -57.3769 71
      vertex 0 -75 71
    endloop
  endfacet
  facet normal 0 0 -1
    outer loop
      vertex -4.90523 -74.8394 71
      vertex -7.50526 -57.0081 71
      vertex -3.76068 -57.3769 71
    endloop
  endfacet
  facet normal 0 0 -1
    outer loop
      vertex -9.78946 -74.3584 71
      vertex -7.50526 -57.0081 71
      vertex -4.90523 -74.8394 71
    endloop
  endfacet
  facet normal 0 0 -1
    outer loop
      vertex -9.78946 -74.3584 71
      vertex -11.2177 -56.3952 71
      vertex -7.50526 -57.0081 71
    endloop
  endfacet
  facet normal 0 0 -1
    outer loop
      vertex -14.6318 -73.5589 71
      vertex -11.2177 -56.3952 71
      vertex -9.78946 -74.3584 71
    endloop
  endfacet
  facet normal 0 0 -1
    outer loop
      vertex -14.6318 -73.5589 71
      vertex -14.8821 -55.5407 71
      vertex -11.2177 -56.3952 71
    endloop
  endfacet
  facet normal 0 0 -1
    outer loop
      vertex -19.4114 -72.4444 71
      vertex -14.8821 -55.5407 71
      vertex -14.6318 -73.5589 71
    endloop
  endfacet
  facet normal -0 0 -1
    outer loop
      vertex -14.8821 -55.5407 71
      vertex -19.4114 -72.4444 71
      vertex -18.4828 -54.4485 71
    endloop
  endfacet
  facet normal 0 0 -1
    outer loop
      vertex -24.108 -71.0198 71
      vertex -18.4828 -54.4485 71
      vertex -19.4114 -72.4444 71
    endloop
  endfacet
  facet normal -0 0 -1
    outer loop
      vertex -18.4828 -54.4485 71
      vertex -24.108 -71.0198 71
      vertex -22.0043 -53.1231 71
    endloop
  endfacet
  facet normal 0 0 -1
    outer loop
      vertex -28.7013 -69.291 71
      vertex -22.0043 -53.1231 71
      vertex -24.108 -71.0198 71
    endloop
  endfacet
  facet normal -0 0 -1
    outer loop
      vertex -22.0043 -53.1231 71
      vertex -28.7013 -69.291 71
      vertex -25.4316 -51.5702 71
    endloop
  endfacet
  facet normal 0 0 -1
    outer loop
      vertex -33.1716 -67.2655 71
      vertex -25.4316 -51.5702 71
      vertex -28.7013 -69.291 71
    endloop
  endfacet
  facet normal -0 0 -1
    outer loop
      vertex -25.4316 -51.5702 71
      vertex -33.1716 -67.2655 71
      vertex -28.75 -49.7965 71
    endloop
  endfacet
  facet normal 0 0 -1
    outer loop
      vertex -37.5 -64.9519 71
      vertex -28.75 -49.7965 71
      vertex -33.1716 -67.2655 71
    endloop
  endfacet
  facet normal -0 0 -1
    outer loop
      vertex -28.75 -49.7965 71
      vertex -37.5 -64.9519 71
      vertex -31.9453 -47.8095 71
    endloop
  endfacet
  facet normal 0 0 -1
    outer loop
      vertex -41.6678 -62.3602 71
      vertex -31.9453 -47.8095 71
      vertex -37.5 -64.9519 71
    endloop
  endfacet
  facet normal -0 0 -1
    outer loop
      vertex -31.9453 -47.8095 71
      vertex -41.6678 -62.3602 71
      vertex -35.0038 -45.6178 71
    endloop
  endfacet
  facet normal 0 0 -1
    outer loop
      vertex -45.6571 -59.5015 71
      vertex -35.0038 -45.6178 71
      vertex -41.6678 -62.3602 71
    endloop
  endfacet
  facet normal -0 0 -1
    outer loop
      vertex -35.0038 -45.6178 71
      vertex -45.6571 -59.5015 71
      vertex -37.9124 -43.2308 71
    endloop
  endfacet
  facet normal 0 0 -1
    outer loop
      vertex -49.4509 -56.388 71
      vertex -37.9124 -43.2308 71
      vertex -45.6571 -59.5015 71
    endloop
  endfacet
  facet normal -0 0 -1
    outer loop
      vertex -37.9124 -43.2308 71
      vertex -49.4509 -56.388 71
      vertex -40.6586 -40.6586 71
    endloop
  endfacet
  facet normal 0 0 -1
    outer loop
      vertex -53.033 -53.033 71
      vertex -40.6586 -40.6586 71
      vertex -49.4509 -56.388 71
    endloop
  endfacet
  facet normal -0 0 -1
    outer loop
      vertex -40.6586 -40.6586 71
      vertex -53.033 -53.033 71
      vertex -43.2308 -37.9124 71
    endloop
  endfacet
  facet normal 0 0 -1
    outer loop
      vertex -56.388 -49.4509 71
      vertex -43.2308 -37.9124 71
      vertex -53.033 -53.033 71
    endloop
  endfacet
  facet normal -0 0 -1
    outer loop
      vertex -43.2308 -37.9124 71
      vertex -56.388 -49.4509 71
      vertex -45.6178 -35.0038 71
    endloop
  endfacet
  facet normal 0 0 -1
    outer loop
      vertex -59.5015 -45.6571 71
      vertex -45.6178 -35.0038 71
      vertex -56.388 -49.4509 71
    endloop
  endfacet
  facet normal -0 0 -1
    outer loop
      vertex -45.6178 -35.0038 71
      vertex -59.5015 -45.6571 71
      vertex -47.8095 -31.9453 71
    endloop
  endfacet
  facet normal 0 0 -1
    outer loop
      vertex -62.3602 -41.6678 71
      vertex -47.8095 -31.9453 71
      vertex -59.5015 -45.6571 71
    endloop
  endfacet
  facet normal -0 0 -1
    outer loop
      vertex -47.8095 -31.9453 71
      vertex -62.3602 -41.6678 71
      vertex -49.7965 -28.75 71
    endloop
  endfacet
  facet normal 0 0 -1
    outer loop
      vertex -64.9519 -37.5 71
      vertex -49.7965 -28.75 71
      vertex -62.3602 -41.6678 71
    endloop
  endfacet
  facet normal -0 0 -1
    outer loop
      vertex -49.7965 -28.75 71
      vertex -64.9519 -37.5 71
      vertex -51.5702 -25.4316 71
    endloop
  endfacet
  facet normal 0 0 -1
    outer loop
      vertex -67.2655 -33.1716 71
      vertex -51.5702 -25.4316 71
      vertex -64.9519 -37.5 71
    endloop
  endfacet
  facet normal -0 0 -1
    outer loop
      vertex -51.5702 -25.4316 71
      vertex -67.2655 -33.1716 71
      vertex -53.1231 -22.0043 71
    endloop
  endfacet
  facet normal 0 0 -1
    outer loop
      vertex -69.291 -28.7013 71
      vertex -53.1231 -22.0043 71
      vertex -67.2655 -33.1716 71
    endloop
  endfacet
  facet normal -0 0 -1
    outer loop
      vertex -53.1231 -22.0043 71
      vertex -69.291 -28.7013 71
      vertex -54.4485 -18.4828 71
    endloop
  endfacet
  facet normal 0 0 -1
    outer loop
      vertex -71.0198 -24.108 71
      vertex -54.4485 -18.4828 71
      vertex -69.291 -28.7013 71
    endloop
  endfacet
  facet normal -0 0 -1
    outer loop
      vertex 71.0198 24.108 71
      vertex 54.4485 18.4828 71
      vertex 69.291 28.7013 71
    endloop
  endfacet
  facet normal 0 0 -1
    outer loop
      vertex 53.1231 22.0043 71
      vertex 69.291 28.7013 71
      vertex 54.4485 18.4828 71
    endloop
  endfacet
  facet normal -0 0 -1
    outer loop
      vertex 69.291 28.7013 71
      vertex 53.1231 22.0043 71
      vertex 67.2655 33.1716 71
    endloop
  endfacet
  facet normal 0 0 -1
    outer loop
      vertex 51.5702 25.4316 71
      vertex 67.2655 33.1716 71
      vertex 53.1231 22.0043 71
    endloop
  endfacet
  facet normal -0 0 -1
    outer loop
      vertex 67.2655 33.1716 71
      vertex 51.5702 25.4316 71
      vertex 64.9519 37.5 71
    endloop
  endfacet
  facet normal 0 0 -1
    outer loop
      vertex 49.7965 28.75 71
      vertex 64.9519 37.5 71
      vertex 51.5702 25.4316 71
    endloop
  endfacet
  facet normal -0 0 -1
    outer loop
      vertex 64.9519 37.5 71
      vertex 49.7965 28.75 71
      vertex 62.3602 41.6678 71
    endloop
  endfacet
  facet normal 0 0 -1
    outer loop
      vertex 47.8095 31.9453 71
      vertex 62.3602 41.6678 71
      vertex 49.7965 28.75 71
    endloop
  endfacet
  facet normal -0 0 -1
    outer loop
      vertex 62.3602 41.6678 71
      vertex 47.8095 31.9453 71
      vertex 59.5015 45.6571 71
    endloop
  endfacet
  facet normal 0 0 -1
    outer loop
      vertex 45.6178 35.0038 71
      vertex 59.5015 45.6571 71
      vertex 47.8095 31.9453 71
    endloop
  endfacet
  facet normal -0 0 -1
    outer loop
      vertex 59.5015 45.6571 71
      vertex 45.6178 35.0038 71
      vertex 56.388 49.4509 71
    endloop
  endfacet
  facet normal 0 0 -1
    outer loop
      vertex 43.2308 37.9124 71
      vertex 56.388 49.4509 71
      vertex 45.6178 35.0038 71
    endloop
  endfacet
  facet normal -0 0 -1
    outer loop
      vertex 56.388 49.4509 71
      vertex 43.2308 37.9124 71
      vertex 53.033 53.033 71
    endloop
  endfacet
  facet normal 0 0 -1
    outer loop
      vertex 40.6586 40.6586 71
      vertex 53.033 53.033 71
      vertex 43.2308 37.9124 71
    endloop
  endfacet
  facet normal -0 0 -1
    outer loop
      vertex 53.033 53.033 71
      vertex 40.6586 40.6586 71
      vertex 49.4509 56.388 71
    endloop
  endfacet
  facet normal 0 0 -1
    outer loop
      vertex 37.9124 43.2308 71
      vertex 49.4509 56.388 71
      vertex 40.6586 40.6586 71
    endloop
  endfacet
  facet normal -0 0 -1
    outer loop
      vertex 49.4509 56.388 71
      vertex 37.9124 43.2308 71
      vertex 45.6571 59.5015 71
    endloop
  endfacet
  facet normal 0 0 -1
    outer loop
      vertex 35.0038 45.6178 71
      vertex 45.6571 59.5015 71
      vertex 37.9124 43.2308 71
    endloop
  endfacet
  facet normal -0 0 -1
    outer loop
      vertex 45.6571 59.5015 71
      vertex 35.0038 45.6178 71
      vertex 41.6678 62.3602 71
    endloop
  endfacet
  facet normal 0 0 -1
    outer loop
      vertex 31.9453 47.8095 71
      vertex 41.6678 62.3602 71
      vertex 35.0038 45.6178 71
    endloop
  endfacet
  facet normal -0 0 -1
    outer loop
      vertex 41.6678 62.3602 71
      vertex 31.9453 47.8095 71
      vertex 37.5 64.9519 71
    endloop
  endfacet
  facet normal 0 0 -1
    outer loop
      vertex 28.75 49.7965 71
      vertex 37.5 64.9519 71
      vertex 31.9453 47.8095 71
    endloop
  endfacet
  facet normal -0 0 -1
    outer loop
      vertex 37.5 64.9519 71
      vertex 28.75 49.7965 71
      vertex 33.1716 67.2655 71
    endloop
  endfacet
  facet normal 0 0 -1
    outer loop
      vertex 25.4316 51.5702 71
      vertex 33.1716 67.2655 71
      vertex 28.75 49.7965 71
    endloop
  endfacet
  facet normal -0 0 -1
    outer loop
      vertex 33.1716 67.2655 71
      vertex 25.4316 51.5702 71
      vertex 28.7013 69.291 71
    endloop
  endfacet
  facet normal 0 0 -1
    outer loop
      vertex 22.0043 53.1231 71
      vertex 28.7013 69.291 71
      vertex 25.4316 51.5702 71
    endloop
  endfacet
  facet normal -0 0 -1
    outer loop
      vertex 28.7013 69.291 71
      vertex 22.0043 53.1231 71
      vertex 24.108 71.0198 71
    endloop
  endfacet
  facet normal 0 0 -1
    outer loop
      vertex 18.4828 54.4485 71
      vertex 24.108 71.0198 71
      vertex 22.0043 53.1231 71
    endloop
  endfacet
  facet normal -0 0 -1
    outer loop
      vertex 24.108 71.0198 71
      vertex 18.4828 54.4485 71
      vertex 19.4114 72.4444 71
    endloop
  endfacet
  facet normal 0 0 -1
    outer loop
      vertex 14.8821 55.5407 71
      vertex 19.4114 72.4444 71
      vertex 18.4828 54.4485 71
    endloop
  endfacet
  facet normal 0 0 -1
    outer loop
      vertex 14.8821 55.5407 71
      vertex 14.6318 73.5589 71
      vertex 19.4114 72.4444 71
    endloop
  endfacet
  facet normal 0 0 -1
    outer loop
      vertex 11.2177 56.3952 71
      vertex 14.6318 73.5589 71
      vertex 14.8821 55.5407 71
    endloop
  endfacet
  facet normal 0 0 -1
    outer loop
      vertex 11.2177 56.3952 71
      vertex 9.78946 74.3584 71
      vertex 14.6318 73.5589 71
    endloop
  endfacet
  facet normal 0 0 -1
    outer loop
      vertex 7.50526 57.0081 71
      vertex 9.78946 74.3584 71
      vertex 11.2177 56.3952 71
    endloop
  endfacet
  facet normal 0 0 -1
    outer loop
      vertex 7.50526 57.0081 71
      vertex 4.90523 74.8394 71
      vertex 9.78946 74.3584 71
    endloop
  endfacet
  facet normal 0 0 -1
    outer loop
      vertex 3.76068 57.3769 71
      vertex 4.90523 74.8394 71
      vertex 7.50526 57.0081 71
    endloop
  endfacet
  facet normal 0 0 -1
    outer loop
      vertex 0 57.5 71
      vertex 4.90523 74.8394 71
      vertex 3.76068 57.3769 71
    endloop
  endfacet
  facet normal 0 0 -1
    outer loop
      vertex 0 57.5 71
      vertex 0 75 71
      vertex 4.90523 74.8394 71
    endloop
  endfacet
  facet normal 0 0 -1
    outer loop
      vertex -3.76068 57.3769 71
      vertex 0 75 71
      vertex 0 57.5 71
    endloop
  endfacet
  facet normal 0 0 -1
    outer loop
      vertex -3.76068 57.3769 71
      vertex -4.90523 74.8394 71
      vertex 0 75 71
    endloop
  endfacet
  facet normal 0 0 -1
    outer loop
      vertex -7.50526 57.0081 71
      vertex -4.90523 74.8394 71
      vertex -3.76068 57.3769 71
    endloop
  endfacet
  facet normal 0 0 -1
    outer loop
      vertex -7.50526 57.0081 71
      vertex -9.78946 74.3584 71
      vertex -4.90523 74.8394 71
    endloop
  endfacet
  facet normal 0 0 -1
    outer loop
      vertex -11.2177 56.3952 71
      vertex -9.78946 74.3584 71
      vertex -7.50526 57.0081 71
    endloop
  endfacet
  facet normal 0 0 -1
    outer loop
      vertex -11.2177 56.3952 71
      vertex -14.6318 73.5589 71
      vertex -9.78946 74.3584 71
    endloop
  endfacet
  facet normal 0 0 -1
    outer loop
      vertex -14.8821 55.5407 71
      vertex -14.6318 73.5589 71
      vertex -11.2177 56.3952 71
    endloop
  endfacet
  facet normal 0 0 -1
    outer loop
      vertex -19.4114 72.4444 71
      vertex -14.8821 55.5407 71
      vertex -18.4828 54.4485 71
    endloop
  endfacet
  facet normal 0 0 -1
    outer loop
      vertex -14.8821 55.5407 71
      vertex -19.4114 72.4444 71
      vertex -14.6318 73.5589 71
    endloop
  endfacet
  facet normal 0 0 -1
    outer loop
      vertex -24.108 71.0198 71
      vertex -18.4828 54.4485 71
      vertex -22.0043 53.1231 71
    endloop
  endfacet
  facet normal 0 0 -1
    outer loop
      vertex -18.4828 54.4485 71
      vertex -24.108 71.0198 71
      vertex -19.4114 72.4444 71
    endloop
  endfacet
  facet normal 0 0 -1
    outer loop
      vertex -28.7013 69.291 71
      vertex -22.0043 53.1231 71
      vertex -25.4316 51.5702 71
    endloop
  endfacet
  facet normal 0 0 -1
    outer loop
      vertex -22.0043 53.1231 71
      vertex -28.7013 69.291 71
      vertex -24.108 71.0198 71
    endloop
  endfacet
  facet normal 0 0 -1
    outer loop
      vertex -33.1716 67.2655 71
      vertex -25.4316 51.5702 71
      vertex -28.75 49.7965 71
    endloop
  endfacet
  facet normal 0 0 -1
    outer loop
      vertex -37.5 64.9519 71
      vertex -28.75 49.7965 71
      vertex -31.9453 47.8095 71
    endloop
  endfacet
  facet normal 0 0 -1
    outer loop
      vertex -25.4316 51.5702 71
      vertex -33.1716 67.2655 71
      vertex -28.7013 69.291 71
    endloop
  endfacet
  facet normal 0 0 -1
    outer loop
      vertex -41.6678 62.3602 71
      vertex -31.9453 47.8095 71
      vertex -35.0038 45.6178 71
    endloop
  endfacet
  facet normal 0 0 -1
    outer loop
      vertex -28.75 49.7965 71
      vertex -37.5 64.9519 71
      vertex -33.1716 67.2655 71
    endloop
  endfacet
  facet normal 0 0 -1
    outer loop
      vertex -45.6571 59.5015 71
      vertex -35.0038 45.6178 71
      vertex -37.9124 43.2308 71
    endloop
  endfacet
  facet normal 0 0 -1
    outer loop
      vertex -49.4509 56.388 71
      vertex -37.9124 43.2308 71
      vertex -40.6586 40.6586 71
    endloop
  endfacet
  facet normal 0 0 -1
    outer loop
      vertex -31.9453 47.8095 71
      vertex -41.6678 62.3602 71
      vertex -37.5 64.9519 71
    endloop
  endfacet
  facet normal 0 0 -1
    outer loop
      vertex -53.033 53.033 71
      vertex -40.6586 40.6586 71
      vertex -43.2308 37.9124 71
    endloop
  endfacet
  facet normal 0 0 -1
    outer loop
      vertex -56.388 49.4509 71
      vertex -43.2308 37.9124 71
      vertex -45.6178 35.0038 71
    endloop
  endfacet
  facet normal 0 0 -1
    outer loop
      vertex -35.0038 45.6178 71
      vertex -45.6571 59.5015 71
      vertex -41.6678 62.3602 71
    endloop
  endfacet
  facet normal 0 0 -1
    outer loop
      vertex -59.5015 45.6571 71
      vertex -45.6178 35.0038 71
      vertex -47.8095 31.9453 71
    endloop
  endfacet
  facet normal 0 0 -1
    outer loop
      vertex -37.9124 43.2308 71
      vertex -49.4509 56.388 71
      vertex -45.6571 59.5015 71
    endloop
  endfacet
  facet normal 0 0 -1
    outer loop
      vertex -62.3602 41.6678 71
      vertex -47.8095 31.9453 71
      vertex -49.7965 28.75 71
    endloop
  endfacet
  facet normal 0 0 -1
    outer loop
      vertex -64.9519 37.5 71
      vertex -49.7965 28.75 71
      vertex -51.5702 25.4316 71
    endloop
  endfacet
  facet normal 0 0 -1
    outer loop
      vertex -40.6586 40.6586 71
      vertex -53.033 53.033 71
      vertex -49.4509 56.388 71
    endloop
  endfacet
  facet normal 0 0 -1
    outer loop
      vertex -67.2655 33.1716 71
      vertex -51.5702 25.4316 71
      vertex -53.1231 22.0043 71
    endloop
  endfacet
  facet normal 0 0 -1
    outer loop
      vertex -69.291 28.7013 71
      vertex -53.1231 22.0043 71
      vertex -54.4485 18.4828 71
    endloop
  endfacet
  facet normal 0 0 -1
    outer loop
      vertex -71.0198 24.108 71
      vertex -54.4485 18.4828 71
      vertex -55.5407 14.8821 71
    endloop
  endfacet
  facet normal 0 0 -1
    outer loop
      vertex -43.2308 37.9124 71
      vertex -56.388 49.4509 71
      vertex -53.033 53.033 71
    endloop
  endfacet
  facet normal 0 0 -1
    outer loop
      vertex -72.4444 19.4114 71
      vertex -55.5407 14.8821 71
      vertex -56.3952 11.2177 71
    endloop
  endfacet
  facet normal 0 0 -1
    outer loop
      vertex -73.5589 14.6318 71
      vertex -56.3952 11.2177 71
      vertex -57.0081 7.50526 71
    endloop
  endfacet
  facet normal 0 0 -1
    outer loop
      vertex -74.3584 9.78946 71
      vertex -57.0081 7.50526 71
      vertex -57.3769 3.76068 71
    endloop
  endfacet
  facet normal 0 0 -1
    outer loop
      vertex -74.8394 4.90523 71
      vertex -57.3769 3.76068 71
      vertex -57.5 0 71
    endloop
  endfacet
  facet normal -0 0 -1
    outer loop
      vertex -54.4485 -18.4828 71
      vertex -71.0198 -24.108 71
      vertex -55.5407 -14.8821 71
    endloop
  endfacet
  facet normal 0 0 -1
    outer loop
      vertex -45.6178 35.0038 71
      vertex -59.5015 45.6571 71
      vertex -56.388 49.4509 71
    endloop
  endfacet
  facet normal 0 0 -1
    outer loop
      vertex -72.4444 -19.4114 71
      vertex -55.5407 -14.8821 71
      vertex -71.0198 -24.108 71
    endloop
  endfacet
  facet normal 0 0 -1
    outer loop
      vertex -47.8095 31.9453 71
      vertex -62.3602 41.6678 71
      vertex -59.5015 45.6571 71
    endloop
  endfacet
  facet normal -0 0 -1
    outer loop
      vertex -55.5407 -14.8821 71
      vertex -72.4444 -19.4114 71
      vertex -56.3952 -11.2177 71
    endloop
  endfacet
  facet normal 0 0 -1
    outer loop
      vertex -49.7965 28.75 71
      vertex -64.9519 37.5 71
      vertex -62.3602 41.6678 71
    endloop
  endfacet
  facet normal 0 0 -1
    outer loop
      vertex -73.5589 -14.6318 71
      vertex -56.3952 -11.2177 71
      vertex -72.4444 -19.4114 71
    endloop
  endfacet
  facet normal 0 0 -1
    outer loop
      vertex -51.5702 25.4316 71
      vertex -67.2655 33.1716 71
      vertex -64.9519 37.5 71
    endloop
  endfacet
  facet normal -0 0 -1
    outer loop
      vertex -56.3952 -11.2177 71
      vertex -73.5589 -14.6318 71
      vertex -57.0081 -7.50526 71
    endloop
  endfacet
  facet normal 0 0 -1
    outer loop
      vertex -53.1231 22.0043 71
      vertex -69.291 28.7013 71
      vertex -67.2655 33.1716 71
    endloop
  endfacet
  facet normal 0 0 -1
    outer loop
      vertex -74.3584 -9.78946 71
      vertex -57.0081 -7.50526 71
      vertex -73.5589 -14.6318 71
    endloop
  endfacet
  facet normal 0 0 -1
    outer loop
      vertex -54.4485 18.4828 71
      vertex -71.0198 24.108 71
      vertex -69.291 28.7013 71
    endloop
  endfacet
  facet normal -0 0 -1
    outer loop
      vertex -57.0081 -7.50526 71
      vertex -74.3584 -9.78946 71
      vertex -57.3769 -3.76068 71
    endloop
  endfacet
  facet normal 0 0 -1
    outer loop
      vertex -55.5407 14.8821 71
      vertex -72.4444 19.4114 71
      vertex -71.0198 24.108 71
    endloop
  endfacet
  facet normal 0 0 -1
    outer loop
      vertex -74.8394 -4.90523 71
      vertex -57.3769 -3.76068 71
      vertex -74.3584 -9.78946 71
    endloop
  endfacet
  facet normal 0 0 -1
    outer loop
      vertex -56.3952 11.2177 71
      vertex -73.5589 14.6318 71
      vertex -72.4444 19.4114 71
    endloop
  endfacet
  facet normal -0 0 -1
    outer loop
      vertex -57.3769 -3.76068 71
      vertex -74.8394 -4.90523 71
      vertex -57.5 0 71
    endloop
  endfacet
  facet normal 0 0 -1
    outer loop
      vertex -57.0081 7.50526 71
      vertex -74.3584 9.78946 71
      vertex -73.5589 14.6318 71
    endloop
  endfacet
  facet normal 0 0 -1
    outer loop
      vertex -75 0 71
      vertex -57.5 0 71
      vertex -74.8394 -4.90523 71
    endloop
  endfacet
  facet normal 0 0 -1
    outer loop
      vertex -57.3769 3.76068 71
      vertex -74.8394 4.90523 71
      vertex -74.3584 9.78946 71
    endloop
  endfacet
  facet normal 0 0 -1
    outer loop
      vertex -57.5 0 71
      vertex -75 0 71
      vertex -74.8394 4.90523 71
    endloop
  endfacet
  facet normal 0.973875 0.227087 0
    outer loop
      vertex 73.5589 14.6318 95
      vertex 72.4444 19.4114 71
      vertex 72.4444 19.4114 95
    endloop
  endfacet
  facet normal 0.973875 0.227087 0
    outer loop
      vertex 72.4444 19.4114 71
      vertex 73.5589 14.6318 95
      vertex 73.5589 14.6318 71
    endloop
  endfacet
  facet normal 0.935906 0.352251 0
    outer loop
      vertex 71.0198 24.108 95
      vertex 69.291 28.7013 71
      vertex 69.291 28.7013 95
    endloop
  endfacet
  facet normal 0.935906 0.352251 0
    outer loop
      vertex 69.291 28.7013 71
      vertex 71.0198 24.108 95
      vertex 71.0198 24.108 71
    endloop
  endfacet
  facet normal 0.77301 0.634394 0
    outer loop
      vertex 59.5015 45.6571 95
      vertex 56.388 49.4509 71
      vertex 56.388 49.4509 95
    endloop
  endfacet
  facet normal 0.77301 0.634394 0
    outer loop
      vertex 56.388 49.4509 71
      vertex 59.5015 45.6571 95
      vertex 59.5015 45.6571 71
    endloop
  endfacet
  facet normal 0.227087 0.973875 -0
    outer loop
      vertex 19.4114 72.4444 71
      vertex 14.6318 73.5589 95
      vertex 19.4114 72.4444 95
    endloop
  endfacet
  facet normal 0.227087 0.973875 0
    outer loop
      vertex 14.6318 73.5589 95
      vertex 19.4114 72.4444 71
      vertex 14.6318 73.5589 71
    endloop
  endfacet
  facet normal 0.0980061 0.995186 -0
    outer loop
      vertex 9.78946 74.3584 71
      vertex 4.90523 74.8394 95
      vertex 9.78946 74.3584 95
    endloop
  endfacet
  facet normal 0.0980061 0.995186 0
    outer loop
      vertex 4.90523 74.8394 95
      vertex 9.78946 74.3584 71
      vertex 4.90523 74.8394 71
    endloop
  endfacet
  facet normal 0.412713 0.910861 -0
    outer loop
      vertex 33.1716 67.2655 71
      vertex 28.7013 69.291 95
      vertex 33.1716 67.2655 95
    endloop
  endfacet
  facet normal 0.412713 0.910861 0
    outer loop
      vertex 28.7013 69.291 95
      vertex 33.1716 67.2655 71
      vertex 28.7013 69.291 71
    endloop
  endfacet
  facet normal 0.4714 0.881919 -0
    outer loop
      vertex 37.5 64.9519 71
      vertex 33.1716 67.2655 95
      vertex 37.5 64.9519 95
    endloop
  endfacet
  facet normal 0.4714 0.881919 0
    outer loop
      vertex 33.1716 67.2655 95
      vertex 37.5 64.9519 71
      vertex 33.1716 67.2655 71
    endloop
  endfacet
  facet normal 0.634394 0.77301 -0
    outer loop
      vertex 49.4509 56.388 71
      vertex 45.6571 59.5015 95
      vertex 49.4509 56.388 95
    endloop
  endfacet
  facet normal 0.634394 0.77301 0
    outer loop
      vertex 45.6571 59.5015 95
      vertex 49.4509 56.388 71
      vertex 45.6571 59.5015 71
    endloop
  endfacet
  facet normal 0.683592 0.729864 -0
    outer loop
      vertex 53.033 53.033 71
      vertex 49.4509 56.388 95
      vertex 53.033 53.033 95
    endloop
  endfacet
  facet normal 0.683592 0.729864 0
    outer loop
      vertex 49.4509 56.388 95
      vertex 53.033 53.033 71
      vertex 49.4509 56.388 71
    endloop
  endfacet
  facet normal -0.910861 0.412713 0
    outer loop
      vertex -69.291 28.7013 71
      vertex -67.2655 33.1716 95
      vertex -67.2655 33.1716 71
    endloop
  endfacet
  facet normal -0.910861 0.412713 0
    outer loop
      vertex -67.2655 33.1716 95
      vertex -69.291 28.7013 71
      vertex -69.291 28.7013 95
    endloop
  endfacet
  facet normal -0.881919 0.4714 0
    outer loop
      vertex -67.2655 33.1716 71
      vertex -64.9519 37.5 95
      vertex -64.9519 37.5 71
    endloop
  endfacet
  facet normal -0.881919 0.4714 0
    outer loop
      vertex -64.9519 37.5 95
      vertex -67.2655 33.1716 71
      vertex -67.2655 33.1716 95
    endloop
  endfacet
  facet normal -0.973875 0.227087 0
    outer loop
      vertex -73.5589 14.6318 71
      vertex -72.4444 19.4114 95
      vertex -72.4444 19.4114 71
    endloop
  endfacet
  facet normal -0.973875 0.227087 0
    outer loop
      vertex -72.4444 19.4114 95
      vertex -73.5589 14.6318 71
      vertex -73.5589 14.6318 95
    endloop
  endfacet
  facet normal -0.995186 0.0980061 0
    outer loop
      vertex -74.8394 4.90523 71
      vertex -74.3584 9.78946 95
      vertex -74.3584 9.78946 71
    endloop
  endfacet
  facet normal -0.995186 0.0980061 0
    outer loop
      vertex -74.3584 9.78946 95
      vertex -74.8394 4.90523 71
      vertex -74.8394 4.90523 95
    endloop
  endfacet
  facet normal 0 0 1
    outer loop
      vertex 57.5 0 95
      vertex 75 0 95
      vertex 74.8394 4.90523 95
    endloop
  endfacet
  facet normal 0 0 1
    outer loop
      vertex 57.3769 3.76068 95
      vertex 74.8394 4.90523 95
      vertex 74.3584 9.78946 95
    endloop
  endfacet
  facet normal 0 0 1
    outer loop
      vertex 75 0 95
      vertex 57.5 0 95
      vertex 74.8394 -4.90523 95
    endloop
  endfacet
  facet normal 0 0 1
    outer loop
      vertex 57.0081 7.50526 95
      vertex 74.3584 9.78946 95
      vertex 73.5589 14.6318 95
    endloop
  endfacet
  facet normal -0 0 1
    outer loop
      vertex 57.3769 -3.76068 95
      vertex 74.8394 -4.90523 95
      vertex 57.5 0 95
    endloop
  endfacet
  facet normal 0 0 1
    outer loop
      vertex 56.3952 11.2177 95
      vertex 73.5589 14.6318 95
      vertex 72.4444 19.4114 95
    endloop
  endfacet
  facet normal 0 0 1
    outer loop
      vertex 74.8394 -4.90523 95
      vertex 57.3769 -3.76068 95
      vertex 74.3584 -9.78946 95
    endloop
  endfacet
  facet normal 0 0 1
    outer loop
      vertex 55.5407 14.8821 95
      vertex 72.4444 19.4114 95
      vertex 71.0198 24.108 95
    endloop
  endfacet
  facet normal -0 0 1
    outer loop
      vertex 57.0081 -7.50526 95
      vertex 74.3584 -9.78946 95
      vertex 57.3769 -3.76068 95
    endloop
  endfacet
  facet normal 0 0 1
    outer loop
      vertex 54.4485 18.4828 95
      vertex 71.0198 24.108 95
      vertex 69.291 28.7013 95
    endloop
  endfacet
  facet normal 0 0 1
    outer loop
      vertex 74.3584 -9.78946 95
      vertex 57.0081 -7.50526 95
      vertex 73.5589 -14.6318 95
    endloop
  endfacet
  facet normal 0 0 1
    outer loop
      vertex 53.1231 22.0043 95
      vertex 69.291 28.7013 95
      vertex 67.2655 33.1716 95
    endloop
  endfacet
  facet normal -0 0 1
    outer loop
      vertex 56.3952 -11.2177 95
      vertex 73.5589 -14.6318 95
      vertex 57.0081 -7.50526 95
    endloop
  endfacet
  facet normal 0 0 1
    outer loop
      vertex 51.5702 25.4316 95
      vertex 67.2655 33.1716 95
      vertex 64.9519 37.5 95
    endloop
  endfacet
  facet normal 0 0 1
    outer loop
      vertex 73.5589 -14.6318 95
      vertex 56.3952 -11.2177 95
      vertex 72.4444 -19.4114 95
    endloop
  endfacet
  facet normal 0 0 1
    outer loop
      vertex 49.7965 28.75 95
      vertex 64.9519 37.5 95
      vertex 62.3602 41.6678 95
    endloop
  endfacet
  facet normal -0 0 1
    outer loop
      vertex 55.5407 -14.8821 95
      vertex 72.4444 -19.4114 95
      vertex 56.3952 -11.2177 95
    endloop
  endfacet
  facet normal 0 0 1
    outer loop
      vertex 47.8095 31.9453 95
      vertex 62.3602 41.6678 95
      vertex 59.5015 45.6571 95
    endloop
  endfacet
  facet normal 0 0 1
    outer loop
      vertex 72.4444 -19.4114 95
      vertex 55.5407 -14.8821 95
      vertex 71.0198 -24.108 95
    endloop
  endfacet
  facet normal -0 0 1
    outer loop
      vertex 54.4485 -18.4828 95
      vertex 71.0198 -24.108 95
      vertex 55.5407 -14.8821 95
    endloop
  endfacet
  facet normal 0 0 1
    outer loop
      vertex 74.8394 4.90523 95
      vertex 57.3769 3.76068 95
      vertex 57.5 0 95
    endloop
  endfacet
  facet normal 0 0 1
    outer loop
      vertex 74.3584 9.78946 95
      vertex 57.0081 7.50526 95
      vertex 57.3769 3.76068 95
    endloop
  endfacet
  facet normal 0 0 1
    outer loop
      vertex 73.5589 14.6318 95
      vertex 56.3952 11.2177 95
      vertex 57.0081 7.50526 95
    endloop
  endfacet
  facet normal 0 0 1
    outer loop
      vertex 45.6178 35.0038 95
      vertex 59.5015 45.6571 95
      vertex 56.388 49.4509 95
    endloop
  endfacet
  facet normal 0 0 1
    outer loop
      vertex 72.4444 19.4114 95
      vertex 55.5407 14.8821 95
      vertex 56.3952 11.2177 95
    endloop
  endfacet
  facet normal 0 0 1
    outer loop
      vertex 71.0198 24.108 95
      vertex 54.4485 18.4828 95
      vertex 55.5407 14.8821 95
    endloop
  endfacet
  facet normal 0 0 1
    outer loop
      vertex 69.291 28.7013 95
      vertex 53.1231 22.0043 95
      vertex 54.4485 18.4828 95
    endloop
  endfacet
  facet normal 0 0 1
    outer loop
      vertex 43.2308 37.9124 95
      vertex 56.388 49.4509 95
      vertex 53.033 53.033 95
    endloop
  endfacet
  facet normal 0 0 1
    outer loop
      vertex 67.2655 33.1716 95
      vertex 51.5702 25.4316 95
      vertex 53.1231 22.0043 95
    endloop
  endfacet
  facet normal 0 0 1
    outer loop
      vertex 64.9519 37.5 95
      vertex 49.7965 28.75 95
      vertex 51.5702 25.4316 95
    endloop
  endfacet
  facet normal 0 0 1
    outer loop
      vertex 40.6586 40.6586 95
      vertex 53.033 53.033 95
      vertex 49.4509 56.388 95
    endloop
  endfacet
  facet normal 0 0 1
    outer loop
      vertex 62.3602 41.6678 95
      vertex 47.8095 31.9453 95
      vertex 49.7965 28.75 95
    endloop
  endfacet
  facet normal 0 0 1
    outer loop
      vertex 37.9124 43.2308 95
      vertex 49.4509 56.388 95
      vertex 45.6571 59.5015 95
    endloop
  endfacet
  facet normal 0 0 1
    outer loop
      vertex 59.5015 45.6571 95
      vertex 45.6178 35.0038 95
      vertex 47.8095 31.9453 95
    endloop
  endfacet
  facet normal 0 0 1
    outer loop
      vertex 56.388 49.4509 95
      vertex 43.2308 37.9124 95
      vertex 45.6178 35.0038 95
    endloop
  endfacet
  facet normal 0 0 1
    outer loop
      vertex 35.0038 45.6178 95
      vertex 45.6571 59.5015 95
      vertex 41.6678 62.3602 95
    endloop
  endfacet
  facet normal 0 0 1
    outer loop
      vertex 53.033 53.033 95
      vertex 40.6586 40.6586 95
      vertex 43.2308 37.9124 95
    endloop
  endfacet
  facet normal 0 0 1
    outer loop
      vertex 49.4509 56.388 95
      vertex 37.9124 43.2308 95
      vertex 40.6586 40.6586 95
    endloop
  endfacet
  facet normal 0 0 1
    outer loop
      vertex 31.9453 47.8095 95
      vertex 41.6678 62.3602 95
      vertex 37.5 64.9519 95
    endloop
  endfacet
  facet normal 0 0 1
    outer loop
      vertex 45.6571 59.5015 95
      vertex 35.0038 45.6178 95
      vertex 37.9124 43.2308 95
    endloop
  endfacet
  facet normal 0 0 1
    outer loop
      vertex 28.75 49.7965 95
      vertex 37.5 64.9519 95
      vertex 33.1716 67.2655 95
    endloop
  endfacet
  facet normal 0 0 1
    outer loop
      vertex 41.6678 62.3602 95
      vertex 31.9453 47.8095 95
      vertex 35.0038 45.6178 95
    endloop
  endfacet
  facet normal 0 0 1
    outer loop
      vertex 37.5 64.9519 95
      vertex 28.75 49.7965 95
      vertex 31.9453 47.8095 95
    endloop
  endfacet
  facet normal 0 0 1
    outer loop
      vertex 25.4316 51.5702 95
      vertex 33.1716 67.2655 95
      vertex 28.7013 69.291 95
    endloop
  endfacet
  facet normal 0 0 1
    outer loop
      vertex 33.1716 67.2655 95
      vertex 25.4316 51.5702 95
      vertex 28.75 49.7965 95
    endloop
  endfacet
  facet normal 0 0 1
    outer loop
      vertex 22.0043 53.1231 95
      vertex 28.7013 69.291 95
      vertex 24.108 71.0198 95
    endloop
  endfacet
  facet normal 0 0 1
    outer loop
      vertex 28.7013 69.291 95
      vertex 22.0043 53.1231 95
      vertex 25.4316 51.5702 95
    endloop
  endfacet
  facet normal 0 0 1
    outer loop
      vertex 18.4828 54.4485 95
      vertex 24.108 71.0198 95
      vertex 19.4114 72.4444 95
    endloop
  endfacet
  facet normal 0 0 1
    outer loop
      vertex 24.108 71.0198 95
      vertex 18.4828 54.4485 95
      vertex 22.0043 53.1231 95
    endloop
  endfacet
  facet normal 0 0 1
    outer loop
      vertex 19.4114 72.4444 95
      vertex 14.8821 55.5407 95
      vertex 18.4828 54.4485 95
    endloop
  endfacet
  facet normal 0 0 1
    outer loop
      vertex 14.6318 73.5589 95
      vertex 14.8821 55.5407 95
      vertex 19.4114 72.4444 95
    endloop
  endfacet
  facet normal 0 0 1
    outer loop
      vertex 14.6318 73.5589 95
      vertex 11.2177 56.3952 95
      vertex 14.8821 55.5407 95
    endloop
  endfacet
  facet normal 0 0 1
    outer loop
      vertex 9.78946 74.3584 95
      vertex 11.2177 56.3952 95
      vertex 14.6318 73.5589 95
    endloop
  endfacet
  facet normal 0 0 1
    outer loop
      vertex 9.78946 74.3584 95
      vertex 7.50526 57.0081 95
      vertex 11.2177 56.3952 95
    endloop
  endfacet
  facet normal 0 0 1
    outer loop
      vertex 4.90523 74.8394 95
      vertex 7.50526 57.0081 95
      vertex 9.78946 74.3584 95
    endloop
  endfacet
  facet normal 0 0 1
    outer loop
      vertex 4.90523 74.8394 95
      vertex 3.76068 57.3769 95
      vertex 7.50526 57.0081 95
    endloop
  endfacet
  facet normal 0 0 1
    outer loop
      vertex 0 75 95
      vertex 3.76068 57.3769 95
      vertex 4.90523 74.8394 95
    endloop
  endfacet
  facet normal 0 0 1
    outer loop
      vertex 0 75 95
      vertex 0 57.5 95
      vertex 3.76068 57.3769 95
    endloop
  endfacet
  facet normal 0 0 1
    outer loop
      vertex 0 75 95
      vertex -3.76068 57.3769 95
      vertex 0 57.5 95
    endloop
  endfacet
  facet normal -0 0 1
    outer loop
      vertex -4.90523 74.8394 95
      vertex -3.76068 57.3769 95
      vertex 0 75 95
    endloop
  endfacet
  facet normal 0 0 1
    outer loop
      vertex -4.90523 74.8394 95
      vertex -7.50526 57.0081 95
      vertex -3.76068 57.3769 95
    endloop
  endfacet
  facet normal -0 0 1
    outer loop
      vertex -9.78946 74.3584 95
      vertex -7.50526 57.0081 95
      vertex -4.90523 74.8394 95
    endloop
  endfacet
  facet normal 0 0 1
    outer loop
      vertex -9.78946 74.3584 95
      vertex -11.2177 56.3952 95
      vertex -7.50526 57.0081 95
    endloop
  endfacet
  facet normal -0 0 1
    outer loop
      vertex -14.6318 73.5589 95
      vertex -11.2177 56.3952 95
      vertex -9.78946 74.3584 95
    endloop
  endfacet
  facet normal 0 0 1
    outer loop
      vertex -14.6318 73.5589 95
      vertex -14.8821 55.5407 95
      vertex -11.2177 56.3952 95
    endloop
  endfacet
  facet normal -0 0 1
    outer loop
      vertex -19.4114 72.4444 95
      vertex -14.8821 55.5407 95
      vertex -14.6318 73.5589 95
    endloop
  endfacet
  facet normal 0 0 1
    outer loop
      vertex -14.8821 55.5407 95
      vertex -19.4114 72.4444 95
      vertex -18.4828 54.4485 95
    endloop
  endfacet
  facet normal -0 0 1
    outer loop
      vertex -24.108 71.0198 95
      vertex -18.4828 54.4485 95
      vertex -19.4114 72.4444 95
    endloop
  endfacet
  facet normal 0 0 1
    outer loop
      vertex -18.4828 54.4485 95
      vertex -24.108 71.0198 95
      vertex -22.0043 53.1231 95
    endloop
  endfacet
  facet normal -0 0 1
    outer loop
      vertex -28.7013 69.291 95
      vertex -22.0043 53.1231 95
      vertex -24.108 71.0198 95
    endloop
  endfacet
  facet normal 0 0 1
    outer loop
      vertex -22.0043 53.1231 95
      vertex -28.7013 69.291 95
      vertex -25.4316 51.5702 95
    endloop
  endfacet
  facet normal -0 0 1
    outer loop
      vertex -33.1716 67.2655 95
      vertex -25.4316 51.5702 95
      vertex -28.7013 69.291 95
    endloop
  endfacet
  facet normal 0 0 1
    outer loop
      vertex -25.4316 51.5702 95
      vertex -33.1716 67.2655 95
      vertex -28.75 49.7965 95
    endloop
  endfacet
  facet normal -0 0 1
    outer loop
      vertex -37.5 64.9519 95
      vertex -28.75 49.7965 95
      vertex -33.1716 67.2655 95
    endloop
  endfacet
  facet normal 0 0 1
    outer loop
      vertex -28.75 49.7965 95
      vertex -37.5 64.9519 95
      vertex -31.9453 47.8095 95
    endloop
  endfacet
  facet normal -0 0 1
    outer loop
      vertex -41.6678 62.3602 95
      vertex -31.9453 47.8095 95
      vertex -37.5 64.9519 95
    endloop
  endfacet
  facet normal 0 0 1
    outer loop
      vertex -31.9453 47.8095 95
      vertex -41.6678 62.3602 95
      vertex -35.0038 45.6178 95
    endloop
  endfacet
  facet normal -0 0 1
    outer loop
      vertex -45.6571 59.5015 95
      vertex -35.0038 45.6178 95
      vertex -41.6678 62.3602 95
    endloop
  endfacet
  facet normal 0 0 1
    outer loop
      vertex -35.0038 45.6178 95
      vertex -45.6571 59.5015 95
      vertex -37.9124 43.2308 95
    endloop
  endfacet
  facet normal -0 0 1
    outer loop
      vertex -49.4509 56.388 95
      vertex -37.9124 43.2308 95
      vertex -45.6571 59.5015 95
    endloop
  endfacet
  facet normal 0 0 1
    outer loop
      vertex -37.9124 43.2308 95
      vertex -49.4509 56.388 95
      vertex -40.6586 40.6586 95
    endloop
  endfacet
  facet normal -0 0 1
    outer loop
      vertex -53.033 53.033 95
      vertex -40.6586 40.6586 95
      vertex -49.4509 56.388 95
    endloop
  endfacet
  facet normal 0 0 1
    outer loop
      vertex -40.6586 40.6586 95
      vertex -53.033 53.033 95
      vertex -43.2308 37.9124 95
    endloop
  endfacet
  facet normal -0 0 1
    outer loop
      vertex -56.388 49.4509 95
      vertex -43.2308 37.9124 95
      vertex -53.033 53.033 95
    endloop
  endfacet
  facet normal 0 0 1
    outer loop
      vertex -43.2308 37.9124 95
      vertex -56.388 49.4509 95
      vertex -45.6178 35.0038 95
    endloop
  endfacet
  facet normal -0 0 1
    outer loop
      vertex -59.5015 45.6571 95
      vertex -45.6178 35.0038 95
      vertex -56.388 49.4509 95
    endloop
  endfacet
  facet normal 0 0 1
    outer loop
      vertex -45.6178 35.0038 95
      vertex -59.5015 45.6571 95
      vertex -47.8095 31.9453 95
    endloop
  endfacet
  facet normal -0 0 1
    outer loop
      vertex -62.3602 41.6678 95
      vertex -47.8095 31.9453 95
      vertex -59.5015 45.6571 95
    endloop
  endfacet
  facet normal 0 0 1
    outer loop
      vertex -47.8095 31.9453 95
      vertex -62.3602 41.6678 95
      vertex -49.7965 28.75 95
    endloop
  endfacet
  facet normal -0 0 1
    outer loop
      vertex -64.9519 37.5 95
      vertex -49.7965 28.75 95
      vertex -62.3602 41.6678 95
    endloop
  endfacet
  facet normal 0 0 1
    outer loop
      vertex -49.7965 28.75 95
      vertex -64.9519 37.5 95
      vertex -51.5702 25.4316 95
    endloop
  endfacet
  facet normal -0 0 1
    outer loop
      vertex -67.2655 33.1716 95
      vertex -51.5702 25.4316 95
      vertex -64.9519 37.5 95
    endloop
  endfacet
  facet normal 0 0 1
    outer loop
      vertex -51.5702 25.4316 95
      vertex -67.2655 33.1716 95
      vertex -53.1231 22.0043 95
    endloop
  endfacet
  facet normal -0 0 1
    outer loop
      vertex -69.291 28.7013 95
      vertex -53.1231 22.0043 95
      vertex -67.2655 33.1716 95
    endloop
  endfacet
  facet normal 0 0 1
    outer loop
      vertex -53.1231 22.0043 95
      vertex -69.291 28.7013 95
      vertex -54.4485 18.4828 95
    endloop
  endfacet
  facet normal -0 0 1
    outer loop
      vertex -71.0198 24.108 95
      vertex -54.4485 18.4828 95
      vertex -69.291 28.7013 95
    endloop
  endfacet
  facet normal 0 0 1
    outer loop
      vertex 71.0198 -24.108 95
      vertex 54.4485 -18.4828 95
      vertex 69.291 -28.7013 95
    endloop
  endfacet
  facet normal -0 0 1
    outer loop
      vertex 53.1231 -22.0043 95
      vertex 69.291 -28.7013 95
      vertex 54.4485 -18.4828 95
    endloop
  endfacet
  facet normal 0 0 1
    outer loop
      vertex 69.291 -28.7013 95
      vertex 53.1231 -22.0043 95
      vertex 67.2655 -33.1716 95
    endloop
  endfacet
  facet normal -0 0 1
    outer loop
      vertex 51.5702 -25.4316 95
      vertex 67.2655 -33.1716 95
      vertex 53.1231 -22.0043 95
    endloop
  endfacet
  facet normal 0 0 1
    outer loop
      vertex 67.2655 -33.1716 95
      vertex 51.5702 -25.4316 95
      vertex 64.9519 -37.5 95
    endloop
  endfacet
  facet normal -0 0 1
    outer loop
      vertex 49.7965 -28.75 95
      vertex 64.9519 -37.5 95
      vertex 51.5702 -25.4316 95
    endloop
  endfacet
  facet normal 0 0 1
    outer loop
      vertex 64.9519 -37.5 95
      vertex 49.7965 -28.75 95
      vertex 62.3602 -41.6678 95
    endloop
  endfacet
  facet normal -0 0 1
    outer loop
      vertex 47.8095 -31.9453 95
      vertex 62.3602 -41.6678 95
      vertex 49.7965 -28.75 95
    endloop
  endfacet
  facet normal 0 0 1
    outer loop
      vertex 62.3602 -41.6678 95
      vertex 47.8095 -31.9453 95
      vertex 59.5015 -45.6571 95
    endloop
  endfacet
  facet normal -0 0 1
    outer loop
      vertex 45.6178 -35.0038 95
      vertex 59.5015 -45.6571 95
      vertex 47.8095 -31.9453 95
    endloop
  endfacet
  facet normal 0 0 1
    outer loop
      vertex 59.5015 -45.6571 95
      vertex 45.6178 -35.0038 95
      vertex 56.388 -49.4509 95
    endloop
  endfacet
  facet normal -0 0 1
    outer loop
      vertex 43.2308 -37.9124 95
      vertex 56.388 -49.4509 95
      vertex 45.6178 -35.0038 95
    endloop
  endfacet
  facet normal 0 0 1
    outer loop
      vertex 56.388 -49.4509 95
      vertex 43.2308 -37.9124 95
      vertex 53.033 -53.033 95
    endloop
  endfacet
  facet normal -0 0 1
    outer loop
      vertex 40.6586 -40.6586 95
      vertex 53.033 -53.033 95
      vertex 43.2308 -37.9124 95
    endloop
  endfacet
  facet normal 0 0 1
    outer loop
      vertex 53.033 -53.033 95
      vertex 40.6586 -40.6586 95
      vertex 49.4509 -56.388 95
    endloop
  endfacet
  facet normal -0 0 1
    outer loop
      vertex 37.9124 -43.2308 95
      vertex 49.4509 -56.388 95
      vertex 40.6586 -40.6586 95
    endloop
  endfacet
  facet normal 0 0 1
    outer loop
      vertex 49.4509 -56.388 95
      vertex 37.9124 -43.2308 95
      vertex 45.6571 -59.5015 95
    endloop
  endfacet
  facet normal -0 0 1
    outer loop
      vertex 35.0038 -45.6178 95
      vertex 45.6571 -59.5015 95
      vertex 37.9124 -43.2308 95
    endloop
  endfacet
  facet normal 0 0 1
    outer loop
      vertex 45.6571 -59.5015 95
      vertex 35.0038 -45.6178 95
      vertex 41.6678 -62.3602 95
    endloop
  endfacet
  facet normal -0 0 1
    outer loop
      vertex 31.9453 -47.8095 95
      vertex 41.6678 -62.3602 95
      vertex 35.0038 -45.6178 95
    endloop
  endfacet
  facet normal 0 0 1
    outer loop
      vertex 41.6678 -62.3602 95
      vertex 31.9453 -47.8095 95
      vertex 37.5 -64.9519 95
    endloop
  endfacet
  facet normal -0 0 1
    outer loop
      vertex 28.75 -49.7965 95
      vertex 37.5 -64.9519 95
      vertex 31.9453 -47.8095 95
    endloop
  endfacet
  facet normal 0 0 1
    outer loop
      vertex 37.5 -64.9519 95
      vertex 28.75 -49.7965 95
      vertex 33.1716 -67.2655 95
    endloop
  endfacet
  facet normal -0 0 1
    outer loop
      vertex 25.4316 -51.5702 95
      vertex 33.1716 -67.2655 95
      vertex 28.75 -49.7965 95
    endloop
  endfacet
  facet normal 0 0 1
    outer loop
      vertex 33.1716 -67.2655 95
      vertex 25.4316 -51.5702 95
      vertex 28.7013 -69.291 95
    endloop
  endfacet
  facet normal -0 0 1
    outer loop
      vertex 22.0043 -53.1231 95
      vertex 28.7013 -69.291 95
      vertex 25.4316 -51.5702 95
    endloop
  endfacet
  facet normal 0 0 1
    outer loop
      vertex 28.7013 -69.291 95
      vertex 22.0043 -53.1231 95
      vertex 24.108 -71.0198 95
    endloop
  endfacet
  facet normal -0 0 1
    outer loop
      vertex 18.4828 -54.4485 95
      vertex 24.108 -71.0198 95
      vertex 22.0043 -53.1231 95
    endloop
  endfacet
  facet normal 0 0 1
    outer loop
      vertex 24.108 -71.0198 95
      vertex 18.4828 -54.4485 95
      vertex 19.4114 -72.4444 95
    endloop
  endfacet
  facet normal -0 0 1
    outer loop
      vertex 14.8821 -55.5407 95
      vertex 19.4114 -72.4444 95
      vertex 18.4828 -54.4485 95
    endloop
  endfacet
  facet normal 0 0 1
    outer loop
      vertex 14.8821 -55.5407 95
      vertex 14.6318 -73.5589 95
      vertex 19.4114 -72.4444 95
    endloop
  endfacet
  facet normal -0 0 1
    outer loop
      vertex 11.2177 -56.3952 95
      vertex 14.6318 -73.5589 95
      vertex 14.8821 -55.5407 95
    endloop
  endfacet
  facet normal 0 0 1
    outer loop
      vertex 11.2177 -56.3952 95
      vertex 9.78946 -74.3584 95
      vertex 14.6318 -73.5589 95
    endloop
  endfacet
  facet normal -0 0 1
    outer loop
      vertex 7.50526 -57.0081 95
      vertex 9.78946 -74.3584 95
      vertex 11.2177 -56.3952 95
    endloop
  endfacet
  facet normal 0 0 1
    outer loop
      vertex 7.50526 -57.0081 95
      vertex 4.90523 -74.8394 95
      vertex 9.78946 -74.3584 95
    endloop
  endfacet
  facet normal -0 0 1
    outer loop
      vertex 3.76068 -57.3769 95
      vertex 4.90523 -74.8394 95
      vertex 7.50526 -57.0081 95
    endloop
  endfacet
  facet normal -0 0 1
    outer loop
      vertex 0 -57.5 95
      vertex 4.90523 -74.8394 95
      vertex 3.76068 -57.3769 95
    endloop
  endfacet
  facet normal 0 0 1
    outer loop
      vertex 0 -57.5 95
      vertex 0 -75 95
      vertex 4.90523 -74.8394 95
    endloop
  endfacet
  facet normal 0 0 1
    outer loop
      vertex -3.76068 -57.3769 95
      vertex 0 -75 95
      vertex 0 -57.5 95
    endloop
  endfacet
  facet normal 0 0 1
    outer loop
      vertex -3.76068 -57.3769 95
      vertex -4.90523 -74.8394 95
      vertex 0 -75 95
    endloop
  endfacet
  facet normal 0 0 1
    outer loop
      vertex -7.50526 -57.0081 95
      vertex -4.90523 -74.8394 95
      vertex -3.76068 -57.3769 95
    endloop
  endfacet
  facet normal 0 0 1
    outer loop
      vertex -7.50526 -57.0081 95
      vertex -9.78946 -74.3584 95
      vertex -4.90523 -74.8394 95
    endloop
  endfacet
  facet normal 0 0 1
    outer loop
      vertex -11.2177 -56.3952 95
      vertex -9.78946 -74.3584 95
      vertex -7.50526 -57.0081 95
    endloop
  endfacet
  facet normal 0 0 1
    outer loop
      vertex -11.2177 -56.3952 95
      vertex -14.6318 -73.5589 95
      vertex -9.78946 -74.3584 95
    endloop
  endfacet
  facet normal 0 0 1
    outer loop
      vertex -14.8821 -55.5407 95
      vertex -14.6318 -73.5589 95
      vertex -11.2177 -56.3952 95
    endloop
  endfacet
  facet normal 0 0 1
    outer loop
      vertex -19.4114 -72.4444 95
      vertex -14.8821 -55.5407 95
      vertex -18.4828 -54.4485 95
    endloop
  endfacet
  facet normal 0 0 1
    outer loop
      vertex -14.8821 -55.5407 95
      vertex -19.4114 -72.4444 95
      vertex -14.6318 -73.5589 95
    endloop
  endfacet
  facet normal 0 0 1
    outer loop
      vertex -24.108 -71.0198 95
      vertex -18.4828 -54.4485 95
      vertex -22.0043 -53.1231 95
    endloop
  endfacet
  facet normal 0 0 1
    outer loop
      vertex -18.4828 -54.4485 95
      vertex -24.108 -71.0198 95
      vertex -19.4114 -72.4444 95
    endloop
  endfacet
  facet normal 0 0 1
    outer loop
      vertex -28.7013 -69.291 95
      vertex -22.0043 -53.1231 95
      vertex -25.4316 -51.5702 95
    endloop
  endfacet
  facet normal 0 0 1
    outer loop
      vertex -22.0043 -53.1231 95
      vertex -28.7013 -69.291 95
      vertex -24.108 -71.0198 95
    endloop
  endfacet
  facet normal 0 0 1
    outer loop
      vertex -33.1716 -67.2655 95
      vertex -25.4316 -51.5702 95
      vertex -28.75 -49.7965 95
    endloop
  endfacet
  facet normal 0 0 1
    outer loop
      vertex -37.5 -64.9519 95
      vertex -28.75 -49.7965 95
      vertex -31.9453 -47.8095 95
    endloop
  endfacet
  facet normal 0 0 1
    outer loop
      vertex -25.4316 -51.5702 95
      vertex -33.1716 -67.2655 95
      vertex -28.7013 -69.291 95
    endloop
  endfacet
  facet normal 0 0 1
    outer loop
      vertex -41.6678 -62.3602 95
      vertex -31.9453 -47.8095 95
      vertex -35.0038 -45.6178 95
    endloop
  endfacet
  facet normal 0 0 1
    outer loop
      vertex -28.75 -49.7965 95
      vertex -37.5 -64.9519 95
      vertex -33.1716 -67.2655 95
    endloop
  endfacet
  facet normal 0 0 1
    outer loop
      vertex -45.6571 -59.5015 95
      vertex -35.0038 -45.6178 95
      vertex -37.9124 -43.2308 95
    endloop
  endfacet
  facet normal 0 0 1
    outer loop
      vertex -49.4509 -56.388 95
      vertex -37.9124 -43.2308 95
      vertex -40.6586 -40.6586 95
    endloop
  endfacet
  facet normal 0 0 1
    outer loop
      vertex -31.9453 -47.8095 95
      vertex -41.6678 -62.3602 95
      vertex -37.5 -64.9519 95
    endloop
  endfacet
  facet normal 0 0 1
    outer loop
      vertex -53.033 -53.033 95
      vertex -40.6586 -40.6586 95
      vertex -43.2308 -37.9124 95
    endloop
  endfacet
  facet normal 0 0 1
    outer loop
      vertex -56.388 -49.4509 95
      vertex -43.2308 -37.9124 95
      vertex -45.6178 -35.0038 95
    endloop
  endfacet
  facet normal 0 0 1
    outer loop
      vertex -35.0038 -45.6178 95
      vertex -45.6571 -59.5015 95
      vertex -41.6678 -62.3602 95
    endloop
  endfacet
  facet normal 0 0 1
    outer loop
      vertex -59.5015 -45.6571 95
      vertex -45.6178 -35.0038 95
      vertex -47.8095 -31.9453 95
    endloop
  endfacet
  facet normal 0 0 1
    outer loop
      vertex -37.9124 -43.2308 95
      vertex -49.4509 -56.388 95
      vertex -45.6571 -59.5015 95
    endloop
  endfacet
  facet normal 0 0 1
    outer loop
      vertex -62.3602 -41.6678 95
      vertex -47.8095 -31.9453 95
      vertex -49.7965 -28.75 95
    endloop
  endfacet
  facet normal 0 0 1
    outer loop
      vertex -64.9519 -37.5 95
      vertex -49.7965 -28.75 95
      vertex -51.5702 -25.4316 95
    endloop
  endfacet
  facet normal 0 0 1
    outer loop
      vertex -40.6586 -40.6586 95
      vertex -53.033 -53.033 95
      vertex -49.4509 -56.388 95
    endloop
  endfacet
  facet normal 0 0 1
    outer loop
      vertex -67.2655 -33.1716 95
      vertex -51.5702 -25.4316 95
      vertex -53.1231 -22.0043 95
    endloop
  endfacet
  facet normal 0 0 1
    outer loop
      vertex -69.291 -28.7013 95
      vertex -53.1231 -22.0043 95
      vertex -54.4485 -18.4828 95
    endloop
  endfacet
  facet normal 0 0 1
    outer loop
      vertex -71.0198 -24.108 95
      vertex -54.4485 -18.4828 95
      vertex -55.5407 -14.8821 95
    endloop
  endfacet
  facet normal 0 0 1
    outer loop
      vertex -43.2308 -37.9124 95
      vertex -56.388 -49.4509 95
      vertex -53.033 -53.033 95
    endloop
  endfacet
  facet normal 0 0 1
    outer loop
      vertex -72.4444 -19.4114 95
      vertex -55.5407 -14.8821 95
      vertex -56.3952 -11.2177 95
    endloop
  endfacet
  facet normal 0 0 1
    outer loop
      vertex -73.5589 -14.6318 95
      vertex -56.3952 -11.2177 95
      vertex -57.0081 -7.50526 95
    endloop
  endfacet
  facet normal 0 0 1
    outer loop
      vertex -74.3584 -9.78946 95
      vertex -57.0081 -7.50526 95
      vertex -57.3769 -3.76068 95
    endloop
  endfacet
  facet normal 0 0 1
    outer loop
      vertex -74.8394 -4.90523 95
      vertex -57.3769 -3.76068 95
      vertex -57.5 0 95
    endloop
  endfacet
  facet normal 0 0 1
    outer loop
      vertex -54.4485 18.4828 95
      vertex -71.0198 24.108 95
      vertex -55.5407 14.8821 95
    endloop
  endfacet
  facet normal 0 0 1
    outer loop
      vertex -45.6178 -35.0038 95
      vertex -59.5015 -45.6571 95
      vertex -56.388 -49.4509 95
    endloop
  endfacet
  facet normal -0 0 1
    outer loop
      vertex -72.4444 19.4114 95
      vertex -55.5407 14.8821 95
      vertex -71.0198 24.108 95
    endloop
  endfacet
  facet normal 0 0 1
    outer loop
      vertex -47.8095 -31.9453 95
      vertex -62.3602 -41.6678 95
      vertex -59.5015 -45.6571 95
    endloop
  endfacet
  facet normal 0 0 1
    outer loop
      vertex -55.5407 14.8821 95
      vertex -72.4444 19.4114 95
      vertex -56.3952 11.2177 95
    endloop
  endfacet
  facet normal 0 0 1
    outer loop
      vertex -49.7965 -28.75 95
      vertex -64.9519 -37.5 95
      vertex -62.3602 -41.6678 95
    endloop
  endfacet
  facet normal -0 0 1
    outer loop
      vertex -73.5589 14.6318 95
      vertex -56.3952 11.2177 95
      vertex -72.4444 19.4114 95
    endloop
  endfacet
  facet normal 0 0 1
    outer loop
      vertex -51.5702 -25.4316 95
      vertex -67.2655 -33.1716 95
      vertex -64.9519 -37.5 95
    endloop
  endfacet
  facet normal 0 0 1
    outer loop
      vertex -56.3952 11.2177 95
      vertex -73.5589 14.6318 95
      vertex -57.0081 7.50526 95
    endloop
  endfacet
  facet normal 0 0 1
    outer loop
      vertex -53.1231 -22.0043 95
      vertex -69.291 -28.7013 95
      vertex -67.2655 -33.1716 95
    endloop
  endfacet
  facet normal -0 0 1
    outer loop
      vertex -74.3584 9.78946 95
      vertex -57.0081 7.50526 95
      vertex -73.5589 14.6318 95
    endloop
  endfacet
  facet normal 0 0 1
    outer loop
      vertex -54.4485 -18.4828 95
      vertex -71.0198 -24.108 95
      vertex -69.291 -28.7013 95
    endloop
  endfacet
  facet normal 0 0 1
    outer loop
      vertex -57.0081 7.50526 95
      vertex -74.3584 9.78946 95
      vertex -57.3769 3.76068 95
    endloop
  endfacet
  facet normal 0 0 1
    outer loop
      vertex -55.5407 -14.8821 95
      vertex -72.4444 -19.4114 95
      vertex -71.0198 -24.108 95
    endloop
  endfacet
  facet normal -0 0 1
    outer loop
      vertex -74.8394 4.90523 95
      vertex -57.3769 3.76068 95
      vertex -74.3584 9.78946 95
    endloop
  endfacet
  facet normal 0 0 1
    outer loop
      vertex -56.3952 -11.2177 95
      vertex -73.5589 -14.6318 95
      vertex -72.4444 -19.4114 95
    endloop
  endfacet
  facet normal 0 0 1
    outer loop
      vertex -57.3769 3.76068 95
      vertex -74.8394 4.90523 95
      vertex -57.5 0 95
    endloop
  endfacet
  facet normal 0 0 1
    outer loop
      vertex -57.0081 -7.50526 95
      vertex -74.3584 -9.78946 95
      vertex -73.5589 -14.6318 95
    endloop
  endfacet
  facet normal 0 0 1
    outer loop
      vertex -75 0 95
      vertex -57.5 0 95
      vertex -74.8394 4.90523 95
    endloop
  endfacet
  facet normal 0 0 1
    outer loop
      vertex -57.3769 -3.76068 95
      vertex -74.8394 -4.90523 95
      vertex -74.3584 -9.78946 95
    endloop
  endfacet
  facet normal 0 0 1
    outer loop
      vertex -57.5 0 95
      vertex -75 0 95
      vertex -74.8394 -4.90523 95
    endloop
  endfacet
  facet normal -0.634394 0.77301 0
    outer loop
      vertex -45.6571 59.5015 71
      vertex -49.4509 56.388 95
      vertex -45.6571 59.5015 95
    endloop
  endfacet
  facet normal -0.634394 0.77301 0
    outer loop
      vertex -49.4509 56.388 95
      vertex -45.6571 59.5015 71
      vertex -49.4509 56.388 71
    endloop
  endfacet
  facet normal -0.227087 0.973875 0
    outer loop
      vertex -14.6318 73.5589 71
      vertex -19.4114 72.4444 95
      vertex -14.6318 73.5589 95
    endloop
  endfacet
  facet normal -0.227087 0.973875 0
    outer loop
      vertex -19.4114 72.4444 95
      vertex -14.6318 73.5589 71
      vertex -19.4114 72.4444 71
    endloop
  endfacet
  facet normal -0.032723 0.999464 0
    outer loop
      vertex 0 75 71
      vertex -4.90523 74.8394 95
      vertex 0 75 95
    endloop
  endfacet
  facet normal -0.032723 0.999464 0
    outer loop
      vertex -4.90523 74.8394 95
      vertex 0 75 71
      vertex -4.90523 74.8394 71
    endloop
  endfacet
  facet normal 0.032723 -0.999464 0
    outer loop
      vertex 0 -75 71
      vertex 4.90523 -74.8394 95
      vertex 0 -75 95
    endloop
  endfacet
  facet normal 0.032723 -0.999464 0
    outer loop
      vertex 4.90523 -74.8394 95
      vertex 0 -75 71
      vertex 4.90523 -74.8394 71
    endloop
  endfacet
  facet normal 0.162901 -0.986642 0
    outer loop
      vertex 9.78946 -74.3584 71
      vertex 14.6318 -73.5589 95
      vertex 9.78946 -74.3584 95
    endloop
  endfacet
  facet normal 0.162901 -0.986642 0
    outer loop
      vertex 14.6318 -73.5589 95
      vertex 9.78946 -74.3584 71
      vertex 14.6318 -73.5589 71
    endloop
  endfacet
  facet normal 0.352251 -0.935906 0
    outer loop
      vertex 24.108 -71.0198 71
      vertex 28.7013 -69.291 95
      vertex 24.108 -71.0198 95
    endloop
  endfacet
  facet normal 0.352251 -0.935906 0
    outer loop
      vertex 28.7013 -69.291 95
      vertex 24.108 -71.0198 71
      vertex 28.7013 -69.291 71
    endloop
  endfacet
  facet normal 0.290266 -0.956946 0
    outer loop
      vertex 19.4114 -72.4444 71
      vertex 24.108 -71.0198 95
      vertex 19.4114 -72.4444 95
    endloop
  endfacet
  facet normal 0.290266 -0.956946 0
    outer loop
      vertex 24.108 -71.0198 95
      vertex 19.4114 -72.4444 71
      vertex 24.108 -71.0198 71
    endloop
  endfacet
  facet normal 0.634394 -0.77301 0
    outer loop
      vertex 45.6571 -59.5015 71
      vertex 49.4509 -56.388 95
      vertex 45.6571 -59.5015 95
    endloop
  endfacet
  facet normal 0.634394 -0.77301 0
    outer loop
      vertex 49.4509 -56.388 95
      vertex 45.6571 -59.5015 71
      vertex 49.4509 -56.388 71
    endloop
  endfacet
  facet normal 0.412713 -0.910861 0
    outer loop
      vertex 28.7013 -69.291 71
      vertex 33.1716 -67.2655 95
      vertex 28.7013 -69.291 95
    endloop
  endfacet
  facet normal 0.412713 -0.910861 0
    outer loop
      vertex 33.1716 -67.2655 95
      vertex 28.7013 -69.291 71
      vertex 33.1716 -67.2655 71
    endloop
  endfacet
  facet normal 0.528067 -0.849203 0
    outer loop
      vertex 37.5 -64.9519 71
      vertex 41.6678 -62.3602 95
      vertex 37.5 -64.9519 95
    endloop
  endfacet
  facet normal 0.528067 -0.849203 0
    outer loop
      vertex 41.6678 -62.3602 95
      vertex 37.5 -64.9519 71
      vertex 41.6678 -62.3602 71
    endloop
  endfacet
  facet normal 0.812846 -0.582479 0
    outer loop
      vertex 59.5015 -45.6571 95
      vertex 62.3602 -41.6678 71
      vertex 62.3602 -41.6678 95
    endloop
  endfacet
  facet normal 0.812846 -0.582479 0
    outer loop
      vertex 62.3602 -41.6678 71
      vertex 59.5015 -45.6571 95
      vertex 59.5015 -45.6571 71
    endloop
  endfacet
  facet normal 0.729864 -0.683592 0
    outer loop
      vertex 53.033 -53.033 95
      vertex 56.388 -49.4509 71
      vertex 56.388 -49.4509 95
    endloop
  endfacet
  facet normal 0.729864 -0.683592 0
    outer loop
      vertex 56.388 -49.4509 71
      vertex 53.033 -53.033 95
      vertex 53.033 -53.033 71
    endloop
  endfacet
  facet normal 0.910861 -0.412713 0
    outer loop
      vertex 67.2655 -33.1716 95
      vertex 69.291 -28.7013 71
      vertex 69.291 -28.7013 95
    endloop
  endfacet
  facet normal 0.910861 -0.412713 0
    outer loop
      vertex 69.291 -28.7013 71
      vertex 67.2655 -33.1716 95
      vertex 67.2655 -33.1716 71
    endloop
  endfacet
  facet normal 0.956946 -0.290266 0
    outer loop
      vertex 71.0198 -24.108 95
      vertex 72.4444 -19.4114 71
      vertex 72.4444 -19.4114 95
    endloop
  endfacet
  facet normal 0.956946 -0.290266 0
    outer loop
      vertex 72.4444 -19.4114 71
      vertex 71.0198 -24.108 95
      vertex 71.0198 -24.108 71
    endloop
  endfacet
  facet normal 0.973875 -0.227087 0
    outer loop
      vertex 72.4444 -19.4114 95
      vertex 73.5589 -14.6318 71
      vertex 73.5589 -14.6318 95
    endloop
  endfacet
  facet normal 0.973875 -0.227087 0
    outer loop
      vertex 73.5589 -14.6318 71
      vertex 72.4444 -19.4114 95
      vertex 72.4444 -19.4114 71
    endloop
  endfacet
  facet normal -0.582479 -0.812846 0
    outer loop
      vertex -45.6571 -59.5015 71
      vertex -41.6678 -62.3602 95
      vertex -45.6571 -59.5015 95
    endloop
  endfacet
  facet normal -0.582479 -0.812846 -0
    outer loop
      vertex -41.6678 -62.3602 95
      vertex -45.6571 -59.5015 71
      vertex -41.6678 -62.3602 71
    endloop
  endfacet
  facet normal -0.683592 -0.729864 0
    outer loop
      vertex -53.033 -53.033 71
      vertex -49.4509 -56.388 95
      vertex -53.033 -53.033 95
    endloop
  endfacet
  facet normal -0.683592 -0.729864 -0
    outer loop
      vertex -49.4509 -56.388 95
      vertex -53.033 -53.033 71
      vertex -49.4509 -56.388 71
    endloop
  endfacet
  facet normal -0.634394 -0.77301 0
    outer loop
      vertex -49.4509 -56.388 71
      vertex -45.6571 -59.5015 95
      vertex -49.4509 -56.388 95
    endloop
  endfacet
  facet normal -0.634394 -0.77301 -0
    outer loop
      vertex -45.6571 -59.5015 95
      vertex -49.4509 -56.388 71
      vertex -45.6571 -59.5015 71
    endloop
  endfacet
  facet normal -0.4714 -0.881919 0
    outer loop
      vertex -37.5 -64.9519 71
      vertex -33.1716 -67.2655 95
      vertex -37.5 -64.9519 95
    endloop
  endfacet
  facet normal -0.4714 -0.881919 -0
    outer loop
      vertex -33.1716 -67.2655 95
      vertex -37.5 -64.9519 71
      vertex -33.1716 -67.2655 71
    endloop
  endfacet
  facet normal -0.290266 -0.956946 0
    outer loop
      vertex -24.108 -71.0198 71
      vertex -19.4114 -72.4444 95
      vertex -24.108 -71.0198 95
    endloop
  endfacet
  facet normal -0.290266 -0.956946 -0
    outer loop
      vertex -19.4114 -72.4444 95
      vertex -24.108 -71.0198 71
      vertex -19.4114 -72.4444 71
    endloop
  endfacet
  facet normal -0.0980061 -0.995186 0
    outer loop
      vertex -9.78946 -74.3584 71
      vertex -4.90523 -74.8394 95
      vertex -9.78946 -74.3584 95
    endloop
  endfacet
  facet normal -0.0980061 -0.995186 -0
    outer loop
      vertex -4.90523 -74.8394 95
      vertex -9.78946 -74.3584 71
      vertex -4.90523 -74.8394 71
    endloop
  endfacet
  facet normal -0.729864 -0.683592 0
    outer loop
      vertex -53.033 -53.033 71
      vertex -56.388 -49.4509 95
      vertex -56.388 -49.4509 71
    endloop
  endfacet
  facet normal -0.729864 -0.683592 0
    outer loop
      vertex -56.388 -49.4509 95
      vertex -53.033 -53.033 71
      vertex -53.033 -53.033 95
    endloop
  endfacet
  facet normal -0.910861 -0.412713 0
    outer loop
      vertex -67.2655 -33.1716 71
      vertex -69.291 -28.7013 95
      vertex -69.291 -28.7013 71
    endloop
  endfacet
  facet normal -0.910861 -0.412713 0
    outer loop
      vertex -69.291 -28.7013 95
      vertex -67.2655 -33.1716 71
      vertex -67.2655 -33.1716 95
    endloop
  endfacet
  facet normal -0.881919 -0.4714 0
    outer loop
      vertex -64.9519 -37.5 71
      vertex -67.2655 -33.1716 95
      vertex -67.2655 -33.1716 71
    endloop
  endfacet
  facet normal -0.881919 -0.4714 0
    outer loop
      vertex -67.2655 -33.1716 95
      vertex -64.9519 -37.5 71
      vertex -64.9519 -37.5 95
    endloop
  endfacet
  facet normal -0.973875 -0.227087 0
    outer loop
      vertex -72.4444 -19.4114 71
      vertex -73.5589 -14.6318 95
      vertex -73.5589 -14.6318 71
    endloop
  endfacet
  facet normal -0.973875 -0.227087 0
    outer loop
      vertex -73.5589 -14.6318 95
      vertex -72.4444 -19.4114 71
      vertex -72.4444 -19.4114 95
    endloop
  endfacet
  facet normal -0.986642 -0.162901 0
    outer loop
      vertex -73.5589 -14.6318 71
      vertex -74.3584 -9.78946 95
      vertex -74.3584 -9.78946 71
    endloop
  endfacet
  facet normal -0.986642 -0.162901 0
    outer loop
      vertex -74.3584 -9.78946 95
      vertex -73.5589 -14.6318 71
      vertex -73.5589 -14.6318 95
    endloop
  endfacet
  facet normal -0.999464 -0.032723 0
    outer loop
      vertex -74.8394 -4.90523 71
      vertex -75 0 95
      vertex -75 0 71
    endloop
  endfacet
  facet normal -0.999464 -0.032723 0
    outer loop
      vertex -75 0 95
      vertex -74.8394 -4.90523 71
      vertex -74.8394 -4.90523 95
    endloop
  endfacet
  facet normal -0.729864 0.683592 0
    outer loop
      vertex -56.388 49.4509 71
      vertex -53.033 53.033 95
      vertex -53.033 53.033 71
    endloop
  endfacet
  facet normal -0.729864 0.683592 0
    outer loop
      vertex -53.033 53.033 95
      vertex -56.388 49.4509 71
      vertex -56.388 49.4509 95
    endloop
  endfacet
  facet normal -0.412713 0.910861 0
    outer loop
      vertex -28.7013 69.291 71
      vertex -33.1716 67.2655 95
      vertex -28.7013 69.291 95
    endloop
  endfacet
  facet normal -0.412713 0.910861 0
    outer loop
      vertex -33.1716 67.2655 95
      vertex -28.7013 69.291 71
      vertex -33.1716 67.2655 71
    endloop
  endfacet
  facet normal 0.999464 -0.032723 0
    outer loop
      vertex 74.8394 -4.90523 95
      vertex 75 0 71
      vertex 75 0 95
    endloop
  endfacet
  facet normal 0.999464 -0.032723 0
    outer loop
      vertex 75 0 71
      vertex 74.8394 -4.90523 95
      vertex 74.8394 -4.90523 71
    endloop
  endfacet
  facet normal 0.0980061 -0.995186 0
    outer loop
      vertex 4.90523 -74.8394 71
      vertex 9.78946 -74.3584 95
      vertex 4.90523 -74.8394 95
    endloop
  endfacet
  facet normal 0.0980061 -0.995186 0
    outer loop
      vertex 9.78946 -74.3584 95
      vertex 4.90523 -74.8394 71
      vertex 9.78946 -74.3584 71
    endloop
  endfacet
  facet normal 0.4714 -0.881919 0
    outer loop
      vertex 33.1716 -67.2655 71
      vertex 37.5 -64.9519 95
      vertex 33.1716 -67.2655 95
    endloop
  endfacet
  facet normal 0.4714 -0.881919 0
    outer loop
      vertex 37.5 -64.9519 95
      vertex 33.1716 -67.2655 71
      vertex 37.5 -64.9519 71
    endloop
  endfacet
  facet normal 0.849203 -0.528067 0
    outer loop
      vertex 62.3602 -41.6678 95
      vertex 64.9519 -37.5 71
      vertex 64.9519 -37.5 95
    endloop
  endfacet
  facet normal 0.849203 -0.528067 0
    outer loop
      vertex 64.9519 -37.5 71
      vertex 62.3602 -41.6678 95
      vertex 62.3602 -41.6678 71
    endloop
  endfacet
  facet normal 0.77301 -0.634394 0
    outer loop
      vertex 56.388 -49.4509 95
      vertex 59.5015 -45.6571 71
      vertex 59.5015 -45.6571 95
    endloop
  endfacet
  facet normal 0.77301 -0.634394 0
    outer loop
      vertex 59.5015 -45.6571 71
      vertex 56.388 -49.4509 95
      vertex 56.388 -49.4509 71
    endloop
  endfacet
  facet normal -0.227087 -0.973875 0
    outer loop
      vertex -19.4114 -72.4444 71
      vertex -14.6318 -73.5589 95
      vertex -19.4114 -72.4444 95
    endloop
  endfacet
  facet normal -0.227087 -0.973875 -0
    outer loop
      vertex -14.6318 -73.5589 95
      vertex -19.4114 -72.4444 71
      vertex -14.6318 -73.5589 71
    endloop
  endfacet
  facet normal -0.956946 -0.290266 0
    outer loop
      vertex -71.0198 -24.108 71
      vertex -72.4444 -19.4114 95
      vertex -72.4444 -19.4114 71
    endloop
  endfacet
  facet normal -0.956946 -0.290266 0
    outer loop
      vertex -72.4444 -19.4114 95
      vertex -71.0198 -24.108 71
      vertex -71.0198 -24.108 95
    endloop
  endfacet
  facet normal -0.995186 -0.0980061 0
    outer loop
      vertex -74.3584 -9.78946 71
      vertex -74.8394 -4.90523 95
      vertex -74.8394 -4.90523 71
    endloop
  endfacet
  facet normal -0.995186 -0.0980061 0
    outer loop
      vertex -74.8394 -4.90523 95
      vertex -74.3584 -9.78946 71
      vertex -74.3584 -9.78946 95
    endloop
  endfacet
  facet normal 0.999465 0.0327156 0
    outer loop
      vertex 71 0 -43
      vertex 70.848 4.64362 -53
      vertex 70.848 4.64362 -43
    endloop
  endfacet
  facet normal 0.999465 0.0327156 0
    outer loop
      vertex 70.848 4.64362 -53
      vertex 71 0 -43
      vertex 71 0 -53
    endloop
  endfacet
  facet normal -0.999465 0.0327156 0
    outer loop
      vertex -71 0 -53
      vertex -70.848 4.64362 -43
      vertex -70.848 4.64362 -53
    endloop
  endfacet
  facet normal -0.999465 0.0327156 0
    outer loop
      vertex -70.848 4.64362 -43
      vertex -71 0 -53
      vertex -71 0 -43
    endloop
  endfacet
  facet normal 0.0327156 0.999465 -0
    outer loop
      vertex 4.64362 70.848 -53
      vertex 0 71 -43
      vertex 4.64362 70.848 -43
    endloop
  endfacet
  facet normal 0.0327156 0.999465 0
    outer loop
      vertex 0 71 -43
      vertex 4.64362 70.848 -53
      vertex 0 71 -53
    endloop
  endfacet
  facet normal -0.0327156 -0.999465 0
    outer loop
      vertex -4.64362 -70.848 -53
      vertex 0 -71 -43
      vertex -4.64362 -70.848 -43
    endloop
  endfacet
  facet normal -0.0327156 -0.999465 -0
    outer loop
      vertex 0 -71 -43
      vertex -4.64362 -70.848 -53
      vertex 0 -71 -53
    endloop
  endfacet
  facet normal 0.729866 0.68359 0
    outer loop
      vertex 53.3806 46.8136 -43
      vertex 50.2046 50.2046 -53
      vertex 50.2046 50.2046 -43
    endloop
  endfacet
  facet normal 0.729866 0.68359 0
    outer loop
      vertex 50.2046 50.2046 -53
      vertex 53.3806 46.8136 -43
      vertex 53.3806 46.8136 -53
    endloop
  endfacet
  facet normal -0.68359 0.729866 0
    outer loop
      vertex -46.8136 53.3806 -53
      vertex -50.2046 50.2046 -43
      vertex -46.8136 53.3806 -43
    endloop
  endfacet
  facet normal -0.68359 0.729866 0
    outer loop
      vertex -50.2046 50.2046 -43
      vertex -46.8136 53.3806 -53
      vertex -50.2046 50.2046 -53
    endloop
  endfacet
  facet normal -0.352253 0.935905 0
    outer loop
      vertex -22.8222 67.232 -53
      vertex -27.1705 65.5954 -43
      vertex -22.8222 67.232 -43
    endloop
  endfacet
  facet normal -0.352253 0.935905 0
    outer loop
      vertex -27.1705 65.5954 -43
      vertex -22.8222 67.232 -53
      vertex -27.1705 65.5954 -53
    endloop
  endfacet
  facet normal 0.935905 0.352253 0
    outer loop
      vertex 67.232 22.8222 -43
      vertex 65.5954 27.1705 -53
      vertex 65.5954 27.1705 -43
    endloop
  endfacet
  facet normal 0.935905 0.352253 0
    outer loop
      vertex 65.5954 27.1705 -53
      vertex 67.232 22.8222 -43
      vertex 67.232 22.8222 -53
    endloop
  endfacet
  facet normal 0.41269 0.910871 -0
    outer loop
      vertex 31.4025 63.678 -53
      vertex 27.1705 65.5954 -43
      vertex 31.4025 63.678 -43
    endloop
  endfacet
  facet normal 0.41269 0.910871 0
    outer loop
      vertex 27.1705 65.5954 -43
      vertex 31.4025 63.678 -53
      vertex 27.1705 65.5954 -53
    endloop
  endfacet
  facet normal 0.582467 0.812854 -0
    outer loop
      vertex 43.2221 56.3281 -53
      vertex 39.4455 59.0343 -43
      vertex 43.2221 56.3281 -43
    endloop
  endfacet
  facet normal 0.582467 0.812854 0
    outer loop
      vertex 39.4455 59.0343 -43
      vertex 43.2221 56.3281 -53
      vertex 39.4455 59.0343 -53
    endloop
  endfacet
  facet normal -0.910871 0.41269 0
    outer loop
      vertex -65.5954 27.1705 -53
      vertex -63.678 31.4025 -43
      vertex -63.678 31.4025 -53
    endloop
  endfacet
  facet normal -0.910871 0.41269 0
    outer loop
      vertex -63.678 31.4025 -43
      vertex -65.5954 27.1705 -53
      vertex -65.5954 27.1705 -43
    endloop
  endfacet
  facet normal -0.16289 0.986644 0
    outer loop
      vertex -9.26736 70.3926 -53
      vertex -13.8514 69.6358 -43
      vertex -9.26736 70.3926 -43
    endloop
  endfacet
  facet normal -0.16289 0.986644 0
    outer loop
      vertex -13.8514 69.6358 -43
      vertex -9.26736 70.3926 -53
      vertex -13.8514 69.6358 -53
    endloop
  endfacet
  facet normal -0.995185 -0.0980174 0
    outer loop
      vertex -70.3926 -9.26736 -53
      vertex -70.848 -4.64362 -43
      vertex -70.848 -4.64362 -53
    endloop
  endfacet
  facet normal -0.995185 -0.0980174 0
    outer loop
      vertex -70.848 -4.64362 -43
      vertex -70.3926 -9.26736 -53
      vertex -70.3926 -9.26736 -43
    endloop
  endfacet
  facet normal 0 0 -1
    outer loop
      vertex 57.5 0 -53
      vertex 71 0 -53
      vertex 70.848 -4.64362 -53
    endloop
  endfacet
  facet normal 0 0 -1
    outer loop
      vertex 57.3769 -3.76068 -53
      vertex 70.848 -4.64362 -53
      vertex 70.3926 -9.26736 -53
    endloop
  endfacet
  facet normal 0 0 -1
    outer loop
      vertex 71 0 -53
      vertex 57.5 0 -53
      vertex 70.848 4.64362 -53
    endloop
  endfacet
  facet normal 0 0 -1
    outer loop
      vertex 57.0081 -7.50526 -53
      vertex 70.3926 -9.26736 -53
      vertex 69.6358 -13.8514 -53
    endloop
  endfacet
  facet normal 0 0 -1
    outer loop
      vertex 57.3769 3.76068 -53
      vertex 70.848 4.64362 -53
      vertex 57.5 0 -53
    endloop
  endfacet
  facet normal 0 0 -1
    outer loop
      vertex 56.3952 -11.2177 -53
      vertex 69.6358 -13.8514 -53
      vertex 68.5807 -18.3762 -53
    endloop
  endfacet
  facet normal -0 0 -1
    outer loop
      vertex 70.848 4.64362 -53
      vertex 57.3769 3.76068 -53
      vertex 70.3926 9.26736 -53
    endloop
  endfacet
  facet normal 0 0 -1
    outer loop
      vertex 55.5407 -14.8821 -53
      vertex 68.5807 -18.3762 -53
      vertex 67.232 -22.8222 -53
    endloop
  endfacet
  facet normal 0 0 -1
    outer loop
      vertex 57.0081 7.50526 -53
      vertex 70.3926 9.26736 -53
      vertex 57.3769 3.76068 -53
    endloop
  endfacet
  facet normal 0 0 -1
    outer loop
      vertex 54.4485 -18.4828 -53
      vertex 67.232 -22.8222 -53
      vertex 65.5954 -27.1705 -53
    endloop
  endfacet
  facet normal -0 0 -1
    outer loop
      vertex 70.3926 9.26736 -53
      vertex 57.0081 7.50526 -53
      vertex 69.6358 13.8514 -53
    endloop
  endfacet
  facet normal 0 0 -1
    outer loop
      vertex 53.1231 -22.0043 -53
      vertex 65.5954 -27.1705 -53
      vertex 63.678 -31.4025 -53
    endloop
  endfacet
  facet normal 0 0 -1
    outer loop
      vertex 56.3952 11.2177 -53
      vertex 69.6358 13.8514 -53
      vertex 57.0081 7.50526 -53
    endloop
  endfacet
  facet normal 0 0 -1
    outer loop
      vertex 51.5702 -25.4316 -53
      vertex 63.678 -31.4025 -53
      vertex 61.4878 -35.5 -53
    endloop
  endfacet
  facet normal -0 0 -1
    outer loop
      vertex 69.6358 13.8514 -53
      vertex 56.3952 11.2177 -53
      vertex 68.5807 18.3762 -53
    endloop
  endfacet
  facet normal 0 0 -1
    outer loop
      vertex 49.7965 -28.75 -53
      vertex 61.4878 -35.5 -53
      vertex 59.0343 -39.4455 -53
    endloop
  endfacet
  facet normal 0 0 -1
    outer loop
      vertex 55.5407 14.8821 -53
      vertex 68.5807 18.3762 -53
      vertex 56.3952 11.2177 -53
    endloop
  endfacet
  facet normal -0 0 -1
    outer loop
      vertex 68.5807 18.3762 -53
      vertex 55.5407 14.8821 -53
      vertex 67.232 22.8222 -53
    endloop
  endfacet
  facet normal 0 0 -1
    outer loop
      vertex 70.848 -4.64362 -53
      vertex 57.3769 -3.76068 -53
      vertex 57.5 0 -53
    endloop
  endfacet
  facet normal 0 0 -1
    outer loop
      vertex 70.3926 -9.26736 -53
      vertex 57.0081 -7.50526 -53
      vertex 57.3769 -3.76068 -53
    endloop
  endfacet
  facet normal 0 0 -1
    outer loop
      vertex 69.6358 -13.8514 -53
      vertex 56.3952 -11.2177 -53
      vertex 57.0081 -7.50526 -53
    endloop
  endfacet
  facet normal 0 0 -1
    outer loop
      vertex 47.8095 -31.9453 -53
      vertex 59.0343 -39.4455 -53
      vertex 56.3281 -43.2221 -53
    endloop
  endfacet
  facet normal 0 0 -1
    outer loop
      vertex 68.5807 -18.3762 -53
      vertex 55.5407 -14.8821 -53
      vertex 56.3952 -11.2177 -53
    endloop
  endfacet
  facet normal 0 0 -1
    outer loop
      vertex 67.232 -22.8222 -53
      vertex 54.4485 -18.4828 -53
      vertex 55.5407 -14.8821 -53
    endloop
  endfacet
  facet normal 0 0 -1
    outer loop
      vertex 45.6178 -35.0038 -53
      vertex 56.3281 -43.2221 -53
      vertex 53.3806 -46.8136 -53
    endloop
  endfacet
  facet normal 0 0 -1
    outer loop
      vertex 65.5954 -27.1705 -53
      vertex 53.1231 -22.0043 -53
      vertex 54.4485 -18.4828 -53
    endloop
  endfacet
  facet normal 0 0 -1
    outer loop
      vertex 63.678 -31.4025 -53
      vertex 51.5702 -25.4316 -53
      vertex 53.1231 -22.0043 -53
    endloop
  endfacet
  facet normal 0 0 -1
    outer loop
      vertex 43.2308 -37.9124 -53
      vertex 53.3806 -46.8136 -53
      vertex 50.2046 -50.2046 -53
    endloop
  endfacet
  facet normal 0 0 -1
    outer loop
      vertex 61.4878 -35.5 -53
      vertex 49.7965 -28.75 -53
      vertex 51.5702 -25.4316 -53
    endloop
  endfacet
  facet normal 0 0 -1
    outer loop
      vertex 59.0343 -39.4455 -53
      vertex 47.8095 -31.9453 -53
      vertex 49.7965 -28.75 -53
    endloop
  endfacet
  facet normal 0 0 -1
    outer loop
      vertex 40.6586 -40.6586 -53
      vertex 50.2046 -50.2046 -53
      vertex 46.8136 -53.3806 -53
    endloop
  endfacet
  facet normal 0 0 -1
    outer loop
      vertex 56.3281 -43.2221 -53
      vertex 45.6178 -35.0038 -53
      vertex 47.8095 -31.9453 -53
    endloop
  endfacet
  facet normal 0 0 -1
    outer loop
      vertex 53.3806 -46.8136 -53
      vertex 43.2308 -37.9124 -53
      vertex 45.6178 -35.0038 -53
    endloop
  endfacet
  facet normal 0 0 -1
    outer loop
      vertex 37.9124 -43.2308 -53
      vertex 46.8136 -53.3806 -53
      vertex 43.2221 -56.3281 -53
    endloop
  endfacet
  facet normal 0 0 -1
    outer loop
      vertex 50.2046 -50.2046 -53
      vertex 40.6586 -40.6586 -53
      vertex 43.2308 -37.9124 -53
    endloop
  endfacet
  facet normal 0 0 -1
    outer loop
      vertex 35.0038 -45.6178 -53
      vertex 43.2221 -56.3281 -53
      vertex 39.4455 -59.0343 -53
    endloop
  endfacet
  facet normal 0 0 -1
    outer loop
      vertex 46.8136 -53.3806 -53
      vertex 37.9124 -43.2308 -53
      vertex 40.6586 -40.6586 -53
    endloop
  endfacet
  facet normal 0 0 -1
    outer loop
      vertex 31.9453 -47.8095 -53
      vertex 39.4455 -59.0343 -53
      vertex 35.5 -61.4878 -53
    endloop
  endfacet
  facet normal 0 0 -1
    outer loop
      vertex 43.2221 -56.3281 -53
      vertex 35.0038 -45.6178 -53
      vertex 37.9124 -43.2308 -53
    endloop
  endfacet
  facet normal 0 0 -1
    outer loop
      vertex 39.4455 -59.0343 -53
      vertex 31.9453 -47.8095 -53
      vertex 35.0038 -45.6178 -53
    endloop
  endfacet
  facet normal 0 0 -1
    outer loop
      vertex 28.75 -49.7965 -53
      vertex 35.5 -61.4878 -53
      vertex 31.4025 -63.678 -53
    endloop
  endfacet
  facet normal 0 0 -1
    outer loop
      vertex 35.5 -61.4878 -53
      vertex 28.75 -49.7965 -53
      vertex 31.9453 -47.8095 -53
    endloop
  endfacet
  facet normal 0 0 -1
    outer loop
      vertex 25.4316 -51.5702 -53
      vertex 31.4025 -63.678 -53
      vertex 27.1705 -65.5954 -53
    endloop
  endfacet
  facet normal 0 0 -1
    outer loop
      vertex 31.4025 -63.678 -53
      vertex 25.4316 -51.5702 -53
      vertex 28.75 -49.7965 -53
    endloop
  endfacet
  facet normal 0 0 -1
    outer loop
      vertex 22.0043 -53.1231 -53
      vertex 27.1705 -65.5954 -53
      vertex 22.8222 -67.232 -53
    endloop
  endfacet
  facet normal 0 0 -1
    outer loop
      vertex 27.1705 -65.5954 -53
      vertex 22.0043 -53.1231 -53
      vertex 25.4316 -51.5702 -53
    endloop
  endfacet
  facet normal 0 0 -1
    outer loop
      vertex 22.8222 -67.232 -53
      vertex 18.4828 -54.4485 -53
      vertex 22.0043 -53.1231 -53
    endloop
  endfacet
  facet normal 0 0 -1
    outer loop
      vertex 18.3762 -68.5807 -53
      vertex 18.4828 -54.4485 -53
      vertex 22.8222 -67.232 -53
    endloop
  endfacet
  facet normal 0 0 -1
    outer loop
      vertex 18.3762 -68.5807 -53
      vertex 14.8821 -55.5407 -53
      vertex 18.4828 -54.4485 -53
    endloop
  endfacet
  facet normal 0 0 -1
    outer loop
      vertex 13.8514 -69.6358 -53
      vertex 14.8821 -55.5407 -53
      vertex 18.3762 -68.5807 -53
    endloop
  endfacet
  facet normal 0 0 -1
    outer loop
      vertex 13.8514 -69.6358 -53
      vertex 11.2177 -56.3952 -53
      vertex 14.8821 -55.5407 -53
    endloop
  endfacet
  facet normal 0 0 -1
    outer loop
      vertex 9.26736 -70.3926 -53
      vertex 11.2177 -56.3952 -53
      vertex 13.8514 -69.6358 -53
    endloop
  endfacet
  facet normal 0 0 -1
    outer loop
      vertex 9.26736 -70.3926 -53
      vertex 7.50526 -57.0081 -53
      vertex 11.2177 -56.3952 -53
    endloop
  endfacet
  facet normal 0 0 -1
    outer loop
      vertex 4.64362 -70.848 -53
      vertex 7.50526 -57.0081 -53
      vertex 9.26736 -70.3926 -53
    endloop
  endfacet
  facet normal 0 0 -1
    outer loop
      vertex 4.64362 -70.848 -53
      vertex 3.76068 -57.3769 -53
      vertex 7.50526 -57.0081 -53
    endloop
  endfacet
  facet normal 0 0 -1
    outer loop
      vertex 0 -71 -53
      vertex 3.76068 -57.3769 -53
      vertex 4.64362 -70.848 -53
    endloop
  endfacet
  facet normal 0 0 -1
    outer loop
      vertex 0 -71 -53
      vertex 0 -57.5 -53
      vertex 3.76068 -57.3769 -53
    endloop
  endfacet
  facet normal 0 0 -1
    outer loop
      vertex 0 -71 -53
      vertex -3.76068 -57.3769 -53
      vertex 0 -57.5 -53
    endloop
  endfacet
  facet normal 0 0 -1
    outer loop
      vertex -4.64362 -70.848 -53
      vertex -3.76068 -57.3769 -53
      vertex 0 -71 -53
    endloop
  endfacet
  facet normal 0 0 -1
    outer loop
      vertex -4.64362 -70.848 -53
      vertex -7.50526 -57.0081 -53
      vertex -3.76068 -57.3769 -53
    endloop
  endfacet
  facet normal 0 0 -1
    outer loop
      vertex -9.26736 -70.3926 -53
      vertex -7.50526 -57.0081 -53
      vertex -4.64362 -70.848 -53
    endloop
  endfacet
  facet normal 0 0 -1
    outer loop
      vertex -9.26736 -70.3926 -53
      vertex -11.2177 -56.3952 -53
      vertex -7.50526 -57.0081 -53
    endloop
  endfacet
  facet normal 0 0 -1
    outer loop
      vertex -13.8514 -69.6358 -53
      vertex -11.2177 -56.3952 -53
      vertex -9.26736 -70.3926 -53
    endloop
  endfacet
  facet normal 0 0 -1
    outer loop
      vertex -13.8514 -69.6358 -53
      vertex -14.8821 -55.5407 -53
      vertex -11.2177 -56.3952 -53
    endloop
  endfacet
  facet normal 0 0 -1
    outer loop
      vertex -18.3762 -68.5807 -53
      vertex -14.8821 -55.5407 -53
      vertex -13.8514 -69.6358 -53
    endloop
  endfacet
  facet normal 0 0 -1
    outer loop
      vertex -18.3762 -68.5807 -53
      vertex -18.4828 -54.4485 -53
      vertex -14.8821 -55.5407 -53
    endloop
  endfacet
  facet normal 0 0 -1
    outer loop
      vertex -22.8222 -67.232 -53
      vertex -18.4828 -54.4485 -53
      vertex -18.3762 -68.5807 -53
    endloop
  endfacet
  facet normal -0 0 -1
    outer loop
      vertex -18.4828 -54.4485 -53
      vertex -22.8222 -67.232 -53
      vertex -22.0043 -53.1231 -53
    endloop
  endfacet
  facet normal 0 0 -1
    outer loop
      vertex -27.1705 -65.5954 -53
      vertex -22.0043 -53.1231 -53
      vertex -22.8222 -67.232 -53
    endloop
  endfacet
  facet normal -0 0 -1
    outer loop
      vertex -22.0043 -53.1231 -53
      vertex -27.1705 -65.5954 -53
      vertex -25.4316 -51.5702 -53
    endloop
  endfacet
  facet normal 0 0 -1
    outer loop
      vertex -31.4025 -63.678 -53
      vertex -25.4316 -51.5702 -53
      vertex -27.1705 -65.5954 -53
    endloop
  endfacet
  facet normal -0 0 -1
    outer loop
      vertex -25.4316 -51.5702 -53
      vertex -31.4025 -63.678 -53
      vertex -28.75 -49.7965 -53
    endloop
  endfacet
  facet normal 0 0 -1
    outer loop
      vertex -35.5 -61.4878 -53
      vertex -28.75 -49.7965 -53
      vertex -31.4025 -63.678 -53
    endloop
  endfacet
  facet normal -0 0 -1
    outer loop
      vertex -28.75 -49.7965 -53
      vertex -35.5 -61.4878 -53
      vertex -31.9453 -47.8095 -53
    endloop
  endfacet
  facet normal 0 0 -1
    outer loop
      vertex -39.4455 -59.0343 -53
      vertex -31.9453 -47.8095 -53
      vertex -35.5 -61.4878 -53
    endloop
  endfacet
  facet normal -0 0 -1
    outer loop
      vertex -31.9453 -47.8095 -53
      vertex -39.4455 -59.0343 -53
      vertex -35.0038 -45.6178 -53
    endloop
  endfacet
  facet normal 0 0 -1
    outer loop
      vertex -43.2221 -56.3281 -53
      vertex -35.0038 -45.6178 -53
      vertex -39.4455 -59.0343 -53
    endloop
  endfacet
  facet normal -0 0 -1
    outer loop
      vertex -35.0038 -45.6178 -53
      vertex -43.2221 -56.3281 -53
      vertex -37.9124 -43.2308 -53
    endloop
  endfacet
  facet normal 0 0 -1
    outer loop
      vertex -46.8136 -53.3806 -53
      vertex -37.9124 -43.2308 -53
      vertex -43.2221 -56.3281 -53
    endloop
  endfacet
  facet normal -0 0 -1
    outer loop
      vertex -37.9124 -43.2308 -53
      vertex -46.8136 -53.3806 -53
      vertex -40.6586 -40.6586 -53
    endloop
  endfacet
  facet normal 0 0 -1
    outer loop
      vertex -50.2046 -50.2046 -53
      vertex -40.6586 -40.6586 -53
      vertex -46.8136 -53.3806 -53
    endloop
  endfacet
  facet normal -0 0 -1
    outer loop
      vertex -40.6586 -40.6586 -53
      vertex -50.2046 -50.2046 -53
      vertex -43.2308 -37.9124 -53
    endloop
  endfacet
  facet normal 0 0 -1
    outer loop
      vertex -53.3806 -46.8136 -53
      vertex -43.2308 -37.9124 -53
      vertex -50.2046 -50.2046 -53
    endloop
  endfacet
  facet normal -0 0 -1
    outer loop
      vertex -43.2308 -37.9124 -53
      vertex -53.3806 -46.8136 -53
      vertex -45.6178 -35.0038 -53
    endloop
  endfacet
  facet normal 0 0 -1
    outer loop
      vertex -56.3281 -43.2221 -53
      vertex -45.6178 -35.0038 -53
      vertex -53.3806 -46.8136 -53
    endloop
  endfacet
  facet normal -0 0 -1
    outer loop
      vertex -45.6178 -35.0038 -53
      vertex -56.3281 -43.2221 -53
      vertex -47.8095 -31.9453 -53
    endloop
  endfacet
  facet normal 0 0 -1
    outer loop
      vertex -59.0343 -39.4455 -53
      vertex -47.8095 -31.9453 -53
      vertex -56.3281 -43.2221 -53
    endloop
  endfacet
  facet normal -0 0 -1
    outer loop
      vertex -47.8095 -31.9453 -53
      vertex -59.0343 -39.4455 -53
      vertex -49.7965 -28.75 -53
    endloop
  endfacet
  facet normal 0 0 -1
    outer loop
      vertex -61.4878 -35.5 -53
      vertex -49.7965 -28.75 -53
      vertex -59.0343 -39.4455 -53
    endloop
  endfacet
  facet normal -0 0 -1
    outer loop
      vertex -49.7965 -28.75 -53
      vertex -61.4878 -35.5 -53
      vertex -51.5702 -25.4316 -53
    endloop
  endfacet
  facet normal 0 0 -1
    outer loop
      vertex -63.678 -31.4025 -53
      vertex -51.5702 -25.4316 -53
      vertex -61.4878 -35.5 -53
    endloop
  endfacet
  facet normal -0 0 -1
    outer loop
      vertex -51.5702 -25.4316 -53
      vertex -63.678 -31.4025 -53
      vertex -53.1231 -22.0043 -53
    endloop
  endfacet
  facet normal 0 0 -1
    outer loop
      vertex -65.5954 -27.1705 -53
      vertex -53.1231 -22.0043 -53
      vertex -63.678 -31.4025 -53
    endloop
  endfacet
  facet normal -0 0 -1
    outer loop
      vertex -53.1231 -22.0043 -53
      vertex -65.5954 -27.1705 -53
      vertex -54.4485 -18.4828 -53
    endloop
  endfacet
  facet normal 0 0 -1
    outer loop
      vertex -67.232 -22.8222 -53
      vertex -54.4485 -18.4828 -53
      vertex -65.5954 -27.1705 -53
    endloop
  endfacet
  facet normal -0 0 -1
    outer loop
      vertex -54.4485 -18.4828 -53
      vertex -67.232 -22.8222 -53
      vertex -55.5407 -14.8821 -53
    endloop
  endfacet
  facet normal 0 0 -1
    outer loop
      vertex 54.4485 18.4828 -53
      vertex 67.232 22.8222 -53
      vertex 55.5407 14.8821 -53
    endloop
  endfacet
  facet normal -0 0 -1
    outer loop
      vertex 67.232 22.8222 -53
      vertex 54.4485 18.4828 -53
      vertex 65.5954 27.1705 -53
    endloop
  endfacet
  facet normal 0 0 -1
    outer loop
      vertex 53.1231 22.0043 -53
      vertex 65.5954 27.1705 -53
      vertex 54.4485 18.4828 -53
    endloop
  endfacet
  facet normal -0 0 -1
    outer loop
      vertex 65.5954 27.1705 -53
      vertex 53.1231 22.0043 -53
      vertex 63.678 31.4025 -53
    endloop
  endfacet
  facet normal 0 0 -1
    outer loop
      vertex 51.5702 25.4316 -53
      vertex 63.678 31.4025 -53
      vertex 53.1231 22.0043 -53
    endloop
  endfacet
  facet normal -0 0 -1
    outer loop
      vertex 63.678 31.4025 -53
      vertex 51.5702 25.4316 -53
      vertex 61.4878 35.5 -53
    endloop
  endfacet
  facet normal 0 0 -1
    outer loop
      vertex 49.7965 28.75 -53
      vertex 61.4878 35.5 -53
      vertex 51.5702 25.4316 -53
    endloop
  endfacet
  facet normal -0 0 -1
    outer loop
      vertex 61.4878 35.5 -53
      vertex 49.7965 28.75 -53
      vertex 59.0343 39.4455 -53
    endloop
  endfacet
  facet normal 0 0 -1
    outer loop
      vertex 47.8095 31.9453 -53
      vertex 59.0343 39.4455 -53
      vertex 49.7965 28.75 -53
    endloop
  endfacet
  facet normal -0 0 -1
    outer loop
      vertex 59.0343 39.4455 -53
      vertex 47.8095 31.9453 -53
      vertex 56.3281 43.2221 -53
    endloop
  endfacet
  facet normal 0 0 -1
    outer loop
      vertex 45.6178 35.0038 -53
      vertex 56.3281 43.2221 -53
      vertex 47.8095 31.9453 -53
    endloop
  endfacet
  facet normal -0 0 -1
    outer loop
      vertex 56.3281 43.2221 -53
      vertex 45.6178 35.0038 -53
      vertex 53.3806 46.8136 -53
    endloop
  endfacet
  facet normal 0 0 -1
    outer loop
      vertex 43.2308 37.9124 -53
      vertex 53.3806 46.8136 -53
      vertex 45.6178 35.0038 -53
    endloop
  endfacet
  facet normal -0 0 -1
    outer loop
      vertex 53.3806 46.8136 -53
      vertex 43.2308 37.9124 -53
      vertex 50.2046 50.2046 -53
    endloop
  endfacet
  facet normal 0 0 -1
    outer loop
      vertex 40.6586 40.6586 -53
      vertex 50.2046 50.2046 -53
      vertex 43.2308 37.9124 -53
    endloop
  endfacet
  facet normal -0 0 -1
    outer loop
      vertex 50.2046 50.2046 -53
      vertex 40.6586 40.6586 -53
      vertex 46.8136 53.3806 -53
    endloop
  endfacet
  facet normal 0 0 -1
    outer loop
      vertex 37.9124 43.2308 -53
      vertex 46.8136 53.3806 -53
      vertex 40.6586 40.6586 -53
    endloop
  endfacet
  facet normal -0 0 -1
    outer loop
      vertex 46.8136 53.3806 -53
      vertex 37.9124 43.2308 -53
      vertex 43.2221 56.3281 -53
    endloop
  endfacet
  facet normal 0 0 -1
    outer loop
      vertex 35.0038 45.6178 -53
      vertex 43.2221 56.3281 -53
      vertex 37.9124 43.2308 -53
    endloop
  endfacet
  facet normal -0 0 -1
    outer loop
      vertex 43.2221 56.3281 -53
      vertex 35.0038 45.6178 -53
      vertex 39.4455 59.0343 -53
    endloop
  endfacet
  facet normal 0 0 -1
    outer loop
      vertex 31.9453 47.8095 -53
      vertex 39.4455 59.0343 -53
      vertex 35.0038 45.6178 -53
    endloop
  endfacet
  facet normal -0 0 -1
    outer loop
      vertex 39.4455 59.0343 -53
      vertex 31.9453 47.8095 -53
      vertex 35.5 61.4878 -53
    endloop
  endfacet
  facet normal 0 0 -1
    outer loop
      vertex 28.75 49.7965 -53
      vertex 35.5 61.4878 -53
      vertex 31.9453 47.8095 -53
    endloop
  endfacet
  facet normal -0 0 -1
    outer loop
      vertex 35.5 61.4878 -53
      vertex 28.75 49.7965 -53
      vertex 31.4025 63.678 -53
    endloop
  endfacet
  facet normal 0 0 -1
    outer loop
      vertex 25.4316 51.5702 -53
      vertex 31.4025 63.678 -53
      vertex 28.75 49.7965 -53
    endloop
  endfacet
  facet normal -0 0 -1
    outer loop
      vertex 31.4025 63.678 -53
      vertex 25.4316 51.5702 -53
      vertex 27.1705 65.5954 -53
    endloop
  endfacet
  facet normal 0 0 -1
    outer loop
      vertex 22.0043 53.1231 -53
      vertex 27.1705 65.5954 -53
      vertex 25.4316 51.5702 -53
    endloop
  endfacet
  facet normal -0 0 -1
    outer loop
      vertex 27.1705 65.5954 -53
      vertex 22.0043 53.1231 -53
      vertex 22.8222 67.232 -53
    endloop
  endfacet
  facet normal 0 0 -1
    outer loop
      vertex 18.4828 54.4485 -53
      vertex 22.8222 67.232 -53
      vertex 22.0043 53.1231 -53
    endloop
  endfacet
  facet normal 0 0 -1
    outer loop
      vertex 18.4828 54.4485 -53
      vertex 18.3762 68.5807 -53
      vertex 22.8222 67.232 -53
    endloop
  endfacet
  facet normal 0 0 -1
    outer loop
      vertex 14.8821 55.5407 -53
      vertex 18.3762 68.5807 -53
      vertex 18.4828 54.4485 -53
    endloop
  endfacet
  facet normal 0 0 -1
    outer loop
      vertex 14.8821 55.5407 -53
      vertex 13.8514 69.6358 -53
      vertex 18.3762 68.5807 -53
    endloop
  endfacet
  facet normal 0 0 -1
    outer loop
      vertex 11.2177 56.3952 -53
      vertex 13.8514 69.6358 -53
      vertex 14.8821 55.5407 -53
    endloop
  endfacet
  facet normal 0 0 -1
    outer loop
      vertex 11.2177 56.3952 -53
      vertex 9.26736 70.3926 -53
      vertex 13.8514 69.6358 -53
    endloop
  endfacet
  facet normal 0 0 -1
    outer loop
      vertex 7.50526 57.0081 -53
      vertex 9.26736 70.3926 -53
      vertex 11.2177 56.3952 -53
    endloop
  endfacet
  facet normal 0 0 -1
    outer loop
      vertex 7.50526 57.0081 -53
      vertex 4.64362 70.848 -53
      vertex 9.26736 70.3926 -53
    endloop
  endfacet
  facet normal 0 0 -1
    outer loop
      vertex 3.76068 57.3769 -53
      vertex 4.64362 70.848 -53
      vertex 7.50526 57.0081 -53
    endloop
  endfacet
  facet normal 0 0 -1
    outer loop
      vertex 0 57.5 -53
      vertex 4.64362 70.848 -53
      vertex 3.76068 57.3769 -53
    endloop
  endfacet
  facet normal 0 0 -1
    outer loop
      vertex 0 57.5 -53
      vertex 0 71 -53
      vertex 4.64362 70.848 -53
    endloop
  endfacet
  facet normal 0 0 -1
    outer loop
      vertex -3.76068 57.3769 -53
      vertex 0 71 -53
      vertex 0 57.5 -53
    endloop
  endfacet
  facet normal 0 0 -1
    outer loop
      vertex -3.76068 57.3769 -53
      vertex -4.64362 70.848 -53
      vertex 0 71 -53
    endloop
  endfacet
  facet normal 0 0 -1
    outer loop
      vertex -7.50526 57.0081 -53
      vertex -4.64362 70.848 -53
      vertex -3.76068 57.3769 -53
    endloop
  endfacet
  facet normal 0 0 -1
    outer loop
      vertex -7.50526 57.0081 -53
      vertex -9.26736 70.3926 -53
      vertex -4.64362 70.848 -53
    endloop
  endfacet
  facet normal 0 0 -1
    outer loop
      vertex -11.2177 56.3952 -53
      vertex -9.26736 70.3926 -53
      vertex -7.50526 57.0081 -53
    endloop
  endfacet
  facet normal 0 0 -1
    outer loop
      vertex -11.2177 56.3952 -53
      vertex -13.8514 69.6358 -53
      vertex -9.26736 70.3926 -53
    endloop
  endfacet
  facet normal 0 0 -1
    outer loop
      vertex -14.8821 55.5407 -53
      vertex -13.8514 69.6358 -53
      vertex -11.2177 56.3952 -53
    endloop
  endfacet
  facet normal 0 0 -1
    outer loop
      vertex -14.8821 55.5407 -53
      vertex -18.3762 68.5807 -53
      vertex -13.8514 69.6358 -53
    endloop
  endfacet
  facet normal 0 0 -1
    outer loop
      vertex -18.4828 54.4485 -53
      vertex -18.3762 68.5807 -53
      vertex -14.8821 55.5407 -53
    endloop
  endfacet
  facet normal 0 0 -1
    outer loop
      vertex -22.8222 67.232 -53
      vertex -18.4828 54.4485 -53
      vertex -22.0043 53.1231 -53
    endloop
  endfacet
  facet normal 0 0 -1
    outer loop
      vertex -18.4828 54.4485 -53
      vertex -22.8222 67.232 -53
      vertex -18.3762 68.5807 -53
    endloop
  endfacet
  facet normal 0 0 -1
    outer loop
      vertex -27.1705 65.5954 -53
      vertex -22.0043 53.1231 -53
      vertex -25.4316 51.5702 -53
    endloop
  endfacet
  facet normal 0 0 -1
    outer loop
      vertex -22.0043 53.1231 -53
      vertex -27.1705 65.5954 -53
      vertex -22.8222 67.232 -53
    endloop
  endfacet
  facet normal 0 0 -1
    outer loop
      vertex -31.4025 63.678 -53
      vertex -25.4316 51.5702 -53
      vertex -28.75 49.7965 -53
    endloop
  endfacet
  facet normal 0 0 -1
    outer loop
      vertex -25.4316 51.5702 -53
      vertex -31.4025 63.678 -53
      vertex -27.1705 65.5954 -53
    endloop
  endfacet
  facet normal 0 0 -1
    outer loop
      vertex -35.5 61.4878 -53
      vertex -28.75 49.7965 -53
      vertex -31.9453 47.8095 -53
    endloop
  endfacet
  facet normal 0 0 -1
    outer loop
      vertex -39.4455 59.0343 -53
      vertex -31.9453 47.8095 -53
      vertex -35.0038 45.6178 -53
    endloop
  endfacet
  facet normal 0 0 -1
    outer loop
      vertex -28.75 49.7965 -53
      vertex -35.5 61.4878 -53
      vertex -31.4025 63.678 -53
    endloop
  endfacet
  facet normal 0 0 -1
    outer loop
      vertex -43.2221 56.3281 -53
      vertex -35.0038 45.6178 -53
      vertex -37.9124 43.2308 -53
    endloop
  endfacet
  facet normal 0 0 -1
    outer loop
      vertex -31.9453 47.8095 -53
      vertex -39.4455 59.0343 -53
      vertex -35.5 61.4878 -53
    endloop
  endfacet
  facet normal 0 0 -1
    outer loop
      vertex -46.8136 53.3806 -53
      vertex -37.9124 43.2308 -53
      vertex -40.6586 40.6586 -53
    endloop
  endfacet
  facet normal 0 0 -1
    outer loop
      vertex -35.0038 45.6178 -53
      vertex -43.2221 56.3281 -53
      vertex -39.4455 59.0343 -53
    endloop
  endfacet
  facet normal 0 0 -1
    outer loop
      vertex -50.2046 50.2046 -53
      vertex -40.6586 40.6586 -53
      vertex -43.2308 37.9124 -53
    endloop
  endfacet
  facet normal 0 0 -1
    outer loop
      vertex -53.3806 46.8136 -53
      vertex -43.2308 37.9124 -53
      vertex -45.6178 35.0038 -53
    endloop
  endfacet
  facet normal 0 0 -1
    outer loop
      vertex -37.9124 43.2308 -53
      vertex -46.8136 53.3806 -53
      vertex -43.2221 56.3281 -53
    endloop
  endfacet
  facet normal 0 0 -1
    outer loop
      vertex -56.3281 43.2221 -53
      vertex -45.6178 35.0038 -53
      vertex -47.8095 31.9453 -53
    endloop
  endfacet
  facet normal 0 0 -1
    outer loop
      vertex -59.0343 39.4455 -53
      vertex -47.8095 31.9453 -53
      vertex -49.7965 28.75 -53
    endloop
  endfacet
  facet normal 0 0 -1
    outer loop
      vertex -40.6586 40.6586 -53
      vertex -50.2046 50.2046 -53
      vertex -46.8136 53.3806 -53
    endloop
  endfacet
  facet normal 0 0 -1
    outer loop
      vertex -61.4878 35.5 -53
      vertex -49.7965 28.75 -53
      vertex -51.5702 25.4316 -53
    endloop
  endfacet
  facet normal 0 0 -1
    outer loop
      vertex -63.678 31.4025 -53
      vertex -51.5702 25.4316 -53
      vertex -53.1231 22.0043 -53
    endloop
  endfacet
  facet normal 0 0 -1
    outer loop
      vertex -43.2308 37.9124 -53
      vertex -53.3806 46.8136 -53
      vertex -50.2046 50.2046 -53
    endloop
  endfacet
  facet normal 0 0 -1
    outer loop
      vertex -65.5954 27.1705 -53
      vertex -53.1231 22.0043 -53
      vertex -54.4485 18.4828 -53
    endloop
  endfacet
  facet normal 0 0 -1
    outer loop
      vertex -67.232 22.8222 -53
      vertex -54.4485 18.4828 -53
      vertex -55.5407 14.8821 -53
    endloop
  endfacet
  facet normal 0 0 -1
    outer loop
      vertex -45.6178 35.0038 -53
      vertex -56.3281 43.2221 -53
      vertex -53.3806 46.8136 -53
    endloop
  endfacet
  facet normal 0 0 -1
    outer loop
      vertex -68.5807 18.3762 -53
      vertex -55.5407 14.8821 -53
      vertex -56.3952 11.2177 -53
    endloop
  endfacet
  facet normal 0 0 -1
    outer loop
      vertex -69.6358 13.8514 -53
      vertex -56.3952 11.2177 -53
      vertex -57.0081 7.50526 -53
    endloop
  endfacet
  facet normal 0 0 -1
    outer loop
      vertex -70.3926 9.26736 -53
      vertex -57.0081 7.50526 -53
      vertex -57.3769 3.76068 -53
    endloop
  endfacet
  facet normal 0 0 -1
    outer loop
      vertex -70.848 4.64362 -53
      vertex -57.3769 3.76068 -53
      vertex -57.5 0 -53
    endloop
  endfacet
  facet normal 0 0 -1
    outer loop
      vertex -68.5807 -18.3762 -53
      vertex -55.5407 -14.8821 -53
      vertex -67.232 -22.8222 -53
    endloop
  endfacet
  facet normal 0 0 -1
    outer loop
      vertex -47.8095 31.9453 -53
      vertex -59.0343 39.4455 -53
      vertex -56.3281 43.2221 -53
    endloop
  endfacet
  facet normal -0 0 -1
    outer loop
      vertex -55.5407 -14.8821 -53
      vertex -68.5807 -18.3762 -53
      vertex -56.3952 -11.2177 -53
    endloop
  endfacet
  facet normal 0 0 -1
    outer loop
      vertex -49.7965 28.75 -53
      vertex -61.4878 35.5 -53
      vertex -59.0343 39.4455 -53
    endloop
  endfacet
  facet normal 0 0 -1
    outer loop
      vertex -69.6358 -13.8514 -53
      vertex -56.3952 -11.2177 -53
      vertex -68.5807 -18.3762 -53
    endloop
  endfacet
  facet normal 0 0 -1
    outer loop
      vertex -51.5702 25.4316 -53
      vertex -63.678 31.4025 -53
      vertex -61.4878 35.5 -53
    endloop
  endfacet
  facet normal -0 0 -1
    outer loop
      vertex -56.3952 -11.2177 -53
      vertex -69.6358 -13.8514 -53
      vertex -57.0081 -7.50526 -53
    endloop
  endfacet
  facet normal 0 0 -1
    outer loop
      vertex -53.1231 22.0043 -53
      vertex -65.5954 27.1705 -53
      vertex -63.678 31.4025 -53
    endloop
  endfacet
  facet normal 0 0 -1
    outer loop
      vertex -70.3926 -9.26736 -53
      vertex -57.0081 -7.50526 -53
      vertex -69.6358 -13.8514 -53
    endloop
  endfacet
  facet normal 0 0 -1
    outer loop
      vertex -54.4485 18.4828 -53
      vertex -67.232 22.8222 -53
      vertex -65.5954 27.1705 -53
    endloop
  endfacet
  facet normal -0 0 -1
    outer loop
      vertex -57.0081 -7.50526 -53
      vertex -70.3926 -9.26736 -53
      vertex -57.3769 -3.76068 -53
    endloop
  endfacet
  facet normal 0 0 -1
    outer loop
      vertex -55.5407 14.8821 -53
      vertex -68.5807 18.3762 -53
      vertex -67.232 22.8222 -53
    endloop
  endfacet
  facet normal 0 0 -1
    outer loop
      vertex -70.848 -4.64362 -53
      vertex -57.3769 -3.76068 -53
      vertex -70.3926 -9.26736 -53
    endloop
  endfacet
  facet normal 0 0 -1
    outer loop
      vertex -56.3952 11.2177 -53
      vertex -69.6358 13.8514 -53
      vertex -68.5807 18.3762 -53
    endloop
  endfacet
  facet normal -0 0 -1
    outer loop
      vertex -57.3769 -3.76068 -53
      vertex -70.848 -4.64362 -53
      vertex -57.5 0 -53
    endloop
  endfacet
  facet normal 0 0 -1
    outer loop
      vertex -57.0081 7.50526 -53
      vertex -70.3926 9.26736 -53
      vertex -69.6358 13.8514 -53
    endloop
  endfacet
  facet normal 0 0 -1
    outer loop
      vertex -71 0 -53
      vertex -57.5 0 -53
      vertex -70.848 -4.64362 -53
    endloop
  endfacet
  facet normal 0 0 -1
    outer loop
      vertex -57.3769 3.76068 -53
      vertex -70.848 4.64362 -53
      vertex -70.3926 9.26736 -53
    endloop
  endfacet
  facet normal 0 0 -1
    outer loop
      vertex -57.5 0 -53
      vertex -71 0 -53
      vertex -70.848 4.64362 -53
    endloop
  endfacet
  facet normal 0.986644 0.16289 0
    outer loop
      vertex 70.3926 9.26736 -43
      vertex 69.6358 13.8514 -53
      vertex 69.6358 13.8514 -43
    endloop
  endfacet
  facet normal 0.986644 0.16289 0
    outer loop
      vertex 69.6358 13.8514 -53
      vertex 70.3926 9.26736 -43
      vertex 70.3926 9.26736 -53
    endloop
  endfacet
  facet normal 0.995185 0.0980174 0
    outer loop
      vertex 70.848 4.64362 -43
      vertex 70.3926 9.26736 -53
      vertex 70.3926 9.26736 -43
    endloop
  endfacet
  facet normal 0.995185 0.0980174 0
    outer loop
      vertex 70.3926 9.26736 -53
      vertex 70.848 4.64362 -43
      vertex 70.848 4.64362 -53
    endloop
  endfacet
  facet normal 0.973874 0.227089 0
    outer loop
      vertex 69.6358 13.8514 -43
      vertex 68.5807 18.3762 -53
      vertex 68.5807 18.3762 -43
    endloop
  endfacet
  facet normal 0.973874 0.227089 0
    outer loop
      vertex 68.5807 18.3762 -53
      vertex 69.6358 13.8514 -43
      vertex 69.6358 13.8514 -53
    endloop
  endfacet
  facet normal 0.849199 0.528073 0
    outer loop
      vertex 61.4878 35.5 -43
      vertex 59.0343 39.4455 -53
      vertex 59.0343 39.4455 -43
    endloop
  endfacet
  facet normal 0.849199 0.528073 0
    outer loop
      vertex 59.0343 39.4455 -53
      vertex 61.4878 35.5 -43
      vertex 61.4878 35.5 -53
    endloop
  endfacet
  facet normal 0.812854 0.582467 0
    outer loop
      vertex 59.0343 39.4455 -43
      vertex 56.3281 43.2221 -53
      vertex 56.3281 43.2221 -43
    endloop
  endfacet
  facet normal 0.812854 0.582467 0
    outer loop
      vertex 56.3281 43.2221 -53
      vertex 59.0343 39.4455 -43
      vertex 59.0343 39.4455 -53
    endloop
  endfacet
  facet normal 0.881918 0.471404 0
    outer loop
      vertex 63.678 31.4025 -43
      vertex 61.4878 35.5 -53
      vertex 61.4878 35.5 -43
    endloop
  endfacet
  facet normal 0.881918 0.471404 0
    outer loop
      vertex 61.4878 35.5 -53
      vertex 63.678 31.4025 -43
      vertex 63.678 31.4025 -53
    endloop
  endfacet
  facet normal 0.227089 0.973874 -0
    outer loop
      vertex 18.3762 68.5807 -53
      vertex 13.8514 69.6358 -43
      vertex 18.3762 68.5807 -43
    endloop
  endfacet
  facet normal 0.227089 0.973874 0
    outer loop
      vertex 13.8514 69.6358 -43
      vertex 18.3762 68.5807 -53
      vertex 13.8514 69.6358 -53
    endloop
  endfacet
  facet normal 0.528073 0.849199 -0
    outer loop
      vertex 39.4455 59.0343 -53
      vertex 35.5 61.4878 -43
      vertex 39.4455 59.0343 -43
    endloop
  endfacet
  facet normal 0.528073 0.849199 0
    outer loop
      vertex 35.5 61.4878 -43
      vertex 39.4455 59.0343 -53
      vertex 35.5 61.4878 -53
    endloop
  endfacet
  facet normal 0.634397 0.773007 -0
    outer loop
      vertex 46.8136 53.3806 -53
      vertex 43.2221 56.3281 -43
      vertex 46.8136 53.3806 -43
    endloop
  endfacet
  facet normal 0.634397 0.773007 0
    outer loop
      vertex 43.2221 56.3281 -43
      vertex 46.8136 53.3806 -53
      vertex 43.2221 56.3281 -53
    endloop
  endfacet
  facet normal -0.973874 0.227089 0
    outer loop
      vertex -69.6358 13.8514 -53
      vertex -68.5807 18.3762 -43
      vertex -68.5807 18.3762 -53
    endloop
  endfacet
  facet normal -0.973874 0.227089 0
    outer loop
      vertex -68.5807 18.3762 -43
      vertex -69.6358 13.8514 -53
      vertex -69.6358 13.8514 -43
    endloop
  endfacet
  facet normal -0.812854 0.582467 0
    outer loop
      vertex -59.0343 39.4455 -53
      vertex -56.3281 43.2221 -43
      vertex -56.3281 43.2221 -53
    endloop
  endfacet
  facet normal -0.812854 0.582467 0
    outer loop
      vertex -56.3281 43.2221 -43
      vertex -59.0343 39.4455 -53
      vertex -59.0343 39.4455 -43
    endloop
  endfacet
  facet normal -0.849199 0.528073 0
    outer loop
      vertex -61.4878 35.5 -53
      vertex -59.0343 39.4455 -43
      vertex -59.0343 39.4455 -53
    endloop
  endfacet
  facet normal -0.849199 0.528073 0
    outer loop
      vertex -59.0343 39.4455 -43
      vertex -61.4878 35.5 -53
      vertex -61.4878 35.5 -43
    endloop
  endfacet
  facet normal 0 0 1
    outer loop
      vertex 57.5 0 -43
      vertex 71 0 -43
      vertex 70.848 4.64362 -43
    endloop
  endfacet
  facet normal 0 0 1
    outer loop
      vertex 57.3769 3.76068 -43
      vertex 70.848 4.64362 -43
      vertex 70.3926 9.26736 -43
    endloop
  endfacet
  facet normal 0 0 1
    outer loop
      vertex 71 0 -43
      vertex 57.5 0 -43
      vertex 70.848 -4.64362 -43
    endloop
  endfacet
  facet normal 0 0 1
    outer loop
      vertex 57.0081 7.50526 -43
      vertex 70.3926 9.26736 -43
      vertex 69.6358 13.8514 -43
    endloop
  endfacet
  facet normal -0 0 1
    outer loop
      vertex 57.3769 -3.76068 -43
      vertex 70.848 -4.64362 -43
      vertex 57.5 0 -43
    endloop
  endfacet
  facet normal 0 0 1
    outer loop
      vertex 56.3952 11.2177 -43
      vertex 69.6358 13.8514 -43
      vertex 68.5807 18.3762 -43
    endloop
  endfacet
  facet normal 0 0 1
    outer loop
      vertex 70.848 -4.64362 -43
      vertex 57.3769 -3.76068 -43
      vertex 70.3926 -9.26736 -43
    endloop
  endfacet
  facet normal 0 0 1
    outer loop
      vertex 55.5407 14.8821 -43
      vertex 68.5807 18.3762 -43
      vertex 67.232 22.8222 -43
    endloop
  endfacet
  facet normal -0 0 1
    outer loop
      vertex 57.0081 -7.50526 -43
      vertex 70.3926 -9.26736 -43
      vertex 57.3769 -3.76068 -43
    endloop
  endfacet
  facet normal 0 0 1
    outer loop
      vertex 54.4485 18.4828 -43
      vertex 67.232 22.8222 -43
      vertex 65.5954 27.1705 -43
    endloop
  endfacet
  facet normal 0 0 1
    outer loop
      vertex 70.3926 -9.26736 -43
      vertex 57.0081 -7.50526 -43
      vertex 69.6358 -13.8514 -43
    endloop
  endfacet
  facet normal 0 0 1
    outer loop
      vertex 53.1231 22.0043 -43
      vertex 65.5954 27.1705 -43
      vertex 63.678 31.4025 -43
    endloop
  endfacet
  facet normal -0 0 1
    outer loop
      vertex 56.3952 -11.2177 -43
      vertex 69.6358 -13.8514 -43
      vertex 57.0081 -7.50526 -43
    endloop
  endfacet
  facet normal 0 0 1
    outer loop
      vertex 51.5702 25.4316 -43
      vertex 63.678 31.4025 -43
      vertex 61.4878 35.5 -43
    endloop
  endfacet
  facet normal 0 0 1
    outer loop
      vertex 69.6358 -13.8514 -43
      vertex 56.3952 -11.2177 -43
      vertex 68.5807 -18.3762 -43
    endloop
  endfacet
  facet normal 0 0 1
    outer loop
      vertex 49.7965 28.75 -43
      vertex 61.4878 35.5 -43
      vertex 59.0343 39.4455 -43
    endloop
  endfacet
  facet normal -0 0 1
    outer loop
      vertex 55.5407 -14.8821 -43
      vertex 68.5807 -18.3762 -43
      vertex 56.3952 -11.2177 -43
    endloop
  endfacet
  facet normal 0 0 1
    outer loop
      vertex 68.5807 -18.3762 -43
      vertex 55.5407 -14.8821 -43
      vertex 67.232 -22.8222 -43
    endloop
  endfacet
  facet normal 0 0 1
    outer loop
      vertex 70.848 4.64362 -43
      vertex 57.3769 3.76068 -43
      vertex 57.5 0 -43
    endloop
  endfacet
  facet normal 0 0 1
    outer loop
      vertex 70.3926 9.26736 -43
      vertex 57.0081 7.50526 -43
      vertex 57.3769 3.76068 -43
    endloop
  endfacet
  facet normal 0 0 1
    outer loop
      vertex 69.6358 13.8514 -43
      vertex 56.3952 11.2177 -43
      vertex 57.0081 7.50526 -43
    endloop
  endfacet
  facet normal 0 0 1
    outer loop
      vertex 47.8095 31.9453 -43
      vertex 59.0343 39.4455 -43
      vertex 56.3281 43.2221 -43
    endloop
  endfacet
  facet normal 0 0 1
    outer loop
      vertex 68.5807 18.3762 -43
      vertex 55.5407 14.8821 -43
      vertex 56.3952 11.2177 -43
    endloop
  endfacet
  facet normal 0 0 1
    outer loop
      vertex 67.232 22.8222 -43
      vertex 54.4485 18.4828 -43
      vertex 55.5407 14.8821 -43
    endloop
  endfacet
  facet normal 0 0 1
    outer loop
      vertex 45.6178 35.0038 -43
      vertex 56.3281 43.2221 -43
      vertex 53.3806 46.8136 -43
    endloop
  endfacet
  facet normal 0 0 1
    outer loop
      vertex 65.5954 27.1705 -43
      vertex 53.1231 22.0043 -43
      vertex 54.4485 18.4828 -43
    endloop
  endfacet
  facet normal 0 0 1
    outer loop
      vertex 63.678 31.4025 -43
      vertex 51.5702 25.4316 -43
      vertex 53.1231 22.0043 -43
    endloop
  endfacet
  facet normal 0 0 1
    outer loop
      vertex 43.2308 37.9124 -43
      vertex 53.3806 46.8136 -43
      vertex 50.2046 50.2046 -43
    endloop
  endfacet
  facet normal 0 0 1
    outer loop
      vertex 61.4878 35.5 -43
      vertex 49.7965 28.75 -43
      vertex 51.5702 25.4316 -43
    endloop
  endfacet
  facet normal 0 0 1
    outer loop
      vertex 59.0343 39.4455 -43
      vertex 47.8095 31.9453 -43
      vertex 49.7965 28.75 -43
    endloop
  endfacet
  facet normal 0 0 1
    outer loop
      vertex 40.6586 40.6586 -43
      vertex 50.2046 50.2046 -43
      vertex 46.8136 53.3806 -43
    endloop
  endfacet
  facet normal 0 0 1
    outer loop
      vertex 56.3281 43.2221 -43
      vertex 45.6178 35.0038 -43
      vertex 47.8095 31.9453 -43
    endloop
  endfacet
  facet normal 0 0 1
    outer loop
      vertex 53.3806 46.8136 -43
      vertex 43.2308 37.9124 -43
      vertex 45.6178 35.0038 -43
    endloop
  endfacet
  facet normal 0 0 1
    outer loop
      vertex 37.9124 43.2308 -43
      vertex 46.8136 53.3806 -43
      vertex 43.2221 56.3281 -43
    endloop
  endfacet
  facet normal 0 0 1
    outer loop
      vertex 50.2046 50.2046 -43
      vertex 40.6586 40.6586 -43
      vertex 43.2308 37.9124 -43
    endloop
  endfacet
  facet normal 0 0 1
    outer loop
      vertex 35.0038 45.6178 -43
      vertex 43.2221 56.3281 -43
      vertex 39.4455 59.0343 -43
    endloop
  endfacet
  facet normal 0 0 1
    outer loop
      vertex 46.8136 53.3806 -43
      vertex 37.9124 43.2308 -43
      vertex 40.6586 40.6586 -43
    endloop
  endfacet
  facet normal 0 0 1
    outer loop
      vertex 31.9453 47.8095 -43
      vertex 39.4455 59.0343 -43
      vertex 35.5 61.4878 -43
    endloop
  endfacet
  facet normal 0 0 1
    outer loop
      vertex 43.2221 56.3281 -43
      vertex 35.0038 45.6178 -43
      vertex 37.9124 43.2308 -43
    endloop
  endfacet
  facet normal 0 0 1
    outer loop
      vertex 39.4455 59.0343 -43
      vertex 31.9453 47.8095 -43
      vertex 35.0038 45.6178 -43
    endloop
  endfacet
  facet normal 0 0 1
    outer loop
      vertex 28.75 49.7965 -43
      vertex 35.5 61.4878 -43
      vertex 31.4025 63.678 -43
    endloop
  endfacet
  facet normal 0 0 1
    outer loop
      vertex 35.5 61.4878 -43
      vertex 28.75 49.7965 -43
      vertex 31.9453 47.8095 -43
    endloop
  endfacet
  facet normal 0 0 1
    outer loop
      vertex 25.4316 51.5702 -43
      vertex 31.4025 63.678 -43
      vertex 27.1705 65.5954 -43
    endloop
  endfacet
  facet normal 0 0 1
    outer loop
      vertex 31.4025 63.678 -43
      vertex 25.4316 51.5702 -43
      vertex 28.75 49.7965 -43
    endloop
  endfacet
  facet normal 0 0 1
    outer loop
      vertex 22.0043 53.1231 -43
      vertex 27.1705 65.5954 -43
      vertex 22.8222 67.232 -43
    endloop
  endfacet
  facet normal 0 0 1
    outer loop
      vertex 27.1705 65.5954 -43
      vertex 22.0043 53.1231 -43
      vertex 25.4316 51.5702 -43
    endloop
  endfacet
  facet normal 0 0 1
    outer loop
      vertex 22.8222 67.232 -43
      vertex 18.4828 54.4485 -43
      vertex 22.0043 53.1231 -43
    endloop
  endfacet
  facet normal 0 0 1
    outer loop
      vertex 18.3762 68.5807 -43
      vertex 18.4828 54.4485 -43
      vertex 22.8222 67.232 -43
    endloop
  endfacet
  facet normal 0 0 1
    outer loop
      vertex 18.3762 68.5807 -43
      vertex 14.8821 55.5407 -43
      vertex 18.4828 54.4485 -43
    endloop
  endfacet
  facet normal 0 0 1
    outer loop
      vertex 13.8514 69.6358 -43
      vertex 14.8821 55.5407 -43
      vertex 18.3762 68.5807 -43
    endloop
  endfacet
  facet normal 0 0 1
    outer loop
      vertex 13.8514 69.6358 -43
      vertex 11.2177 56.3952 -43
      vertex 14.8821 55.5407 -43
    endloop
  endfacet
  facet normal 0 0 1
    outer loop
      vertex 9.26736 70.3926 -43
      vertex 11.2177 56.3952 -43
      vertex 13.8514 69.6358 -43
    endloop
  endfacet
  facet normal 0 0 1
    outer loop
      vertex 9.26736 70.3926 -43
      vertex 7.50526 57.0081 -43
      vertex 11.2177 56.3952 -43
    endloop
  endfacet
  facet normal 0 0 1
    outer loop
      vertex 4.64362 70.848 -43
      vertex 7.50526 57.0081 -43
      vertex 9.26736 70.3926 -43
    endloop
  endfacet
  facet normal 0 0 1
    outer loop
      vertex 4.64362 70.848 -43
      vertex 3.76068 57.3769 -43
      vertex 7.50526 57.0081 -43
    endloop
  endfacet
  facet normal 0 0 1
    outer loop
      vertex 0 71 -43
      vertex 3.76068 57.3769 -43
      vertex 4.64362 70.848 -43
    endloop
  endfacet
  facet normal 0 0 1
    outer loop
      vertex 0 71 -43
      vertex 0 57.5 -43
      vertex 3.76068 57.3769 -43
    endloop
  endfacet
  facet normal 0 0 1
    outer loop
      vertex 0 71 -43
      vertex -3.76068 57.3769 -43
      vertex 0 57.5 -43
    endloop
  endfacet
  facet normal -0 0 1
    outer loop
      vertex -4.64362 70.848 -43
      vertex -3.76068 57.3769 -43
      vertex 0 71 -43
    endloop
  endfacet
  facet normal 0 0 1
    outer loop
      vertex -4.64362 70.848 -43
      vertex -7.50526 57.0081 -43
      vertex -3.76068 57.3769 -43
    endloop
  endfacet
  facet normal -0 0 1
    outer loop
      vertex -9.26736 70.3926 -43
      vertex -7.50526 57.0081 -43
      vertex -4.64362 70.848 -43
    endloop
  endfacet
  facet normal 0 0 1
    outer loop
      vertex -9.26736 70.3926 -43
      vertex -11.2177 56.3952 -43
      vertex -7.50526 57.0081 -43
    endloop
  endfacet
  facet normal -0 0 1
    outer loop
      vertex -13.8514 69.6358 -43
      vertex -11.2177 56.3952 -43
      vertex -9.26736 70.3926 -43
    endloop
  endfacet
  facet normal 0 0 1
    outer loop
      vertex -13.8514 69.6358 -43
      vertex -14.8821 55.5407 -43
      vertex -11.2177 56.3952 -43
    endloop
  endfacet
  facet normal -0 0 1
    outer loop
      vertex -18.3762 68.5807 -43
      vertex -14.8821 55.5407 -43
      vertex -13.8514 69.6358 -43
    endloop
  endfacet
  facet normal 0 0 1
    outer loop
      vertex -18.3762 68.5807 -43
      vertex -18.4828 54.4485 -43
      vertex -14.8821 55.5407 -43
    endloop
  endfacet
  facet normal -0 0 1
    outer loop
      vertex -22.8222 67.232 -43
      vertex -18.4828 54.4485 -43
      vertex -18.3762 68.5807 -43
    endloop
  endfacet
  facet normal 0 0 1
    outer loop
      vertex -18.4828 54.4485 -43
      vertex -22.8222 67.232 -43
      vertex -22.0043 53.1231 -43
    endloop
  endfacet
  facet normal -0 0 1
    outer loop
      vertex -27.1705 65.5954 -43
      vertex -22.0043 53.1231 -43
      vertex -22.8222 67.232 -43
    endloop
  endfacet
  facet normal 0 0 1
    outer loop
      vertex -22.0043 53.1231 -43
      vertex -27.1705 65.5954 -43
      vertex -25.4316 51.5702 -43
    endloop
  endfacet
  facet normal -0 0 1
    outer loop
      vertex -31.4025 63.678 -43
      vertex -25.4316 51.5702 -43
      vertex -27.1705 65.5954 -43
    endloop
  endfacet
  facet normal 0 0 1
    outer loop
      vertex -25.4316 51.5702 -43
      vertex -31.4025 63.678 -43
      vertex -28.75 49.7965 -43
    endloop
  endfacet
  facet normal -0 0 1
    outer loop
      vertex -35.5 61.4878 -43
      vertex -28.75 49.7965 -43
      vertex -31.4025 63.678 -43
    endloop
  endfacet
  facet normal 0 0 1
    outer loop
      vertex -28.75 49.7965 -43
      vertex -35.5 61.4878 -43
      vertex -31.9453 47.8095 -43
    endloop
  endfacet
  facet normal -0 0 1
    outer loop
      vertex -39.4455 59.0343 -43
      vertex -31.9453 47.8095 -43
      vertex -35.5 61.4878 -43
    endloop
  endfacet
  facet normal 0 0 1
    outer loop
      vertex -31.9453 47.8095 -43
      vertex -39.4455 59.0343 -43
      vertex -35.0038 45.6178 -43
    endloop
  endfacet
  facet normal -0 0 1
    outer loop
      vertex -43.2221 56.3281 -43
      vertex -35.0038 45.6178 -43
      vertex -39.4455 59.0343 -43
    endloop
  endfacet
  facet normal 0 0 1
    outer loop
      vertex -35.0038 45.6178 -43
      vertex -43.2221 56.3281 -43
      vertex -37.9124 43.2308 -43
    endloop
  endfacet
  facet normal -0 0 1
    outer loop
      vertex -46.8136 53.3806 -43
      vertex -37.9124 43.2308 -43
      vertex -43.2221 56.3281 -43
    endloop
  endfacet
  facet normal 0 0 1
    outer loop
      vertex -37.9124 43.2308 -43
      vertex -46.8136 53.3806 -43
      vertex -40.6586 40.6586 -43
    endloop
  endfacet
  facet normal -0 0 1
    outer loop
      vertex -50.2046 50.2046 -43
      vertex -40.6586 40.6586 -43
      vertex -46.8136 53.3806 -43
    endloop
  endfacet
  facet normal 0 0 1
    outer loop
      vertex -40.6586 40.6586 -43
      vertex -50.2046 50.2046 -43
      vertex -43.2308 37.9124 -43
    endloop
  endfacet
  facet normal -0 0 1
    outer loop
      vertex -53.3806 46.8136 -43
      vertex -43.2308 37.9124 -43
      vertex -50.2046 50.2046 -43
    endloop
  endfacet
  facet normal 0 0 1
    outer loop
      vertex -43.2308 37.9124 -43
      vertex -53.3806 46.8136 -43
      vertex -45.6178 35.0038 -43
    endloop
  endfacet
  facet normal -0 0 1
    outer loop
      vertex -56.3281 43.2221 -43
      vertex -45.6178 35.0038 -43
      vertex -53.3806 46.8136 -43
    endloop
  endfacet
  facet normal 0 0 1
    outer loop
      vertex -45.6178 35.0038 -43
      vertex -56.3281 43.2221 -43
      vertex -47.8095 31.9453 -43
    endloop
  endfacet
  facet normal -0 0 1
    outer loop
      vertex -59.0343 39.4455 -43
      vertex -47.8095 31.9453 -43
      vertex -56.3281 43.2221 -43
    endloop
  endfacet
  facet normal 0 0 1
    outer loop
      vertex -47.8095 31.9453 -43
      vertex -59.0343 39.4455 -43
      vertex -49.7965 28.75 -43
    endloop
  endfacet
  facet normal -0 0 1
    outer loop
      vertex -61.4878 35.5 -43
      vertex -49.7965 28.75 -43
      vertex -59.0343 39.4455 -43
    endloop
  endfacet
  facet normal 0 0 1
    outer loop
      vertex -49.7965 28.75 -43
      vertex -61.4878 35.5 -43
      vertex -51.5702 25.4316 -43
    endloop
  endfacet
  facet normal -0 0 1
    outer loop
      vertex -63.678 31.4025 -43
      vertex -51.5702 25.4316 -43
      vertex -61.4878 35.5 -43
    endloop
  endfacet
  facet normal 0 0 1
    outer loop
      vertex -51.5702 25.4316 -43
      vertex -63.678 31.4025 -43
      vertex -53.1231 22.0043 -43
    endloop
  endfacet
  facet normal -0 0 1
    outer loop
      vertex -65.5954 27.1705 -43
      vertex -53.1231 22.0043 -43
      vertex -63.678 31.4025 -43
    endloop
  endfacet
  facet normal 0 0 1
    outer loop
      vertex -53.1231 22.0043 -43
      vertex -65.5954 27.1705 -43
      vertex -54.4485 18.4828 -43
    endloop
  endfacet
  facet normal -0 0 1
    outer loop
      vertex -67.232 22.8222 -43
      vertex -54.4485 18.4828 -43
      vertex -65.5954 27.1705 -43
    endloop
  endfacet
  facet normal 0 0 1
    outer loop
      vertex -54.4485 18.4828 -43
      vertex -67.232 22.8222 -43
      vertex -55.5407 14.8821 -43
    endloop
  endfacet
  facet normal -0 0 1
    outer loop
      vertex 54.4485 -18.4828 -43
      vertex 67.232 -22.8222 -43
      vertex 55.5407 -14.8821 -43
    endloop
  endfacet
  facet normal 0 0 1
    outer loop
      vertex 67.232 -22.8222 -43
      vertex 54.4485 -18.4828 -43
      vertex 65.5954 -27.1705 -43
    endloop
  endfacet
  facet normal -0 0 1
    outer loop
      vertex 53.1231 -22.0043 -43
      vertex 65.5954 -27.1705 -43
      vertex 54.4485 -18.4828 -43
    endloop
  endfacet
  facet normal 0 0 1
    outer loop
      vertex 65.5954 -27.1705 -43
      vertex 53.1231 -22.0043 -43
      vertex 63.678 -31.4025 -43
    endloop
  endfacet
  facet normal -0 0 1
    outer loop
      vertex 51.5702 -25.4316 -43
      vertex 63.678 -31.4025 -43
      vertex 53.1231 -22.0043 -43
    endloop
  endfacet
  facet normal 0 0 1
    outer loop
      vertex 63.678 -31.4025 -43
      vertex 51.5702 -25.4316 -43
      vertex 61.4878 -35.5 -43
    endloop
  endfacet
  facet normal -0 0 1
    outer loop
      vertex 49.7965 -28.75 -43
      vertex 61.4878 -35.5 -43
      vertex 51.5702 -25.4316 -43
    endloop
  endfacet
  facet normal 0 0 1
    outer loop
      vertex 61.4878 -35.5 -43
      vertex 49.7965 -28.75 -43
      vertex 59.0343 -39.4455 -43
    endloop
  endfacet
  facet normal -0 0 1
    outer loop
      vertex 47.8095 -31.9453 -43
      vertex 59.0343 -39.4455 -43
      vertex 49.7965 -28.75 -43
    endloop
  endfacet
  facet normal 0 0 1
    outer loop
      vertex 59.0343 -39.4455 -43
      vertex 47.8095 -31.9453 -43
      vertex 56.3281 -43.2221 -43
    endloop
  endfacet
  facet normal -0 0 1
    outer loop
      vertex 45.6178 -35.0038 -43
      vertex 56.3281 -43.2221 -43
      vertex 47.8095 -31.9453 -43
    endloop
  endfacet
  facet normal 0 0 1
    outer loop
      vertex 56.3281 -43.2221 -43
      vertex 45.6178 -35.0038 -43
      vertex 53.3806 -46.8136 -43
    endloop
  endfacet
  facet normal -0 0 1
    outer loop
      vertex 43.2308 -37.9124 -43
      vertex 53.3806 -46.8136 -43
      vertex 45.6178 -35.0038 -43
    endloop
  endfacet
  facet normal 0 0 1
    outer loop
      vertex 53.3806 -46.8136 -43
      vertex 43.2308 -37.9124 -43
      vertex 50.2046 -50.2046 -43
    endloop
  endfacet
  facet normal -0 0 1
    outer loop
      vertex 40.6586 -40.6586 -43
      vertex 50.2046 -50.2046 -43
      vertex 43.2308 -37.9124 -43
    endloop
  endfacet
  facet normal 0 0 1
    outer loop
      vertex 50.2046 -50.2046 -43
      vertex 40.6586 -40.6586 -43
      vertex 46.8136 -53.3806 -43
    endloop
  endfacet
  facet normal -0 0 1
    outer loop
      vertex 37.9124 -43.2308 -43
      vertex 46.8136 -53.3806 -43
      vertex 40.6586 -40.6586 -43
    endloop
  endfacet
  facet normal 0 0 1
    outer loop
      vertex 46.8136 -53.3806 -43
      vertex 37.9124 -43.2308 -43
      vertex 43.2221 -56.3281 -43
    endloop
  endfacet
  facet normal -0 0 1
    outer loop
      vertex 35.0038 -45.6178 -43
      vertex 43.2221 -56.3281 -43
      vertex 37.9124 -43.2308 -43
    endloop
  endfacet
  facet normal 0 0 1
    outer loop
      vertex 43.2221 -56.3281 -43
      vertex 35.0038 -45.6178 -43
      vertex 39.4455 -59.0343 -43
    endloop
  endfacet
  facet normal -0 0 1
    outer loop
      vertex 31.9453 -47.8095 -43
      vertex 39.4455 -59.0343 -43
      vertex 35.0038 -45.6178 -43
    endloop
  endfacet
  facet normal 0 0 1
    outer loop
      vertex 39.4455 -59.0343 -43
      vertex 31.9453 -47.8095 -43
      vertex 35.5 -61.4878 -43
    endloop
  endfacet
  facet normal -0 0 1
    outer loop
      vertex 28.75 -49.7965 -43
      vertex 35.5 -61.4878 -43
      vertex 31.9453 -47.8095 -43
    endloop
  endfacet
  facet normal 0 0 1
    outer loop
      vertex 35.5 -61.4878 -43
      vertex 28.75 -49.7965 -43
      vertex 31.4025 -63.678 -43
    endloop
  endfacet
  facet normal -0 0 1
    outer loop
      vertex 25.4316 -51.5702 -43
      vertex 31.4025 -63.678 -43
      vertex 28.75 -49.7965 -43
    endloop
  endfacet
  facet normal 0 0 1
    outer loop
      vertex 31.4025 -63.678 -43
      vertex 25.4316 -51.5702 -43
      vertex 27.1705 -65.5954 -43
    endloop
  endfacet
  facet normal -0 0 1
    outer loop
      vertex 22.0043 -53.1231 -43
      vertex 27.1705 -65.5954 -43
      vertex 25.4316 -51.5702 -43
    endloop
  endfacet
  facet normal 0 0 1
    outer loop
      vertex 27.1705 -65.5954 -43
      vertex 22.0043 -53.1231 -43
      vertex 22.8222 -67.232 -43
    endloop
  endfacet
  facet normal -0 0 1
    outer loop
      vertex 18.4828 -54.4485 -43
      vertex 22.8222 -67.232 -43
      vertex 22.0043 -53.1231 -43
    endloop
  endfacet
  facet normal 0 0 1
    outer loop
      vertex 18.4828 -54.4485 -43
      vertex 18.3762 -68.5807 -43
      vertex 22.8222 -67.232 -43
    endloop
  endfacet
  facet normal -0 0 1
    outer loop
      vertex 14.8821 -55.5407 -43
      vertex 18.3762 -68.5807 -43
      vertex 18.4828 -54.4485 -43
    endloop
  endfacet
  facet normal 0 0 1
    outer loop
      vertex 14.8821 -55.5407 -43
      vertex 13.8514 -69.6358 -43
      vertex 18.3762 -68.5807 -43
    endloop
  endfacet
  facet normal -0 0 1
    outer loop
      vertex 11.2177 -56.3952 -43
      vertex 13.8514 -69.6358 -43
      vertex 14.8821 -55.5407 -43
    endloop
  endfacet
  facet normal 0 0 1
    outer loop
      vertex 11.2177 -56.3952 -43
      vertex 9.26736 -70.3926 -43
      vertex 13.8514 -69.6358 -43
    endloop
  endfacet
  facet normal -0 0 1
    outer loop
      vertex 7.50526 -57.0081 -43
      vertex 9.26736 -70.3926 -43
      vertex 11.2177 -56.3952 -43
    endloop
  endfacet
  facet normal 0 0 1
    outer loop
      vertex 7.50526 -57.0081 -43
      vertex 4.64362 -70.848 -43
      vertex 9.26736 -70.3926 -43
    endloop
  endfacet
  facet normal -0 0 1
    outer loop
      vertex 3.76068 -57.3769 -43
      vertex 4.64362 -70.848 -43
      vertex 7.50526 -57.0081 -43
    endloop
  endfacet
  facet normal -0 0 1
    outer loop
      vertex 0 -57.5 -43
      vertex 4.64362 -70.848 -43
      vertex 3.76068 -57.3769 -43
    endloop
  endfacet
  facet normal 0 0 1
    outer loop
      vertex 0 -57.5 -43
      vertex 0 -71 -43
      vertex 4.64362 -70.848 -43
    endloop
  endfacet
  facet normal 0 0 1
    outer loop
      vertex -3.76068 -57.3769 -43
      vertex 0 -71 -43
      vertex 0 -57.5 -43
    endloop
  endfacet
  facet normal 0 0 1
    outer loop
      vertex -3.76068 -57.3769 -43
      vertex -4.64362 -70.848 -43
      vertex 0 -71 -43
    endloop
  endfacet
  facet normal 0 0 1
    outer loop
      vertex -7.50526 -57.0081 -43
      vertex -4.64362 -70.848 -43
      vertex -3.76068 -57.3769 -43
    endloop
  endfacet
  facet normal 0 0 1
    outer loop
      vertex -7.50526 -57.0081 -43
      vertex -9.26736 -70.3926 -43
      vertex -4.64362 -70.848 -43
    endloop
  endfacet
  facet normal 0 0 1
    outer loop
      vertex -11.2177 -56.3952 -43
      vertex -9.26736 -70.3926 -43
      vertex -7.50526 -57.0081 -43
    endloop
  endfacet
  facet normal 0 0 1
    outer loop
      vertex -11.2177 -56.3952 -43
      vertex -13.8514 -69.6358 -43
      vertex -9.26736 -70.3926 -43
    endloop
  endfacet
  facet normal 0 0 1
    outer loop
      vertex -14.8821 -55.5407 -43
      vertex -13.8514 -69.6358 -43
      vertex -11.2177 -56.3952 -43
    endloop
  endfacet
  facet normal 0 0 1
    outer loop
      vertex -14.8821 -55.5407 -43
      vertex -18.3762 -68.5807 -43
      vertex -13.8514 -69.6358 -43
    endloop
  endfacet
  facet normal 0 0 1
    outer loop
      vertex -18.4828 -54.4485 -43
      vertex -18.3762 -68.5807 -43
      vertex -14.8821 -55.5407 -43
    endloop
  endfacet
  facet normal 0 0 1
    outer loop
      vertex -22.8222 -67.232 -43
      vertex -18.4828 -54.4485 -43
      vertex -22.0043 -53.1231 -43
    endloop
  endfacet
  facet normal 0 0 1
    outer loop
      vertex -18.4828 -54.4485 -43
      vertex -22.8222 -67.232 -43
      vertex -18.3762 -68.5807 -43
    endloop
  endfacet
  facet normal 0 0 1
    outer loop
      vertex -27.1705 -65.5954 -43
      vertex -22.0043 -53.1231 -43
      vertex -25.4316 -51.5702 -43
    endloop
  endfacet
  facet normal 0 0 1
    outer loop
      vertex -22.0043 -53.1231 -43
      vertex -27.1705 -65.5954 -43
      vertex -22.8222 -67.232 -43
    endloop
  endfacet
  facet normal 0 0 1
    outer loop
      vertex -31.4025 -63.678 -43
      vertex -25.4316 -51.5702 -43
      vertex -28.75 -49.7965 -43
    endloop
  endfacet
  facet normal 0 0 1
    outer loop
      vertex -25.4316 -51.5702 -43
      vertex -31.4025 -63.678 -43
      vertex -27.1705 -65.5954 -43
    endloop
  endfacet
  facet normal 0 0 1
    outer loop
      vertex -35.5 -61.4878 -43
      vertex -28.75 -49.7965 -43
      vertex -31.9453 -47.8095 -43
    endloop
  endfacet
  facet normal 0 0 1
    outer loop
      vertex -39.4455 -59.0343 -43
      vertex -31.9453 -47.8095 -43
      vertex -35.0038 -45.6178 -43
    endloop
  endfacet
  facet normal 0 0 1
    outer loop
      vertex -28.75 -49.7965 -43
      vertex -35.5 -61.4878 -43
      vertex -31.4025 -63.678 -43
    endloop
  endfacet
  facet normal 0 0 1
    outer loop
      vertex -43.2221 -56.3281 -43
      vertex -35.0038 -45.6178 -43
      vertex -37.9124 -43.2308 -43
    endloop
  endfacet
  facet normal 0 0 1
    outer loop
      vertex -31.9453 -47.8095 -43
      vertex -39.4455 -59.0343 -43
      vertex -35.5 -61.4878 -43
    endloop
  endfacet
  facet normal 0 0 1
    outer loop
      vertex -46.8136 -53.3806 -43
      vertex -37.9124 -43.2308 -43
      vertex -40.6586 -40.6586 -43
    endloop
  endfacet
  facet normal 0 0 1
    outer loop
      vertex -35.0038 -45.6178 -43
      vertex -43.2221 -56.3281 -43
      vertex -39.4455 -59.0343 -43
    endloop
  endfacet
  facet normal 0 0 1
    outer loop
      vertex -50.2046 -50.2046 -43
      vertex -40.6586 -40.6586 -43
      vertex -43.2308 -37.9124 -43
    endloop
  endfacet
  facet normal 0 0 1
    outer loop
      vertex -53.3806 -46.8136 -43
      vertex -43.2308 -37.9124 -43
      vertex -45.6178 -35.0038 -43
    endloop
  endfacet
  facet normal 0 0 1
    outer loop
      vertex -37.9124 -43.2308 -43
      vertex -46.8136 -53.3806 -43
      vertex -43.2221 -56.3281 -43
    endloop
  endfacet
  facet normal 0 0 1
    outer loop
      vertex -56.3281 -43.2221 -43
      vertex -45.6178 -35.0038 -43
      vertex -47.8095 -31.9453 -43
    endloop
  endfacet
  facet normal 0 0 1
    outer loop
      vertex -59.0343 -39.4455 -43
      vertex -47.8095 -31.9453 -43
      vertex -49.7965 -28.75 -43
    endloop
  endfacet
  facet normal 0 0 1
    outer loop
      vertex -40.6586 -40.6586 -43
      vertex -50.2046 -50.2046 -43
      vertex -46.8136 -53.3806 -43
    endloop
  endfacet
  facet normal 0 0 1
    outer loop
      vertex -61.4878 -35.5 -43
      vertex -49.7965 -28.75 -43
      vertex -51.5702 -25.4316 -43
    endloop
  endfacet
  facet normal 0 0 1
    outer loop
      vertex -63.678 -31.4025 -43
      vertex -51.5702 -25.4316 -43
      vertex -53.1231 -22.0043 -43
    endloop
  endfacet
  facet normal 0 0 1
    outer loop
      vertex -43.2308 -37.9124 -43
      vertex -53.3806 -46.8136 -43
      vertex -50.2046 -50.2046 -43
    endloop
  endfacet
  facet normal 0 0 1
    outer loop
      vertex -65.5954 -27.1705 -43
      vertex -53.1231 -22.0043 -43
      vertex -54.4485 -18.4828 -43
    endloop
  endfacet
  facet normal 0 0 1
    outer loop
      vertex -67.232 -22.8222 -43
      vertex -54.4485 -18.4828 -43
      vertex -55.5407 -14.8821 -43
    endloop
  endfacet
  facet normal 0 0 1
    outer loop
      vertex -45.6178 -35.0038 -43
      vertex -56.3281 -43.2221 -43
      vertex -53.3806 -46.8136 -43
    endloop
  endfacet
  facet normal 0 0 1
    outer loop
      vertex -68.5807 -18.3762 -43
      vertex -55.5407 -14.8821 -43
      vertex -56.3952 -11.2177 -43
    endloop
  endfacet
  facet normal 0 0 1
    outer loop
      vertex -69.6358 -13.8514 -43
      vertex -56.3952 -11.2177 -43
      vertex -57.0081 -7.50526 -43
    endloop
  endfacet
  facet normal 0 0 1
    outer loop
      vertex -70.3926 -9.26736 -43
      vertex -57.0081 -7.50526 -43
      vertex -57.3769 -3.76068 -43
    endloop
  endfacet
  facet normal 0 0 1
    outer loop
      vertex -70.848 -4.64362 -43
      vertex -57.3769 -3.76068 -43
      vertex -57.5 0 -43
    endloop
  endfacet
  facet normal -0 0 1
    outer loop
      vertex -68.5807 18.3762 -43
      vertex -55.5407 14.8821 -43
      vertex -67.232 22.8222 -43
    endloop
  endfacet
  facet normal 0 0 1
    outer loop
      vertex -47.8095 -31.9453 -43
      vertex -59.0343 -39.4455 -43
      vertex -56.3281 -43.2221 -43
    endloop
  endfacet
  facet normal 0 0 1
    outer loop
      vertex -55.5407 14.8821 -43
      vertex -68.5807 18.3762 -43
      vertex -56.3952 11.2177 -43
    endloop
  endfacet
  facet normal 0 0 1
    outer loop
      vertex -49.7965 -28.75 -43
      vertex -61.4878 -35.5 -43
      vertex -59.0343 -39.4455 -43
    endloop
  endfacet
  facet normal -0 0 1
    outer loop
      vertex -69.6358 13.8514 -43
      vertex -56.3952 11.2177 -43
      vertex -68.5807 18.3762 -43
    endloop
  endfacet
  facet normal 0 0 1
    outer loop
      vertex -51.5702 -25.4316 -43
      vertex -63.678 -31.4025 -43
      vertex -61.4878 -35.5 -43
    endloop
  endfacet
  facet normal 0 0 1
    outer loop
      vertex -56.3952 11.2177 -43
      vertex -69.6358 13.8514 -43
      vertex -57.0081 7.50526 -43
    endloop
  endfacet
  facet normal 0 0 1
    outer loop
      vertex -53.1231 -22.0043 -43
      vertex -65.5954 -27.1705 -43
      vertex -63.678 -31.4025 -43
    endloop
  endfacet
  facet normal -0 0 1
    outer loop
      vertex -70.3926 9.26736 -43
      vertex -57.0081 7.50526 -43
      vertex -69.6358 13.8514 -43
    endloop
  endfacet
  facet normal 0 0 1
    outer loop
      vertex -54.4485 -18.4828 -43
      vertex -67.232 -22.8222 -43
      vertex -65.5954 -27.1705 -43
    endloop
  endfacet
  facet normal 0 0 1
    outer loop
      vertex -57.0081 7.50526 -43
      vertex -70.3926 9.26736 -43
      vertex -57.3769 3.76068 -43
    endloop
  endfacet
  facet normal 0 0 1
    outer loop
      vertex -55.5407 -14.8821 -43
      vertex -68.5807 -18.3762 -43
      vertex -67.232 -22.8222 -43
    endloop
  endfacet
  facet normal -0 0 1
    outer loop
      vertex -70.848 4.64362 -43
      vertex -57.3769 3.76068 -43
      vertex -70.3926 9.26736 -43
    endloop
  endfacet
  facet normal 0 0 1
    outer loop
      vertex -56.3952 -11.2177 -43
      vertex -69.6358 -13.8514 -43
      vertex -68.5807 -18.3762 -43
    endloop
  endfacet
  facet normal 0 0 1
    outer loop
      vertex -57.3769 3.76068 -43
      vertex -70.848 4.64362 -43
      vertex -57.5 0 -43
    endloop
  endfacet
  facet normal 0 0 1
    outer loop
      vertex -57.0081 -7.50526 -43
      vertex -70.3926 -9.26736 -43
      vertex -69.6358 -13.8514 -43
    endloop
  endfacet
  facet normal 0 0 1
    outer loop
      vertex -71 0 -43
      vertex -57.5 0 -43
      vertex -70.848 4.64362 -43
    endloop
  endfacet
  facet normal 0 0 1
    outer loop
      vertex -57.3769 -3.76068 -43
      vertex -70.848 -4.64362 -43
      vertex -70.3926 -9.26736 -43
    endloop
  endfacet
  facet normal 0 0 1
    outer loop
      vertex -57.5 0 -43
      vertex -71 0 -43
      vertex -70.848 -4.64362 -43
    endloop
  endfacet
  facet normal -0.528073 0.849199 0
    outer loop
      vertex -35.5 61.4878 -53
      vertex -39.4455 59.0343 -43
      vertex -35.5 61.4878 -43
    endloop
  endfacet
  facet normal -0.528073 0.849199 0
    outer loop
      vertex -39.4455 59.0343 -43
      vertex -35.5 61.4878 -53
      vertex -39.4455 59.0343 -53
    endloop
  endfacet
  facet normal -0.582467 0.812854 0
    outer loop
      vertex -39.4455 59.0343 -53
      vertex -43.2221 56.3281 -43
      vertex -39.4455 59.0343 -43
    endloop
  endfacet
  facet normal -0.582467 0.812854 0
    outer loop
      vertex -43.2221 56.3281 -43
      vertex -39.4455 59.0343 -53
      vertex -43.2221 56.3281 -53
    endloop
  endfacet
  facet normal -0.227089 0.973874 0
    outer loop
      vertex -13.8514 69.6358 -53
      vertex -18.3762 68.5807 -43
      vertex -13.8514 69.6358 -43
    endloop
  endfacet
  facet normal -0.227089 0.973874 0
    outer loop
      vertex -18.3762 68.5807 -43
      vertex -13.8514 69.6358 -53
      vertex -18.3762 68.5807 -53
    endloop
  endfacet
  facet normal -0.0327156 0.999465 0
    outer loop
      vertex 0 71 -53
      vertex -4.64362 70.848 -43
      vertex 0 71 -43
    endloop
  endfacet
  facet normal -0.0327156 0.999465 0
    outer loop
      vertex -4.64362 70.848 -43
      vertex 0 71 -53
      vertex -4.64362 70.848 -53
    endloop
  endfacet
  facet normal 0.0327156 -0.999465 0
    outer loop
      vertex 0 -71 -53
      vertex 4.64362 -70.848 -43
      vertex 0 -71 -43
    endloop
  endfacet
  facet normal 0.0327156 -0.999465 0
    outer loop
      vertex 4.64362 -70.848 -43
      vertex 0 -71 -53
      vertex 4.64362 -70.848 -53
    endloop
  endfacet
  facet normal 0.227089 -0.973874 0
    outer loop
      vertex 13.8514 -69.6358 -53
      vertex 18.3762 -68.5807 -43
      vertex 13.8514 -69.6358 -43
    endloop
  endfacet
  facet normal 0.227089 -0.973874 0
    outer loop
      vertex 18.3762 -68.5807 -43
      vertex 13.8514 -69.6358 -53
      vertex 18.3762 -68.5807 -53
    endloop
  endfacet
  facet normal 0.582467 -0.812854 0
    outer loop
      vertex 39.4455 -59.0343 -53
      vertex 43.2221 -56.3281 -43
      vertex 39.4455 -59.0343 -43
    endloop
  endfacet
  facet normal 0.582467 -0.812854 0
    outer loop
      vertex 43.2221 -56.3281 -43
      vertex 39.4455 -59.0343 -53
      vertex 43.2221 -56.3281 -53
    endloop
  endfacet
  facet normal 0.849199 -0.528073 0
    outer loop
      vertex 59.0343 -39.4455 -43
      vertex 61.4878 -35.5 -53
      vertex 61.4878 -35.5 -43
    endloop
  endfacet
  facet normal 0.849199 -0.528073 0
    outer loop
      vertex 61.4878 -35.5 -53
      vertex 59.0343 -39.4455 -43
      vertex 59.0343 -39.4455 -53
    endloop
  endfacet
  facet normal 0.986644 -0.16289 0
    outer loop
      vertex 69.6358 -13.8514 -43
      vertex 70.3926 -9.26736 -53
      vertex 70.3926 -9.26736 -43
    endloop
  endfacet
  facet normal 0.986644 -0.16289 0
    outer loop
      vertex 70.3926 -9.26736 -53
      vertex 69.6358 -13.8514 -43
      vertex 69.6358 -13.8514 -53
    endloop
  endfacet
  facet normal -0.41269 -0.910871 0
    outer loop
      vertex -31.4025 -63.678 -53
      vertex -27.1705 -65.5954 -43
      vertex -31.4025 -63.678 -43
    endloop
  endfacet
  facet normal -0.41269 -0.910871 -0
    outer loop
      vertex -27.1705 -65.5954 -43
      vertex -31.4025 -63.678 -53
      vertex -27.1705 -65.5954 -53
    endloop
  endfacet
  facet normal -0.528073 -0.849199 0
    outer loop
      vertex -39.4455 -59.0343 -53
      vertex -35.5 -61.4878 -43
      vertex -39.4455 -59.0343 -43
    endloop
  endfacet
  facet normal -0.528073 -0.849199 -0
    outer loop
      vertex -35.5 -61.4878 -43
      vertex -39.4455 -59.0343 -53
      vertex -35.5 -61.4878 -53
    endloop
  endfacet
  facet normal -0.849199 -0.528073 0
    outer loop
      vertex -59.0343 -39.4455 -53
      vertex -61.4878 -35.5 -43
      vertex -61.4878 -35.5 -53
    endloop
  endfacet
  facet normal -0.849199 -0.528073 0
    outer loop
      vertex -61.4878 -35.5 -43
      vertex -59.0343 -39.4455 -53
      vertex -59.0343 -39.4455 -43
    endloop
  endfacet
  facet normal -0.812854 -0.582467 0
    outer loop
      vertex -56.3281 -43.2221 -53
      vertex -59.0343 -39.4455 -43
      vertex -59.0343 -39.4455 -53
    endloop
  endfacet
  facet normal -0.812854 -0.582467 0
    outer loop
      vertex -59.0343 -39.4455 -43
      vertex -56.3281 -43.2221 -53
      vertex -56.3281 -43.2221 -43
    endloop
  endfacet
  facet normal -0.973874 -0.227089 0
    outer loop
      vertex -68.5807 -18.3762 -53
      vertex -69.6358 -13.8514 -43
      vertex -69.6358 -13.8514 -53
    endloop
  endfacet
  facet normal -0.973874 -0.227089 0
    outer loop
      vertex -69.6358 -13.8514 -43
      vertex -68.5807 -18.3762 -53
      vertex -68.5807 -18.3762 -43
    endloop
  endfacet
  facet normal -0.956939 -0.290289 0
    outer loop
      vertex -67.232 -22.8222 -53
      vertex -68.5807 -18.3762 -43
      vertex -68.5807 -18.3762 -53
    endloop
  endfacet
  facet normal -0.956939 -0.290289 0
    outer loop
      vertex -68.5807 -18.3762 -43
      vertex -67.232 -22.8222 -53
      vertex -67.232 -22.8222 -43
    endloop
  endfacet
  facet normal -0.999465 -0.0327156 0
    outer loop
      vertex -70.848 -4.64362 -53
      vertex -71 0 -43
      vertex -71 0 -53
    endloop
  endfacet
  facet normal -0.999465 -0.0327156 0
    outer loop
      vertex -71 0 -43
      vertex -70.848 -4.64362 -53
      vertex -70.848 -4.64362 -43
    endloop
  endfacet
  facet normal 0.956939 0.290289 0
    outer loop
      vertex 68.5807 18.3762 -43
      vertex 67.232 22.8222 -53
      vertex 67.232 22.8222 -43
    endloop
  endfacet
  facet normal 0.956939 0.290289 0
    outer loop
      vertex 67.232 22.8222 -53
      vertex 68.5807 18.3762 -43
      vertex 68.5807 18.3762 -53
    endloop
  endfacet
  facet normal 0.773007 0.634397 0
    outer loop
      vertex 56.3281 43.2221 -43
      vertex 53.3806 46.8136 -53
      vertex 53.3806 46.8136 -43
    endloop
  endfacet
  facet normal 0.773007 0.634397 0
    outer loop
      vertex 53.3806 46.8136 -53
      vertex 56.3281 43.2221 -43
      vertex 56.3281 43.2221 -53
    endloop
  endfacet
  facet normal 0.910871 0.41269 0
    outer loop
      vertex 65.5954 27.1705 -43
      vertex 63.678 31.4025 -53
      vertex 63.678 31.4025 -43
    endloop
  endfacet
  facet normal 0.910871 0.41269 0
    outer loop
      vertex 63.678 31.4025 -53
      vertex 65.5954 27.1705 -43
      vertex 65.5954 27.1705 -53
    endloop
  endfacet
  facet normal 0.290289 0.956939 -0
    outer loop
      vertex 22.8222 67.232 -53
      vertex 18.3762 68.5807 -43
      vertex 22.8222 67.232 -43
    endloop
  endfacet
  facet normal 0.290289 0.956939 0
    outer loop
      vertex 18.3762 68.5807 -43
      vertex 22.8222 67.232 -53
      vertex 18.3762 68.5807 -53
    endloop
  endfacet
  facet normal 0.352253 0.935905 -0
    outer loop
      vertex 27.1705 65.5954 -53
      vertex 22.8222 67.232 -43
      vertex 27.1705 65.5954 -43
    endloop
  endfacet
  facet normal 0.352253 0.935905 0
    outer loop
      vertex 22.8222 67.232 -43
      vertex 27.1705 65.5954 -53
      vertex 22.8222 67.232 -53
    endloop
  endfacet
  facet normal 0.16289 0.986644 -0
    outer loop
      vertex 13.8514 69.6358 -53
      vertex 9.26736 70.3926 -43
      vertex 13.8514 69.6358 -43
    endloop
  endfacet
  facet normal 0.16289 0.986644 0
    outer loop
      vertex 9.26736 70.3926 -43
      vertex 13.8514 69.6358 -53
      vertex 9.26736 70.3926 -53
    endloop
  endfacet
  facet normal 0.0980174 0.995185 -0
    outer loop
      vertex 9.26736 70.3926 -53
      vertex 4.64362 70.848 -43
      vertex 9.26736 70.3926 -43
    endloop
  endfacet
  facet normal 0.0980174 0.995185 0
    outer loop
      vertex 4.64362 70.848 -43
      vertex 9.26736 70.3926 -53
      vertex 4.64362 70.848 -53
    endloop
  endfacet
  facet normal 0.471404 0.881918 -0
    outer loop
      vertex 35.5 61.4878 -53
      vertex 31.4025 63.678 -43
      vertex 35.5 61.4878 -43
    endloop
  endfacet
  facet normal 0.471404 0.881918 0
    outer loop
      vertex 31.4025 63.678 -43
      vertex 35.5 61.4878 -53
      vertex 31.4025 63.678 -53
    endloop
  endfacet
  facet normal 0.68359 0.729866 -0
    outer loop
      vertex 50.2046 50.2046 -53
      vertex 46.8136 53.3806 -43
      vertex 50.2046 50.2046 -43
    endloop
  endfacet
  facet normal 0.68359 0.729866 0
    outer loop
      vertex 46.8136 53.3806 -43
      vertex 50.2046 50.2046 -53
      vertex 46.8136 53.3806 -53
    endloop
  endfacet
  facet normal -0.773007 0.634397 0
    outer loop
      vertex -56.3281 43.2221 -53
      vertex -53.3806 46.8136 -43
      vertex -53.3806 46.8136 -53
    endloop
  endfacet
  facet normal -0.773007 0.634397 0
    outer loop
      vertex -53.3806 46.8136 -43
      vertex -56.3281 43.2221 -53
      vertex -56.3281 43.2221 -43
    endloop
  endfacet
  facet normal -0.729866 0.68359 0
    outer loop
      vertex -53.3806 46.8136 -53
      vertex -50.2046 50.2046 -43
      vertex -50.2046 50.2046 -53
    endloop
  endfacet
  facet normal -0.729866 0.68359 0
    outer loop
      vertex -50.2046 50.2046 -43
      vertex -53.3806 46.8136 -53
      vertex -53.3806 46.8136 -43
    endloop
  endfacet
  facet normal -0.881918 0.471404 0
    outer loop
      vertex -63.678 31.4025 -53
      vertex -61.4878 35.5 -43
      vertex -61.4878 35.5 -53
    endloop
  endfacet
  facet normal -0.881918 0.471404 0
    outer loop
      vertex -61.4878 35.5 -43
      vertex -63.678 31.4025 -53
      vertex -63.678 31.4025 -43
    endloop
  endfacet
  facet normal -0.956939 0.290289 0
    outer loop
      vertex -68.5807 18.3762 -53
      vertex -67.232 22.8222 -43
      vertex -67.232 22.8222 -53
    endloop
  endfacet
  facet normal -0.956939 0.290289 0
    outer loop
      vertex -67.232 22.8222 -43
      vertex -68.5807 18.3762 -53
      vertex -68.5807 18.3762 -43
    endloop
  endfacet
  facet normal -0.935905 0.352253 0
    outer loop
      vertex -67.232 22.8222 -53
      vertex -65.5954 27.1705 -43
      vertex -65.5954 27.1705 -53
    endloop
  endfacet
  facet normal -0.935905 0.352253 0
    outer loop
      vertex -65.5954 27.1705 -43
      vertex -67.232 22.8222 -53
      vertex -67.232 22.8222 -43
    endloop
  endfacet
  facet normal -0.986644 0.16289 0
    outer loop
      vertex -70.3926 9.26736 -53
      vertex -69.6358 13.8514 -43
      vertex -69.6358 13.8514 -53
    endloop
  endfacet
  facet normal -0.986644 0.16289 0
    outer loop
      vertex -69.6358 13.8514 -43
      vertex -70.3926 9.26736 -53
      vertex -70.3926 9.26736 -43
    endloop
  endfacet
  facet normal -0.995185 0.0980174 0
    outer loop
      vertex -70.848 4.64362 -53
      vertex -70.3926 9.26736 -43
      vertex -70.3926 9.26736 -53
    endloop
  endfacet
  facet normal -0.995185 0.0980174 0
    outer loop
      vertex -70.3926 9.26736 -43
      vertex -70.848 4.64362 -53
      vertex -70.848 4.64362 -43
    endloop
  endfacet
  facet normal -0.471404 0.881918 0
    outer loop
      vertex -31.4025 63.678 -53
      vertex -35.5 61.4878 -43
      vertex -31.4025 63.678 -43
    endloop
  endfacet
  facet normal -0.471404 0.881918 0
    outer loop
      vertex -35.5 61.4878 -43
      vertex -31.4025 63.678 -53
      vertex -35.5 61.4878 -53
    endloop
  endfacet
  facet normal -0.41269 0.910871 0
    outer loop
      vertex -27.1705 65.5954 -53
      vertex -31.4025 63.678 -43
      vertex -27.1705 65.5954 -43
    endloop
  endfacet
  facet normal -0.41269 0.910871 0
    outer loop
      vertex -31.4025 63.678 -43
      vertex -27.1705 65.5954 -53
      vertex -31.4025 63.678 -53
    endloop
  endfacet
  facet normal -0.634397 0.773007 0
    outer loop
      vertex -43.2221 56.3281 -53
      vertex -46.8136 53.3806 -43
      vertex -43.2221 56.3281 -43
    endloop
  endfacet
  facet normal -0.634397 0.773007 0
    outer loop
      vertex -46.8136 53.3806 -43
      vertex -43.2221 56.3281 -53
      vertex -46.8136 53.3806 -53
    endloop
  endfacet
  facet normal -0.290289 0.956939 0
    outer loop
      vertex -18.3762 68.5807 -53
      vertex -22.8222 67.232 -43
      vertex -18.3762 68.5807 -43
    endloop
  endfacet
  facet normal -0.290289 0.956939 0
    outer loop
      vertex -22.8222 67.232 -43
      vertex -18.3762 68.5807 -53
      vertex -22.8222 67.232 -53
    endloop
  endfacet
  facet normal 0.0980174 -0.995185 0
    outer loop
      vertex 4.64362 -70.848 -53
      vertex 9.26736 -70.3926 -43
      vertex 4.64362 -70.848 -43
    endloop
  endfacet
  facet normal 0.0980174 -0.995185 0
    outer loop
      vertex 9.26736 -70.3926 -43
      vertex 4.64362 -70.848 -53
      vertex 9.26736 -70.3926 -53
    endloop
  endfacet
  facet normal 0.290289 -0.956939 0
    outer loop
      vertex 18.3762 -68.5807 -53
      vertex 22.8222 -67.232 -43
      vertex 18.3762 -68.5807 -43
    endloop
  endfacet
  facet normal 0.290289 -0.956939 0
    outer loop
      vertex 22.8222 -67.232 -43
      vertex 18.3762 -68.5807 -53
      vertex 22.8222 -67.232 -53
    endloop
  endfacet
  facet normal 0.634397 -0.773007 0
    outer loop
      vertex 43.2221 -56.3281 -53
      vertex 46.8136 -53.3806 -43
      vertex 43.2221 -56.3281 -43
    endloop
  endfacet
  facet normal 0.634397 -0.773007 0
    outer loop
      vertex 46.8136 -53.3806 -43
      vertex 43.2221 -56.3281 -53
      vertex 46.8136 -53.3806 -53
    endloop
  endfacet
  facet normal 0.528073 -0.849199 0
    outer loop
      vertex 35.5 -61.4878 -53
      vertex 39.4455 -59.0343 -43
      vertex 35.5 -61.4878 -43
    endloop
  endfacet
  facet normal 0.528073 -0.849199 0
    outer loop
      vertex 39.4455 -59.0343 -43
      vertex 35.5 -61.4878 -53
      vertex 39.4455 -59.0343 -53
    endloop
  endfacet
  facet normal 0.41269 -0.910871 0
    outer loop
      vertex 27.1705 -65.5954 -53
      vertex 31.4025 -63.678 -43
      vertex 27.1705 -65.5954 -43
    endloop
  endfacet
  facet normal 0.41269 -0.910871 0
    outer loop
      vertex 31.4025 -63.678 -43
      vertex 27.1705 -65.5954 -53
      vertex 31.4025 -63.678 -53
    endloop
  endfacet
  facet normal 0.729866 -0.68359 0
    outer loop
      vertex 50.2046 -50.2046 -43
      vertex 53.3806 -46.8136 -53
      vertex 53.3806 -46.8136 -43
    endloop
  endfacet
  facet normal 0.729866 -0.68359 0
    outer loop
      vertex 53.3806 -46.8136 -53
      vertex 50.2046 -50.2046 -43
      vertex 50.2046 -50.2046 -53
    endloop
  endfacet
  facet normal 0.812854 -0.582467 0
    outer loop
      vertex 56.3281 -43.2221 -43
      vertex 59.0343 -39.4455 -53
      vertex 59.0343 -39.4455 -43
    endloop
  endfacet
  facet normal 0.812854 -0.582467 0
    outer loop
      vertex 59.0343 -39.4455 -53
      vertex 56.3281 -43.2221 -43
      vertex 56.3281 -43.2221 -53
    endloop
  endfacet
  facet normal 0.881918 -0.471404 0
    outer loop
      vertex 61.4878 -35.5 -43
      vertex 63.678 -31.4025 -53
      vertex 63.678 -31.4025 -43
    endloop
  endfacet
  facet normal 0.881918 -0.471404 0
    outer loop
      vertex 63.678 -31.4025 -53
      vertex 61.4878 -35.5 -43
      vertex 61.4878 -35.5 -53
    endloop
  endfacet
  facet normal 0.935905 -0.352253 0
    outer loop
      vertex 65.5954 -27.1705 -43
      vertex 67.232 -22.8222 -53
      vertex 67.232 -22.8222 -43
    endloop
  endfacet
  facet normal 0.935905 -0.352253 0
    outer loop
      vertex 67.232 -22.8222 -53
      vertex 65.5954 -27.1705 -43
      vertex 65.5954 -27.1705 -53
    endloop
  endfacet
  facet normal 0.973874 -0.227089 0
    outer loop
      vertex 68.5807 -18.3762 -43
      vertex 69.6358 -13.8514 -53
      vertex 69.6358 -13.8514 -43
    endloop
  endfacet
  facet normal 0.973874 -0.227089 0
    outer loop
      vertex 69.6358 -13.8514 -53
      vertex 68.5807 -18.3762 -43
      vertex 68.5807 -18.3762 -53
    endloop
  endfacet
  facet normal -0.68359 -0.729866 0
    outer loop
      vertex -50.2046 -50.2046 -53
      vertex -46.8136 -53.3806 -43
      vertex -50.2046 -50.2046 -43
    endloop
  endfacet
  facet normal -0.68359 -0.729866 -0
    outer loop
      vertex -46.8136 -53.3806 -43
      vertex -50.2046 -50.2046 -53
      vertex -46.8136 -53.3806 -53
    endloop
  endfacet
  facet normal -0.582467 -0.812854 0
    outer loop
      vertex -43.2221 -56.3281 -53
      vertex -39.4455 -59.0343 -43
      vertex -43.2221 -56.3281 -43
    endloop
  endfacet
  facet normal -0.582467 -0.812854 -0
    outer loop
      vertex -39.4455 -59.0343 -43
      vertex -43.2221 -56.3281 -53
      vertex -39.4455 -59.0343 -53
    endloop
  endfacet
  facet normal -0.471404 -0.881918 0
    outer loop
      vertex -35.5 -61.4878 -53
      vertex -31.4025 -63.678 -43
      vertex -35.5 -61.4878 -43
    endloop
  endfacet
  facet normal -0.471404 -0.881918 -0
    outer loop
      vertex -31.4025 -63.678 -43
      vertex -35.5 -61.4878 -53
      vertex -31.4025 -63.678 -53
    endloop
  endfacet
  facet normal -0.290289 -0.956939 0
    outer loop
      vertex -22.8222 -67.232 -53
      vertex -18.3762 -68.5807 -43
      vertex -22.8222 -67.232 -43
    endloop
  endfacet
  facet normal -0.290289 -0.956939 -0
    outer loop
      vertex -18.3762 -68.5807 -43
      vertex -22.8222 -67.232 -53
      vertex -18.3762 -68.5807 -53
    endloop
  endfacet
  facet normal -0.352253 -0.935905 0
    outer loop
      vertex -27.1705 -65.5954 -53
      vertex -22.8222 -67.232 -43
      vertex -27.1705 -65.5954 -43
    endloop
  endfacet
  facet normal -0.352253 -0.935905 -0
    outer loop
      vertex -22.8222 -67.232 -43
      vertex -27.1705 -65.5954 -53
      vertex -22.8222 -67.232 -53
    endloop
  endfacet
  facet normal -0.227089 -0.973874 0
    outer loop
      vertex -18.3762 -68.5807 -53
      vertex -13.8514 -69.6358 -43
      vertex -18.3762 -68.5807 -43
    endloop
  endfacet
  facet normal -0.227089 -0.973874 -0
    outer loop
      vertex -13.8514 -69.6358 -43
      vertex -18.3762 -68.5807 -53
      vertex -13.8514 -69.6358 -53
    endloop
  endfacet
  facet normal -0.16289 -0.986644 0
    outer loop
      vertex -13.8514 -69.6358 -53
      vertex -9.26736 -70.3926 -43
      vertex -13.8514 -69.6358 -43
    endloop
  endfacet
  facet normal -0.16289 -0.986644 -0
    outer loop
      vertex -9.26736 -70.3926 -43
      vertex -13.8514 -69.6358 -53
      vertex -9.26736 -70.3926 -53
    endloop
  endfacet
  facet normal -0.910871 -0.41269 0
    outer loop
      vertex -63.678 -31.4025 -53
      vertex -65.5954 -27.1705 -43
      vertex -65.5954 -27.1705 -53
    endloop
  endfacet
  facet normal -0.910871 -0.41269 0
    outer loop
      vertex -65.5954 -27.1705 -43
      vertex -63.678 -31.4025 -53
      vertex -63.678 -31.4025 -43
    endloop
  endfacet
  facet normal -0.881918 -0.471404 0
    outer loop
      vertex -61.4878 -35.5 -53
      vertex -63.678 -31.4025 -43
      vertex -63.678 -31.4025 -53
    endloop
  endfacet
  facet normal -0.881918 -0.471404 0
    outer loop
      vertex -63.678 -31.4025 -43
      vertex -61.4878 -35.5 -53
      vertex -61.4878 -35.5 -43
    endloop
  endfacet
  facet normal -0.773007 -0.634397 0
    outer loop
      vertex -53.3806 -46.8136 -53
      vertex -56.3281 -43.2221 -43
      vertex -56.3281 -43.2221 -53
    endloop
  endfacet
  facet normal -0.773007 -0.634397 0
    outer loop
      vertex -56.3281 -43.2221 -43
      vertex -53.3806 -46.8136 -53
      vertex -53.3806 -46.8136 -43
    endloop
  endfacet
  facet normal -0.935905 -0.352253 0
    outer loop
      vertex -65.5954 -27.1705 -53
      vertex -67.232 -22.8222 -43
      vertex -67.232 -22.8222 -53
    endloop
  endfacet
  facet normal -0.935905 -0.352253 0
    outer loop
      vertex -67.232 -22.8222 -43
      vertex -65.5954 -27.1705 -53
      vertex -65.5954 -27.1705 -43
    endloop
  endfacet
  facet normal -0.0980174 0.995185 0
    outer loop
      vertex -4.64362 70.848 -53
      vertex -9.26736 70.3926 -43
      vertex -4.64362 70.848 -43
    endloop
  endfacet
  facet normal -0.0980174 0.995185 0
    outer loop
      vertex -9.26736 70.3926 -43
      vertex -4.64362 70.848 -53
      vertex -9.26736 70.3926 -53
    endloop
  endfacet
  facet normal 0.16289 -0.986644 0
    outer loop
      vertex 9.26736 -70.3926 -53
      vertex 13.8514 -69.6358 -43
      vertex 9.26736 -70.3926 -43
    endloop
  endfacet
  facet normal 0.16289 -0.986644 0
    outer loop
      vertex 13.8514 -69.6358 -43
      vertex 9.26736 -70.3926 -53
      vertex 13.8514 -69.6358 -53
    endloop
  endfacet
  facet normal 0.352253 -0.935905 0
    outer loop
      vertex 22.8222 -67.232 -53
      vertex 27.1705 -65.5954 -43
      vertex 22.8222 -67.232 -43
    endloop
  endfacet
  facet normal 0.352253 -0.935905 0
    outer loop
      vertex 27.1705 -65.5954 -43
      vertex 22.8222 -67.232 -53
      vertex 27.1705 -65.5954 -53
    endloop
  endfacet
  facet normal 0.68359 -0.729866 0
    outer loop
      vertex 46.8136 -53.3806 -53
      vertex 50.2046 -50.2046 -43
      vertex 46.8136 -53.3806 -43
    endloop
  endfacet
  facet normal 0.68359 -0.729866 0
    outer loop
      vertex 50.2046 -50.2046 -43
      vertex 46.8136 -53.3806 -53
      vertex 50.2046 -50.2046 -53
    endloop
  endfacet
  facet normal 0.471404 -0.881918 0
    outer loop
      vertex 31.4025 -63.678 -53
      vertex 35.5 -61.4878 -43
      vertex 31.4025 -63.678 -43
    endloop
  endfacet
  facet normal 0.471404 -0.881918 0
    outer loop
      vertex 35.5 -61.4878 -43
      vertex 31.4025 -63.678 -53
      vertex 35.5 -61.4878 -53
    endloop
  endfacet
  facet normal 0.773007 -0.634397 0
    outer loop
      vertex 53.3806 -46.8136 -43
      vertex 56.3281 -43.2221 -53
      vertex 56.3281 -43.2221 -43
    endloop
  endfacet
  facet normal 0.773007 -0.634397 0
    outer loop
      vertex 56.3281 -43.2221 -53
      vertex 53.3806 -46.8136 -43
      vertex 53.3806 -46.8136 -53
    endloop
  endfacet
  facet normal 0.910871 -0.41269 0
    outer loop
      vertex 63.678 -31.4025 -43
      vertex 65.5954 -27.1705 -53
      vertex 65.5954 -27.1705 -43
    endloop
  endfacet
  facet normal 0.910871 -0.41269 0
    outer loop
      vertex 65.5954 -27.1705 -53
      vertex 63.678 -31.4025 -43
      vertex 63.678 -31.4025 -53
    endloop
  endfacet
  facet normal 0.956939 -0.290289 0
    outer loop
      vertex 67.232 -22.8222 -43
      vertex 68.5807 -18.3762 -53
      vertex 68.5807 -18.3762 -43
    endloop
  endfacet
  facet normal 0.956939 -0.290289 0
    outer loop
      vertex 68.5807 -18.3762 -53
      vertex 67.232 -22.8222 -43
      vertex 67.232 -22.8222 -53
    endloop
  endfacet
  facet normal 0.995185 -0.0980174 0
    outer loop
      vertex 70.3926 -9.26736 -43
      vertex 70.848 -4.64362 -53
      vertex 70.848 -4.64362 -43
    endloop
  endfacet
  facet normal 0.995185 -0.0980174 0
    outer loop
      vertex 70.848 -4.64362 -53
      vertex 70.3926 -9.26736 -43
      vertex 70.3926 -9.26736 -53
    endloop
  endfacet
  facet normal 0.999465 -0.0327156 0
    outer loop
      vertex 70.848 -4.64362 -43
      vertex 71 0 -53
      vertex 71 0 -43
    endloop
  endfacet
  facet normal 0.999465 -0.0327156 0
    outer loop
      vertex 71 0 -53
      vertex 70.848 -4.64362 -43
      vertex 70.848 -4.64362 -53
    endloop
  endfacet
  facet normal -0.634397 -0.773007 0
    outer loop
      vertex -46.8136 -53.3806 -53
      vertex -43.2221 -56.3281 -43
      vertex -46.8136 -53.3806 -43
    endloop
  endfacet
  facet normal -0.634397 -0.773007 -0
    outer loop
      vertex -43.2221 -56.3281 -43
      vertex -46.8136 -53.3806 -53
      vertex -43.2221 -56.3281 -53
    endloop
  endfacet
  facet normal -0.0980174 -0.995185 0
    outer loop
      vertex -9.26736 -70.3926 -53
      vertex -4.64362 -70.848 -43
      vertex -9.26736 -70.3926 -43
    endloop
  endfacet
  facet normal -0.0980174 -0.995185 -0
    outer loop
      vertex -4.64362 -70.848 -43
      vertex -9.26736 -70.3926 -53
      vertex -4.64362 -70.848 -53
    endloop
  endfacet
  facet normal -0.729866 -0.68359 0
    outer loop
      vertex -50.2046 -50.2046 -53
      vertex -53.3806 -46.8136 -43
      vertex -53.3806 -46.8136 -53
    endloop
  endfacet
  facet normal -0.729866 -0.68359 0
    outer loop
      vertex -53.3806 -46.8136 -43
      vertex -50.2046 -50.2046 -53
      vertex -50.2046 -50.2046 -43
    endloop
  endfacet
  facet normal -0.986644 -0.16289 0
    outer loop
      vertex -69.6358 -13.8514 -53
      vertex -70.3926 -9.26736 -43
      vertex -70.3926 -9.26736 -53
    endloop
  endfacet
  facet normal -0.986644 -0.16289 0
    outer loop
      vertex -70.3926 -9.26736 -43
      vertex -69.6358 -13.8514 -53
      vertex -69.6358 -13.8514 -43
    endloop
  endfacet
  facet normal 0.999465 0.0327156 0
    outer loop
      vertex 71 0 5
      vertex 70.848 4.64362 -5
      vertex 70.848 4.64362 5
    endloop
  endfacet
  facet normal 0.999465 0.0327156 0
    outer loop
      vertex 70.848 4.64362 -5
      vertex 71 0 5
      vertex 71 0 -5
    endloop
  endfacet
  facet normal -0.999465 0.0327156 0
    outer loop
      vertex -71 0 -5
      vertex -70.848 4.64362 5
      vertex -70.848 4.64362 -5
    endloop
  endfacet
  facet normal -0.999465 0.0327156 0
    outer loop
      vertex -70.848 4.64362 5
      vertex -71 0 -5
      vertex -71 0 5
    endloop
  endfacet
  facet normal 0.0327156 0.999465 -0
    outer loop
      vertex 4.64362 70.848 -5
      vertex 0 71 5
      vertex 4.64362 70.848 5
    endloop
  endfacet
  facet normal 0.0327156 0.999465 0
    outer loop
      vertex 0 71 5
      vertex 4.64362 70.848 -5
      vertex 0 71 -5
    endloop
  endfacet
  facet normal 0.729866 0.68359 0
    outer loop
      vertex 53.3806 46.8136 5
      vertex 50.2046 50.2046 -5
      vertex 50.2046 50.2046 5
    endloop
  endfacet
  facet normal 0.729866 0.68359 0
    outer loop
      vertex 50.2046 50.2046 -5
      vertex 53.3806 46.8136 5
      vertex 53.3806 46.8136 -5
    endloop
  endfacet
  facet normal -0.68359 0.729866 0
    outer loop
      vertex -46.8136 53.3806 -5
      vertex -50.2046 50.2046 5
      vertex -46.8136 53.3806 5
    endloop
  endfacet
  facet normal -0.68359 0.729866 0
    outer loop
      vertex -50.2046 50.2046 5
      vertex -46.8136 53.3806 -5
      vertex -50.2046 50.2046 -5
    endloop
  endfacet
  facet normal 0.935905 0.352253 0
    outer loop
      vertex 67.232 22.8222 5
      vertex 65.5954 27.1705 -5
      vertex 65.5954 27.1705 5
    endloop
  endfacet
  facet normal 0.935905 0.352253 0
    outer loop
      vertex 65.5954 27.1705 -5
      vertex 67.232 22.8222 5
      vertex 67.232 22.8222 -5
    endloop
  endfacet
  facet normal -0.849199 0.528073 0
    outer loop
      vertex -61.4878 35.5 -5
      vertex -59.0343 39.4455 5
      vertex -59.0343 39.4455 -5
    endloop
  endfacet
  facet normal -0.849199 0.528073 0
    outer loop
      vertex -59.0343 39.4455 5
      vertex -61.4878 35.5 -5
      vertex -61.4878 35.5 5
    endloop
  endfacet
  facet normal -0.812854 0.582467 0
    outer loop
      vertex -59.0343 39.4455 -5
      vertex -56.3281 43.2221 5
      vertex -56.3281 43.2221 -5
    endloop
  endfacet
  facet normal -0.812854 0.582467 0
    outer loop
      vertex -56.3281 43.2221 5
      vertex -59.0343 39.4455 -5
      vertex -59.0343 39.4455 5
    endloop
  endfacet
  facet normal 0.849199 -0.528073 0
    outer loop
      vertex 59.0343 -39.4455 5
      vertex 61.4878 -35.5 -5
      vertex 61.4878 -35.5 5
    endloop
  endfacet
  facet normal 0.849199 -0.528073 0
    outer loop
      vertex 61.4878 -35.5 -5
      vertex 59.0343 -39.4455 5
      vertex 59.0343 -39.4455 -5
    endloop
  endfacet
  facet normal 0.227089 -0.973874 0
    outer loop
      vertex 13.8514 -69.6358 -5
      vertex 18.3762 -68.5807 5
      vertex 13.8514 -69.6358 5
    endloop
  endfacet
  facet normal 0.227089 -0.973874 0
    outer loop
      vertex 18.3762 -68.5807 5
      vertex 13.8514 -69.6358 -5
      vertex 18.3762 -68.5807 -5
    endloop
  endfacet
  facet normal 0.68359 -0.729866 0
    outer loop
      vertex 46.8136 -53.3806 -5
      vertex 50.2046 -50.2046 5
      vertex 46.8136 -53.3806 5
    endloop
  endfacet
  facet normal 0.68359 -0.729866 0
    outer loop
      vertex 50.2046 -50.2046 5
      vertex 46.8136 -53.3806 -5
      vertex 50.2046 -50.2046 -5
    endloop
  endfacet
  facet normal -0.352253 -0.935905 0
    outer loop
      vertex -27.1705 -65.5954 -5
      vertex -22.8222 -67.232 5
      vertex -27.1705 -65.5954 5
    endloop
  endfacet
  facet normal -0.352253 -0.935905 -0
    outer loop
      vertex -22.8222 -67.232 5
      vertex -27.1705 -65.5954 -5
      vertex -22.8222 -67.232 -5
    endloop
  endfacet
  facet normal -0.773007 -0.634397 0
    outer loop
      vertex -53.3806 -46.8136 -5
      vertex -56.3281 -43.2221 5
      vertex -56.3281 -43.2221 -5
    endloop
  endfacet
  facet normal -0.773007 -0.634397 0
    outer loop
      vertex -56.3281 -43.2221 5
      vertex -53.3806 -46.8136 -5
      vertex -53.3806 -46.8136 5
    endloop
  endfacet
  facet normal -0.956939 -0.290289 0
    outer loop
      vertex -67.232 -22.8222 -5
      vertex -68.5807 -18.3762 5
      vertex -68.5807 -18.3762 -5
    endloop
  endfacet
  facet normal -0.956939 -0.290289 0
    outer loop
      vertex -68.5807 -18.3762 5
      vertex -67.232 -22.8222 -5
      vertex -67.232 -22.8222 5
    endloop
  endfacet
  facet normal 0.986644 0.16289 0
    outer loop
      vertex 70.3926 9.26736 5
      vertex 69.6358 13.8514 -5
      vertex 69.6358 13.8514 5
    endloop
  endfacet
  facet normal 0.986644 0.16289 0
    outer loop
      vertex 69.6358 13.8514 -5
      vertex 70.3926 9.26736 5
      vertex 70.3926 9.26736 -5
    endloop
  endfacet
  facet normal 0.995185 0.0980174 0
    outer loop
      vertex 70.848 4.64362 5
      vertex 70.3926 9.26736 -5
      vertex 70.3926 9.26736 5
    endloop
  endfacet
  facet normal 0.995185 0.0980174 0
    outer loop
      vertex 70.3926 9.26736 -5
      vertex 70.848 4.64362 5
      vertex 70.848 4.64362 -5
    endloop
  endfacet
  facet normal 0.973874 0.227089 0
    outer loop
      vertex 69.6358 13.8514 5
      vertex 68.5807 18.3762 -5
      vertex 68.5807 18.3762 5
    endloop
  endfacet
  facet normal 0.973874 0.227089 0
    outer loop
      vertex 68.5807 18.3762 -5
      vertex 69.6358 13.8514 5
      vertex 69.6358 13.8514 -5
    endloop
  endfacet
  facet normal 0.849199 0.528073 0
    outer loop
      vertex 61.4878 35.5 5
      vertex 59.0343 39.4455 -5
      vertex 59.0343 39.4455 5
    endloop
  endfacet
  facet normal 0.849199 0.528073 0
    outer loop
      vertex 59.0343 39.4455 -5
      vertex 61.4878 35.5 5
      vertex 61.4878 35.5 -5
    endloop
  endfacet
  facet normal 0.812854 0.582467 0
    outer loop
      vertex 59.0343 39.4455 5
      vertex 56.3281 43.2221 -5
      vertex 56.3281 43.2221 5
    endloop
  endfacet
  facet normal 0.812854 0.582467 0
    outer loop
      vertex 56.3281 43.2221 -5
      vertex 59.0343 39.4455 5
      vertex 59.0343 39.4455 -5
    endloop
  endfacet
  facet normal 0.227089 0.973874 -0
    outer loop
      vertex 18.3762 68.5807 -5
      vertex 13.8514 69.6358 5
      vertex 18.3762 68.5807 5
    endloop
  endfacet
  facet normal 0.227089 0.973874 0
    outer loop
      vertex 13.8514 69.6358 5
      vertex 18.3762 68.5807 -5
      vertex 13.8514 69.6358 -5
    endloop
  endfacet
  facet normal 0.290289 0.956939 -0
    outer loop
      vertex 22.8222 67.232 -5
      vertex 18.3762 68.5807 5
      vertex 22.8222 67.232 5
    endloop
  endfacet
  facet normal 0.290289 0.956939 0
    outer loop
      vertex 18.3762 68.5807 5
      vertex 22.8222 67.232 -5
      vertex 18.3762 68.5807 -5
    endloop
  endfacet
  facet normal 0.0980174 0.995185 -0
    outer loop
      vertex 9.26736 70.3926 -5
      vertex 4.64362 70.848 5
      vertex 9.26736 70.3926 5
    endloop
  endfacet
  facet normal 0.0980174 0.995185 0
    outer loop
      vertex 4.64362 70.848 5
      vertex 9.26736 70.3926 -5
      vertex 4.64362 70.848 -5
    endloop
  endfacet
  facet normal 0.582467 0.812854 -0
    outer loop
      vertex 43.2221 56.3281 -5
      vertex 39.4455 59.0343 5
      vertex 43.2221 56.3281 5
    endloop
  endfacet
  facet normal 0.582467 0.812854 0
    outer loop
      vertex 39.4455 59.0343 5
      vertex 43.2221 56.3281 -5
      vertex 39.4455 59.0343 -5
    endloop
  endfacet
  facet normal 0.528073 0.849199 -0
    outer loop
      vertex 39.4455 59.0343 -5
      vertex 35.5 61.4878 5
      vertex 39.4455 59.0343 5
    endloop
  endfacet
  facet normal 0.528073 0.849199 0
    outer loop
      vertex 35.5 61.4878 5
      vertex 39.4455 59.0343 -5
      vertex 35.5 61.4878 -5
    endloop
  endfacet
  facet normal -0.973874 0.227089 0
    outer loop
      vertex -69.6358 13.8514 -5
      vertex -68.5807 18.3762 5
      vertex -68.5807 18.3762 -5
    endloop
  endfacet
  facet normal -0.973874 0.227089 0
    outer loop
      vertex -68.5807 18.3762 5
      vertex -69.6358 13.8514 -5
      vertex -69.6358 13.8514 5
    endloop
  endfacet
  facet normal -0.773007 0.634397 0
    outer loop
      vertex -56.3281 43.2221 -5
      vertex -53.3806 46.8136 5
      vertex -53.3806 46.8136 -5
    endloop
  endfacet
  facet normal -0.773007 0.634397 0
    outer loop
      vertex -53.3806 46.8136 5
      vertex -56.3281 43.2221 -5
      vertex -56.3281 43.2221 5
    endloop
  endfacet
  facet normal -0.956939 0.290289 0
    outer loop
      vertex -68.5807 18.3762 -5
      vertex -67.232 22.8222 5
      vertex -67.232 22.8222 -5
    endloop
  endfacet
  facet normal -0.956939 0.290289 0
    outer loop
      vertex -67.232 22.8222 5
      vertex -68.5807 18.3762 -5
      vertex -68.5807 18.3762 5
    endloop
  endfacet
  facet normal -0.995185 0.0980174 0
    outer loop
      vertex -70.848 4.64362 -5
      vertex -70.3926 9.26736 5
      vertex -70.3926 9.26736 -5
    endloop
  endfacet
  facet normal -0.995185 0.0980174 0
    outer loop
      vertex -70.3926 9.26736 5
      vertex -70.848 4.64362 -5
      vertex -70.848 4.64362 5
    endloop
  endfacet
  facet normal -0.471404 0.881918 0
    outer loop
      vertex -31.4025 63.678 -5
      vertex -35.5 61.4878 5
      vertex -31.4025 63.678 5
    endloop
  endfacet
  facet normal -0.471404 0.881918 0
    outer loop
      vertex -35.5 61.4878 5
      vertex -31.4025 63.678 -5
      vertex -35.5 61.4878 -5
    endloop
  endfacet
  facet normal -0.528073 0.849199 0
    outer loop
      vertex -35.5 61.4878 -5
      vertex -39.4455 59.0343 5
      vertex -35.5 61.4878 5
    endloop
  endfacet
  facet normal -0.528073 0.849199 0
    outer loop
      vertex -39.4455 59.0343 5
      vertex -35.5 61.4878 -5
      vertex -39.4455 59.0343 -5
    endloop
  endfacet
  facet normal -0.582467 0.812854 0
    outer loop
      vertex -39.4455 59.0343 -5
      vertex -43.2221 56.3281 5
      vertex -39.4455 59.0343 5
    endloop
  endfacet
  facet normal -0.582467 0.812854 0
    outer loop
      vertex -43.2221 56.3281 5
      vertex -39.4455 59.0343 -5
      vertex -43.2221 56.3281 -5
    endloop
  endfacet
  facet normal -0.227089 0.973874 0
    outer loop
      vertex -13.8514 69.6358 -5
      vertex -18.3762 68.5807 5
      vertex -13.8514 69.6358 5
    endloop
  endfacet
  facet normal -0.227089 0.973874 0
    outer loop
      vertex -18.3762 68.5807 5
      vertex -13.8514 69.6358 -5
      vertex -18.3762 68.5807 -5
    endloop
  endfacet
  facet normal -0.0327156 0.999465 0
    outer loop
      vertex 0 71 -5
      vertex -4.64362 70.848 5
      vertex 0 71 5
    endloop
  endfacet
  facet normal -0.0327156 0.999465 0
    outer loop
      vertex -4.64362 70.848 5
      vertex 0 71 -5
      vertex -4.64362 70.848 -5
    endloop
  endfacet
  facet normal 0.0980174 -0.995185 0
    outer loop
      vertex 4.64362 -70.848 -5
      vertex 9.26736 -70.3926 5
      vertex 4.64362 -70.848 5
    endloop
  endfacet
  facet normal 0.0980174 -0.995185 0
    outer loop
      vertex 9.26736 -70.3926 5
      vertex 4.64362 -70.848 -5
      vertex 9.26736 -70.3926 -5
    endloop
  endfacet
  facet normal 0.0327156 -0.999465 0
    outer loop
      vertex 0 -71 -5
      vertex 4.64362 -70.848 5
      vertex 0 -71 5
    endloop
  endfacet
  facet normal 0.0327156 -0.999465 0
    outer loop
      vertex 4.64362 -70.848 5
      vertex 0 -71 -5
      vertex 4.64362 -70.848 -5
    endloop
  endfacet
  facet normal 0.352253 -0.935905 0
    outer loop
      vertex 22.8222 -67.232 -5
      vertex 27.1705 -65.5954 5
      vertex 22.8222 -67.232 5
    endloop
  endfacet
  facet normal 0.352253 -0.935905 0
    outer loop
      vertex 27.1705 -65.5954 5
      vertex 22.8222 -67.232 -5
      vertex 27.1705 -65.5954 -5
    endloop
  endfacet
  facet normal 0.582467 -0.812854 0
    outer loop
      vertex 39.4455 -59.0343 -5
      vertex 43.2221 -56.3281 5
      vertex 39.4455 -59.0343 5
    endloop
  endfacet
  facet normal 0.582467 -0.812854 0
    outer loop
      vertex 43.2221 -56.3281 5
      vertex 39.4455 -59.0343 -5
      vertex 43.2221 -56.3281 -5
    endloop
  endfacet
  facet normal 0.910871 -0.41269 0
    outer loop
      vertex 63.678 -31.4025 5
      vertex 65.5954 -27.1705 -5
      vertex 65.5954 -27.1705 5
    endloop
  endfacet
  facet normal 0.910871 -0.41269 0
    outer loop
      vertex 65.5954 -27.1705 -5
      vertex 63.678 -31.4025 5
      vertex 63.678 -31.4025 -5
    endloop
  endfacet
  facet normal 0.973874 -0.227089 0
    outer loop
      vertex 68.5807 -18.3762 5
      vertex 69.6358 -13.8514 -5
      vertex 69.6358 -13.8514 5
    endloop
  endfacet
  facet normal 0.973874 -0.227089 0
    outer loop
      vertex 69.6358 -13.8514 -5
      vertex 68.5807 -18.3762 5
      vertex 68.5807 -18.3762 -5
    endloop
  endfacet
  facet normal 0.986644 -0.16289 0
    outer loop
      vertex 69.6358 -13.8514 5
      vertex 70.3926 -9.26736 -5
      vertex 70.3926 -9.26736 5
    endloop
  endfacet
  facet normal 0.986644 -0.16289 0
    outer loop
      vertex 70.3926 -9.26736 -5
      vertex 69.6358 -13.8514 5
      vertex 69.6358 -13.8514 -5
    endloop
  endfacet
  facet normal -0.41269 -0.910871 0
    outer loop
      vertex -31.4025 -63.678 -5
      vertex -27.1705 -65.5954 5
      vertex -31.4025 -63.678 5
    endloop
  endfacet
  facet normal -0.41269 -0.910871 -0
    outer loop
      vertex -27.1705 -65.5954 5
      vertex -31.4025 -63.678 -5
      vertex -27.1705 -65.5954 -5
    endloop
  endfacet
  facet normal -0.528073 -0.849199 0
    outer loop
      vertex -39.4455 -59.0343 -5
      vertex -35.5 -61.4878 5
      vertex -39.4455 -59.0343 5
    endloop
  endfacet
  facet normal -0.528073 -0.849199 -0
    outer loop
      vertex -35.5 -61.4878 5
      vertex -39.4455 -59.0343 -5
      vertex -35.5 -61.4878 -5
    endloop
  endfacet
  facet normal -0.16289 -0.986644 0
    outer loop
      vertex -13.8514 -69.6358 -5
      vertex -9.26736 -70.3926 5
      vertex -13.8514 -69.6358 5
    endloop
  endfacet
  facet normal -0.16289 -0.986644 -0
    outer loop
      vertex -9.26736 -70.3926 5
      vertex -13.8514 -69.6358 -5
      vertex -9.26736 -70.3926 -5
    endloop
  endfacet
  facet normal -0.849199 -0.528073 0
    outer loop
      vertex -59.0343 -39.4455 -5
      vertex -61.4878 -35.5 5
      vertex -61.4878 -35.5 -5
    endloop
  endfacet
  facet normal -0.849199 -0.528073 0
    outer loop
      vertex -61.4878 -35.5 5
      vertex -59.0343 -39.4455 -5
      vertex -59.0343 -39.4455 5
    endloop
  endfacet
  facet normal -0.812854 -0.582467 0
    outer loop
      vertex -56.3281 -43.2221 -5
      vertex -59.0343 -39.4455 5
      vertex -59.0343 -39.4455 -5
    endloop
  endfacet
  facet normal -0.812854 -0.582467 0
    outer loop
      vertex -59.0343 -39.4455 5
      vertex -56.3281 -43.2221 -5
      vertex -56.3281 -43.2221 5
    endloop
  endfacet
  facet normal -0.999465 -0.0327156 0
    outer loop
      vertex -70.848 -4.64362 -5
      vertex -71 0 5
      vertex -71 0 -5
    endloop
  endfacet
  facet normal -0.999465 -0.0327156 0
    outer loop
      vertex -71 0 5
      vertex -70.848 -4.64362 -5
      vertex -70.848 -4.64362 5
    endloop
  endfacet
  facet normal -0.973874 -0.227089 0
    outer loop
      vertex -68.5807 -18.3762 -5
      vertex -69.6358 -13.8514 5
      vertex -69.6358 -13.8514 -5
    endloop
  endfacet
  facet normal -0.973874 -0.227089 0
    outer loop
      vertex -69.6358 -13.8514 5
      vertex -68.5807 -18.3762 -5
      vertex -68.5807 -18.3762 5
    endloop
  endfacet
  facet normal 0 0 -1
    outer loop
      vertex 57.5 0 -5
      vertex 71 0 -5
      vertex 70.848 -4.64362 -5
    endloop
  endfacet
  facet normal 0 0 -1
    outer loop
      vertex 57.3769 -3.76068 -5
      vertex 70.848 -4.64362 -5
      vertex 70.3926 -9.26736 -5
    endloop
  endfacet
  facet normal 0 0 -1
    outer loop
      vertex 71 0 -5
      vertex 57.5 0 -5
      vertex 70.848 4.64362 -5
    endloop
  endfacet
  facet normal 0 0 -1
    outer loop
      vertex 57.0081 -7.50526 -5
      vertex 70.3926 -9.26736 -5
      vertex 69.6358 -13.8514 -5
    endloop
  endfacet
  facet normal 0 0 -1
    outer loop
      vertex 57.3769 3.76068 -5
      vertex 70.848 4.64362 -5
      vertex 57.5 0 -5
    endloop
  endfacet
  facet normal 0 0 -1
    outer loop
      vertex 56.3952 -11.2177 -5
      vertex 69.6358 -13.8514 -5
      vertex 68.5807 -18.3762 -5
    endloop
  endfacet
  facet normal -0 0 -1
    outer loop
      vertex 70.848 4.64362 -5
      vertex 57.3769 3.76068 -5
      vertex 70.3926 9.26736 -5
    endloop
  endfacet
  facet normal 0 0 -1
    outer loop
      vertex 55.5407 -14.8821 -5
      vertex 68.5807 -18.3762 -5
      vertex 67.232 -22.8222 -5
    endloop
  endfacet
  facet normal 0 0 -1
    outer loop
      vertex 57.0081 7.50526 -5
      vertex 70.3926 9.26736 -5
      vertex 57.3769 3.76068 -5
    endloop
  endfacet
  facet normal 0 0 -1
    outer loop
      vertex 54.4485 -18.4828 -5
      vertex 67.232 -22.8222 -5
      vertex 65.5954 -27.1705 -5
    endloop
  endfacet
  facet normal -0 0 -1
    outer loop
      vertex 70.3926 9.26736 -5
      vertex 57.0081 7.50526 -5
      vertex 69.6358 13.8514 -5
    endloop
  endfacet
  facet normal 0 0 -1
    outer loop
      vertex 53.1231 -22.0043 -5
      vertex 65.5954 -27.1705 -5
      vertex 63.678 -31.4025 -5
    endloop
  endfacet
  facet normal 0 0 -1
    outer loop
      vertex 56.3952 11.2177 -5
      vertex 69.6358 13.8514 -5
      vertex 57.0081 7.50526 -5
    endloop
  endfacet
  facet normal 0 0 -1
    outer loop
      vertex 51.5702 -25.4316 -5
      vertex 63.678 -31.4025 -5
      vertex 61.4878 -35.5 -5
    endloop
  endfacet
  facet normal -0 0 -1
    outer loop
      vertex 69.6358 13.8514 -5
      vertex 56.3952 11.2177 -5
      vertex 68.5807 18.3762 -5
    endloop
  endfacet
  facet normal 0 0 -1
    outer loop
      vertex 49.7965 -28.75 -5
      vertex 61.4878 -35.5 -5
      vertex 59.0343 -39.4455 -5
    endloop
  endfacet
  facet normal 0 0 -1
    outer loop
      vertex 55.5407 14.8821 -5
      vertex 68.5807 18.3762 -5
      vertex 56.3952 11.2177 -5
    endloop
  endfacet
  facet normal -0 0 -1
    outer loop
      vertex 68.5807 18.3762 -5
      vertex 55.5407 14.8821 -5
      vertex 67.232 22.8222 -5
    endloop
  endfacet
  facet normal 0 0 -1
    outer loop
      vertex 70.848 -4.64362 -5
      vertex 57.3769 -3.76068 -5
      vertex 57.5 0 -5
    endloop
  endfacet
  facet normal 0 0 -1
    outer loop
      vertex 70.3926 -9.26736 -5
      vertex 57.0081 -7.50526 -5
      vertex 57.3769 -3.76068 -5
    endloop
  endfacet
  facet normal 0 0 -1
    outer loop
      vertex 69.6358 -13.8514 -5
      vertex 56.3952 -11.2177 -5
      vertex 57.0081 -7.50526 -5
    endloop
  endfacet
  facet normal 0 0 -1
    outer loop
      vertex 47.8095 -31.9453 -5
      vertex 59.0343 -39.4455 -5
      vertex 56.3281 -43.2221 -5
    endloop
  endfacet
  facet normal 0 0 -1
    outer loop
      vertex 68.5807 -18.3762 -5
      vertex 55.5407 -14.8821 -5
      vertex 56.3952 -11.2177 -5
    endloop
  endfacet
  facet normal 0 0 -1
    outer loop
      vertex 67.232 -22.8222 -5
      vertex 54.4485 -18.4828 -5
      vertex 55.5407 -14.8821 -5
    endloop
  endfacet
  facet normal 0 0 -1
    outer loop
      vertex 45.6178 -35.0038 -5
      vertex 56.3281 -43.2221 -5
      vertex 53.3806 -46.8136 -5
    endloop
  endfacet
  facet normal 0 0 -1
    outer loop
      vertex 65.5954 -27.1705 -5
      vertex 53.1231 -22.0043 -5
      vertex 54.4485 -18.4828 -5
    endloop
  endfacet
  facet normal 0 0 -1
    outer loop
      vertex 63.678 -31.4025 -5
      vertex 51.5702 -25.4316 -5
      vertex 53.1231 -22.0043 -5
    endloop
  endfacet
  facet normal 0 0 -1
    outer loop
      vertex 43.2308 -37.9124 -5
      vertex 53.3806 -46.8136 -5
      vertex 50.2046 -50.2046 -5
    endloop
  endfacet
  facet normal 0 0 -1
    outer loop
      vertex 61.4878 -35.5 -5
      vertex 49.7965 -28.75 -5
      vertex 51.5702 -25.4316 -5
    endloop
  endfacet
  facet normal 0 0 -1
    outer loop
      vertex 59.0343 -39.4455 -5
      vertex 47.8095 -31.9453 -5
      vertex 49.7965 -28.75 -5
    endloop
  endfacet
  facet normal 0 0 -1
    outer loop
      vertex 40.6586 -40.6586 -5
      vertex 50.2046 -50.2046 -5
      vertex 46.8136 -53.3806 -5
    endloop
  endfacet
  facet normal 0 0 -1
    outer loop
      vertex 56.3281 -43.2221 -5
      vertex 45.6178 -35.0038 -5
      vertex 47.8095 -31.9453 -5
    endloop
  endfacet
  facet normal 0 0 -1
    outer loop
      vertex 53.3806 -46.8136 -5
      vertex 43.2308 -37.9124 -5
      vertex 45.6178 -35.0038 -5
    endloop
  endfacet
  facet normal 0 0 -1
    outer loop
      vertex 37.9124 -43.2308 -5
      vertex 46.8136 -53.3806 -5
      vertex 43.2221 -56.3281 -5
    endloop
  endfacet
  facet normal 0 0 -1
    outer loop
      vertex 50.2046 -50.2046 -5
      vertex 40.6586 -40.6586 -5
      vertex 43.2308 -37.9124 -5
    endloop
  endfacet
  facet normal 0 0 -1
    outer loop
      vertex 35.0038 -45.6178 -5
      vertex 43.2221 -56.3281 -5
      vertex 39.4455 -59.0343 -5
    endloop
  endfacet
  facet normal 0 0 -1
    outer loop
      vertex 46.8136 -53.3806 -5
      vertex 37.9124 -43.2308 -5
      vertex 40.6586 -40.6586 -5
    endloop
  endfacet
  facet normal 0 0 -1
    outer loop
      vertex 31.9453 -47.8095 -5
      vertex 39.4455 -59.0343 -5
      vertex 35.5 -61.4878 -5
    endloop
  endfacet
  facet normal 0 0 -1
    outer loop
      vertex 43.2221 -56.3281 -5
      vertex 35.0038 -45.6178 -5
      vertex 37.9124 -43.2308 -5
    endloop
  endfacet
  facet normal 0 0 -1
    outer loop
      vertex 39.4455 -59.0343 -5
      vertex 31.9453 -47.8095 -5
      vertex 35.0038 -45.6178 -5
    endloop
  endfacet
  facet normal 0 0 -1
    outer loop
      vertex 28.75 -49.7965 -5
      vertex 35.5 -61.4878 -5
      vertex 31.4025 -63.678 -5
    endloop
  endfacet
  facet normal 0 0 -1
    outer loop
      vertex 35.5 -61.4878 -5
      vertex 28.75 -49.7965 -5
      vertex 31.9453 -47.8095 -5
    endloop
  endfacet
  facet normal 0 0 -1
    outer loop
      vertex 25.4316 -51.5702 -5
      vertex 31.4025 -63.678 -5
      vertex 27.1705 -65.5954 -5
    endloop
  endfacet
  facet normal 0 0 -1
    outer loop
      vertex 31.4025 -63.678 -5
      vertex 25.4316 -51.5702 -5
      vertex 28.75 -49.7965 -5
    endloop
  endfacet
  facet normal 0 0 -1
    outer loop
      vertex 22.0043 -53.1231 -5
      vertex 27.1705 -65.5954 -5
      vertex 22.8222 -67.232 -5
    endloop
  endfacet
  facet normal 0 0 -1
    outer loop
      vertex 27.1705 -65.5954 -5
      vertex 22.0043 -53.1231 -5
      vertex 25.4316 -51.5702 -5
    endloop
  endfacet
  facet normal 0 0 -1
    outer loop
      vertex 22.8222 -67.232 -5
      vertex 18.4828 -54.4485 -5
      vertex 22.0043 -53.1231 -5
    endloop
  endfacet
  facet normal 0 0 -1
    outer loop
      vertex 18.3762 -68.5807 -5
      vertex 18.4828 -54.4485 -5
      vertex 22.8222 -67.232 -5
    endloop
  endfacet
  facet normal 0 0 -1
    outer loop
      vertex 18.3762 -68.5807 -5
      vertex 14.8821 -55.5407 -5
      vertex 18.4828 -54.4485 -5
    endloop
  endfacet
  facet normal 0 0 -1
    outer loop
      vertex 13.8514 -69.6358 -5
      vertex 14.8821 -55.5407 -5
      vertex 18.3762 -68.5807 -5
    endloop
  endfacet
  facet normal 0 0 -1
    outer loop
      vertex 13.8514 -69.6358 -5
      vertex 11.2177 -56.3952 -5
      vertex 14.8821 -55.5407 -5
    endloop
  endfacet
  facet normal 0 0 -1
    outer loop
      vertex 9.26736 -70.3926 -5
      vertex 11.2177 -56.3952 -5
      vertex 13.8514 -69.6358 -5
    endloop
  endfacet
  facet normal 0 0 -1
    outer loop
      vertex 9.26736 -70.3926 -5
      vertex 7.50526 -57.0081 -5
      vertex 11.2177 -56.3952 -5
    endloop
  endfacet
  facet normal 0 0 -1
    outer loop
      vertex 4.64362 -70.848 -5
      vertex 7.50526 -57.0081 -5
      vertex 9.26736 -70.3926 -5
    endloop
  endfacet
  facet normal 0 0 -1
    outer loop
      vertex 4.64362 -70.848 -5
      vertex 3.76068 -57.3769 -5
      vertex 7.50526 -57.0081 -5
    endloop
  endfacet
  facet normal 0 0 -1
    outer loop
      vertex 0 -71 -5
      vertex 3.76068 -57.3769 -5
      vertex 4.64362 -70.848 -5
    endloop
  endfacet
  facet normal 0 0 -1
    outer loop
      vertex 0 -71 -5
      vertex 0 -57.5 -5
      vertex 3.76068 -57.3769 -5
    endloop
  endfacet
  facet normal 0 0 -1
    outer loop
      vertex 0 -71 -5
      vertex -3.76068 -57.3769 -5
      vertex 0 -57.5 -5
    endloop
  endfacet
  facet normal 0 0 -1
    outer loop
      vertex -4.64362 -70.848 -5
      vertex -3.76068 -57.3769 -5
      vertex 0 -71 -5
    endloop
  endfacet
  facet normal 0 0 -1
    outer loop
      vertex -4.64362 -70.848 -5
      vertex -7.50526 -57.0081 -5
      vertex -3.76068 -57.3769 -5
    endloop
  endfacet
  facet normal 0 0 -1
    outer loop
      vertex -9.26736 -70.3926 -5
      vertex -7.50526 -57.0081 -5
      vertex -4.64362 -70.848 -5
    endloop
  endfacet
  facet normal 0 0 -1
    outer loop
      vertex -9.26736 -70.3926 -5
      vertex -11.2177 -56.3952 -5
      vertex -7.50526 -57.0081 -5
    endloop
  endfacet
  facet normal 0 0 -1
    outer loop
      vertex -13.8514 -69.6358 -5
      vertex -11.2177 -56.3952 -5
      vertex -9.26736 -70.3926 -5
    endloop
  endfacet
  facet normal 0 0 -1
    outer loop
      vertex -13.8514 -69.6358 -5
      vertex -14.8821 -55.5407 -5
      vertex -11.2177 -56.3952 -5
    endloop
  endfacet
  facet normal 0 0 -1
    outer loop
      vertex -18.3762 -68.5807 -5
      vertex -14.8821 -55.5407 -5
      vertex -13.8514 -69.6358 -5
    endloop
  endfacet
  facet normal 0 0 -1
    outer loop
      vertex -18.3762 -68.5807 -5
      vertex -18.4828 -54.4485 -5
      vertex -14.8821 -55.5407 -5
    endloop
  endfacet
  facet normal 0 0 -1
    outer loop
      vertex -22.8222 -67.232 -5
      vertex -18.4828 -54.4485 -5
      vertex -18.3762 -68.5807 -5
    endloop
  endfacet
  facet normal -0 0 -1
    outer loop
      vertex -18.4828 -54.4485 -5
      vertex -22.8222 -67.232 -5
      vertex -22.0043 -53.1231 -5
    endloop
  endfacet
  facet normal 0 0 -1
    outer loop
      vertex -27.1705 -65.5954 -5
      vertex -22.0043 -53.1231 -5
      vertex -22.8222 -67.232 -5
    endloop
  endfacet
  facet normal -0 0 -1
    outer loop
      vertex -22.0043 -53.1231 -5
      vertex -27.1705 -65.5954 -5
      vertex -25.4316 -51.5702 -5
    endloop
  endfacet
  facet normal 0 0 -1
    outer loop
      vertex -31.4025 -63.678 -5
      vertex -25.4316 -51.5702 -5
      vertex -27.1705 -65.5954 -5
    endloop
  endfacet
  facet normal -0 0 -1
    outer loop
      vertex -25.4316 -51.5702 -5
      vertex -31.4025 -63.678 -5
      vertex -28.75 -49.7965 -5
    endloop
  endfacet
  facet normal 0 0 -1
    outer loop
      vertex -35.5 -61.4878 -5
      vertex -28.75 -49.7965 -5
      vertex -31.4025 -63.678 -5
    endloop
  endfacet
  facet normal -0 0 -1
    outer loop
      vertex -28.75 -49.7965 -5
      vertex -35.5 -61.4878 -5
      vertex -31.9453 -47.8095 -5
    endloop
  endfacet
  facet normal 0 0 -1
    outer loop
      vertex -39.4455 -59.0343 -5
      vertex -31.9453 -47.8095 -5
      vertex -35.5 -61.4878 -5
    endloop
  endfacet
  facet normal -0 0 -1
    outer loop
      vertex -31.9453 -47.8095 -5
      vertex -39.4455 -59.0343 -5
      vertex -35.0038 -45.6178 -5
    endloop
  endfacet
  facet normal 0 0 -1
    outer loop
      vertex -43.2221 -56.3281 -5
      vertex -35.0038 -45.6178 -5
      vertex -39.4455 -59.0343 -5
    endloop
  endfacet
  facet normal -0 0 -1
    outer loop
      vertex -35.0038 -45.6178 -5
      vertex -43.2221 -56.3281 -5
      vertex -37.9124 -43.2308 -5
    endloop
  endfacet
  facet normal 0 0 -1
    outer loop
      vertex -46.8136 -53.3806 -5
      vertex -37.9124 -43.2308 -5
      vertex -43.2221 -56.3281 -5
    endloop
  endfacet
  facet normal -0 0 -1
    outer loop
      vertex -37.9124 -43.2308 -5
      vertex -46.8136 -53.3806 -5
      vertex -40.6586 -40.6586 -5
    endloop
  endfacet
  facet normal 0 0 -1
    outer loop
      vertex -50.2046 -50.2046 -5
      vertex -40.6586 -40.6586 -5
      vertex -46.8136 -53.3806 -5
    endloop
  endfacet
  facet normal -0 0 -1
    outer loop
      vertex -40.6586 -40.6586 -5
      vertex -50.2046 -50.2046 -5
      vertex -43.2308 -37.9124 -5
    endloop
  endfacet
  facet normal 0 0 -1
    outer loop
      vertex -53.3806 -46.8136 -5
      vertex -43.2308 -37.9124 -5
      vertex -50.2046 -50.2046 -5
    endloop
  endfacet
  facet normal -0 0 -1
    outer loop
      vertex -43.2308 -37.9124 -5
      vertex -53.3806 -46.8136 -5
      vertex -45.6178 -35.0038 -5
    endloop
  endfacet
  facet normal 0 0 -1
    outer loop
      vertex -56.3281 -43.2221 -5
      vertex -45.6178 -35.0038 -5
      vertex -53.3806 -46.8136 -5
    endloop
  endfacet
  facet normal -0 0 -1
    outer loop
      vertex -45.6178 -35.0038 -5
      vertex -56.3281 -43.2221 -5
      vertex -47.8095 -31.9453 -5
    endloop
  endfacet
  facet normal 0 0 -1
    outer loop
      vertex -59.0343 -39.4455 -5
      vertex -47.8095 -31.9453 -5
      vertex -56.3281 -43.2221 -5
    endloop
  endfacet
  facet normal -0 0 -1
    outer loop
      vertex -47.8095 -31.9453 -5
      vertex -59.0343 -39.4455 -5
      vertex -49.7965 -28.75 -5
    endloop
  endfacet
  facet normal 0 0 -1
    outer loop
      vertex -61.4878 -35.5 -5
      vertex -49.7965 -28.75 -5
      vertex -59.0343 -39.4455 -5
    endloop
  endfacet
  facet normal -0 0 -1
    outer loop
      vertex -49.7965 -28.75 -5
      vertex -61.4878 -35.5 -5
      vertex -51.5702 -25.4316 -5
    endloop
  endfacet
  facet normal 0 0 -1
    outer loop
      vertex -63.678 -31.4025 -5
      vertex -51.5702 -25.4316 -5
      vertex -61.4878 -35.5 -5
    endloop
  endfacet
  facet normal -0 0 -1
    outer loop
      vertex -51.5702 -25.4316 -5
      vertex -63.678 -31.4025 -5
      vertex -53.1231 -22.0043 -5
    endloop
  endfacet
  facet normal 0 0 -1
    outer loop
      vertex -65.5954 -27.1705 -5
      vertex -53.1231 -22.0043 -5
      vertex -63.678 -31.4025 -5
    endloop
  endfacet
  facet normal -0 0 -1
    outer loop
      vertex -53.1231 -22.0043 -5
      vertex -65.5954 -27.1705 -5
      vertex -54.4485 -18.4828 -5
    endloop
  endfacet
  facet normal 0 0 -1
    outer loop
      vertex -67.232 -22.8222 -5
      vertex -54.4485 -18.4828 -5
      vertex -65.5954 -27.1705 -5
    endloop
  endfacet
  facet normal -0 0 -1
    outer loop
      vertex -54.4485 -18.4828 -5
      vertex -67.232 -22.8222 -5
      vertex -55.5407 -14.8821 -5
    endloop
  endfacet
  facet normal 0 0 -1
    outer loop
      vertex 54.4485 18.4828 -5
      vertex 67.232 22.8222 -5
      vertex 55.5407 14.8821 -5
    endloop
  endfacet
  facet normal -0 0 -1
    outer loop
      vertex 67.232 22.8222 -5
      vertex 54.4485 18.4828 -5
      vertex 65.5954 27.1705 -5
    endloop
  endfacet
  facet normal 0 0 -1
    outer loop
      vertex 53.1231 22.0043 -5
      vertex 65.5954 27.1705 -5
      vertex 54.4485 18.4828 -5
    endloop
  endfacet
  facet normal -0 0 -1
    outer loop
      vertex 65.5954 27.1705 -5
      vertex 53.1231 22.0043 -5
      vertex 63.678 31.4025 -5
    endloop
  endfacet
  facet normal 0 0 -1
    outer loop
      vertex 51.5702 25.4316 -5
      vertex 63.678 31.4025 -5
      vertex 53.1231 22.0043 -5
    endloop
  endfacet
  facet normal -0 0 -1
    outer loop
      vertex 63.678 31.4025 -5
      vertex 51.5702 25.4316 -5
      vertex 61.4878 35.5 -5
    endloop
  endfacet
  facet normal 0 0 -1
    outer loop
      vertex 49.7965 28.75 -5
      vertex 61.4878 35.5 -5
      vertex 51.5702 25.4316 -5
    endloop
  endfacet
  facet normal -0 0 -1
    outer loop
      vertex 61.4878 35.5 -5
      vertex 49.7965 28.75 -5
      vertex 59.0343 39.4455 -5
    endloop
  endfacet
  facet normal 0 0 -1
    outer loop
      vertex 47.8095 31.9453 -5
      vertex 59.0343 39.4455 -5
      vertex 49.7965 28.75 -5
    endloop
  endfacet
  facet normal -0 0 -1
    outer loop
      vertex 59.0343 39.4455 -5
      vertex 47.8095 31.9453 -5
      vertex 56.3281 43.2221 -5
    endloop
  endfacet
  facet normal 0 0 -1
    outer loop
      vertex 45.6178 35.0038 -5
      vertex 56.3281 43.2221 -5
      vertex 47.8095 31.9453 -5
    endloop
  endfacet
  facet normal -0 0 -1
    outer loop
      vertex 56.3281 43.2221 -5
      vertex 45.6178 35.0038 -5
      vertex 53.3806 46.8136 -5
    endloop
  endfacet
  facet normal 0 0 -1
    outer loop
      vertex 43.2308 37.9124 -5
      vertex 53.3806 46.8136 -5
      vertex 45.6178 35.0038 -5
    endloop
  endfacet
  facet normal -0 0 -1
    outer loop
      vertex 53.3806 46.8136 -5
      vertex 43.2308 37.9124 -5
      vertex 50.2046 50.2046 -5
    endloop
  endfacet
  facet normal 0 0 -1
    outer loop
      vertex 40.6586 40.6586 -5
      vertex 50.2046 50.2046 -5
      vertex 43.2308 37.9124 -5
    endloop
  endfacet
  facet normal -0 0 -1
    outer loop
      vertex 50.2046 50.2046 -5
      vertex 40.6586 40.6586 -5
      vertex 46.8136 53.3806 -5
    endloop
  endfacet
  facet normal 0 0 -1
    outer loop
      vertex 37.9124 43.2308 -5
      vertex 46.8136 53.3806 -5
      vertex 40.6586 40.6586 -5
    endloop
  endfacet
  facet normal -0 0 -1
    outer loop
      vertex 46.8136 53.3806 -5
      vertex 37.9124 43.2308 -5
      vertex 43.2221 56.3281 -5
    endloop
  endfacet
  facet normal 0 0 -1
    outer loop
      vertex 35.0038 45.6178 -5
      vertex 43.2221 56.3281 -5
      vertex 37.9124 43.2308 -5
    endloop
  endfacet
  facet normal -0 0 -1
    outer loop
      vertex 43.2221 56.3281 -5
      vertex 35.0038 45.6178 -5
      vertex 39.4455 59.0343 -5
    endloop
  endfacet
  facet normal 0 0 -1
    outer loop
      vertex 31.9453 47.8095 -5
      vertex 39.4455 59.0343 -5
      vertex 35.0038 45.6178 -5
    endloop
  endfacet
  facet normal -0 0 -1
    outer loop
      vertex 39.4455 59.0343 -5
      vertex 31.9453 47.8095 -5
      vertex 35.5 61.4878 -5
    endloop
  endfacet
  facet normal 0 0 -1
    outer loop
      vertex 28.75 49.7965 -5
      vertex 35.5 61.4878 -5
      vertex 31.9453 47.8095 -5
    endloop
  endfacet
  facet normal -0 0 -1
    outer loop
      vertex 35.5 61.4878 -5
      vertex 28.75 49.7965 -5
      vertex 31.4025 63.678 -5
    endloop
  endfacet
  facet normal 0 0 -1
    outer loop
      vertex 25.4316 51.5702 -5
      vertex 31.4025 63.678 -5
      vertex 28.75 49.7965 -5
    endloop
  endfacet
  facet normal -0 0 -1
    outer loop
      vertex 31.4025 63.678 -5
      vertex 25.4316 51.5702 -5
      vertex 27.1705 65.5954 -5
    endloop
  endfacet
  facet normal 0 0 -1
    outer loop
      vertex 22.0043 53.1231 -5
      vertex 27.1705 65.5954 -5
      vertex 25.4316 51.5702 -5
    endloop
  endfacet
  facet normal -0 0 -1
    outer loop
      vertex 27.1705 65.5954 -5
      vertex 22.0043 53.1231 -5
      vertex 22.8222 67.232 -5
    endloop
  endfacet
  facet normal 0 0 -1
    outer loop
      vertex 18.4828 54.4485 -5
      vertex 22.8222 67.232 -5
      vertex 22.0043 53.1231 -5
    endloop
  endfacet
  facet normal 0 0 -1
    outer loop
      vertex 18.4828 54.4485 -5
      vertex 18.3762 68.5807 -5
      vertex 22.8222 67.232 -5
    endloop
  endfacet
  facet normal 0 0 -1
    outer loop
      vertex 14.8821 55.5407 -5
      vertex 18.3762 68.5807 -5
      vertex 18.4828 54.4485 -5
    endloop
  endfacet
  facet normal 0 0 -1
    outer loop
      vertex 14.8821 55.5407 -5
      vertex 13.8514 69.6358 -5
      vertex 18.3762 68.5807 -5
    endloop
  endfacet
  facet normal 0 0 -1
    outer loop
      vertex 11.2177 56.3952 -5
      vertex 13.8514 69.6358 -5
      vertex 14.8821 55.5407 -5
    endloop
  endfacet
  facet normal 0 0 -1
    outer loop
      vertex 11.2177 56.3952 -5
      vertex 9.26736 70.3926 -5
      vertex 13.8514 69.6358 -5
    endloop
  endfacet
  facet normal 0 0 -1
    outer loop
      vertex 7.50526 57.0081 -5
      vertex 9.26736 70.3926 -5
      vertex 11.2177 56.3952 -5
    endloop
  endfacet
  facet normal 0 0 -1
    outer loop
      vertex 7.50526 57.0081 -5
      vertex 4.64362 70.848 -5
      vertex 9.26736 70.3926 -5
    endloop
  endfacet
  facet normal 0 0 -1
    outer loop
      vertex 3.76068 57.3769 -5
      vertex 4.64362 70.848 -5
      vertex 7.50526 57.0081 -5
    endloop
  endfacet
  facet normal 0 0 -1
    outer loop
      vertex 0 57.5 -5
      vertex 4.64362 70.848 -5
      vertex 3.76068 57.3769 -5
    endloop
  endfacet
  facet normal 0 0 -1
    outer loop
      vertex 0 57.5 -5
      vertex 0 71 -5
      vertex 4.64362 70.848 -5
    endloop
  endfacet
  facet normal 0 0 -1
    outer loop
      vertex -3.76068 57.3769 -5
      vertex 0 71 -5
      vertex 0 57.5 -5
    endloop
  endfacet
  facet normal 0 0 -1
    outer loop
      vertex -3.76068 57.3769 -5
      vertex -4.64362 70.848 -5
      vertex 0 71 -5
    endloop
  endfacet
  facet normal 0 0 -1
    outer loop
      vertex -7.50526 57.0081 -5
      vertex -4.64362 70.848 -5
      vertex -3.76068 57.3769 -5
    endloop
  endfacet
  facet normal 0 0 -1
    outer loop
      vertex -7.50526 57.0081 -5
      vertex -9.26736 70.3926 -5
      vertex -4.64362 70.848 -5
    endloop
  endfacet
  facet normal 0 0 -1
    outer loop
      vertex -11.2177 56.3952 -5
      vertex -9.26736 70.3926 -5
      vertex -7.50526 57.0081 -5
    endloop
  endfacet
  facet normal 0 0 -1
    outer loop
      vertex -11.2177 56.3952 -5
      vertex -13.8514 69.6358 -5
      vertex -9.26736 70.3926 -5
    endloop
  endfacet
  facet normal 0 0 -1
    outer loop
      vertex -14.8821 55.5407 -5
      vertex -13.8514 69.6358 -5
      vertex -11.2177 56.3952 -5
    endloop
  endfacet
  facet normal 0 0 -1
    outer loop
      vertex -14.8821 55.5407 -5
      vertex -18.3762 68.5807 -5
      vertex -13.8514 69.6358 -5
    endloop
  endfacet
  facet normal 0 0 -1
    outer loop
      vertex -18.4828 54.4485 -5
      vertex -18.3762 68.5807 -5
      vertex -14.8821 55.5407 -5
    endloop
  endfacet
  facet normal 0 0 -1
    outer loop
      vertex -22.8222 67.232 -5
      vertex -18.4828 54.4485 -5
      vertex -22.0043 53.1231 -5
    endloop
  endfacet
  facet normal 0 0 -1
    outer loop
      vertex -18.4828 54.4485 -5
      vertex -22.8222 67.232 -5
      vertex -18.3762 68.5807 -5
    endloop
  endfacet
  facet normal 0 0 -1
    outer loop
      vertex -27.1705 65.5954 -5
      vertex -22.0043 53.1231 -5
      vertex -25.4316 51.5702 -5
    endloop
  endfacet
  facet normal 0 0 -1
    outer loop
      vertex -22.0043 53.1231 -5
      vertex -27.1705 65.5954 -5
      vertex -22.8222 67.232 -5
    endloop
  endfacet
  facet normal 0 0 -1
    outer loop
      vertex -31.4025 63.678 -5
      vertex -25.4316 51.5702 -5
      vertex -28.75 49.7965 -5
    endloop
  endfacet
  facet normal 0 0 -1
    outer loop
      vertex -25.4316 51.5702 -5
      vertex -31.4025 63.678 -5
      vertex -27.1705 65.5954 -5
    endloop
  endfacet
  facet normal 0 0 -1
    outer loop
      vertex -35.5 61.4878 -5
      vertex -28.75 49.7965 -5
      vertex -31.9453 47.8095 -5
    endloop
  endfacet
  facet normal 0 0 -1
    outer loop
      vertex -39.4455 59.0343 -5
      vertex -31.9453 47.8095 -5
      vertex -35.0038 45.6178 -5
    endloop
  endfacet
  facet normal 0 0 -1
    outer loop
      vertex -28.75 49.7965 -5
      vertex -35.5 61.4878 -5
      vertex -31.4025 63.678 -5
    endloop
  endfacet
  facet normal 0 0 -1
    outer loop
      vertex -43.2221 56.3281 -5
      vertex -35.0038 45.6178 -5
      vertex -37.9124 43.2308 -5
    endloop
  endfacet
  facet normal 0 0 -1
    outer loop
      vertex -31.9453 47.8095 -5
      vertex -39.4455 59.0343 -5
      vertex -35.5 61.4878 -5
    endloop
  endfacet
  facet normal 0 0 -1
    outer loop
      vertex -46.8136 53.3806 -5
      vertex -37.9124 43.2308 -5
      vertex -40.6586 40.6586 -5
    endloop
  endfacet
  facet normal 0 0 -1
    outer loop
      vertex -35.0038 45.6178 -5
      vertex -43.2221 56.3281 -5
      vertex -39.4455 59.0343 -5
    endloop
  endfacet
  facet normal 0 0 -1
    outer loop
      vertex -50.2046 50.2046 -5
      vertex -40.6586 40.6586 -5
      vertex -43.2308 37.9124 -5
    endloop
  endfacet
  facet normal 0 0 -1
    outer loop
      vertex -53.3806 46.8136 -5
      vertex -43.2308 37.9124 -5
      vertex -45.6178 35.0038 -5
    endloop
  endfacet
  facet normal 0 0 -1
    outer loop
      vertex -37.9124 43.2308 -5
      vertex -46.8136 53.3806 -5
      vertex -43.2221 56.3281 -5
    endloop
  endfacet
  facet normal 0 0 -1
    outer loop
      vertex -56.3281 43.2221 -5
      vertex -45.6178 35.0038 -5
      vertex -47.8095 31.9453 -5
    endloop
  endfacet
  facet normal 0 0 -1
    outer loop
      vertex -59.0343 39.4455 -5
      vertex -47.8095 31.9453 -5
      vertex -49.7965 28.75 -5
    endloop
  endfacet
  facet normal 0 0 -1
    outer loop
      vertex -40.6586 40.6586 -5
      vertex -50.2046 50.2046 -5
      vertex -46.8136 53.3806 -5
    endloop
  endfacet
  facet normal 0 0 -1
    outer loop
      vertex -61.4878 35.5 -5
      vertex -49.7965 28.75 -5
      vertex -51.5702 25.4316 -5
    endloop
  endfacet
  facet normal 0 0 -1
    outer loop
      vertex -63.678 31.4025 -5
      vertex -51.5702 25.4316 -5
      vertex -53.1231 22.0043 -5
    endloop
  endfacet
  facet normal 0 0 -1
    outer loop
      vertex -43.2308 37.9124 -5
      vertex -53.3806 46.8136 -5
      vertex -50.2046 50.2046 -5
    endloop
  endfacet
  facet normal 0 0 -1
    outer loop
      vertex -65.5954 27.1705 -5
      vertex -53.1231 22.0043 -5
      vertex -54.4485 18.4828 -5
    endloop
  endfacet
  facet normal 0 0 -1
    outer loop
      vertex -67.232 22.8222 -5
      vertex -54.4485 18.4828 -5
      vertex -55.5407 14.8821 -5
    endloop
  endfacet
  facet normal 0 0 -1
    outer loop
      vertex -45.6178 35.0038 -5
      vertex -56.3281 43.2221 -5
      vertex -53.3806 46.8136 -5
    endloop
  endfacet
  facet normal 0 0 -1
    outer loop
      vertex -68.5807 18.3762 -5
      vertex -55.5407 14.8821 -5
      vertex -56.3952 11.2177 -5
    endloop
  endfacet
  facet normal 0 0 -1
    outer loop
      vertex -69.6358 13.8514 -5
      vertex -56.3952 11.2177 -5
      vertex -57.0081 7.50526 -5
    endloop
  endfacet
  facet normal 0 0 -1
    outer loop
      vertex -70.3926 9.26736 -5
      vertex -57.0081 7.50526 -5
      vertex -57.3769 3.76068 -5
    endloop
  endfacet
  facet normal 0 0 -1
    outer loop
      vertex -70.848 4.64362 -5
      vertex -57.3769 3.76068 -5
      vertex -57.5 0 -5
    endloop
  endfacet
  facet normal 0 0 -1
    outer loop
      vertex -68.5807 -18.3762 -5
      vertex -55.5407 -14.8821 -5
      vertex -67.232 -22.8222 -5
    endloop
  endfacet
  facet normal 0 0 -1
    outer loop
      vertex -47.8095 31.9453 -5
      vertex -59.0343 39.4455 -5
      vertex -56.3281 43.2221 -5
    endloop
  endfacet
  facet normal -0 0 -1
    outer loop
      vertex -55.5407 -14.8821 -5
      vertex -68.5807 -18.3762 -5
      vertex -56.3952 -11.2177 -5
    endloop
  endfacet
  facet normal 0 0 -1
    outer loop
      vertex -49.7965 28.75 -5
      vertex -61.4878 35.5 -5
      vertex -59.0343 39.4455 -5
    endloop
  endfacet
  facet normal 0 0 -1
    outer loop
      vertex -69.6358 -13.8514 -5
      vertex -56.3952 -11.2177 -5
      vertex -68.5807 -18.3762 -5
    endloop
  endfacet
  facet normal 0 0 -1
    outer loop
      vertex -51.5702 25.4316 -5
      vertex -63.678 31.4025 -5
      vertex -61.4878 35.5 -5
    endloop
  endfacet
  facet normal -0 0 -1
    outer loop
      vertex -56.3952 -11.2177 -5
      vertex -69.6358 -13.8514 -5
      vertex -57.0081 -7.50526 -5
    endloop
  endfacet
  facet normal 0 0 -1
    outer loop
      vertex -53.1231 22.0043 -5
      vertex -65.5954 27.1705 -5
      vertex -63.678 31.4025 -5
    endloop
  endfacet
  facet normal 0 0 -1
    outer loop
      vertex -70.3926 -9.26736 -5
      vertex -57.0081 -7.50526 -5
      vertex -69.6358 -13.8514 -5
    endloop
  endfacet
  facet normal 0 0 -1
    outer loop
      vertex -54.4485 18.4828 -5
      vertex -67.232 22.8222 -5
      vertex -65.5954 27.1705 -5
    endloop
  endfacet
  facet normal -0 0 -1
    outer loop
      vertex -57.0081 -7.50526 -5
      vertex -70.3926 -9.26736 -5
      vertex -57.3769 -3.76068 -5
    endloop
  endfacet
  facet normal 0 0 -1
    outer loop
      vertex -55.5407 14.8821 -5
      vertex -68.5807 18.3762 -5
      vertex -67.232 22.8222 -5
    endloop
  endfacet
  facet normal 0 0 -1
    outer loop
      vertex -70.848 -4.64362 -5
      vertex -57.3769 -3.76068 -5
      vertex -70.3926 -9.26736 -5
    endloop
  endfacet
  facet normal 0 0 -1
    outer loop
      vertex -56.3952 11.2177 -5
      vertex -69.6358 13.8514 -5
      vertex -68.5807 18.3762 -5
    endloop
  endfacet
  facet normal -0 0 -1
    outer loop
      vertex -57.3769 -3.76068 -5
      vertex -70.848 -4.64362 -5
      vertex -57.5 0 -5
    endloop
  endfacet
  facet normal 0 0 -1
    outer loop
      vertex -57.0081 7.50526 -5
      vertex -70.3926 9.26736 -5
      vertex -69.6358 13.8514 -5
    endloop
  endfacet
  facet normal 0 0 -1
    outer loop
      vertex -71 0 -5
      vertex -57.5 0 -5
      vertex -70.848 -4.64362 -5
    endloop
  endfacet
  facet normal 0 0 -1
    outer loop
      vertex -57.3769 3.76068 -5
      vertex -70.848 4.64362 -5
      vertex -70.3926 9.26736 -5
    endloop
  endfacet
  facet normal 0 0 -1
    outer loop
      vertex -57.5 0 -5
      vertex -71 0 -5
      vertex -70.848 4.64362 -5
    endloop
  endfacet
  facet normal 0.910871 0.41269 0
    outer loop
      vertex 65.5954 27.1705 5
      vertex 63.678 31.4025 -5
      vertex 63.678 31.4025 5
    endloop
  endfacet
  facet normal 0.910871 0.41269 0
    outer loop
      vertex 63.678 31.4025 -5
      vertex 65.5954 27.1705 5
      vertex 65.5954 27.1705 -5
    endloop
  endfacet
  facet normal 0.881918 0.471404 0
    outer loop
      vertex 63.678 31.4025 5
      vertex 61.4878 35.5 -5
      vertex 61.4878 35.5 5
    endloop
  endfacet
  facet normal 0.881918 0.471404 0
    outer loop
      vertex 61.4878 35.5 -5
      vertex 63.678 31.4025 5
      vertex 63.678 31.4025 -5
    endloop
  endfacet
  facet normal 0.16289 0.986644 -0
    outer loop
      vertex 13.8514 69.6358 -5
      vertex 9.26736 70.3926 5
      vertex 13.8514 69.6358 5
    endloop
  endfacet
  facet normal 0.16289 0.986644 0
    outer loop
      vertex 9.26736 70.3926 5
      vertex 13.8514 69.6358 -5
      vertex 9.26736 70.3926 -5
    endloop
  endfacet
  facet normal 0.41269 0.910871 -0
    outer loop
      vertex 31.4025 63.678 -5
      vertex 27.1705 65.5954 5
      vertex 31.4025 63.678 5
    endloop
  endfacet
  facet normal 0.41269 0.910871 0
    outer loop
      vertex 27.1705 65.5954 5
      vertex 31.4025 63.678 -5
      vertex 27.1705 65.5954 -5
    endloop
  endfacet
  facet normal 0.68359 0.729866 -0
    outer loop
      vertex 50.2046 50.2046 -5
      vertex 46.8136 53.3806 5
      vertex 50.2046 50.2046 5
    endloop
  endfacet
  facet normal 0.68359 0.729866 0
    outer loop
      vertex 46.8136 53.3806 5
      vertex 50.2046 50.2046 -5
      vertex 46.8136 53.3806 -5
    endloop
  endfacet
  facet normal 0.634397 0.773007 -0
    outer loop
      vertex 46.8136 53.3806 -5
      vertex 43.2221 56.3281 5
      vertex 46.8136 53.3806 5
    endloop
  endfacet
  facet normal 0.634397 0.773007 0
    outer loop
      vertex 43.2221 56.3281 5
      vertex 46.8136 53.3806 -5
      vertex 43.2221 56.3281 -5
    endloop
  endfacet
  facet normal -0.910871 0.41269 0
    outer loop
      vertex -65.5954 27.1705 -5
      vertex -63.678 31.4025 5
      vertex -63.678 31.4025 -5
    endloop
  endfacet
  facet normal -0.910871 0.41269 0
    outer loop
      vertex -63.678 31.4025 5
      vertex -65.5954 27.1705 -5
      vertex -65.5954 27.1705 5
    endloop
  endfacet
  facet normal -0.935905 0.352253 0
    outer loop
      vertex -67.232 22.8222 -5
      vertex -65.5954 27.1705 5
      vertex -65.5954 27.1705 -5
    endloop
  endfacet
  facet normal -0.935905 0.352253 0
    outer loop
      vertex -65.5954 27.1705 5
      vertex -67.232 22.8222 -5
      vertex -67.232 22.8222 5
    endloop
  endfacet
  facet normal -0.986644 0.16289 0
    outer loop
      vertex -70.3926 9.26736 -5
      vertex -69.6358 13.8514 5
      vertex -69.6358 13.8514 -5
    endloop
  endfacet
  facet normal -0.986644 0.16289 0
    outer loop
      vertex -69.6358 13.8514 5
      vertex -70.3926 9.26736 -5
      vertex -70.3926 9.26736 5
    endloop
  endfacet
  facet normal 0 0 1
    outer loop
      vertex 57.5 0 5
      vertex 71 0 5
      vertex 70.848 4.64362 5
    endloop
  endfacet
  facet normal 0 0 1
    outer loop
      vertex 57.3769 3.76068 5
      vertex 70.848 4.64362 5
      vertex 70.3926 9.26736 5
    endloop
  endfacet
  facet normal 0 0 1
    outer loop
      vertex 71 0 5
      vertex 57.5 0 5
      vertex 70.848 -4.64362 5
    endloop
  endfacet
  facet normal 0 0 1
    outer loop
      vertex 57.0081 7.50526 5
      vertex 70.3926 9.26736 5
      vertex 69.6358 13.8514 5
    endloop
  endfacet
  facet normal -0 0 1
    outer loop
      vertex 57.3769 -3.76068 5
      vertex 70.848 -4.64362 5
      vertex 57.5 0 5
    endloop
  endfacet
  facet normal 0 0 1
    outer loop
      vertex 56.3952 11.2177 5
      vertex 69.6358 13.8514 5
      vertex 68.5807 18.3762 5
    endloop
  endfacet
  facet normal 0 0 1
    outer loop
      vertex 70.848 -4.64362 5
      vertex 57.3769 -3.76068 5
      vertex 70.3926 -9.26736 5
    endloop
  endfacet
  facet normal 0 0 1
    outer loop
      vertex 55.5407 14.8821 5
      vertex 68.5807 18.3762 5
      vertex 67.232 22.8222 5
    endloop
  endfacet
  facet normal -0 0 1
    outer loop
      vertex 57.0081 -7.50526 5
      vertex 70.3926 -9.26736 5
      vertex 57.3769 -3.76068 5
    endloop
  endfacet
  facet normal 0 0 1
    outer loop
      vertex 54.4485 18.4828 5
      vertex 67.232 22.8222 5
      vertex 65.5954 27.1705 5
    endloop
  endfacet
  facet normal 0 0 1
    outer loop
      vertex 70.3926 -9.26736 5
      vertex 57.0081 -7.50526 5
      vertex 69.6358 -13.8514 5
    endloop
  endfacet
  facet normal 0 0 1
    outer loop
      vertex 53.1231 22.0043 5
      vertex 65.5954 27.1705 5
      vertex 63.678 31.4025 5
    endloop
  endfacet
  facet normal -0 0 1
    outer loop
      vertex 56.3952 -11.2177 5
      vertex 69.6358 -13.8514 5
      vertex 57.0081 -7.50526 5
    endloop
  endfacet
  facet normal 0 0 1
    outer loop
      vertex 51.5702 25.4316 5
      vertex 63.678 31.4025 5
      vertex 61.4878 35.5 5
    endloop
  endfacet
  facet normal 0 0 1
    outer loop
      vertex 69.6358 -13.8514 5
      vertex 56.3952 -11.2177 5
      vertex 68.5807 -18.3762 5
    endloop
  endfacet
  facet normal 0 0 1
    outer loop
      vertex 49.7965 28.75 5
      vertex 61.4878 35.5 5
      vertex 59.0343 39.4455 5
    endloop
  endfacet
  facet normal -0 0 1
    outer loop
      vertex 55.5407 -14.8821 5
      vertex 68.5807 -18.3762 5
      vertex 56.3952 -11.2177 5
    endloop
  endfacet
  facet normal 0 0 1
    outer loop
      vertex 68.5807 -18.3762 5
      vertex 55.5407 -14.8821 5
      vertex 67.232 -22.8222 5
    endloop
  endfacet
  facet normal 0 0 1
    outer loop
      vertex 70.848 4.64362 5
      vertex 57.3769 3.76068 5
      vertex 57.5 0 5
    endloop
  endfacet
  facet normal 0 0 1
    outer loop
      vertex 70.3926 9.26736 5
      vertex 57.0081 7.50526 5
      vertex 57.3769 3.76068 5
    endloop
  endfacet
  facet normal 0 0 1
    outer loop
      vertex 69.6358 13.8514 5
      vertex 56.3952 11.2177 5
      vertex 57.0081 7.50526 5
    endloop
  endfacet
  facet normal 0 0 1
    outer loop
      vertex 47.8095 31.9453 5
      vertex 59.0343 39.4455 5
      vertex 56.3281 43.2221 5
    endloop
  endfacet
  facet normal 0 0 1
    outer loop
      vertex 68.5807 18.3762 5
      vertex 55.5407 14.8821 5
      vertex 56.3952 11.2177 5
    endloop
  endfacet
  facet normal 0 0 1
    outer loop
      vertex 67.232 22.8222 5
      vertex 54.4485 18.4828 5
      vertex 55.5407 14.8821 5
    endloop
  endfacet
  facet normal 0 0 1
    outer loop
      vertex 45.6178 35.0038 5
      vertex 56.3281 43.2221 5
      vertex 53.3806 46.8136 5
    endloop
  endfacet
  facet normal 0 0 1
    outer loop
      vertex 65.5954 27.1705 5
      vertex 53.1231 22.0043 5
      vertex 54.4485 18.4828 5
    endloop
  endfacet
  facet normal 0 0 1
    outer loop
      vertex 63.678 31.4025 5
      vertex 51.5702 25.4316 5
      vertex 53.1231 22.0043 5
    endloop
  endfacet
  facet normal 0 0 1
    outer loop
      vertex 43.2308 37.9124 5
      vertex 53.3806 46.8136 5
      vertex 50.2046 50.2046 5
    endloop
  endfacet
  facet normal 0 0 1
    outer loop
      vertex 61.4878 35.5 5
      vertex 49.7965 28.75 5
      vertex 51.5702 25.4316 5
    endloop
  endfacet
  facet normal 0 0 1
    outer loop
      vertex 59.0343 39.4455 5
      vertex 47.8095 31.9453 5
      vertex 49.7965 28.75 5
    endloop
  endfacet
  facet normal 0 0 1
    outer loop
      vertex 40.6586 40.6586 5
      vertex 50.2046 50.2046 5
      vertex 46.8136 53.3806 5
    endloop
  endfacet
  facet normal 0 0 1
    outer loop
      vertex 56.3281 43.2221 5
      vertex 45.6178 35.0038 5
      vertex 47.8095 31.9453 5
    endloop
  endfacet
  facet normal 0 0 1
    outer loop
      vertex 53.3806 46.8136 5
      vertex 43.2308 37.9124 5
      vertex 45.6178 35.0038 5
    endloop
  endfacet
  facet normal 0 0 1
    outer loop
      vertex 37.9124 43.2308 5
      vertex 46.8136 53.3806 5
      vertex 43.2221 56.3281 5
    endloop
  endfacet
  facet normal 0 0 1
    outer loop
      vertex 50.2046 50.2046 5
      vertex 40.6586 40.6586 5
      vertex 43.2308 37.9124 5
    endloop
  endfacet
  facet normal 0 0 1
    outer loop
      vertex 35.0038 45.6178 5
      vertex 43.2221 56.3281 5
      vertex 39.4455 59.0343 5
    endloop
  endfacet
  facet normal 0 0 1
    outer loop
      vertex 46.8136 53.3806 5
      vertex 37.9124 43.2308 5
      vertex 40.6586 40.6586 5
    endloop
  endfacet
  facet normal 0 0 1
    outer loop
      vertex 31.9453 47.8095 5
      vertex 39.4455 59.0343 5
      vertex 35.5 61.4878 5
    endloop
  endfacet
  facet normal 0 0 1
    outer loop
      vertex 43.2221 56.3281 5
      vertex 35.0038 45.6178 5
      vertex 37.9124 43.2308 5
    endloop
  endfacet
  facet normal 0 0 1
    outer loop
      vertex 39.4455 59.0343 5
      vertex 31.9453 47.8095 5
      vertex 35.0038 45.6178 5
    endloop
  endfacet
  facet normal 0 0 1
    outer loop
      vertex 28.75 49.7965 5
      vertex 35.5 61.4878 5
      vertex 31.4025 63.678 5
    endloop
  endfacet
  facet normal 0 0 1
    outer loop
      vertex 35.5 61.4878 5
      vertex 28.75 49.7965 5
      vertex 31.9453 47.8095 5
    endloop
  endfacet
  facet normal 0 0 1
    outer loop
      vertex 25.4316 51.5702 5
      vertex 31.4025 63.678 5
      vertex 27.1705 65.5954 5
    endloop
  endfacet
  facet normal 0 0 1
    outer loop
      vertex 31.4025 63.678 5
      vertex 25.4316 51.5702 5
      vertex 28.75 49.7965 5
    endloop
  endfacet
  facet normal 0 0 1
    outer loop
      vertex 22.0043 53.1231 5
      vertex 27.1705 65.5954 5
      vertex 22.8222 67.232 5
    endloop
  endfacet
  facet normal 0 0 1
    outer loop
      vertex 27.1705 65.5954 5
      vertex 22.0043 53.1231 5
      vertex 25.4316 51.5702 5
    endloop
  endfacet
  facet normal 0 0 1
    outer loop
      vertex 22.8222 67.232 5
      vertex 18.4828 54.4485 5
      vertex 22.0043 53.1231 5
    endloop
  endfacet
  facet normal 0 0 1
    outer loop
      vertex 18.3762 68.5807 5
      vertex 18.4828 54.4485 5
      vertex 22.8222 67.232 5
    endloop
  endfacet
  facet normal 0 0 1
    outer loop
      vertex 18.3762 68.5807 5
      vertex 14.8821 55.5407 5
      vertex 18.4828 54.4485 5
    endloop
  endfacet
  facet normal 0 0 1
    outer loop
      vertex 13.8514 69.6358 5
      vertex 14.8821 55.5407 5
      vertex 18.3762 68.5807 5
    endloop
  endfacet
  facet normal 0 0 1
    outer loop
      vertex 13.8514 69.6358 5
      vertex 11.2177 56.3952 5
      vertex 14.8821 55.5407 5
    endloop
  endfacet
  facet normal 0 0 1
    outer loop
      vertex 9.26736 70.3926 5
      vertex 11.2177 56.3952 5
      vertex 13.8514 69.6358 5
    endloop
  endfacet
  facet normal 0 0 1
    outer loop
      vertex 9.26736 70.3926 5
      vertex 7.50526 57.0081 5
      vertex 11.2177 56.3952 5
    endloop
  endfacet
  facet normal 0 0 1
    outer loop
      vertex 4.64362 70.848 5
      vertex 7.50526 57.0081 5
      vertex 9.26736 70.3926 5
    endloop
  endfacet
  facet normal 0 0 1
    outer loop
      vertex 4.64362 70.848 5
      vertex 3.76068 57.3769 5
      vertex 7.50526 57.0081 5
    endloop
  endfacet
  facet normal 0 0 1
    outer loop
      vertex 0 71 5
      vertex 3.76068 57.3769 5
      vertex 4.64362 70.848 5
    endloop
  endfacet
  facet normal 0 0 1
    outer loop
      vertex 0 71 5
      vertex 0 57.5 5
      vertex 3.76068 57.3769 5
    endloop
  endfacet
  facet normal 0 0 1
    outer loop
      vertex 0 71 5
      vertex -3.76068 57.3769 5
      vertex 0 57.5 5
    endloop
  endfacet
  facet normal -0 0 1
    outer loop
      vertex -4.64362 70.848 5
      vertex -3.76068 57.3769 5
      vertex 0 71 5
    endloop
  endfacet
  facet normal 0 0 1
    outer loop
      vertex -4.64362 70.848 5
      vertex -7.50526 57.0081 5
      vertex -3.76068 57.3769 5
    endloop
  endfacet
  facet normal -0 0 1
    outer loop
      vertex -9.26736 70.3926 5
      vertex -7.50526 57.0081 5
      vertex -4.64362 70.848 5
    endloop
  endfacet
  facet normal 0 0 1
    outer loop
      vertex -9.26736 70.3926 5
      vertex -11.2177 56.3952 5
      vertex -7.50526 57.0081 5
    endloop
  endfacet
  facet normal -0 0 1
    outer loop
      vertex -13.8514 69.6358 5
      vertex -11.2177 56.3952 5
      vertex -9.26736 70.3926 5
    endloop
  endfacet
  facet normal 0 0 1
    outer loop
      vertex -13.8514 69.6358 5
      vertex -14.8821 55.5407 5
      vertex -11.2177 56.3952 5
    endloop
  endfacet
  facet normal -0 0 1
    outer loop
      vertex -18.3762 68.5807 5
      vertex -14.8821 55.5407 5
      vertex -13.8514 69.6358 5
    endloop
  endfacet
  facet normal 0 0 1
    outer loop
      vertex -18.3762 68.5807 5
      vertex -18.4828 54.4485 5
      vertex -14.8821 55.5407 5
    endloop
  endfacet
  facet normal -0 0 1
    outer loop
      vertex -22.8222 67.232 5
      vertex -18.4828 54.4485 5
      vertex -18.3762 68.5807 5
    endloop
  endfacet
  facet normal 0 0 1
    outer loop
      vertex -18.4828 54.4485 5
      vertex -22.8222 67.232 5
      vertex -22.0043 53.1231 5
    endloop
  endfacet
  facet normal -0 0 1
    outer loop
      vertex -27.1705 65.5954 5
      vertex -22.0043 53.1231 5
      vertex -22.8222 67.232 5
    endloop
  endfacet
  facet normal 0 0 1
    outer loop
      vertex -22.0043 53.1231 5
      vertex -27.1705 65.5954 5
      vertex -25.4316 51.5702 5
    endloop
  endfacet
  facet normal -0 0 1
    outer loop
      vertex -31.4025 63.678 5
      vertex -25.4316 51.5702 5
      vertex -27.1705 65.5954 5
    endloop
  endfacet
  facet normal 0 0 1
    outer loop
      vertex -25.4316 51.5702 5
      vertex -31.4025 63.678 5
      vertex -28.75 49.7965 5
    endloop
  endfacet
  facet normal -0 0 1
    outer loop
      vertex -35.5 61.4878 5
      vertex -28.75 49.7965 5
      vertex -31.4025 63.678 5
    endloop
  endfacet
  facet normal 0 0 1
    outer loop
      vertex -28.75 49.7965 5
      vertex -35.5 61.4878 5
      vertex -31.9453 47.8095 5
    endloop
  endfacet
  facet normal -0 0 1
    outer loop
      vertex -39.4455 59.0343 5
      vertex -31.9453 47.8095 5
      vertex -35.5 61.4878 5
    endloop
  endfacet
  facet normal 0 0 1
    outer loop
      vertex -31.9453 47.8095 5
      vertex -39.4455 59.0343 5
      vertex -35.0038 45.6178 5
    endloop
  endfacet
  facet normal -0 0 1
    outer loop
      vertex -43.2221 56.3281 5
      vertex -35.0038 45.6178 5
      vertex -39.4455 59.0343 5
    endloop
  endfacet
  facet normal 0 0 1
    outer loop
      vertex -35.0038 45.6178 5
      vertex -43.2221 56.3281 5
      vertex -37.9124 43.2308 5
    endloop
  endfacet
  facet normal -0 0 1
    outer loop
      vertex -46.8136 53.3806 5
      vertex -37.9124 43.2308 5
      vertex -43.2221 56.3281 5
    endloop
  endfacet
  facet normal 0 0 1
    outer loop
      vertex -37.9124 43.2308 5
      vertex -46.8136 53.3806 5
      vertex -40.6586 40.6586 5
    endloop
  endfacet
  facet normal -0 0 1
    outer loop
      vertex -50.2046 50.2046 5
      vertex -40.6586 40.6586 5
      vertex -46.8136 53.3806 5
    endloop
  endfacet
  facet normal 0 0 1
    outer loop
      vertex -40.6586 40.6586 5
      vertex -50.2046 50.2046 5
      vertex -43.2308 37.9124 5
    endloop
  endfacet
  facet normal -0 0 1
    outer loop
      vertex -53.3806 46.8136 5
      vertex -43.2308 37.9124 5
      vertex -50.2046 50.2046 5
    endloop
  endfacet
  facet normal 0 0 1
    outer loop
      vertex -43.2308 37.9124 5
      vertex -53.3806 46.8136 5
      vertex -45.6178 35.0038 5
    endloop
  endfacet
  facet normal -0 0 1
    outer loop
      vertex -56.3281 43.2221 5
      vertex -45.6178 35.0038 5
      vertex -53.3806 46.8136 5
    endloop
  endfacet
  facet normal 0 0 1
    outer loop
      vertex -45.6178 35.0038 5
      vertex -56.3281 43.2221 5
      vertex -47.8095 31.9453 5
    endloop
  endfacet
  facet normal -0 0 1
    outer loop
      vertex -59.0343 39.4455 5
      vertex -47.8095 31.9453 5
      vertex -56.3281 43.2221 5
    endloop
  endfacet
  facet normal 0 0 1
    outer loop
      vertex -47.8095 31.9453 5
      vertex -59.0343 39.4455 5
      vertex -49.7965 28.75 5
    endloop
  endfacet
  facet normal -0 0 1
    outer loop
      vertex -61.4878 35.5 5
      vertex -49.7965 28.75 5
      vertex -59.0343 39.4455 5
    endloop
  endfacet
  facet normal 0 0 1
    outer loop
      vertex -49.7965 28.75 5
      vertex -61.4878 35.5 5
      vertex -51.5702 25.4316 5
    endloop
  endfacet
  facet normal -0 0 1
    outer loop
      vertex -63.678 31.4025 5
      vertex -51.5702 25.4316 5
      vertex -61.4878 35.5 5
    endloop
  endfacet
  facet normal 0 0 1
    outer loop
      vertex -51.5702 25.4316 5
      vertex -63.678 31.4025 5
      vertex -53.1231 22.0043 5
    endloop
  endfacet
  facet normal -0 0 1
    outer loop
      vertex -65.5954 27.1705 5
      vertex -53.1231 22.0043 5
      vertex -63.678 31.4025 5
    endloop
  endfacet
  facet normal 0 0 1
    outer loop
      vertex -53.1231 22.0043 5
      vertex -65.5954 27.1705 5
      vertex -54.4485 18.4828 5
    endloop
  endfacet
  facet normal -0 0 1
    outer loop
      vertex -67.232 22.8222 5
      vertex -54.4485 18.4828 5
      vertex -65.5954 27.1705 5
    endloop
  endfacet
  facet normal 0 0 1
    outer loop
      vertex -54.4485 18.4828 5
      vertex -67.232 22.8222 5
      vertex -55.5407 14.8821 5
    endloop
  endfacet
  facet normal -0 0 1
    outer loop
      vertex 54.4485 -18.4828 5
      vertex 67.232 -22.8222 5
      vertex 55.5407 -14.8821 5
    endloop
  endfacet
  facet normal 0 0 1
    outer loop
      vertex 67.232 -22.8222 5
      vertex 54.4485 -18.4828 5
      vertex 65.5954 -27.1705 5
    endloop
  endfacet
  facet normal -0 0 1
    outer loop
      vertex 53.1231 -22.0043 5
      vertex 65.5954 -27.1705 5
      vertex 54.4485 -18.4828 5
    endloop
  endfacet
  facet normal 0 0 1
    outer loop
      vertex 65.5954 -27.1705 5
      vertex 53.1231 -22.0043 5
      vertex 63.678 -31.4025 5
    endloop
  endfacet
  facet normal -0 0 1
    outer loop
      vertex 51.5702 -25.4316 5
      vertex 63.678 -31.4025 5
      vertex 53.1231 -22.0043 5
    endloop
  endfacet
  facet normal 0 0 1
    outer loop
      vertex 63.678 -31.4025 5
      vertex 51.5702 -25.4316 5
      vertex 61.4878 -35.5 5
    endloop
  endfacet
  facet normal -0 0 1
    outer loop
      vertex 49.7965 -28.75 5
      vertex 61.4878 -35.5 5
      vertex 51.5702 -25.4316 5
    endloop
  endfacet
  facet normal 0 0 1
    outer loop
      vertex 61.4878 -35.5 5
      vertex 49.7965 -28.75 5
      vertex 59.0343 -39.4455 5
    endloop
  endfacet
  facet normal -0 0 1
    outer loop
      vertex 47.8095 -31.9453 5
      vertex 59.0343 -39.4455 5
      vertex 49.7965 -28.75 5
    endloop
  endfacet
  facet normal 0 0 1
    outer loop
      vertex 59.0343 -39.4455 5
      vertex 47.8095 -31.9453 5
      vertex 56.3281 -43.2221 5
    endloop
  endfacet
  facet normal -0 0 1
    outer loop
      vertex 45.6178 -35.0038 5
      vertex 56.3281 -43.2221 5
      vertex 47.8095 -31.9453 5
    endloop
  endfacet
  facet normal 0 0 1
    outer loop
      vertex 56.3281 -43.2221 5
      vertex 45.6178 -35.0038 5
      vertex 53.3806 -46.8136 5
    endloop
  endfacet
  facet normal -0 0 1
    outer loop
      vertex 43.2308 -37.9124 5
      vertex 53.3806 -46.8136 5
      vertex 45.6178 -35.0038 5
    endloop
  endfacet
  facet normal 0 0 1
    outer loop
      vertex 53.3806 -46.8136 5
      vertex 43.2308 -37.9124 5
      vertex 50.2046 -50.2046 5
    endloop
  endfacet
  facet normal -0 0 1
    outer loop
      vertex 40.6586 -40.6586 5
      vertex 50.2046 -50.2046 5
      vertex 43.2308 -37.9124 5
    endloop
  endfacet
  facet normal 0 0 1
    outer loop
      vertex 50.2046 -50.2046 5
      vertex 40.6586 -40.6586 5
      vertex 46.8136 -53.3806 5
    endloop
  endfacet
  facet normal -0 0 1
    outer loop
      vertex 37.9124 -43.2308 5
      vertex 46.8136 -53.3806 5
      vertex 40.6586 -40.6586 5
    endloop
  endfacet
  facet normal 0 0 1
    outer loop
      vertex 46.8136 -53.3806 5
      vertex 37.9124 -43.2308 5
      vertex 43.2221 -56.3281 5
    endloop
  endfacet
  facet normal -0 0 1
    outer loop
      vertex 35.0038 -45.6178 5
      vertex 43.2221 -56.3281 5
      vertex 37.9124 -43.2308 5
    endloop
  endfacet
  facet normal 0 0 1
    outer loop
      vertex 43.2221 -56.3281 5
      vertex 35.0038 -45.6178 5
      vertex 39.4455 -59.0343 5
    endloop
  endfacet
  facet normal -0 0 1
    outer loop
      vertex 31.9453 -47.8095 5
      vertex 39.4455 -59.0343 5
      vertex 35.0038 -45.6178 5
    endloop
  endfacet
  facet normal 0 0 1
    outer loop
      vertex 39.4455 -59.0343 5
      vertex 31.9453 -47.8095 5
      vertex 35.5 -61.4878 5
    endloop
  endfacet
  facet normal -0 0 1
    outer loop
      vertex 28.75 -49.7965 5
      vertex 35.5 -61.4878 5
      vertex 31.9453 -47.8095 5
    endloop
  endfacet
  facet normal 0 0 1
    outer loop
      vertex 35.5 -61.4878 5
      vertex 28.75 -49.7965 5
      vertex 31.4025 -63.678 5
    endloop
  endfacet
  facet normal -0 0 1
    outer loop
      vertex 25.4316 -51.5702 5
      vertex 31.4025 -63.678 5
      vertex 28.75 -49.7965 5
    endloop
  endfacet
  facet normal 0 0 1
    outer loop
      vertex 31.4025 -63.678 5
      vertex 25.4316 -51.5702 5
      vertex 27.1705 -65.5954 5
    endloop
  endfacet
  facet normal -0 0 1
    outer loop
      vertex 22.0043 -53.1231 5
      vertex 27.1705 -65.5954 5
      vertex 25.4316 -51.5702 5
    endloop
  endfacet
  facet normal 0 0 1
    outer loop
      vertex 27.1705 -65.5954 5
      vertex 22.0043 -53.1231 5
      vertex 22.8222 -67.232 5
    endloop
  endfacet
  facet normal -0 0 1
    outer loop
      vertex 18.4828 -54.4485 5
      vertex 22.8222 -67.232 5
      vertex 22.0043 -53.1231 5
    endloop
  endfacet
  facet normal 0 0 1
    outer loop
      vertex 18.4828 -54.4485 5
      vertex 18.3762 -68.5807 5
      vertex 22.8222 -67.232 5
    endloop
  endfacet
  facet normal -0 0 1
    outer loop
      vertex 14.8821 -55.5407 5
      vertex 18.3762 -68.5807 5
      vertex 18.4828 -54.4485 5
    endloop
  endfacet
  facet normal 0 0 1
    outer loop
      vertex 14.8821 -55.5407 5
      vertex 13.8514 -69.6358 5
      vertex 18.3762 -68.5807 5
    endloop
  endfacet
  facet normal -0 0 1
    outer loop
      vertex 11.2177 -56.3952 5
      vertex 13.8514 -69.6358 5
      vertex 14.8821 -55.5407 5
    endloop
  endfacet
  facet normal 0 0 1
    outer loop
      vertex 11.2177 -56.3952 5
      vertex 9.26736 -70.3926 5
      vertex 13.8514 -69.6358 5
    endloop
  endfacet
  facet normal -0 0 1
    outer loop
      vertex 7.50526 -57.0081 5
      vertex 9.26736 -70.3926 5
      vertex 11.2177 -56.3952 5
    endloop
  endfacet
  facet normal 0 0 1
    outer loop
      vertex 7.50526 -57.0081 5
      vertex 4.64362 -70.848 5
      vertex 9.26736 -70.3926 5
    endloop
  endfacet
  facet normal -0 0 1
    outer loop
      vertex 3.76068 -57.3769 5
      vertex 4.64362 -70.848 5
      vertex 7.50526 -57.0081 5
    endloop
  endfacet
  facet normal -0 0 1
    outer loop
      vertex 0 -57.5 5
      vertex 4.64362 -70.848 5
      vertex 3.76068 -57.3769 5
    endloop
  endfacet
  facet normal 0 0 1
    outer loop
      vertex 0 -57.5 5
      vertex 0 -71 5
      vertex 4.64362 -70.848 5
    endloop
  endfacet
  facet normal 0 0 1
    outer loop
      vertex -3.76068 -57.3769 5
      vertex 0 -71 5
      vertex 0 -57.5 5
    endloop
  endfacet
  facet normal 0 0 1
    outer loop
      vertex -3.76068 -57.3769 5
      vertex -4.64362 -70.848 5
      vertex 0 -71 5
    endloop
  endfacet
  facet normal 0 0 1
    outer loop
      vertex -7.50526 -57.0081 5
      vertex -4.64362 -70.848 5
      vertex -3.76068 -57.3769 5
    endloop
  endfacet
  facet normal 0 0 1
    outer loop
      vertex -7.50526 -57.0081 5
      vertex -9.26736 -70.3926 5
      vertex -4.64362 -70.848 5
    endloop
  endfacet
  facet normal 0 0 1
    outer loop
      vertex -11.2177 -56.3952 5
      vertex -9.26736 -70.3926 5
      vertex -7.50526 -57.0081 5
    endloop
  endfacet
  facet normal 0 0 1
    outer loop
      vertex -11.2177 -56.3952 5
      vertex -13.8514 -69.6358 5
      vertex -9.26736 -70.3926 5
    endloop
  endfacet
  facet normal 0 0 1
    outer loop
      vertex -14.8821 -55.5407 5
      vertex -13.8514 -69.6358 5
      vertex -11.2177 -56.3952 5
    endloop
  endfacet
  facet normal 0 0 1
    outer loop
      vertex -14.8821 -55.5407 5
      vertex -18.3762 -68.5807 5
      vertex -13.8514 -69.6358 5
    endloop
  endfacet
  facet normal 0 0 1
    outer loop
      vertex -18.4828 -54.4485 5
      vertex -18.3762 -68.5807 5
      vertex -14.8821 -55.5407 5
    endloop
  endfacet
  facet normal 0 0 1
    outer loop
      vertex -22.8222 -67.232 5
      vertex -18.4828 -54.4485 5
      vertex -22.0043 -53.1231 5
    endloop
  endfacet
  facet normal 0 0 1
    outer loop
      vertex -18.4828 -54.4485 5
      vertex -22.8222 -67.232 5
      vertex -18.3762 -68.5807 5
    endloop
  endfacet
  facet normal 0 0 1
    outer loop
      vertex -27.1705 -65.5954 5
      vertex -22.0043 -53.1231 5
      vertex -25.4316 -51.5702 5
    endloop
  endfacet
  facet normal 0 0 1
    outer loop
      vertex -22.0043 -53.1231 5
      vertex -27.1705 -65.5954 5
      vertex -22.8222 -67.232 5
    endloop
  endfacet
  facet normal 0 0 1
    outer loop
      vertex -31.4025 -63.678 5
      vertex -25.4316 -51.5702 5
      vertex -28.75 -49.7965 5
    endloop
  endfacet
  facet normal 0 0 1
    outer loop
      vertex -25.4316 -51.5702 5
      vertex -31.4025 -63.678 5
      vertex -27.1705 -65.5954 5
    endloop
  endfacet
  facet normal 0 0 1
    outer loop
      vertex -35.5 -61.4878 5
      vertex -28.75 -49.7965 5
      vertex -31.9453 -47.8095 5
    endloop
  endfacet
  facet normal 0 0 1
    outer loop
      vertex -39.4455 -59.0343 5
      vertex -31.9453 -47.8095 5
      vertex -35.0038 -45.6178 5
    endloop
  endfacet
  facet normal 0 0 1
    outer loop
      vertex -28.75 -49.7965 5
      vertex -35.5 -61.4878 5
      vertex -31.4025 -63.678 5
    endloop
  endfacet
  facet normal 0 0 1
    outer loop
      vertex -43.2221 -56.3281 5
      vertex -35.0038 -45.6178 5
      vertex -37.9124 -43.2308 5
    endloop
  endfacet
  facet normal 0 0 1
    outer loop
      vertex -31.9453 -47.8095 5
      vertex -39.4455 -59.0343 5
      vertex -35.5 -61.4878 5
    endloop
  endfacet
  facet normal 0 0 1
    outer loop
      vertex -46.8136 -53.3806 5
      vertex -37.9124 -43.2308 5
      vertex -40.6586 -40.6586 5
    endloop
  endfacet
  facet normal 0 0 1
    outer loop
      vertex -35.0038 -45.6178 5
      vertex -43.2221 -56.3281 5
      vertex -39.4455 -59.0343 5
    endloop
  endfacet
  facet normal 0 0 1
    outer loop
      vertex -50.2046 -50.2046 5
      vertex -40.6586 -40.6586 5
      vertex -43.2308 -37.9124 5
    endloop
  endfacet
  facet normal 0 0 1
    outer loop
      vertex -53.3806 -46.8136 5
      vertex -43.2308 -37.9124 5
      vertex -45.6178 -35.0038 5
    endloop
  endfacet
  facet normal 0 0 1
    outer loop
      vertex -37.9124 -43.2308 5
      vertex -46.8136 -53.3806 5
      vertex -43.2221 -56.3281 5
    endloop
  endfacet
  facet normal 0 0 1
    outer loop
      vertex -56.3281 -43.2221 5
      vertex -45.6178 -35.0038 5
      vertex -47.8095 -31.9453 5
    endloop
  endfacet
  facet normal 0 0 1
    outer loop
      vertex -59.0343 -39.4455 5
      vertex -47.8095 -31.9453 5
      vertex -49.7965 -28.75 5
    endloop
  endfacet
  facet normal 0 0 1
    outer loop
      vertex -40.6586 -40.6586 5
      vertex -50.2046 -50.2046 5
      vertex -46.8136 -53.3806 5
    endloop
  endfacet
  facet normal 0 0 1
    outer loop
      vertex -61.4878 -35.5 5
      vertex -49.7965 -28.75 5
      vertex -51.5702 -25.4316 5
    endloop
  endfacet
  facet normal 0 0 1
    outer loop
      vertex -63.678 -31.4025 5
      vertex -51.5702 -25.4316 5
      vertex -53.1231 -22.0043 5
    endloop
  endfacet
  facet normal 0 0 1
    outer loop
      vertex -43.2308 -37.9124 5
      vertex -53.3806 -46.8136 5
      vertex -50.2046 -50.2046 5
    endloop
  endfacet
  facet normal 0 0 1
    outer loop
      vertex -65.5954 -27.1705 5
      vertex -53.1231 -22.0043 5
      vertex -54.4485 -18.4828 5
    endloop
  endfacet
  facet normal 0 0 1
    outer loop
      vertex -67.232 -22.8222 5
      vertex -54.4485 -18.4828 5
      vertex -55.5407 -14.8821 5
    endloop
  endfacet
  facet normal 0 0 1
    outer loop
      vertex -45.6178 -35.0038 5
      vertex -56.3281 -43.2221 5
      vertex -53.3806 -46.8136 5
    endloop
  endfacet
  facet normal 0 0 1
    outer loop
      vertex -68.5807 -18.3762 5
      vertex -55.5407 -14.8821 5
      vertex -56.3952 -11.2177 5
    endloop
  endfacet
  facet normal 0 0 1
    outer loop
      vertex -69.6358 -13.8514 5
      vertex -56.3952 -11.2177 5
      vertex -57.0081 -7.50526 5
    endloop
  endfacet
  facet normal 0 0 1
    outer loop
      vertex -70.3926 -9.26736 5
      vertex -57.0081 -7.50526 5
      vertex -57.3769 -3.76068 5
    endloop
  endfacet
  facet normal 0 0 1
    outer loop
      vertex -70.848 -4.64362 5
      vertex -57.3769 -3.76068 5
      vertex -57.5 0 5
    endloop
  endfacet
  facet normal -0 0 1
    outer loop
      vertex -68.5807 18.3762 5
      vertex -55.5407 14.8821 5
      vertex -67.232 22.8222 5
    endloop
  endfacet
  facet normal 0 0 1
    outer loop
      vertex -47.8095 -31.9453 5
      vertex -59.0343 -39.4455 5
      vertex -56.3281 -43.2221 5
    endloop
  endfacet
  facet normal 0 0 1
    outer loop
      vertex -55.5407 14.8821 5
      vertex -68.5807 18.3762 5
      vertex -56.3952 11.2177 5
    endloop
  endfacet
  facet normal 0 0 1
    outer loop
      vertex -49.7965 -28.75 5
      vertex -61.4878 -35.5 5
      vertex -59.0343 -39.4455 5
    endloop
  endfacet
  facet normal -0 0 1
    outer loop
      vertex -69.6358 13.8514 5
      vertex -56.3952 11.2177 5
      vertex -68.5807 18.3762 5
    endloop
  endfacet
  facet normal 0 0 1
    outer loop
      vertex -51.5702 -25.4316 5
      vertex -63.678 -31.4025 5
      vertex -61.4878 -35.5 5
    endloop
  endfacet
  facet normal 0 0 1
    outer loop
      vertex -56.3952 11.2177 5
      vertex -69.6358 13.8514 5
      vertex -57.0081 7.50526 5
    endloop
  endfacet
  facet normal 0 0 1
    outer loop
      vertex -53.1231 -22.0043 5
      vertex -65.5954 -27.1705 5
      vertex -63.678 -31.4025 5
    endloop
  endfacet
  facet normal -0 0 1
    outer loop
      vertex -70.3926 9.26736 5
      vertex -57.0081 7.50526 5
      vertex -69.6358 13.8514 5
    endloop
  endfacet
  facet normal 0 0 1
    outer loop
      vertex -54.4485 -18.4828 5
      vertex -67.232 -22.8222 5
      vertex -65.5954 -27.1705 5
    endloop
  endfacet
  facet normal 0 0 1
    outer loop
      vertex -57.0081 7.50526 5
      vertex -70.3926 9.26736 5
      vertex -57.3769 3.76068 5
    endloop
  endfacet
  facet normal 0 0 1
    outer loop
      vertex -55.5407 -14.8821 5
      vertex -68.5807 -18.3762 5
      vertex -67.232 -22.8222 5
    endloop
  endfacet
  facet normal -0 0 1
    outer loop
      vertex -70.848 4.64362 5
      vertex -57.3769 3.76068 5
      vertex -70.3926 9.26736 5
    endloop
  endfacet
  facet normal 0 0 1
    outer loop
      vertex -56.3952 -11.2177 5
      vertex -69.6358 -13.8514 5
      vertex -68.5807 -18.3762 5
    endloop
  endfacet
  facet normal 0 0 1
    outer loop
      vertex -57.3769 3.76068 5
      vertex -70.848 4.64362 5
      vertex -57.5 0 5
    endloop
  endfacet
  facet normal 0 0 1
    outer loop
      vertex -57.0081 -7.50526 5
      vertex -70.3926 -9.26736 5
      vertex -69.6358 -13.8514 5
    endloop
  endfacet
  facet normal 0 0 1
    outer loop
      vertex -71 0 5
      vertex -57.5 0 5
      vertex -70.848 4.64362 5
    endloop
  endfacet
  facet normal 0 0 1
    outer loop
      vertex -57.3769 -3.76068 5
      vertex -70.848 -4.64362 5
      vertex -70.3926 -9.26736 5
    endloop
  endfacet
  facet normal 0 0 1
    outer loop
      vertex -57.5 0 5
      vertex -71 0 5
      vertex -70.848 -4.64362 5
    endloop
  endfacet
  facet normal -0.352253 0.935905 0
    outer loop
      vertex -22.8222 67.232 -5
      vertex -27.1705 65.5954 5
      vertex -22.8222 67.232 5
    endloop
  endfacet
  facet normal -0.352253 0.935905 0
    outer loop
      vertex -27.1705 65.5954 5
      vertex -22.8222 67.232 -5
      vertex -27.1705 65.5954 -5
    endloop
  endfacet
  facet normal -0.16289 0.986644 0
    outer loop
      vertex -9.26736 70.3926 -5
      vertex -13.8514 69.6358 5
      vertex -9.26736 70.3926 5
    endloop
  endfacet
  facet normal -0.16289 0.986644 0
    outer loop
      vertex -13.8514 69.6358 5
      vertex -9.26736 70.3926 -5
      vertex -13.8514 69.6358 -5
    endloop
  endfacet
  facet normal -0.0980174 0.995185 0
    outer loop
      vertex -4.64362 70.848 -5
      vertex -9.26736 70.3926 5
      vertex -4.64362 70.848 5
    endloop
  endfacet
  facet normal -0.0980174 0.995185 0
    outer loop
      vertex -9.26736 70.3926 5
      vertex -4.64362 70.848 -5
      vertex -9.26736 70.3926 -5
    endloop
  endfacet
  facet normal 0.290289 -0.956939 0
    outer loop
      vertex 18.3762 -68.5807 -5
      vertex 22.8222 -67.232 5
      vertex 18.3762 -68.5807 5
    endloop
  endfacet
  facet normal 0.290289 -0.956939 0
    outer loop
      vertex 22.8222 -67.232 5
      vertex 18.3762 -68.5807 -5
      vertex 22.8222 -67.232 -5
    endloop
  endfacet
  facet normal 0.634397 -0.773007 0
    outer loop
      vertex 43.2221 -56.3281 -5
      vertex 46.8136 -53.3806 5
      vertex 43.2221 -56.3281 5
    endloop
  endfacet
  facet normal 0.634397 -0.773007 0
    outer loop
      vertex 46.8136 -53.3806 5
      vertex 43.2221 -56.3281 -5
      vertex 46.8136 -53.3806 -5
    endloop
  endfacet
  facet normal 0.41269 -0.910871 0
    outer loop
      vertex 27.1705 -65.5954 -5
      vertex 31.4025 -63.678 5
      vertex 27.1705 -65.5954 5
    endloop
  endfacet
  facet normal 0.41269 -0.910871 0
    outer loop
      vertex 31.4025 -63.678 5
      vertex 27.1705 -65.5954 -5
      vertex 31.4025 -63.678 -5
    endloop
  endfacet
  facet normal 0.528073 -0.849199 0
    outer loop
      vertex 35.5 -61.4878 -5
      vertex 39.4455 -59.0343 5
      vertex 35.5 -61.4878 5
    endloop
  endfacet
  facet normal 0.528073 -0.849199 0
    outer loop
      vertex 39.4455 -59.0343 5
      vertex 35.5 -61.4878 -5
      vertex 39.4455 -59.0343 -5
    endloop
  endfacet
  facet normal 0.812854 -0.582467 0
    outer loop
      vertex 56.3281 -43.2221 5
      vertex 59.0343 -39.4455 -5
      vertex 59.0343 -39.4455 5
    endloop
  endfacet
  facet normal 0.812854 -0.582467 0
    outer loop
      vertex 59.0343 -39.4455 -5
      vertex 56.3281 -43.2221 5
      vertex 56.3281 -43.2221 -5
    endloop
  endfacet
  facet normal 0.729866 -0.68359 0
    outer loop
      vertex 50.2046 -50.2046 5
      vertex 53.3806 -46.8136 -5
      vertex 53.3806 -46.8136 5
    endloop
  endfacet
  facet normal 0.729866 -0.68359 0
    outer loop
      vertex 53.3806 -46.8136 -5
      vertex 50.2046 -50.2046 5
      vertex 50.2046 -50.2046 -5
    endloop
  endfacet
  facet normal 0.773007 -0.634397 0
    outer loop
      vertex 53.3806 -46.8136 5
      vertex 56.3281 -43.2221 -5
      vertex 56.3281 -43.2221 5
    endloop
  endfacet
  facet normal 0.773007 -0.634397 0
    outer loop
      vertex 56.3281 -43.2221 -5
      vertex 53.3806 -46.8136 5
      vertex 53.3806 -46.8136 -5
    endloop
  endfacet
  facet normal 0.881918 -0.471404 0
    outer loop
      vertex 61.4878 -35.5 5
      vertex 63.678 -31.4025 -5
      vertex 63.678 -31.4025 5
    endloop
  endfacet
  facet normal 0.881918 -0.471404 0
    outer loop
      vertex 63.678 -31.4025 -5
      vertex 61.4878 -35.5 5
      vertex 61.4878 -35.5 -5
    endloop
  endfacet
  facet normal 0.935905 -0.352253 0
    outer loop
      vertex 65.5954 -27.1705 5
      vertex 67.232 -22.8222 -5
      vertex 67.232 -22.8222 5
    endloop
  endfacet
  facet normal 0.935905 -0.352253 0
    outer loop
      vertex 67.232 -22.8222 -5
      vertex 65.5954 -27.1705 5
      vertex 65.5954 -27.1705 -5
    endloop
  endfacet
  facet normal 0.956939 -0.290289 0
    outer loop
      vertex 67.232 -22.8222 5
      vertex 68.5807 -18.3762 -5
      vertex 68.5807 -18.3762 5
    endloop
  endfacet
  facet normal 0.956939 -0.290289 0
    outer loop
      vertex 68.5807 -18.3762 -5
      vertex 67.232 -22.8222 5
      vertex 67.232 -22.8222 -5
    endloop
  endfacet
  facet normal -0.582467 -0.812854 0
    outer loop
      vertex -43.2221 -56.3281 -5
      vertex -39.4455 -59.0343 5
      vertex -43.2221 -56.3281 5
    endloop
  endfacet
  facet normal -0.582467 -0.812854 -0
    outer loop
      vertex -39.4455 -59.0343 5
      vertex -43.2221 -56.3281 -5
      vertex -39.4455 -59.0343 -5
    endloop
  endfacet
  facet normal -0.68359 -0.729866 0
    outer loop
      vertex -50.2046 -50.2046 -5
      vertex -46.8136 -53.3806 5
      vertex -50.2046 -50.2046 5
    endloop
  endfacet
  facet normal -0.68359 -0.729866 -0
    outer loop
      vertex -46.8136 -53.3806 5
      vertex -50.2046 -50.2046 -5
      vertex -46.8136 -53.3806 -5
    endloop
  endfacet
  facet normal -0.634397 -0.773007 0
    outer loop
      vertex -46.8136 -53.3806 -5
      vertex -43.2221 -56.3281 5
      vertex -46.8136 -53.3806 5
    endloop
  endfacet
  facet normal -0.634397 -0.773007 -0
    outer loop
      vertex -43.2221 -56.3281 5
      vertex -46.8136 -53.3806 -5
      vertex -43.2221 -56.3281 -5
    endloop
  endfacet
  facet normal -0.471404 -0.881918 0
    outer loop
      vertex -35.5 -61.4878 -5
      vertex -31.4025 -63.678 5
      vertex -35.5 -61.4878 5
    endloop
  endfacet
  facet normal -0.471404 -0.881918 -0
    outer loop
      vertex -31.4025 -63.678 5
      vertex -35.5 -61.4878 -5
      vertex -31.4025 -63.678 -5
    endloop
  endfacet
  facet normal -0.290289 -0.956939 0
    outer loop
      vertex -22.8222 -67.232 -5
      vertex -18.3762 -68.5807 5
      vertex -22.8222 -67.232 5
    endloop
  endfacet
  facet normal -0.290289 -0.956939 -0
    outer loop
      vertex -18.3762 -68.5807 5
      vertex -22.8222 -67.232 -5
      vertex -18.3762 -68.5807 -5
    endloop
  endfacet
  facet normal -0.227089 -0.973874 0
    outer loop
      vertex -18.3762 -68.5807 -5
      vertex -13.8514 -69.6358 5
      vertex -18.3762 -68.5807 5
    endloop
  endfacet
  facet normal -0.227089 -0.973874 -0
    outer loop
      vertex -13.8514 -69.6358 5
      vertex -18.3762 -68.5807 -5
      vertex -13.8514 -69.6358 -5
    endloop
  endfacet
  facet normal -0.0327156 -0.999465 0
    outer loop
      vertex -4.64362 -70.848 -5
      vertex 0 -71 5
      vertex -4.64362 -70.848 5
    endloop
  endfacet
  facet normal -0.0327156 -0.999465 -0
    outer loop
      vertex 0 -71 5
      vertex -4.64362 -70.848 -5
      vertex 0 -71 -5
    endloop
  endfacet
  facet normal -0.729866 -0.68359 0
    outer loop
      vertex -50.2046 -50.2046 -5
      vertex -53.3806 -46.8136 5
      vertex -53.3806 -46.8136 -5
    endloop
  endfacet
  facet normal -0.729866 -0.68359 0
    outer loop
      vertex -53.3806 -46.8136 5
      vertex -50.2046 -50.2046 -5
      vertex -50.2046 -50.2046 5
    endloop
  endfacet
  facet normal -0.910871 -0.41269 0
    outer loop
      vertex -63.678 -31.4025 -5
      vertex -65.5954 -27.1705 5
      vertex -65.5954 -27.1705 -5
    endloop
  endfacet
  facet normal -0.910871 -0.41269 0
    outer loop
      vertex -65.5954 -27.1705 5
      vertex -63.678 -31.4025 -5
      vertex -63.678 -31.4025 5
    endloop
  endfacet
  facet normal -0.881918 -0.471404 0
    outer loop
      vertex -61.4878 -35.5 -5
      vertex -63.678 -31.4025 5
      vertex -63.678 -31.4025 -5
    endloop
  endfacet
  facet normal -0.881918 -0.471404 0
    outer loop
      vertex -63.678 -31.4025 5
      vertex -61.4878 -35.5 -5
      vertex -61.4878 -35.5 5
    endloop
  endfacet
  facet normal -0.935905 -0.352253 0
    outer loop
      vertex -65.5954 -27.1705 -5
      vertex -67.232 -22.8222 5
      vertex -67.232 -22.8222 -5
    endloop
  endfacet
  facet normal -0.935905 -0.352253 0
    outer loop
      vertex -67.232 -22.8222 5
      vertex -65.5954 -27.1705 -5
      vertex -65.5954 -27.1705 5
    endloop
  endfacet
  facet normal -0.995185 -0.0980174 0
    outer loop
      vertex -70.3926 -9.26736 -5
      vertex -70.848 -4.64362 5
      vertex -70.848 -4.64362 -5
    endloop
  endfacet
  facet normal -0.995185 -0.0980174 0
    outer loop
      vertex -70.848 -4.64362 5
      vertex -70.3926 -9.26736 -5
      vertex -70.3926 -9.26736 5
    endloop
  endfacet
  facet normal -0.986644 -0.16289 0
    outer loop
      vertex -69.6358 -13.8514 -5
      vertex -70.3926 -9.26736 5
      vertex -70.3926 -9.26736 -5
    endloop
  endfacet
  facet normal -0.986644 -0.16289 0
    outer loop
      vertex -70.3926 -9.26736 5
      vertex -69.6358 -13.8514 -5
      vertex -69.6358 -13.8514 5
    endloop
  endfacet
  facet normal 0.956939 0.290289 0
    outer loop
      vertex 68.5807 18.3762 5
      vertex 67.232 22.8222 -5
      vertex 67.232 22.8222 5
    endloop
  endfacet
  facet normal 0.956939 0.290289 0
    outer loop
      vertex 67.232 22.8222 -5
      vertex 68.5807 18.3762 5
      vertex 68.5807 18.3762 -5
    endloop
  endfacet
  facet normal 0.773007 0.634397 0
    outer loop
      vertex 56.3281 43.2221 5
      vertex 53.3806 46.8136 -5
      vertex 53.3806 46.8136 5
    endloop
  endfacet
  facet normal 0.773007 0.634397 0
    outer loop
      vertex 53.3806 46.8136 -5
      vertex 56.3281 43.2221 5
      vertex 56.3281 43.2221 -5
    endloop
  endfacet
  facet normal 0.352253 0.935905 -0
    outer loop
      vertex 27.1705 65.5954 -5
      vertex 22.8222 67.232 5
      vertex 27.1705 65.5954 5
    endloop
  endfacet
  facet normal 0.352253 0.935905 0
    outer loop
      vertex 22.8222 67.232 5
      vertex 27.1705 65.5954 -5
      vertex 22.8222 67.232 -5
    endloop
  endfacet
  facet normal 0.471404 0.881918 -0
    outer loop
      vertex 35.5 61.4878 -5
      vertex 31.4025 63.678 5
      vertex 35.5 61.4878 5
    endloop
  endfacet
  facet normal 0.471404 0.881918 0
    outer loop
      vertex 31.4025 63.678 5
      vertex 35.5 61.4878 -5
      vertex 31.4025 63.678 -5
    endloop
  endfacet
  facet normal -0.729866 0.68359 0
    outer loop
      vertex -53.3806 46.8136 -5
      vertex -50.2046 50.2046 5
      vertex -50.2046 50.2046 -5
    endloop
  endfacet
  facet normal -0.729866 0.68359 0
    outer loop
      vertex -50.2046 50.2046 5
      vertex -53.3806 46.8136 -5
      vertex -53.3806 46.8136 5
    endloop
  endfacet
  facet normal -0.881918 0.471404 0
    outer loop
      vertex -63.678 31.4025 -5
      vertex -61.4878 35.5 5
      vertex -61.4878 35.5 -5
    endloop
  endfacet
  facet normal -0.881918 0.471404 0
    outer loop
      vertex -61.4878 35.5 5
      vertex -63.678 31.4025 -5
      vertex -63.678 31.4025 5
    endloop
  endfacet
  facet normal -0.634397 0.773007 0
    outer loop
      vertex -43.2221 56.3281 -5
      vertex -46.8136 53.3806 5
      vertex -43.2221 56.3281 5
    endloop
  endfacet
  facet normal -0.634397 0.773007 0
    outer loop
      vertex -46.8136 53.3806 5
      vertex -43.2221 56.3281 -5
      vertex -46.8136 53.3806 -5
    endloop
  endfacet
  facet normal -0.41269 0.910871 0
    outer loop
      vertex -27.1705 65.5954 -5
      vertex -31.4025 63.678 5
      vertex -27.1705 65.5954 5
    endloop
  endfacet
  facet normal -0.41269 0.910871 0
    outer loop
      vertex -31.4025 63.678 5
      vertex -27.1705 65.5954 -5
      vertex -31.4025 63.678 -5
    endloop
  endfacet
  facet normal -0.290289 0.956939 0
    outer loop
      vertex -18.3762 68.5807 -5
      vertex -22.8222 67.232 5
      vertex -18.3762 68.5807 5
    endloop
  endfacet
  facet normal -0.290289 0.956939 0
    outer loop
      vertex -22.8222 67.232 5
      vertex -18.3762 68.5807 -5
      vertex -22.8222 67.232 -5
    endloop
  endfacet
  facet normal 0.16289 -0.986644 0
    outer loop
      vertex 9.26736 -70.3926 -5
      vertex 13.8514 -69.6358 5
      vertex 9.26736 -70.3926 5
    endloop
  endfacet
  facet normal 0.16289 -0.986644 0
    outer loop
      vertex 13.8514 -69.6358 5
      vertex 9.26736 -70.3926 -5
      vertex 13.8514 -69.6358 -5
    endloop
  endfacet
  facet normal 0.471404 -0.881918 0
    outer loop
      vertex 31.4025 -63.678 -5
      vertex 35.5 -61.4878 5
      vertex 31.4025 -63.678 5
    endloop
  endfacet
  facet normal 0.471404 -0.881918 0
    outer loop
      vertex 35.5 -61.4878 5
      vertex 31.4025 -63.678 -5
      vertex 35.5 -61.4878 -5
    endloop
  endfacet
  facet normal 0.995185 -0.0980174 0
    outer loop
      vertex 70.3926 -9.26736 5
      vertex 70.848 -4.64362 -5
      vertex 70.848 -4.64362 5
    endloop
  endfacet
  facet normal 0.995185 -0.0980174 0
    outer loop
      vertex 70.848 -4.64362 -5
      vertex 70.3926 -9.26736 5
      vertex 70.3926 -9.26736 -5
    endloop
  endfacet
  facet normal 0.999465 -0.0327156 0
    outer loop
      vertex 70.848 -4.64362 5
      vertex 71 0 -5
      vertex 71 0 5
    endloop
  endfacet
  facet normal 0.999465 -0.0327156 0
    outer loop
      vertex 71 0 -5
      vertex 70.848 -4.64362 5
      vertex 70.848 -4.64362 -5
    endloop
  endfacet
  facet normal -0.0980174 -0.995185 0
    outer loop
      vertex -9.26736 -70.3926 -5
      vertex -4.64362 -70.848 5
      vertex -9.26736 -70.3926 5
    endloop
  endfacet
  facet normal -0.0980174 -0.995185 -0
    outer loop
      vertex -4.64362 -70.848 5
      vertex -9.26736 -70.3926 -5
      vertex -4.64362 -70.848 -5
    endloop
  endfacet
  facet normal 0.999465 0.0327156 0
    outer loop
      vertex 71 0 53
      vertex 70.848 4.64362 43
      vertex 70.848 4.64362 53
    endloop
  endfacet
  facet normal 0.999465 0.0327156 0
    outer loop
      vertex 70.848 4.64362 43
      vertex 71 0 53
      vertex 71 0 43
    endloop
  endfacet
  facet normal -0.999465 0.0327156 0
    outer loop
      vertex -71 0 43
      vertex -70.848 4.64362 53
      vertex -70.848 4.64362 43
    endloop
  endfacet
  facet normal -0.999465 0.0327156 0
    outer loop
      vertex -70.848 4.64362 53
      vertex -71 0 43
      vertex -71 0 53
    endloop
  endfacet
  facet normal 0.0327156 0.999465 -0
    outer loop
      vertex 4.64362 70.848 43
      vertex 0 71 53
      vertex 4.64362 70.848 53
    endloop
  endfacet
  facet normal 0.0327156 0.999465 0
    outer loop
      vertex 0 71 53
      vertex 4.64362 70.848 43
      vertex 0 71 43
    endloop
  endfacet
  facet normal 0.729866 0.68359 0
    outer loop
      vertex 53.3806 46.8136 53
      vertex 50.2046 50.2046 43
      vertex 50.2046 50.2046 53
    endloop
  endfacet
  facet normal 0.729866 0.68359 0
    outer loop
      vertex 50.2046 50.2046 43
      vertex 53.3806 46.8136 53
      vertex 53.3806 46.8136 43
    endloop
  endfacet
  facet normal -0.68359 0.729866 0
    outer loop
      vertex -46.8136 53.3806 43
      vertex -50.2046 50.2046 53
      vertex -46.8136 53.3806 53
    endloop
  endfacet
  facet normal -0.68359 0.729866 0
    outer loop
      vertex -50.2046 50.2046 53
      vertex -46.8136 53.3806 43
      vertex -50.2046 50.2046 43
    endloop
  endfacet
  facet normal 0.935905 0.352253 0
    outer loop
      vertex 67.232 22.8222 53
      vertex 65.5954 27.1705 43
      vertex 65.5954 27.1705 53
    endloop
  endfacet
  facet normal 0.935905 0.352253 0
    outer loop
      vertex 65.5954 27.1705 43
      vertex 67.232 22.8222 53
      vertex 67.232 22.8222 43
    endloop
  endfacet
  facet normal -0.849199 0.528073 0
    outer loop
      vertex -61.4878 35.5 43
      vertex -59.0343 39.4455 53
      vertex -59.0343 39.4455 43
    endloop
  endfacet
  facet normal -0.849199 0.528073 0
    outer loop
      vertex -59.0343 39.4455 53
      vertex -61.4878 35.5 43
      vertex -61.4878 35.5 53
    endloop
  endfacet
  facet normal -0.812854 0.582467 0
    outer loop
      vertex -59.0343 39.4455 43
      vertex -56.3281 43.2221 53
      vertex -56.3281 43.2221 43
    endloop
  endfacet
  facet normal -0.812854 0.582467 0
    outer loop
      vertex -56.3281 43.2221 53
      vertex -59.0343 39.4455 43
      vertex -59.0343 39.4455 53
    endloop
  endfacet
  facet normal 0.849199 -0.528073 0
    outer loop
      vertex 59.0343 -39.4455 53
      vertex 61.4878 -35.5 43
      vertex 61.4878 -35.5 53
    endloop
  endfacet
  facet normal 0.849199 -0.528073 0
    outer loop
      vertex 61.4878 -35.5 43
      vertex 59.0343 -39.4455 53
      vertex 59.0343 -39.4455 43
    endloop
  endfacet
  facet normal 0.227089 -0.973874 0
    outer loop
      vertex 13.8514 -69.6358 43
      vertex 18.3762 -68.5807 53
      vertex 13.8514 -69.6358 53
    endloop
  endfacet
  facet normal 0.227089 -0.973874 0
    outer loop
      vertex 18.3762 -68.5807 53
      vertex 13.8514 -69.6358 43
      vertex 18.3762 -68.5807 43
    endloop
  endfacet
  facet normal 0.68359 -0.729866 0
    outer loop
      vertex 46.8136 -53.3806 43
      vertex 50.2046 -50.2046 53
      vertex 46.8136 -53.3806 53
    endloop
  endfacet
  facet normal 0.68359 -0.729866 0
    outer loop
      vertex 50.2046 -50.2046 53
      vertex 46.8136 -53.3806 43
      vertex 50.2046 -50.2046 43
    endloop
  endfacet
  facet normal -0.352253 -0.935905 0
    outer loop
      vertex -27.1705 -65.5954 43
      vertex -22.8222 -67.232 53
      vertex -27.1705 -65.5954 53
    endloop
  endfacet
  facet normal -0.352253 -0.935905 -0
    outer loop
      vertex -22.8222 -67.232 53
      vertex -27.1705 -65.5954 43
      vertex -22.8222 -67.232 43
    endloop
  endfacet
  facet normal -0.773007 -0.634397 0
    outer loop
      vertex -53.3806 -46.8136 43
      vertex -56.3281 -43.2221 53
      vertex -56.3281 -43.2221 43
    endloop
  endfacet
  facet normal -0.773007 -0.634397 0
    outer loop
      vertex -56.3281 -43.2221 53
      vertex -53.3806 -46.8136 43
      vertex -53.3806 -46.8136 53
    endloop
  endfacet
  facet normal -0.956939 -0.290289 0
    outer loop
      vertex -67.232 -22.8222 43
      vertex -68.5807 -18.3762 53
      vertex -68.5807 -18.3762 43
    endloop
  endfacet
  facet normal -0.956939 -0.290289 0
    outer loop
      vertex -68.5807 -18.3762 53
      vertex -67.232 -22.8222 43
      vertex -67.232 -22.8222 53
    endloop
  endfacet
  facet normal 0.986644 0.16289 0
    outer loop
      vertex 70.3926 9.26736 53
      vertex 69.6358 13.8514 43
      vertex 69.6358 13.8514 53
    endloop
  endfacet
  facet normal 0.986644 0.16289 0
    outer loop
      vertex 69.6358 13.8514 43
      vertex 70.3926 9.26736 53
      vertex 70.3926 9.26736 43
    endloop
  endfacet
  facet normal 0.995185 0.0980174 0
    outer loop
      vertex 70.848 4.64362 53
      vertex 70.3926 9.26736 43
      vertex 70.3926 9.26736 53
    endloop
  endfacet
  facet normal 0.995185 0.0980174 0
    outer loop
      vertex 70.3926 9.26736 43
      vertex 70.848 4.64362 53
      vertex 70.848 4.64362 43
    endloop
  endfacet
  facet normal 0.973874 0.227089 0
    outer loop
      vertex 69.6358 13.8514 53
      vertex 68.5807 18.3762 43
      vertex 68.5807 18.3762 53
    endloop
  endfacet
  facet normal 0.973874 0.227089 0
    outer loop
      vertex 68.5807 18.3762 43
      vertex 69.6358 13.8514 53
      vertex 69.6358 13.8514 43
    endloop
  endfacet
  facet normal 0.849199 0.528073 0
    outer loop
      vertex 61.4878 35.5 53
      vertex 59.0343 39.4455 43
      vertex 59.0343 39.4455 53
    endloop
  endfacet
  facet normal 0.849199 0.528073 0
    outer loop
      vertex 59.0343 39.4455 43
      vertex 61.4878 35.5 53
      vertex 61.4878 35.5 43
    endloop
  endfacet
  facet normal 0.812854 0.582467 0
    outer loop
      vertex 59.0343 39.4455 53
      vertex 56.3281 43.2221 43
      vertex 56.3281 43.2221 53
    endloop
  endfacet
  facet normal 0.812854 0.582467 0
    outer loop
      vertex 56.3281 43.2221 43
      vertex 59.0343 39.4455 53
      vertex 59.0343 39.4455 43
    endloop
  endfacet
  facet normal 0.227089 0.973874 -0
    outer loop
      vertex 18.3762 68.5807 43
      vertex 13.8514 69.6358 53
      vertex 18.3762 68.5807 53
    endloop
  endfacet
  facet normal 0.227089 0.973874 0
    outer loop
      vertex 13.8514 69.6358 53
      vertex 18.3762 68.5807 43
      vertex 13.8514 69.6358 43
    endloop
  endfacet
  facet normal 0.290289 0.956939 -0
    outer loop
      vertex 22.8222 67.232 43
      vertex 18.3762 68.5807 53
      vertex 22.8222 67.232 53
    endloop
  endfacet
  facet normal 0.290289 0.956939 0
    outer loop
      vertex 18.3762 68.5807 53
      vertex 22.8222 67.232 43
      vertex 18.3762 68.5807 43
    endloop
  endfacet
  facet normal 0.0980174 0.995185 -0
    outer loop
      vertex 9.26736 70.3926 43
      vertex 4.64362 70.848 53
      vertex 9.26736 70.3926 53
    endloop
  endfacet
  facet normal 0.0980174 0.995185 0
    outer loop
      vertex 4.64362 70.848 53
      vertex 9.26736 70.3926 43
      vertex 4.64362 70.848 43
    endloop
  endfacet
  facet normal 0.582467 0.812854 -0
    outer loop
      vertex 43.2221 56.3281 43
      vertex 39.4455 59.0343 53
      vertex 43.2221 56.3281 53
    endloop
  endfacet
  facet normal 0.582467 0.812854 0
    outer loop
      vertex 39.4455 59.0343 53
      vertex 43.2221 56.3281 43
      vertex 39.4455 59.0343 43
    endloop
  endfacet
  facet normal 0.528073 0.849199 -0
    outer loop
      vertex 39.4455 59.0343 43
      vertex 35.5 61.4878 53
      vertex 39.4455 59.0343 53
    endloop
  endfacet
  facet normal 0.528073 0.849199 0
    outer loop
      vertex 35.5 61.4878 53
      vertex 39.4455 59.0343 43
      vertex 35.5 61.4878 43
    endloop
  endfacet
  facet normal -0.973874 0.227089 0
    outer loop
      vertex -69.6358 13.8514 43
      vertex -68.5807 18.3762 53
      vertex -68.5807 18.3762 43
    endloop
  endfacet
  facet normal -0.973874 0.227089 0
    outer loop
      vertex -68.5807 18.3762 53
      vertex -69.6358 13.8514 43
      vertex -69.6358 13.8514 53
    endloop
  endfacet
  facet normal -0.773007 0.634397 0
    outer loop
      vertex -56.3281 43.2221 43
      vertex -53.3806 46.8136 53
      vertex -53.3806 46.8136 43
    endloop
  endfacet
  facet normal -0.773007 0.634397 0
    outer loop
      vertex -53.3806 46.8136 53
      vertex -56.3281 43.2221 43
      vertex -56.3281 43.2221 53
    endloop
  endfacet
  facet normal -0.956939 0.290289 0
    outer loop
      vertex -68.5807 18.3762 43
      vertex -67.232 22.8222 53
      vertex -67.232 22.8222 43
    endloop
  endfacet
  facet normal -0.956939 0.290289 0
    outer loop
      vertex -67.232 22.8222 53
      vertex -68.5807 18.3762 43
      vertex -68.5807 18.3762 53
    endloop
  endfacet
  facet normal -0.995185 0.0980174 0
    outer loop
      vertex -70.848 4.64362 43
      vertex -70.3926 9.26736 53
      vertex -70.3926 9.26736 43
    endloop
  endfacet
  facet normal -0.995185 0.0980174 0
    outer loop
      vertex -70.3926 9.26736 53
      vertex -70.848 4.64362 43
      vertex -70.848 4.64362 53
    endloop
  endfacet
  facet normal -0.471404 0.881918 0
    outer loop
      vertex -31.4025 63.678 43
      vertex -35.5 61.4878 53
      vertex -31.4025 63.678 53
    endloop
  endfacet
  facet normal -0.471404 0.881918 0
    outer loop
      vertex -35.5 61.4878 53
      vertex -31.4025 63.678 43
      vertex -35.5 61.4878 43
    endloop
  endfacet
  facet normal -0.528073 0.849199 0
    outer loop
      vertex -35.5 61.4878 43
      vertex -39.4455 59.0343 53
      vertex -35.5 61.4878 53
    endloop
  endfacet
  facet normal -0.528073 0.849199 0
    outer loop
      vertex -39.4455 59.0343 53
      vertex -35.5 61.4878 43
      vertex -39.4455 59.0343 43
    endloop
  endfacet
  facet normal -0.582467 0.812854 0
    outer loop
      vertex -39.4455 59.0343 43
      vertex -43.2221 56.3281 53
      vertex -39.4455 59.0343 53
    endloop
  endfacet
  facet normal -0.582467 0.812854 0
    outer loop
      vertex -43.2221 56.3281 53
      vertex -39.4455 59.0343 43
      vertex -43.2221 56.3281 43
    endloop
  endfacet
  facet normal -0.227089 0.973874 0
    outer loop
      vertex -13.8514 69.6358 43
      vertex -18.3762 68.5807 53
      vertex -13.8514 69.6358 53
    endloop
  endfacet
  facet normal -0.227089 0.973874 0
    outer loop
      vertex -18.3762 68.5807 53
      vertex -13.8514 69.6358 43
      vertex -18.3762 68.5807 43
    endloop
  endfacet
  facet normal -0.0327156 0.999465 0
    outer loop
      vertex 0 71 43
      vertex -4.64362 70.848 53
      vertex 0 71 53
    endloop
  endfacet
  facet normal -0.0327156 0.999465 0
    outer loop
      vertex -4.64362 70.848 53
      vertex 0 71 43
      vertex -4.64362 70.848 43
    endloop
  endfacet
  facet normal 0.0980174 -0.995185 0
    outer loop
      vertex 4.64362 -70.848 43
      vertex 9.26736 -70.3926 53
      vertex 4.64362 -70.848 53
    endloop
  endfacet
  facet normal 0.0980174 -0.995185 0
    outer loop
      vertex 9.26736 -70.3926 53
      vertex 4.64362 -70.848 43
      vertex 9.26736 -70.3926 43
    endloop
  endfacet
  facet normal 0.0327156 -0.999465 0
    outer loop
      vertex 0 -71 43
      vertex 4.64362 -70.848 53
      vertex 0 -71 53
    endloop
  endfacet
  facet normal 0.0327156 -0.999465 0
    outer loop
      vertex 4.64362 -70.848 53
      vertex 0 -71 43
      vertex 4.64362 -70.848 43
    endloop
  endfacet
  facet normal 0.352253 -0.935905 0
    outer loop
      vertex 22.8222 -67.232 43
      vertex 27.1705 -65.5954 53
      vertex 22.8222 -67.232 53
    endloop
  endfacet
  facet normal 0.352253 -0.935905 0
    outer loop
      vertex 27.1705 -65.5954 53
      vertex 22.8222 -67.232 43
      vertex 27.1705 -65.5954 43
    endloop
  endfacet
  facet normal 0.582467 -0.812854 0
    outer loop
      vertex 39.4455 -59.0343 43
      vertex 43.2221 -56.3281 53
      vertex 39.4455 -59.0343 53
    endloop
  endfacet
  facet normal 0.582467 -0.812854 0
    outer loop
      vertex 43.2221 -56.3281 53
      vertex 39.4455 -59.0343 43
      vertex 43.2221 -56.3281 43
    endloop
  endfacet
  facet normal 0.528073 -0.849199 0
    outer loop
      vertex 35.5 -61.4878 43
      vertex 39.4455 -59.0343 53
      vertex 35.5 -61.4878 53
    endloop
  endfacet
  facet normal 0.528073 -0.849199 0
    outer loop
      vertex 39.4455 -59.0343 53
      vertex 35.5 -61.4878 43
      vertex 39.4455 -59.0343 43
    endloop
  endfacet
  facet normal 0.910871 -0.41269 0
    outer loop
      vertex 63.678 -31.4025 53
      vertex 65.5954 -27.1705 43
      vertex 65.5954 -27.1705 53
    endloop
  endfacet
  facet normal 0.910871 -0.41269 0
    outer loop
      vertex 65.5954 -27.1705 43
      vertex 63.678 -31.4025 53
      vertex 63.678 -31.4025 43
    endloop
  endfacet
  facet normal 0.973874 -0.227089 0
    outer loop
      vertex 68.5807 -18.3762 53
      vertex 69.6358 -13.8514 43
      vertex 69.6358 -13.8514 53
    endloop
  endfacet
  facet normal 0.973874 -0.227089 0
    outer loop
      vertex 69.6358 -13.8514 43
      vertex 68.5807 -18.3762 53
      vertex 68.5807 -18.3762 43
    endloop
  endfacet
  facet normal 0.986644 -0.16289 0
    outer loop
      vertex 69.6358 -13.8514 53
      vertex 70.3926 -9.26736 43
      vertex 70.3926 -9.26736 53
    endloop
  endfacet
  facet normal 0.986644 -0.16289 0
    outer loop
      vertex 70.3926 -9.26736 43
      vertex 69.6358 -13.8514 53
      vertex 69.6358 -13.8514 43
    endloop
  endfacet
  facet normal -0.41269 -0.910871 0
    outer loop
      vertex -31.4025 -63.678 43
      vertex -27.1705 -65.5954 53
      vertex -31.4025 -63.678 53
    endloop
  endfacet
  facet normal -0.41269 -0.910871 -0
    outer loop
      vertex -27.1705 -65.5954 53
      vertex -31.4025 -63.678 43
      vertex -27.1705 -65.5954 43
    endloop
  endfacet
  facet normal -0.528073 -0.849199 0
    outer loop
      vertex -39.4455 -59.0343 43
      vertex -35.5 -61.4878 53
      vertex -39.4455 -59.0343 53
    endloop
  endfacet
  facet normal -0.528073 -0.849199 -0
    outer loop
      vertex -35.5 -61.4878 53
      vertex -39.4455 -59.0343 43
      vertex -35.5 -61.4878 43
    endloop
  endfacet
  facet normal -0.16289 -0.986644 0
    outer loop
      vertex -13.8514 -69.6358 43
      vertex -9.26736 -70.3926 53
      vertex -13.8514 -69.6358 53
    endloop
  endfacet
  facet normal -0.16289 -0.986644 -0
    outer loop
      vertex -9.26736 -70.3926 53
      vertex -13.8514 -69.6358 43
      vertex -9.26736 -70.3926 43
    endloop
  endfacet
  facet normal -0.849199 -0.528073 0
    outer loop
      vertex -59.0343 -39.4455 43
      vertex -61.4878 -35.5 53
      vertex -61.4878 -35.5 43
    endloop
  endfacet
  facet normal -0.849199 -0.528073 0
    outer loop
      vertex -61.4878 -35.5 53
      vertex -59.0343 -39.4455 43
      vertex -59.0343 -39.4455 53
    endloop
  endfacet
  facet normal -0.812854 -0.582467 0
    outer loop
      vertex -56.3281 -43.2221 43
      vertex -59.0343 -39.4455 53
      vertex -59.0343 -39.4455 43
    endloop
  endfacet
  facet normal -0.812854 -0.582467 0
    outer loop
      vertex -59.0343 -39.4455 53
      vertex -56.3281 -43.2221 43
      vertex -56.3281 -43.2221 53
    endloop
  endfacet
  facet normal -0.999465 -0.0327156 0
    outer loop
      vertex -70.848 -4.64362 43
      vertex -71 0 53
      vertex -71 0 43
    endloop
  endfacet
  facet normal -0.999465 -0.0327156 0
    outer loop
      vertex -71 0 53
      vertex -70.848 -4.64362 43
      vertex -70.848 -4.64362 53
    endloop
  endfacet
  facet normal -0.973874 -0.227089 0
    outer loop
      vertex -68.5807 -18.3762 43
      vertex -69.6358 -13.8514 53
      vertex -69.6358 -13.8514 43
    endloop
  endfacet
  facet normal -0.973874 -0.227089 0
    outer loop
      vertex -69.6358 -13.8514 53
      vertex -68.5807 -18.3762 43
      vertex -68.5807 -18.3762 53
    endloop
  endfacet
  facet normal 0 0 -1
    outer loop
      vertex 57.5 0 43
      vertex 71 0 43
      vertex 70.848 -4.64362 43
    endloop
  endfacet
  facet normal 0 0 -1
    outer loop
      vertex 57.3769 -3.76068 43
      vertex 70.848 -4.64362 43
      vertex 70.3926 -9.26736 43
    endloop
  endfacet
  facet normal 0 0 -1
    outer loop
      vertex 71 0 43
      vertex 57.5 0 43
      vertex 70.848 4.64362 43
    endloop
  endfacet
  facet normal 0 0 -1
    outer loop
      vertex 57.0081 -7.50526 43
      vertex 70.3926 -9.26736 43
      vertex 69.6358 -13.8514 43
    endloop
  endfacet
  facet normal 0 0 -1
    outer loop
      vertex 57.3769 3.76068 43
      vertex 70.848 4.64362 43
      vertex 57.5 0 43
    endloop
  endfacet
  facet normal 0 0 -1
    outer loop
      vertex 56.3952 -11.2177 43
      vertex 69.6358 -13.8514 43
      vertex 68.5807 -18.3762 43
    endloop
  endfacet
  facet normal -0 0 -1
    outer loop
      vertex 70.848 4.64362 43
      vertex 57.3769 3.76068 43
      vertex 70.3926 9.26736 43
    endloop
  endfacet
  facet normal 0 0 -1
    outer loop
      vertex 55.5407 -14.8821 43
      vertex 68.5807 -18.3762 43
      vertex 67.232 -22.8222 43
    endloop
  endfacet
  facet normal 0 0 -1
    outer loop
      vertex 57.0081 7.50526 43
      vertex 70.3926 9.26736 43
      vertex 57.3769 3.76068 43
    endloop
  endfacet
  facet normal 0 0 -1
    outer loop
      vertex 54.4485 -18.4828 43
      vertex 67.232 -22.8222 43
      vertex 65.5954 -27.1705 43
    endloop
  endfacet
  facet normal -0 0 -1
    outer loop
      vertex 70.3926 9.26736 43
      vertex 57.0081 7.50526 43
      vertex 69.6358 13.8514 43
    endloop
  endfacet
  facet normal 0 0 -1
    outer loop
      vertex 53.1231 -22.0043 43
      vertex 65.5954 -27.1705 43
      vertex 63.678 -31.4025 43
    endloop
  endfacet
  facet normal 0 0 -1
    outer loop
      vertex 56.3952 11.2177 43
      vertex 69.6358 13.8514 43
      vertex 57.0081 7.50526 43
    endloop
  endfacet
  facet normal 0 0 -1
    outer loop
      vertex 51.5702 -25.4316 43
      vertex 63.678 -31.4025 43
      vertex 61.4878 -35.5 43
    endloop
  endfacet
  facet normal -0 0 -1
    outer loop
      vertex 69.6358 13.8514 43
      vertex 56.3952 11.2177 43
      vertex 68.5807 18.3762 43
    endloop
  endfacet
  facet normal 0 0 -1
    outer loop
      vertex 49.7965 -28.75 43
      vertex 61.4878 -35.5 43
      vertex 59.0343 -39.4455 43
    endloop
  endfacet
  facet normal 0 0 -1
    outer loop
      vertex 55.5407 14.8821 43
      vertex 68.5807 18.3762 43
      vertex 56.3952 11.2177 43
    endloop
  endfacet
  facet normal -0 0 -1
    outer loop
      vertex 68.5807 18.3762 43
      vertex 55.5407 14.8821 43
      vertex 67.232 22.8222 43
    endloop
  endfacet
  facet normal 0 0 -1
    outer loop
      vertex 70.848 -4.64362 43
      vertex 57.3769 -3.76068 43
      vertex 57.5 0 43
    endloop
  endfacet
  facet normal 0 0 -1
    outer loop
      vertex 70.3926 -9.26736 43
      vertex 57.0081 -7.50526 43
      vertex 57.3769 -3.76068 43
    endloop
  endfacet
  facet normal 0 0 -1
    outer loop
      vertex 69.6358 -13.8514 43
      vertex 56.3952 -11.2177 43
      vertex 57.0081 -7.50526 43
    endloop
  endfacet
  facet normal 0 0 -1
    outer loop
      vertex 47.8095 -31.9453 43
      vertex 59.0343 -39.4455 43
      vertex 56.3281 -43.2221 43
    endloop
  endfacet
  facet normal 0 0 -1
    outer loop
      vertex 68.5807 -18.3762 43
      vertex 55.5407 -14.8821 43
      vertex 56.3952 -11.2177 43
    endloop
  endfacet
  facet normal 0 0 -1
    outer loop
      vertex 67.232 -22.8222 43
      vertex 54.4485 -18.4828 43
      vertex 55.5407 -14.8821 43
    endloop
  endfacet
  facet normal 0 0 -1
    outer loop
      vertex 45.6178 -35.0038 43
      vertex 56.3281 -43.2221 43
      vertex 53.3806 -46.8136 43
    endloop
  endfacet
  facet normal 0 0 -1
    outer loop
      vertex 65.5954 -27.1705 43
      vertex 53.1231 -22.0043 43
      vertex 54.4485 -18.4828 43
    endloop
  endfacet
  facet normal 0 0 -1
    outer loop
      vertex 63.678 -31.4025 43
      vertex 51.5702 -25.4316 43
      vertex 53.1231 -22.0043 43
    endloop
  endfacet
  facet normal 0 0 -1
    outer loop
      vertex 43.2308 -37.9124 43
      vertex 53.3806 -46.8136 43
      vertex 50.2046 -50.2046 43
    endloop
  endfacet
  facet normal 0 0 -1
    outer loop
      vertex 61.4878 -35.5 43
      vertex 49.7965 -28.75 43
      vertex 51.5702 -25.4316 43
    endloop
  endfacet
  facet normal 0 0 -1
    outer loop
      vertex 59.0343 -39.4455 43
      vertex 47.8095 -31.9453 43
      vertex 49.7965 -28.75 43
    endloop
  endfacet
  facet normal 0 0 -1
    outer loop
      vertex 40.6586 -40.6586 43
      vertex 50.2046 -50.2046 43
      vertex 46.8136 -53.3806 43
    endloop
  endfacet
  facet normal 0 0 -1
    outer loop
      vertex 56.3281 -43.2221 43
      vertex 45.6178 -35.0038 43
      vertex 47.8095 -31.9453 43
    endloop
  endfacet
  facet normal 0 0 -1
    outer loop
      vertex 53.3806 -46.8136 43
      vertex 43.2308 -37.9124 43
      vertex 45.6178 -35.0038 43
    endloop
  endfacet
  facet normal 0 0 -1
    outer loop
      vertex 37.9124 -43.2308 43
      vertex 46.8136 -53.3806 43
      vertex 43.2221 -56.3281 43
    endloop
  endfacet
  facet normal 0 0 -1
    outer loop
      vertex 50.2046 -50.2046 43
      vertex 40.6586 -40.6586 43
      vertex 43.2308 -37.9124 43
    endloop
  endfacet
  facet normal 0 0 -1
    outer loop
      vertex 35.0038 -45.6178 43
      vertex 43.2221 -56.3281 43
      vertex 39.4455 -59.0343 43
    endloop
  endfacet
  facet normal 0 0 -1
    outer loop
      vertex 46.8136 -53.3806 43
      vertex 37.9124 -43.2308 43
      vertex 40.6586 -40.6586 43
    endloop
  endfacet
  facet normal 0 0 -1
    outer loop
      vertex 31.9453 -47.8095 43
      vertex 39.4455 -59.0343 43
      vertex 35.5 -61.4878 43
    endloop
  endfacet
  facet normal 0 0 -1
    outer loop
      vertex 43.2221 -56.3281 43
      vertex 35.0038 -45.6178 43
      vertex 37.9124 -43.2308 43
    endloop
  endfacet
  facet normal 0 0 -1
    outer loop
      vertex 39.4455 -59.0343 43
      vertex 31.9453 -47.8095 43
      vertex 35.0038 -45.6178 43
    endloop
  endfacet
  facet normal 0 0 -1
    outer loop
      vertex 28.75 -49.7965 43
      vertex 35.5 -61.4878 43
      vertex 31.4025 -63.678 43
    endloop
  endfacet
  facet normal 0 0 -1
    outer loop
      vertex 35.5 -61.4878 43
      vertex 28.75 -49.7965 43
      vertex 31.9453 -47.8095 43
    endloop
  endfacet
  facet normal 0 0 -1
    outer loop
      vertex 25.4316 -51.5702 43
      vertex 31.4025 -63.678 43
      vertex 27.1705 -65.5954 43
    endloop
  endfacet
  facet normal 0 0 -1
    outer loop
      vertex 31.4025 -63.678 43
      vertex 25.4316 -51.5702 43
      vertex 28.75 -49.7965 43
    endloop
  endfacet
  facet normal 0 0 -1
    outer loop
      vertex 22.0043 -53.1231 43
      vertex 27.1705 -65.5954 43
      vertex 22.8222 -67.232 43
    endloop
  endfacet
  facet normal 0 0 -1
    outer loop
      vertex 27.1705 -65.5954 43
      vertex 22.0043 -53.1231 43
      vertex 25.4316 -51.5702 43
    endloop
  endfacet
  facet normal 0 0 -1
    outer loop
      vertex 22.8222 -67.232 43
      vertex 18.4828 -54.4485 43
      vertex 22.0043 -53.1231 43
    endloop
  endfacet
  facet normal 0 0 -1
    outer loop
      vertex 18.3762 -68.5807 43
      vertex 18.4828 -54.4485 43
      vertex 22.8222 -67.232 43
    endloop
  endfacet
  facet normal 0 0 -1
    outer loop
      vertex 18.3762 -68.5807 43
      vertex 14.8821 -55.5407 43
      vertex 18.4828 -54.4485 43
    endloop
  endfacet
  facet normal 0 0 -1
    outer loop
      vertex 13.8514 -69.6358 43
      vertex 14.8821 -55.5407 43
      vertex 18.3762 -68.5807 43
    endloop
  endfacet
  facet normal 0 0 -1
    outer loop
      vertex 13.8514 -69.6358 43
      vertex 11.2177 -56.3952 43
      vertex 14.8821 -55.5407 43
    endloop
  endfacet
  facet normal 0 0 -1
    outer loop
      vertex 9.26736 -70.3926 43
      vertex 11.2177 -56.3952 43
      vertex 13.8514 -69.6358 43
    endloop
  endfacet
  facet normal 0 0 -1
    outer loop
      vertex 9.26736 -70.3926 43
      vertex 7.50526 -57.0081 43
      vertex 11.2177 -56.3952 43
    endloop
  endfacet
  facet normal 0 0 -1
    outer loop
      vertex 4.64362 -70.848 43
      vertex 7.50526 -57.0081 43
      vertex 9.26736 -70.3926 43
    endloop
  endfacet
  facet normal 0 0 -1
    outer loop
      vertex 4.64362 -70.848 43
      vertex 3.76068 -57.3769 43
      vertex 7.50526 -57.0081 43
    endloop
  endfacet
  facet normal 0 0 -1
    outer loop
      vertex 0 -71 43
      vertex 3.76068 -57.3769 43
      vertex 4.64362 -70.848 43
    endloop
  endfacet
  facet normal 0 0 -1
    outer loop
      vertex 0 -71 43
      vertex 0 -57.5 43
      vertex 3.76068 -57.3769 43
    endloop
  endfacet
  facet normal 0 0 -1
    outer loop
      vertex 0 -71 43
      vertex -3.76068 -57.3769 43
      vertex 0 -57.5 43
    endloop
  endfacet
  facet normal 0 0 -1
    outer loop
      vertex -4.64362 -70.848 43
      vertex -3.76068 -57.3769 43
      vertex 0 -71 43
    endloop
  endfacet
  facet normal 0 0 -1
    outer loop
      vertex -4.64362 -70.848 43
      vertex -7.50526 -57.0081 43
      vertex -3.76068 -57.3769 43
    endloop
  endfacet
  facet normal 0 0 -1
    outer loop
      vertex -9.26736 -70.3926 43
      vertex -7.50526 -57.0081 43
      vertex -4.64362 -70.848 43
    endloop
  endfacet
  facet normal 0 0 -1
    outer loop
      vertex -9.26736 -70.3926 43
      vertex -11.2177 -56.3952 43
      vertex -7.50526 -57.0081 43
    endloop
  endfacet
  facet normal 0 0 -1
    outer loop
      vertex -13.8514 -69.6358 43
      vertex -11.2177 -56.3952 43
      vertex -9.26736 -70.3926 43
    endloop
  endfacet
  facet normal 0 0 -1
    outer loop
      vertex -13.8514 -69.6358 43
      vertex -14.8821 -55.5407 43
      vertex -11.2177 -56.3952 43
    endloop
  endfacet
  facet normal 0 0 -1
    outer loop
      vertex -18.3762 -68.5807 43
      vertex -14.8821 -55.5407 43
      vertex -13.8514 -69.6358 43
    endloop
  endfacet
  facet normal 0 0 -1
    outer loop
      vertex -18.3762 -68.5807 43
      vertex -18.4828 -54.4485 43
      vertex -14.8821 -55.5407 43
    endloop
  endfacet
  facet normal 0 0 -1
    outer loop
      vertex -22.8222 -67.232 43
      vertex -18.4828 -54.4485 43
      vertex -18.3762 -68.5807 43
    endloop
  endfacet
  facet normal -0 0 -1
    outer loop
      vertex -18.4828 -54.4485 43
      vertex -22.8222 -67.232 43
      vertex -22.0043 -53.1231 43
    endloop
  endfacet
  facet normal 0 0 -1
    outer loop
      vertex -27.1705 -65.5954 43
      vertex -22.0043 -53.1231 43
      vertex -22.8222 -67.232 43
    endloop
  endfacet
  facet normal -0 0 -1
    outer loop
      vertex -22.0043 -53.1231 43
      vertex -27.1705 -65.5954 43
      vertex -25.4316 -51.5702 43
    endloop
  endfacet
  facet normal 0 0 -1
    outer loop
      vertex -31.4025 -63.678 43
      vertex -25.4316 -51.5702 43
      vertex -27.1705 -65.5954 43
    endloop
  endfacet
  facet normal -0 0 -1
    outer loop
      vertex -25.4316 -51.5702 43
      vertex -31.4025 -63.678 43
      vertex -28.75 -49.7965 43
    endloop
  endfacet
  facet normal 0 0 -1
    outer loop
      vertex -35.5 -61.4878 43
      vertex -28.75 -49.7965 43
      vertex -31.4025 -63.678 43
    endloop
  endfacet
  facet normal -0 0 -1
    outer loop
      vertex -28.75 -49.7965 43
      vertex -35.5 -61.4878 43
      vertex -31.9453 -47.8095 43
    endloop
  endfacet
  facet normal 0 0 -1
    outer loop
      vertex -39.4455 -59.0343 43
      vertex -31.9453 -47.8095 43
      vertex -35.5 -61.4878 43
    endloop
  endfacet
  facet normal -0 0 -1
    outer loop
      vertex -31.9453 -47.8095 43
      vertex -39.4455 -59.0343 43
      vertex -35.0038 -45.6178 43
    endloop
  endfacet
  facet normal 0 0 -1
    outer loop
      vertex -43.2221 -56.3281 43
      vertex -35.0038 -45.6178 43
      vertex -39.4455 -59.0343 43
    endloop
  endfacet
  facet normal -0 0 -1
    outer loop
      vertex -35.0038 -45.6178 43
      vertex -43.2221 -56.3281 43
      vertex -37.9124 -43.2308 43
    endloop
  endfacet
  facet normal 0 0 -1
    outer loop
      vertex -46.8136 -53.3806 43
      vertex -37.9124 -43.2308 43
      vertex -43.2221 -56.3281 43
    endloop
  endfacet
  facet normal -0 0 -1
    outer loop
      vertex -37.9124 -43.2308 43
      vertex -46.8136 -53.3806 43
      vertex -40.6586 -40.6586 43
    endloop
  endfacet
  facet normal 0 0 -1
    outer loop
      vertex -50.2046 -50.2046 43
      vertex -40.6586 -40.6586 43
      vertex -46.8136 -53.3806 43
    endloop
  endfacet
  facet normal -0 0 -1
    outer loop
      vertex -40.6586 -40.6586 43
      vertex -50.2046 -50.2046 43
      vertex -43.2308 -37.9124 43
    endloop
  endfacet
  facet normal 0 0 -1
    outer loop
      vertex -53.3806 -46.8136 43
      vertex -43.2308 -37.9124 43
      vertex -50.2046 -50.2046 43
    endloop
  endfacet
  facet normal -0 0 -1
    outer loop
      vertex -43.2308 -37.9124 43
      vertex -53.3806 -46.8136 43
      vertex -45.6178 -35.0038 43
    endloop
  endfacet
  facet normal 0 0 -1
    outer loop
      vertex -56.3281 -43.2221 43
      vertex -45.6178 -35.0038 43
      vertex -53.3806 -46.8136 43
    endloop
  endfacet
  facet normal -0 0 -1
    outer loop
      vertex -45.6178 -35.0038 43
      vertex -56.3281 -43.2221 43
      vertex -47.8095 -31.9453 43
    endloop
  endfacet
  facet normal 0 0 -1
    outer loop
      vertex -59.0343 -39.4455 43
      vertex -47.8095 -31.9453 43
      vertex -56.3281 -43.2221 43
    endloop
  endfacet
  facet normal -0 0 -1
    outer loop
      vertex -47.8095 -31.9453 43
      vertex -59.0343 -39.4455 43
      vertex -49.7965 -28.75 43
    endloop
  endfacet
  facet normal 0 0 -1
    outer loop
      vertex -61.4878 -35.5 43
      vertex -49.7965 -28.75 43
      vertex -59.0343 -39.4455 43
    endloop
  endfacet
  facet normal -0 0 -1
    outer loop
      vertex -49.7965 -28.75 43
      vertex -61.4878 -35.5 43
      vertex -51.5702 -25.4316 43
    endloop
  endfacet
  facet normal 0 0 -1
    outer loop
      vertex -63.678 -31.4025 43
      vertex -51.5702 -25.4316 43
      vertex -61.4878 -35.5 43
    endloop
  endfacet
  facet normal -0 0 -1
    outer loop
      vertex -51.5702 -25.4316 43
      vertex -63.678 -31.4025 43
      vertex -53.1231 -22.0043 43
    endloop
  endfacet
  facet normal 0 0 -1
    outer loop
      vertex -65.5954 -27.1705 43
      vertex -53.1231 -22.0043 43
      vertex -63.678 -31.4025 43
    endloop
  endfacet
  facet normal -0 0 -1
    outer loop
      vertex -53.1231 -22.0043 43
      vertex -65.5954 -27.1705 43
      vertex -54.4485 -18.4828 43
    endloop
  endfacet
  facet normal 0 0 -1
    outer loop
      vertex -67.232 -22.8222 43
      vertex -54.4485 -18.4828 43
      vertex -65.5954 -27.1705 43
    endloop
  endfacet
  facet normal -0 0 -1
    outer loop
      vertex -54.4485 -18.4828 43
      vertex -67.232 -22.8222 43
      vertex -55.5407 -14.8821 43
    endloop
  endfacet
  facet normal 0 0 -1
    outer loop
      vertex 54.4485 18.4828 43
      vertex 67.232 22.8222 43
      vertex 55.5407 14.8821 43
    endloop
  endfacet
  facet normal -0 0 -1
    outer loop
      vertex 67.232 22.8222 43
      vertex 54.4485 18.4828 43
      vertex 65.5954 27.1705 43
    endloop
  endfacet
  facet normal 0 0 -1
    outer loop
      vertex 53.1231 22.0043 43
      vertex 65.5954 27.1705 43
      vertex 54.4485 18.4828 43
    endloop
  endfacet
  facet normal -0 0 -1
    outer loop
      vertex 65.5954 27.1705 43
      vertex 53.1231 22.0043 43
      vertex 63.678 31.4025 43
    endloop
  endfacet
  facet normal 0 0 -1
    outer loop
      vertex 51.5702 25.4316 43
      vertex 63.678 31.4025 43
      vertex 53.1231 22.0043 43
    endloop
  endfacet
  facet normal -0 0 -1
    outer loop
      vertex 63.678 31.4025 43
      vertex 51.5702 25.4316 43
      vertex 61.4878 35.5 43
    endloop
  endfacet
  facet normal 0 0 -1
    outer loop
      vertex 49.7965 28.75 43
      vertex 61.4878 35.5 43
      vertex 51.5702 25.4316 43
    endloop
  endfacet
  facet normal -0 0 -1
    outer loop
      vertex 61.4878 35.5 43
      vertex 49.7965 28.75 43
      vertex 59.0343 39.4455 43
    endloop
  endfacet
  facet normal 0 0 -1
    outer loop
      vertex 47.8095 31.9453 43
      vertex 59.0343 39.4455 43
      vertex 49.7965 28.75 43
    endloop
  endfacet
  facet normal -0 0 -1
    outer loop
      vertex 59.0343 39.4455 43
      vertex 47.8095 31.9453 43
      vertex 56.3281 43.2221 43
    endloop
  endfacet
  facet normal 0 0 -1
    outer loop
      vertex 45.6178 35.0038 43
      vertex 56.3281 43.2221 43
      vertex 47.8095 31.9453 43
    endloop
  endfacet
  facet normal -0 0 -1
    outer loop
      vertex 56.3281 43.2221 43
      vertex 45.6178 35.0038 43
      vertex 53.3806 46.8136 43
    endloop
  endfacet
  facet normal 0 0 -1
    outer loop
      vertex 43.2308 37.9124 43
      vertex 53.3806 46.8136 43
      vertex 45.6178 35.0038 43
    endloop
  endfacet
  facet normal -0 0 -1
    outer loop
      vertex 53.3806 46.8136 43
      vertex 43.2308 37.9124 43
      vertex 50.2046 50.2046 43
    endloop
  endfacet
  facet normal 0 0 -1
    outer loop
      vertex 40.6586 40.6586 43
      vertex 50.2046 50.2046 43
      vertex 43.2308 37.9124 43
    endloop
  endfacet
  facet normal -0 0 -1
    outer loop
      vertex 50.2046 50.2046 43
      vertex 40.6586 40.6586 43
      vertex 46.8136 53.3806 43
    endloop
  endfacet
  facet normal 0 0 -1
    outer loop
      vertex 37.9124 43.2308 43
      vertex 46.8136 53.3806 43
      vertex 40.6586 40.6586 43
    endloop
  endfacet
  facet normal -0 0 -1
    outer loop
      vertex 46.8136 53.3806 43
      vertex 37.9124 43.2308 43
      vertex 43.2221 56.3281 43
    endloop
  endfacet
  facet normal 0 0 -1
    outer loop
      vertex 35.0038 45.6178 43
      vertex 43.2221 56.3281 43
      vertex 37.9124 43.2308 43
    endloop
  endfacet
  facet normal -0 0 -1
    outer loop
      vertex 43.2221 56.3281 43
      vertex 35.0038 45.6178 43
      vertex 39.4455 59.0343 43
    endloop
  endfacet
  facet normal 0 0 -1
    outer loop
      vertex 31.9453 47.8095 43
      vertex 39.4455 59.0343 43
      vertex 35.0038 45.6178 43
    endloop
  endfacet
  facet normal -0 0 -1
    outer loop
      vertex 39.4455 59.0343 43
      vertex 31.9453 47.8095 43
      vertex 35.5 61.4878 43
    endloop
  endfacet
  facet normal 0 0 -1
    outer loop
      vertex 28.75 49.7965 43
      vertex 35.5 61.4878 43
      vertex 31.9453 47.8095 43
    endloop
  endfacet
  facet normal -0 0 -1
    outer loop
      vertex 35.5 61.4878 43
      vertex 28.75 49.7965 43
      vertex 31.4025 63.678 43
    endloop
  endfacet
  facet normal 0 0 -1
    outer loop
      vertex 25.4316 51.5702 43
      vertex 31.4025 63.678 43
      vertex 28.75 49.7965 43
    endloop
  endfacet
  facet normal -0 0 -1
    outer loop
      vertex 31.4025 63.678 43
      vertex 25.4316 51.5702 43
      vertex 27.1705 65.5954 43
    endloop
  endfacet
  facet normal 0 0 -1
    outer loop
      vertex 22.0043 53.1231 43
      vertex 27.1705 65.5954 43
      vertex 25.4316 51.5702 43
    endloop
  endfacet
  facet normal -0 0 -1
    outer loop
      vertex 27.1705 65.5954 43
      vertex 22.0043 53.1231 43
      vertex 22.8222 67.232 43
    endloop
  endfacet
  facet normal 0 0 -1
    outer loop
      vertex 18.4828 54.4485 43
      vertex 22.8222 67.232 43
      vertex 22.0043 53.1231 43
    endloop
  endfacet
  facet normal 0 0 -1
    outer loop
      vertex 18.4828 54.4485 43
      vertex 18.3762 68.5807 43
      vertex 22.8222 67.232 43
    endloop
  endfacet
  facet normal 0 0 -1
    outer loop
      vertex 14.8821 55.5407 43
      vertex 18.3762 68.5807 43
      vertex 18.4828 54.4485 43
    endloop
  endfacet
  facet normal 0 0 -1
    outer loop
      vertex 14.8821 55.5407 43
      vertex 13.8514 69.6358 43
      vertex 18.3762 68.5807 43
    endloop
  endfacet
  facet normal 0 0 -1
    outer loop
      vertex 11.2177 56.3952 43
      vertex 13.8514 69.6358 43
      vertex 14.8821 55.5407 43
    endloop
  endfacet
  facet normal 0 0 -1
    outer loop
      vertex 11.2177 56.3952 43
      vertex 9.26736 70.3926 43
      vertex 13.8514 69.6358 43
    endloop
  endfacet
  facet normal 0 0 -1
    outer loop
      vertex 7.50526 57.0081 43
      vertex 9.26736 70.3926 43
      vertex 11.2177 56.3952 43
    endloop
  endfacet
  facet normal 0 0 -1
    outer loop
      vertex 7.50526 57.0081 43
      vertex 4.64362 70.848 43
      vertex 9.26736 70.3926 43
    endloop
  endfacet
  facet normal 0 0 -1
    outer loop
      vertex 3.76068 57.3769 43
      vertex 4.64362 70.848 43
      vertex 7.50526 57.0081 43
    endloop
  endfacet
  facet normal 0 0 -1
    outer loop
      vertex 0 57.5 43
      vertex 4.64362 70.848 43
      vertex 3.76068 57.3769 43
    endloop
  endfacet
  facet normal 0 0 -1
    outer loop
      vertex 0 57.5 43
      vertex 0 71 43
      vertex 4.64362 70.848 43
    endloop
  endfacet
  facet normal 0 0 -1
    outer loop
      vertex -3.76068 57.3769 43
      vertex 0 71 43
      vertex 0 57.5 43
    endloop
  endfacet
  facet normal 0 0 -1
    outer loop
      vertex -3.76068 57.3769 43
      vertex -4.64362 70.848 43
      vertex 0 71 43
    endloop
  endfacet
  facet normal 0 0 -1
    outer loop
      vertex -7.50526 57.0081 43
      vertex -4.64362 70.848 43
      vertex -3.76068 57.3769 43
    endloop
  endfacet
  facet normal 0 0 -1
    outer loop
      vertex -7.50526 57.0081 43
      vertex -9.26736 70.3926 43
      vertex -4.64362 70.848 43
    endloop
  endfacet
  facet normal 0 0 -1
    outer loop
      vertex -11.2177 56.3952 43
      vertex -9.26736 70.3926 43
      vertex -7.50526 57.0081 43
    endloop
  endfacet
  facet normal 0 0 -1
    outer loop
      vertex -11.2177 56.3952 43
      vertex -13.8514 69.6358 43
      vertex -9.26736 70.3926 43
    endloop
  endfacet
  facet normal 0 0 -1
    outer loop
      vertex -14.8821 55.5407 43
      vertex -13.8514 69.6358 43
      vertex -11.2177 56.3952 43
    endloop
  endfacet
  facet normal 0 0 -1
    outer loop
      vertex -14.8821 55.5407 43
      vertex -18.3762 68.5807 43
      vertex -13.8514 69.6358 43
    endloop
  endfacet
  facet normal 0 0 -1
    outer loop
      vertex -18.4828 54.4485 43
      vertex -18.3762 68.5807 43
      vertex -14.8821 55.5407 43
    endloop
  endfacet
  facet normal 0 0 -1
    outer loop
      vertex -22.8222 67.232 43
      vertex -18.4828 54.4485 43
      vertex -22.0043 53.1231 43
    endloop
  endfacet
  facet normal 0 0 -1
    outer loop
      vertex -18.4828 54.4485 43
      vertex -22.8222 67.232 43
      vertex -18.3762 68.5807 43
    endloop
  endfacet
  facet normal 0 0 -1
    outer loop
      vertex -27.1705 65.5954 43
      vertex -22.0043 53.1231 43
      vertex -25.4316 51.5702 43
    endloop
  endfacet
  facet normal 0 0 -1
    outer loop
      vertex -22.0043 53.1231 43
      vertex -27.1705 65.5954 43
      vertex -22.8222 67.232 43
    endloop
  endfacet
  facet normal 0 0 -1
    outer loop
      vertex -31.4025 63.678 43
      vertex -25.4316 51.5702 43
      vertex -28.75 49.7965 43
    endloop
  endfacet
  facet normal 0 0 -1
    outer loop
      vertex -25.4316 51.5702 43
      vertex -31.4025 63.678 43
      vertex -27.1705 65.5954 43
    endloop
  endfacet
  facet normal 0 0 -1
    outer loop
      vertex -35.5 61.4878 43
      vertex -28.75 49.7965 43
      vertex -31.9453 47.8095 43
    endloop
  endfacet
  facet normal 0 0 -1
    outer loop
      vertex -39.4455 59.0343 43
      vertex -31.9453 47.8095 43
      vertex -35.0038 45.6178 43
    endloop
  endfacet
  facet normal 0 0 -1
    outer loop
      vertex -28.75 49.7965 43
      vertex -35.5 61.4878 43
      vertex -31.4025 63.678 43
    endloop
  endfacet
  facet normal 0 0 -1
    outer loop
      vertex -43.2221 56.3281 43
      vertex -35.0038 45.6178 43
      vertex -37.9124 43.2308 43
    endloop
  endfacet
  facet normal 0 0 -1
    outer loop
      vertex -31.9453 47.8095 43
      vertex -39.4455 59.0343 43
      vertex -35.5 61.4878 43
    endloop
  endfacet
  facet normal 0 0 -1
    outer loop
      vertex -46.8136 53.3806 43
      vertex -37.9124 43.2308 43
      vertex -40.6586 40.6586 43
    endloop
  endfacet
  facet normal 0 0 -1
    outer loop
      vertex -35.0038 45.6178 43
      vertex -43.2221 56.3281 43
      vertex -39.4455 59.0343 43
    endloop
  endfacet
  facet normal 0 0 -1
    outer loop
      vertex -50.2046 50.2046 43
      vertex -40.6586 40.6586 43
      vertex -43.2308 37.9124 43
    endloop
  endfacet
  facet normal 0 0 -1
    outer loop
      vertex -53.3806 46.8136 43
      vertex -43.2308 37.9124 43
      vertex -45.6178 35.0038 43
    endloop
  endfacet
  facet normal 0 0 -1
    outer loop
      vertex -37.9124 43.2308 43
      vertex -46.8136 53.3806 43
      vertex -43.2221 56.3281 43
    endloop
  endfacet
  facet normal 0 0 -1
    outer loop
      vertex -56.3281 43.2221 43
      vertex -45.6178 35.0038 43
      vertex -47.8095 31.9453 43
    endloop
  endfacet
  facet normal 0 0 -1
    outer loop
      vertex -59.0343 39.4455 43
      vertex -47.8095 31.9453 43
      vertex -49.7965 28.75 43
    endloop
  endfacet
  facet normal 0 0 -1
    outer loop
      vertex -40.6586 40.6586 43
      vertex -50.2046 50.2046 43
      vertex -46.8136 53.3806 43
    endloop
  endfacet
  facet normal 0 0 -1
    outer loop
      vertex -61.4878 35.5 43
      vertex -49.7965 28.75 43
      vertex -51.5702 25.4316 43
    endloop
  endfacet
  facet normal 0 0 -1
    outer loop
      vertex -63.678 31.4025 43
      vertex -51.5702 25.4316 43
      vertex -53.1231 22.0043 43
    endloop
  endfacet
  facet normal 0 0 -1
    outer loop
      vertex -43.2308 37.9124 43
      vertex -53.3806 46.8136 43
      vertex -50.2046 50.2046 43
    endloop
  endfacet
  facet normal 0 0 -1
    outer loop
      vertex -65.5954 27.1705 43
      vertex -53.1231 22.0043 43
      vertex -54.4485 18.4828 43
    endloop
  endfacet
  facet normal 0 0 -1
    outer loop
      vertex -67.232 22.8222 43
      vertex -54.4485 18.4828 43
      vertex -55.5407 14.8821 43
    endloop
  endfacet
  facet normal 0 0 -1
    outer loop
      vertex -45.6178 35.0038 43
      vertex -56.3281 43.2221 43
      vertex -53.3806 46.8136 43
    endloop
  endfacet
  facet normal 0 0 -1
    outer loop
      vertex -68.5807 18.3762 43
      vertex -55.5407 14.8821 43
      vertex -56.3952 11.2177 43
    endloop
  endfacet
  facet normal 0 0 -1
    outer loop
      vertex -69.6358 13.8514 43
      vertex -56.3952 11.2177 43
      vertex -57.0081 7.50526 43
    endloop
  endfacet
  facet normal 0 0 -1
    outer loop
      vertex -70.3926 9.26736 43
      vertex -57.0081 7.50526 43
      vertex -57.3769 3.76068 43
    endloop
  endfacet
  facet normal 0 0 -1
    outer loop
      vertex -70.848 4.64362 43
      vertex -57.3769 3.76068 43
      vertex -57.5 0 43
    endloop
  endfacet
  facet normal 0 0 -1
    outer loop
      vertex -68.5807 -18.3762 43
      vertex -55.5407 -14.8821 43
      vertex -67.232 -22.8222 43
    endloop
  endfacet
  facet normal 0 0 -1
    outer loop
      vertex -47.8095 31.9453 43
      vertex -59.0343 39.4455 43
      vertex -56.3281 43.2221 43
    endloop
  endfacet
  facet normal -0 0 -1
    outer loop
      vertex -55.5407 -14.8821 43
      vertex -68.5807 -18.3762 43
      vertex -56.3952 -11.2177 43
    endloop
  endfacet
  facet normal 0 0 -1
    outer loop
      vertex -49.7965 28.75 43
      vertex -61.4878 35.5 43
      vertex -59.0343 39.4455 43
    endloop
  endfacet
  facet normal 0 0 -1
    outer loop
      vertex -69.6358 -13.8514 43
      vertex -56.3952 -11.2177 43
      vertex -68.5807 -18.3762 43
    endloop
  endfacet
  facet normal 0 0 -1
    outer loop
      vertex -51.5702 25.4316 43
      vertex -63.678 31.4025 43
      vertex -61.4878 35.5 43
    endloop
  endfacet
  facet normal -0 0 -1
    outer loop
      vertex -56.3952 -11.2177 43
      vertex -69.6358 -13.8514 43
      vertex -57.0081 -7.50526 43
    endloop
  endfacet
  facet normal 0 0 -1
    outer loop
      vertex -53.1231 22.0043 43
      vertex -65.5954 27.1705 43
      vertex -63.678 31.4025 43
    endloop
  endfacet
  facet normal 0 0 -1
    outer loop
      vertex -70.3926 -9.26736 43
      vertex -57.0081 -7.50526 43
      vertex -69.6358 -13.8514 43
    endloop
  endfacet
  facet normal 0 0 -1
    outer loop
      vertex -54.4485 18.4828 43
      vertex -67.232 22.8222 43
      vertex -65.5954 27.1705 43
    endloop
  endfacet
  facet normal -0 0 -1
    outer loop
      vertex -57.0081 -7.50526 43
      vertex -70.3926 -9.26736 43
      vertex -57.3769 -3.76068 43
    endloop
  endfacet
  facet normal 0 0 -1
    outer loop
      vertex -55.5407 14.8821 43
      vertex -68.5807 18.3762 43
      vertex -67.232 22.8222 43
    endloop
  endfacet
  facet normal 0 0 -1
    outer loop
      vertex -70.848 -4.64362 43
      vertex -57.3769 -3.76068 43
      vertex -70.3926 -9.26736 43
    endloop
  endfacet
  facet normal 0 0 -1
    outer loop
      vertex -56.3952 11.2177 43
      vertex -69.6358 13.8514 43
      vertex -68.5807 18.3762 43
    endloop
  endfacet
  facet normal -0 0 -1
    outer loop
      vertex -57.3769 -3.76068 43
      vertex -70.848 -4.64362 43
      vertex -57.5 0 43
    endloop
  endfacet
  facet normal 0 0 -1
    outer loop
      vertex -57.0081 7.50526 43
      vertex -70.3926 9.26736 43
      vertex -69.6358 13.8514 43
    endloop
  endfacet
  facet normal 0 0 -1
    outer loop
      vertex -71 0 43
      vertex -57.5 0 43
      vertex -70.848 -4.64362 43
    endloop
  endfacet
  facet normal 0 0 -1
    outer loop
      vertex -57.3769 3.76068 43
      vertex -70.848 4.64362 43
      vertex -70.3926 9.26736 43
    endloop
  endfacet
  facet normal 0 0 -1
    outer loop
      vertex -57.5 0 43
      vertex -71 0 43
      vertex -70.848 4.64362 43
    endloop
  endfacet
  facet normal 0.910871 0.41269 0
    outer loop
      vertex 65.5954 27.1705 53
      vertex 63.678 31.4025 43
      vertex 63.678 31.4025 53
    endloop
  endfacet
  facet normal 0.910871 0.41269 0
    outer loop
      vertex 63.678 31.4025 43
      vertex 65.5954 27.1705 53
      vertex 65.5954 27.1705 43
    endloop
  endfacet
  facet normal 0.881918 0.471404 0
    outer loop
      vertex 63.678 31.4025 53
      vertex 61.4878 35.5 43
      vertex 61.4878 35.5 53
    endloop
  endfacet
  facet normal 0.881918 0.471404 0
    outer loop
      vertex 61.4878 35.5 43
      vertex 63.678 31.4025 53
      vertex 63.678 31.4025 43
    endloop
  endfacet
  facet normal 0.352253 0.935905 -0
    outer loop
      vertex 27.1705 65.5954 43
      vertex 22.8222 67.232 53
      vertex 27.1705 65.5954 53
    endloop
  endfacet
  facet normal 0.352253 0.935905 0
    outer loop
      vertex 22.8222 67.232 53
      vertex 27.1705 65.5954 43
      vertex 22.8222 67.232 43
    endloop
  endfacet
  facet normal 0.41269 0.910871 -0
    outer loop
      vertex 31.4025 63.678 43
      vertex 27.1705 65.5954 53
      vertex 31.4025 63.678 53
    endloop
  endfacet
  facet normal 0.41269 0.910871 0
    outer loop
      vertex 27.1705 65.5954 53
      vertex 31.4025 63.678 43
      vertex 27.1705 65.5954 43
    endloop
  endfacet
  facet normal 0.471404 0.881918 -0
    outer loop
      vertex 35.5 61.4878 43
      vertex 31.4025 63.678 53
      vertex 35.5 61.4878 53
    endloop
  endfacet
  facet normal 0.471404 0.881918 0
    outer loop
      vertex 31.4025 63.678 53
      vertex 35.5 61.4878 43
      vertex 31.4025 63.678 43
    endloop
  endfacet
  facet normal 0.68359 0.729866 -0
    outer loop
      vertex 50.2046 50.2046 43
      vertex 46.8136 53.3806 53
      vertex 50.2046 50.2046 53
    endloop
  endfacet
  facet normal 0.68359 0.729866 0
    outer loop
      vertex 46.8136 53.3806 53
      vertex 50.2046 50.2046 43
      vertex 46.8136 53.3806 43
    endloop
  endfacet
  facet normal 0.634397 0.773007 -0
    outer loop
      vertex 46.8136 53.3806 43
      vertex 43.2221 56.3281 53
      vertex 46.8136 53.3806 53
    endloop
  endfacet
  facet normal 0.634397 0.773007 0
    outer loop
      vertex 43.2221 56.3281 53
      vertex 46.8136 53.3806 43
      vertex 43.2221 56.3281 43
    endloop
  endfacet
  facet normal -0.729866 0.68359 0
    outer loop
      vertex -53.3806 46.8136 43
      vertex -50.2046 50.2046 53
      vertex -50.2046 50.2046 43
    endloop
  endfacet
  facet normal -0.729866 0.68359 0
    outer loop
      vertex -50.2046 50.2046 53
      vertex -53.3806 46.8136 43
      vertex -53.3806 46.8136 53
    endloop
  endfacet
  facet normal -0.910871 0.41269 0
    outer loop
      vertex -65.5954 27.1705 43
      vertex -63.678 31.4025 53
      vertex -63.678 31.4025 43
    endloop
  endfacet
  facet normal -0.910871 0.41269 0
    outer loop
      vertex -63.678 31.4025 53
      vertex -65.5954 27.1705 43
      vertex -65.5954 27.1705 53
    endloop
  endfacet
  facet normal -0.881918 0.471404 0
    outer loop
      vertex -63.678 31.4025 43
      vertex -61.4878 35.5 53
      vertex -61.4878 35.5 43
    endloop
  endfacet
  facet normal -0.881918 0.471404 0
    outer loop
      vertex -61.4878 35.5 53
      vertex -63.678 31.4025 43
      vertex -63.678 31.4025 53
    endloop
  endfacet
  facet normal 0 0 1
    outer loop
      vertex 57.5 0 53
      vertex 71 0 53
      vertex 70.848 4.64362 53
    endloop
  endfacet
  facet normal 0 0 1
    outer loop
      vertex 57.3769 3.76068 53
      vertex 70.848 4.64362 53
      vertex 70.3926 9.26736 53
    endloop
  endfacet
  facet normal 0 0 1
    outer loop
      vertex 71 0 53
      vertex 57.5 0 53
      vertex 70.848 -4.64362 53
    endloop
  endfacet
  facet normal 0 0 1
    outer loop
      vertex 57.0081 7.50526 53
      vertex 70.3926 9.26736 53
      vertex 69.6358 13.8514 53
    endloop
  endfacet
  facet normal -0 0 1
    outer loop
      vertex 57.3769 -3.76068 53
      vertex 70.848 -4.64362 53
      vertex 57.5 0 53
    endloop
  endfacet
  facet normal 0 0 1
    outer loop
      vertex 56.3952 11.2177 53
      vertex 69.6358 13.8514 53
      vertex 68.5807 18.3762 53
    endloop
  endfacet
  facet normal 0 0 1
    outer loop
      vertex 70.848 -4.64362 53
      vertex 57.3769 -3.76068 53
      vertex 70.3926 -9.26736 53
    endloop
  endfacet
  facet normal 0 0 1
    outer loop
      vertex 55.5407 14.8821 53
      vertex 68.5807 18.3762 53
      vertex 67.232 22.8222 53
    endloop
  endfacet
  facet normal -0 0 1
    outer loop
      vertex 57.0081 -7.50526 53
      vertex 70.3926 -9.26736 53
      vertex 57.3769 -3.76068 53
    endloop
  endfacet
  facet normal 0 0 1
    outer loop
      vertex 54.4485 18.4828 53
      vertex 67.232 22.8222 53
      vertex 65.5954 27.1705 53
    endloop
  endfacet
  facet normal 0 0 1
    outer loop
      vertex 70.3926 -9.26736 53
      vertex 57.0081 -7.50526 53
      vertex 69.6358 -13.8514 53
    endloop
  endfacet
  facet normal 0 0 1
    outer loop
      vertex 53.1231 22.0043 53
      vertex 65.5954 27.1705 53
      vertex 63.678 31.4025 53
    endloop
  endfacet
  facet normal -0 0 1
    outer loop
      vertex 56.3952 -11.2177 53
      vertex 69.6358 -13.8514 53
      vertex 57.0081 -7.50526 53
    endloop
  endfacet
  facet normal 0 0 1
    outer loop
      vertex 51.5702 25.4316 53
      vertex 63.678 31.4025 53
      vertex 61.4878 35.5 53
    endloop
  endfacet
  facet normal 0 0 1
    outer loop
      vertex 69.6358 -13.8514 53
      vertex 56.3952 -11.2177 53
      vertex 68.5807 -18.3762 53
    endloop
  endfacet
  facet normal 0 0 1
    outer loop
      vertex 49.7965 28.75 53
      vertex 61.4878 35.5 53
      vertex 59.0343 39.4455 53
    endloop
  endfacet
  facet normal -0 0 1
    outer loop
      vertex 55.5407 -14.8821 53
      vertex 68.5807 -18.3762 53
      vertex 56.3952 -11.2177 53
    endloop
  endfacet
  facet normal 0 0 1
    outer loop
      vertex 68.5807 -18.3762 53
      vertex 55.5407 -14.8821 53
      vertex 67.232 -22.8222 53
    endloop
  endfacet
  facet normal 0 0 1
    outer loop
      vertex 70.848 4.64362 53
      vertex 57.3769 3.76068 53
      vertex 57.5 0 53
    endloop
  endfacet
  facet normal 0 0 1
    outer loop
      vertex 70.3926 9.26736 53
      vertex 57.0081 7.50526 53
      vertex 57.3769 3.76068 53
    endloop
  endfacet
  facet normal 0 0 1
    outer loop
      vertex 69.6358 13.8514 53
      vertex 56.3952 11.2177 53
      vertex 57.0081 7.50526 53
    endloop
  endfacet
  facet normal 0 0 1
    outer loop
      vertex 47.8095 31.9453 53
      vertex 59.0343 39.4455 53
      vertex 56.3281 43.2221 53
    endloop
  endfacet
  facet normal 0 0 1
    outer loop
      vertex 68.5807 18.3762 53
      vertex 55.5407 14.8821 53
      vertex 56.3952 11.2177 53
    endloop
  endfacet
  facet normal 0 0 1
    outer loop
      vertex 67.232 22.8222 53
      vertex 54.4485 18.4828 53
      vertex 55.5407 14.8821 53
    endloop
  endfacet
  facet normal 0 0 1
    outer loop
      vertex 45.6178 35.0038 53
      vertex 56.3281 43.2221 53
      vertex 53.3806 46.8136 53
    endloop
  endfacet
  facet normal 0 0 1
    outer loop
      vertex 65.5954 27.1705 53
      vertex 53.1231 22.0043 53
      vertex 54.4485 18.4828 53
    endloop
  endfacet
  facet normal 0 0 1
    outer loop
      vertex 63.678 31.4025 53
      vertex 51.5702 25.4316 53
      vertex 53.1231 22.0043 53
    endloop
  endfacet
  facet normal 0 0 1
    outer loop
      vertex 43.2308 37.9124 53
      vertex 53.3806 46.8136 53
      vertex 50.2046 50.2046 53
    endloop
  endfacet
  facet normal 0 0 1
    outer loop
      vertex 61.4878 35.5 53
      vertex 49.7965 28.75 53
      vertex 51.5702 25.4316 53
    endloop
  endfacet
  facet normal 0 0 1
    outer loop
      vertex 59.0343 39.4455 53
      vertex 47.8095 31.9453 53
      vertex 49.7965 28.75 53
    endloop
  endfacet
  facet normal 0 0 1
    outer loop
      vertex 40.6586 40.6586 53
      vertex 50.2046 50.2046 53
      vertex 46.8136 53.3806 53
    endloop
  endfacet
  facet normal 0 0 1
    outer loop
      vertex 56.3281 43.2221 53
      vertex 45.6178 35.0038 53
      vertex 47.8095 31.9453 53
    endloop
  endfacet
  facet normal 0 0 1
    outer loop
      vertex 53.3806 46.8136 53
      vertex 43.2308 37.9124 53
      vertex 45.6178 35.0038 53
    endloop
  endfacet
  facet normal 0 0 1
    outer loop
      vertex 37.9124 43.2308 53
      vertex 46.8136 53.3806 53
      vertex 43.2221 56.3281 53
    endloop
  endfacet
  facet normal 0 0 1
    outer loop
      vertex 50.2046 50.2046 53
      vertex 40.6586 40.6586 53
      vertex 43.2308 37.9124 53
    endloop
  endfacet
  facet normal 0 0 1
    outer loop
      vertex 35.0038 45.6178 53
      vertex 43.2221 56.3281 53
      vertex 39.4455 59.0343 53
    endloop
  endfacet
  facet normal 0 0 1
    outer loop
      vertex 46.8136 53.3806 53
      vertex 37.9124 43.2308 53
      vertex 40.6586 40.6586 53
    endloop
  endfacet
  facet normal 0 0 1
    outer loop
      vertex 31.9453 47.8095 53
      vertex 39.4455 59.0343 53
      vertex 35.5 61.4878 53
    endloop
  endfacet
  facet normal 0 0 1
    outer loop
      vertex 43.2221 56.3281 53
      vertex 35.0038 45.6178 53
      vertex 37.9124 43.2308 53
    endloop
  endfacet
  facet normal 0 0 1
    outer loop
      vertex 39.4455 59.0343 53
      vertex 31.9453 47.8095 53
      vertex 35.0038 45.6178 53
    endloop
  endfacet
  facet normal 0 0 1
    outer loop
      vertex 28.75 49.7965 53
      vertex 35.5 61.4878 53
      vertex 31.4025 63.678 53
    endloop
  endfacet
  facet normal 0 0 1
    outer loop
      vertex 35.5 61.4878 53
      vertex 28.75 49.7965 53
      vertex 31.9453 47.8095 53
    endloop
  endfacet
  facet normal 0 0 1
    outer loop
      vertex 25.4316 51.5702 53
      vertex 31.4025 63.678 53
      vertex 27.1705 65.5954 53
    endloop
  endfacet
  facet normal 0 0 1
    outer loop
      vertex 31.4025 63.678 53
      vertex 25.4316 51.5702 53
      vertex 28.75 49.7965 53
    endloop
  endfacet
  facet normal 0 0 1
    outer loop
      vertex 22.0043 53.1231 53
      vertex 27.1705 65.5954 53
      vertex 22.8222 67.232 53
    endloop
  endfacet
  facet normal 0 0 1
    outer loop
      vertex 27.1705 65.5954 53
      vertex 22.0043 53.1231 53
      vertex 25.4316 51.5702 53
    endloop
  endfacet
  facet normal 0 0 1
    outer loop
      vertex 22.8222 67.232 53
      vertex 18.4828 54.4485 53
      vertex 22.0043 53.1231 53
    endloop
  endfacet
  facet normal 0 0 1
    outer loop
      vertex 18.3762 68.5807 53
      vertex 18.4828 54.4485 53
      vertex 22.8222 67.232 53
    endloop
  endfacet
  facet normal 0 0 1
    outer loop
      vertex 18.3762 68.5807 53
      vertex 14.8821 55.5407 53
      vertex 18.4828 54.4485 53
    endloop
  endfacet
  facet normal 0 0 1
    outer loop
      vertex 13.8514 69.6358 53
      vertex 14.8821 55.5407 53
      vertex 18.3762 68.5807 53
    endloop
  endfacet
  facet normal 0 0 1
    outer loop
      vertex 13.8514 69.6358 53
      vertex 11.2177 56.3952 53
      vertex 14.8821 55.5407 53
    endloop
  endfacet
  facet normal 0 0 1
    outer loop
      vertex 9.26736 70.3926 53
      vertex 11.2177 56.3952 53
      vertex 13.8514 69.6358 53
    endloop
  endfacet
  facet normal 0 0 1
    outer loop
      vertex 9.26736 70.3926 53
      vertex 7.50526 57.0081 53
      vertex 11.2177 56.3952 53
    endloop
  endfacet
  facet normal 0 0 1
    outer loop
      vertex 4.64362 70.848 53
      vertex 7.50526 57.0081 53
      vertex 9.26736 70.3926 53
    endloop
  endfacet
  facet normal 0 0 1
    outer loop
      vertex 4.64362 70.848 53
      vertex 3.76068 57.3769 53
      vertex 7.50526 57.0081 53
    endloop
  endfacet
  facet normal 0 0 1
    outer loop
      vertex 0 71 53
      vertex 3.76068 57.3769 53
      vertex 4.64362 70.848 53
    endloop
  endfacet
  facet normal 0 0 1
    outer loop
      vertex 0 71 53
      vertex 0 57.5 53
      vertex 3.76068 57.3769 53
    endloop
  endfacet
  facet normal 0 0 1
    outer loop
      vertex 0 71 53
      vertex -3.76068 57.3769 53
      vertex 0 57.5 53
    endloop
  endfacet
  facet normal -0 0 1
    outer loop
      vertex -4.64362 70.848 53
      vertex -3.76068 57.3769 53
      vertex 0 71 53
    endloop
  endfacet
  facet normal 0 0 1
    outer loop
      vertex -4.64362 70.848 53
      vertex -7.50526 57.0081 53
      vertex -3.76068 57.3769 53
    endloop
  endfacet
  facet normal -0 0 1
    outer loop
      vertex -9.26736 70.3926 53
      vertex -7.50526 57.0081 53
      vertex -4.64362 70.848 53
    endloop
  endfacet
  facet normal 0 0 1
    outer loop
      vertex -9.26736 70.3926 53
      vertex -11.2177 56.3952 53
      vertex -7.50526 57.0081 53
    endloop
  endfacet
  facet normal -0 0 1
    outer loop
      vertex -13.8514 69.6358 53
      vertex -11.2177 56.3952 53
      vertex -9.26736 70.3926 53
    endloop
  endfacet
  facet normal 0 0 1
    outer loop
      vertex -13.8514 69.6358 53
      vertex -14.8821 55.5407 53
      vertex -11.2177 56.3952 53
    endloop
  endfacet
  facet normal -0 0 1
    outer loop
      vertex -18.3762 68.5807 53
      vertex -14.8821 55.5407 53
      vertex -13.8514 69.6358 53
    endloop
  endfacet
  facet normal 0 0 1
    outer loop
      vertex -18.3762 68.5807 53
      vertex -18.4828 54.4485 53
      vertex -14.8821 55.5407 53
    endloop
  endfacet
  facet normal -0 0 1
    outer loop
      vertex -22.8222 67.232 53
      vertex -18.4828 54.4485 53
      vertex -18.3762 68.5807 53
    endloop
  endfacet
  facet normal 0 0 1
    outer loop
      vertex -18.4828 54.4485 53
      vertex -22.8222 67.232 53
      vertex -22.0043 53.1231 53
    endloop
  endfacet
  facet normal -0 0 1
    outer loop
      vertex -27.1705 65.5954 53
      vertex -22.0043 53.1231 53
      vertex -22.8222 67.232 53
    endloop
  endfacet
  facet normal 0 0 1
    outer loop
      vertex -22.0043 53.1231 53
      vertex -27.1705 65.5954 53
      vertex -25.4316 51.5702 53
    endloop
  endfacet
  facet normal -0 0 1
    outer loop
      vertex -31.4025 63.678 53
      vertex -25.4316 51.5702 53
      vertex -27.1705 65.5954 53
    endloop
  endfacet
  facet normal 0 0 1
    outer loop
      vertex -25.4316 51.5702 53
      vertex -31.4025 63.678 53
      vertex -28.75 49.7965 53
    endloop
  endfacet
  facet normal -0 0 1
    outer loop
      vertex -35.5 61.4878 53
      vertex -28.75 49.7965 53
      vertex -31.4025 63.678 53
    endloop
  endfacet
  facet normal 0 0 1
    outer loop
      vertex -28.75 49.7965 53
      vertex -35.5 61.4878 53
      vertex -31.9453 47.8095 53
    endloop
  endfacet
  facet normal -0 0 1
    outer loop
      vertex -39.4455 59.0343 53
      vertex -31.9453 47.8095 53
      vertex -35.5 61.4878 53
    endloop
  endfacet
  facet normal 0 0 1
    outer loop
      vertex -31.9453 47.8095 53
      vertex -39.4455 59.0343 53
      vertex -35.0038 45.6178 53
    endloop
  endfacet
  facet normal -0 0 1
    outer loop
      vertex -43.2221 56.3281 53
      vertex -35.0038 45.6178 53
      vertex -39.4455 59.0343 53
    endloop
  endfacet
  facet normal 0 0 1
    outer loop
      vertex -35.0038 45.6178 53
      vertex -43.2221 56.3281 53
      vertex -37.9124 43.2308 53
    endloop
  endfacet
  facet normal -0 0 1
    outer loop
      vertex -46.8136 53.3806 53
      vertex -37.9124 43.2308 53
      vertex -43.2221 56.3281 53
    endloop
  endfacet
  facet normal 0 0 1
    outer loop
      vertex -37.9124 43.2308 53
      vertex -46.8136 53.3806 53
      vertex -40.6586 40.6586 53
    endloop
  endfacet
  facet normal -0 0 1
    outer loop
      vertex -50.2046 50.2046 53
      vertex -40.6586 40.6586 53
      vertex -46.8136 53.3806 53
    endloop
  endfacet
  facet normal 0 0 1
    outer loop
      vertex -40.6586 40.6586 53
      vertex -50.2046 50.2046 53
      vertex -43.2308 37.9124 53
    endloop
  endfacet
  facet normal -0 0 1
    outer loop
      vertex -53.3806 46.8136 53
      vertex -43.2308 37.9124 53
      vertex -50.2046 50.2046 53
    endloop
  endfacet
  facet normal 0 0 1
    outer loop
      vertex -43.2308 37.9124 53
      vertex -53.3806 46.8136 53
      vertex -45.6178 35.0038 53
    endloop
  endfacet
  facet normal -0 0 1
    outer loop
      vertex -56.3281 43.2221 53
      vertex -45.6178 35.0038 53
      vertex -53.3806 46.8136 53
    endloop
  endfacet
  facet normal 0 0 1
    outer loop
      vertex -45.6178 35.0038 53
      vertex -56.3281 43.2221 53
      vertex -47.8095 31.9453 53
    endloop
  endfacet
  facet normal -0 0 1
    outer loop
      vertex -59.0343 39.4455 53
      vertex -47.8095 31.9453 53
      vertex -56.3281 43.2221 53
    endloop
  endfacet
  facet normal 0 0 1
    outer loop
      vertex -47.8095 31.9453 53
      vertex -59.0343 39.4455 53
      vertex -49.7965 28.75 53
    endloop
  endfacet
  facet normal -0 0 1
    outer loop
      vertex -61.4878 35.5 53
      vertex -49.7965 28.75 53
      vertex -59.0343 39.4455 53
    endloop
  endfacet
  facet normal 0 0 1
    outer loop
      vertex -49.7965 28.75 53
      vertex -61.4878 35.5 53
      vertex -51.5702 25.4316 53
    endloop
  endfacet
  facet normal -0 0 1
    outer loop
      vertex -63.678 31.4025 53
      vertex -51.5702 25.4316 53
      vertex -61.4878 35.5 53
    endloop
  endfacet
  facet normal 0 0 1
    outer loop
      vertex -51.5702 25.4316 53
      vertex -63.678 31.4025 53
      vertex -53.1231 22.0043 53
    endloop
  endfacet
  facet normal -0 0 1
    outer loop
      vertex -65.5954 27.1705 53
      vertex -53.1231 22.0043 53
      vertex -63.678 31.4025 53
    endloop
  endfacet
  facet normal 0 0 1
    outer loop
      vertex -53.1231 22.0043 53
      vertex -65.5954 27.1705 53
      vertex -54.4485 18.4828 53
    endloop
  endfacet
  facet normal -0 0 1
    outer loop
      vertex -67.232 22.8222 53
      vertex -54.4485 18.4828 53
      vertex -65.5954 27.1705 53
    endloop
  endfacet
  facet normal 0 0 1
    outer loop
      vertex -54.4485 18.4828 53
      vertex -67.232 22.8222 53
      vertex -55.5407 14.8821 53
    endloop
  endfacet
  facet normal -0 0 1
    outer loop
      vertex 54.4485 -18.4828 53
      vertex 67.232 -22.8222 53
      vertex 55.5407 -14.8821 53
    endloop
  endfacet
  facet normal 0 0 1
    outer loop
      vertex 67.232 -22.8222 53
      vertex 54.4485 -18.4828 53
      vertex 65.5954 -27.1705 53
    endloop
  endfacet
  facet normal -0 0 1
    outer loop
      vertex 53.1231 -22.0043 53
      vertex 65.5954 -27.1705 53
      vertex 54.4485 -18.4828 53
    endloop
  endfacet
  facet normal 0 0 1
    outer loop
      vertex 65.5954 -27.1705 53
      vertex 53.1231 -22.0043 53
      vertex 63.678 -31.4025 53
    endloop
  endfacet
  facet normal -0 0 1
    outer loop
      vertex 51.5702 -25.4316 53
      vertex 63.678 -31.4025 53
      vertex 53.1231 -22.0043 53
    endloop
  endfacet
  facet normal 0 0 1
    outer loop
      vertex 63.678 -31.4025 53
      vertex 51.5702 -25.4316 53
      vertex 61.4878 -35.5 53
    endloop
  endfacet
  facet normal -0 0 1
    outer loop
      vertex 49.7965 -28.75 53
      vertex 61.4878 -35.5 53
      vertex 51.5702 -25.4316 53
    endloop
  endfacet
  facet normal 0 0 1
    outer loop
      vertex 61.4878 -35.5 53
      vertex 49.7965 -28.75 53
      vertex 59.0343 -39.4455 53
    endloop
  endfacet
  facet normal -0 0 1
    outer loop
      vertex 47.8095 -31.9453 53
      vertex 59.0343 -39.4455 53
      vertex 49.7965 -28.75 53
    endloop
  endfacet
  facet normal 0 0 1
    outer loop
      vertex 59.0343 -39.4455 53
      vertex 47.8095 -31.9453 53
      vertex 56.3281 -43.2221 53
    endloop
  endfacet
  facet normal -0 0 1
    outer loop
      vertex 45.6178 -35.0038 53
      vertex 56.3281 -43.2221 53
      vertex 47.8095 -31.9453 53
    endloop
  endfacet
  facet normal 0 0 1
    outer loop
      vertex 56.3281 -43.2221 53
      vertex 45.6178 -35.0038 53
      vertex 53.3806 -46.8136 53
    endloop
  endfacet
  facet normal -0 0 1
    outer loop
      vertex 43.2308 -37.9124 53
      vertex 53.3806 -46.8136 53
      vertex 45.6178 -35.0038 53
    endloop
  endfacet
  facet normal 0 0 1
    outer loop
      vertex 53.3806 -46.8136 53
      vertex 43.2308 -37.9124 53
      vertex 50.2046 -50.2046 53
    endloop
  endfacet
  facet normal -0 0 1
    outer loop
      vertex 40.6586 -40.6586 53
      vertex 50.2046 -50.2046 53
      vertex 43.2308 -37.9124 53
    endloop
  endfacet
  facet normal 0 0 1
    outer loop
      vertex 50.2046 -50.2046 53
      vertex 40.6586 -40.6586 53
      vertex 46.8136 -53.3806 53
    endloop
  endfacet
  facet normal -0 0 1
    outer loop
      vertex 37.9124 -43.2308 53
      vertex 46.8136 -53.3806 53
      vertex 40.6586 -40.6586 53
    endloop
  endfacet
  facet normal 0 0 1
    outer loop
      vertex 46.8136 -53.3806 53
      vertex 37.9124 -43.2308 53
      vertex 43.2221 -56.3281 53
    endloop
  endfacet
  facet normal -0 0 1
    outer loop
      vertex 35.0038 -45.6178 53
      vertex 43.2221 -56.3281 53
      vertex 37.9124 -43.2308 53
    endloop
  endfacet
  facet normal 0 0 1
    outer loop
      vertex 43.2221 -56.3281 53
      vertex 35.0038 -45.6178 53
      vertex 39.4455 -59.0343 53
    endloop
  endfacet
  facet normal -0 0 1
    outer loop
      vertex 31.9453 -47.8095 53
      vertex 39.4455 -59.0343 53
      vertex 35.0038 -45.6178 53
    endloop
  endfacet
  facet normal 0 0 1
    outer loop
      vertex 39.4455 -59.0343 53
      vertex 31.9453 -47.8095 53
      vertex 35.5 -61.4878 53
    endloop
  endfacet
  facet normal -0 0 1
    outer loop
      vertex 28.75 -49.7965 53
      vertex 35.5 -61.4878 53
      vertex 31.9453 -47.8095 53
    endloop
  endfacet
  facet normal 0 0 1
    outer loop
      vertex 35.5 -61.4878 53
      vertex 28.75 -49.7965 53
      vertex 31.4025 -63.678 53
    endloop
  endfacet
  facet normal -0 0 1
    outer loop
      vertex 25.4316 -51.5702 53
      vertex 31.4025 -63.678 53
      vertex 28.75 -49.7965 53
    endloop
  endfacet
  facet normal 0 0 1
    outer loop
      vertex 31.4025 -63.678 53
      vertex 25.4316 -51.5702 53
      vertex 27.1705 -65.5954 53
    endloop
  endfacet
  facet normal -0 0 1
    outer loop
      vertex 22.0043 -53.1231 53
      vertex 27.1705 -65.5954 53
      vertex 25.4316 -51.5702 53
    endloop
  endfacet
  facet normal 0 0 1
    outer loop
      vertex 27.1705 -65.5954 53
      vertex 22.0043 -53.1231 53
      vertex 22.8222 -67.232 53
    endloop
  endfacet
  facet normal -0 0 1
    outer loop
      vertex 18.4828 -54.4485 53
      vertex 22.8222 -67.232 53
      vertex 22.0043 -53.1231 53
    endloop
  endfacet
  facet normal 0 0 1
    outer loop
      vertex 18.4828 -54.4485 53
      vertex 18.3762 -68.5807 53
      vertex 22.8222 -67.232 53
    endloop
  endfacet
  facet normal -0 0 1
    outer loop
      vertex 14.8821 -55.5407 53
      vertex 18.3762 -68.5807 53
      vertex 18.4828 -54.4485 53
    endloop
  endfacet
  facet normal 0 0 1
    outer loop
      vertex 14.8821 -55.5407 53
      vertex 13.8514 -69.6358 53
      vertex 18.3762 -68.5807 53
    endloop
  endfacet
  facet normal -0 0 1
    outer loop
      vertex 11.2177 -56.3952 53
      vertex 13.8514 -69.6358 53
      vertex 14.8821 -55.5407 53
    endloop
  endfacet
  facet normal 0 0 1
    outer loop
      vertex 11.2177 -56.3952 53
      vertex 9.26736 -70.3926 53
      vertex 13.8514 -69.6358 53
    endloop
  endfacet
  facet normal -0 0 1
    outer loop
      vertex 7.50526 -57.0081 53
      vertex 9.26736 -70.3926 53
      vertex 11.2177 -56.3952 53
    endloop
  endfacet
  facet normal 0 0 1
    outer loop
      vertex 7.50526 -57.0081 53
      vertex 4.64362 -70.848 53
      vertex 9.26736 -70.3926 53
    endloop
  endfacet
  facet normal -0 0 1
    outer loop
      vertex 3.76068 -57.3769 53
      vertex 4.64362 -70.848 53
      vertex 7.50526 -57.0081 53
    endloop
  endfacet
  facet normal -0 0 1
    outer loop
      vertex 0 -57.5 53
      vertex 4.64362 -70.848 53
      vertex 3.76068 -57.3769 53
    endloop
  endfacet
  facet normal 0 0 1
    outer loop
      vertex 0 -57.5 53
      vertex 0 -71 53
      vertex 4.64362 -70.848 53
    endloop
  endfacet
  facet normal 0 0 1
    outer loop
      vertex -3.76068 -57.3769 53
      vertex 0 -71 53
      vertex 0 -57.5 53
    endloop
  endfacet
  facet normal 0 0 1
    outer loop
      vertex -3.76068 -57.3769 53
      vertex -4.64362 -70.848 53
      vertex 0 -71 53
    endloop
  endfacet
  facet normal 0 0 1
    outer loop
      vertex -7.50526 -57.0081 53
      vertex -4.64362 -70.848 53
      vertex -3.76068 -57.3769 53
    endloop
  endfacet
  facet normal 0 0 1
    outer loop
      vertex -7.50526 -57.0081 53
      vertex -9.26736 -70.3926 53
      vertex -4.64362 -70.848 53
    endloop
  endfacet
  facet normal 0 0 1
    outer loop
      vertex -11.2177 -56.3952 53
      vertex -9.26736 -70.3926 53
      vertex -7.50526 -57.0081 53
    endloop
  endfacet
  facet normal 0 0 1
    outer loop
      vertex -11.2177 -56.3952 53
      vertex -13.8514 -69.6358 53
      vertex -9.26736 -70.3926 53
    endloop
  endfacet
  facet normal 0 0 1
    outer loop
      vertex -14.8821 -55.5407 53
      vertex -13.8514 -69.6358 53
      vertex -11.2177 -56.3952 53
    endloop
  endfacet
  facet normal 0 0 1
    outer loop
      vertex -14.8821 -55.5407 53
      vertex -18.3762 -68.5807 53
      vertex -13.8514 -69.6358 53
    endloop
  endfacet
  facet normal 0 0 1
    outer loop
      vertex -18.4828 -54.4485 53
      vertex -18.3762 -68.5807 53
      vertex -14.8821 -55.5407 53
    endloop
  endfacet
  facet normal 0 0 1
    outer loop
      vertex -22.8222 -67.232 53
      vertex -18.4828 -54.4485 53
      vertex -22.0043 -53.1231 53
    endloop
  endfacet
  facet normal 0 0 1
    outer loop
      vertex -18.4828 -54.4485 53
      vertex -22.8222 -67.232 53
      vertex -18.3762 -68.5807 53
    endloop
  endfacet
  facet normal 0 0 1
    outer loop
      vertex -27.1705 -65.5954 53
      vertex -22.0043 -53.1231 53
      vertex -25.4316 -51.5702 53
    endloop
  endfacet
  facet normal 0 0 1
    outer loop
      vertex -22.0043 -53.1231 53
      vertex -27.1705 -65.5954 53
      vertex -22.8222 -67.232 53
    endloop
  endfacet
  facet normal 0 0 1
    outer loop
      vertex -31.4025 -63.678 53
      vertex -25.4316 -51.5702 53
      vertex -28.75 -49.7965 53
    endloop
  endfacet
  facet normal 0 0 1
    outer loop
      vertex -25.4316 -51.5702 53
      vertex -31.4025 -63.678 53
      vertex -27.1705 -65.5954 53
    endloop
  endfacet
  facet normal 0 0 1
    outer loop
      vertex -35.5 -61.4878 53
      vertex -28.75 -49.7965 53
      vertex -31.9453 -47.8095 53
    endloop
  endfacet
  facet normal 0 0 1
    outer loop
      vertex -39.4455 -59.0343 53
      vertex -31.9453 -47.8095 53
      vertex -35.0038 -45.6178 53
    endloop
  endfacet
  facet normal 0 0 1
    outer loop
      vertex -28.75 -49.7965 53
      vertex -35.5 -61.4878 53
      vertex -31.4025 -63.678 53
    endloop
  endfacet
  facet normal 0 0 1
    outer loop
      vertex -43.2221 -56.3281 53
      vertex -35.0038 -45.6178 53
      vertex -37.9124 -43.2308 53
    endloop
  endfacet
  facet normal 0 0 1
    outer loop
      vertex -31.9453 -47.8095 53
      vertex -39.4455 -59.0343 53
      vertex -35.5 -61.4878 53
    endloop
  endfacet
  facet normal 0 0 1
    outer loop
      vertex -46.8136 -53.3806 53
      vertex -37.9124 -43.2308 53
      vertex -40.6586 -40.6586 53
    endloop
  endfacet
  facet normal 0 0 1
    outer loop
      vertex -35.0038 -45.6178 53
      vertex -43.2221 -56.3281 53
      vertex -39.4455 -59.0343 53
    endloop
  endfacet
  facet normal 0 0 1
    outer loop
      vertex -50.2046 -50.2046 53
      vertex -40.6586 -40.6586 53
      vertex -43.2308 -37.9124 53
    endloop
  endfacet
  facet normal 0 0 1
    outer loop
      vertex -53.3806 -46.8136 53
      vertex -43.2308 -37.9124 53
      vertex -45.6178 -35.0038 53
    endloop
  endfacet
  facet normal 0 0 1
    outer loop
      vertex -37.9124 -43.2308 53
      vertex -46.8136 -53.3806 53
      vertex -43.2221 -56.3281 53
    endloop
  endfacet
  facet normal 0 0 1
    outer loop
      vertex -56.3281 -43.2221 53
      vertex -45.6178 -35.0038 53
      vertex -47.8095 -31.9453 53
    endloop
  endfacet
  facet normal 0 0 1
    outer loop
      vertex -59.0343 -39.4455 53
      vertex -47.8095 -31.9453 53
      vertex -49.7965 -28.75 53
    endloop
  endfacet
  facet normal 0 0 1
    outer loop
      vertex -40.6586 -40.6586 53
      vertex -50.2046 -50.2046 53
      vertex -46.8136 -53.3806 53
    endloop
  endfacet
  facet normal 0 0 1
    outer loop
      vertex -61.4878 -35.5 53
      vertex -49.7965 -28.75 53
      vertex -51.5702 -25.4316 53
    endloop
  endfacet
  facet normal 0 0 1
    outer loop
      vertex -63.678 -31.4025 53
      vertex -51.5702 -25.4316 53
      vertex -53.1231 -22.0043 53
    endloop
  endfacet
  facet normal 0 0 1
    outer loop
      vertex -43.2308 -37.9124 53
      vertex -53.3806 -46.8136 53
      vertex -50.2046 -50.2046 53
    endloop
  endfacet
  facet normal 0 0 1
    outer loop
      vertex -65.5954 -27.1705 53
      vertex -53.1231 -22.0043 53
      vertex -54.4485 -18.4828 53
    endloop
  endfacet
  facet normal 0 0 1
    outer loop
      vertex -67.232 -22.8222 53
      vertex -54.4485 -18.4828 53
      vertex -55.5407 -14.8821 53
    endloop
  endfacet
  facet normal 0 0 1
    outer loop
      vertex -45.6178 -35.0038 53
      vertex -56.3281 -43.2221 53
      vertex -53.3806 -46.8136 53
    endloop
  endfacet
  facet normal 0 0 1
    outer loop
      vertex -68.5807 -18.3762 53
      vertex -55.5407 -14.8821 53
      vertex -56.3952 -11.2177 53
    endloop
  endfacet
  facet normal 0 0 1
    outer loop
      vertex -69.6358 -13.8514 53
      vertex -56.3952 -11.2177 53
      vertex -57.0081 -7.50526 53
    endloop
  endfacet
  facet normal 0 0 1
    outer loop
      vertex -70.3926 -9.26736 53
      vertex -57.0081 -7.50526 53
      vertex -57.3769 -3.76068 53
    endloop
  endfacet
  facet normal 0 0 1
    outer loop
      vertex -70.848 -4.64362 53
      vertex -57.3769 -3.76068 53
      vertex -57.5 0 53
    endloop
  endfacet
  facet normal -0 0 1
    outer loop
      vertex -68.5807 18.3762 53
      vertex -55.5407 14.8821 53
      vertex -67.232 22.8222 53
    endloop
  endfacet
  facet normal 0 0 1
    outer loop
      vertex -47.8095 -31.9453 53
      vertex -59.0343 -39.4455 53
      vertex -56.3281 -43.2221 53
    endloop
  endfacet
  facet normal 0 0 1
    outer loop
      vertex -55.5407 14.8821 53
      vertex -68.5807 18.3762 53
      vertex -56.3952 11.2177 53
    endloop
  endfacet
  facet normal 0 0 1
    outer loop
      vertex -49.7965 -28.75 53
      vertex -61.4878 -35.5 53
      vertex -59.0343 -39.4455 53
    endloop
  endfacet
  facet normal -0 0 1
    outer loop
      vertex -69.6358 13.8514 53
      vertex -56.3952 11.2177 53
      vertex -68.5807 18.3762 53
    endloop
  endfacet
  facet normal 0 0 1
    outer loop
      vertex -51.5702 -25.4316 53
      vertex -63.678 -31.4025 53
      vertex -61.4878 -35.5 53
    endloop
  endfacet
  facet normal 0 0 1
    outer loop
      vertex -56.3952 11.2177 53
      vertex -69.6358 13.8514 53
      vertex -57.0081 7.50526 53
    endloop
  endfacet
  facet normal 0 0 1
    outer loop
      vertex -53.1231 -22.0043 53
      vertex -65.5954 -27.1705 53
      vertex -63.678 -31.4025 53
    endloop
  endfacet
  facet normal -0 0 1
    outer loop
      vertex -70.3926 9.26736 53
      vertex -57.0081 7.50526 53
      vertex -69.6358 13.8514 53
    endloop
  endfacet
  facet normal 0 0 1
    outer loop
      vertex -54.4485 -18.4828 53
      vertex -67.232 -22.8222 53
      vertex -65.5954 -27.1705 53
    endloop
  endfacet
  facet normal 0 0 1
    outer loop
      vertex -57.0081 7.50526 53
      vertex -70.3926 9.26736 53
      vertex -57.3769 3.76068 53
    endloop
  endfacet
  facet normal 0 0 1
    outer loop
      vertex -55.5407 -14.8821 53
      vertex -68.5807 -18.3762 53
      vertex -67.232 -22.8222 53
    endloop
  endfacet
  facet normal -0 0 1
    outer loop
      vertex -70.848 4.64362 53
      vertex -57.3769 3.76068 53
      vertex -70.3926 9.26736 53
    endloop
  endfacet
  facet normal 0 0 1
    outer loop
      vertex -56.3952 -11.2177 53
      vertex -69.6358 -13.8514 53
      vertex -68.5807 -18.3762 53
    endloop
  endfacet
  facet normal 0 0 1
    outer loop
      vertex -57.3769 3.76068 53
      vertex -70.848 4.64362 53
      vertex -57.5 0 53
    endloop
  endfacet
  facet normal 0 0 1
    outer loop
      vertex -57.0081 -7.50526 53
      vertex -70.3926 -9.26736 53
      vertex -69.6358 -13.8514 53
    endloop
  endfacet
  facet normal 0 0 1
    outer loop
      vertex -71 0 53
      vertex -57.5 0 53
      vertex -70.848 4.64362 53
    endloop
  endfacet
  facet normal 0 0 1
    outer loop
      vertex -57.3769 -3.76068 53
      vertex -70.848 -4.64362 53
      vertex -70.3926 -9.26736 53
    endloop
  endfacet
  facet normal 0 0 1
    outer loop
      vertex -57.5 0 53
      vertex -71 0 53
      vertex -70.848 -4.64362 53
    endloop
  endfacet
  facet normal -0.634397 0.773007 0
    outer loop
      vertex -43.2221 56.3281 43
      vertex -46.8136 53.3806 53
      vertex -43.2221 56.3281 53
    endloop
  endfacet
  facet normal -0.634397 0.773007 0
    outer loop
      vertex -46.8136 53.3806 53
      vertex -43.2221 56.3281 43
      vertex -46.8136 53.3806 43
    endloop
  endfacet
  facet normal -0.352253 0.935905 0
    outer loop
      vertex -22.8222 67.232 43
      vertex -27.1705 65.5954 53
      vertex -22.8222 67.232 53
    endloop
  endfacet
  facet normal -0.352253 0.935905 0
    outer loop
      vertex -27.1705 65.5954 53
      vertex -22.8222 67.232 43
      vertex -27.1705 65.5954 43
    endloop
  endfacet
  facet normal -0.290289 0.956939 0
    outer loop
      vertex -18.3762 68.5807 43
      vertex -22.8222 67.232 53
      vertex -18.3762 68.5807 53
    endloop
  endfacet
  facet normal -0.290289 0.956939 0
    outer loop
      vertex -22.8222 67.232 53
      vertex -18.3762 68.5807 43
      vertex -22.8222 67.232 43
    endloop
  endfacet
  facet normal -0.16289 0.986644 0
    outer loop
      vertex -9.26736 70.3926 43
      vertex -13.8514 69.6358 53
      vertex -9.26736 70.3926 53
    endloop
  endfacet
  facet normal -0.16289 0.986644 0
    outer loop
      vertex -13.8514 69.6358 53
      vertex -9.26736 70.3926 43
      vertex -13.8514 69.6358 43
    endloop
  endfacet
  facet normal 0.290289 -0.956939 0
    outer loop
      vertex 18.3762 -68.5807 43
      vertex 22.8222 -67.232 53
      vertex 18.3762 -68.5807 53
    endloop
  endfacet
  facet normal 0.290289 -0.956939 0
    outer loop
      vertex 22.8222 -67.232 53
      vertex 18.3762 -68.5807 43
      vertex 22.8222 -67.232 43
    endloop
  endfacet
  facet normal 0.634397 -0.773007 0
    outer loop
      vertex 43.2221 -56.3281 43
      vertex 46.8136 -53.3806 53
      vertex 43.2221 -56.3281 53
    endloop
  endfacet
  facet normal 0.634397 -0.773007 0
    outer loop
      vertex 46.8136 -53.3806 53
      vertex 43.2221 -56.3281 43
      vertex 46.8136 -53.3806 43
    endloop
  endfacet
  facet normal 0.41269 -0.910871 0
    outer loop
      vertex 27.1705 -65.5954 43
      vertex 31.4025 -63.678 53
      vertex 27.1705 -65.5954 53
    endloop
  endfacet
  facet normal 0.41269 -0.910871 0
    outer loop
      vertex 31.4025 -63.678 53
      vertex 27.1705 -65.5954 43
      vertex 31.4025 -63.678 43
    endloop
  endfacet
  facet normal 0.471404 -0.881918 0
    outer loop
      vertex 31.4025 -63.678 43
      vertex 35.5 -61.4878 53
      vertex 31.4025 -63.678 53
    endloop
  endfacet
  facet normal 0.471404 -0.881918 0
    outer loop
      vertex 35.5 -61.4878 53
      vertex 31.4025 -63.678 43
      vertex 35.5 -61.4878 43
    endloop
  endfacet
  facet normal 0.812854 -0.582467 0
    outer loop
      vertex 56.3281 -43.2221 53
      vertex 59.0343 -39.4455 43
      vertex 59.0343 -39.4455 53
    endloop
  endfacet
  facet normal 0.812854 -0.582467 0
    outer loop
      vertex 59.0343 -39.4455 43
      vertex 56.3281 -43.2221 53
      vertex 56.3281 -43.2221 43
    endloop
  endfacet
  facet normal 0.729866 -0.68359 0
    outer loop
      vertex 50.2046 -50.2046 53
      vertex 53.3806 -46.8136 43
      vertex 53.3806 -46.8136 53
    endloop
  endfacet
  facet normal 0.729866 -0.68359 0
    outer loop
      vertex 53.3806 -46.8136 43
      vertex 50.2046 -50.2046 53
      vertex 50.2046 -50.2046 43
    endloop
  endfacet
  facet normal 0.773007 -0.634397 0
    outer loop
      vertex 53.3806 -46.8136 53
      vertex 56.3281 -43.2221 43
      vertex 56.3281 -43.2221 53
    endloop
  endfacet
  facet normal 0.773007 -0.634397 0
    outer loop
      vertex 56.3281 -43.2221 43
      vertex 53.3806 -46.8136 53
      vertex 53.3806 -46.8136 43
    endloop
  endfacet
  facet normal 0.881918 -0.471404 0
    outer loop
      vertex 61.4878 -35.5 53
      vertex 63.678 -31.4025 43
      vertex 63.678 -31.4025 53
    endloop
  endfacet
  facet normal 0.881918 -0.471404 0
    outer loop
      vertex 63.678 -31.4025 43
      vertex 61.4878 -35.5 53
      vertex 61.4878 -35.5 43
    endloop
  endfacet
  facet normal 0.935905 -0.352253 0
    outer loop
      vertex 65.5954 -27.1705 53
      vertex 67.232 -22.8222 43
      vertex 67.232 -22.8222 53
    endloop
  endfacet
  facet normal 0.935905 -0.352253 0
    outer loop
      vertex 67.232 -22.8222 43
      vertex 65.5954 -27.1705 53
      vertex 65.5954 -27.1705 43
    endloop
  endfacet
  facet normal 0.956939 -0.290289 0
    outer loop
      vertex 67.232 -22.8222 53
      vertex 68.5807 -18.3762 43
      vertex 68.5807 -18.3762 53
    endloop
  endfacet
  facet normal 0.956939 -0.290289 0
    outer loop
      vertex 68.5807 -18.3762 43
      vertex 67.232 -22.8222 53
      vertex 67.232 -22.8222 43
    endloop
  endfacet
  facet normal -0.582467 -0.812854 0
    outer loop
      vertex -43.2221 -56.3281 43
      vertex -39.4455 -59.0343 53
      vertex -43.2221 -56.3281 53
    endloop
  endfacet
  facet normal -0.582467 -0.812854 -0
    outer loop
      vertex -39.4455 -59.0343 53
      vertex -43.2221 -56.3281 43
      vertex -39.4455 -59.0343 43
    endloop
  endfacet
  facet normal -0.68359 -0.729866 0
    outer loop
      vertex -50.2046 -50.2046 43
      vertex -46.8136 -53.3806 53
      vertex -50.2046 -50.2046 53
    endloop
  endfacet
  facet normal -0.68359 -0.729866 -0
    outer loop
      vertex -46.8136 -53.3806 53
      vertex -50.2046 -50.2046 43
      vertex -46.8136 -53.3806 43
    endloop
  endfacet
  facet normal -0.634397 -0.773007 0
    outer loop
      vertex -46.8136 -53.3806 43
      vertex -43.2221 -56.3281 53
      vertex -46.8136 -53.3806 53
    endloop
  endfacet
  facet normal -0.634397 -0.773007 -0
    outer loop
      vertex -43.2221 -56.3281 53
      vertex -46.8136 -53.3806 43
      vertex -43.2221 -56.3281 43
    endloop
  endfacet
  facet normal -0.471404 -0.881918 0
    outer loop
      vertex -35.5 -61.4878 43
      vertex -31.4025 -63.678 53
      vertex -35.5 -61.4878 53
    endloop
  endfacet
  facet normal -0.471404 -0.881918 -0
    outer loop
      vertex -31.4025 -63.678 53
      vertex -35.5 -61.4878 43
      vertex -31.4025 -63.678 43
    endloop
  endfacet
  facet normal -0.290289 -0.956939 0
    outer loop
      vertex -22.8222 -67.232 43
      vertex -18.3762 -68.5807 53
      vertex -22.8222 -67.232 53
    endloop
  endfacet
  facet normal -0.290289 -0.956939 -0
    outer loop
      vertex -18.3762 -68.5807 53
      vertex -22.8222 -67.232 43
      vertex -18.3762 -68.5807 43
    endloop
  endfacet
  facet normal -0.227089 -0.973874 0
    outer loop
      vertex -18.3762 -68.5807 43
      vertex -13.8514 -69.6358 53
      vertex -18.3762 -68.5807 53
    endloop
  endfacet
  facet normal -0.227089 -0.973874 -0
    outer loop
      vertex -13.8514 -69.6358 53
      vertex -18.3762 -68.5807 43
      vertex -13.8514 -69.6358 43
    endloop
  endfacet
  facet normal -0.0327156 -0.999465 0
    outer loop
      vertex -4.64362 -70.848 43
      vertex 0 -71 53
      vertex -4.64362 -70.848 53
    endloop
  endfacet
  facet normal -0.0327156 -0.999465 -0
    outer loop
      vertex 0 -71 53
      vertex -4.64362 -70.848 43
      vertex 0 -71 43
    endloop
  endfacet
  facet normal -0.729866 -0.68359 0
    outer loop
      vertex -50.2046 -50.2046 43
      vertex -53.3806 -46.8136 53
      vertex -53.3806 -46.8136 43
    endloop
  endfacet
  facet normal -0.729866 -0.68359 0
    outer loop
      vertex -53.3806 -46.8136 53
      vertex -50.2046 -50.2046 43
      vertex -50.2046 -50.2046 53
    endloop
  endfacet
  facet normal -0.910871 -0.41269 0
    outer loop
      vertex -63.678 -31.4025 43
      vertex -65.5954 -27.1705 53
      vertex -65.5954 -27.1705 43
    endloop
  endfacet
  facet normal -0.910871 -0.41269 0
    outer loop
      vertex -65.5954 -27.1705 53
      vertex -63.678 -31.4025 43
      vertex -63.678 -31.4025 53
    endloop
  endfacet
  facet normal -0.881918 -0.471404 0
    outer loop
      vertex -61.4878 -35.5 43
      vertex -63.678 -31.4025 53
      vertex -63.678 -31.4025 43
    endloop
  endfacet
  facet normal -0.881918 -0.471404 0
    outer loop
      vertex -63.678 -31.4025 53
      vertex -61.4878 -35.5 43
      vertex -61.4878 -35.5 53
    endloop
  endfacet
  facet normal -0.935905 -0.352253 0
    outer loop
      vertex -65.5954 -27.1705 43
      vertex -67.232 -22.8222 53
      vertex -67.232 -22.8222 43
    endloop
  endfacet
  facet normal -0.935905 -0.352253 0
    outer loop
      vertex -67.232 -22.8222 53
      vertex -65.5954 -27.1705 43
      vertex -65.5954 -27.1705 53
    endloop
  endfacet
  facet normal -0.995185 -0.0980174 0
    outer loop
      vertex -70.3926 -9.26736 43
      vertex -70.848 -4.64362 53
      vertex -70.848 -4.64362 43
    endloop
  endfacet
  facet normal -0.995185 -0.0980174 0
    outer loop
      vertex -70.848 -4.64362 53
      vertex -70.3926 -9.26736 43
      vertex -70.3926 -9.26736 53
    endloop
  endfacet
  facet normal -0.986644 -0.16289 0
    outer loop
      vertex -69.6358 -13.8514 43
      vertex -70.3926 -9.26736 53
      vertex -70.3926 -9.26736 43
    endloop
  endfacet
  facet normal -0.986644 -0.16289 0
    outer loop
      vertex -70.3926 -9.26736 53
      vertex -69.6358 -13.8514 43
      vertex -69.6358 -13.8514 53
    endloop
  endfacet
  facet normal 0.956939 0.290289 0
    outer loop
      vertex 68.5807 18.3762 53
      vertex 67.232 22.8222 43
      vertex 67.232 22.8222 53
    endloop
  endfacet
  facet normal 0.956939 0.290289 0
    outer loop
      vertex 67.232 22.8222 43
      vertex 68.5807 18.3762 53
      vertex 68.5807 18.3762 43
    endloop
  endfacet
  facet normal 0.773007 0.634397 0
    outer loop
      vertex 56.3281 43.2221 53
      vertex 53.3806 46.8136 43
      vertex 53.3806 46.8136 53
    endloop
  endfacet
  facet normal 0.773007 0.634397 0
    outer loop
      vertex 53.3806 46.8136 43
      vertex 56.3281 43.2221 53
      vertex 56.3281 43.2221 43
    endloop
  endfacet
  facet normal 0.16289 0.986644 -0
    outer loop
      vertex 13.8514 69.6358 43
      vertex 9.26736 70.3926 53
      vertex 13.8514 69.6358 53
    endloop
  endfacet
  facet normal 0.16289 0.986644 0
    outer loop
      vertex 9.26736 70.3926 53
      vertex 13.8514 69.6358 43
      vertex 9.26736 70.3926 43
    endloop
  endfacet
  facet normal -0.935905 0.352253 0
    outer loop
      vertex -67.232 22.8222 43
      vertex -65.5954 27.1705 53
      vertex -65.5954 27.1705 43
    endloop
  endfacet
  facet normal -0.935905 0.352253 0
    outer loop
      vertex -65.5954 27.1705 53
      vertex -67.232 22.8222 43
      vertex -67.232 22.8222 53
    endloop
  endfacet
  facet normal -0.986644 0.16289 0
    outer loop
      vertex -70.3926 9.26736 43
      vertex -69.6358 13.8514 53
      vertex -69.6358 13.8514 43
    endloop
  endfacet
  facet normal -0.986644 0.16289 0
    outer loop
      vertex -69.6358 13.8514 53
      vertex -70.3926 9.26736 43
      vertex -70.3926 9.26736 53
    endloop
  endfacet
  facet normal -0.41269 0.910871 0
    outer loop
      vertex -27.1705 65.5954 43
      vertex -31.4025 63.678 53
      vertex -27.1705 65.5954 53
    endloop
  endfacet
  facet normal -0.41269 0.910871 0
    outer loop
      vertex -31.4025 63.678 53
      vertex -27.1705 65.5954 43
      vertex -31.4025 63.678 43
    endloop
  endfacet
  facet normal -0.0980174 0.995185 0
    outer loop
      vertex -4.64362 70.848 43
      vertex -9.26736 70.3926 53
      vertex -4.64362 70.848 53
    endloop
  endfacet
  facet normal -0.0980174 0.995185 0
    outer loop
      vertex -9.26736 70.3926 53
      vertex -4.64362 70.848 43
      vertex -9.26736 70.3926 43
    endloop
  endfacet
  facet normal 0.16289 -0.986644 0
    outer loop
      vertex 9.26736 -70.3926 43
      vertex 13.8514 -69.6358 53
      vertex 9.26736 -70.3926 53
    endloop
  endfacet
  facet normal 0.16289 -0.986644 0
    outer loop
      vertex 13.8514 -69.6358 53
      vertex 9.26736 -70.3926 43
      vertex 13.8514 -69.6358 43
    endloop
  endfacet
  facet normal 0.995185 -0.0980174 0
    outer loop
      vertex 70.3926 -9.26736 53
      vertex 70.848 -4.64362 43
      vertex 70.848 -4.64362 53
    endloop
  endfacet
  facet normal 0.995185 -0.0980174 0
    outer loop
      vertex 70.848 -4.64362 43
      vertex 70.3926 -9.26736 53
      vertex 70.3926 -9.26736 43
    endloop
  endfacet
  facet normal 0.999465 -0.0327156 0
    outer loop
      vertex 70.848 -4.64362 53
      vertex 71 0 43
      vertex 71 0 53
    endloop
  endfacet
  facet normal 0.999465 -0.0327156 0
    outer loop
      vertex 71 0 43
      vertex 70.848 -4.64362 53
      vertex 70.848 -4.64362 43
    endloop
  endfacet
  facet normal -0.0980174 -0.995185 0
    outer loop
      vertex -9.26736 -70.3926 43
      vertex -4.64362 -70.848 53
      vertex -9.26736 -70.3926 53
    endloop
  endfacet
  facet normal -0.0980174 -0.995185 -0
    outer loop
      vertex -4.64362 -70.848 53
      vertex -9.26736 -70.3926 43
      vertex -4.64362 -70.848 43
    endloop
  endfacet
endsolid OpenSCAD_Model
