solid OpenSCAD_Model
  facet normal 0 0 -1
    outer loop
      vertex -39 -89 -114
      vertex -92.5 -89 -114
      vertex -39 -87.8 -114
    endloop
  endfacet
  facet normal 0 0 -1
    outer loop
      vertex 92.5 -89 -114
      vertex 122.5 -59 -114
      vertex 122.436 -60.9621 -114
    endloop
  endfacet
  facet normal 0 0 -1
    outer loop
      vertex 92.5 -89 -114
      vertex 122.436 -60.9621 -114
      vertex 122.243 -62.9158 -114
    endloop
  endfacet
  facet normal 0 0 -1
    outer loop
      vertex 92.5 -89 -114
      vertex 122.243 -62.9158 -114
      vertex 121.924 -64.8527 -114
    endloop
  endfacet
  facet normal 0 0 -1
    outer loop
      vertex 92.5 -89 -114
      vertex 121.924 -64.8527 -114
      vertex 121.478 -66.7646 -114
    endloop
  endfacet
  facet normal 0 0 -1
    outer loop
      vertex 92.5 -89 -114
      vertex 121.478 -66.7646 -114
      vertex 120.908 -68.6432 -114
    endloop
  endfacet
  facet normal 0 0 -1
    outer loop
      vertex 92.5 -89 -114
      vertex 120.908 -68.6432 -114
      vertex 120.216 -70.4805 -114
    endloop
  endfacet
  facet normal 0 0 -1
    outer loop
      vertex 92.5 -89 -114
      vertex 120.216 -70.4805 -114
      vertex 119.406 -72.2687 -114
    endloop
  endfacet
  facet normal 0 0 -1
    outer loop
      vertex 92.5 -89 -114
      vertex 119.406 -72.2687 -114
      vertex 118.481 -74 -114
    endloop
  endfacet
  facet normal 0 0 -1
    outer loop
      vertex 92.5 -89 -114
      vertex 118.481 -74 -114
      vertex 117.444 -75.6671 -114
    endloop
  endfacet
  facet normal 0 0 -1
    outer loop
      vertex 92.5 -89 -114
      vertex 117.444 -75.6671 -114
      vertex 116.301 -77.2628 -114
    endloop
  endfacet
  facet normal 0 0 -1
    outer loop
      vertex 92.5 -89 -114
      vertex 116.301 -77.2628 -114
      vertex 115.055 -78.7804 -114
    endloop
  endfacet
  facet normal 0 0 -1
    outer loop
      vertex 92.5 -89 -114
      vertex 115.055 -78.7804 -114
      vertex 113.713 -80.2132 -114
    endloop
  endfacet
  facet normal 0 0 -1
    outer loop
      vertex 92.5 -89 -114
      vertex 113.713 -80.2132 -114
      vertex 112.28 -81.5552 -114
    endloop
  endfacet
  facet normal 0 0 -1
    outer loop
      vertex 92.5 -89 -114
      vertex 112.28 -81.5552 -114
      vertex 110.763 -82.8006 -114
    endloop
  endfacet
  facet normal 0 0 -1
    outer loop
      vertex 92.5 -89 -114
      vertex 110.763 -82.8006 -114
      vertex 109.167 -83.9441 -114
    endloop
  endfacet
  facet normal 0 0 -1
    outer loop
      vertex 92.5 -89 -114
      vertex 109.167 -83.9441 -114
      vertex 107.5 -84.9808 -114
    endloop
  endfacet
  facet normal 0 0 -1
    outer loop
      vertex 92.5 -89 -114
      vertex 107.5 -84.9808 -114
      vertex 105.769 -85.9062 -114
    endloop
  endfacet
  facet normal 0 0 -1
    outer loop
      vertex 92.5 -89 -114
      vertex 105.769 -85.9062 -114
      vertex 103.98 -86.7164 -114
    endloop
  endfacet
  facet normal 0 0 -1
    outer loop
      vertex 92.5 -89 -114
      vertex 103.98 -86.7164 -114
      vertex 102.143 -87.4079 -114
    endloop
  endfacet
  facet normal 0 0 -1
    outer loop
      vertex 92.5 -89 -114
      vertex 102.143 -87.4079 -114
      vertex 100.265 -87.9778 -114
    endloop
  endfacet
  facet normal 0 0 -1
    outer loop
      vertex 92.5 -89 -114
      vertex 100.265 -87.9778 -114
      vertex 98.3527 -88.4236 -114
    endloop
  endfacet
  facet normal 0 0 -1
    outer loop
      vertex 92.5 -89 -114
      vertex 98.3527 -88.4236 -114
      vertex 96.4158 -88.7433 -114
    endloop
  endfacet
  facet normal 0 0 -1
    outer loop
      vertex 92.5 -89 -114
      vertex 96.4158 -88.7433 -114
      vertex 94.4621 -88.9358 -114
    endloop
  endfacet
  facet normal 0 0 -1
    outer loop
      vertex 122.5 -59 -114
      vertex 92.5 -89 -114
      vertex 36.3334 -82.8112 -114
    endloop
  endfacet
  facet normal 0 0 -1
    outer loop
      vertex 39 -87.8 -114
      vertex 92.5 -89 -114
      vertex 39 -89 -114
    endloop
  endfacet
  facet normal 0 0 -1
    outer loop
      vertex 38.9872 -87.4076 -114
      vertex 92.5 -89 -114
      vertex 39 -87.8 -114
    endloop
  endfacet
  facet normal 0 0 -1
    outer loop
      vertex 38.9487 -87.0168 -114
      vertex 92.5 -89 -114
      vertex 38.9872 -87.4076 -114
    endloop
  endfacet
  facet normal 0 0 -1
    outer loop
      vertex 38.8847 -86.6295 -114
      vertex 92.5 -89 -114
      vertex 38.9487 -87.0168 -114
    endloop
  endfacet
  facet normal 0 0 -1
    outer loop
      vertex 38.7956 -86.2471 -114
      vertex 92.5 -89 -114
      vertex 38.8847 -86.6295 -114
    endloop
  endfacet
  facet normal 0 0 -1
    outer loop
      vertex 38.6816 -85.8714 -114
      vertex 92.5 -89 -114
      vertex 38.7956 -86.2471 -114
    endloop
  endfacet
  facet normal 0 0 -1
    outer loop
      vertex 38.5433 -85.5039 -114
      vertex 92.5 -89 -114
      vertex 38.6816 -85.8714 -114
    endloop
  endfacet
  facet normal 0 0 -1
    outer loop
      vertex 38.3812 -85.1463 -114
      vertex 92.5 -89 -114
      vertex 38.5433 -85.5039 -114
    endloop
  endfacet
  facet normal 0 0 -1
    outer loop
      vertex 38.1962 -84.8 -114
      vertex 92.5 -89 -114
      vertex 38.3812 -85.1463 -114
    endloop
  endfacet
  facet normal 0 0 -1
    outer loop
      vertex 37.9888 -84.4666 -114
      vertex 92.5 -89 -114
      vertex 38.1962 -84.8 -114
    endloop
  endfacet
  facet normal 0 0 -1
    outer loop
      vertex 37.7601 -84.1474 -114
      vertex 92.5 -89 -114
      vertex 37.9888 -84.4666 -114
    endloop
  endfacet
  facet normal 0 0 -1
    outer loop
      vertex 37.511 -83.8439 -114
      vertex 92.5 -89 -114
      vertex 37.7601 -84.1474 -114
    endloop
  endfacet
  facet normal 0 0 -1
    outer loop
      vertex 37.2426 -83.5574 -114
      vertex 92.5 -89 -114
      vertex 37.511 -83.8439 -114
    endloop
  endfacet
  facet normal 0 0 -1
    outer loop
      vertex 36.9561 -83.289 -114
      vertex 92.5 -89 -114
      vertex 37.2426 -83.5574 -114
    endloop
  endfacet
  facet normal 0 0 -1
    outer loop
      vertex 36.6526 -83.0399 -114
      vertex 92.5 -89 -114
      vertex 36.9561 -83.289 -114
    endloop
  endfacet
  facet normal 0 0 -1
    outer loop
      vertex 36.3334 -82.8112 -114
      vertex 92.5 -89 -114
      vertex 36.6526 -83.0399 -114
    endloop
  endfacet
  facet normal 0 0 -1
    outer loop
      vertex 36 -82.6039 -114
      vertex 122.5 -59 -114
      vertex 36.3334 -82.8112 -114
    endloop
  endfacet
  facet normal -0 0 -1
    outer loop
      vertex 122.5 -59 -114
      vertex 36 -82.6039 -114
      vertex 122.5 0 -114
    endloop
  endfacet
  facet normal 0 0 -1
    outer loop
      vertex 35.6537 -82.4188 -114
      vertex 122.5 0 -114
      vertex 36 -82.6039 -114
    endloop
  endfacet
  facet normal 0 0 -1
    outer loop
      vertex 35.2961 -82.2567 -114
      vertex 122.5 0 -114
      vertex 35.6537 -82.4188 -114
    endloop
  endfacet
  facet normal 0 0 -1
    outer loop
      vertex 34.9286 -82.1184 -114
      vertex 122.5 0 -114
      vertex 35.2961 -82.2567 -114
    endloop
  endfacet
  facet normal 0 0 -1
    outer loop
      vertex 34.5529 -82.0044 -114
      vertex 122.5 0 -114
      vertex 34.9286 -82.1184 -114
    endloop
  endfacet
  facet normal 0 0 -1
    outer loop
      vertex 34.1705 -81.9153 -114
      vertex 122.5 0 -114
      vertex 34.5529 -82.0044 -114
    endloop
  endfacet
  facet normal 0 0 -1
    outer loop
      vertex 33.7832 -81.8513 -114
      vertex 122.5 0 -114
      vertex 34.1705 -81.9153 -114
    endloop
  endfacet
  facet normal 0 0 -1
    outer loop
      vertex 33.3924 -81.8128 -114
      vertex 122.5 0 -114
      vertex 33.7832 -81.8513 -114
    endloop
  endfacet
  facet normal 0 0 -1
    outer loop
      vertex 33 -81.8 -114
      vertex 122.5 0 -114
      vertex 33.3924 -81.8128 -114
    endloop
  endfacet
  facet normal 0 0 -1
    outer loop
      vertex -33 -81.8 -114
      vertex 122.5 0 -114
      vertex 33 -81.8 -114
    endloop
  endfacet
  facet normal 0 0 -1
    outer loop
      vertex -122.5 0 -114
      vertex -33 -81.8 -114
      vertex -33.3924 -81.8128 -114
    endloop
  endfacet
  facet normal 0 0 -1
    outer loop
      vertex -122.5 0 -114
      vertex -33.3924 -81.8128 -114
      vertex -33.7832 -81.8513 -114
    endloop
  endfacet
  facet normal 0 0 -1
    outer loop
      vertex -122.5 0 -114
      vertex -33.7832 -81.8513 -114
      vertex -34.1705 -81.9153 -114
    endloop
  endfacet
  facet normal 0 0 -1
    outer loop
      vertex -122.5 0 -114
      vertex -34.1705 -81.9153 -114
      vertex -34.5529 -82.0044 -114
    endloop
  endfacet
  facet normal 0 0 -1
    outer loop
      vertex -122.5 0 -114
      vertex -34.5529 -82.0044 -114
      vertex -34.9286 -82.1184 -114
    endloop
  endfacet
  facet normal 0 0 -1
    outer loop
      vertex -122.5 0 -114
      vertex -34.9286 -82.1184 -114
      vertex -35.2961 -82.2567 -114
    endloop
  endfacet
  facet normal 0 0 -1
    outer loop
      vertex -122.5 0 -114
      vertex -35.2961 -82.2567 -114
      vertex -35.6537 -82.4188 -114
    endloop
  endfacet
  facet normal 0 0 -1
    outer loop
      vertex -92.5 -89 -114
      vertex -38.9872 -87.4076 -114
      vertex -39 -87.8 -114
    endloop
  endfacet
  facet normal 0 0 -1
    outer loop
      vertex -92.5 -89 -114
      vertex -38.9487 -87.0168 -114
      vertex -38.9872 -87.4076 -114
    endloop
  endfacet
  facet normal 0 0 -1
    outer loop
      vertex -92.5 -89 -114
      vertex -38.8847 -86.6295 -114
      vertex -38.9487 -87.0168 -114
    endloop
  endfacet
  facet normal 0 0 -1
    outer loop
      vertex -92.5 -89 -114
      vertex -38.7956 -86.2471 -114
      vertex -38.8847 -86.6295 -114
    endloop
  endfacet
  facet normal 0 0 -1
    outer loop
      vertex -92.5 -89 -114
      vertex -38.6816 -85.8714 -114
      vertex -38.7956 -86.2471 -114
    endloop
  endfacet
  facet normal 0 0 -1
    outer loop
      vertex -92.5 -89 -114
      vertex -38.5433 -85.5039 -114
      vertex -38.6816 -85.8714 -114
    endloop
  endfacet
  facet normal 0 0 -1
    outer loop
      vertex -92.5 -89 -114
      vertex -38.3812 -85.1463 -114
      vertex -38.5433 -85.5039 -114
    endloop
  endfacet
  facet normal 0 0 -1
    outer loop
      vertex -92.5 -89 -114
      vertex -38.1962 -84.8 -114
      vertex -38.3812 -85.1463 -114
    endloop
  endfacet
  facet normal 0 0 -1
    outer loop
      vertex -92.5 -89 -114
      vertex -37.9888 -84.4666 -114
      vertex -38.1962 -84.8 -114
    endloop
  endfacet
  facet normal 0 0 -1
    outer loop
      vertex -92.5 -89 -114
      vertex -37.7601 -84.1474 -114
      vertex -37.9888 -84.4666 -114
    endloop
  endfacet
  facet normal 0 0 -1
    outer loop
      vertex -92.5 -89 -114
      vertex -37.511 -83.8439 -114
      vertex -37.7601 -84.1474 -114
    endloop
  endfacet
  facet normal 0 0 -1
    outer loop
      vertex -92.5 -89 -114
      vertex -37.2426 -83.5574 -114
      vertex -37.511 -83.8439 -114
    endloop
  endfacet
  facet normal 0 0 -1
    outer loop
      vertex -92.5 -89 -114
      vertex -36.9561 -83.289 -114
      vertex -37.2426 -83.5574 -114
    endloop
  endfacet
  facet normal 0 0 -1
    outer loop
      vertex -92.5 -89 -114
      vertex -36.6526 -83.0399 -114
      vertex -36.9561 -83.289 -114
    endloop
  endfacet
  facet normal 0 0 -1
    outer loop
      vertex -92.5 -89 -114
      vertex -36.3334 -82.8112 -114
      vertex -36.6526 -83.0399 -114
    endloop
  endfacet
  facet normal 0 0 -1
    outer loop
      vertex -122.5 -59 -114
      vertex -36.3334 -82.8112 -114
      vertex -92.5 -89 -114
    endloop
  endfacet
  facet normal 0 0 -1
    outer loop
      vertex -36.3334 -82.8112 -114
      vertex -122.5 -59 -114
      vertex -36 -82.6039 -114
    endloop
  endfacet
  facet normal 0 0 -1
    outer loop
      vertex -122.5 0 -114
      vertex -36 -82.6039 -114
      vertex -122.5 -59 -114
    endloop
  endfacet
  facet normal 0 0 -1
    outer loop
      vertex -122.5 -59 -114
      vertex -92.5 -89 -114
      vertex -94.4621 -88.9358 -114
    endloop
  endfacet
  facet normal 0 0 -1
    outer loop
      vertex -122.5 -59 -114
      vertex -94.4621 -88.9358 -114
      vertex -96.4158 -88.7433 -114
    endloop
  endfacet
  facet normal 0 0 -1
    outer loop
      vertex -122.5 -59 -114
      vertex -96.4158 -88.7433 -114
      vertex -98.3527 -88.4236 -114
    endloop
  endfacet
  facet normal 0 0 -1
    outer loop
      vertex -122.5 -59 -114
      vertex -98.3527 -88.4236 -114
      vertex -100.265 -87.9778 -114
    endloop
  endfacet
  facet normal 0 0 -1
    outer loop
      vertex -122.5 -59 -114
      vertex -100.265 -87.9778 -114
      vertex -102.143 -87.4079 -114
    endloop
  endfacet
  facet normal 0 0 -1
    outer loop
      vertex -122.5 -59 -114
      vertex -102.143 -87.4079 -114
      vertex -103.98 -86.7164 -114
    endloop
  endfacet
  facet normal 0 0 -1
    outer loop
      vertex -122.5 -59 -114
      vertex -103.98 -86.7164 -114
      vertex -105.769 -85.9062 -114
    endloop
  endfacet
  facet normal 0 0 -1
    outer loop
      vertex -122.5 -59 -114
      vertex -105.769 -85.9062 -114
      vertex -107.5 -84.9808 -114
    endloop
  endfacet
  facet normal 0 0 -1
    outer loop
      vertex -122.5 -59 -114
      vertex -107.5 -84.9808 -114
      vertex -109.167 -83.9441 -114
    endloop
  endfacet
  facet normal 0 0 -1
    outer loop
      vertex -122.5 -59 -114
      vertex -109.167 -83.9441 -114
      vertex -110.763 -82.8006 -114
    endloop
  endfacet
  facet normal 0 0 -1
    outer loop
      vertex -122.5 -59 -114
      vertex -110.763 -82.8006 -114
      vertex -112.28 -81.5552 -114
    endloop
  endfacet
  facet normal 0 0 -1
    outer loop
      vertex -122.5 -59 -114
      vertex -112.28 -81.5552 -114
      vertex -113.713 -80.2132 -114
    endloop
  endfacet
  facet normal 0 0 -1
    outer loop
      vertex -122.5 -59 -114
      vertex -113.713 -80.2132 -114
      vertex -115.055 -78.7804 -114
    endloop
  endfacet
  facet normal 0 0 -1
    outer loop
      vertex -122.5 -59 -114
      vertex -115.055 -78.7804 -114
      vertex -116.301 -77.2628 -114
    endloop
  endfacet
  facet normal 0 0 -1
    outer loop
      vertex -122.5 -59 -114
      vertex -116.301 -77.2628 -114
      vertex -117.444 -75.6671 -114
    endloop
  endfacet
  facet normal 0 0 -1
    outer loop
      vertex -122.5 -59 -114
      vertex -117.444 -75.6671 -114
      vertex -118.481 -74 -114
    endloop
  endfacet
  facet normal 0 0 -1
    outer loop
      vertex -122.5 -59 -114
      vertex -118.481 -74 -114
      vertex -119.406 -72.2687 -114
    endloop
  endfacet
  facet normal 0 0 -1
    outer loop
      vertex -122.5 -59 -114
      vertex -119.406 -72.2687 -114
      vertex -120.216 -70.4805 -114
    endloop
  endfacet
  facet normal 0 0 -1
    outer loop
      vertex -122.5 -59 -114
      vertex -120.216 -70.4805 -114
      vertex -120.908 -68.6432 -114
    endloop
  endfacet
  facet normal 0 0 -1
    outer loop
      vertex -122.5 -59 -114
      vertex -120.908 -68.6432 -114
      vertex -121.478 -66.7646 -114
    endloop
  endfacet
  facet normal 0 0 -1
    outer loop
      vertex -122.5 -59 -114
      vertex -121.478 -66.7646 -114
      vertex -121.924 -64.8527 -114
    endloop
  endfacet
  facet normal 0 0 -1
    outer loop
      vertex -122.5 -59 -114
      vertex -121.924 -64.8527 -114
      vertex -122.243 -62.9158 -114
    endloop
  endfacet
  facet normal 0 0 -1
    outer loop
      vertex -122.5 -59 -114
      vertex -122.243 -62.9158 -114
      vertex -122.436 -60.9621 -114
    endloop
  endfacet
  facet normal 0 0 -1
    outer loop
      vertex -36 -82.6039 -114
      vertex -122.5 0 -114
      vertex -35.6537 -82.4188 -114
    endloop
  endfacet
  facet normal 0 0 -1
    outer loop
      vertex -33 -81.8 -114
      vertex -122.5 0 -114
      vertex 122.5 0 -114
    endloop
  endfacet
  facet normal -0.995156 -0.0983084 0
    outer loop
      vertex -122.243 -62.9158 -114
      vertex -122.436 -60.9621 114
      vertex -122.436 -60.9621 -114
    endloop
  endfacet
  facet normal -0.995156 -0.0983084 0
    outer loop
      vertex -122.436 -60.9621 114
      vertex -122.243 -62.9158 -114
      vertex -122.243 -62.9158 114
    endloop
  endfacet
  facet normal -1 0 0
    outer loop
      vertex -122.5 -59 -114
      vertex -122.5 0 114
      vertex -122.5 0 -114
    endloop
  endfacet
  facet normal -1 -0 0
    outer loop
      vertex -122.5 0 114
      vertex -122.5 -59 -114
      vertex -122.5 -59 114
    endloop
  endfacet
  facet normal -0.999468 -0.0326008 0
    outer loop
      vertex -122.436 -60.9621 -114
      vertex -122.5 -59 114
      vertex -122.5 -59 -114
    endloop
  endfacet
  facet normal -0.999468 -0.0326008 0
    outer loop
      vertex -122.5 -59 114
      vertex -122.436 -60.9621 -114
      vertex -122.436 -60.9621 114
    endloop
  endfacet
  facet normal 0 0 1
    outer loop
      vertex 92.5 -89 114
      vertex 122.5 -59 114
      vertex 122.5 0 114
    endloop
  endfacet
  facet normal 0 0 1
    outer loop
      vertex 122.5 -59 114
      vertex 92.5 -89 114
      vertex 122.436 -60.9621 114
    endloop
  endfacet
  facet normal 0 0 1
    outer loop
      vertex 122.436 -60.9621 114
      vertex 92.5 -89 114
      vertex 122.243 -62.9158 114
    endloop
  endfacet
  facet normal 0 0 1
    outer loop
      vertex 122.243 -62.9158 114
      vertex 92.5 -89 114
      vertex 121.924 -64.8527 114
    endloop
  endfacet
  facet normal 0 0 1
    outer loop
      vertex 121.924 -64.8527 114
      vertex 92.5 -89 114
      vertex 121.478 -66.7646 114
    endloop
  endfacet
  facet normal 0 0 1
    outer loop
      vertex 121.478 -66.7646 114
      vertex 92.5 -89 114
      vertex 120.908 -68.6432 114
    endloop
  endfacet
  facet normal 0 0 1
    outer loop
      vertex 120.908 -68.6432 114
      vertex 92.5 -89 114
      vertex 120.216 -70.4805 114
    endloop
  endfacet
  facet normal 0 0 1
    outer loop
      vertex 120.216 -70.4805 114
      vertex 92.5 -89 114
      vertex 119.406 -72.2687 114
    endloop
  endfacet
  facet normal 0 0 1
    outer loop
      vertex 119.406 -72.2687 114
      vertex 92.5 -89 114
      vertex 118.481 -74 114
    endloop
  endfacet
  facet normal 0 0 1
    outer loop
      vertex 118.481 -74 114
      vertex 92.5 -89 114
      vertex 117.444 -75.6671 114
    endloop
  endfacet
  facet normal 0 0 1
    outer loop
      vertex 117.444 -75.6671 114
      vertex 92.5 -89 114
      vertex 116.301 -77.2628 114
    endloop
  endfacet
  facet normal 0 0 1
    outer loop
      vertex 116.301 -77.2628 114
      vertex 92.5 -89 114
      vertex 115.055 -78.7804 114
    endloop
  endfacet
  facet normal 0 0 1
    outer loop
      vertex 115.055 -78.7804 114
      vertex 92.5 -89 114
      vertex 113.713 -80.2132 114
    endloop
  endfacet
  facet normal 0 0 1
    outer loop
      vertex 113.713 -80.2132 114
      vertex 92.5 -89 114
      vertex 112.28 -81.5552 114
    endloop
  endfacet
  facet normal 0 0 1
    outer loop
      vertex 112.28 -81.5552 114
      vertex 92.5 -89 114
      vertex 110.763 -82.8006 114
    endloop
  endfacet
  facet normal 0 0 1
    outer loop
      vertex 110.763 -82.8006 114
      vertex 92.5 -89 114
      vertex 109.167 -83.9441 114
    endloop
  endfacet
  facet normal 0 0 1
    outer loop
      vertex 109.167 -83.9441 114
      vertex 92.5 -89 114
      vertex 107.5 -84.9808 114
    endloop
  endfacet
  facet normal 0 0 1
    outer loop
      vertex 107.5 -84.9808 114
      vertex 92.5 -89 114
      vertex 105.769 -85.9062 114
    endloop
  endfacet
  facet normal 0 0 1
    outer loop
      vertex 105.769 -85.9062 114
      vertex 92.5 -89 114
      vertex 103.98 -86.7164 114
    endloop
  endfacet
  facet normal 0 0 1
    outer loop
      vertex 103.98 -86.7164 114
      vertex 92.5 -89 114
      vertex 102.143 -87.4079 114
    endloop
  endfacet
  facet normal 0 0 1
    outer loop
      vertex 102.143 -87.4079 114
      vertex 92.5 -89 114
      vertex 100.265 -87.9778 114
    endloop
  endfacet
  facet normal 0 0 1
    outer loop
      vertex 100.265 -87.9778 114
      vertex 92.5 -89 114
      vertex 98.3527 -88.4236 114
    endloop
  endfacet
  facet normal 0 0 1
    outer loop
      vertex 98.3527 -88.4236 114
      vertex 92.5 -89 114
      vertex 96.4158 -88.7433 114
    endloop
  endfacet
  facet normal 0 0 1
    outer loop
      vertex 96.4158 -88.7433 114
      vertex 92.5 -89 114
      vertex 94.4621 -88.9358 114
    endloop
  endfacet
  facet normal 0 0 1
    outer loop
      vertex 122.5 0 114
      vertex -92.5 -89 114
      vertex 92.5 -89 114
    endloop
  endfacet
  facet normal -0 0 1
    outer loop
      vertex -122.5 0 114
      vertex -92.5 -89 114
      vertex 122.5 0 114
    endloop
  endfacet
  facet normal -0 0 1
    outer loop
      vertex -122.5 -59 114
      vertex -92.5 -89 114
      vertex -122.5 0 114
    endloop
  endfacet
  facet normal 0 0 1
    outer loop
      vertex -92.5 -89 114
      vertex -122.5 -59 114
      vertex -94.4621 -88.9358 114
    endloop
  endfacet
  facet normal 0 0 1
    outer loop
      vertex -94.4621 -88.9358 114
      vertex -122.5 -59 114
      vertex -96.4158 -88.7433 114
    endloop
  endfacet
  facet normal 0 0 1
    outer loop
      vertex -96.4158 -88.7433 114
      vertex -122.5 -59 114
      vertex -98.3527 -88.4236 114
    endloop
  endfacet
  facet normal 0 0 1
    outer loop
      vertex -98.3527 -88.4236 114
      vertex -122.5 -59 114
      vertex -100.265 -87.9778 114
    endloop
  endfacet
  facet normal 0 0 1
    outer loop
      vertex -100.265 -87.9778 114
      vertex -122.5 -59 114
      vertex -102.143 -87.4079 114
    endloop
  endfacet
  facet normal 0 0 1
    outer loop
      vertex -102.143 -87.4079 114
      vertex -122.5 -59 114
      vertex -103.98 -86.7164 114
    endloop
  endfacet
  facet normal 0 0 1
    outer loop
      vertex -103.98 -86.7164 114
      vertex -122.5 -59 114
      vertex -105.769 -85.9062 114
    endloop
  endfacet
  facet normal 0 0 1
    outer loop
      vertex -105.769 -85.9062 114
      vertex -122.5 -59 114
      vertex -107.5 -84.9808 114
    endloop
  endfacet
  facet normal 0 0 1
    outer loop
      vertex -107.5 -84.9808 114
      vertex -122.5 -59 114
      vertex -109.167 -83.9441 114
    endloop
  endfacet
  facet normal 0 0 1
    outer loop
      vertex -109.167 -83.9441 114
      vertex -122.5 -59 114
      vertex -110.763 -82.8006 114
    endloop
  endfacet
  facet normal 0 0 1
    outer loop
      vertex -110.763 -82.8006 114
      vertex -122.5 -59 114
      vertex -112.28 -81.5552 114
    endloop
  endfacet
  facet normal 0 0 1
    outer loop
      vertex -112.28 -81.5552 114
      vertex -122.5 -59 114
      vertex -113.713 -80.2132 114
    endloop
  endfacet
  facet normal 0 0 1
    outer loop
      vertex -113.713 -80.2132 114
      vertex -122.5 -59 114
      vertex -115.055 -78.7804 114
    endloop
  endfacet
  facet normal 0 0 1
    outer loop
      vertex -116.301 -77.2628 114
      vertex -122.5 -59 114
      vertex -117.444 -75.6671 114
    endloop
  endfacet
  facet normal 0 0 1
    outer loop
      vertex -117.444 -75.6671 114
      vertex -122.5 -59 114
      vertex -118.481 -74 114
    endloop
  endfacet
  facet normal 0 0 1
    outer loop
      vertex -118.481 -74 114
      vertex -122.5 -59 114
      vertex -119.406 -72.2687 114
    endloop
  endfacet
  facet normal 0 0 1
    outer loop
      vertex -119.406 -72.2687 114
      vertex -122.5 -59 114
      vertex -120.216 -70.4805 114
    endloop
  endfacet
  facet normal 0 0 1
    outer loop
      vertex -120.216 -70.4805 114
      vertex -122.5 -59 114
      vertex -120.908 -68.6432 114
    endloop
  endfacet
  facet normal 0 0 1
    outer loop
      vertex -120.908 -68.6432 114
      vertex -122.5 -59 114
      vertex -121.478 -66.7646 114
    endloop
  endfacet
  facet normal 0 0 1
    outer loop
      vertex -121.478 -66.7646 114
      vertex -122.5 -59 114
      vertex -121.924 -64.8527 114
    endloop
  endfacet
  facet normal 0 0 1
    outer loop
      vertex -121.924 -64.8527 114
      vertex -122.5 -59 114
      vertex -122.243 -62.9158 114
    endloop
  endfacet
  facet normal 0 0 1
    outer loop
      vertex -115.055 -78.7804 114
      vertex -122.5 -59 114
      vertex -116.301 -77.2628 114
    endloop
  endfacet
  facet normal 0 0 1
    outer loop
      vertex -122.243 -62.9158 114
      vertex -122.5 -59 114
      vertex -122.436 -60.9621 114
    endloop
  endfacet
  facet normal -0.729855 -0.683602 0
    outer loop
      vertex -113.713 -80.2132 -114
      vertex -115.055 -78.7804 114
      vertex -115.055 -78.7804 -114
    endloop
  endfacet
  facet normal -0.729855 -0.683602 0
    outer loop
      vertex -115.055 -78.7804 114
      vertex -113.713 -80.2132 -114
      vertex -113.713 -80.2132 114
    endloop
  endfacet
  facet normal 0.995156 -0.0983084 0
    outer loop
      vertex 122.243 -62.9158 114
      vertex 122.436 -60.9621 -114
      vertex 122.436 -60.9621 114
    endloop
  endfacet
  facet normal 0.995156 -0.0983084 0
    outer loop
      vertex 122.436 -60.9621 -114
      vertex 122.243 -62.9158 114
      vertex 122.243 -62.9158 -114
    endloop
  endfacet
  facet normal 1 -0 0
    outer loop
      vertex 122.5 -59 114
      vertex 122.5 0 -114
      vertex 122.5 0 114
    endloop
  endfacet
  facet normal 1 0 0
    outer loop
      vertex 122.5 0 -114
      vertex 122.5 -59 114
      vertex 122.5 -59 -114
    endloop
  endfacet
  facet normal -0.910906 -0.412613 0
    outer loop
      vertex -119.406 -72.2687 -114
      vertex -120.216 -70.4805 114
      vertex -120.216 -70.4805 -114
    endloop
  endfacet
  facet normal -0.910906 -0.412613 0
    outer loop
      vertex -120.216 -70.4805 114
      vertex -119.406 -72.2687 -114
      vertex -119.406 -72.2687 114
    endloop
  endfacet
  facet normal 0.999468 -0.0326008 0
    outer loop
      vertex 122.436 -60.9621 114
      vertex 122.5 -59 -114
      vertex 122.5 -59 114
    endloop
  endfacet
  facet normal 0.999468 -0.0326008 0
    outer loop
      vertex 122.5 -59 -114
      vertex 122.436 -60.9621 114
      vertex 122.436 -60.9621 -114
    endloop
  endfacet
  facet normal -0.0980562 -0.995181 0
    outer loop
      vertex -96.4158 -88.7433 -114
      vertex -94.4621 -88.9358 114
      vertex -96.4158 -88.7433 114
    endloop
  endfacet
  facet normal -0.0980562 -0.995181 -0
    outer loop
      vertex -94.4621 -88.9358 114
      vertex -96.4158 -88.7433 -114
      vertex -94.4621 -88.9358 -114
    endloop
  endfacet
  facet normal 0 -1 0
    outer loop
      vertex -92.5 -89 114
      vertex -76.9935 -89 80.8755
      vertex 92.5 -89 114
    endloop
  endfacet
  facet normal 0 -1 0
    outer loop
      vertex -92.5 -89 114
      vertex -76.9935 -89 -8.60377
      vertex -76.9935 -89 80.8755
    endloop
  endfacet
  facet normal 0 -1 0
    outer loop
      vertex -76.9935 -89 -8.60377
      vertex -70.9935 -89 -52.483
      vertex 76.9935 -89 -8.60377
    endloop
  endfacet
  facet normal 0 -1 0
    outer loop
      vertex -92.5 -89 -114
      vertex -70.9935 -89 -52.483
      vertex -76.9935 -89 -8.60377
    endloop
  endfacet
  facet normal 0 -1 0
    outer loop
      vertex -92.5 -89 -114
      vertex -76.9935 -89 -8.60377
      vertex -92.5 -89 114
    endloop
  endfacet
  facet normal 0 -1 0
    outer loop
      vertex -70.9935 -89 -88.6189
      vertex -39 -89 -98.9434
      vertex 70.9935 -89 -88.6189
    endloop
  endfacet
  facet normal 0 -1 -0
    outer loop
      vertex -70.9935 -89 -52.483
      vertex -92.5 -89 -114
      vertex -70.9935 -89 -88.6189
    endloop
  endfacet
  facet normal 0 -1 0
    outer loop
      vertex -39 -89 -114
      vertex -70.9935 -89 -88.6189
      vertex -92.5 -89 -114
    endloop
  endfacet
  facet normal 0 -1 0
    outer loop
      vertex -70.9935 -89 -88.6189
      vertex -39 -89 -114
      vertex -39 -89 -98.9434
    endloop
  endfacet
  facet normal 0 -1 0
    outer loop
      vertex 76.9935 -89 80.8755
      vertex 92.5 -89 114
      vertex -76.9935 -89 80.8755
    endloop
  endfacet
  facet normal 0 -1 0
    outer loop
      vertex 76.9935 -89 -8.60377
      vertex 92.5 -89 114
      vertex 76.9935 -89 80.8755
    endloop
  endfacet
  facet normal 0 -1 0
    outer loop
      vertex 70.9935 -89 -52.483
      vertex 76.9935 -89 -8.60377
      vertex -70.9935 -89 -52.483
    endloop
  endfacet
  facet normal 0 -1 0
    outer loop
      vertex 92.5 -89 -114
      vertex 70.9935 -89 -52.483
      vertex 70.9935 -89 -88.6189
    endloop
  endfacet
  facet normal 0 -1 0
    outer loop
      vertex 70.9935 -89 -52.483
      vertex 92.5 -89 -114
      vertex 76.9935 -89 -8.60377
    endloop
  endfacet
  facet normal 0 -1 0
    outer loop
      vertex 39 -89 -98.9434
      vertex 70.9935 -89 -88.6189
      vertex -39 -89 -98.9434
    endloop
  endfacet
  facet normal 0 -1 0
    outer loop
      vertex 39 -89 -114
      vertex 70.9935 -89 -88.6189
      vertex 39 -89 -98.9434
    endloop
  endfacet
  facet normal 0 -1 0
    outer loop
      vertex 76.9935 -89 -8.60377
      vertex 92.5 -89 -114
      vertex 92.5 -89 114
    endloop
  endfacet
  facet normal 0 -1 0
    outer loop
      vertex 92.5 -89 -114
      vertex 70.9935 -89 -88.6189
      vertex 39 -89 -114
    endloop
  endfacet
  facet normal 0.471461 -0.881887 0
    outer loop
      vertex 105.769 -85.9062 -114
      vertex 107.5 -84.9808 114
      vertex 105.769 -85.9062 114
    endloop
  endfacet
  facet normal 0.471461 -0.881887 0
    outer loop
      vertex 107.5 -84.9808 114
      vertex 105.769 -85.9062 -114
      vertex 107.5 -84.9808 -114
    endloop
  endfacet
  facet normal 0.582418 -0.812889 0
    outer loop
      vertex 109.167 -83.9441 -114
      vertex 110.763 -82.8006 114
      vertex 109.167 -83.9441 114
    endloop
  endfacet
  facet normal 0.582418 -0.812889 0
    outer loop
      vertex 110.763 -82.8006 114
      vertex 109.167 -83.9441 -114
      vertex 110.763 -82.8006 -114
    endloop
  endfacet
  facet normal 0.772876 -0.634557 0
    outer loop
      vertex 115.055 -78.7804 114
      vertex 116.301 -77.2628 -114
      vertex 116.301 -77.2628 114
    endloop
  endfacet
  facet normal 0.772876 -0.634557 0
    outer loop
      vertex 116.301 -77.2628 -114
      vertex 115.055 -78.7804 114
      vertex 115.055 -78.7804 -114
    endloop
  endfacet
  facet normal 0.683551 -0.729902 0
    outer loop
      vertex 112.28 -81.5552 -114
      vertex 113.713 -80.2132 114
      vertex 112.28 -81.5552 114
    endloop
  endfacet
  facet normal 0.683551 -0.729902 0
    outer loop
      vertex 113.713 -80.2132 114
      vertex 112.28 -81.5552 -114
      vertex 113.713 -80.2132 -114
    endloop
  endfacet
  facet normal 0.956922 -0.290347 0
    outer loop
      vertex 120.908 -68.6432 114
      vertex 121.478 -66.7646 -114
      vertex 121.478 -66.7646 114
    endloop
  endfacet
  facet normal 0.956922 -0.290347 0
    outer loop
      vertex 121.478 -66.7646 -114
      vertex 120.908 -68.6432 114
      vertex 120.908 -68.6432 -114
    endloop
  endfacet
  facet normal 0.986707 -0.162507 0
    outer loop
      vertex 121.924 -64.8527 114
      vertex 122.243 -62.9158 -114
      vertex 122.243 -62.9158 114
    endloop
  endfacet
  facet normal 0.986707 -0.162507 0
    outer loop
      vertex 122.243 -62.9158 -114
      vertex 121.924 -64.8527 114
      vertex 121.924 -64.8527 -114
    endloop
  endfacet
  facet normal 0.910906 -0.412613 0
    outer loop
      vertex 119.406 -72.2687 114
      vertex 120.216 -70.4805 -114
      vertex 120.216 -70.4805 114
    endloop
  endfacet
  facet normal 0.910906 -0.412613 0
    outer loop
      vertex 120.216 -70.4805 -114
      vertex 119.406 -72.2687 114
      vertex 119.406 -72.2687 -114
    endloop
  endfacet
  facet normal 0.849127 -0.528189 0
    outer loop
      vertex 117.444 -75.6671 114
      vertex 118.481 -74 -114
      vertex 118.481 -74 114
    endloop
  endfacet
  facet normal 0.849127 -0.528189 0
    outer loop
      vertex 118.481 -74 -114
      vertex 117.444 -75.6671 114
      vertex 117.444 -75.6671 -114
    endloop
  endfacet
  facet normal -0.0327025 -0.999465 0
    outer loop
      vertex -94.4621 -88.9358 -114
      vertex -92.5 -89 114
      vertex -94.4621 -88.9358 114
    endloop
  endfacet
  facet normal -0.0327025 -0.999465 -0
    outer loop
      vertex -92.5 -89 114
      vertex -94.4621 -88.9358 -114
      vertex -92.5 -89 -114
    endloop
  endfacet
  facet normal 0.0327025 -0.999465 0
    outer loop
      vertex 92.5 -89 -114
      vertex 94.4621 -88.9358 114
      vertex 92.5 -89 114
    endloop
  endfacet
  facet normal 0.0327025 -0.999465 0
    outer loop
      vertex 94.4621 -88.9358 114
      vertex 92.5 -89 -114
      vertex 94.4621 -88.9358 -114
    endloop
  endfacet
  facet normal 0.162854 -0.98665 0
    outer loop
      vertex 96.4158 -88.7433 -114
      vertex 98.3527 -88.4236 114
      vertex 96.4158 -88.7433 114
    endloop
  endfacet
  facet normal 0.162854 -0.98665 0
    outer loop
      vertex 98.3527 -88.4236 114
      vertex 96.4158 -88.7433 -114
      vertex 98.3527 -88.4236 -114
    endloop
  endfacet
  facet normal 0.290385 -0.95691 0
    outer loop
      vertex 100.265 -87.9778 -114
      vertex 102.143 -87.4079 114
      vertex 100.265 -87.9778 114
    endloop
  endfacet
  facet normal 0.290385 -0.95691 0
    outer loop
      vertex 102.143 -87.4079 114
      vertex 100.265 -87.9778 -114
      vertex 102.143 -87.4079 -114
    endloop
  endfacet
  facet normal 0.412544 -0.910938 0
    outer loop
      vertex 103.98 -86.7164 -114
      vertex 105.769 -85.9062 114
      vertex 103.98 -86.7164 114
    endloop
  endfacet
  facet normal 0.412544 -0.910938 0
    outer loop
      vertex 105.769 -85.9062 114
      vertex 103.98 -86.7164 -114
      vertex 105.769 -85.9062 -114
    endloop
  endfacet
  facet normal -0.528102 -0.849181 0
    outer loop
      vertex -109.167 -83.9441 -114
      vertex -107.5 -84.9808 114
      vertex -109.167 -83.9441 114
    endloop
  endfacet
  facet normal -0.528102 -0.849181 -0
    outer loop
      vertex -107.5 -84.9808 114
      vertex -109.167 -83.9441 -114
      vertex -107.5 -84.9808 -114
    endloop
  endfacet
  facet normal -0.412544 -0.910938 0
    outer loop
      vertex -105.769 -85.9062 -114
      vertex -103.98 -86.7164 114
      vertex -105.769 -85.9062 114
    endloop
  endfacet
  facet normal -0.412544 -0.910938 -0
    outer loop
      vertex -103.98 -86.7164 114
      vertex -105.769 -85.9062 -114
      vertex -103.98 -86.7164 -114
    endloop
  endfacet
  facet normal -0.227035 -0.973887 0
    outer loop
      vertex -100.265 -87.9778 -114
      vertex -98.3527 -88.4236 114
      vertex -100.265 -87.9778 114
    endloop
  endfacet
  facet normal -0.227035 -0.973887 -0
    outer loop
      vertex -98.3527 -88.4236 114
      vertex -100.265 -87.9778 -114
      vertex -98.3527 -88.4236 -114
    endloop
  endfacet
  facet normal -0.882006 -0.471239 0
    outer loop
      vertex -118.481 -74 -114
      vertex -119.406 -72.2687 114
      vertex -119.406 -72.2687 -114
    endloop
  endfacet
  facet normal -0.882006 -0.471239 0
    outer loop
      vertex -119.406 -72.2687 114
      vertex -118.481 -74 -114
      vertex -118.481 -74 114
    endloop
  endfacet
  facet normal -0.812958 -0.582322 0
    outer loop
      vertex -116.301 -77.2628 -114
      vertex -117.444 -75.6671 114
      vertex -117.444 -75.6671 -114
    endloop
  endfacet
  facet normal -0.812958 -0.582322 0
    outer loop
      vertex -117.444 -75.6671 114
      vertex -116.301 -77.2628 -114
      vertex -116.301 -77.2628 114
    endloop
  endfacet
  facet normal -0.986707 -0.162507 0
    outer loop
      vertex -121.924 -64.8527 -114
      vertex -122.243 -62.9158 114
      vertex -122.243 -62.9158 -114
    endloop
  endfacet
  facet normal -0.986707 -0.162507 0
    outer loop
      vertex -122.243 -62.9158 114
      vertex -121.924 -64.8527 -114
      vertex -121.924 -64.8527 114
    endloop
  endfacet
  facet normal 0.528102 -0.849181 0
    outer loop
      vertex 107.5 -84.9808 -114
      vertex 109.167 -83.9441 114
      vertex 107.5 -84.9808 114
    endloop
  endfacet
  facet normal 0.528102 -0.849181 0
    outer loop
      vertex 109.167 -83.9441 114
      vertex 107.5 -84.9808 -114
      vertex 109.167 -83.9441 -114
    endloop
  endfacet
  facet normal 0.634524 -0.772903 0
    outer loop
      vertex 110.763 -82.8006 -114
      vertex 112.28 -81.5552 114
      vertex 110.763 -82.8006 114
    endloop
  endfacet
  facet normal 0.634524 -0.772903 0
    outer loop
      vertex 112.28 -81.5552 114
      vertex 110.763 -82.8006 -114
      vertex 112.28 -81.5552 -114
    endloop
  endfacet
  facet normal 0.812958 -0.582322 0
    outer loop
      vertex 116.301 -77.2628 114
      vertex 117.444 -75.6671 -114
      vertex 117.444 -75.6671 114
    endloop
  endfacet
  facet normal 0.812958 -0.582322 0
    outer loop
      vertex 117.444 -75.6671 -114
      vertex 116.301 -77.2628 114
      vertex 116.301 -77.2628 -114
    endloop
  endfacet
  facet normal 0.729855 -0.683602 0
    outer loop
      vertex 113.713 -80.2132 114
      vertex 115.055 -78.7804 -114
      vertex 115.055 -78.7804 114
    endloop
  endfacet
  facet normal 0.729855 -0.683602 0
    outer loop
      vertex 115.055 -78.7804 -114
      vertex 113.713 -80.2132 114
      vertex 113.713 -80.2132 -114
    endloop
  endfacet
  facet normal 0.973854 -0.227176 0
    outer loop
      vertex 121.478 -66.7646 114
      vertex 121.924 -64.8527 -114
      vertex 121.924 -64.8527 114
    endloop
  endfacet
  facet normal 0.973854 -0.227176 0
    outer loop
      vertex 121.924 -64.8527 -114
      vertex 121.478 -66.7646 114
      vertex 121.478 -66.7646 -114
    endloop
  endfacet
  facet normal 0.935824 -0.352468 0
    outer loop
      vertex 120.216 -70.4805 114
      vertex 120.908 -68.6432 -114
      vertex 120.908 -68.6432 114
    endloop
  endfacet
  facet normal 0.935824 -0.352468 0
    outer loop
      vertex 120.908 -68.6432 -114
      vertex 120.216 -70.4805 114
      vertex 120.216 -70.4805 -114
    endloop
  endfacet
  facet normal 0.882006 -0.471239 0
    outer loop
      vertex 118.481 -74 114
      vertex 119.406 -72.2687 -114
      vertex 119.406 -72.2687 114
    endloop
  endfacet
  facet normal 0.882006 -0.471239 0
    outer loop
      vertex 119.406 -72.2687 -114
      vertex 118.481 -74 114
      vertex 118.481 -74 -114
    endloop
  endfacet
  facet normal 0.0980562 -0.995181 0
    outer loop
      vertex 94.4621 -88.9358 -114
      vertex 96.4158 -88.7433 114
      vertex 94.4621 -88.9358 114
    endloop
  endfacet
  facet normal 0.0980562 -0.995181 0
    outer loop
      vertex 96.4158 -88.7433 114
      vertex 94.4621 -88.9358 -114
      vertex 96.4158 -88.7433 -114
    endloop
  endfacet
  facet normal 0.227035 -0.973887 0
    outer loop
      vertex 98.3527 -88.4236 -114
      vertex 100.265 -87.9778 114
      vertex 98.3527 -88.4236 114
    endloop
  endfacet
  facet normal 0.227035 -0.973887 0
    outer loop
      vertex 100.265 -87.9778 114
      vertex 98.3527 -88.4236 -114
      vertex 100.265 -87.9778 -114
    endloop
  endfacet
  facet normal 0.352296 -0.935889 0
    outer loop
      vertex 102.143 -87.4079 -114
      vertex 103.98 -86.7164 114
      vertex 102.143 -87.4079 114
    endloop
  endfacet
  facet normal 0.352296 -0.935889 0
    outer loop
      vertex 103.98 -86.7164 114
      vertex 102.143 -87.4079 -114
      vertex 103.98 -86.7164 -114
    endloop
  endfacet
  facet normal -0.683551 -0.729902 0
    outer loop
      vertex -113.713 -80.2132 -114
      vertex -112.28 -81.5552 114
      vertex -113.713 -80.2132 114
    endloop
  endfacet
  facet normal -0.683551 -0.729902 -0
    outer loop
      vertex -112.28 -81.5552 114
      vertex -113.713 -80.2132 -114
      vertex -112.28 -81.5552 -114
    endloop
  endfacet
  facet normal -0.582418 -0.812889 0
    outer loop
      vertex -110.763 -82.8006 -114
      vertex -109.167 -83.9441 114
      vertex -110.763 -82.8006 114
    endloop
  endfacet
  facet normal -0.582418 -0.812889 -0
    outer loop
      vertex -109.167 -83.9441 114
      vertex -110.763 -82.8006 -114
      vertex -109.167 -83.9441 -114
    endloop
  endfacet
  facet normal -0.471461 -0.881887 0
    outer loop
      vertex -107.5 -84.9808 -114
      vertex -105.769 -85.9062 114
      vertex -107.5 -84.9808 114
    endloop
  endfacet
  facet normal -0.471461 -0.881887 -0
    outer loop
      vertex -105.769 -85.9062 114
      vertex -107.5 -84.9808 -114
      vertex -105.769 -85.9062 -114
    endloop
  endfacet
  facet normal -0.352296 -0.935889 0
    outer loop
      vertex -103.98 -86.7164 -114
      vertex -102.143 -87.4079 114
      vertex -103.98 -86.7164 114
    endloop
  endfacet
  facet normal -0.352296 -0.935889 -0
    outer loop
      vertex -102.143 -87.4079 114
      vertex -103.98 -86.7164 -114
      vertex -102.143 -87.4079 -114
    endloop
  endfacet
  facet normal -0.162854 -0.98665 0
    outer loop
      vertex -98.3527 -88.4236 -114
      vertex -96.4158 -88.7433 114
      vertex -98.3527 -88.4236 114
    endloop
  endfacet
  facet normal -0.162854 -0.98665 -0
    outer loop
      vertex -96.4158 -88.7433 114
      vertex -98.3527 -88.4236 -114
      vertex -96.4158 -88.7433 -114
    endloop
  endfacet
  facet normal -0.849127 -0.528189 0
    outer loop
      vertex -117.444 -75.6671 -114
      vertex -118.481 -74 114
      vertex -118.481 -74 -114
    endloop
  endfacet
  facet normal -0.849127 -0.528189 0
    outer loop
      vertex -118.481 -74 114
      vertex -117.444 -75.6671 -114
      vertex -117.444 -75.6671 114
    endloop
  endfacet
  facet normal -0.772876 -0.634557 0
    outer loop
      vertex -115.055 -78.7804 -114
      vertex -116.301 -77.2628 114
      vertex -116.301 -77.2628 -114
    endloop
  endfacet
  facet normal -0.772876 -0.634557 0
    outer loop
      vertex -116.301 -77.2628 114
      vertex -115.055 -78.7804 -114
      vertex -115.055 -78.7804 114
    endloop
  endfacet
  facet normal -0.956922 -0.290347 0
    outer loop
      vertex -120.908 -68.6432 -114
      vertex -121.478 -66.7646 114
      vertex -121.478 -66.7646 -114
    endloop
  endfacet
  facet normal -0.956922 -0.290347 0
    outer loop
      vertex -121.478 -66.7646 114
      vertex -120.908 -68.6432 -114
      vertex -120.908 -68.6432 114
    endloop
  endfacet
  facet normal -0.973854 -0.227176 0
    outer loop
      vertex -121.478 -66.7646 -114
      vertex -121.924 -64.8527 114
      vertex -121.924 -64.8527 -114
    endloop
  endfacet
  facet normal -0.973854 -0.227176 0
    outer loop
      vertex -121.924 -64.8527 114
      vertex -121.478 -66.7646 -114
      vertex -121.478 -66.7646 114
    endloop
  endfacet
  facet normal -0.634524 -0.772903 0
    outer loop
      vertex -112.28 -81.5552 -114
      vertex -110.763 -82.8006 114
      vertex -112.28 -81.5552 114
    endloop
  endfacet
  facet normal -0.634524 -0.772903 -0
    outer loop
      vertex -110.763 -82.8006 114
      vertex -112.28 -81.5552 -114
      vertex -110.763 -82.8006 -114
    endloop
  endfacet
  facet normal -0.290385 -0.95691 0
    outer loop
      vertex -102.143 -87.4079 -114
      vertex -100.265 -87.9778 114
      vertex -102.143 -87.4079 114
    endloop
  endfacet
  facet normal -0.290385 -0.95691 -0
    outer loop
      vertex -100.265 -87.9778 114
      vertex -102.143 -87.4079 -114
      vertex -100.265 -87.9778 -114
    endloop
  endfacet
  facet normal -0.935824 -0.352468 0
    outer loop
      vertex -120.216 -70.4805 -114
      vertex -120.908 -68.6432 114
      vertex -120.908 -68.6432 -114
    endloop
  endfacet
  facet normal -0.935824 -0.352468 0
    outer loop
      vertex -120.908 -68.6432 114
      vertex -120.216 -70.4805 -114
      vertex -120.216 -70.4805 114
    endloop
  endfacet
  facet normal 0 0 1
    outer loop
      vertex 36 -82.6039 -111
      vertex 119.5 -60 -111
      vertex 119.5 0 -111
    endloop
  endfacet
  facet normal 0 -0 1
    outer loop
      vertex 36.3334 -82.8112 -111
      vertex 119.5 -60 -111
      vertex 36 -82.6039 -111
    endloop
  endfacet
  facet normal 0 0 1
    outer loop
      vertex 119.444 -61.7005 -111
      vertex 93.5 -86 -111
      vertex 119.278 -63.3937 -111
    endloop
  endfacet
  facet normal 0 0 1
    outer loop
      vertex 119.278 -63.3937 -111
      vertex 93.5 -86 -111
      vertex 119 -65.0723 -111
    endloop
  endfacet
  facet normal 0 0 1
    outer loop
      vertex 119 -65.0723 -111
      vertex 93.5 -86 -111
      vertex 118.614 -66.7293 -111
    endloop
  endfacet
  facet normal 0 0 1
    outer loop
      vertex 118.614 -66.7293 -111
      vertex 93.5 -86 -111
      vertex 118.12 -68.3574 -111
    endloop
  endfacet
  facet normal 0 0 1
    outer loop
      vertex 118.12 -68.3574 -111
      vertex 93.5 -86 -111
      vertex 117.521 -69.9498 -111
    endloop
  endfacet
  facet normal 0 0 1
    outer loop
      vertex 117.521 -69.9498 -111
      vertex 93.5 -86 -111
      vertex 116.819 -71.4995 -111
    endloop
  endfacet
  facet normal 0 0 1
    outer loop
      vertex 116.819 -71.4995 -111
      vertex 93.5 -86 -111
      vertex 116.017 -73 -111
    endloop
  endfacet
  facet normal 0 0 1
    outer loop
      vertex 116.017 -73 -111
      vertex 93.5 -86 -111
      vertex 115.118 -74.4448 -111
    endloop
  endfacet
  facet normal 0 0 1
    outer loop
      vertex 115.118 -74.4448 -111
      vertex 93.5 -86 -111
      vertex 114.127 -75.8278 -111
    endloop
  endfacet
  facet normal 0 0 1
    outer loop
      vertex 114.127 -75.8278 -111
      vertex 93.5 -86 -111
      vertex 113.048 -77.143 -111
    endloop
  endfacet
  facet normal 0 0 1
    outer loop
      vertex 113.048 -77.143 -111
      vertex 93.5 -86 -111
      vertex 111.885 -78.3848 -111
    endloop
  endfacet
  facet normal 0 0 1
    outer loop
      vertex 111.885 -78.3848 -111
      vertex 93.5 -86 -111
      vertex 110.643 -79.5478 -111
    endloop
  endfacet
  facet normal 0 0 1
    outer loop
      vertex 110.643 -79.5478 -111
      vertex 93.5 -86 -111
      vertex 109.328 -80.6272 -111
    endloop
  endfacet
  facet normal 0 0 1
    outer loop
      vertex 109.328 -80.6272 -111
      vertex 93.5 -86 -111
      vertex 107.945 -81.6182 -111
    endloop
  endfacet
  facet normal 0 0 1
    outer loop
      vertex 107.945 -81.6182 -111
      vertex 93.5 -86 -111
      vertex 106.5 -82.5167 -111
    endloop
  endfacet
  facet normal 0 0 1
    outer loop
      vertex 106.5 -82.5167 -111
      vertex 93.5 -86 -111
      vertex 105 -83.3187 -111
    endloop
  endfacet
  facet normal 0 0 1
    outer loop
      vertex 105 -83.3187 -111
      vertex 93.5 -86 -111
      vertex 103.45 -84.0209 -111
    endloop
  endfacet
  facet normal 0 0 1
    outer loop
      vertex 103.45 -84.0209 -111
      vertex 93.5 -86 -111
      vertex 101.857 -84.6202 -111
    endloop
  endfacet
  facet normal 0 0 1
    outer loop
      vertex 101.857 -84.6202 -111
      vertex 93.5 -86 -111
      vertex 100.229 -85.1141 -111
    endloop
  endfacet
  facet normal 0 0 1
    outer loop
      vertex 100.229 -85.1141 -111
      vertex 93.5 -86 -111
      vertex 98.5723 -85.5004 -111
    endloop
  endfacet
  facet normal 0 0 1
    outer loop
      vertex 98.5723 -85.5004 -111
      vertex 93.5 -86 -111
      vertex 96.8937 -85.7776 -111
    endloop
  endfacet
  facet normal 0 0 1
    outer loop
      vertex 96.8937 -85.7776 -111
      vertex 93.5 -86 -111
      vertex 95.2005 -85.9443 -111
    endloop
  endfacet
  facet normal 0 0 1
    outer loop
      vertex 119.5 -60 -111
      vertex 93.5 -86 -111
      vertex 119.444 -61.7005 -111
    endloop
  endfacet
  facet normal 0 0 1
    outer loop
      vertex 93.5 -86 -111
      vertex 38.6816 -85.8714 -111
      vertex 38.7206 -86 -111
    endloop
  endfacet
  facet normal 0 0 1
    outer loop
      vertex 93.5 -86 -111
      vertex 38.5433 -85.5039 -111
      vertex 38.6816 -85.8714 -111
    endloop
  endfacet
  facet normal 0 0 1
    outer loop
      vertex 93.5 -86 -111
      vertex 38.3812 -85.1463 -111
      vertex 38.5433 -85.5039 -111
    endloop
  endfacet
  facet normal 0 0 1
    outer loop
      vertex 93.5 -86 -111
      vertex 38.1962 -84.8 -111
      vertex 38.3812 -85.1463 -111
    endloop
  endfacet
  facet normal 0 0 1
    outer loop
      vertex 93.5 -86 -111
      vertex 37.9888 -84.4666 -111
      vertex 38.1962 -84.8 -111
    endloop
  endfacet
  facet normal 0 0 1
    outer loop
      vertex 93.5 -86 -111
      vertex 37.7601 -84.1474 -111
      vertex 37.9888 -84.4666 -111
    endloop
  endfacet
  facet normal 0 0 1
    outer loop
      vertex 93.5 -86 -111
      vertex 37.511 -83.8439 -111
      vertex 37.7601 -84.1474 -111
    endloop
  endfacet
  facet normal 0 0 1
    outer loop
      vertex 93.5 -86 -111
      vertex 37.2426 -83.5574 -111
      vertex 37.511 -83.8439 -111
    endloop
  endfacet
  facet normal 0 0 1
    outer loop
      vertex 93.5 -86 -111
      vertex 36.9561 -83.289 -111
      vertex 37.2426 -83.5574 -111
    endloop
  endfacet
  facet normal 0 0 1
    outer loop
      vertex 93.5 -86 -111
      vertex 36.6526 -83.0399 -111
      vertex 36.9561 -83.289 -111
    endloop
  endfacet
  facet normal 0 0 1
    outer loop
      vertex 93.5 -86 -111
      vertex 36.3334 -82.8112 -111
      vertex 36.6526 -83.0399 -111
    endloop
  endfacet
  facet normal 0 -0 1
    outer loop
      vertex 93.5 -86 -111
      vertex 119.5 -60 -111
      vertex 36.3334 -82.8112 -111
    endloop
  endfacet
  facet normal 0 0 1
    outer loop
      vertex 119.5 0 -111
      vertex 35.6537 -82.4188 -111
      vertex 36 -82.6039 -111
    endloop
  endfacet
  facet normal 0 0 1
    outer loop
      vertex 119.5 0 -111
      vertex 35.2961 -82.2567 -111
      vertex 35.6537 -82.4188 -111
    endloop
  endfacet
  facet normal 0 0 1
    outer loop
      vertex 119.5 0 -111
      vertex 34.9286 -82.1184 -111
      vertex 35.2961 -82.2567 -111
    endloop
  endfacet
  facet normal 0 0 1
    outer loop
      vertex 119.5 0 -111
      vertex 34.5529 -82.0044 -111
      vertex 34.9286 -82.1184 -111
    endloop
  endfacet
  facet normal 0 0 1
    outer loop
      vertex 119.5 0 -111
      vertex 34.1705 -81.9153 -111
      vertex 34.5529 -82.0044 -111
    endloop
  endfacet
  facet normal 0 0 1
    outer loop
      vertex 119.5 0 -111
      vertex 33.7832 -81.8513 -111
      vertex 34.1705 -81.9153 -111
    endloop
  endfacet
  facet normal 0 0 1
    outer loop
      vertex 119.5 0 -111
      vertex 33.3924 -81.8128 -111
      vertex 33.7832 -81.8513 -111
    endloop
  endfacet
  facet normal 0 0 1
    outer loop
      vertex 119.5 0 -111
      vertex 33 -81.8 -111
      vertex 33.3924 -81.8128 -111
    endloop
  endfacet
  facet normal 0 0 1
    outer loop
      vertex 119.5 0 -111
      vertex -33 -81.8 -111
      vertex 33 -81.8 -111
    endloop
  endfacet
  facet normal -0 0 1
    outer loop
      vertex -119.5 0 -111
      vertex -33 -81.8 -111
      vertex 119.5 0 -111
    endloop
  endfacet
  facet normal 0 0 1
    outer loop
      vertex -33 -81.8 -111
      vertex -119.5 0 -111
      vertex -33.3924 -81.8128 -111
    endloop
  endfacet
  facet normal 0 0 1
    outer loop
      vertex -33.3924 -81.8128 -111
      vertex -119.5 0 -111
      vertex -33.7832 -81.8513 -111
    endloop
  endfacet
  facet normal 0 0 1
    outer loop
      vertex -33.7832 -81.8513 -111
      vertex -119.5 0 -111
      vertex -34.1705 -81.9153 -111
    endloop
  endfacet
  facet normal 0 0 1
    outer loop
      vertex -34.1705 -81.9153 -111
      vertex -119.5 0 -111
      vertex -34.5529 -82.0044 -111
    endloop
  endfacet
  facet normal 0 0 1
    outer loop
      vertex -34.5529 -82.0044 -111
      vertex -119.5 0 -111
      vertex -34.9286 -82.1184 -111
    endloop
  endfacet
  facet normal 0 0 1
    outer loop
      vertex -34.9286 -82.1184 -111
      vertex -119.5 0 -111
      vertex -35.2961 -82.2567 -111
    endloop
  endfacet
  facet normal 0 0 1
    outer loop
      vertex -38.6816 -85.8714 -111
      vertex -93.5 -86 -111
      vertex -38.7206 -86 -111
    endloop
  endfacet
  facet normal 0 0 1
    outer loop
      vertex -38.5433 -85.5039 -111
      vertex -93.5 -86 -111
      vertex -38.6816 -85.8714 -111
    endloop
  endfacet
  facet normal 0 0 1
    outer loop
      vertex -38.3812 -85.1463 -111
      vertex -93.5 -86 -111
      vertex -38.5433 -85.5039 -111
    endloop
  endfacet
  facet normal 0 0 1
    outer loop
      vertex -38.1962 -84.8 -111
      vertex -93.5 -86 -111
      vertex -38.3812 -85.1463 -111
    endloop
  endfacet
  facet normal 0 0 1
    outer loop
      vertex -37.9888 -84.4666 -111
      vertex -93.5 -86 -111
      vertex -38.1962 -84.8 -111
    endloop
  endfacet
  facet normal 0 0 1
    outer loop
      vertex -37.7601 -84.1474 -111
      vertex -93.5 -86 -111
      vertex -37.9888 -84.4666 -111
    endloop
  endfacet
  facet normal 0 0 1
    outer loop
      vertex -37.511 -83.8439 -111
      vertex -93.5 -86 -111
      vertex -37.7601 -84.1474 -111
    endloop
  endfacet
  facet normal 0 0 1
    outer loop
      vertex -37.2426 -83.5574 -111
      vertex -93.5 -86 -111
      vertex -37.511 -83.8439 -111
    endloop
  endfacet
  facet normal 0 0 1
    outer loop
      vertex -36.9561 -83.289 -111
      vertex -93.5 -86 -111
      vertex -37.2426 -83.5574 -111
    endloop
  endfacet
  facet normal 0 0 1
    outer loop
      vertex -36.6526 -83.0399 -111
      vertex -93.5 -86 -111
      vertex -36.9561 -83.289 -111
    endloop
  endfacet
  facet normal 0 0 1
    outer loop
      vertex -36.3334 -82.8112 -111
      vertex -93.5 -86 -111
      vertex -36.6526 -83.0399 -111
    endloop
  endfacet
  facet normal 0 0 1
    outer loop
      vertex -119.5 -60 -111
      vertex -36.3334 -82.8112 -111
      vertex -36 -82.6039 -111
    endloop
  endfacet
  facet normal 0 0 1
    outer loop
      vertex -119.5 0 -111
      vertex -36 -82.6039 -111
      vertex -35.6537 -82.4188 -111
    endloop
  endfacet
  facet normal 0 0 1
    outer loop
      vertex -35.2961 -82.2567 -111
      vertex -119.5 0 -111
      vertex -35.6537 -82.4188 -111
    endloop
  endfacet
  facet normal 0 0 1
    outer loop
      vertex -36 -82.6039 -111
      vertex -119.5 0 -111
      vertex -119.5 -60 -111
    endloop
  endfacet
  facet normal 0 0 1
    outer loop
      vertex -36.3334 -82.8112 -111
      vertex -119.5 -60 -111
      vertex -93.5 -86 -111
    endloop
  endfacet
  facet normal 0 0 1
    outer loop
      vertex -93.5 -86 -111
      vertex -119.5 -60 -111
      vertex -95.2005 -85.9443 -111
    endloop
  endfacet
  facet normal 0 0 1
    outer loop
      vertex -95.2005 -85.9443 -111
      vertex -119.5 -60 -111
      vertex -96.8937 -85.7776 -111
    endloop
  endfacet
  facet normal 0 0 1
    outer loop
      vertex -96.8937 -85.7776 -111
      vertex -119.5 -60 -111
      vertex -98.5723 -85.5004 -111
    endloop
  endfacet
  facet normal 0 0 1
    outer loop
      vertex -98.5723 -85.5004 -111
      vertex -119.5 -60 -111
      vertex -100.229 -85.1141 -111
    endloop
  endfacet
  facet normal 0 0 1
    outer loop
      vertex -100.229 -85.1141 -111
      vertex -119.5 -60 -111
      vertex -101.857 -84.6202 -111
    endloop
  endfacet
  facet normal 0 0 1
    outer loop
      vertex -101.857 -84.6202 -111
      vertex -119.5 -60 -111
      vertex -103.45 -84.0209 -111
    endloop
  endfacet
  facet normal 0 0 1
    outer loop
      vertex -103.45 -84.0209 -111
      vertex -119.5 -60 -111
      vertex -105 -83.3187 -111
    endloop
  endfacet
  facet normal 0 0 1
    outer loop
      vertex -105 -83.3187 -111
      vertex -119.5 -60 -111
      vertex -106.5 -82.5167 -111
    endloop
  endfacet
  facet normal 0 0 1
    outer loop
      vertex -106.5 -82.5167 -111
      vertex -119.5 -60 -111
      vertex -107.945 -81.6182 -111
    endloop
  endfacet
  facet normal 0 0 1
    outer loop
      vertex -107.945 -81.6182 -111
      vertex -119.5 -60 -111
      vertex -109.328 -80.6272 -111
    endloop
  endfacet
  facet normal 0 0 1
    outer loop
      vertex -109.328 -80.6272 -111
      vertex -119.5 -60 -111
      vertex -110.643 -79.5478 -111
    endloop
  endfacet
  facet normal 0 0 1
    outer loop
      vertex -110.643 -79.5478 -111
      vertex -119.5 -60 -111
      vertex -111.885 -78.3848 -111
    endloop
  endfacet
  facet normal 0 0 1
    outer loop
      vertex -111.885 -78.3848 -111
      vertex -119.5 -60 -111
      vertex -113.048 -77.143 -111
    endloop
  endfacet
  facet normal 0 0 1
    outer loop
      vertex -114.127 -75.8278 -111
      vertex -119.5 -60 -111
      vertex -115.118 -74.4448 -111
    endloop
  endfacet
  facet normal 0 0 1
    outer loop
      vertex -115.118 -74.4448 -111
      vertex -119.5 -60 -111
      vertex -116.017 -73 -111
    endloop
  endfacet
  facet normal 0 0 1
    outer loop
      vertex -116.017 -73 -111
      vertex -119.5 -60 -111
      vertex -116.819 -71.4995 -111
    endloop
  endfacet
  facet normal 0 0 1
    outer loop
      vertex -116.819 -71.4995 -111
      vertex -119.5 -60 -111
      vertex -117.521 -69.9498 -111
    endloop
  endfacet
  facet normal 0 0 1
    outer loop
      vertex -117.521 -69.9498 -111
      vertex -119.5 -60 -111
      vertex -118.12 -68.3574 -111
    endloop
  endfacet
  facet normal 0 0 1
    outer loop
      vertex -118.12 -68.3574 -111
      vertex -119.5 -60 -111
      vertex -118.614 -66.7293 -111
    endloop
  endfacet
  facet normal 0 0 1
    outer loop
      vertex -118.614 -66.7293 -111
      vertex -119.5 -60 -111
      vertex -119 -65.0723 -111
    endloop
  endfacet
  facet normal 0 0 1
    outer loop
      vertex -119 -65.0723 -111
      vertex -119.5 -60 -111
      vertex -119.278 -63.3937 -111
    endloop
  endfacet
  facet normal 0 0 1
    outer loop
      vertex -113.048 -77.143 -111
      vertex -119.5 -60 -111
      vertex -114.127 -75.8278 -111
    endloop
  endfacet
  facet normal 0 0 1
    outer loop
      vertex -119.278 -63.3937 -111
      vertex -119.5 -60 -111
      vertex -119.444 -61.7005 -111
    endloop
  endfacet
  facet normal 0.995229 0.0975714 0
    outer loop
      vertex -119.278 -63.3937 111
      vertex -119.444 -61.7005 -111
      vertex -119.444 -61.7005 111
    endloop
  endfacet
  facet normal 0.995229 0.0975714 0
    outer loop
      vertex -119.444 -61.7005 -111
      vertex -119.278 -63.3937 111
      vertex -119.278 -63.3937 -111
    endloop
  endfacet
  facet normal 1 -0 0
    outer loop
      vertex -119.5 -60 111
      vertex -119.5 0 -111
      vertex -119.5 0 111
    endloop
  endfacet
  facet normal 1 0 0
    outer loop
      vertex -119.5 0 -111
      vertex -119.5 -60 111
      vertex -119.5 -60 -111
    endloop
  endfacet
  facet normal 0.999458 0.0329136 0
    outer loop
      vertex -119.444 -61.7005 111
      vertex -119.5 -60 -111
      vertex -119.5 -60 111
    endloop
  endfacet
  facet normal 0.999458 0.0329136 0
    outer loop
      vertex -119.5 -60 -111
      vertex -119.444 -61.7005 111
      vertex -119.444 -61.7005 -111
    endloop
  endfacet
  facet normal 0 0 -1
    outer loop
      vertex 93.5 -86 111
      vertex 119.5 -60 111
      vertex 119.444 -61.7005 111
    endloop
  endfacet
  facet normal 0 0 -1
    outer loop
      vertex 93.5 -86 111
      vertex 119.444 -61.7005 111
      vertex 119.278 -63.3937 111
    endloop
  endfacet
  facet normal 0 0 -1
    outer loop
      vertex 93.5 -86 111
      vertex 119.278 -63.3937 111
      vertex 119 -65.0723 111
    endloop
  endfacet
  facet normal 0 0 -1
    outer loop
      vertex 93.5 -86 111
      vertex 119 -65.0723 111
      vertex 118.614 -66.7293 111
    endloop
  endfacet
  facet normal 0 0 -1
    outer loop
      vertex 93.5 -86 111
      vertex 118.614 -66.7293 111
      vertex 118.12 -68.3574 111
    endloop
  endfacet
  facet normal 0 0 -1
    outer loop
      vertex 93.5 -86 111
      vertex 118.12 -68.3574 111
      vertex 117.521 -69.9498 111
    endloop
  endfacet
  facet normal 0 0 -1
    outer loop
      vertex 93.5 -86 111
      vertex 117.521 -69.9498 111
      vertex 116.819 -71.4995 111
    endloop
  endfacet
  facet normal 0 0 -1
    outer loop
      vertex 93.5 -86 111
      vertex 116.819 -71.4995 111
      vertex 116.017 -73 111
    endloop
  endfacet
  facet normal 0 0 -1
    outer loop
      vertex 93.5 -86 111
      vertex 116.017 -73 111
      vertex 115.118 -74.4448 111
    endloop
  endfacet
  facet normal 0 0 -1
    outer loop
      vertex 93.5 -86 111
      vertex 115.118 -74.4448 111
      vertex 114.127 -75.8278 111
    endloop
  endfacet
  facet normal 0 0 -1
    outer loop
      vertex 93.5 -86 111
      vertex 114.127 -75.8278 111
      vertex 113.048 -77.143 111
    endloop
  endfacet
  facet normal 0 0 -1
    outer loop
      vertex 93.5 -86 111
      vertex 113.048 -77.143 111
      vertex 111.885 -78.3848 111
    endloop
  endfacet
  facet normal 0 0 -1
    outer loop
      vertex 93.5 -86 111
      vertex 111.885 -78.3848 111
      vertex 110.643 -79.5478 111
    endloop
  endfacet
  facet normal 0 0 -1
    outer loop
      vertex 93.5 -86 111
      vertex 110.643 -79.5478 111
      vertex 109.328 -80.6272 111
    endloop
  endfacet
  facet normal 0 0 -1
    outer loop
      vertex 93.5 -86 111
      vertex 109.328 -80.6272 111
      vertex 107.945 -81.6182 111
    endloop
  endfacet
  facet normal 0 0 -1
    outer loop
      vertex 93.5 -86 111
      vertex 107.945 -81.6182 111
      vertex 106.5 -82.5167 111
    endloop
  endfacet
  facet normal 0 0 -1
    outer loop
      vertex 93.5 -86 111
      vertex 106.5 -82.5167 111
      vertex 105 -83.3187 111
    endloop
  endfacet
  facet normal 0 0 -1
    outer loop
      vertex 93.5 -86 111
      vertex 105 -83.3187 111
      vertex 103.45 -84.0209 111
    endloop
  endfacet
  facet normal 0 0 -1
    outer loop
      vertex 93.5 -86 111
      vertex 103.45 -84.0209 111
      vertex 101.857 -84.6202 111
    endloop
  endfacet
  facet normal 0 0 -1
    outer loop
      vertex 93.5 -86 111
      vertex 101.857 -84.6202 111
      vertex 100.229 -85.1141 111
    endloop
  endfacet
  facet normal 0 0 -1
    outer loop
      vertex 93.5 -86 111
      vertex 100.229 -85.1141 111
      vertex 98.5723 -85.5004 111
    endloop
  endfacet
  facet normal 0 0 -1
    outer loop
      vertex 93.5 -86 111
      vertex 98.5723 -85.5004 111
      vertex 96.8937 -85.7776 111
    endloop
  endfacet
  facet normal 0 0 -1
    outer loop
      vertex 93.5 -86 111
      vertex 96.8937 -85.7776 111
      vertex 95.2005 -85.9443 111
    endloop
  endfacet
  facet normal -0 0 -1
    outer loop
      vertex 119.5 -60 111
      vertex 93.5 -86 111
      vertex 119.5 0 111
    endloop
  endfacet
  facet normal 0 0 -1
    outer loop
      vertex -93.5 -86 111
      vertex 119.5 0 111
      vertex 93.5 -86 111
    endloop
  endfacet
  facet normal 0 0 -1
    outer loop
      vertex -119.5 -60 111
      vertex -93.5 -86 111
      vertex -95.2005 -85.9443 111
    endloop
  endfacet
  facet normal 0 0 -1
    outer loop
      vertex -119.5 -60 111
      vertex -95.2005 -85.9443 111
      vertex -96.8937 -85.7776 111
    endloop
  endfacet
  facet normal 0 0 -1
    outer loop
      vertex -119.5 -60 111
      vertex -96.8937 -85.7776 111
      vertex -98.5723 -85.5004 111
    endloop
  endfacet
  facet normal 0 0 -1
    outer loop
      vertex -119.5 -60 111
      vertex -98.5723 -85.5004 111
      vertex -100.229 -85.1141 111
    endloop
  endfacet
  facet normal 0 0 -1
    outer loop
      vertex -119.5 -60 111
      vertex -100.229 -85.1141 111
      vertex -101.857 -84.6202 111
    endloop
  endfacet
  facet normal 0 0 -1
    outer loop
      vertex -119.5 -60 111
      vertex -101.857 -84.6202 111
      vertex -103.45 -84.0209 111
    endloop
  endfacet
  facet normal 0 0 -1
    outer loop
      vertex -119.5 -60 111
      vertex -103.45 -84.0209 111
      vertex -105 -83.3187 111
    endloop
  endfacet
  facet normal 0 0 -1
    outer loop
      vertex -119.5 -60 111
      vertex -105 -83.3187 111
      vertex -106.5 -82.5167 111
    endloop
  endfacet
  facet normal 0 0 -1
    outer loop
      vertex -119.5 -60 111
      vertex -106.5 -82.5167 111
      vertex -107.945 -81.6182 111
    endloop
  endfacet
  facet normal 0 0 -1
    outer loop
      vertex -119.5 -60 111
      vertex -107.945 -81.6182 111
      vertex -109.328 -80.6272 111
    endloop
  endfacet
  facet normal 0 0 -1
    outer loop
      vertex -119.5 -60 111
      vertex -109.328 -80.6272 111
      vertex -110.643 -79.5478 111
    endloop
  endfacet
  facet normal 0 0 -1
    outer loop
      vertex -119.5 -60 111
      vertex -110.643 -79.5478 111
      vertex -111.885 -78.3848 111
    endloop
  endfacet
  facet normal 0 0 -1
    outer loop
      vertex -119.5 -60 111
      vertex -111.885 -78.3848 111
      vertex -113.048 -77.143 111
    endloop
  endfacet
  facet normal 0 0 -1
    outer loop
      vertex -119.5 -60 111
      vertex -113.048 -77.143 111
      vertex -114.127 -75.8278 111
    endloop
  endfacet
  facet normal 0 0 -1
    outer loop
      vertex -119.5 -60 111
      vertex -114.127 -75.8278 111
      vertex -115.118 -74.4448 111
    endloop
  endfacet
  facet normal 0 0 -1
    outer loop
      vertex -119.5 -60 111
      vertex -115.118 -74.4448 111
      vertex -116.017 -73 111
    endloop
  endfacet
  facet normal 0 0 -1
    outer loop
      vertex -119.5 -60 111
      vertex -116.017 -73 111
      vertex -116.819 -71.4995 111
    endloop
  endfacet
  facet normal 0 0 -1
    outer loop
      vertex -119.5 -60 111
      vertex -116.819 -71.4995 111
      vertex -117.521 -69.9498 111
    endloop
  endfacet
  facet normal 0 0 -1
    outer loop
      vertex -119.5 -60 111
      vertex -117.521 -69.9498 111
      vertex -118.12 -68.3574 111
    endloop
  endfacet
  facet normal 0 0 -1
    outer loop
      vertex -119.5 -60 111
      vertex -118.12 -68.3574 111
      vertex -118.614 -66.7293 111
    endloop
  endfacet
  facet normal 0 0 -1
    outer loop
      vertex -119.5 -60 111
      vertex -118.614 -66.7293 111
      vertex -119 -65.0723 111
    endloop
  endfacet
  facet normal 0 0 -1
    outer loop
      vertex -119.5 -60 111
      vertex -119 -65.0723 111
      vertex -119.278 -63.3937 111
    endloop
  endfacet
  facet normal 0 0 -1
    outer loop
      vertex -119.5 -60 111
      vertex -119.278 -63.3937 111
      vertex -119.444 -61.7005 111
    endloop
  endfacet
  facet normal 0 0 -1
    outer loop
      vertex -93.5 -86 111
      vertex -119.5 -60 111
      vertex -119.5 0 111
    endloop
  endfacet
  facet normal 0 0 -1
    outer loop
      vertex -93.5 -86 111
      vertex -119.5 0 111
      vertex 119.5 0 111
    endloop
  endfacet
  facet normal -0.995229 0.0975714 0
    outer loop
      vertex 119.278 -63.3937 -111
      vertex 119.444 -61.7005 111
      vertex 119.444 -61.7005 -111
    endloop
  endfacet
  facet normal -0.995229 0.0975714 0
    outer loop
      vertex 119.444 -61.7005 111
      vertex 119.278 -63.3937 -111
      vertex 119.278 -63.3937 111
    endloop
  endfacet
  facet normal -1 0 0
    outer loop
      vertex 119.5 -60 -111
      vertex 119.5 0 111
      vertex 119.5 0 -111
    endloop
  endfacet
  facet normal -1 -0 0
    outer loop
      vertex 119.5 0 111
      vertex 119.5 -60 -111
      vertex 119.5 -60 111
    endloop
  endfacet
  facet normal 0.0327375 0.999464 -0
    outer loop
      vertex -93.5 -86 -111
      vertex -95.2005 -85.9443 111
      vertex -93.5 -86 111
    endloop
  endfacet
  facet normal 0.0327375 0.999464 0
    outer loop
      vertex -95.2005 -85.9443 111
      vertex -93.5 -86 -111
      vertex -95.2005 -85.9443 -111
    endloop
  endfacet
  facet normal -0.773113 0.634268 0
    outer loop
      vertex 113.048 -77.143 -111
      vertex 114.127 -75.8278 111
      vertex 114.127 -75.8278 -111
    endloop
  endfacet
  facet normal -0.773113 0.634268 0
    outer loop
      vertex 114.127 -75.8278 111
      vertex 113.048 -77.143 -111
      vertex 113.048 -77.143 111
    endloop
  endfacet
  facet normal -0.986562 0.163389 0
    outer loop
      vertex 119 -65.0723 -111
      vertex 119.278 -63.3937 111
      vertex 119.278 -63.3937 -111
    endloop
  endfacet
  facet normal -0.986562 0.163389 0
    outer loop
      vertex 119.278 -63.3937 111
      vertex 119 -65.0723 -111
      vertex 119 -65.0723 111
    endloop
  endfacet
  facet normal -0.910899 0.412629 0
    outer loop
      vertex 116.819 -71.4995 -111
      vertex 117.521 -69.9498 111
      vertex 117.521 -69.9498 -111
    endloop
  endfacet
  facet normal -0.910899 0.412629 0
    outer loop
      vertex 117.521 -69.9498 111
      vertex 116.819 -71.4995 -111
      vertex 116.819 -71.4995 111
    endloop
  endfacet
  facet normal -0.999458 0.0329136 0
    outer loop
      vertex 119.444 -61.7005 -111
      vertex 119.5 -60 111
      vertex 119.5 -60 -111
    endloop
  endfacet
  facet normal -0.999458 0.0329136 0
    outer loop
      vertex 119.5 -60 111
      vertex 119.444 -61.7005 -111
      vertex 119.444 -61.7005 111
    endloop
  endfacet
  facet normal -0.162931 0.986637 0
    outer loop
      vertex 98.5723 -85.5004 -111
      vertex 96.8937 -85.7776 111
      vertex 98.5723 -85.5004 111
    endloop
  endfacet
  facet normal -0.162931 0.986637 0
    outer loop
      vertex 96.8937 -85.7776 111
      vertex 98.5723 -85.5004 -111
      vertex 96.8937 -85.7776 -111
    endloop
  endfacet
  facet normal 0 1 0
    outer loop
      vertex 93.5 -86 111
      vertex 76.2699 -86 80.8755
      vertex -93.5 -86 111
    endloop
  endfacet
  facet normal 0 1 0
    outer loop
      vertex 93.5 -86 111
      vertex 76.2699 -86 -8.60377
      vertex 76.2699 -86 80.8755
    endloop
  endfacet
  facet normal 0 1 0
    outer loop
      vertex 76.2699 -86 -8.60377
      vertex 70.2699 -86 -52.483
      vertex -76.2699 -86 -8.60377
    endloop
  endfacet
  facet normal 0 1 -0
    outer loop
      vertex 93.5 -86 -111
      vertex 76.2699 -86 -8.60377
      vertex 93.5 -86 111
    endloop
  endfacet
  facet normal 0 1 0
    outer loop
      vertex 76.2699 -86 -8.60377
      vertex 93.5 -86 -111
      vertex 70.2699 -86 -52.483
    endloop
  endfacet
  facet normal 0 1 0
    outer loop
      vertex 70.2699 -86 -88.6189
      vertex 38.7206 -86 -98.9434
      vertex -70.2699 -86 -88.6189
    endloop
  endfacet
  facet normal 0 1 0
    outer loop
      vertex 70.2699 -86 -52.483
      vertex 93.5 -86 -111
      vertex 70.2699 -86 -88.6189
    endloop
  endfacet
  facet normal 0 1 0
    outer loop
      vertex 38.7206 -86 -111
      vertex 70.2699 -86 -88.6189
      vertex 93.5 -86 -111
    endloop
  endfacet
  facet normal 0 1 0
    outer loop
      vertex 70.2699 -86 -88.6189
      vertex 38.7206 -86 -111
      vertex 38.7206 -86 -98.9434
    endloop
  endfacet
  facet normal 0 1 -0
    outer loop
      vertex -76.2699 -86 80.8755
      vertex -93.5 -86 111
      vertex 76.2699 -86 80.8755
    endloop
  endfacet
  facet normal 0 1 -0
    outer loop
      vertex -76.2699 -86 -8.60377
      vertex -93.5 -86 111
      vertex -76.2699 -86 80.8755
    endloop
  endfacet
  facet normal 0 1 -0
    outer loop
      vertex -70.2699 -86 -52.483
      vertex -76.2699 -86 -8.60377
      vertex 70.2699 -86 -52.483
    endloop
  endfacet
  facet normal 0 1 0
    outer loop
      vertex -93.5 -86 -111
      vertex -76.2699 -86 -8.60377
      vertex -70.2699 -86 -52.483
    endloop
  endfacet
  facet normal 0 1 0
    outer loop
      vertex -93.5 -86 -111
      vertex -70.2699 -86 -52.483
      vertex -70.2699 -86 -88.6189
    endloop
  endfacet
  facet normal 0 1 -0
    outer loop
      vertex -38.7206 -86 -98.9434
      vertex -70.2699 -86 -88.6189
      vertex 38.7206 -86 -98.9434
    endloop
  endfacet
  facet normal 0 1 -0
    outer loop
      vertex -38.7206 -86 -111
      vertex -70.2699 -86 -88.6189
      vertex -38.7206 -86 -98.9434
    endloop
  endfacet
  facet normal 0 1 0
    outer loop
      vertex -76.2699 -86 -8.60377
      vertex -93.5 -86 -111
      vertex -93.5 -86 111
    endloop
  endfacet
  facet normal 0 1 0
    outer loop
      vertex -93.5 -86 -111
      vertex -70.2699 -86 -88.6189
      vertex -38.7206 -86 -111
    endloop
  endfacet
  facet normal -0.290312 0.956932 0
    outer loop
      vertex 101.857 -84.6202 -111
      vertex 100.229 -85.1141 111
      vertex 101.857 -84.6202 111
    endloop
  endfacet
  facet normal -0.290312 0.956932 0
    outer loop
      vertex 100.229 -85.1141 111
      vertex 101.857 -84.6202 -111
      vertex 100.229 -85.1141 -111
    endloop
  endfacet
  facet normal -0.41266 0.910885 0
    outer loop
      vertex 105 -83.3187 -111
      vertex 103.45 -84.0209 111
      vertex 105 -83.3187 111
    endloop
  endfacet
  facet normal -0.41266 0.910885 0
    outer loop
      vertex 103.45 -84.0209 111
      vertex 105 -83.3187 -111
      vertex 103.45 -84.0209 -111
    endloop
  endfacet
  facet normal 0.582461 0.812859 -0
    outer loop
      vertex -107.945 -81.6182 -111
      vertex -109.328 -80.6272 111
      vertex -107.945 -81.6182 111
    endloop
  endfacet
  facet normal 0.582461 0.812859 0
    outer loop
      vertex -109.328 -80.6272 111
      vertex -107.945 -81.6182 -111
      vertex -109.328 -80.6272 -111
    endloop
  endfacet
  facet normal 0.0979789 0.995188 -0
    outer loop
      vertex -95.2005 -85.9443 -111
      vertex -96.8937 -85.7776 111
      vertex -95.2005 -85.9443 111
    endloop
  endfacet
  facet normal 0.0979789 0.995188 0
    outer loop
      vertex -96.8937 -85.7776 111
      vertex -95.2005 -85.9443 -111
      vertex -96.8937 -85.7776 -111
    endloop
  endfacet
  facet normal 0.729885 0.68357 0
    outer loop
      vertex -111.885 -78.3848 111
      vertex -113.048 -77.143 -111
      vertex -113.048 -77.143 111
    endloop
  endfacet
  facet normal 0.729885 0.68357 0
    outer loop
      vertex -113.048 -77.143 -111
      vertex -111.885 -78.3848 111
      vertex -111.885 -78.3848 -111
    endloop
  endfacet
  facet normal 0.973924 0.226877 0
    outer loop
      vertex -118.614 -66.7293 111
      vertex -119 -65.0723 -111
      vertex -119 -65.0723 111
    endloop
  endfacet
  facet normal 0.973924 0.226877 0
    outer loop
      vertex -119 -65.0723 -111
      vertex -118.614 -66.7293 111
      vertex -118.614 -66.7293 -111
    endloop
  endfacet
  facet normal -0.582461 0.812859 0
    outer loop
      vertex 109.328 -80.6272 -111
      vertex 107.945 -81.6182 111
      vertex 109.328 -80.6272 111
    endloop
  endfacet
  facet normal -0.582461 0.812859 0
    outer loop
      vertex 107.945 -81.6182 111
      vertex 109.328 -80.6272 -111
      vertex 107.945 -81.6182 -111
    endloop
  endfacet
  facet normal -0.471503 0.881864 0
    outer loop
      vertex 106.5 -82.5167 -111
      vertex 105 -83.3187 111
      vertex 106.5 -82.5167 111
    endloop
  endfacet
  facet normal -0.471503 0.881864 0
    outer loop
      vertex 105 -83.3187 111
      vertex 106.5 -82.5167 -111
      vertex 105 -83.3187 -111
    endloop
  endfacet
  facet normal -0.528043 0.849218 0
    outer loop
      vertex 107.945 -81.6182 -111
      vertex 106.5 -82.5167 111
      vertex 107.945 -81.6182 111
    endloop
  endfacet
  facet normal -0.528043 0.849218 0
    outer loop
      vertex 106.5 -82.5167 111
      vertex 107.945 -81.6182 -111
      vertex 106.5 -82.5167 -111
    endloop
  endfacet
  facet normal -0.634466 0.772951 0
    outer loop
      vertex 110.643 -79.5478 -111
      vertex 109.328 -80.6272 111
      vertex 110.643 -79.5478 111
    endloop
  endfacet
  facet normal -0.634466 0.772951 0
    outer loop
      vertex 109.328 -80.6272 111
      vertex 110.643 -79.5478 -111
      vertex 109.328 -80.6272 -111
    endloop
  endfacet
  facet normal -0.729885 0.68357 0
    outer loop
      vertex 111.885 -78.3848 -111
      vertex 113.048 -77.143 111
      vertex 113.048 -77.143 -111
    endloop
  endfacet
  facet normal -0.729885 0.68357 0
    outer loop
      vertex 113.048 -77.143 111
      vertex 111.885 -78.3848 -111
      vertex 111.885 -78.3848 111
    endloop
  endfacet
  facet normal -0.683511 0.72994 0
    outer loop
      vertex 111.885 -78.3848 -111
      vertex 110.643 -79.5478 111
      vertex 111.885 -78.3848 111
    endloop
  endfacet
  facet normal -0.683511 0.72994 0
    outer loop
      vertex 110.643 -79.5478 111
      vertex 111.885 -78.3848 -111
      vertex 110.643 -79.5478 -111
    endloop
  endfacet
  facet normal -0.956921 0.29035 0
    outer loop
      vertex 118.12 -68.3574 -111
      vertex 118.614 -66.7293 111
      vertex 118.614 -66.7293 -111
    endloop
  endfacet
  facet normal -0.956921 0.29035 0
    outer loop
      vertex 118.614 -66.7293 111
      vertex 118.12 -68.3574 -111
      vertex 118.12 -68.3574 111
    endloop
  endfacet
  facet normal -0.935971 0.352077 0
    outer loop
      vertex 117.521 -69.9498 -111
      vertex 118.12 -68.3574 111
      vertex 118.12 -68.3574 -111
    endloop
  endfacet
  facet normal -0.935971 0.352077 0
    outer loop
      vertex 118.12 -68.3574 111
      vertex 117.521 -69.9498 -111
      vertex 117.521 -69.9498 111
    endloop
  endfacet
  facet normal -0.973924 0.226877 0
    outer loop
      vertex 118.614 -66.7293 -111
      vertex 119 -65.0723 111
      vertex 119 -65.0723 -111
    endloop
  endfacet
  facet normal -0.973924 0.226877 0
    outer loop
      vertex 119 -65.0723 111
      vertex 118.614 -66.7293 -111
      vertex 118.614 -66.7293 111
    endloop
  endfacet
  facet normal -0.812859 0.582461 0
    outer loop
      vertex 114.127 -75.8278 -111
      vertex 115.118 -74.4448 111
      vertex 115.118 -74.4448 -111
    endloop
  endfacet
  facet normal -0.812859 0.582461 0
    outer loop
      vertex 115.118 -74.4448 111
      vertex 114.127 -75.8278 -111
      vertex 114.127 -75.8278 111
    endloop
  endfacet
  facet normal -0.88193 0.471381 0
    outer loop
      vertex 116.017 -73 -111
      vertex 116.819 -71.4995 111
      vertex 116.819 -71.4995 -111
    endloop
  endfacet
  facet normal -0.88193 0.471381 0
    outer loop
      vertex 116.819 -71.4995 111
      vertex 116.017 -73 -111
      vertex 116.017 -73 111
    endloop
  endfacet
  facet normal -0.849053 0.528308 0
    outer loop
      vertex 115.118 -74.4448 -111
      vertex 116.017 -73 111
      vertex 116.017 -73 -111
    endloop
  endfacet
  facet normal -0.849053 0.528308 0
    outer loop
      vertex 116.017 -73 111
      vertex 115.118 -74.4448 -111
      vertex 115.118 -74.4448 111
    endloop
  endfacet
  facet normal -0.0327375 0.999464 0
    outer loop
      vertex 95.2005 -85.9443 -111
      vertex 93.5 -86 111
      vertex 95.2005 -85.9443 111
    endloop
  endfacet
  facet normal -0.0327375 0.999464 0
    outer loop
      vertex 93.5 -86 111
      vertex 95.2005 -85.9443 -111
      vertex 93.5 -86 -111
    endloop
  endfacet
  facet normal -0.0979789 0.995188 0
    outer loop
      vertex 96.8937 -85.7776 -111
      vertex 95.2005 -85.9443 111
      vertex 96.8937 -85.7776 111
    endloop
  endfacet
  facet normal -0.0979789 0.995188 0
    outer loop
      vertex 95.2005 -85.9443 111
      vertex 96.8937 -85.7776 -111
      vertex 95.2005 -85.9443 -111
    endloop
  endfacet
  facet normal -0.352115 0.935957 0
    outer loop
      vertex 103.45 -84.0209 -111
      vertex 101.857 -84.6202 111
      vertex 103.45 -84.0209 111
    endloop
  endfacet
  facet normal -0.352115 0.935957 0
    outer loop
      vertex 101.857 -84.6202 111
      vertex 103.45 -84.0209 -111
      vertex 101.857 -84.6202 -111
    endloop
  endfacet
  facet normal 0.290312 0.956932 -0
    outer loop
      vertex -100.229 -85.1141 -111
      vertex -101.857 -84.6202 111
      vertex -100.229 -85.1141 111
    endloop
  endfacet
  facet normal 0.290312 0.956932 0
    outer loop
      vertex -101.857 -84.6202 111
      vertex -100.229 -85.1141 -111
      vertex -101.857 -84.6202 -111
    endloop
  endfacet
  facet normal 0.683511 0.72994 -0
    outer loop
      vertex -110.643 -79.5478 -111
      vertex -111.885 -78.3848 111
      vertex -110.643 -79.5478 111
    endloop
  endfacet
  facet normal 0.683511 0.72994 0
    outer loop
      vertex -111.885 -78.3848 111
      vertex -110.643 -79.5478 -111
      vertex -111.885 -78.3848 -111
    endloop
  endfacet
  facet normal 0.634466 0.772951 -0
    outer loop
      vertex -109.328 -80.6272 -111
      vertex -110.643 -79.5478 111
      vertex -109.328 -80.6272 111
    endloop
  endfacet
  facet normal 0.634466 0.772951 0
    outer loop
      vertex -110.643 -79.5478 111
      vertex -109.328 -80.6272 -111
      vertex -110.643 -79.5478 -111
    endloop
  endfacet
  facet normal 0.812859 0.582461 0
    outer loop
      vertex -114.127 -75.8278 111
      vertex -115.118 -74.4448 -111
      vertex -115.118 -74.4448 111
    endloop
  endfacet
  facet normal 0.812859 0.582461 0
    outer loop
      vertex -115.118 -74.4448 -111
      vertex -114.127 -75.8278 111
      vertex -114.127 -75.8278 -111
    endloop
  endfacet
  facet normal 0.773113 0.634268 0
    outer loop
      vertex -113.048 -77.143 111
      vertex -114.127 -75.8278 -111
      vertex -114.127 -75.8278 111
    endloop
  endfacet
  facet normal 0.773113 0.634268 0
    outer loop
      vertex -114.127 -75.8278 -111
      vertex -113.048 -77.143 111
      vertex -113.048 -77.143 -111
    endloop
  endfacet
  facet normal 0.935971 0.352077 0
    outer loop
      vertex -117.521 -69.9498 111
      vertex -118.12 -68.3574 -111
      vertex -118.12 -68.3574 111
    endloop
  endfacet
  facet normal 0.935971 0.352077 0
    outer loop
      vertex -118.12 -68.3574 -111
      vertex -117.521 -69.9498 111
      vertex -117.521 -69.9498 -111
    endloop
  endfacet
  facet normal 0.910899 0.412629 0
    outer loop
      vertex -116.819 -71.4995 111
      vertex -117.521 -69.9498 -111
      vertex -117.521 -69.9498 111
    endloop
  endfacet
  facet normal 0.910899 0.412629 0
    outer loop
      vertex -117.521 -69.9498 -111
      vertex -116.819 -71.4995 111
      vertex -116.819 -71.4995 -111
    endloop
  endfacet
  facet normal 0.986562 0.163389 0
    outer loop
      vertex -119 -65.0723 111
      vertex -119.278 -63.3937 -111
      vertex -119.278 -63.3937 111
    endloop
  endfacet
  facet normal 0.986562 0.163389 0
    outer loop
      vertex -119.278 -63.3937 -111
      vertex -119 -65.0723 111
      vertex -119 -65.0723 -111
    endloop
  endfacet
  facet normal -0.227083 0.973875 0
    outer loop
      vertex 100.229 -85.1141 -111
      vertex 98.5723 -85.5004 111
      vertex 100.229 -85.1141 111
    endloop
  endfacet
  facet normal -0.227083 0.973875 0
    outer loop
      vertex 98.5723 -85.5004 111
      vertex 100.229 -85.1141 -111
      vertex 98.5723 -85.5004 -111
    endloop
  endfacet
  facet normal 0.528043 0.849218 -0
    outer loop
      vertex -106.5 -82.5167 -111
      vertex -107.945 -81.6182 111
      vertex -106.5 -82.5167 111
    endloop
  endfacet
  facet normal 0.528043 0.849218 0
    outer loop
      vertex -107.945 -81.6182 111
      vertex -106.5 -82.5167 -111
      vertex -107.945 -81.6182 -111
    endloop
  endfacet
  facet normal 0.471503 0.881864 -0
    outer loop
      vertex -105 -83.3187 -111
      vertex -106.5 -82.5167 111
      vertex -105 -83.3187 111
    endloop
  endfacet
  facet normal 0.471503 0.881864 0
    outer loop
      vertex -106.5 -82.5167 111
      vertex -105 -83.3187 -111
      vertex -106.5 -82.5167 -111
    endloop
  endfacet
  facet normal 0.41266 0.910885 -0
    outer loop
      vertex -103.45 -84.0209 -111
      vertex -105 -83.3187 111
      vertex -103.45 -84.0209 111
    endloop
  endfacet
  facet normal 0.41266 0.910885 0
    outer loop
      vertex -105 -83.3187 111
      vertex -103.45 -84.0209 -111
      vertex -105 -83.3187 -111
    endloop
  endfacet
  facet normal 0.352115 0.935957 -0
    outer loop
      vertex -101.857 -84.6202 -111
      vertex -103.45 -84.0209 111
      vertex -101.857 -84.6202 111
    endloop
  endfacet
  facet normal 0.352115 0.935957 0
    outer loop
      vertex -103.45 -84.0209 111
      vertex -101.857 -84.6202 -111
      vertex -103.45 -84.0209 -111
    endloop
  endfacet
  facet normal 0.227083 0.973875 -0
    outer loop
      vertex -98.5723 -85.5004 -111
      vertex -100.229 -85.1141 111
      vertex -98.5723 -85.5004 111
    endloop
  endfacet
  facet normal 0.227083 0.973875 0
    outer loop
      vertex -100.229 -85.1141 111
      vertex -98.5723 -85.5004 -111
      vertex -100.229 -85.1141 -111
    endloop
  endfacet
  facet normal 0.88193 0.471381 0
    outer loop
      vertex -116.017 -73 111
      vertex -116.819 -71.4995 -111
      vertex -116.819 -71.4995 111
    endloop
  endfacet
  facet normal 0.88193 0.471381 0
    outer loop
      vertex -116.819 -71.4995 -111
      vertex -116.017 -73 111
      vertex -116.017 -73 -111
    endloop
  endfacet
  facet normal 0.849053 0.528308 0
    outer loop
      vertex -115.118 -74.4448 111
      vertex -116.017 -73 -111
      vertex -116.017 -73 111
    endloop
  endfacet
  facet normal 0.849053 0.528308 0
    outer loop
      vertex -116.017 -73 -111
      vertex -115.118 -74.4448 111
      vertex -115.118 -74.4448 -111
    endloop
  endfacet
  facet normal 0.956921 0.29035 0
    outer loop
      vertex -118.12 -68.3574 111
      vertex -118.614 -66.7293 -111
      vertex -118.614 -66.7293 111
    endloop
  endfacet
  facet normal 0.956921 0.29035 0
    outer loop
      vertex -118.614 -66.7293 -111
      vertex -118.12 -68.3574 111
      vertex -118.12 -68.3574 -111
    endloop
  endfacet
  facet normal 0.162931 0.986637 -0
    outer loop
      vertex -96.8937 -85.7776 -111
      vertex -98.5723 -85.5004 111
      vertex -96.8937 -85.7776 111
    endloop
  endfacet
  facet normal 0.162931 0.986637 0
    outer loop
      vertex -98.5723 -85.5004 111
      vertex -96.8937 -85.7776 -111
      vertex -98.5723 -85.5004 -111
    endloop
  endfacet
  facet normal 0 1 0
    outer loop
      vertex 122.5 0 114
      vertex 119.5 0 111
      vertex -122.5 0 114
    endloop
  endfacet
  facet normal 0 1 0
    outer loop
      vertex 122.5 0 114
      vertex 119.5 0 -111
      vertex 119.5 0 111
    endloop
  endfacet
  facet normal 0 1 0
    outer loop
      vertex 119.5 0 -111
      vertex 122.5 0 -114
      vertex -119.5 0 -111
    endloop
  endfacet
  facet normal 0 1 -0
    outer loop
      vertex 122.5 0 -114
      vertex 119.5 0 -111
      vertex 122.5 0 114
    endloop
  endfacet
  facet normal 0 1 -0
    outer loop
      vertex -119.5 0 111
      vertex -122.5 0 114
      vertex 119.5 0 111
    endloop
  endfacet
  facet normal 0 1 -0
    outer loop
      vertex -119.5 0 -111
      vertex -122.5 0 114
      vertex -119.5 0 111
    endloop
  endfacet
  facet normal 0 1 0
    outer loop
      vertex -119.5 0 -111
      vertex -122.5 0 -114
      vertex -122.5 0 114
    endloop
  endfacet
  facet normal 0 1 0
    outer loop
      vertex -122.5 0 -114
      vertex -119.5 0 -111
      vertex 122.5 0 -114
    endloop
  endfacet
  facet normal 0 0 1
    outer loop
      vertex 76.9367 -88.2341 -8.60377
      vertex 76.9935 -89 -8.60377
      vertex 76.9842 -88.716 -8.60377
    endloop
  endfacet
  facet normal 0 0 1
    outer loop
      vertex 76.8578 -87.7563 -8.60377
      vertex 76.9935 -89 -8.60377
      vertex 76.9367 -88.2341 -8.60377
    endloop
  endfacet
  facet normal 0 0 1
    outer loop
      vertex 76.7478 -87.2847 -8.60377
      vertex 76.9935 -89 -8.60377
      vertex 76.8578 -87.7563 -8.60377
    endloop
  endfacet
  facet normal 0 0 1
    outer loop
      vertex 76.6073 -86.8214 -8.60377
      vertex 76.9935 -89 -8.60377
      vertex 76.7478 -87.2847 -8.60377
    endloop
  endfacet
  facet normal 0 0 1
    outer loop
      vertex 76.4367 -86.3681 -8.60377
      vertex 76.9935 -89 -8.60377
      vertex 76.6073 -86.8214 -8.60377
    endloop
  endfacet
  facet normal 0 0 1
    outer loop
      vertex 76.2699 -86 -8.60377
      vertex 76.9935 -89 -8.60377
      vertex 76.4367 -86.3681 -8.60377
    endloop
  endfacet
  facet normal -0 0 1
    outer loop
      vertex -76.2699 -86 -8.60377
      vertex 76.9935 -89 -8.60377
      vertex 76.2699 -86 -8.60377
    endloop
  endfacet
  facet normal 0 0 1
    outer loop
      vertex -76.9935 -89 -8.60377
      vertex -76.2699 -86 -8.60377
      vertex -76.4367 -86.3681 -8.60377
    endloop
  endfacet
  facet normal 0 0 1
    outer loop
      vertex -76.9935 -89 -8.60377
      vertex -76.4367 -86.3681 -8.60377
      vertex -76.6073 -86.8214 -8.60377
    endloop
  endfacet
  facet normal 0 0 1
    outer loop
      vertex -76.9935 -89 -8.60377
      vertex -76.6073 -86.8214 -8.60377
      vertex -76.7478 -87.2847 -8.60377
    endloop
  endfacet
  facet normal 0 0 1
    outer loop
      vertex -76.9935 -89 -8.60377
      vertex -76.7478 -87.2847 -8.60377
      vertex -76.8578 -87.7563 -8.60377
    endloop
  endfacet
  facet normal 0 0 1
    outer loop
      vertex -76.9935 -89 -8.60377
      vertex -76.8578 -87.7563 -8.60377
      vertex -76.9367 -88.2341 -8.60377
    endloop
  endfacet
  facet normal 0 0 1
    outer loop
      vertex -76.9935 -89 -8.60377
      vertex -76.9367 -88.2341 -8.60377
      vertex -76.9842 -88.716 -8.60377
    endloop
  endfacet
  facet normal 0 0 1
    outer loop
      vertex -76.2699 -86 -8.60377
      vertex -76.9935 -89 -8.60377
      vertex 76.9935 -89 -8.60377
    endloop
  endfacet
  facet normal -0.999464 -0.0327289 0
    outer loop
      vertex 76.9935 -89 -8.60377
      vertex 76.9842 -88.716 80.8755
      vertex 76.9842 -88.716 -8.60377
    endloop
  endfacet
  facet normal -0.999464 -0.0327289 0
    outer loop
      vertex 76.9842 -88.716 80.8755
      vertex 76.9935 -89 -8.60377
      vertex 76.9935 -89 80.8755
    endloop
  endfacet
  facet normal 0.910849 -0.41274 0
    outer loop
      vertex -76.4367 -86.3681 80.8755
      vertex -76.2699 -86 -8.60377
      vertex -76.2699 -86 80.8755
    endloop
  endfacet
  facet normal 0.910849 -0.41274 0
    outer loop
      vertex -76.2699 -86 -8.60377
      vertex -76.4367 -86.3681 80.8755
      vertex -76.4367 -86.3681 -8.60377
    endloop
  endfacet
  facet normal 0.956964 -0.290208 0
    outer loop
      vertex -76.7478 -87.2847 80.8755
      vertex -76.6073 -86.8214 -8.60377
      vertex -76.6073 -86.8214 80.8755
    endloop
  endfacet
  facet normal 0.956964 -0.290208 0
    outer loop
      vertex -76.6073 -86.8214 -8.60377
      vertex -76.7478 -87.2847 80.8755
      vertex -76.7478 -87.2847 -8.60377
    endloop
  endfacet
  facet normal -0.935913 -0.352232 0
    outer loop
      vertex 76.6073 -86.8214 -8.60377
      vertex 76.4367 -86.3681 80.8755
      vertex 76.4367 -86.3681 -8.60377
    endloop
  endfacet
  facet normal -0.935913 -0.352232 0
    outer loop
      vertex 76.4367 -86.3681 80.8755
      vertex 76.6073 -86.8214 -8.60377
      vertex 76.6073 -86.8214 80.8755
    endloop
  endfacet
  facet normal 0.935913 -0.352232 0
    outer loop
      vertex -76.6073 -86.8214 80.8755
      vertex -76.4367 -86.3681 -8.60377
      vertex -76.4367 -86.3681 80.8755
    endloop
  endfacet
  facet normal 0.935913 -0.352232 0
    outer loop
      vertex -76.4367 -86.3681 -8.60377
      vertex -76.6073 -86.8214 80.8755
      vertex -76.6073 -86.8214 -8.60377
    endloop
  endfacet
  facet normal 0.995177 -0.0980928 0
    outer loop
      vertex -76.9842 -88.716 80.8755
      vertex -76.9367 -88.2341 -8.60377
      vertex -76.9367 -88.2341 80.8755
    endloop
  endfacet
  facet normal 0.995177 -0.0980928 0
    outer loop
      vertex -76.9367 -88.2341 -8.60377
      vertex -76.9842 -88.716 80.8755
      vertex -76.9842 -88.716 -8.60377
    endloop
  endfacet
  facet normal -0.986638 -0.162925 0
    outer loop
      vertex 76.9367 -88.2341 -8.60377
      vertex 76.8578 -87.7563 80.8755
      vertex 76.8578 -87.7563 -8.60377
    endloop
  endfacet
  facet normal -0.986638 -0.162925 0
    outer loop
      vertex 76.8578 -87.7563 80.8755
      vertex 76.9367 -88.2341 -8.60377
      vertex 76.9367 -88.2341 80.8755
    endloop
  endfacet
  facet normal -0.995177 -0.0980928 0
    outer loop
      vertex 76.9842 -88.716 -8.60377
      vertex 76.9367 -88.2341 80.8755
      vertex 76.9367 -88.2341 -8.60377
    endloop
  endfacet
  facet normal -0.995177 -0.0980928 0
    outer loop
      vertex 76.9367 -88.2341 80.8755
      vertex 76.9842 -88.716 -8.60377
      vertex 76.9842 -88.716 80.8755
    endloop
  endfacet
  facet normal 0.973859 -0.227151 0
    outer loop
      vertex -76.8578 -87.7563 80.8755
      vertex -76.7478 -87.2847 -8.60377
      vertex -76.7478 -87.2847 80.8755
    endloop
  endfacet
  facet normal 0.973859 -0.227151 0
    outer loop
      vertex -76.7478 -87.2847 -8.60377
      vertex -76.8578 -87.7563 80.8755
      vertex -76.8578 -87.7563 -8.60377
    endloop
  endfacet
  facet normal 0.999464 -0.0327289 0
    outer loop
      vertex -76.9935 -89 80.8755
      vertex -76.9842 -88.716 -8.60377
      vertex -76.9842 -88.716 80.8755
    endloop
  endfacet
  facet normal 0.999464 -0.0327289 0
    outer loop
      vertex -76.9842 -88.716 -8.60377
      vertex -76.9935 -89 80.8755
      vertex -76.9935 -89 -8.60377
    endloop
  endfacet
  facet normal 0 0 -1
    outer loop
      vertex 76.9935 -89 80.8755
      vertex 76.9367 -88.2341 80.8755
      vertex 76.9842 -88.716 80.8755
    endloop
  endfacet
  facet normal 0 0 -1
    outer loop
      vertex 76.9935 -89 80.8755
      vertex 76.8578 -87.7563 80.8755
      vertex 76.9367 -88.2341 80.8755
    endloop
  endfacet
  facet normal 0 0 -1
    outer loop
      vertex 76.9935 -89 80.8755
      vertex 76.7478 -87.2847 80.8755
      vertex 76.8578 -87.7563 80.8755
    endloop
  endfacet
  facet normal 0 0 -1
    outer loop
      vertex 76.9935 -89 80.8755
      vertex 76.6073 -86.8214 80.8755
      vertex 76.7478 -87.2847 80.8755
    endloop
  endfacet
  facet normal 0 0 -1
    outer loop
      vertex 76.9935 -89 80.8755
      vertex 76.4367 -86.3681 80.8755
      vertex 76.6073 -86.8214 80.8755
    endloop
  endfacet
  facet normal 0 0 -1
    outer loop
      vertex 76.9935 -89 80.8755
      vertex 76.2699 -86 80.8755
      vertex 76.4367 -86.3681 80.8755
    endloop
  endfacet
  facet normal 0 0 -1
    outer loop
      vertex 76.9935 -89 80.8755
      vertex -76.2699 -86 80.8755
      vertex 76.2699 -86 80.8755
    endloop
  endfacet
  facet normal 0 0 -1
    outer loop
      vertex -76.9935 -89 80.8755
      vertex -76.2699 -86 80.8755
      vertex 76.9935 -89 80.8755
    endloop
  endfacet
  facet normal 0 0 -1
    outer loop
      vertex -76.2699 -86 80.8755
      vertex -76.9935 -89 80.8755
      vertex -76.4367 -86.3681 80.8755
    endloop
  endfacet
  facet normal 0 0 -1
    outer loop
      vertex -76.4367 -86.3681 80.8755
      vertex -76.9935 -89 80.8755
      vertex -76.6073 -86.8214 80.8755
    endloop
  endfacet
  facet normal 0 0 -1
    outer loop
      vertex -76.6073 -86.8214 80.8755
      vertex -76.9935 -89 80.8755
      vertex -76.7478 -87.2847 80.8755
    endloop
  endfacet
  facet normal 0 0 -1
    outer loop
      vertex -76.7478 -87.2847 80.8755
      vertex -76.9935 -89 80.8755
      vertex -76.8578 -87.7563 80.8755
    endloop
  endfacet
  facet normal 0 0 -1
    outer loop
      vertex -76.8578 -87.7563 80.8755
      vertex -76.9935 -89 80.8755
      vertex -76.9367 -88.2341 80.8755
    endloop
  endfacet
  facet normal 0 0 -1
    outer loop
      vertex -76.9367 -88.2341 80.8755
      vertex -76.9935 -89 80.8755
      vertex -76.9842 -88.716 80.8755
    endloop
  endfacet
  facet normal -0.973859 -0.227151 0
    outer loop
      vertex 76.8578 -87.7563 -8.60377
      vertex 76.7478 -87.2847 80.8755
      vertex 76.7478 -87.2847 -8.60377
    endloop
  endfacet
  facet normal -0.973859 -0.227151 0
    outer loop
      vertex 76.7478 -87.2847 80.8755
      vertex 76.8578 -87.7563 -8.60377
      vertex 76.8578 -87.7563 80.8755
    endloop
  endfacet
  facet normal -0.956964 -0.290208 0
    outer loop
      vertex 76.7478 -87.2847 -8.60377
      vertex 76.6073 -86.8214 80.8755
      vertex 76.6073 -86.8214 -8.60377
    endloop
  endfacet
  facet normal -0.956964 -0.290208 0
    outer loop
      vertex 76.6073 -86.8214 80.8755
      vertex 76.7478 -87.2847 -8.60377
      vertex 76.7478 -87.2847 80.8755
    endloop
  endfacet
  facet normal -0.910849 -0.41274 0
    outer loop
      vertex 76.4367 -86.3681 -8.60377
      vertex 76.2699 -86 80.8755
      vertex 76.2699 -86 -8.60377
    endloop
  endfacet
  facet normal -0.910849 -0.41274 0
    outer loop
      vertex 76.2699 -86 80.8755
      vertex 76.4367 -86.3681 -8.60377
      vertex 76.4367 -86.3681 80.8755
    endloop
  endfacet
  facet normal 0.986638 -0.162925 0
    outer loop
      vertex -76.9367 -88.2341 80.8755
      vertex -76.8578 -87.7563 -8.60377
      vertex -76.8578 -87.7563 80.8755
    endloop
  endfacet
  facet normal 0.986638 -0.162925 0
    outer loop
      vertex -76.8578 -87.7563 -8.60377
      vertex -76.9367 -88.2341 80.8755
      vertex -76.9367 -88.2341 -8.60377
    endloop
  endfacet
  facet normal 0 0 1
    outer loop
      vertex 70.9367 -88.2341 -88.6189
      vertex 70.9935 -89 -88.6189
      vertex 70.9842 -88.716 -88.6189
    endloop
  endfacet
  facet normal 0 0 1
    outer loop
      vertex 70.8578 -87.7563 -88.6189
      vertex 70.9935 -89 -88.6189
      vertex 70.9367 -88.2341 -88.6189
    endloop
  endfacet
  facet normal 0 0 1
    outer loop
      vertex 70.7478 -87.2847 -88.6189
      vertex 70.9935 -89 -88.6189
      vertex 70.8578 -87.7563 -88.6189
    endloop
  endfacet
  facet normal 0 0 1
    outer loop
      vertex 70.6073 -86.8214 -88.6189
      vertex 70.9935 -89 -88.6189
      vertex 70.7478 -87.2847 -88.6189
    endloop
  endfacet
  facet normal 0 0 1
    outer loop
      vertex 70.4367 -86.3681 -88.6189
      vertex 70.9935 -89 -88.6189
      vertex 70.6073 -86.8214 -88.6189
    endloop
  endfacet
  facet normal 0 0 1
    outer loop
      vertex 70.2699 -86 -88.6189
      vertex 70.9935 -89 -88.6189
      vertex 70.4367 -86.3681 -88.6189
    endloop
  endfacet
  facet normal -0 0 1
    outer loop
      vertex -70.2699 -86 -88.6189
      vertex 70.9935 -89 -88.6189
      vertex 70.2699 -86 -88.6189
    endloop
  endfacet
  facet normal 0 0 1
    outer loop
      vertex -70.9935 -89 -88.6189
      vertex -70.2699 -86 -88.6189
      vertex -70.4367 -86.3681 -88.6189
    endloop
  endfacet
  facet normal 0 0 1
    outer loop
      vertex -70.9935 -89 -88.6189
      vertex -70.4367 -86.3681 -88.6189
      vertex -70.6073 -86.8214 -88.6189
    endloop
  endfacet
  facet normal 0 0 1
    outer loop
      vertex -70.9935 -89 -88.6189
      vertex -70.6073 -86.8214 -88.6189
      vertex -70.7478 -87.2847 -88.6189
    endloop
  endfacet
  facet normal 0 0 1
    outer loop
      vertex -70.9935 -89 -88.6189
      vertex -70.7478 -87.2847 -88.6189
      vertex -70.8578 -87.7563 -88.6189
    endloop
  endfacet
  facet normal 0 0 1
    outer loop
      vertex -70.9935 -89 -88.6189
      vertex -70.8578 -87.7563 -88.6189
      vertex -70.9367 -88.2341 -88.6189
    endloop
  endfacet
  facet normal 0 0 1
    outer loop
      vertex -70.9935 -89 -88.6189
      vertex -70.9367 -88.2341 -88.6189
      vertex -70.9842 -88.716 -88.6189
    endloop
  endfacet
  facet normal 0 0 1
    outer loop
      vertex -70.2699 -86 -88.6189
      vertex -70.9935 -89 -88.6189
      vertex 70.9935 -89 -88.6189
    endloop
  endfacet
  facet normal -0.999464 -0.0327289 0
    outer loop
      vertex 70.9935 -89 -88.6189
      vertex 70.9842 -88.716 -52.483
      vertex 70.9842 -88.716 -88.6189
    endloop
  endfacet
  facet normal -0.999464 -0.0327289 0
    outer loop
      vertex 70.9842 -88.716 -52.483
      vertex 70.9935 -89 -88.6189
      vertex 70.9935 -89 -52.483
    endloop
  endfacet
  facet normal -0.910849 -0.41274 0
    outer loop
      vertex 70.4367 -86.3681 -88.6189
      vertex 70.2699 -86 -52.483
      vertex 70.2699 -86 -88.6189
    endloop
  endfacet
  facet normal -0.910849 -0.41274 0
    outer loop
      vertex 70.2699 -86 -52.483
      vertex 70.4367 -86.3681 -88.6189
      vertex 70.4367 -86.3681 -52.483
    endloop
  endfacet
  facet normal 0.973859 -0.227151 0
    outer loop
      vertex -70.8578 -87.7563 -52.483
      vertex -70.7478 -87.2847 -88.6189
      vertex -70.7478 -87.2847 -52.483
    endloop
  endfacet
  facet normal 0.973859 -0.227151 0
    outer loop
      vertex -70.7478 -87.2847 -88.6189
      vertex -70.8578 -87.7563 -52.483
      vertex -70.8578 -87.7563 -88.6189
    endloop
  endfacet
  facet normal 0.935913 -0.352232 0
    outer loop
      vertex -70.6073 -86.8214 -52.483
      vertex -70.4367 -86.3681 -88.6189
      vertex -70.4367 -86.3681 -52.483
    endloop
  endfacet
  facet normal 0.935913 -0.352232 0
    outer loop
      vertex -70.4367 -86.3681 -88.6189
      vertex -70.6073 -86.8214 -52.483
      vertex -70.6073 -86.8214 -88.6189
    endloop
  endfacet
  facet normal 0.995177 -0.0980928 0
    outer loop
      vertex -70.9842 -88.716 -52.483
      vertex -70.9367 -88.2341 -88.6189
      vertex -70.9367 -88.2341 -52.483
    endloop
  endfacet
  facet normal 0.995177 -0.0980928 0
    outer loop
      vertex -70.9367 -88.2341 -88.6189
      vertex -70.9842 -88.716 -52.483
      vertex -70.9842 -88.716 -88.6189
    endloop
  endfacet
  facet normal -0.986638 -0.162925 0
    outer loop
      vertex 70.9367 -88.2341 -88.6189
      vertex 70.8578 -87.7563 -52.483
      vertex 70.8578 -87.7563 -88.6189
    endloop
  endfacet
  facet normal -0.986638 -0.162925 0
    outer loop
      vertex 70.8578 -87.7563 -52.483
      vertex 70.9367 -88.2341 -88.6189
      vertex 70.9367 -88.2341 -52.483
    endloop
  endfacet
  facet normal -0.995177 -0.0980928 0
    outer loop
      vertex 70.9842 -88.716 -88.6189
      vertex 70.9367 -88.2341 -52.483
      vertex 70.9367 -88.2341 -88.6189
    endloop
  endfacet
  facet normal -0.995177 -0.0980928 0
    outer loop
      vertex 70.9367 -88.2341 -52.483
      vertex 70.9842 -88.716 -88.6189
      vertex 70.9842 -88.716 -52.483
    endloop
  endfacet
  facet normal -0.935913 -0.352232 0
    outer loop
      vertex 70.6073 -86.8214 -88.6189
      vertex 70.4367 -86.3681 -52.483
      vertex 70.4367 -86.3681 -88.6189
    endloop
  endfacet
  facet normal -0.935913 -0.352232 0
    outer loop
      vertex 70.4367 -86.3681 -52.483
      vertex 70.6073 -86.8214 -88.6189
      vertex 70.6073 -86.8214 -52.483
    endloop
  endfacet
  facet normal 0.910849 -0.41274 0
    outer loop
      vertex -70.4367 -86.3681 -52.483
      vertex -70.2699 -86 -88.6189
      vertex -70.2699 -86 -52.483
    endloop
  endfacet
  facet normal 0.910849 -0.41274 0
    outer loop
      vertex -70.2699 -86 -88.6189
      vertex -70.4367 -86.3681 -52.483
      vertex -70.4367 -86.3681 -88.6189
    endloop
  endfacet
  facet normal 0.956964 -0.290208 0
    outer loop
      vertex -70.7478 -87.2847 -52.483
      vertex -70.6073 -86.8214 -88.6189
      vertex -70.6073 -86.8214 -52.483
    endloop
  endfacet
  facet normal 0.956964 -0.290208 0
    outer loop
      vertex -70.6073 -86.8214 -88.6189
      vertex -70.7478 -87.2847 -52.483
      vertex -70.7478 -87.2847 -88.6189
    endloop
  endfacet
  facet normal 0.986638 -0.162925 0
    outer loop
      vertex -70.9367 -88.2341 -52.483
      vertex -70.8578 -87.7563 -88.6189
      vertex -70.8578 -87.7563 -52.483
    endloop
  endfacet
  facet normal 0.986638 -0.162925 0
    outer loop
      vertex -70.8578 -87.7563 -88.6189
      vertex -70.9367 -88.2341 -52.483
      vertex -70.9367 -88.2341 -88.6189
    endloop
  endfacet
  facet normal 0.999464 -0.0327289 0
    outer loop
      vertex -70.9935 -89 -52.483
      vertex -70.9842 -88.716 -88.6189
      vertex -70.9842 -88.716 -52.483
    endloop
  endfacet
  facet normal 0.999464 -0.0327289 0
    outer loop
      vertex -70.9842 -88.716 -88.6189
      vertex -70.9935 -89 -52.483
      vertex -70.9935 -89 -88.6189
    endloop
  endfacet
  facet normal 0 0 -1
    outer loop
      vertex 70.9935 -89 -52.483
      vertex 70.9367 -88.2341 -52.483
      vertex 70.9842 -88.716 -52.483
    endloop
  endfacet
  facet normal 0 0 -1
    outer loop
      vertex 70.9935 -89 -52.483
      vertex 70.8578 -87.7563 -52.483
      vertex 70.9367 -88.2341 -52.483
    endloop
  endfacet
  facet normal 0 0 -1
    outer loop
      vertex 70.9935 -89 -52.483
      vertex 70.7478 -87.2847 -52.483
      vertex 70.8578 -87.7563 -52.483
    endloop
  endfacet
  facet normal 0 0 -1
    outer loop
      vertex 70.9935 -89 -52.483
      vertex 70.6073 -86.8214 -52.483
      vertex 70.7478 -87.2847 -52.483
    endloop
  endfacet
  facet normal 0 0 -1
    outer loop
      vertex 70.9935 -89 -52.483
      vertex 70.4367 -86.3681 -52.483
      vertex 70.6073 -86.8214 -52.483
    endloop
  endfacet
  facet normal 0 0 -1
    outer loop
      vertex 70.9935 -89 -52.483
      vertex 70.2699 -86 -52.483
      vertex 70.4367 -86.3681 -52.483
    endloop
  endfacet
  facet normal 0 0 -1
    outer loop
      vertex 70.9935 -89 -52.483
      vertex -70.2699 -86 -52.483
      vertex 70.2699 -86 -52.483
    endloop
  endfacet
  facet normal 0 0 -1
    outer loop
      vertex -70.9935 -89 -52.483
      vertex -70.2699 -86 -52.483
      vertex 70.9935 -89 -52.483
    endloop
  endfacet
  facet normal 0 0 -1
    outer loop
      vertex -70.2699 -86 -52.483
      vertex -70.9935 -89 -52.483
      vertex -70.4367 -86.3681 -52.483
    endloop
  endfacet
  facet normal 0 0 -1
    outer loop
      vertex -70.4367 -86.3681 -52.483
      vertex -70.9935 -89 -52.483
      vertex -70.6073 -86.8214 -52.483
    endloop
  endfacet
  facet normal 0 0 -1
    outer loop
      vertex -70.6073 -86.8214 -52.483
      vertex -70.9935 -89 -52.483
      vertex -70.7478 -87.2847 -52.483
    endloop
  endfacet
  facet normal 0 0 -1
    outer loop
      vertex -70.7478 -87.2847 -52.483
      vertex -70.9935 -89 -52.483
      vertex -70.8578 -87.7563 -52.483
    endloop
  endfacet
  facet normal 0 0 -1
    outer loop
      vertex -70.8578 -87.7563 -52.483
      vertex -70.9935 -89 -52.483
      vertex -70.9367 -88.2341 -52.483
    endloop
  endfacet
  facet normal 0 0 -1
    outer loop
      vertex -70.9367 -88.2341 -52.483
      vertex -70.9935 -89 -52.483
      vertex -70.9842 -88.716 -52.483
    endloop
  endfacet
  facet normal -0.956964 -0.290208 0
    outer loop
      vertex 70.7478 -87.2847 -88.6189
      vertex 70.6073 -86.8214 -52.483
      vertex 70.6073 -86.8214 -88.6189
    endloop
  endfacet
  facet normal -0.956964 -0.290208 0
    outer loop
      vertex 70.6073 -86.8214 -52.483
      vertex 70.7478 -87.2847 -88.6189
      vertex 70.7478 -87.2847 -52.483
    endloop
  endfacet
  facet normal -0.973859 -0.227151 0
    outer loop
      vertex 70.8578 -87.7563 -88.6189
      vertex 70.7478 -87.2847 -52.483
      vertex 70.7478 -87.2847 -88.6189
    endloop
  endfacet
  facet normal -0.973859 -0.227151 0
    outer loop
      vertex 70.7478 -87.2847 -52.483
      vertex 70.8578 -87.7563 -88.6189
      vertex 70.8578 -87.7563 -52.483
    endloop
  endfacet
  facet normal 0.999468 -0.0326024 0
    outer loop
      vertex -39 -87.8 -98.9434
      vertex -38.9872 -87.4076 -114
      vertex -38.9872 -87.4076 -98.9434
    endloop
  endfacet
  facet normal 0.999468 -0.0326024 0
    outer loop
      vertex -38.9872 -87.4076 -114
      vertex -39 -87.8 -98.9434
      vertex -39 -87.8 -114
    endloop
  endfacet
  facet normal 0 0 -1
    outer loop
      vertex 38.7206 -86 -98.9434
      vertex 39 -87.8 -98.9434
      vertex 39 -89 -98.9434
    endloop
  endfacet
  facet normal 0 0 -1
    outer loop
      vertex 39 -87.8 -98.9434
      vertex 38.7206 -86 -98.9434
      vertex 38.9872 -87.4076 -98.9434
    endloop
  endfacet
  facet normal 0 0 -1
    outer loop
      vertex 38.9872 -87.4076 -98.9434
      vertex 38.7206 -86 -98.9434
      vertex 38.9487 -87.0168 -98.9434
    endloop
  endfacet
  facet normal 0 0 -1
    outer loop
      vertex 38.9487 -87.0168 -98.9434
      vertex 38.7206 -86 -98.9434
      vertex 38.8847 -86.6295 -98.9434
    endloop
  endfacet
  facet normal 0 0 -1
    outer loop
      vertex 38.8847 -86.6295 -98.9434
      vertex 38.7206 -86 -98.9434
      vertex 38.7956 -86.2471 -98.9434
    endloop
  endfacet
  facet normal 0 0 -1
    outer loop
      vertex 39 -89 -98.9434
      vertex -38.7206 -86 -98.9434
      vertex 38.7206 -86 -98.9434
    endloop
  endfacet
  facet normal 0 0 -1
    outer loop
      vertex -39 -89 -98.9434
      vertex -38.7206 -86 -98.9434
      vertex 39 -89 -98.9434
    endloop
  endfacet
  facet normal 0 0 -1
    outer loop
      vertex -39 -87.8 -98.9434
      vertex -38.7206 -86 -98.9434
      vertex -39 -89 -98.9434
    endloop
  endfacet
  facet normal 0 0 -1
    outer loop
      vertex -38.7206 -86 -98.9434
      vertex -39 -87.8 -98.9434
      vertex -38.7956 -86.2471 -98.9434
    endloop
  endfacet
  facet normal 0 0 -1
    outer loop
      vertex -38.7956 -86.2471 -98.9434
      vertex -39 -87.8 -98.9434
      vertex -38.8847 -86.6295 -98.9434
    endloop
  endfacet
  facet normal 0 0 -1
    outer loop
      vertex -38.8847 -86.6295 -98.9434
      vertex -39 -87.8 -98.9434
      vertex -38.9487 -87.0168 -98.9434
    endloop
  endfacet
  facet normal 0 0 -1
    outer loop
      vertex -38.9487 -87.0168 -98.9434
      vertex -39 -87.8 -98.9434
      vertex -38.9872 -87.4076 -98.9434
    endloop
  endfacet
  facet normal 0.98662 -0.163036 0
    outer loop
      vertex -38.9487 -87.0168 -98.9434
      vertex -38.8847 -86.6295 -114
      vertex -38.8847 -86.6295 -98.9434
    endloop
  endfacet
  facet normal 0.98662 -0.163036 0
    outer loop
      vertex -38.8847 -86.6295 -114
      vertex -38.9487 -87.0168 -98.9434
      vertex -38.9487 -87.0168 -114
    endloop
  endfacet
  facet normal 0.729783 -0.683678 0
    outer loop
      vertex -37.511 -83.8439 -111
      vertex -37.2426 -83.5574 -114
      vertex -37.2426 -83.5574 -111
    endloop
  endfacet
  facet normal 0.729783 -0.683678 0
    outer loop
      vertex -37.2426 -83.5574 -114
      vertex -37.511 -83.8439 -111
      vertex -37.511 -83.8439 -114
    endloop
  endfacet
  facet normal -0.0326024 -0.999468 0
    outer loop
      vertex 33 -81.8 -114
      vertex 33.3924 -81.8128 -111
      vertex 33 -81.8 -111
    endloop
  endfacet
  facet normal -0.0326024 -0.999468 -0
    outer loop
      vertex 33.3924 -81.8128 -111
      vertex 33 -81.8 -114
      vertex 33.3924 -81.8128 -114
    endloop
  endfacet
  facet normal -1 0 0
    outer loop
      vertex 39 -89 -114
      vertex 39 -87.8 -98.9434
      vertex 39 -87.8 -114
    endloop
  endfacet
  facet normal -1 -0 0
    outer loop
      vertex 39 -87.8 -98.9434
      vertex 39 -89 -114
      vertex 39 -89 -98.9434
    endloop
  endfacet
  facet normal 1 -0 0
    outer loop
      vertex -39 -89 -98.9434
      vertex -39 -87.8 -114
      vertex -39 -87.8 -98.9434
    endloop
  endfacet
  facet normal 1 0 0
    outer loop
      vertex -39 -87.8 -114
      vertex -39 -89 -98.9434
      vertex -39 -89 -114
    endloop
  endfacet
  facet normal 0.973913 -0.226924 0
    outer loop
      vertex -38.8847 -86.6295 -98.9434
      vertex -38.7956 -86.2471 -114
      vertex -38.7956 -86.2471 -98.9434
    endloop
  endfacet
  facet normal 0.973913 -0.226924 0
    outer loop
      vertex -38.7956 -86.2471 -114
      vertex -38.8847 -86.6295 -98.9434
      vertex -38.8847 -86.6295 -114
    endloop
  endfacet
  facet normal 0.956894 -0.290437 0
    outer loop
      vertex -38.7206 -86 -98.9434
      vertex -38.7956 -86.2471 -98.9434
      vertex -38.7206 -86 -111
    endloop
  endfacet
  facet normal 0.956962 -0.290214 0
    outer loop
      vertex -38.7206 -86 -111
      vertex -38.6816 -85.8714 -114
      vertex -38.6816 -85.8714 -111
    endloop
  endfacet
  facet normal 0.956917 -0.290361 -6.87697e-06
    outer loop
      vertex -38.7206 -86 -111
      vertex -38.7956 -86.2471 -114
      vertex -38.6816 -85.8714 -114
    endloop
  endfacet
  facet normal 0.956894 -0.290437 0
    outer loop
      vertex -38.7956 -86.2471 -114
      vertex -38.7206 -86 -111
      vertex -38.7956 -86.2471 -98.9434
    endloop
  endfacet
  facet normal 0.63443 -0.77298 0
    outer loop
      vertex -36.9561 -83.289 -114
      vertex -36.6526 -83.0399 -111
      vertex -36.9561 -83.289 -111
    endloop
  endfacet
  facet normal 0.63443 -0.77298 0
    outer loop
      vertex -36.6526 -83.0399 -111
      vertex -36.9561 -83.289 -114
      vertex -36.6526 -83.0399 -114
    endloop
  endfacet
  facet normal 0.226924 -0.973913 0
    outer loop
      vertex -34.5529 -82.0044 -114
      vertex -34.1705 -81.9153 -111
      vertex -34.5529 -82.0044 -111
    endloop
  endfacet
  facet normal 0.226924 -0.973913 0
    outer loop
      vertex -34.1705 -81.9153 -111
      vertex -34.5529 -82.0044 -114
      vertex -34.1705 -81.9153 -114
    endloop
  endfacet
  facet normal 0.0326024 -0.999468 0
    outer loop
      vertex -33.3924 -81.8128 -114
      vertex -33 -81.8 -111
      vertex -33.3924 -81.8128 -111
    endloop
  endfacet
  facet normal 0.0326024 -0.999468 0
    outer loop
      vertex -33 -81.8 -111
      vertex -33.3924 -81.8128 -114
      vertex -33 -81.8 -114
    endloop
  endfacet
  facet normal 0 -1 0
    outer loop
      vertex -33 -81.8 -114
      vertex 33 -81.8 -111
      vertex -33 -81.8 -111
    endloop
  endfacet
  facet normal 0 -1 -0
    outer loop
      vertex 33 -81.8 -111
      vertex -33 -81.8 -114
      vertex 33 -81.8 -114
    endloop
  endfacet
  facet normal -0.352212 -0.93592 0
    outer loop
      vertex 34.9286 -82.1184 -114
      vertex 35.2961 -82.2567 -111
      vertex 34.9286 -82.1184 -111
    endloop
  endfacet
  facet normal -0.352212 -0.93592 -0
    outer loop
      vertex 35.2961 -82.2567 -111
      vertex 34.9286 -82.1184 -114
      vertex 35.2961 -82.2567 -114
    endloop
  endfacet
  facet normal -0.910793 -0.412862 0
    outer loop
      vertex 38.5433 -85.5039 -114
      vertex 38.3812 -85.1463 -111
      vertex 38.3812 -85.1463 -114
    endloop
  endfacet
  facet normal -0.910793 -0.412862 0
    outer loop
      vertex 38.3812 -85.1463 -111
      vertex 38.5433 -85.5039 -114
      vertex 38.5433 -85.5039 -111
    endloop
  endfacet
  facet normal -0.999468 -0.0326024 0
    outer loop
      vertex 39 -87.8 -114
      vertex 38.9872 -87.4076 -98.9434
      vertex 38.9872 -87.4076 -114
    endloop
  endfacet
  facet normal -0.999468 -0.0326024 0
    outer loop
      vertex 38.9872 -87.4076 -98.9434
      vertex 39 -87.8 -114
      vertex 39 -87.8 -98.9434
    endloop
  endfacet
  facet normal 0.882028 -0.471196 0
    outer loop
      vertex -38.3812 -85.1463 -111
      vertex -38.1962 -84.8 -114
      vertex -38.1962 -84.8 -111
    endloop
  endfacet
  facet normal 0.882028 -0.471196 0
    outer loop
      vertex -38.1962 -84.8 -114
      vertex -38.3812 -85.1463 -111
      vertex -38.3812 -85.1463 -114
    endloop
  endfacet
  facet normal 0.995182 -0.0980413 0
    outer loop
      vertex -38.9872 -87.4076 -98.9434
      vertex -38.9487 -87.0168 -114
      vertex -38.9487 -87.0168 -98.9434
    endloop
  endfacet
  facet normal 0.995182 -0.0980413 0
    outer loop
      vertex -38.9487 -87.0168 -114
      vertex -38.9872 -87.4076 -98.9434
      vertex -38.9872 -87.4076 -114
    endloop
  endfacet
  facet normal 0.93592 -0.352212 0
    outer loop
      vertex -38.6816 -85.8714 -111
      vertex -38.5433 -85.5039 -114
      vertex -38.5433 -85.5039 -111
    endloop
  endfacet
  facet normal 0.93592 -0.352212 0
    outer loop
      vertex -38.5433 -85.5039 -114
      vertex -38.6816 -85.8714 -111
      vertex -38.6816 -85.8714 -114
    endloop
  endfacet
  facet normal 0.0980413 -0.995182 0
    outer loop
      vertex -33.7832 -81.8513 -114
      vertex -33.3924 -81.8128 -111
      vertex -33.7832 -81.8513 -111
    endloop
  endfacet
  facet normal 0.0980413 -0.995182 0
    outer loop
      vertex -33.3924 -81.8128 -111
      vertex -33.7832 -81.8513 -114
      vertex -33.3924 -81.8128 -114
    endloop
  endfacet
  facet normal 0.352212 -0.93592 0
    outer loop
      vertex -35.2961 -82.2567 -114
      vertex -34.9286 -82.1184 -111
      vertex -35.2961 -82.2567 -111
    endloop
  endfacet
  facet normal 0.352212 -0.93592 0
    outer loop
      vertex -34.9286 -82.1184 -111
      vertex -35.2961 -82.2567 -114
      vertex -34.9286 -82.1184 -114
    endloop
  endfacet
  facet normal 0.290361 -0.956917 0
    outer loop
      vertex -34.9286 -82.1184 -114
      vertex -34.5529 -82.0044 -111
      vertex -34.9286 -82.1184 -111
    endloop
  endfacet
  facet normal 0.290361 -0.956917 0
    outer loop
      vertex -34.5529 -82.0044 -111
      vertex -34.9286 -82.1184 -114
      vertex -34.5529 -82.0044 -114
    endloop
  endfacet
  facet normal 0.163036 -0.98662 0
    outer loop
      vertex -34.1705 -81.9153 -114
      vertex -33.7832 -81.8513 -111
      vertex -34.1705 -81.9153 -111
    endloop
  endfacet
  facet normal 0.163036 -0.98662 0
    outer loop
      vertex -33.7832 -81.8513 -111
      vertex -34.1705 -81.9153 -114
      vertex -33.7832 -81.8513 -114
    endloop
  endfacet
  facet normal -0.0980413 -0.995182 0
    outer loop
      vertex 33.3924 -81.8128 -114
      vertex 33.7832 -81.8513 -111
      vertex 33.3924 -81.8128 -111
    endloop
  endfacet
  facet normal -0.0980413 -0.995182 -0
    outer loop
      vertex 33.7832 -81.8513 -111
      vertex 33.3924 -81.8128 -114
      vertex 33.7832 -81.8513 -114
    endloop
  endfacet
  facet normal -0.163036 -0.98662 0
    outer loop
      vertex 33.7832 -81.8513 -114
      vertex 34.1705 -81.9153 -111
      vertex 33.7832 -81.8513 -111
    endloop
  endfacet
  facet normal -0.163036 -0.98662 -0
    outer loop
      vertex 34.1705 -81.9153 -111
      vertex 33.7832 -81.8513 -114
      vertex 34.1705 -81.9153 -114
    endloop
  endfacet
  facet normal -0.849112 -0.528212 0
    outer loop
      vertex 38.1962 -84.8 -114
      vertex 37.9888 -84.4666 -111
      vertex 37.9888 -84.4666 -114
    endloop
  endfacet
  facet normal -0.849112 -0.528212 0
    outer loop
      vertex 37.9888 -84.4666 -111
      vertex 38.1962 -84.8 -114
      vertex 38.1962 -84.8 -111
    endloop
  endfacet
  facet normal -0.93592 -0.352212 0
    outer loop
      vertex 38.6816 -85.8714 -114
      vertex 38.5433 -85.5039 -111
      vertex 38.5433 -85.5039 -114
    endloop
  endfacet
  facet normal -0.93592 -0.352212 0
    outer loop
      vertex 38.5433 -85.5039 -111
      vertex 38.6816 -85.8714 -114
      vertex 38.6816 -85.8714 -111
    endloop
  endfacet
  facet normal -0.973913 -0.226924 0
    outer loop
      vertex 38.8847 -86.6295 -114
      vertex 38.7956 -86.2471 -98.9434
      vertex 38.7956 -86.2471 -114
    endloop
  endfacet
  facet normal -0.973913 -0.226924 0
    outer loop
      vertex 38.7956 -86.2471 -98.9434
      vertex 38.8847 -86.6295 -114
      vertex 38.8847 -86.6295 -98.9434
    endloop
  endfacet
  facet normal 0.849112 -0.528212 0
    outer loop
      vertex -38.1962 -84.8 -111
      vertex -37.9888 -84.4666 -114
      vertex -37.9888 -84.4666 -111
    endloop
  endfacet
  facet normal 0.849112 -0.528212 0
    outer loop
      vertex -37.9888 -84.4666 -114
      vertex -38.1962 -84.8 -111
      vertex -38.1962 -84.8 -114
    endloop
  endfacet
  facet normal 0.683678 -0.729783 0
    outer loop
      vertex -37.2426 -83.5574 -114
      vertex -36.9561 -83.289 -111
      vertex -37.2426 -83.5574 -111
    endloop
  endfacet
  facet normal 0.683678 -0.729783 0
    outer loop
      vertex -36.9561 -83.289 -111
      vertex -37.2426 -83.5574 -114
      vertex -36.9561 -83.289 -114
    endloop
  endfacet
  facet normal 0.528028 -0.849227 0
    outer loop
      vertex -36.3334 -82.8112 -114
      vertex -36 -82.6039 -111
      vertex -36.3334 -82.8112 -111
    endloop
  endfacet
  facet normal 0.528028 -0.849227 0
    outer loop
      vertex -36 -82.6039 -111
      vertex -36.3334 -82.8112 -114
      vertex -36 -82.6039 -114
    endloop
  endfacet
  facet normal -0.290361 -0.956917 0
    outer loop
      vertex 34.5529 -82.0044 -114
      vertex 34.9286 -82.1184 -111
      vertex 34.5529 -82.0044 -111
    endloop
  endfacet
  facet normal -0.290361 -0.956917 -0
    outer loop
      vertex 34.9286 -82.1184 -111
      vertex 34.5529 -82.0044 -114
      vertex 34.9286 -82.1184 -114
    endloop
  endfacet
  facet normal -0.226924 -0.973913 0
    outer loop
      vertex 34.1705 -81.9153 -114
      vertex 34.5529 -82.0044 -111
      vertex 34.1705 -81.9153 -111
    endloop
  endfacet
  facet normal -0.226924 -0.973913 -0
    outer loop
      vertex 34.5529 -82.0044 -111
      vertex 34.1705 -81.9153 -114
      vertex 34.5529 -82.0044 -114
    endloop
  endfacet
  facet normal -0.471394 -0.881923 0
    outer loop
      vertex 35.6537 -82.4188 -114
      vertex 36 -82.6039 -111
      vertex 35.6537 -82.4188 -111
    endloop
  endfacet
  facet normal -0.471394 -0.881923 -0
    outer loop
      vertex 36 -82.6039 -111
      vertex 35.6537 -82.4188 -114
      vertex 36 -82.6039 -114
    endloop
  endfacet
  facet normal -0.528028 -0.849227 0
    outer loop
      vertex 36 -82.6039 -114
      vertex 36.3334 -82.8112 -111
      vertex 36 -82.6039 -111
    endloop
  endfacet
  facet normal -0.528028 -0.849227 -0
    outer loop
      vertex 36.3334 -82.8112 -111
      vertex 36 -82.6039 -114
      vertex 36.3334 -82.8112 -114
    endloop
  endfacet
  facet normal -0.729783 -0.683678 0
    outer loop
      vertex 37.511 -83.8439 -114
      vertex 37.2426 -83.5574 -111
      vertex 37.2426 -83.5574 -114
    endloop
  endfacet
  facet normal -0.729783 -0.683678 0
    outer loop
      vertex 37.2426 -83.5574 -111
      vertex 37.511 -83.8439 -114
      vertex 37.511 -83.8439 -111
    endloop
  endfacet
  facet normal -0.77298 -0.63443 0
    outer loop
      vertex 37.7601 -84.1474 -114
      vertex 37.511 -83.8439 -111
      vertex 37.511 -83.8439 -114
    endloop
  endfacet
  facet normal -0.77298 -0.63443 0
    outer loop
      vertex 37.511 -83.8439 -111
      vertex 37.7601 -84.1474 -114
      vertex 37.7601 -84.1474 -111
    endloop
  endfacet
  facet normal -0.812889 -0.582418 0
    outer loop
      vertex 37.9888 -84.4666 -114
      vertex 37.7601 -84.1474 -111
      vertex 37.7601 -84.1474 -114
    endloop
  endfacet
  facet normal -0.812889 -0.582418 0
    outer loop
      vertex 37.7601 -84.1474 -111
      vertex 37.9888 -84.4666 -114
      vertex 37.9888 -84.4666 -111
    endloop
  endfacet
  facet normal -0.882028 -0.471196 0
    outer loop
      vertex 38.3812 -85.1463 -114
      vertex 38.1962 -84.8 -111
      vertex 38.1962 -84.8 -114
    endloop
  endfacet
  facet normal -0.882028 -0.471196 0
    outer loop
      vertex 38.1962 -84.8 -111
      vertex 38.3812 -85.1463 -114
      vertex 38.3812 -85.1463 -111
    endloop
  endfacet
  facet normal -0.956962 -0.290214 0
    outer loop
      vertex 38.6816 -85.8714 -114
      vertex 38.7206 -86 -111
      vertex 38.6816 -85.8714 -111
    endloop
  endfacet
  facet normal -0.956917 -0.290361 -6.87697e-06
    outer loop
      vertex 38.7956 -86.2471 -114
      vertex 38.7206 -86 -111
      vertex 38.6816 -85.8714 -114
    endloop
  endfacet
  facet normal -0.956894 -0.290437 -0
    outer loop
      vertex 38.7956 -86.2471 -98.9434
      vertex 38.7206 -86 -111
      vertex 38.7956 -86.2471 -114
    endloop
  endfacet
  facet normal -0.956894 -0.290437 0
    outer loop
      vertex 38.7206 -86 -111
      vertex 38.7956 -86.2471 -98.9434
      vertex 38.7206 -86 -98.9434
    endloop
  endfacet
  facet normal 0.910793 -0.412862 0
    outer loop
      vertex -38.5433 -85.5039 -111
      vertex -38.3812 -85.1463 -114
      vertex -38.3812 -85.1463 -111
    endloop
  endfacet
  facet normal 0.910793 -0.412862 0
    outer loop
      vertex -38.3812 -85.1463 -114
      vertex -38.5433 -85.5039 -111
      vertex -38.5433 -85.5039 -114
    endloop
  endfacet
  facet normal 0.812889 -0.582418 0
    outer loop
      vertex -37.9888 -84.4666 -111
      vertex -37.7601 -84.1474 -114
      vertex -37.7601 -84.1474 -111
    endloop
  endfacet
  facet normal 0.812889 -0.582418 0
    outer loop
      vertex -37.7601 -84.1474 -114
      vertex -37.9888 -84.4666 -111
      vertex -37.9888 -84.4666 -114
    endloop
  endfacet
  facet normal 0.77298 -0.63443 0
    outer loop
      vertex -37.7601 -84.1474 -111
      vertex -37.511 -83.8439 -114
      vertex -37.511 -83.8439 -111
    endloop
  endfacet
  facet normal 0.77298 -0.63443 0
    outer loop
      vertex -37.511 -83.8439 -114
      vertex -37.7601 -84.1474 -111
      vertex -37.7601 -84.1474 -114
    endloop
  endfacet
  facet normal 0.582418 -0.812889 0
    outer loop
      vertex -36.6526 -83.0399 -114
      vertex -36.3334 -82.8112 -111
      vertex -36.6526 -83.0399 -111
    endloop
  endfacet
  facet normal 0.582418 -0.812889 0
    outer loop
      vertex -36.3334 -82.8112 -111
      vertex -36.6526 -83.0399 -114
      vertex -36.3334 -82.8112 -114
    endloop
  endfacet
  facet normal 0.471394 -0.881923 0
    outer loop
      vertex -36 -82.6039 -114
      vertex -35.6537 -82.4188 -111
      vertex -36 -82.6039 -111
    endloop
  endfacet
  facet normal 0.471394 -0.881923 0
    outer loop
      vertex -35.6537 -82.4188 -111
      vertex -36 -82.6039 -114
      vertex -35.6537 -82.4188 -114
    endloop
  endfacet
  facet normal 0.412862 -0.910793 0
    outer loop
      vertex -35.6537 -82.4188 -114
      vertex -35.2961 -82.2567 -111
      vertex -35.6537 -82.4188 -111
    endloop
  endfacet
  facet normal 0.412862 -0.910793 0
    outer loop
      vertex -35.2961 -82.2567 -111
      vertex -35.6537 -82.4188 -114
      vertex -35.2961 -82.2567 -114
    endloop
  endfacet
  facet normal -0.412862 -0.910793 0
    outer loop
      vertex 35.2961 -82.2567 -114
      vertex 35.6537 -82.4188 -111
      vertex 35.2961 -82.2567 -111
    endloop
  endfacet
  facet normal -0.412862 -0.910793 -0
    outer loop
      vertex 35.6537 -82.4188 -111
      vertex 35.2961 -82.2567 -114
      vertex 35.6537 -82.4188 -114
    endloop
  endfacet
  facet normal -0.582418 -0.812889 0
    outer loop
      vertex 36.3334 -82.8112 -114
      vertex 36.6526 -83.0399 -111
      vertex 36.3334 -82.8112 -111
    endloop
  endfacet
  facet normal -0.582418 -0.812889 -0
    outer loop
      vertex 36.6526 -83.0399 -111
      vertex 36.3334 -82.8112 -114
      vertex 36.6526 -83.0399 -114
    endloop
  endfacet
  facet normal -0.63443 -0.77298 0
    outer loop
      vertex 36.6526 -83.0399 -114
      vertex 36.9561 -83.289 -111
      vertex 36.6526 -83.0399 -111
    endloop
  endfacet
  facet normal -0.63443 -0.77298 -0
    outer loop
      vertex 36.9561 -83.289 -111
      vertex 36.6526 -83.0399 -114
      vertex 36.9561 -83.289 -114
    endloop
  endfacet
  facet normal -0.98662 -0.163036 0
    outer loop
      vertex 38.9487 -87.0168 -114
      vertex 38.8847 -86.6295 -98.9434
      vertex 38.8847 -86.6295 -114
    endloop
  endfacet
  facet normal -0.98662 -0.163036 0
    outer loop
      vertex 38.8847 -86.6295 -98.9434
      vertex 38.9487 -87.0168 -114
      vertex 38.9487 -87.0168 -98.9434
    endloop
  endfacet
  facet normal -0.995182 -0.0980413 0
    outer loop
      vertex 38.9872 -87.4076 -114
      vertex 38.9487 -87.0168 -98.9434
      vertex 38.9487 -87.0168 -114
    endloop
  endfacet
  facet normal -0.995182 -0.0980413 0
    outer loop
      vertex 38.9487 -87.0168 -98.9434
      vertex 38.9872 -87.4076 -114
      vertex 38.9872 -87.4076 -98.9434
    endloop
  endfacet
  facet normal -0.683678 -0.729783 0
    outer loop
      vertex 36.9561 -83.289 -114
      vertex 37.2426 -83.5574 -111
      vertex 36.9561 -83.289 -111
    endloop
  endfacet
  facet normal -0.683678 -0.729783 -0
    outer loop
      vertex 37.2426 -83.5574 -111
      vertex 36.9561 -83.289 -114
      vertex 37.2426 -83.5574 -114
    endloop
  endfacet
  facet normal 0.999465 -0 0.0327042
    outer loop
      vertex -93.0107 -40 -89.1522
      vertex -93 -16 -89.4792
      vertex -93.0107 -16 -89.1522
    endloop
  endfacet
  facet normal 0.999465 0 0.0327042
    outer loop
      vertex -93 -16 -89.4792
      vertex -93.0107 -40 -89.1522
      vertex -93 -40 -89.4792
    endloop
  endfacet
  facet normal -0.999435 0 0.0336201
    outer loop
      vertex -103 -40 -89.4792
      vertex -102.989 -16 -89.1522
      vertex -103 -16 -89.4792
    endloop
  endfacet
  facet normal -0.999435 0 0.0336201
    outer loop
      vertex -102.989 -16 -89.1522
      vertex -103 -40 -89.4792
      vertex -102.989 -40 -89.1522
    endloop
  endfacet
  facet normal 0.0330095 0 0.999455
    outer loop
      vertex -98 -16 -84.4792
      vertex -97.673 -40 -84.49
      vertex -97.673 -16 -84.49
    endloop
  endfacet
  facet normal 0.0330095 0 0.999455
    outer loop
      vertex -97.673 -40 -84.49
      vertex -98 -16 -84.4792
      vertex -98 -40 -84.4792
    endloop
  endfacet
  facet normal 0.729804 -0 0.683656
    outer loop
      vertex -94.4645 -40 -85.9437
      vertex -94.2408 -16 -86.1825
      vertex -94.4645 -16 -85.9437
    endloop
  endfacet
  facet normal 0.729804 0 0.683656
    outer loop
      vertex -94.2408 -16 -86.1825
      vertex -94.4645 -40 -85.9437
      vertex -94.2408 -40 -86.1825
    endloop
  endfacet
  facet normal -0.683352 0 0.730089
    outer loop
      vertex -101.536 -16 -85.9437
      vertex -101.297 -40 -85.72
      vertex -101.297 -16 -85.72
    endloop
  endfacet
  facet normal -0.683352 0 0.730089
    outer loop
      vertex -101.297 -40 -85.72
      vertex -101.536 -16 -85.9437
      vertex -101.536 -40 -85.9437
    endloop
  endfacet
  facet normal -0.352128 0 0.935952
    outer loop
      vertex -99.9134 -16 -84.8598
      vertex -99.6072 -40 -84.7446
      vertex -99.6072 -16 -84.7446
    endloop
  endfacet
  facet normal -0.352128 0 0.935952
    outer loop
      vertex -99.6072 -40 -84.7446
      vertex -99.9134 -16 -84.8598
      vertex -99.9134 -40 -84.8598
    endloop
  endfacet
  facet normal 0.910889 -0 0.412651
    outer loop
      vertex -93.5156 -40 -87.2678
      vertex -93.3806 -16 -87.5658
      vertex -93.5156 -16 -87.2678
    endloop
  endfacet
  facet normal 0.910889 0 0.412651
    outer loop
      vertex -93.3806 -16 -87.5658
      vertex -93.5156 -40 -87.2678
      vertex -93.3806 -40 -87.5658
    endloop
  endfacet
  facet normal 0.412905 0 0.910774
    outer loop
      vertex -96.0866 -16 -84.8598
      vertex -95.7886 -40 -84.9949
      vertex -95.7886 -16 -84.9949
    endloop
  endfacet
  facet normal 0.412905 0 0.910774
    outer loop
      vertex -95.7886 -40 -84.9949
      vertex -96.0866 -16 -84.8598
      vertex -96.0866 -40 -84.8598
    endloop
  endfacet
  facet normal 0.582452 0 0.812865
    outer loop
      vertex -95.2222 -16 -85.3219
      vertex -94.9562 -40 -85.5125
      vertex -94.9562 -16 -85.5125
    endloop
  endfacet
  facet normal 0.582452 0 0.812865
    outer loop
      vertex -94.9562 -40 -85.5125
      vertex -95.2222 -16 -85.3219
      vertex -95.2222 -40 -85.3219
    endloop
  endfacet
  facet normal -0.910889 0 0.412651
    outer loop
      vertex -102.619 -40 -87.5658
      vertex -102.484 -16 -87.2678
      vertex -102.619 -16 -87.5658
    endloop
  endfacet
  facet normal -0.910889 0 0.412651
    outer loop
      vertex -102.484 -16 -87.2678
      vertex -102.619 -40 -87.5658
      vertex -102.484 -40 -87.2678
    endloop
  endfacet
  facet normal -0.772336 0 0.635215
    outer loop
      vertex -101.967 -40 -86.4354
      vertex -101.759 -16 -86.1825
      vertex -101.967 -16 -86.4354
    endloop
  endfacet
  facet normal -0.772336 0 0.635215
    outer loop
      vertex -101.759 -16 -86.1825
      vertex -101.967 -40 -86.4354
      vertex -101.759 -40 -86.1825
    endloop
  endfacet
  facet normal -0.162912 0 0.986641
    outer loop
      vertex -98.9754 -16 -84.5753
      vertex -98.6526 -40 -84.522
      vertex -98.6526 -16 -84.522
    endloop
  endfacet
  facet normal -0.162912 0 0.986641
    outer loop
      vertex -98.6526 -40 -84.522
      vertex -98.9754 -16 -84.5753
      vertex -98.9754 -40 -84.5753
    endloop
  endfacet
  facet normal 0.956922 0 -0.290347
    outer loop
      vertex -93.1704 -40 -90.7733
      vertex -93.2654 -16 -91.0864
      vertex -93.1704 -16 -90.7733
    endloop
  endfacet
  facet normal 0.956922 0 -0.290347
    outer loop
      vertex -93.2654 -16 -91.0864
      vertex -93.1704 -40 -90.7733
      vertex -93.2654 -40 -91.0864
    endloop
  endfacet
  facet normal -0.772336 0 -0.635215
    outer loop
      vertex -101.759 -40 -92.776
      vertex -101.967 -16 -92.5231
      vertex -101.759 -16 -92.776
    endloop
  endfacet
  facet normal -0.772336 -0 -0.635215
    outer loop
      vertex -101.967 -16 -92.5231
      vertex -101.759 -40 -92.776
      vertex -101.967 -40 -92.5231
    endloop
  endfacet
  facet normal -0.935182 0 -0.354166
    outer loop
      vertex -102.619 -40 -91.3927
      vertex -102.735 -16 -91.0864
      vertex -102.619 -16 -91.3927
    endloop
  endfacet
  facet normal -0.935182 -0 -0.354166
    outer loop
      vertex -102.735 -16 -91.0864
      vertex -102.619 -40 -91.3927
      vertex -102.735 -40 -91.0864
    endloop
  endfacet
  facet normal 0.986641 -0 0.162912
    outer loop
      vertex -93.0961 -40 -88.5038
      vertex -93.0428 -16 -88.8266
      vertex -93.0961 -16 -88.5038
    endloop
  endfacet
  facet normal 0.986641 0 0.162912
    outer loop
      vertex -93.0428 -16 -88.8266
      vertex -93.0961 -40 -88.5038
      vertex -93.0428 -40 -88.8266
    endloop
  endfacet
  facet normal 0.995175 -0 0.0981116
    outer loop
      vertex -93.0428 -40 -88.8266
      vertex -93.0107 -16 -89.1522
      vertex -93.0428 -16 -88.8266
    endloop
  endfacet
  facet normal 0.995175 0 0.0981116
    outer loop
      vertex -93.0107 -16 -89.1522
      vertex -93.0428 -40 -88.8266
      vertex -93.0107 -40 -89.1522
    endloop
  endfacet
  facet normal 0.956947 -0 0.290262
    outer loop
      vertex -93.2654 -40 -87.872
      vertex -93.1704 -16 -88.1852
      vertex -93.2654 -16 -87.872
    endloop
  endfacet
  facet normal 0.956947 0 0.290262
    outer loop
      vertex -93.1704 -16 -88.1852
      vertex -93.2654 -40 -87.872
      vertex -93.1704 -40 -88.1852
    endloop
  endfacet
  facet normal 0.84913 -0 0.528184
    outer loop
      vertex -93.8427 -40 -86.7014
      vertex -93.6699 -16 -86.9792
      vertex -93.8427 -16 -86.7014
    endloop
  endfacet
  facet normal 0.84913 0 0.528184
    outer loop
      vertex -93.6699 -16 -86.9792
      vertex -93.8427 -40 -86.7014
      vertex -93.6699 -40 -86.9792
    endloop
  endfacet
  facet normal 0.81301 -0 0.58225
    outer loop
      vertex -94.0332 -40 -86.4354
      vertex -93.8427 -16 -86.7014
      vertex -94.0332 -16 -86.4354
    endloop
  endfacet
  facet normal 0.81301 0 0.58225
    outer loop
      vertex -93.8427 -16 -86.7014
      vertex -94.0332 -40 -86.4354
      vertex -93.8427 -40 -86.7014
    endloop
  endfacet
  facet normal 0.88187 -0 0.471492
    outer loop
      vertex -93.6699 -40 -86.9792
      vertex -93.5156 -16 -87.2678
      vertex -93.6699 -16 -86.9792
    endloop
  endfacet
  facet normal 0.88187 0 0.471492
    outer loop
      vertex -93.5156 -16 -87.2678
      vertex -93.6699 -40 -86.9792
      vertex -93.5156 -40 -87.2678
    endloop
  endfacet
  facet normal 0.290347 0 0.956922
    outer loop
      vertex -96.7059 -16 -84.6496
      vertex -96.3928 -40 -84.7446
      vertex -96.3928 -16 -84.7446
    endloop
  endfacet
  facet normal 0.290347 0 0.956922
    outer loop
      vertex -96.3928 -40 -84.7446
      vertex -96.7059 -16 -84.6496
      vertex -96.7059 -40 -84.6496
    endloop
  endfacet
  facet normal 0.352128 0 0.935952
    outer loop
      vertex -96.3928 -16 -84.7446
      vertex -96.0866 -40 -84.8598
      vertex -96.0866 -16 -84.8598
    endloop
  endfacet
  facet normal 0.352128 0 0.935952
    outer loop
      vertex -96.0866 -40 -84.8598
      vertex -96.3928 -16 -84.7446
      vertex -96.3928 -40 -84.7446
    endloop
  endfacet
  facet normal 0.162912 0 0.986641
    outer loop
      vertex -97.3474 -16 -84.522
      vertex -97.0246 -40 -84.5753
      vertex -97.0246 -16 -84.5753
    endloop
  endfacet
  facet normal 0.162912 0 0.986641
    outer loop
      vertex -97.0246 -40 -84.5753
      vertex -97.3474 -16 -84.522
      vertex -97.3474 -40 -84.522
    endloop
  endfacet
  facet normal 0.528184 0 0.84913
    outer loop
      vertex -95.5 -16 -85.1491
      vertex -95.2222 -40 -85.3219
      vertex -95.2222 -16 -85.3219
    endloop
  endfacet
  facet normal 0.528184 0 0.84913
    outer loop
      vertex -95.2222 -40 -85.3219
      vertex -95.5 -16 -85.1491
      vertex -95.5 -40 -85.1491
    endloop
  endfacet
  facet normal 0.683656 0 0.729804
    outer loop
      vertex -94.7033 -16 -85.72
      vertex -94.4645 -40 -85.9437
      vertex -94.4645 -16 -85.9437
    endloop
  endfacet
  facet normal 0.683656 0 0.729804
    outer loop
      vertex -94.4645 -40 -85.9437
      vertex -94.7033 -16 -85.72
      vertex -94.7033 -40 -85.72
    endloop
  endfacet
  facet normal -0.956947 0 0.290262
    outer loop
      vertex -102.83 -40 -88.1852
      vertex -102.735 -16 -87.872
      vertex -102.83 -16 -88.1852
    endloop
  endfacet
  facet normal -0.956947 0 0.290262
    outer loop
      vertex -102.735 -16 -87.872
      vertex -102.83 -40 -88.1852
      vertex -102.735 -40 -87.872
    endloop
  endfacet
  facet normal -0.813733 0 0.581238
    outer loop
      vertex -102.157 -40 -86.7014
      vertex -101.967 -16 -86.4354
      vertex -102.157 -16 -86.7014
    endloop
  endfacet
  facet normal -0.813733 0 0.581238
    outer loop
      vertex -101.967 -16 -86.4354
      vertex -102.157 -40 -86.7014
      vertex -101.967 -40 -86.4354
    endloop
  endfacet
  facet normal -0.848856 0 0.528625
    outer loop
      vertex -102.33 -40 -86.9792
      vertex -102.157 -16 -86.7014
      vertex -102.33 -16 -86.9792
    endloop
  endfacet
  facet normal -0.848856 0 0.528625
    outer loop
      vertex -102.157 -16 -86.7014
      vertex -102.33 -40 -86.9792
      vertex -102.157 -40 -86.7014
    endloop
  endfacet
  facet normal -0.935144 0 0.354268
    outer loop
      vertex -102.735 -40 -87.872
      vertex -102.619 -16 -87.5658
      vertex -102.735 -16 -87.872
    endloop
  endfacet
  facet normal -0.935144 0 0.354268
    outer loop
      vertex -102.619 -16 -87.5658
      vertex -102.735 -40 -87.872
      vertex -102.619 -40 -87.5658
    endloop
  endfacet
  facet normal -0.986788 0 0.162019
    outer loop
      vertex -102.957 -40 -88.8266
      vertex -102.904 -16 -88.5038
      vertex -102.957 -16 -88.8266
    endloop
  endfacet
  facet normal -0.986788 0 0.162019
    outer loop
      vertex -102.904 -16 -88.5038
      vertex -102.957 -40 -88.8266
      vertex -102.904 -40 -88.5038
    endloop
  endfacet
  facet normal -0.52791 0 0.8493
    outer loop
      vertex -100.778 -16 -85.3219
      vertex -100.5 -40 -85.1491
      vertex -100.5 -16 -85.1491
    endloop
  endfacet
  facet normal -0.52791 0 0.8493
    outer loop
      vertex -100.5 -40 -85.1491
      vertex -100.778 -16 -85.3219
      vertex -100.778 -40 -85.3219
    endloop
  endfacet
  facet normal -0.470747 0 0.882268
    outer loop
      vertex -100.5 -16 -85.1491
      vertex -100.211 -40 -84.9949
      vertex -100.211 -16 -84.9949
    endloop
  endfacet
  facet normal -0.470747 0 0.882268
    outer loop
      vertex -100.211 -40 -84.9949
      vertex -100.5 -16 -85.1491
      vertex -100.5 -40 -85.1491
    endloop
  endfacet
  facet normal -0.582452 0 0.812865
    outer loop
      vertex -101.044 -16 -85.5125
      vertex -100.778 -40 -85.3219
      vertex -100.778 -16 -85.3219
    endloop
  endfacet
  facet normal -0.582452 0 0.812865
    outer loop
      vertex -100.778 -40 -85.3219
      vertex -101.044 -16 -85.5125
      vertex -101.044 -40 -85.5125
    endloop
  endfacet
  facet normal -0.290347 0 0.956922
    outer loop
      vertex -99.6072 -16 -84.7446
      vertex -99.2941 -40 -84.6496
      vertex -99.2941 -16 -84.6496
    endloop
  endfacet
  facet normal -0.290347 0 0.956922
    outer loop
      vertex -99.2941 -40 -84.6496
      vertex -99.6072 -16 -84.7446
      vertex -99.6072 -40 -84.7446
    endloop
  endfacet
  facet normal -0.0330095 0 0.999455
    outer loop
      vertex -98.327 -16 -84.49
      vertex -98 -40 -84.4792
      vertex -98 -16 -84.4792
    endloop
  endfacet
  facet normal -0.0330095 0 0.999455
    outer loop
      vertex -98 -40 -84.4792
      vertex -98.327 -16 -84.49
      vertex -98.327 -40 -84.49
    endloop
  endfacet
  facet normal 0.582452 0 -0.812865
    outer loop
      vertex -95.2222 -40 -93.6366
      vertex -94.9562 -16 -93.446
      vertex -94.9562 -40 -93.446
    endloop
  endfacet
  facet normal 0.582452 0 -0.812865
    outer loop
      vertex -94.9562 -16 -93.446
      vertex -95.2222 -40 -93.6366
      vertex -95.2222 -16 -93.6366
    endloop
  endfacet
  facet normal 0.683494 0 -0.729956
    outer loop
      vertex -94.7033 -40 -93.2384
      vertex -94.4645 -16 -93.0148
      vertex -94.4645 -40 -93.0148
    endloop
  endfacet
  facet normal 0.683494 0 -0.729956
    outer loop
      vertex -94.4645 -16 -93.0148
      vertex -94.7033 -40 -93.2384
      vertex -94.7033 -16 -93.2384
    endloop
  endfacet
  facet normal 0.412651 0 -0.910889
    outer loop
      vertex -96.0866 -40 -94.0986
      vertex -95.7886 -16 -93.9636
      vertex -95.7886 -40 -93.9636
    endloop
  endfacet
  facet normal 0.412651 0 -0.910889
    outer loop
      vertex -95.7886 -16 -93.9636
      vertex -96.0866 -40 -94.0986
      vertex -96.0866 -16 -94.0986
    endloop
  endfacet
  facet normal 0.81301 0 -0.58225
    outer loop
      vertex -93.8427 -40 -92.2571
      vertex -94.0332 -16 -92.5231
      vertex -93.8427 -16 -92.2571
    endloop
  endfacet
  facet normal 0.81301 0 -0.58225
    outer loop
      vertex -94.0332 -16 -92.5231
      vertex -93.8427 -40 -92.2571
      vertex -94.0332 -40 -92.5231
    endloop
  endfacet
  facet normal 0.93599 0 -0.352027
    outer loop
      vertex -93.2654 -40 -91.0864
      vertex -93.3806 -16 -91.3927
      vertex -93.2654 -16 -91.0864
    endloop
  endfacet
  facet normal 0.93599 0 -0.352027
    outer loop
      vertex -93.3806 -16 -91.3927
      vertex -93.2654 -40 -91.0864
      vertex -93.3806 -40 -91.3927
    endloop
  endfacet
  facet normal 0.881802 0 -0.471619
    outer loop
      vertex -93.5156 -40 -91.6907
      vertex -93.6699 -16 -91.9792
      vertex -93.5156 -16 -91.6907
    endloop
  endfacet
  facet normal 0.881802 0 -0.471619
    outer loop
      vertex -93.6699 -16 -91.9792
      vertex -93.5156 -40 -91.6907
      vertex -93.6699 -40 -91.9792
    endloop
  endfacet
  facet normal 0.999465 0 -0.0326942
    outer loop
      vertex -93 -40 -89.4792
      vertex -93.0107 -16 -89.8063
      vertex -93 -16 -89.4792
    endloop
  endfacet
  facet normal 0.999465 0 -0.0326942
    outer loop
      vertex -93.0107 -16 -89.8063
      vertex -93 -40 -89.4792
      vertex -93.0107 -40 -89.8063
    endloop
  endfacet
  facet normal -0.290347 0 -0.956922
    outer loop
      vertex -99.6072 -40 -94.2139
      vertex -99.2941 -16 -94.3089
      vertex -99.2941 -40 -94.3089
    endloop
  endfacet
  facet normal -0.290347 0 -0.956922
    outer loop
      vertex -99.2941 -16 -94.3089
      vertex -99.6072 -40 -94.2139
      vertex -99.6072 -16 -94.2139
    endloop
  endfacet
  facet normal -0.413111 0 -0.910681
    outer loop
      vertex -100.211 -40 -93.9636
      vertex -99.9134 -16 -94.0986
      vertex -99.9134 -40 -94.0986
    endloop
  endfacet
  facet normal -0.413111 0 -0.910681
    outer loop
      vertex -99.9134 -16 -94.0986
      vertex -100.211 -40 -93.9636
      vertex -100.211 -16 -93.9636
    endloop
  endfacet
  facet normal -0.52791 0 -0.8493
    outer loop
      vertex -100.778 -40 -93.6366
      vertex -100.5 -16 -93.8094
      vertex -100.5 -40 -93.8094
    endloop
  endfacet
  facet normal -0.52791 0 -0.8493
    outer loop
      vertex -100.5 -16 -93.8094
      vertex -100.778 -40 -93.6366
      vertex -100.778 -16 -93.6366
    endloop
  endfacet
  facet normal -0.352396 0 -0.935851
    outer loop
      vertex -99.9134 -40 -94.0986
      vertex -99.6072 -16 -94.2139
      vertex -99.6072 -40 -94.2139
    endloop
  endfacet
  facet normal -0.352396 0 -0.935851
    outer loop
      vertex -99.6072 -16 -94.2139
      vertex -99.9134 -40 -94.0986
      vertex -99.9134 -16 -94.0986
    endloop
  endfacet
  facet normal -0.162912 0 -0.986641
    outer loop
      vertex -98.9754 -40 -94.3832
      vertex -98.6526 -16 -94.4365
      vertex -98.6526 -40 -94.4365
    endloop
  endfacet
  facet normal -0.162912 0 -0.986641
    outer loop
      vertex -98.6526 -16 -94.4365
      vertex -98.9754 -40 -94.3832
      vertex -98.9754 -16 -94.3832
    endloop
  endfacet
  facet normal -0.0327042 0 -0.999465
    outer loop
      vertex -98.327 -40 -94.4685
      vertex -98 -16 -94.4792
      vertex -98 -40 -94.4792
    endloop
  endfacet
  facet normal -0.0327042 0 -0.999465
    outer loop
      vertex -98 -16 -94.4792
      vertex -98.327 -40 -94.4685
      vertex -98.327 -16 -94.4685
    endloop
  endfacet
  facet normal -0.848941 0 -0.528488
    outer loop
      vertex -102.157 -40 -92.2571
      vertex -102.33 -16 -91.9792
      vertex -102.157 -16 -92.2571
    endloop
  endfacet
  facet normal -0.848941 -0 -0.528488
    outer loop
      vertex -102.33 -16 -91.9792
      vertex -102.157 -40 -92.2571
      vertex -102.33 -40 -91.9792
    endloop
  endfacet
  facet normal -0.813733 0 -0.581238
    outer loop
      vertex -101.967 -40 -92.5231
      vertex -102.157 -16 -92.2571
      vertex -101.967 -16 -92.5231
    endloop
  endfacet
  facet normal -0.813733 -0 -0.581238
    outer loop
      vertex -102.157 -16 -92.2571
      vertex -101.967 -40 -92.5231
      vertex -102.157 -40 -92.2571
    endloop
  endfacet
  facet normal 0 1 0
    outer loop
      vertex -98 -16 -87.8542
      vertex -98 -16 -84.4792
      vertex -97.673 -16 -84.49
    endloop
  endfacet
  facet normal 0 1 0
    outer loop
      vertex -97.8937 -16 -87.8577
      vertex -97.673 -16 -84.49
      vertex -97.3474 -16 -84.522
    endloop
  endfacet
  facet normal 0 1 0
    outer loop
      vertex -98 -16 -84.4792
      vertex -98 -16 -87.8542
      vertex -98.327 -16 -84.49
    endloop
  endfacet
  facet normal 0 1 0
    outer loop
      vertex -97.7879 -16 -87.8681
      vertex -97.3474 -16 -84.522
      vertex -97.0246 -16 -84.5753
    endloop
  endfacet
  facet normal 0 1 -0
    outer loop
      vertex -98.1063 -16 -87.8577
      vertex -98.327 -16 -84.49
      vertex -98 -16 -87.8542
    endloop
  endfacet
  facet normal 0 1 0
    outer loop
      vertex -97.683 -16 -87.8855
      vertex -97.0246 -16 -84.5753
      vertex -96.7059 -16 -84.6496
    endloop
  endfacet
  facet normal 0 1 0
    outer loop
      vertex -98.327 -16 -84.49
      vertex -98.1063 -16 -87.8577
      vertex -98.6526 -16 -84.522
    endloop
  endfacet
  facet normal 0 1 0
    outer loop
      vertex -97.5794 -16 -87.9096
      vertex -96.7059 -16 -84.6496
      vertex -96.3928 -16 -84.7446
    endloop
  endfacet
  facet normal 0 1 -0
    outer loop
      vertex -98.2121 -16 -87.8681
      vertex -98.6526 -16 -84.522
      vertex -98.1063 -16 -87.8577
    endloop
  endfacet
  facet normal 0 1 0
    outer loop
      vertex -97.4777 -16 -87.9405
      vertex -96.3928 -16 -84.7446
      vertex -96.0866 -16 -84.8598
    endloop
  endfacet
  facet normal 0 1 0
    outer loop
      vertex -98.6526 -16 -84.522
      vertex -98.2121 -16 -87.8681
      vertex -98.9754 -16 -84.5753
    endloop
  endfacet
  facet normal 0 1 0
    outer loop
      vertex -97.3781 -16 -87.9779
      vertex -96.0866 -16 -84.8598
      vertex -95.7886 -16 -84.9949
    endloop
  endfacet
  facet normal 0 1 -0
    outer loop
      vertex -98.317 -16 -87.8855
      vertex -98.9754 -16 -84.5753
      vertex -98.2121 -16 -87.8681
    endloop
  endfacet
  facet normal 0 1 0
    outer loop
      vertex -97.2813 -16 -88.0218
      vertex -95.7886 -16 -84.9949
      vertex -95.5 -16 -85.1491
    endloop
  endfacet
  facet normal 0 1 0
    outer loop
      vertex -98.9754 -16 -84.5753
      vertex -98.317 -16 -87.8855
      vertex -99.2941 -16 -84.6496
    endloop
  endfacet
  facet normal 0 1 0
    outer loop
      vertex -97.1875 -16 -88.072
      vertex -95.5 -16 -85.1491
      vertex -95.2222 -16 -85.3219
    endloop
  endfacet
  facet normal 0 1 -0
    outer loop
      vertex -98.4206 -16 -87.9096
      vertex -99.2941 -16 -84.6496
      vertex -98.317 -16 -87.8855
    endloop
  endfacet
  facet normal 0 1 0
    outer loop
      vertex -97.0972 -16 -88.1281
      vertex -95.2222 -16 -85.3219
      vertex -94.9562 -16 -85.5125
    endloop
  endfacet
  facet normal 0 1 0
    outer loop
      vertex -99.2941 -16 -84.6496
      vertex -98.4206 -16 -87.9096
      vertex -99.6072 -16 -84.7446
    endloop
  endfacet
  facet normal 0 1 0
    outer loop
      vertex -97.0108 -16 -88.19
      vertex -94.9562 -16 -85.5125
      vertex -94.7033 -16 -85.72
    endloop
  endfacet
  facet normal 0 1 -0
    outer loop
      vertex -98.5223 -16 -87.9405
      vertex -99.6072 -16 -84.7446
      vertex -98.4206 -16 -87.9096
    endloop
  endfacet
  facet normal 0 1 0
    outer loop
      vertex -96.9286 -16 -88.2575
      vertex -94.7033 -16 -85.72
      vertex -94.4645 -16 -85.9437
    endloop
  endfacet
  facet normal 0 1 0
    outer loop
      vertex -99.6072 -16 -84.7446
      vertex -98.5223 -16 -87.9405
      vertex -99.9134 -16 -84.8598
    endloop
  endfacet
  facet normal 0 1 0
    outer loop
      vertex -96.851 -16 -88.3302
      vertex -94.4645 -16 -85.9437
      vertex -94.2408 -16 -86.1825
    endloop
  endfacet
  facet normal 0 1 -0
    outer loop
      vertex -98.6219 -16 -87.9779
      vertex -99.9134 -16 -84.8598
      vertex -98.5223 -16 -87.9405
    endloop
  endfacet
  facet normal 0 1 0
    outer loop
      vertex -96.7783 -16 -88.4078
      vertex -94.2408 -16 -86.1825
      vertex -94.0332 -16 -86.4354
    endloop
  endfacet
  facet normal 0 1 0
    outer loop
      vertex -99.9134 -16 -84.8598
      vertex -98.6219 -16 -87.9779
      vertex -100.211 -16 -84.9949
    endloop
  endfacet
  facet normal 0 1 0
    outer loop
      vertex -96.7108 -16 -88.49
      vertex -94.0332 -16 -86.4354
      vertex -93.8427 -16 -86.7014
    endloop
  endfacet
  facet normal 0 1 -0
    outer loop
      vertex -98.7187 -16 -88.0218
      vertex -100.211 -16 -84.9949
      vertex -98.6219 -16 -87.9779
    endloop
  endfacet
  facet normal 0 1 0
    outer loop
      vertex -96.6489 -16 -88.5764
      vertex -93.8427 -16 -86.7014
      vertex -93.6699 -16 -86.9792
    endloop
  endfacet
  facet normal 0 1 0
    outer loop
      vertex -100.211 -16 -84.9949
      vertex -98.7187 -16 -88.0218
      vertex -100.5 -16 -85.1491
    endloop
  endfacet
  facet normal 0 1 0
    outer loop
      vertex -96.5927 -16 -88.6667
      vertex -93.6699 -16 -86.9792
      vertex -93.5156 -16 -87.2678
    endloop
  endfacet
  facet normal 0 1 -0
    outer loop
      vertex -98.8125 -16 -88.072
      vertex -100.5 -16 -85.1491
      vertex -98.7187 -16 -88.0218
    endloop
  endfacet
  facet normal 0 1 0
    outer loop
      vertex -96.5426 -16 -88.7605
      vertex -93.5156 -16 -87.2678
      vertex -93.3806 -16 -87.5658
    endloop
  endfacet
  facet normal 0 1 0
    outer loop
      vertex -100.5 -16 -85.1491
      vertex -98.8125 -16 -88.072
      vertex -100.778 -16 -85.3219
    endloop
  endfacet
  facet normal 0 1 -0
    outer loop
      vertex -98.9028 -16 -88.1281
      vertex -100.778 -16 -85.3219
      vertex -98.8125 -16 -88.072
    endloop
  endfacet
  facet normal 0 1 0
    outer loop
      vertex -97.673 -16 -84.49
      vertex -97.8937 -16 -87.8577
      vertex -98 -16 -87.8542
    endloop
  endfacet
  facet normal 0 1 0
    outer loop
      vertex -97.3474 -16 -84.522
      vertex -97.7879 -16 -87.8681
      vertex -97.8937 -16 -87.8577
    endloop
  endfacet
  facet normal 0 1 0
    outer loop
      vertex -96.4987 -16 -88.8574
      vertex -93.3806 -16 -87.5658
      vertex -93.2654 -16 -87.872
    endloop
  endfacet
  facet normal 0 1 0
    outer loop
      vertex -97.0246 -16 -84.5753
      vertex -97.683 -16 -87.8855
      vertex -97.7879 -16 -87.8681
    endloop
  endfacet
  facet normal 0 1 0
    outer loop
      vertex -96.7059 -16 -84.6496
      vertex -97.5794 -16 -87.9096
      vertex -97.683 -16 -87.8855
    endloop
  endfacet
  facet normal 0 1 0
    outer loop
      vertex -96.3928 -16 -84.7446
      vertex -97.4777 -16 -87.9405
      vertex -97.5794 -16 -87.9096
    endloop
  endfacet
  facet normal 0 1 0
    outer loop
      vertex -96.0866 -16 -84.8598
      vertex -97.3781 -16 -87.9779
      vertex -97.4777 -16 -87.9405
    endloop
  endfacet
  facet normal 0 1 0
    outer loop
      vertex -95.7886 -16 -84.9949
      vertex -97.2813 -16 -88.0218
      vertex -97.3781 -16 -87.9779
    endloop
  endfacet
  facet normal 0 1 0
    outer loop
      vertex -95.5 -16 -85.1491
      vertex -97.1875 -16 -88.072
      vertex -97.2813 -16 -88.0218
    endloop
  endfacet
  facet normal 0 1 0
    outer loop
      vertex -95.2222 -16 -85.3219
      vertex -97.0972 -16 -88.1281
      vertex -97.1875 -16 -88.072
    endloop
  endfacet
  facet normal 0 1 0
    outer loop
      vertex -96.4612 -16 -88.9569
      vertex -93.2654 -16 -87.872
      vertex -93.1704 -16 -88.1852
    endloop
  endfacet
  facet normal 0 1 0
    outer loop
      vertex -94.9562 -16 -85.5125
      vertex -97.0108 -16 -88.19
      vertex -97.0972 -16 -88.1281
    endloop
  endfacet
  facet normal 0 1 0
    outer loop
      vertex -94.7033 -16 -85.72
      vertex -96.9286 -16 -88.2575
      vertex -97.0108 -16 -88.19
    endloop
  endfacet
  facet normal 0 1 0
    outer loop
      vertex -94.4645 -16 -85.9437
      vertex -96.851 -16 -88.3302
      vertex -96.9286 -16 -88.2575
    endloop
  endfacet
  facet normal 0 1 0
    outer loop
      vertex -94.2408 -16 -86.1825
      vertex -96.7783 -16 -88.4078
      vertex -96.851 -16 -88.3302
    endloop
  endfacet
  facet normal 0 1 0
    outer loop
      vertex -94.0332 -16 -86.4354
      vertex -96.7108 -16 -88.49
      vertex -96.7783 -16 -88.4078
    endloop
  endfacet
  facet normal 0 1 0
    outer loop
      vertex -96.4304 -16 -89.0587
      vertex -93.1704 -16 -88.1852
      vertex -93.0961 -16 -88.5038
    endloop
  endfacet
  facet normal 0 1 0
    outer loop
      vertex -93.8427 -16 -86.7014
      vertex -96.6489 -16 -88.5764
      vertex -96.7108 -16 -88.49
    endloop
  endfacet
  facet normal 0 1 0
    outer loop
      vertex -93.6699 -16 -86.9792
      vertex -96.5927 -16 -88.6667
      vertex -96.6489 -16 -88.5764
    endloop
  endfacet
  facet normal 0 1 0
    outer loop
      vertex -93.5156 -16 -87.2678
      vertex -96.5426 -16 -88.7605
      vertex -96.5927 -16 -88.6667
    endloop
  endfacet
  facet normal 0 1 0
    outer loop
      vertex -96.4062 -16 -89.1622
      vertex -93.0961 -16 -88.5038
      vertex -93.0428 -16 -88.8266
    endloop
  endfacet
  facet normal 0 1 0
    outer loop
      vertex -93.3806 -16 -87.5658
      vertex -96.4987 -16 -88.8574
      vertex -96.5426 -16 -88.7605
    endloop
  endfacet
  facet normal 0 1 0
    outer loop
      vertex -93.2654 -16 -87.872
      vertex -96.4612 -16 -88.9569
      vertex -96.4987 -16 -88.8574
    endloop
  endfacet
  facet normal 0 1 0
    outer loop
      vertex -93.1704 -16 -88.1852
      vertex -96.4304 -16 -89.0587
      vertex -96.4612 -16 -88.9569
    endloop
  endfacet
  facet normal 0 1 0
    outer loop
      vertex -96.3889 -16 -89.2671
      vertex -93.0428 -16 -88.8266
      vertex -93.0107 -16 -89.1522
    endloop
  endfacet
  facet normal 0 1 0
    outer loop
      vertex -93.0961 -16 -88.5038
      vertex -96.4062 -16 -89.1622
      vertex -96.4304 -16 -89.0587
    endloop
  endfacet
  facet normal 0 1 0
    outer loop
      vertex -93.0428 -16 -88.8266
      vertex -96.3889 -16 -89.2671
      vertex -96.4062 -16 -89.1622
    endloop
  endfacet
  facet normal 0 1 0
    outer loop
      vertex -93.0107 -16 -89.1522
      vertex -96.3785 -16 -89.373
      vertex -96.3889 -16 -89.2671
    endloop
  endfacet
  facet normal 0 1 0
    outer loop
      vertex -93 -16 -89.4792
      vertex -96.3785 -16 -89.373
      vertex -93.0107 -16 -89.1522
    endloop
  endfacet
  facet normal 0 1 0
    outer loop
      vertex -93 -16 -89.4792
      vertex -96.375 -16 -89.4792
      vertex -96.3785 -16 -89.373
    endloop
  endfacet
  facet normal 0 1 0
    outer loop
      vertex -93 -16 -89.4792
      vertex -96.3785 -16 -89.5855
      vertex -96.375 -16 -89.4792
    endloop
  endfacet
  facet normal 0 1 -0
    outer loop
      vertex -93.0107 -16 -89.8063
      vertex -96.3785 -16 -89.5855
      vertex -93 -16 -89.4792
    endloop
  endfacet
  facet normal 0 1 0
    outer loop
      vertex -96.3785 -16 -89.5855
      vertex -93.0107 -16 -89.8063
      vertex -96.3889 -16 -89.6914
    endloop
  endfacet
  facet normal 0 1 -0
    outer loop
      vertex -93.0428 -16 -90.1319
      vertex -96.3889 -16 -89.6914
      vertex -93.0107 -16 -89.8063
    endloop
  endfacet
  facet normal 0 1 0
    outer loop
      vertex -96.3889 -16 -89.6914
      vertex -93.0428 -16 -90.1319
      vertex -96.4062 -16 -89.7963
    endloop
  endfacet
  facet normal 0 1 -0
    outer loop
      vertex -93.0961 -16 -90.4547
      vertex -96.4062 -16 -89.7963
      vertex -93.0428 -16 -90.1319
    endloop
  endfacet
  facet normal 0 1 0
    outer loop
      vertex -96.4062 -16 -89.7963
      vertex -93.0961 -16 -90.4547
      vertex -96.4304 -16 -89.8998
    endloop
  endfacet
  facet normal 0 1 -0
    outer loop
      vertex -93.1704 -16 -90.7733
      vertex -96.4304 -16 -89.8998
      vertex -93.0961 -16 -90.4547
    endloop
  endfacet
  facet normal 0 1 0
    outer loop
      vertex -96.4304 -16 -89.8998
      vertex -93.1704 -16 -90.7733
      vertex -96.4612 -16 -90.0016
    endloop
  endfacet
  facet normal 0 1 -0
    outer loop
      vertex -93.2654 -16 -91.0864
      vertex -96.4612 -16 -90.0016
      vertex -93.1704 -16 -90.7733
    endloop
  endfacet
  facet normal 0 1 0
    outer loop
      vertex -96.4612 -16 -90.0016
      vertex -93.2654 -16 -91.0864
      vertex -96.4987 -16 -90.1011
    endloop
  endfacet
  facet normal 0 1 -0
    outer loop
      vertex -93.3806 -16 -91.3927
      vertex -96.4987 -16 -90.1011
      vertex -93.2654 -16 -91.0864
    endloop
  endfacet
  facet normal 0 1 0
    outer loop
      vertex -96.4987 -16 -90.1011
      vertex -93.3806 -16 -91.3927
      vertex -96.5426 -16 -90.198
    endloop
  endfacet
  facet normal 0 1 -0
    outer loop
      vertex -93.5156 -16 -91.6907
      vertex -96.5426 -16 -90.198
      vertex -93.3806 -16 -91.3927
    endloop
  endfacet
  facet normal 0 1 0
    outer loop
      vertex -96.5426 -16 -90.198
      vertex -93.5156 -16 -91.6907
      vertex -96.5927 -16 -90.2917
    endloop
  endfacet
  facet normal 0 1 -0
    outer loop
      vertex -93.6699 -16 -91.9792
      vertex -96.5927 -16 -90.2917
      vertex -93.5156 -16 -91.6907
    endloop
  endfacet
  facet normal 0 1 0
    outer loop
      vertex -96.5927 -16 -90.2917
      vertex -93.6699 -16 -91.9792
      vertex -96.6489 -16 -90.382
    endloop
  endfacet
  facet normal 0 1 -0
    outer loop
      vertex -93.8427 -16 -92.2571
      vertex -96.6489 -16 -90.382
      vertex -93.6699 -16 -91.9792
    endloop
  endfacet
  facet normal 0 1 0
    outer loop
      vertex -96.6489 -16 -90.382
      vertex -93.8427 -16 -92.2571
      vertex -96.7108 -16 -90.4685
    endloop
  endfacet
  facet normal 0 1 -0
    outer loop
      vertex -94.0332 -16 -92.5231
      vertex -96.7108 -16 -90.4685
      vertex -93.8427 -16 -92.2571
    endloop
  endfacet
  facet normal 0 1 0
    outer loop
      vertex -96.7108 -16 -90.4685
      vertex -94.0332 -16 -92.5231
      vertex -96.7783 -16 -90.5507
    endloop
  endfacet
  facet normal 0 1 -0
    outer loop
      vertex -94.2408 -16 -92.776
      vertex -96.7783 -16 -90.5507
      vertex -94.0332 -16 -92.5231
    endloop
  endfacet
  facet normal 0 1 0
    outer loop
      vertex -96.7783 -16 -90.5507
      vertex -94.2408 -16 -92.776
      vertex -96.851 -16 -90.6283
    endloop
  endfacet
  facet normal 0 1 -0
    outer loop
      vertex -94.4645 -16 -93.0148
      vertex -96.851 -16 -90.6283
      vertex -94.2408 -16 -92.776
    endloop
  endfacet
  facet normal 0 1 0
    outer loop
      vertex -96.851 -16 -90.6283
      vertex -94.4645 -16 -93.0148
      vertex -96.9286 -16 -90.701
    endloop
  endfacet
  facet normal 0 1 -0
    outer loop
      vertex -94.7033 -16 -93.2384
      vertex -96.9286 -16 -90.701
      vertex -94.4645 -16 -93.0148
    endloop
  endfacet
  facet normal 0 1 0
    outer loop
      vertex -96.9286 -16 -90.701
      vertex -94.7033 -16 -93.2384
      vertex -97.0108 -16 -90.7684
    endloop
  endfacet
  facet normal 0 1 -0
    outer loop
      vertex -94.9562 -16 -93.446
      vertex -97.0108 -16 -90.7684
      vertex -94.7033 -16 -93.2384
    endloop
  endfacet
  facet normal 0 1 0
    outer loop
      vertex -97.0108 -16 -90.7684
      vertex -94.9562 -16 -93.446
      vertex -97.0972 -16 -90.8304
    endloop
  endfacet
  facet normal 0 1 -0
    outer loop
      vertex -95.2222 -16 -93.6366
      vertex -97.0972 -16 -90.8304
      vertex -94.9562 -16 -93.446
    endloop
  endfacet
  facet normal 0 1 0
    outer loop
      vertex -100.778 -16 -85.3219
      vertex -98.9028 -16 -88.1281
      vertex -101.044 -16 -85.5125
    endloop
  endfacet
  facet normal 0 1 -0
    outer loop
      vertex -98.9892 -16 -88.19
      vertex -101.044 -16 -85.5125
      vertex -98.9028 -16 -88.1281
    endloop
  endfacet
  facet normal 0 1 0
    outer loop
      vertex -101.044 -16 -85.5125
      vertex -98.9892 -16 -88.19
      vertex -101.297 -16 -85.72
    endloop
  endfacet
  facet normal 0 1 -0
    outer loop
      vertex -99.0714 -16 -88.2575
      vertex -101.297 -16 -85.72
      vertex -98.9892 -16 -88.19
    endloop
  endfacet
  facet normal 0 1 0
    outer loop
      vertex -101.297 -16 -85.72
      vertex -99.0714 -16 -88.2575
      vertex -101.536 -16 -85.9437
    endloop
  endfacet
  facet normal 0 1 -0
    outer loop
      vertex -99.149 -16 -88.3302
      vertex -101.536 -16 -85.9437
      vertex -99.0714 -16 -88.2575
    endloop
  endfacet
  facet normal 0 1 0
    outer loop
      vertex -101.536 -16 -85.9437
      vertex -99.149 -16 -88.3302
      vertex -101.759 -16 -86.1825
    endloop
  endfacet
  facet normal 0 1 -0
    outer loop
      vertex -99.2217 -16 -88.4078
      vertex -101.759 -16 -86.1825
      vertex -99.149 -16 -88.3302
    endloop
  endfacet
  facet normal 0 1 0
    outer loop
      vertex -101.759 -16 -86.1825
      vertex -99.2217 -16 -88.4078
      vertex -101.967 -16 -86.4354
    endloop
  endfacet
  facet normal 0 1 -0
    outer loop
      vertex -99.2892 -16 -88.49
      vertex -101.967 -16 -86.4354
      vertex -99.2217 -16 -88.4078
    endloop
  endfacet
  facet normal 0 1 0
    outer loop
      vertex -101.967 -16 -86.4354
      vertex -99.2892 -16 -88.49
      vertex -102.157 -16 -86.7014
    endloop
  endfacet
  facet normal 0 1 -0
    outer loop
      vertex -99.3511 -16 -88.5764
      vertex -102.157 -16 -86.7014
      vertex -99.2892 -16 -88.49
    endloop
  endfacet
  facet normal 0 1 0
    outer loop
      vertex -102.157 -16 -86.7014
      vertex -99.3511 -16 -88.5764
      vertex -102.33 -16 -86.9792
    endloop
  endfacet
  facet normal 0 1 -0
    outer loop
      vertex -99.4073 -16 -88.6667
      vertex -102.33 -16 -86.9792
      vertex -99.3511 -16 -88.5764
    endloop
  endfacet
  facet normal 0 1 0
    outer loop
      vertex -102.33 -16 -86.9792
      vertex -99.4073 -16 -88.6667
      vertex -102.484 -16 -87.2678
    endloop
  endfacet
  facet normal 0 1 -0
    outer loop
      vertex -99.4574 -16 -88.7605
      vertex -102.484 -16 -87.2678
      vertex -99.4073 -16 -88.6667
    endloop
  endfacet
  facet normal 0 1 0
    outer loop
      vertex -102.484 -16 -87.2678
      vertex -99.4574 -16 -88.7605
      vertex -102.619 -16 -87.5658
    endloop
  endfacet
  facet normal 0 1 -0
    outer loop
      vertex -99.5013 -16 -88.8574
      vertex -102.619 -16 -87.5658
      vertex -99.4574 -16 -88.7605
    endloop
  endfacet
  facet normal 0 1 0
    outer loop
      vertex -102.619 -16 -87.5658
      vertex -99.5013 -16 -88.8574
      vertex -102.735 -16 -87.872
    endloop
  endfacet
  facet normal 0 1 -0
    outer loop
      vertex -99.5388 -16 -88.9569
      vertex -102.735 -16 -87.872
      vertex -99.5013 -16 -88.8574
    endloop
  endfacet
  facet normal 0 1 0
    outer loop
      vertex -102.735 -16 -87.872
      vertex -99.5388 -16 -88.9569
      vertex -102.83 -16 -88.1852
    endloop
  endfacet
  facet normal 0 1 -0
    outer loop
      vertex -99.5696 -16 -89.0587
      vertex -102.83 -16 -88.1852
      vertex -99.5388 -16 -88.9569
    endloop
  endfacet
  facet normal 0 1 0
    outer loop
      vertex -102.83 -16 -88.1852
      vertex -99.5696 -16 -89.0587
      vertex -102.904 -16 -88.5038
    endloop
  endfacet
  facet normal 0 1 -0
    outer loop
      vertex -99.5938 -16 -89.1622
      vertex -102.904 -16 -88.5038
      vertex -99.5696 -16 -89.0587
    endloop
  endfacet
  facet normal 0 1 0
    outer loop
      vertex -102.904 -16 -88.5038
      vertex -99.5938 -16 -89.1622
      vertex -102.957 -16 -88.8266
    endloop
  endfacet
  facet normal 0 1 -0
    outer loop
      vertex -99.6111 -16 -89.2671
      vertex -102.957 -16 -88.8266
      vertex -99.5938 -16 -89.1622
    endloop
  endfacet
  facet normal 0 1 0
    outer loop
      vertex -102.957 -16 -88.8266
      vertex -99.6111 -16 -89.2671
      vertex -102.989 -16 -89.1522
    endloop
  endfacet
  facet normal 0 1 -0
    outer loop
      vertex -99.6215 -16 -89.373
      vertex -102.989 -16 -89.1522
      vertex -99.6111 -16 -89.2671
    endloop
  endfacet
  facet normal 0 1 -0
    outer loop
      vertex -99.625 -16 -89.4792
      vertex -102.989 -16 -89.1522
      vertex -99.6215 -16 -89.373
    endloop
  endfacet
  facet normal 0 1 0
    outer loop
      vertex -99.625 -16 -89.4792
      vertex -103 -16 -89.4792
      vertex -102.989 -16 -89.1522
    endloop
  endfacet
  facet normal 0 1 0
    outer loop
      vertex -99.6215 -16 -89.5855
      vertex -103 -16 -89.4792
      vertex -99.625 -16 -89.4792
    endloop
  endfacet
  facet normal 0 1 0
    outer loop
      vertex -102.989 -16 -89.8063
      vertex -99.6215 -16 -89.5855
      vertex -99.6111 -16 -89.6914
    endloop
  endfacet
  facet normal 0 1 0
    outer loop
      vertex -102.957 -16 -90.1319
      vertex -99.6111 -16 -89.6914
      vertex -99.5938 -16 -89.7963
    endloop
  endfacet
  facet normal 0 1 0
    outer loop
      vertex -99.6215 -16 -89.5855
      vertex -102.989 -16 -89.8063
      vertex -103 -16 -89.4792
    endloop
  endfacet
  facet normal 0 1 0
    outer loop
      vertex -102.904 -16 -90.4547
      vertex -99.5938 -16 -89.7963
      vertex -99.5696 -16 -89.8998
    endloop
  endfacet
  facet normal 0 1 0
    outer loop
      vertex -102.83 -16 -90.7733
      vertex -99.5696 -16 -89.8998
      vertex -99.5388 -16 -90.0016
    endloop
  endfacet
  facet normal 0 1 0
    outer loop
      vertex -102.735 -16 -91.0864
      vertex -99.5388 -16 -90.0016
      vertex -99.5013 -16 -90.1011
    endloop
  endfacet
  facet normal 0 1 0
    outer loop
      vertex -99.6111 -16 -89.6914
      vertex -102.957 -16 -90.1319
      vertex -102.989 -16 -89.8063
    endloop
  endfacet
  facet normal 0 1 0
    outer loop
      vertex -102.619 -16 -91.3927
      vertex -99.5013 -16 -90.1011
      vertex -99.4574 -16 -90.198
    endloop
  endfacet
  facet normal 0 1 0
    outer loop
      vertex -102.484 -16 -91.6907
      vertex -99.4574 -16 -90.198
      vertex -99.4073 -16 -90.2917
    endloop
  endfacet
  facet normal 0 1 0
    outer loop
      vertex -102.33 -16 -91.9792
      vertex -99.4073 -16 -90.2917
      vertex -99.3511 -16 -90.382
    endloop
  endfacet
  facet normal 0 1 0
    outer loop
      vertex -99.5938 -16 -89.7963
      vertex -102.904 -16 -90.4547
      vertex -102.957 -16 -90.1319
    endloop
  endfacet
  facet normal 0 1 0
    outer loop
      vertex -102.157 -16 -92.2571
      vertex -99.3511 -16 -90.382
      vertex -99.2892 -16 -90.4685
    endloop
  endfacet
  facet normal 0 1 0
    outer loop
      vertex -101.967 -16 -92.5231
      vertex -99.2892 -16 -90.4685
      vertex -99.2217 -16 -90.5507
    endloop
  endfacet
  facet normal 0 1 0
    outer loop
      vertex -101.759 -16 -92.776
      vertex -99.2217 -16 -90.5507
      vertex -99.149 -16 -90.6283
    endloop
  endfacet
  facet normal 0 1 0
    outer loop
      vertex -101.536 -16 -93.0148
      vertex -99.149 -16 -90.6283
      vertex -99.0714 -16 -90.701
    endloop
  endfacet
  facet normal 0 1 0
    outer loop
      vertex -101.297 -16 -93.2384
      vertex -99.0714 -16 -90.701
      vertex -98.9892 -16 -90.7684
    endloop
  endfacet
  facet normal 0 1 0
    outer loop
      vertex -99.5696 -16 -89.8998
      vertex -102.83 -16 -90.7733
      vertex -102.904 -16 -90.4547
    endloop
  endfacet
  facet normal 0 1 0
    outer loop
      vertex -101.044 -16 -93.446
      vertex -98.9892 -16 -90.7684
      vertex -98.9028 -16 -90.8304
    endloop
  endfacet
  facet normal 0 1 0
    outer loop
      vertex -100.778 -16 -93.6366
      vertex -98.9028 -16 -90.8304
      vertex -98.8125 -16 -90.8865
    endloop
  endfacet
  facet normal 0 1 0
    outer loop
      vertex -100.5 -16 -93.8094
      vertex -98.8125 -16 -90.8865
      vertex -98.7187 -16 -90.9367
    endloop
  endfacet
  facet normal 0 1 0
    outer loop
      vertex -100.211 -16 -93.9636
      vertex -98.7187 -16 -90.9367
      vertex -98.6219 -16 -90.9806
    endloop
  endfacet
  facet normal 0 1 0
    outer loop
      vertex -99.9134 -16 -94.0986
      vertex -98.6219 -16 -90.9806
      vertex -98.5223 -16 -91.018
    endloop
  endfacet
  facet normal 0 1 0
    outer loop
      vertex -99.6072 -16 -94.2139
      vertex -98.5223 -16 -91.018
      vertex -98.4206 -16 -91.0489
    endloop
  endfacet
  facet normal 0 1 0
    outer loop
      vertex -99.2941 -16 -94.3089
      vertex -98.4206 -16 -91.0489
      vertex -98.317 -16 -91.073
    endloop
  endfacet
  facet normal 0 1 0
    outer loop
      vertex -99.5388 -16 -90.0016
      vertex -102.735 -16 -91.0864
      vertex -102.83 -16 -90.7733
    endloop
  endfacet
  facet normal 0 1 0
    outer loop
      vertex -98.9754 -16 -94.3832
      vertex -98.317 -16 -91.073
      vertex -98.2121 -16 -91.0903
    endloop
  endfacet
  facet normal 0 1 0
    outer loop
      vertex -98.6526 -16 -94.4365
      vertex -98.2121 -16 -91.0903
      vertex -98.1063 -16 -91.1008
    endloop
  endfacet
  facet normal 0 1 0
    outer loop
      vertex -98.327 -16 -94.4685
      vertex -98.1063 -16 -91.1008
      vertex -98 -16 -91.1042
    endloop
  endfacet
  facet normal 0 1 0
    outer loop
      vertex -97.0972 -16 -90.8304
      vertex -95.2222 -16 -93.6366
      vertex -97.1875 -16 -90.8865
    endloop
  endfacet
  facet normal 0 1 0
    outer loop
      vertex -99.5013 -16 -90.1011
      vertex -102.619 -16 -91.3927
      vertex -102.735 -16 -91.0864
    endloop
  endfacet
  facet normal 0 1 -0
    outer loop
      vertex -95.5 -16 -93.8094
      vertex -97.1875 -16 -90.8865
      vertex -95.2222 -16 -93.6366
    endloop
  endfacet
  facet normal 0 1 0
    outer loop
      vertex -99.4574 -16 -90.198
      vertex -102.484 -16 -91.6907
      vertex -102.619 -16 -91.3927
    endloop
  endfacet
  facet normal 0 1 0
    outer loop
      vertex -97.1875 -16 -90.8865
      vertex -95.5 -16 -93.8094
      vertex -97.2813 -16 -90.9367
    endloop
  endfacet
  facet normal 0 1 0
    outer loop
      vertex -99.4073 -16 -90.2917
      vertex -102.33 -16 -91.9792
      vertex -102.484 -16 -91.6907
    endloop
  endfacet
  facet normal 0 1 -0
    outer loop
      vertex -95.7886 -16 -93.9636
      vertex -97.2813 -16 -90.9367
      vertex -95.5 -16 -93.8094
    endloop
  endfacet
  facet normal 0 1 0
    outer loop
      vertex -99.3511 -16 -90.382
      vertex -102.157 -16 -92.2571
      vertex -102.33 -16 -91.9792
    endloop
  endfacet
  facet normal 0 1 0
    outer loop
      vertex -97.2813 -16 -90.9367
      vertex -95.7886 -16 -93.9636
      vertex -97.3781 -16 -90.9806
    endloop
  endfacet
  facet normal 0 1 0
    outer loop
      vertex -99.2892 -16 -90.4685
      vertex -101.967 -16 -92.5231
      vertex -102.157 -16 -92.2571
    endloop
  endfacet
  facet normal 0 1 -0
    outer loop
      vertex -96.0866 -16 -94.0986
      vertex -97.3781 -16 -90.9806
      vertex -95.7886 -16 -93.9636
    endloop
  endfacet
  facet normal 0 1 0
    outer loop
      vertex -99.2217 -16 -90.5507
      vertex -101.759 -16 -92.776
      vertex -101.967 -16 -92.5231
    endloop
  endfacet
  facet normal 0 1 0
    outer loop
      vertex -97.3781 -16 -90.9806
      vertex -96.0866 -16 -94.0986
      vertex -97.4777 -16 -91.018
    endloop
  endfacet
  facet normal 0 1 0
    outer loop
      vertex -99.149 -16 -90.6283
      vertex -101.536 -16 -93.0148
      vertex -101.759 -16 -92.776
    endloop
  endfacet
  facet normal 0 1 -0
    outer loop
      vertex -96.3928 -16 -94.2139
      vertex -97.4777 -16 -91.018
      vertex -96.0866 -16 -94.0986
    endloop
  endfacet
  facet normal 0 1 0
    outer loop
      vertex -99.0714 -16 -90.701
      vertex -101.297 -16 -93.2384
      vertex -101.536 -16 -93.0148
    endloop
  endfacet
  facet normal 0 1 0
    outer loop
      vertex -97.4777 -16 -91.018
      vertex -96.3928 -16 -94.2139
      vertex -97.5794 -16 -91.0489
    endloop
  endfacet
  facet normal 0 1 0
    outer loop
      vertex -98.9892 -16 -90.7684
      vertex -101.044 -16 -93.446
      vertex -101.297 -16 -93.2384
    endloop
  endfacet
  facet normal 0 1 -0
    outer loop
      vertex -96.7059 -16 -94.3089
      vertex -97.5794 -16 -91.0489
      vertex -96.3928 -16 -94.2139
    endloop
  endfacet
  facet normal 0 1 0
    outer loop
      vertex -98.9028 -16 -90.8304
      vertex -100.778 -16 -93.6366
      vertex -101.044 -16 -93.446
    endloop
  endfacet
  facet normal 0 1 0
    outer loop
      vertex -97.5794 -16 -91.0489
      vertex -96.7059 -16 -94.3089
      vertex -97.683 -16 -91.073
    endloop
  endfacet
  facet normal 0 1 0
    outer loop
      vertex -98.8125 -16 -90.8865
      vertex -100.5 -16 -93.8094
      vertex -100.778 -16 -93.6366
    endloop
  endfacet
  facet normal 0 1 -0
    outer loop
      vertex -97.0246 -16 -94.3832
      vertex -97.683 -16 -91.073
      vertex -96.7059 -16 -94.3089
    endloop
  endfacet
  facet normal 0 1 0
    outer loop
      vertex -98.7187 -16 -90.9367
      vertex -100.211 -16 -93.9636
      vertex -100.5 -16 -93.8094
    endloop
  endfacet
  facet normal 0 1 0
    outer loop
      vertex -97.683 -16 -91.073
      vertex -97.0246 -16 -94.3832
      vertex -97.7879 -16 -91.0903
    endloop
  endfacet
  facet normal 0 1 0
    outer loop
      vertex -98.6219 -16 -90.9806
      vertex -99.9134 -16 -94.0986
      vertex -100.211 -16 -93.9636
    endloop
  endfacet
  facet normal 0 1 -0
    outer loop
      vertex -97.3474 -16 -94.4365
      vertex -97.7879 -16 -91.0903
      vertex -97.0246 -16 -94.3832
    endloop
  endfacet
  facet normal 0 1 0
    outer loop
      vertex -98.5223 -16 -91.018
      vertex -99.6072 -16 -94.2139
      vertex -99.9134 -16 -94.0986
    endloop
  endfacet
  facet normal 0 1 0
    outer loop
      vertex -97.7879 -16 -91.0903
      vertex -97.3474 -16 -94.4365
      vertex -97.8937 -16 -91.1008
    endloop
  endfacet
  facet normal 0 1 0
    outer loop
      vertex -98.4206 -16 -91.0489
      vertex -99.2941 -16 -94.3089
      vertex -99.6072 -16 -94.2139
    endloop
  endfacet
  facet normal 0 1 -0
    outer loop
      vertex -97.673 -16 -94.4685
      vertex -97.8937 -16 -91.1008
      vertex -97.3474 -16 -94.4365
    endloop
  endfacet
  facet normal 0 1 0
    outer loop
      vertex -98.317 -16 -91.073
      vertex -98.9754 -16 -94.3832
      vertex -99.2941 -16 -94.3089
    endloop
  endfacet
  facet normal 0 1 0
    outer loop
      vertex -97.8937 -16 -91.1008
      vertex -97.673 -16 -94.4685
      vertex -98 -16 -91.1042
    endloop
  endfacet
  facet normal 0 1 0
    outer loop
      vertex -98.2121 -16 -91.0903
      vertex -98.6526 -16 -94.4365
      vertex -98.9754 -16 -94.3832
    endloop
  endfacet
  facet normal 0 1 0
    outer loop
      vertex -98 -16 -94.4792
      vertex -98 -16 -91.1042
      vertex -97.673 -16 -94.4685
    endloop
  endfacet
  facet normal 0 1 0
    outer loop
      vertex -98.1063 -16 -91.1008
      vertex -98.327 -16 -94.4685
      vertex -98.6526 -16 -94.4365
    endloop
  endfacet
  facet normal 0 1 0
    outer loop
      vertex -98 -16 -91.1042
      vertex -98 -16 -94.4792
      vertex -98.327 -16 -94.4685
    endloop
  endfacet
  facet normal 0.973868 -0 0.227114
    outer loop
      vertex -93.1704 -40 -88.1852
      vertex -93.0961 -16 -88.5038
      vertex -93.1704 -16 -88.1852
    endloop
  endfacet
  facet normal 0.973868 0 0.227114
    outer loop
      vertex -93.0961 -16 -88.5038
      vertex -93.1704 -40 -88.1852
      vertex -93.0961 -40 -88.5038
    endloop
  endfacet
  facet normal 0.935952 -0 0.352128
    outer loop
      vertex -93.3806 -40 -87.5658
      vertex -93.2654 -16 -87.872
      vertex -93.3806 -16 -87.5658
    endloop
  endfacet
  facet normal 0.935952 0 0.352128
    outer loop
      vertex -93.2654 -16 -87.872
      vertex -93.3806 -40 -87.5658
      vertex -93.2654 -40 -87.872
    endloop
  endfacet
  facet normal 0.227046 0 0.973884
    outer loop
      vertex -97.0246 -16 -84.5753
      vertex -96.7059 -40 -84.6496
      vertex -96.7059 -16 -84.6496
    endloop
  endfacet
  facet normal 0.227046 0 0.973884
    outer loop
      vertex -96.7059 -40 -84.6496
      vertex -97.0246 -16 -84.5753
      vertex -97.0246 -40 -84.5753
    endloop
  endfacet
  facet normal 0.471254 0 0.881997
    outer loop
      vertex -95.7886 -16 -84.9949
      vertex -95.5 -40 -85.1491
      vertex -95.5 -16 -85.1491
    endloop
  endfacet
  facet normal 0.471254 0 0.881997
    outer loop
      vertex -95.5 -40 -85.1491
      vertex -95.7886 -16 -84.9949
      vertex -95.7886 -40 -84.9949
    endloop
  endfacet
  facet normal 0.634303 0 0.773085
    outer loop
      vertex -94.9562 -16 -85.5125
      vertex -94.7033 -40 -85.72
      vertex -94.7033 -16 -85.72
    endloop
  endfacet
  facet normal 0.634303 0 0.773085
    outer loop
      vertex -94.7033 -40 -85.72
      vertex -94.9562 -16 -85.5125
      vertex -94.9562 -40 -85.5125
    endloop
  endfacet
  facet normal -0.730872 0 0.682515
    outer loop
      vertex -101.759 -40 -86.1825
      vertex -101.536 -16 -85.9437
      vertex -101.759 -16 -86.1825
    endloop
  endfacet
  facet normal -0.730872 0 0.682515
    outer loop
      vertex -101.536 -16 -85.9437
      vertex -101.759 -40 -86.1825
      vertex -101.536 -40 -85.9437
    endloop
  endfacet
  facet normal -0.882251 0 0.470779
    outer loop
      vertex -102.484 -40 -87.2678
      vertex -102.33 -16 -86.9792
      vertex -102.484 -16 -87.2678
    endloop
  endfacet
  facet normal -0.882251 0 0.470779
    outer loop
      vertex -102.33 -16 -86.9792
      vertex -102.484 -40 -87.2678
      vertex -102.33 -40 -86.9792
    endloop
  endfacet
  facet normal -0.974071 0 0.226244
    outer loop
      vertex -102.904 -40 -88.5038
      vertex -102.83 -16 -88.1852
      vertex -102.904 -16 -88.5038
    endloop
  endfacet
  facet normal -0.974071 0 0.226244
    outer loop
      vertex -102.83 -16 -88.1852
      vertex -102.904 -40 -88.5038
      vertex -102.83 -40 -88.1852
    endloop
  endfacet
  facet normal -0.413365 0 0.910565
    outer loop
      vertex -100.211 -16 -84.9949
      vertex -99.9134 -40 -84.8598
      vertex -99.9134 -16 -84.8598
    endloop
  endfacet
  facet normal -0.413365 0 0.910565
    outer loop
      vertex -99.9134 -40 -84.8598
      vertex -100.211 -16 -84.9949
      vertex -100.211 -40 -84.9949
    endloop
  endfacet
  facet normal -0.0978089 0 0.995205
    outer loop
      vertex -98.6526 -16 -84.522
      vertex -98.327 -40 -84.49
      vertex -98.327 -16 -84.49
    endloop
  endfacet
  facet normal -0.0978089 0 0.995205
    outer loop
      vertex -98.327 -40 -84.49
      vertex -98.6526 -16 -84.522
      vertex -98.6526 -40 -84.522
    endloop
  endfacet
  facet normal 0.162912 0 -0.986641
    outer loop
      vertex -97.3474 -40 -94.4365
      vertex -97.0246 -16 -94.3832
      vertex -97.0246 -40 -94.3832
    endloop
  endfacet
  facet normal 0.162912 0 -0.986641
    outer loop
      vertex -97.0246 -16 -94.3832
      vertex -97.3474 -40 -94.4365
      vertex -97.3474 -16 -94.4365
    endloop
  endfacet
  facet normal 0.0327042 0 -0.999465
    outer loop
      vertex -98 -40 -94.4792
      vertex -97.673 -16 -94.4685
      vertex -97.673 -40 -94.4685
    endloop
  endfacet
  facet normal 0.0327042 0 -0.999465
    outer loop
      vertex -97.673 -16 -94.4685
      vertex -98 -40 -94.4792
      vertex -98 -16 -94.4792
    endloop
  endfacet
  facet normal 0.0978089 0 -0.995205
    outer loop
      vertex -97.673 -40 -94.4685
      vertex -97.3474 -16 -94.4365
      vertex -97.3474 -40 -94.4365
    endloop
  endfacet
  facet normal 0.0978089 0 -0.995205
    outer loop
      vertex -97.3474 -16 -94.4365
      vertex -97.673 -40 -94.4685
      vertex -97.673 -16 -94.4685
    endloop
  endfacet
  facet normal 0.227046 0 -0.973884
    outer loop
      vertex -97.0246 -40 -94.3832
      vertex -96.7059 -16 -94.3089
      vertex -96.7059 -40 -94.3089
    endloop
  endfacet
  facet normal 0.227046 0 -0.973884
    outer loop
      vertex -96.7059 -16 -94.3089
      vertex -97.0246 -40 -94.3832
      vertex -97.0246 -16 -94.3832
    endloop
  endfacet
  facet normal 0.352396 0 -0.935851
    outer loop
      vertex -96.3928 -40 -94.2139
      vertex -96.0866 -16 -94.0986
      vertex -96.0866 -40 -94.0986
    endloop
  endfacet
  facet normal 0.352396 0 -0.935851
    outer loop
      vertex -96.0866 -16 -94.0986
      vertex -96.3928 -40 -94.2139
      vertex -96.3928 -16 -94.2139
    endloop
  endfacet
  facet normal 0.290347 0 -0.956922
    outer loop
      vertex -96.7059 -40 -94.3089
      vertex -96.3928 -16 -94.2139
      vertex -96.3928 -40 -94.2139
    endloop
  endfacet
  facet normal 0.290347 0 -0.956922
    outer loop
      vertex -96.3928 -16 -94.2139
      vertex -96.7059 -40 -94.3089
      vertex -96.7059 -16 -94.3089
    endloop
  endfacet
  facet normal 0.634485 0 -0.772935
    outer loop
      vertex -94.9562 -40 -93.446
      vertex -94.7033 -16 -93.2384
      vertex -94.7033 -40 -93.2384
    endloop
  endfacet
  facet normal 0.634485 0 -0.772935
    outer loop
      vertex -94.7033 -16 -93.2384
      vertex -94.9562 -40 -93.446
      vertex -94.9562 -16 -93.446
    endloop
  endfacet
  facet normal 0.528184 0 -0.84913
    outer loop
      vertex -95.5 -40 -93.8094
      vertex -95.2222 -16 -93.6366
      vertex -95.2222 -40 -93.6366
    endloop
  endfacet
  facet normal 0.528184 0 -0.84913
    outer loop
      vertex -95.2222 -16 -93.6366
      vertex -95.5 -40 -93.8094
      vertex -95.5 -16 -93.8094
    endloop
  endfacet
  facet normal 0.471254 0 -0.881997
    outer loop
      vertex -95.7886 -40 -93.9636
      vertex -95.5 -16 -93.8094
      vertex -95.5 -40 -93.8094
    endloop
  endfacet
  facet normal 0.471254 0 -0.881997
    outer loop
      vertex -95.5 -16 -93.8094
      vertex -95.7886 -40 -93.9636
      vertex -95.7886 -16 -93.9636
    endloop
  endfacet
  facet normal 0.729804 0 -0.683656
    outer loop
      vertex -94.2408 -40 -92.776
      vertex -94.4645 -16 -93.0148
      vertex -94.2408 -16 -92.776
    endloop
  endfacet
  facet normal 0.729804 0 -0.683656
    outer loop
      vertex -94.4645 -16 -93.0148
      vertex -94.2408 -40 -92.776
      vertex -94.4645 -40 -93.0148
    endloop
  endfacet
  facet normal 0.772935 0 -0.634485
    outer loop
      vertex -94.0332 -40 -92.5231
      vertex -94.2408 -16 -92.776
      vertex -94.0332 -16 -92.5231
    endloop
  endfacet
  facet normal 0.772935 0 -0.634485
    outer loop
      vertex -94.2408 -16 -92.776
      vertex -94.0332 -40 -92.5231
      vertex -94.2408 -40 -92.776
    endloop
  endfacet
  facet normal 0.910889 0 -0.412651
    outer loop
      vertex -93.3806 -40 -91.3927
      vertex -93.5156 -16 -91.6907
      vertex -93.3806 -16 -91.3927
    endloop
  endfacet
  facet normal 0.910889 0 -0.412651
    outer loop
      vertex -93.5156 -16 -91.6907
      vertex -93.3806 -40 -91.3927
      vertex -93.5156 -40 -91.6907
    endloop
  endfacet
  facet normal 0.986641 0 -0.162912
    outer loop
      vertex -93.0428 -40 -90.1319
      vertex -93.0961 -16 -90.4547
      vertex -93.0428 -16 -90.1319
    endloop
  endfacet
  facet normal 0.986641 0 -0.162912
    outer loop
      vertex -93.0961 -16 -90.4547
      vertex -93.0428 -40 -90.1319
      vertex -93.0961 -40 -90.4547
    endloop
  endfacet
  facet normal 0.995175 0 -0.0981116
    outer loop
      vertex -93.0107 -40 -89.8063
      vertex -93.0428 -16 -90.1319
      vertex -93.0107 -16 -89.8063
    endloop
  endfacet
  facet normal 0.995175 0 -0.0981116
    outer loop
      vertex -93.0428 -16 -90.1319
      vertex -93.0107 -40 -89.8063
      vertex -93.0428 -40 -90.1319
    endloop
  endfacet
  facet normal -0.582452 0 -0.812865
    outer loop
      vertex -101.044 -40 -93.446
      vertex -100.778 -16 -93.6366
      vertex -100.778 -40 -93.6366
    endloop
  endfacet
  facet normal -0.582452 0 -0.812865
    outer loop
      vertex -100.778 -16 -93.6366
      vertex -101.044 -40 -93.446
      vertex -101.044 -16 -93.446
    endloop
  endfacet
  facet normal -0.683189 0 -0.730242
    outer loop
      vertex -101.536 -40 -93.0148
      vertex -101.297 -16 -93.2384
      vertex -101.297 -40 -93.2384
    endloop
  endfacet
  facet normal -0.683189 0 -0.730242
    outer loop
      vertex -101.297 -16 -93.2384
      vertex -101.536 -40 -93.0148
      vertex -101.536 -16 -93.0148
    endloop
  endfacet
  facet normal -0.634335 0 -0.773058
    outer loop
      vertex -101.297 -40 -93.2384
      vertex -101.044 -16 -93.446
      vertex -101.044 -40 -93.446
    endloop
  endfacet
  facet normal -0.634335 0 -0.773058
    outer loop
      vertex -101.044 -16 -93.446
      vertex -101.297 -40 -93.2384
      vertex -101.297 -16 -93.2384
    endloop
  endfacet
  facet normal -0.470747 0 -0.882268
    outer loop
      vertex -100.5 -40 -93.8094
      vertex -100.211 -16 -93.9636
      vertex -100.211 -40 -93.9636
    endloop
  endfacet
  facet normal -0.470747 0 -0.882268
    outer loop
      vertex -100.211 -16 -93.9636
      vertex -100.5 -40 -93.8094
      vertex -100.5 -16 -93.8094
    endloop
  endfacet
  facet normal -0.0978089 0 -0.995205
    outer loop
      vertex -98.6526 -40 -94.4365
      vertex -98.327 -16 -94.4685
      vertex -98.327 -40 -94.4685
    endloop
  endfacet
  facet normal -0.0978089 0 -0.995205
    outer loop
      vertex -98.327 -16 -94.4685
      vertex -98.6526 -40 -94.4365
      vertex -98.6526 -16 -94.4365
    endloop
  endfacet
  facet normal -0.730872 0 -0.682515
    outer loop
      vertex -101.536 -40 -93.0148
      vertex -101.759 -16 -92.776
      vertex -101.536 -16 -93.0148
    endloop
  endfacet
  facet normal -0.730872 -0 -0.682515
    outer loop
      vertex -101.759 -16 -92.776
      vertex -101.536 -40 -93.0148
      vertex -101.759 -40 -92.776
    endloop
  endfacet
  facet normal -0.910889 0 -0.412651
    outer loop
      vertex -102.484 -40 -91.6907
      vertex -102.619 -16 -91.3927
      vertex -102.484 -16 -91.6907
    endloop
  endfacet
  facet normal -0.910889 -0 -0.412651
    outer loop
      vertex -102.619 -16 -91.3927
      vertex -102.484 -40 -91.6907
      vertex -102.619 -40 -91.3927
    endloop
  endfacet
  facet normal -0.882184 0 -0.470906
    outer loop
      vertex -102.33 -40 -91.9792
      vertex -102.484 -16 -91.6907
      vertex -102.33 -16 -91.9792
    endloop
  endfacet
  facet normal -0.882184 -0 -0.470906
    outer loop
      vertex -102.484 -16 -91.6907
      vertex -102.33 -40 -91.9792
      vertex -102.484 -40 -91.6907
    endloop
  endfacet
  facet normal -0.974071 0 -0.226244
    outer loop
      vertex -102.83 -40 -90.7733
      vertex -102.904 -16 -90.4547
      vertex -102.83 -16 -90.7733
    endloop
  endfacet
  facet normal -0.974071 -0 -0.226244
    outer loop
      vertex -102.904 -16 -90.4547
      vertex -102.83 -40 -90.7733
      vertex -102.904 -40 -90.4547
    endloop
  endfacet
  facet normal -0.986788 0 -0.162019
    outer loop
      vertex -102.904 -40 -90.4547
      vertex -102.957 -16 -90.1319
      vertex -102.904 -16 -90.4547
    endloop
  endfacet
  facet normal -0.986788 -0 -0.162019
    outer loop
      vertex -102.957 -16 -90.1319
      vertex -102.904 -40 -90.4547
      vertex -102.957 -40 -90.1319
    endloop
  endfacet
  facet normal -0.999435 0 -0.0336099
    outer loop
      vertex -102.989 -40 -89.8063
      vertex -103 -16 -89.4792
      vertex -102.989 -16 -89.8063
    endloop
  endfacet
  facet normal -0.999435 -0 -0.0336099
    outer loop
      vertex -103 -16 -89.4792
      vertex -102.989 -40 -89.8063
      vertex -103 -40 -89.4792
    endloop
  endfacet
  facet normal 0.772935 -0 0.634485
    outer loop
      vertex -94.2408 -40 -86.1825
      vertex -94.0332 -16 -86.4354
      vertex -94.2408 -16 -86.1825
    endloop
  endfacet
  facet normal 0.772935 0 0.634485
    outer loop
      vertex -94.0332 -16 -86.4354
      vertex -94.2408 -40 -86.1825
      vertex -94.0332 -40 -86.4354
    endloop
  endfacet
  facet normal 0.0978089 0 0.995205
    outer loop
      vertex -97.673 -16 -84.49
      vertex -97.3474 -40 -84.522
      vertex -97.3474 -16 -84.522
    endloop
  endfacet
  facet normal 0.0978089 0 0.995205
    outer loop
      vertex -97.3474 -40 -84.522
      vertex -97.673 -16 -84.49
      vertex -97.673 -40 -84.49
    endloop
  endfacet
  facet normal 0 -1 0
    outer loop
      vertex -98 -40 -87.8542
      vertex -98 -40 -84.4792
      vertex -98.327 -40 -84.49
    endloop
  endfacet
  facet normal 0 -1 0
    outer loop
      vertex -98.1063 -40 -87.8577
      vertex -98.327 -40 -84.49
      vertex -98.6526 -40 -84.522
    endloop
  endfacet
  facet normal 0 -1 0
    outer loop
      vertex -98 -40 -84.4792
      vertex -98 -40 -87.8542
      vertex -97.673 -40 -84.49
    endloop
  endfacet
  facet normal 0 -1 0
    outer loop
      vertex -98.2121 -40 -87.8681
      vertex -98.6526 -40 -84.522
      vertex -98.9754 -40 -84.5753
    endloop
  endfacet
  facet normal 0 -1 0
    outer loop
      vertex -97.8937 -40 -87.8577
      vertex -97.673 -40 -84.49
      vertex -98 -40 -87.8542
    endloop
  endfacet
  facet normal 0 -1 0
    outer loop
      vertex -98.317 -40 -87.8855
      vertex -98.9754 -40 -84.5753
      vertex -99.2941 -40 -84.6496
    endloop
  endfacet
  facet normal 0 -1 -0
    outer loop
      vertex -97.673 -40 -84.49
      vertex -97.8937 -40 -87.8577
      vertex -97.3474 -40 -84.522
    endloop
  endfacet
  facet normal 0 -1 0
    outer loop
      vertex -98.4206 -40 -87.9096
      vertex -99.2941 -40 -84.6496
      vertex -99.6072 -40 -84.7446
    endloop
  endfacet
  facet normal 0 -1 0
    outer loop
      vertex -97.7879 -40 -87.8681
      vertex -97.3474 -40 -84.522
      vertex -97.8937 -40 -87.8577
    endloop
  endfacet
  facet normal 0 -1 0
    outer loop
      vertex -98.5223 -40 -87.9405
      vertex -99.6072 -40 -84.7446
      vertex -99.9134 -40 -84.8598
    endloop
  endfacet
  facet normal 0 -1 -0
    outer loop
      vertex -97.3474 -40 -84.522
      vertex -97.7879 -40 -87.8681
      vertex -97.0246 -40 -84.5753
    endloop
  endfacet
  facet normal 0 -1 0
    outer loop
      vertex -98.6219 -40 -87.9779
      vertex -99.9134 -40 -84.8598
      vertex -100.211 -40 -84.9949
    endloop
  endfacet
  facet normal 0 -1 0
    outer loop
      vertex -97.683 -40 -87.8855
      vertex -97.0246 -40 -84.5753
      vertex -97.7879 -40 -87.8681
    endloop
  endfacet
  facet normal 0 -1 0
    outer loop
      vertex -98.7187 -40 -88.0218
      vertex -100.211 -40 -84.9949
      vertex -100.5 -40 -85.1491
    endloop
  endfacet
  facet normal 0 -1 -0
    outer loop
      vertex -97.0246 -40 -84.5753
      vertex -97.683 -40 -87.8855
      vertex -96.7059 -40 -84.6496
    endloop
  endfacet
  facet normal 0 -1 0
    outer loop
      vertex -98.8125 -40 -88.072
      vertex -100.5 -40 -85.1491
      vertex -100.778 -40 -85.3219
    endloop
  endfacet
  facet normal 0 -1 0
    outer loop
      vertex -97.5794 -40 -87.9096
      vertex -96.7059 -40 -84.6496
      vertex -97.683 -40 -87.8855
    endloop
  endfacet
  facet normal 0 -1 0
    outer loop
      vertex -98.9028 -40 -88.1281
      vertex -100.778 -40 -85.3219
      vertex -101.044 -40 -85.5125
    endloop
  endfacet
  facet normal 0 -1 -0
    outer loop
      vertex -96.7059 -40 -84.6496
      vertex -97.5794 -40 -87.9096
      vertex -96.3928 -40 -84.7446
    endloop
  endfacet
  facet normal 0 -1 0
    outer loop
      vertex -98.9892 -40 -88.19
      vertex -101.044 -40 -85.5125
      vertex -101.297 -40 -85.72
    endloop
  endfacet
  facet normal 0 -1 0
    outer loop
      vertex -97.4777 -40 -87.9405
      vertex -96.3928 -40 -84.7446
      vertex -97.5794 -40 -87.9096
    endloop
  endfacet
  facet normal 0 -1 0
    outer loop
      vertex -99.0714 -40 -88.2575
      vertex -101.297 -40 -85.72
      vertex -101.536 -40 -85.9437
    endloop
  endfacet
  facet normal 0 -1 -0
    outer loop
      vertex -96.3928 -40 -84.7446
      vertex -97.4777 -40 -87.9405
      vertex -96.0866 -40 -84.8598
    endloop
  endfacet
  facet normal 0 -1 0
    outer loop
      vertex -99.149 -40 -88.3302
      vertex -101.536 -40 -85.9437
      vertex -101.759 -40 -86.1825
    endloop
  endfacet
  facet normal 0 -1 0
    outer loop
      vertex -97.3781 -40 -87.9779
      vertex -96.0866 -40 -84.8598
      vertex -97.4777 -40 -87.9405
    endloop
  endfacet
  facet normal 0 -1 0
    outer loop
      vertex -99.2217 -40 -88.4078
      vertex -101.759 -40 -86.1825
      vertex -101.967 -40 -86.4354
    endloop
  endfacet
  facet normal 0 -1 -0
    outer loop
      vertex -96.0866 -40 -84.8598
      vertex -97.3781 -40 -87.9779
      vertex -95.7886 -40 -84.9949
    endloop
  endfacet
  facet normal 0 -1 0
    outer loop
      vertex -99.2892 -40 -88.49
      vertex -101.967 -40 -86.4354
      vertex -102.157 -40 -86.7014
    endloop
  endfacet
  facet normal 0 -1 0
    outer loop
      vertex -97.2813 -40 -88.0218
      vertex -95.7886 -40 -84.9949
      vertex -97.3781 -40 -87.9779
    endloop
  endfacet
  facet normal 0 -1 0
    outer loop
      vertex -99.3511 -40 -88.5764
      vertex -102.157 -40 -86.7014
      vertex -102.33 -40 -86.9792
    endloop
  endfacet
  facet normal 0 -1 -0
    outer loop
      vertex -95.7886 -40 -84.9949
      vertex -97.2813 -40 -88.0218
      vertex -95.5 -40 -85.1491
    endloop
  endfacet
  facet normal 0 -1 0
    outer loop
      vertex -99.4073 -40 -88.6667
      vertex -102.33 -40 -86.9792
      vertex -102.484 -40 -87.2678
    endloop
  endfacet
  facet normal 0 -1 0
    outer loop
      vertex -97.1875 -40 -88.072
      vertex -95.5 -40 -85.1491
      vertex -97.2813 -40 -88.0218
    endloop
  endfacet
  facet normal 0 -1 0
    outer loop
      vertex -99.4574 -40 -88.7605
      vertex -102.484 -40 -87.2678
      vertex -102.619 -40 -87.5658
    endloop
  endfacet
  facet normal 0 -1 -0
    outer loop
      vertex -95.5 -40 -85.1491
      vertex -97.1875 -40 -88.072
      vertex -95.2222 -40 -85.3219
    endloop
  endfacet
  facet normal 0 -1 0
    outer loop
      vertex -97.0972 -40 -88.1281
      vertex -95.2222 -40 -85.3219
      vertex -97.1875 -40 -88.072
    endloop
  endfacet
  facet normal 0 -1 0
    outer loop
      vertex -98.327 -40 -84.49
      vertex -98.1063 -40 -87.8577
      vertex -98 -40 -87.8542
    endloop
  endfacet
  facet normal 0 -1 0
    outer loop
      vertex -98.6526 -40 -84.522
      vertex -98.2121 -40 -87.8681
      vertex -98.1063 -40 -87.8577
    endloop
  endfacet
  facet normal 0 -1 0
    outer loop
      vertex -99.5013 -40 -88.8574
      vertex -102.619 -40 -87.5658
      vertex -102.735 -40 -87.872
    endloop
  endfacet
  facet normal 0 -1 0
    outer loop
      vertex -98.9754 -40 -84.5753
      vertex -98.317 -40 -87.8855
      vertex -98.2121 -40 -87.8681
    endloop
  endfacet
  facet normal 0 -1 0
    outer loop
      vertex -99.2941 -40 -84.6496
      vertex -98.4206 -40 -87.9096
      vertex -98.317 -40 -87.8855
    endloop
  endfacet
  facet normal 0 -1 0
    outer loop
      vertex -99.6072 -40 -84.7446
      vertex -98.5223 -40 -87.9405
      vertex -98.4206 -40 -87.9096
    endloop
  endfacet
  facet normal 0 -1 0
    outer loop
      vertex -99.9134 -40 -84.8598
      vertex -98.6219 -40 -87.9779
      vertex -98.5223 -40 -87.9405
    endloop
  endfacet
  facet normal 0 -1 0
    outer loop
      vertex -100.211 -40 -84.9949
      vertex -98.7187 -40 -88.0218
      vertex -98.6219 -40 -87.9779
    endloop
  endfacet
  facet normal 0 -1 0
    outer loop
      vertex -100.5 -40 -85.1491
      vertex -98.8125 -40 -88.072
      vertex -98.7187 -40 -88.0218
    endloop
  endfacet
  facet normal 0 -1 0
    outer loop
      vertex -100.778 -40 -85.3219
      vertex -98.9028 -40 -88.1281
      vertex -98.8125 -40 -88.072
    endloop
  endfacet
  facet normal 0 -1 0
    outer loop
      vertex -99.5388 -40 -88.9569
      vertex -102.735 -40 -87.872
      vertex -102.83 -40 -88.1852
    endloop
  endfacet
  facet normal 0 -1 0
    outer loop
      vertex -101.044 -40 -85.5125
      vertex -98.9892 -40 -88.19
      vertex -98.9028 -40 -88.1281
    endloop
  endfacet
  facet normal 0 -1 0
    outer loop
      vertex -101.297 -40 -85.72
      vertex -99.0714 -40 -88.2575
      vertex -98.9892 -40 -88.19
    endloop
  endfacet
  facet normal 0 -1 0
    outer loop
      vertex -101.536 -40 -85.9437
      vertex -99.149 -40 -88.3302
      vertex -99.0714 -40 -88.2575
    endloop
  endfacet
  facet normal 0 -1 0
    outer loop
      vertex -101.759 -40 -86.1825
      vertex -99.2217 -40 -88.4078
      vertex -99.149 -40 -88.3302
    endloop
  endfacet
  facet normal 0 -1 0
    outer loop
      vertex -101.967 -40 -86.4354
      vertex -99.2892 -40 -88.49
      vertex -99.2217 -40 -88.4078
    endloop
  endfacet
  facet normal 0 -1 0
    outer loop
      vertex -99.5696 -40 -89.0587
      vertex -102.83 -40 -88.1852
      vertex -102.904 -40 -88.5038
    endloop
  endfacet
  facet normal 0 -1 0
    outer loop
      vertex -102.157 -40 -86.7014
      vertex -99.3511 -40 -88.5764
      vertex -99.2892 -40 -88.49
    endloop
  endfacet
  facet normal 0 -1 0
    outer loop
      vertex -102.33 -40 -86.9792
      vertex -99.4073 -40 -88.6667
      vertex -99.3511 -40 -88.5764
    endloop
  endfacet
  facet normal 0 -1 0
    outer loop
      vertex -102.484 -40 -87.2678
      vertex -99.4574 -40 -88.7605
      vertex -99.4073 -40 -88.6667
    endloop
  endfacet
  facet normal 0 -1 0
    outer loop
      vertex -99.5938 -40 -89.1622
      vertex -102.904 -40 -88.5038
      vertex -102.957 -40 -88.8266
    endloop
  endfacet
  facet normal 0 -1 0
    outer loop
      vertex -102.619 -40 -87.5658
      vertex -99.5013 -40 -88.8574
      vertex -99.4574 -40 -88.7605
    endloop
  endfacet
  facet normal 0 -1 0
    outer loop
      vertex -102.735 -40 -87.872
      vertex -99.5388 -40 -88.9569
      vertex -99.5013 -40 -88.8574
    endloop
  endfacet
  facet normal 0 -1 0
    outer loop
      vertex -102.83 -40 -88.1852
      vertex -99.5696 -40 -89.0587
      vertex -99.5388 -40 -88.9569
    endloop
  endfacet
  facet normal 0 -1 0
    outer loop
      vertex -99.6111 -40 -89.2671
      vertex -102.957 -40 -88.8266
      vertex -102.989 -40 -89.1522
    endloop
  endfacet
  facet normal 0 -1 0
    outer loop
      vertex -102.904 -40 -88.5038
      vertex -99.5938 -40 -89.1622
      vertex -99.5696 -40 -89.0587
    endloop
  endfacet
  facet normal 0 -1 0
    outer loop
      vertex -102.957 -40 -88.8266
      vertex -99.6111 -40 -89.2671
      vertex -99.5938 -40 -89.1622
    endloop
  endfacet
  facet normal 0 -1 0
    outer loop
      vertex -102.989 -40 -89.1522
      vertex -99.6215 -40 -89.373
      vertex -99.6111 -40 -89.2671
    endloop
  endfacet
  facet normal 0 -1 0
    outer loop
      vertex -103 -40 -89.4792
      vertex -99.6215 -40 -89.373
      vertex -102.989 -40 -89.1522
    endloop
  endfacet
  facet normal 0 -1 0
    outer loop
      vertex -103 -40 -89.4792
      vertex -99.625 -40 -89.4792
      vertex -99.6215 -40 -89.373
    endloop
  endfacet
  facet normal 0 -1 0
    outer loop
      vertex -103 -40 -89.4792
      vertex -99.6215 -40 -89.5855
      vertex -99.625 -40 -89.4792
    endloop
  endfacet
  facet normal 0 -1 0
    outer loop
      vertex -102.989 -40 -89.8063
      vertex -99.6215 -40 -89.5855
      vertex -103 -40 -89.4792
    endloop
  endfacet
  facet normal 0 -1 -0
    outer loop
      vertex -99.6215 -40 -89.5855
      vertex -102.989 -40 -89.8063
      vertex -99.6111 -40 -89.6914
    endloop
  endfacet
  facet normal 0 -1 0
    outer loop
      vertex -102.957 -40 -90.1319
      vertex -99.6111 -40 -89.6914
      vertex -102.989 -40 -89.8063
    endloop
  endfacet
  facet normal 0 -1 -0
    outer loop
      vertex -99.6111 -40 -89.6914
      vertex -102.957 -40 -90.1319
      vertex -99.5938 -40 -89.7963
    endloop
  endfacet
  facet normal 0 -1 0
    outer loop
      vertex -102.904 -40 -90.4547
      vertex -99.5938 -40 -89.7963
      vertex -102.957 -40 -90.1319
    endloop
  endfacet
  facet normal 0 -1 -0
    outer loop
      vertex -99.5938 -40 -89.7963
      vertex -102.904 -40 -90.4547
      vertex -99.5696 -40 -89.8998
    endloop
  endfacet
  facet normal 0 -1 0
    outer loop
      vertex -102.83 -40 -90.7733
      vertex -99.5696 -40 -89.8998
      vertex -102.904 -40 -90.4547
    endloop
  endfacet
  facet normal 0 -1 -0
    outer loop
      vertex -99.5696 -40 -89.8998
      vertex -102.83 -40 -90.7733
      vertex -99.5388 -40 -90.0016
    endloop
  endfacet
  facet normal 0 -1 0
    outer loop
      vertex -102.735 -40 -91.0864
      vertex -99.5388 -40 -90.0016
      vertex -102.83 -40 -90.7733
    endloop
  endfacet
  facet normal 0 -1 -0
    outer loop
      vertex -99.5388 -40 -90.0016
      vertex -102.735 -40 -91.0864
      vertex -99.5013 -40 -90.1011
    endloop
  endfacet
  facet normal 0 -1 0
    outer loop
      vertex -102.619 -40 -91.3927
      vertex -99.5013 -40 -90.1011
      vertex -102.735 -40 -91.0864
    endloop
  endfacet
  facet normal 0 -1 -0
    outer loop
      vertex -99.5013 -40 -90.1011
      vertex -102.619 -40 -91.3927
      vertex -99.4574 -40 -90.198
    endloop
  endfacet
  facet normal 0 -1 0
    outer loop
      vertex -102.484 -40 -91.6907
      vertex -99.4574 -40 -90.198
      vertex -102.619 -40 -91.3927
    endloop
  endfacet
  facet normal 0 -1 -0
    outer loop
      vertex -99.4574 -40 -90.198
      vertex -102.484 -40 -91.6907
      vertex -99.4073 -40 -90.2917
    endloop
  endfacet
  facet normal 0 -1 0
    outer loop
      vertex -102.33 -40 -91.9792
      vertex -99.4073 -40 -90.2917
      vertex -102.484 -40 -91.6907
    endloop
  endfacet
  facet normal 0 -1 -0
    outer loop
      vertex -99.4073 -40 -90.2917
      vertex -102.33 -40 -91.9792
      vertex -99.3511 -40 -90.382
    endloop
  endfacet
  facet normal 0 -1 0
    outer loop
      vertex -102.157 -40 -92.2571
      vertex -99.3511 -40 -90.382
      vertex -102.33 -40 -91.9792
    endloop
  endfacet
  facet normal 0 -1 -0
    outer loop
      vertex -99.3511 -40 -90.382
      vertex -102.157 -40 -92.2571
      vertex -99.2892 -40 -90.4685
    endloop
  endfacet
  facet normal 0 -1 0
    outer loop
      vertex -101.967 -40 -92.5231
      vertex -99.2892 -40 -90.4685
      vertex -102.157 -40 -92.2571
    endloop
  endfacet
  facet normal 0 -1 -0
    outer loop
      vertex -99.2892 -40 -90.4685
      vertex -101.967 -40 -92.5231
      vertex -99.2217 -40 -90.5507
    endloop
  endfacet
  facet normal 0 -1 0
    outer loop
      vertex -101.759 -40 -92.776
      vertex -99.2217 -40 -90.5507
      vertex -101.967 -40 -92.5231
    endloop
  endfacet
  facet normal 0 -1 -0
    outer loop
      vertex -99.2217 -40 -90.5507
      vertex -101.759 -40 -92.776
      vertex -99.149 -40 -90.6283
    endloop
  endfacet
  facet normal 0 -1 0
    outer loop
      vertex -101.536 -40 -93.0148
      vertex -99.149 -40 -90.6283
      vertex -101.759 -40 -92.776
    endloop
  endfacet
  facet normal 0 -1 -0
    outer loop
      vertex -99.149 -40 -90.6283
      vertex -101.536 -40 -93.0148
      vertex -99.0714 -40 -90.701
    endloop
  endfacet
  facet normal 0 -1 0
    outer loop
      vertex -101.297 -40 -93.2384
      vertex -99.0714 -40 -90.701
      vertex -101.536 -40 -93.0148
    endloop
  endfacet
  facet normal 0 -1 -0
    outer loop
      vertex -99.0714 -40 -90.701
      vertex -101.297 -40 -93.2384
      vertex -98.9892 -40 -90.7684
    endloop
  endfacet
  facet normal 0 -1 0
    outer loop
      vertex -101.044 -40 -93.446
      vertex -98.9892 -40 -90.7684
      vertex -101.297 -40 -93.2384
    endloop
  endfacet
  facet normal 0 -1 -0
    outer loop
      vertex -98.9892 -40 -90.7684
      vertex -101.044 -40 -93.446
      vertex -98.9028 -40 -90.8304
    endloop
  endfacet
  facet normal 0 -1 0
    outer loop
      vertex -100.778 -40 -93.6366
      vertex -98.9028 -40 -90.8304
      vertex -101.044 -40 -93.446
    endloop
  endfacet
  facet normal 0 -1 -0
    outer loop
      vertex -95.2222 -40 -85.3219
      vertex -97.0972 -40 -88.1281
      vertex -94.9562 -40 -85.5125
    endloop
  endfacet
  facet normal 0 -1 0
    outer loop
      vertex -97.0108 -40 -88.19
      vertex -94.9562 -40 -85.5125
      vertex -97.0972 -40 -88.1281
    endloop
  endfacet
  facet normal 0 -1 -0
    outer loop
      vertex -94.9562 -40 -85.5125
      vertex -97.0108 -40 -88.19
      vertex -94.7033 -40 -85.72
    endloop
  endfacet
  facet normal 0 -1 0
    outer loop
      vertex -96.9286 -40 -88.2575
      vertex -94.7033 -40 -85.72
      vertex -97.0108 -40 -88.19
    endloop
  endfacet
  facet normal 0 -1 -0
    outer loop
      vertex -94.7033 -40 -85.72
      vertex -96.9286 -40 -88.2575
      vertex -94.4645 -40 -85.9437
    endloop
  endfacet
  facet normal 0 -1 0
    outer loop
      vertex -96.851 -40 -88.3302
      vertex -94.4645 -40 -85.9437
      vertex -96.9286 -40 -88.2575
    endloop
  endfacet
  facet normal 0 -1 -0
    outer loop
      vertex -94.4645 -40 -85.9437
      vertex -96.851 -40 -88.3302
      vertex -94.2408 -40 -86.1825
    endloop
  endfacet
  facet normal 0 -1 0
    outer loop
      vertex -96.7783 -40 -88.4078
      vertex -94.2408 -40 -86.1825
      vertex -96.851 -40 -88.3302
    endloop
  endfacet
  facet normal 0 -1 -0
    outer loop
      vertex -94.2408 -40 -86.1825
      vertex -96.7783 -40 -88.4078
      vertex -94.0332 -40 -86.4354
    endloop
  endfacet
  facet normal 0 -1 0
    outer loop
      vertex -96.7108 -40 -88.49
      vertex -94.0332 -40 -86.4354
      vertex -96.7783 -40 -88.4078
    endloop
  endfacet
  facet normal 0 -1 -0
    outer loop
      vertex -94.0332 -40 -86.4354
      vertex -96.7108 -40 -88.49
      vertex -93.8427 -40 -86.7014
    endloop
  endfacet
  facet normal 0 -1 0
    outer loop
      vertex -96.6489 -40 -88.5764
      vertex -93.8427 -40 -86.7014
      vertex -96.7108 -40 -88.49
    endloop
  endfacet
  facet normal 0 -1 -0
    outer loop
      vertex -93.8427 -40 -86.7014
      vertex -96.6489 -40 -88.5764
      vertex -93.6699 -40 -86.9792
    endloop
  endfacet
  facet normal 0 -1 0
    outer loop
      vertex -96.5927 -40 -88.6667
      vertex -93.6699 -40 -86.9792
      vertex -96.6489 -40 -88.5764
    endloop
  endfacet
  facet normal 0 -1 -0
    outer loop
      vertex -93.6699 -40 -86.9792
      vertex -96.5927 -40 -88.6667
      vertex -93.5156 -40 -87.2678
    endloop
  endfacet
  facet normal 0 -1 0
    outer loop
      vertex -96.5426 -40 -88.7605
      vertex -93.5156 -40 -87.2678
      vertex -96.5927 -40 -88.6667
    endloop
  endfacet
  facet normal 0 -1 -0
    outer loop
      vertex -93.5156 -40 -87.2678
      vertex -96.5426 -40 -88.7605
      vertex -93.3806 -40 -87.5658
    endloop
  endfacet
  facet normal 0 -1 0
    outer loop
      vertex -96.4987 -40 -88.8574
      vertex -93.3806 -40 -87.5658
      vertex -96.5426 -40 -88.7605
    endloop
  endfacet
  facet normal 0 -1 -0
    outer loop
      vertex -93.3806 -40 -87.5658
      vertex -96.4987 -40 -88.8574
      vertex -93.2654 -40 -87.872
    endloop
  endfacet
  facet normal 0 -1 0
    outer loop
      vertex -96.4612 -40 -88.9569
      vertex -93.2654 -40 -87.872
      vertex -96.4987 -40 -88.8574
    endloop
  endfacet
  facet normal 0 -1 -0
    outer loop
      vertex -93.2654 -40 -87.872
      vertex -96.4612 -40 -88.9569
      vertex -93.1704 -40 -88.1852
    endloop
  endfacet
  facet normal 0 -1 0
    outer loop
      vertex -96.4304 -40 -89.0587
      vertex -93.1704 -40 -88.1852
      vertex -96.4612 -40 -88.9569
    endloop
  endfacet
  facet normal 0 -1 -0
    outer loop
      vertex -93.1704 -40 -88.1852
      vertex -96.4304 -40 -89.0587
      vertex -93.0961 -40 -88.5038
    endloop
  endfacet
  facet normal 0 -1 0
    outer loop
      vertex -96.4062 -40 -89.1622
      vertex -93.0961 -40 -88.5038
      vertex -96.4304 -40 -89.0587
    endloop
  endfacet
  facet normal 0 -1 -0
    outer loop
      vertex -93.0961 -40 -88.5038
      vertex -96.4062 -40 -89.1622
      vertex -93.0428 -40 -88.8266
    endloop
  endfacet
  facet normal 0 -1 0
    outer loop
      vertex -96.3889 -40 -89.2671
      vertex -93.0428 -40 -88.8266
      vertex -96.4062 -40 -89.1622
    endloop
  endfacet
  facet normal 0 -1 -0
    outer loop
      vertex -93.0428 -40 -88.8266
      vertex -96.3889 -40 -89.2671
      vertex -93.0107 -40 -89.1522
    endloop
  endfacet
  facet normal 0 -1 0
    outer loop
      vertex -96.3785 -40 -89.373
      vertex -93.0107 -40 -89.1522
      vertex -96.3889 -40 -89.2671
    endloop
  endfacet
  facet normal 0 -1 0
    outer loop
      vertex -96.375 -40 -89.4792
      vertex -93.0107 -40 -89.1522
      vertex -96.3785 -40 -89.373
    endloop
  endfacet
  facet normal 0 -1 0
    outer loop
      vertex -96.375 -40 -89.4792
      vertex -93 -40 -89.4792
      vertex -93.0107 -40 -89.1522
    endloop
  endfacet
  facet normal 0 -1 0
    outer loop
      vertex -96.3785 -40 -89.5855
      vertex -93 -40 -89.4792
      vertex -96.375 -40 -89.4792
    endloop
  endfacet
  facet normal 0 -1 0
    outer loop
      vertex -93.0107 -40 -89.8063
      vertex -96.3785 -40 -89.5855
      vertex -96.3889 -40 -89.6914
    endloop
  endfacet
  facet normal 0 -1 0
    outer loop
      vertex -93.0428 -40 -90.1319
      vertex -96.3889 -40 -89.6914
      vertex -96.4062 -40 -89.7963
    endloop
  endfacet
  facet normal 0 -1 0
    outer loop
      vertex -96.3785 -40 -89.5855
      vertex -93.0107 -40 -89.8063
      vertex -93 -40 -89.4792
    endloop
  endfacet
  facet normal 0 -1 0
    outer loop
      vertex -93.0961 -40 -90.4547
      vertex -96.4062 -40 -89.7963
      vertex -96.4304 -40 -89.8998
    endloop
  endfacet
  facet normal 0 -1 0
    outer loop
      vertex -93.1704 -40 -90.7733
      vertex -96.4304 -40 -89.8998
      vertex -96.4612 -40 -90.0016
    endloop
  endfacet
  facet normal 0 -1 0
    outer loop
      vertex -93.2654 -40 -91.0864
      vertex -96.4612 -40 -90.0016
      vertex -96.4987 -40 -90.1011
    endloop
  endfacet
  facet normal 0 -1 0
    outer loop
      vertex -96.3889 -40 -89.6914
      vertex -93.0428 -40 -90.1319
      vertex -93.0107 -40 -89.8063
    endloop
  endfacet
  facet normal 0 -1 0
    outer loop
      vertex -93.3806 -40 -91.3927
      vertex -96.4987 -40 -90.1011
      vertex -96.5426 -40 -90.198
    endloop
  endfacet
  facet normal 0 -1 0
    outer loop
      vertex -93.5156 -40 -91.6907
      vertex -96.5426 -40 -90.198
      vertex -96.5927 -40 -90.2917
    endloop
  endfacet
  facet normal 0 -1 0
    outer loop
      vertex -93.6699 -40 -91.9792
      vertex -96.5927 -40 -90.2917
      vertex -96.6489 -40 -90.382
    endloop
  endfacet
  facet normal 0 -1 0
    outer loop
      vertex -96.4062 -40 -89.7963
      vertex -93.0961 -40 -90.4547
      vertex -93.0428 -40 -90.1319
    endloop
  endfacet
  facet normal 0 -1 0
    outer loop
      vertex -93.8427 -40 -92.2571
      vertex -96.6489 -40 -90.382
      vertex -96.7108 -40 -90.4685
    endloop
  endfacet
  facet normal 0 -1 0
    outer loop
      vertex -94.0332 -40 -92.5231
      vertex -96.7108 -40 -90.4685
      vertex -96.7783 -40 -90.5507
    endloop
  endfacet
  facet normal 0 -1 0
    outer loop
      vertex -94.2408 -40 -92.776
      vertex -96.7783 -40 -90.5507
      vertex -96.851 -40 -90.6283
    endloop
  endfacet
  facet normal 0 -1 0
    outer loop
      vertex -94.4645 -40 -93.0148
      vertex -96.851 -40 -90.6283
      vertex -96.9286 -40 -90.701
    endloop
  endfacet
  facet normal 0 -1 0
    outer loop
      vertex -94.7033 -40 -93.2384
      vertex -96.9286 -40 -90.701
      vertex -97.0108 -40 -90.7684
    endloop
  endfacet
  facet normal 0 -1 0
    outer loop
      vertex -96.4304 -40 -89.8998
      vertex -93.1704 -40 -90.7733
      vertex -93.0961 -40 -90.4547
    endloop
  endfacet
  facet normal 0 -1 0
    outer loop
      vertex -94.9562 -40 -93.446
      vertex -97.0108 -40 -90.7684
      vertex -97.0972 -40 -90.8304
    endloop
  endfacet
  facet normal 0 -1 0
    outer loop
      vertex -95.2222 -40 -93.6366
      vertex -97.0972 -40 -90.8304
      vertex -97.1875 -40 -90.8865
    endloop
  endfacet
  facet normal 0 -1 0
    outer loop
      vertex -95.5 -40 -93.8094
      vertex -97.1875 -40 -90.8865
      vertex -97.2813 -40 -90.9367
    endloop
  endfacet
  facet normal 0 -1 0
    outer loop
      vertex -95.7886 -40 -93.9636
      vertex -97.2813 -40 -90.9367
      vertex -97.3781 -40 -90.9806
    endloop
  endfacet
  facet normal 0 -1 0
    outer loop
      vertex -96.0866 -40 -94.0986
      vertex -97.3781 -40 -90.9806
      vertex -97.4777 -40 -91.018
    endloop
  endfacet
  facet normal 0 -1 0
    outer loop
      vertex -96.3928 -40 -94.2139
      vertex -97.4777 -40 -91.018
      vertex -97.5794 -40 -91.0489
    endloop
  endfacet
  facet normal 0 -1 0
    outer loop
      vertex -96.7059 -40 -94.3089
      vertex -97.5794 -40 -91.0489
      vertex -97.683 -40 -91.073
    endloop
  endfacet
  facet normal 0 -1 0
    outer loop
      vertex -96.4612 -40 -90.0016
      vertex -93.2654 -40 -91.0864
      vertex -93.1704 -40 -90.7733
    endloop
  endfacet
  facet normal 0 -1 0
    outer loop
      vertex -97.0246 -40 -94.3832
      vertex -97.683 -40 -91.073
      vertex -97.7879 -40 -91.0903
    endloop
  endfacet
  facet normal 0 -1 0
    outer loop
      vertex -97.3474 -40 -94.4365
      vertex -97.7879 -40 -91.0903
      vertex -97.8937 -40 -91.1008
    endloop
  endfacet
  facet normal 0 -1 0
    outer loop
      vertex -97.673 -40 -94.4685
      vertex -97.8937 -40 -91.1008
      vertex -98 -40 -91.1042
    endloop
  endfacet
  facet normal 0 -1 -0
    outer loop
      vertex -98.9028 -40 -90.8304
      vertex -100.778 -40 -93.6366
      vertex -98.8125 -40 -90.8865
    endloop
  endfacet
  facet normal 0 -1 0
    outer loop
      vertex -96.4987 -40 -90.1011
      vertex -93.3806 -40 -91.3927
      vertex -93.2654 -40 -91.0864
    endloop
  endfacet
  facet normal 0 -1 0
    outer loop
      vertex -100.5 -40 -93.8094
      vertex -98.8125 -40 -90.8865
      vertex -100.778 -40 -93.6366
    endloop
  endfacet
  facet normal 0 -1 0
    outer loop
      vertex -96.5426 -40 -90.198
      vertex -93.5156 -40 -91.6907
      vertex -93.3806 -40 -91.3927
    endloop
  endfacet
  facet normal 0 -1 -0
    outer loop
      vertex -98.8125 -40 -90.8865
      vertex -100.5 -40 -93.8094
      vertex -98.7187 -40 -90.9367
    endloop
  endfacet
  facet normal 0 -1 0
    outer loop
      vertex -96.5927 -40 -90.2917
      vertex -93.6699 -40 -91.9792
      vertex -93.5156 -40 -91.6907
    endloop
  endfacet
  facet normal 0 -1 0
    outer loop
      vertex -100.211 -40 -93.9636
      vertex -98.7187 -40 -90.9367
      vertex -100.5 -40 -93.8094
    endloop
  endfacet
  facet normal 0 -1 0
    outer loop
      vertex -96.6489 -40 -90.382
      vertex -93.8427 -40 -92.2571
      vertex -93.6699 -40 -91.9792
    endloop
  endfacet
  facet normal 0 -1 -0
    outer loop
      vertex -98.7187 -40 -90.9367
      vertex -100.211 -40 -93.9636
      vertex -98.6219 -40 -90.9806
    endloop
  endfacet
  facet normal 0 -1 0
    outer loop
      vertex -96.7108 -40 -90.4685
      vertex -94.0332 -40 -92.5231
      vertex -93.8427 -40 -92.2571
    endloop
  endfacet
  facet normal 0 -1 0
    outer loop
      vertex -99.9134 -40 -94.0986
      vertex -98.6219 -40 -90.9806
      vertex -100.211 -40 -93.9636
    endloop
  endfacet
  facet normal 0 -1 0
    outer loop
      vertex -96.7783 -40 -90.5507
      vertex -94.2408 -40 -92.776
      vertex -94.0332 -40 -92.5231
    endloop
  endfacet
  facet normal 0 -1 -0
    outer loop
      vertex -98.6219 -40 -90.9806
      vertex -99.9134 -40 -94.0986
      vertex -98.5223 -40 -91.018
    endloop
  endfacet
  facet normal 0 -1 0
    outer loop
      vertex -96.851 -40 -90.6283
      vertex -94.4645 -40 -93.0148
      vertex -94.2408 -40 -92.776
    endloop
  endfacet
  facet normal 0 -1 0
    outer loop
      vertex -99.6072 -40 -94.2139
      vertex -98.5223 -40 -91.018
      vertex -99.9134 -40 -94.0986
    endloop
  endfacet
  facet normal 0 -1 0
    outer loop
      vertex -96.9286 -40 -90.701
      vertex -94.7033 -40 -93.2384
      vertex -94.4645 -40 -93.0148
    endloop
  endfacet
  facet normal 0 -1 -0
    outer loop
      vertex -98.5223 -40 -91.018
      vertex -99.6072 -40 -94.2139
      vertex -98.4206 -40 -91.0489
    endloop
  endfacet
  facet normal 0 -1 0
    outer loop
      vertex -97.0108 -40 -90.7684
      vertex -94.9562 -40 -93.446
      vertex -94.7033 -40 -93.2384
    endloop
  endfacet
  facet normal 0 -1 0
    outer loop
      vertex -99.2941 -40 -94.3089
      vertex -98.4206 -40 -91.0489
      vertex -99.6072 -40 -94.2139
    endloop
  endfacet
  facet normal 0 -1 0
    outer loop
      vertex -97.0972 -40 -90.8304
      vertex -95.2222 -40 -93.6366
      vertex -94.9562 -40 -93.446
    endloop
  endfacet
  facet normal 0 -1 -0
    outer loop
      vertex -98.4206 -40 -91.0489
      vertex -99.2941 -40 -94.3089
      vertex -98.317 -40 -91.073
    endloop
  endfacet
  facet normal 0 -1 0
    outer loop
      vertex -97.1875 -40 -90.8865
      vertex -95.5 -40 -93.8094
      vertex -95.2222 -40 -93.6366
    endloop
  endfacet
  facet normal 0 -1 0
    outer loop
      vertex -98.9754 -40 -94.3832
      vertex -98.317 -40 -91.073
      vertex -99.2941 -40 -94.3089
    endloop
  endfacet
  facet normal 0 -1 0
    outer loop
      vertex -97.2813 -40 -90.9367
      vertex -95.7886 -40 -93.9636
      vertex -95.5 -40 -93.8094
    endloop
  endfacet
  facet normal 0 -1 -0
    outer loop
      vertex -98.317 -40 -91.073
      vertex -98.9754 -40 -94.3832
      vertex -98.2121 -40 -91.0903
    endloop
  endfacet
  facet normal 0 -1 0
    outer loop
      vertex -97.3781 -40 -90.9806
      vertex -96.0866 -40 -94.0986
      vertex -95.7886 -40 -93.9636
    endloop
  endfacet
  facet normal 0 -1 0
    outer loop
      vertex -98.6526 -40 -94.4365
      vertex -98.2121 -40 -91.0903
      vertex -98.9754 -40 -94.3832
    endloop
  endfacet
  facet normal 0 -1 0
    outer loop
      vertex -97.4777 -40 -91.018
      vertex -96.3928 -40 -94.2139
      vertex -96.0866 -40 -94.0986
    endloop
  endfacet
  facet normal 0 -1 -0
    outer loop
      vertex -98.2121 -40 -91.0903
      vertex -98.6526 -40 -94.4365
      vertex -98.1063 -40 -91.1008
    endloop
  endfacet
  facet normal 0 -1 0
    outer loop
      vertex -97.5794 -40 -91.0489
      vertex -96.7059 -40 -94.3089
      vertex -96.3928 -40 -94.2139
    endloop
  endfacet
  facet normal 0 -1 0
    outer loop
      vertex -98.327 -40 -94.4685
      vertex -98.1063 -40 -91.1008
      vertex -98.6526 -40 -94.4365
    endloop
  endfacet
  facet normal 0 -1 0
    outer loop
      vertex -97.683 -40 -91.073
      vertex -97.0246 -40 -94.3832
      vertex -96.7059 -40 -94.3089
    endloop
  endfacet
  facet normal 0 -1 -0
    outer loop
      vertex -98.1063 -40 -91.1008
      vertex -98.327 -40 -94.4685
      vertex -98 -40 -91.1042
    endloop
  endfacet
  facet normal 0 -1 0
    outer loop
      vertex -97.7879 -40 -91.0903
      vertex -97.3474 -40 -94.4365
      vertex -97.0246 -40 -94.3832
    endloop
  endfacet
  facet normal 0 -1 0
    outer loop
      vertex -98 -40 -94.4792
      vertex -98 -40 -91.1042
      vertex -98.327 -40 -94.4685
    endloop
  endfacet
  facet normal 0 -1 0
    outer loop
      vertex -97.8937 -40 -91.1008
      vertex -97.673 -40 -94.4685
      vertex -97.3474 -40 -94.4365
    endloop
  endfacet
  facet normal 0 -1 0
    outer loop
      vertex -98 -40 -91.1042
      vertex -98 -40 -94.4792
      vertex -97.673 -40 -94.4685
    endloop
  endfacet
  facet normal -0.995205 0 0.0978089
    outer loop
      vertex -102.989 -40 -89.1522
      vertex -102.957 -16 -88.8266
      vertex -102.989 -16 -89.1522
    endloop
  endfacet
  facet normal -0.995205 0 0.0978089
    outer loop
      vertex -102.957 -16 -88.8266
      vertex -102.989 -40 -89.1522
      vertex -102.957 -40 -88.8266
    endloop
  endfacet
  facet normal -0.634153 0 0.773208
    outer loop
      vertex -101.297 -16 -85.72
      vertex -101.044 -40 -85.5125
      vertex -101.044 -16 -85.5125
    endloop
  endfacet
  facet normal -0.634153 0 0.773208
    outer loop
      vertex -101.044 -40 -85.5125
      vertex -101.297 -16 -85.72
      vertex -101.297 -40 -85.72
    endloop
  endfacet
  facet normal -0.227046 0 0.973884
    outer loop
      vertex -99.2941 -16 -84.6496
      vertex -98.9754 -40 -84.5753
      vertex -98.9754 -16 -84.5753
    endloop
  endfacet
  facet normal -0.227046 0 0.973884
    outer loop
      vertex -98.9754 -40 -84.5753
      vertex -99.2941 -16 -84.6496
      vertex -99.2941 -40 -84.6496
    endloop
  endfacet
  facet normal 0.849215 0 -0.528047
    outer loop
      vertex -93.6699 -40 -91.9792
      vertex -93.8427 -16 -92.2571
      vertex -93.6699 -16 -91.9792
    endloop
  endfacet
  facet normal 0.849215 0 -0.528047
    outer loop
      vertex -93.8427 -16 -92.2571
      vertex -93.6699 -40 -91.9792
      vertex -93.8427 -40 -92.2571
    endloop
  endfacet
  facet normal 0.973868 0 -0.227114
    outer loop
      vertex -93.0961 -40 -90.4547
      vertex -93.1704 -16 -90.7733
      vertex -93.0961 -16 -90.4547
    endloop
  endfacet
  facet normal 0.973868 0 -0.227114
    outer loop
      vertex -93.1704 -16 -90.7733
      vertex -93.0961 -40 -90.4547
      vertex -93.1704 -40 -90.7733
    endloop
  endfacet
  facet normal -0.227046 0 -0.973884
    outer loop
      vertex -99.2941 -40 -94.3089
      vertex -98.9754 -16 -94.3832
      vertex -98.9754 -40 -94.3832
    endloop
  endfacet
  facet normal -0.227046 0 -0.973884
    outer loop
      vertex -98.9754 -16 -94.3832
      vertex -99.2941 -40 -94.3089
      vertex -99.2941 -16 -94.3089
    endloop
  endfacet
  facet normal -0.956922 0 -0.290347
    outer loop
      vertex -102.735 -40 -91.0864
      vertex -102.83 -16 -90.7733
      vertex -102.735 -16 -91.0864
    endloop
  endfacet
  facet normal -0.956922 -0 -0.290347
    outer loop
      vertex -102.83 -16 -90.7733
      vertex -102.735 -40 -91.0864
      vertex -102.83 -40 -90.7733
    endloop
  endfacet
  facet normal -0.995205 0 -0.0978089
    outer loop
      vertex -102.957 -40 -90.1319
      vertex -102.989 -16 -89.8063
      vertex -102.957 -16 -90.1319
    endloop
  endfacet
  facet normal -0.995205 -0 -0.0978089
    outer loop
      vertex -102.989 -16 -89.8063
      vertex -102.957 -40 -90.1319
      vertex -102.989 -40 -89.8063
    endloop
  endfacet
  facet normal -0.999457 0 -0.0329388
    outer loop
      vertex -96.375 -40 -89.4792
      vertex -96.3785 -16 -89.373
      vertex -96.375 -16 -89.4792
    endloop
  endfacet
  facet normal -0.999457 -0 -0.0329388
    outer loop
      vertex -96.3785 -16 -89.373
      vertex -96.375 -40 -89.4792
      vertex -96.3785 -40 -89.373
    endloop
  endfacet
  facet normal 0.999457 0 -0.0329388
    outer loop
      vertex -99.6215 -40 -89.373
      vertex -99.625 -16 -89.4792
      vertex -99.6215 -16 -89.373
    endloop
  endfacet
  facet normal 0.999457 0 -0.0329388
    outer loop
      vertex -99.625 -16 -89.4792
      vertex -99.6215 -40 -89.373
      vertex -99.625 -40 -89.4792
    endloop
  endfacet
  facet normal -0.0329078 0 -0.999458
    outer loop
      vertex -98 -40 -87.8542
      vertex -97.8937 -16 -87.8577
      vertex -97.8937 -40 -87.8577
    endloop
  endfacet
  facet normal -0.0329078 0 -0.999458
    outer loop
      vertex -97.8937 -16 -87.8577
      vertex -98 -40 -87.8542
      vertex -98 -16 -87.8542
    endloop
  endfacet
  facet normal 0.0319686 0 0.999489
    outer loop
      vertex -98.1063 -16 -91.1008
      vertex -98 -40 -91.1042
      vertex -98 -16 -91.1042
    endloop
  endfacet
  facet normal 0.0319686 0 0.999489
    outer loop
      vertex -98 -40 -91.1042
      vertex -98.1063 -16 -91.1008
      vertex -98.1063 -40 -91.1008
    endloop
  endfacet
  facet normal -0.683691 0 -0.729772
    outer loop
      vertex -96.9286 -40 -88.2575
      vertex -96.851 -16 -88.3302
      vertex -96.851 -40 -88.3302
    endloop
  endfacet
  facet normal -0.683691 0 -0.729772
    outer loop
      vertex -96.851 -16 -88.3302
      vertex -96.9286 -40 -88.2575
      vertex -96.9286 -16 -88.2575
    endloop
  endfacet
  facet normal 0.683691 0 -0.729772
    outer loop
      vertex -99.149 -40 -88.3302
      vertex -99.0714 -16 -88.2575
      vertex -99.0714 -40 -88.2575
    endloop
  endfacet
  facet normal 0.683691 0 -0.729772
    outer loop
      vertex -99.0714 -16 -88.2575
      vertex -99.149 -40 -88.3302
      vertex -99.149 -16 -88.3302
    endloop
  endfacet
  facet normal 0.351535 0 -0.936175
    outer loop
      vertex -98.6219 -40 -87.9779
      vertex -98.5223 -16 -87.9405
      vertex -98.5223 -40 -87.9405
    endloop
  endfacet
  facet normal 0.351535 0 -0.936175
    outer loop
      vertex -98.5223 -16 -87.9405
      vertex -98.6219 -40 -87.9779
      vertex -98.6219 -16 -87.9779
    endloop
  endfacet
  facet normal -0.910881 0 -0.412669
    outer loop
      vertex -96.4987 -40 -88.8574
      vertex -96.5426 -16 -88.7605
      vertex -96.4987 -16 -88.8574
    endloop
  endfacet
  facet normal -0.910881 -0 -0.412669
    outer loop
      vertex -96.5426 -16 -88.7605
      vertex -96.4987 -40 -88.8574
      vertex -96.5426 -40 -88.7605
    endloop
  endfacet
  facet normal -0.351535 0 -0.936175
    outer loop
      vertex -97.4777 -40 -87.9405
      vertex -97.3781 -16 -87.9779
      vertex -97.3781 -40 -87.9779
    endloop
  endfacet
  facet normal -0.351535 0 -0.936175
    outer loop
      vertex -97.3781 -16 -87.9779
      vertex -97.4777 -40 -87.9405
      vertex -97.4777 -16 -87.9405
    endloop
  endfacet
  facet normal -0.527714 0 -0.849422
    outer loop
      vertex -97.1875 -40 -88.072
      vertex -97.0972 -16 -88.1281
      vertex -97.0972 -40 -88.1281
    endloop
  endfacet
  facet normal -0.527714 0 -0.849422
    outer loop
      vertex -97.0972 -16 -88.1281
      vertex -97.1875 -40 -88.072
      vertex -97.1875 -16 -88.072
    endloop
  endfacet
  facet normal 0.910881 0 -0.412669
    outer loop
      vertex -99.4574 -40 -88.7605
      vertex -99.5013 -16 -88.8574
      vertex -99.4574 -16 -88.7605
    endloop
  endfacet
  facet normal 0.910881 0 -0.412669
    outer loop
      vertex -99.5013 -16 -88.8574
      vertex -99.4574 -40 -88.7605
      vertex -99.5013 -40 -88.8574
    endloop
  endfacet
  facet normal 0.163636 0 -0.986521
    outer loop
      vertex -98.317 -40 -87.8855
      vertex -98.2121 -16 -87.8681
      vertex -98.2121 -40 -87.8681
    endloop
  endfacet
  facet normal 0.163636 0 -0.986521
    outer loop
      vertex -98.2121 -16 -87.8681
      vertex -98.317 -40 -87.8855
      vertex -98.317 -16 -87.8855
    endloop
  endfacet
  facet normal 0.729772 -0 0.683691
    outer loop
      vertex -99.2217 -40 -90.5507
      vertex -99.149 -16 -90.6283
      vertex -99.2217 -16 -90.5507
    endloop
  endfacet
  facet normal 0.729772 0 0.683691
    outer loop
      vertex -99.149 -16 -90.6283
      vertex -99.2217 -40 -90.5507
      vertex -99.149 -40 -90.6283
    endloop
  endfacet
  facet normal -0.973737 0 -0.227676
    outer loop
      vertex -96.4062 -40 -89.1622
      vertex -96.4304 -16 -89.0587
      vertex -96.4062 -16 -89.1622
    endloop
  endfacet
  facet normal -0.973737 -0 -0.227676
    outer loop
      vertex -96.4304 -16 -89.0587
      vertex -96.4062 -40 -89.1622
      vertex -96.4304 -40 -89.0587
    endloop
  endfacet
  facet normal -0.957151 0 -0.28959
    outer loop
      vertex -96.4304 -40 -89.0587
      vertex -96.4612 -16 -88.9569
      vertex -96.4304 -16 -89.0587
    endloop
  endfacet
  facet normal -0.957151 -0 -0.28959
    outer loop
      vertex -96.4612 -16 -88.9569
      vertex -96.4304 -40 -89.0587
      vertex -96.4612 -40 -88.9569
    endloop
  endfacet
  facet normal -0.812906 0 -0.582395
    outer loop
      vertex -96.6489 -40 -88.5764
      vertex -96.7108 -16 -88.49
      vertex -96.6489 -16 -88.5764
    endloop
  endfacet
  facet normal -0.812906 -0 -0.582395
    outer loop
      vertex -96.7108 -16 -88.49
      vertex -96.6489 -40 -88.5764
      vertex -96.7108 -40 -88.49
    endloop
  endfacet
  facet normal -0.772825 0 -0.634619
    outer loop
      vertex -96.7108 -40 -88.49
      vertex -96.7783 -16 -88.4078
      vertex -96.7108 -16 -88.49
    endloop
  endfacet
  facet normal -0.772825 -0 -0.634619
    outer loop
      vertex -96.7783 -16 -88.4078
      vertex -96.7108 -40 -88.49
      vertex -96.7783 -40 -88.4078
    endloop
  endfacet
  facet normal -0.849 0 -0.528392
    outer loop
      vertex -96.5927 -40 -88.6667
      vertex -96.6489 -16 -88.5764
      vertex -96.5927 -16 -88.6667
    endloop
  endfacet
  facet normal -0.849 -0 -0.528392
    outer loop
      vertex -96.6489 -16 -88.5764
      vertex -96.5927 -40 -88.6667
      vertex -96.6489 -40 -88.5764
    endloop
  endfacet
  facet normal -0.226576 0 -0.973994
    outer loop
      vertex -97.683 -40 -87.8855
      vertex -97.5794 -16 -87.9096
      vertex -97.5794 -40 -87.9096
    endloop
  endfacet
  facet normal -0.226576 0 -0.973994
    outer loop
      vertex -97.5794 -16 -87.9096
      vertex -97.683 -40 -87.8855
      vertex -97.683 -16 -87.8855
    endloop
  endfacet
  facet normal -0.290712 0 -0.956811
    outer loop
      vertex -97.5794 -40 -87.9096
      vertex -97.4777 -16 -87.9405
      vertex -97.4777 -40 -87.9405
    endloop
  endfacet
  facet normal -0.290712 0 -0.956811
    outer loop
      vertex -97.4777 -16 -87.9405
      vertex -97.5794 -40 -87.9096
      vertex -97.5794 -16 -87.9096
    endloop
  endfacet
  facet normal -0.163636 0 -0.986521
    outer loop
      vertex -97.7879 -40 -87.8681
      vertex -97.683 -16 -87.8855
      vertex -97.683 -40 -87.8855
    endloop
  endfacet
  facet normal -0.163636 0 -0.986521
    outer loop
      vertex -97.683 -16 -87.8855
      vertex -97.7879 -40 -87.8681
      vertex -97.7879 -16 -87.8681
    endloop
  endfacet
  facet normal -0.413023 0 -0.910721
    outer loop
      vertex -97.3781 -40 -87.9779
      vertex -97.2813 -16 -88.0218
      vertex -97.2813 -40 -88.0218
    endloop
  endfacet
  facet normal -0.413023 0 -0.910721
    outer loop
      vertex -97.2813 -16 -88.0218
      vertex -97.3781 -40 -87.9779
      vertex -97.3781 -16 -87.9779
    endloop
  endfacet
  facet normal -0.582395 0 -0.812906
    outer loop
      vertex -97.0972 -40 -88.1281
      vertex -97.0108 -16 -88.19
      vertex -97.0108 -40 -88.19
    endloop
  endfacet
  facet normal -0.582395 0 -0.812906
    outer loop
      vertex -97.0108 -16 -88.19
      vertex -97.0972 -40 -88.1281
      vertex -97.0972 -16 -88.1281
    endloop
  endfacet
  facet normal 0.957151 0 -0.28959
    outer loop
      vertex -99.5388 -40 -88.9569
      vertex -99.5696 -16 -89.0587
      vertex -99.5388 -16 -88.9569
    endloop
  endfacet
  facet normal 0.957151 0 -0.28959
    outer loop
      vertex -99.5696 -16 -89.0587
      vertex -99.5388 -40 -88.9569
      vertex -99.5696 -40 -89.0587
    endloop
  endfacet
  facet normal 0.772825 0 -0.634619
    outer loop
      vertex -99.2217 -40 -88.4078
      vertex -99.2892 -16 -88.49
      vertex -99.2217 -16 -88.4078
    endloop
  endfacet
  facet normal 0.772825 0 -0.634619
    outer loop
      vertex -99.2892 -16 -88.49
      vertex -99.2217 -40 -88.4078
      vertex -99.2892 -40 -88.49
    endloop
  endfacet
  facet normal 0.729772 0 -0.683691
    outer loop
      vertex -99.149 -40 -88.3302
      vertex -99.2217 -16 -88.4078
      vertex -99.149 -16 -88.3302
    endloop
  endfacet
  facet normal 0.729772 0 -0.683691
    outer loop
      vertex -99.2217 -16 -88.4078
      vertex -99.149 -40 -88.3302
      vertex -99.2217 -40 -88.4078
    endloop
  endfacet
  facet normal 0.849 0 -0.528392
    outer loop
      vertex -99.3511 -40 -88.5764
      vertex -99.4073 -16 -88.6667
      vertex -99.3511 -16 -88.5764
    endloop
  endfacet
  facet normal 0.849 0 -0.528392
    outer loop
      vertex -99.4073 -16 -88.6667
      vertex -99.3511 -40 -88.5764
      vertex -99.4073 -40 -88.6667
    endloop
  endfacet
  facet normal 0.935748 0 -0.352669
    outer loop
      vertex -99.5013 -40 -88.8574
      vertex -99.5388 -16 -88.9569
      vertex -99.5013 -16 -88.8574
    endloop
  endfacet
  facet normal 0.935748 0 -0.352669
    outer loop
      vertex -99.5388 -16 -88.9569
      vertex -99.5013 -40 -88.8574
      vertex -99.5388 -40 -88.9569
    endloop
  endfacet
  facet normal 0.986672 0 -0.162721
    outer loop
      vertex -99.5938 -40 -89.1622
      vertex -99.6111 -16 -89.2671
      vertex -99.5938 -16 -89.1622
    endloop
  endfacet
  facet normal 0.986672 0 -0.162721
    outer loop
      vertex -99.6111 -16 -89.2671
      vertex -99.5938 -40 -89.1622
      vertex -99.6111 -40 -89.2671
    endloop
  endfacet
  facet normal 0.527714 0 -0.849422
    outer loop
      vertex -98.9028 -40 -88.1281
      vertex -98.8125 -16 -88.072
      vertex -98.8125 -40 -88.072
    endloop
  endfacet
  facet normal 0.527714 0 -0.849422
    outer loop
      vertex -98.8125 -16 -88.072
      vertex -98.9028 -40 -88.1281
      vertex -98.9028 -16 -88.1281
    endloop
  endfacet
  facet normal 0.471856 0 -0.881676
    outer loop
      vertex -98.8125 -40 -88.072
      vertex -98.7187 -16 -88.0218
      vertex -98.7187 -40 -88.0218
    endloop
  endfacet
  facet normal 0.471856 0 -0.881676
    outer loop
      vertex -98.7187 -16 -88.0218
      vertex -98.8125 -40 -88.072
      vertex -98.8125 -16 -88.072
    endloop
  endfacet
  facet normal 0.634619 0 -0.772825
    outer loop
      vertex -99.0714 -40 -88.2575
      vertex -98.9892 -16 -88.19
      vertex -98.9892 -40 -88.19
    endloop
  endfacet
  facet normal 0.634619 0 -0.772825
    outer loop
      vertex -98.9892 -16 -88.19
      vertex -99.0714 -40 -88.2575
      vertex -99.0714 -16 -88.2575
    endloop
  endfacet
  facet normal 0.290712 0 -0.956811
    outer loop
      vertex -98.5223 -40 -87.9405
      vertex -98.4206 -16 -87.9096
      vertex -98.4206 -40 -87.9096
    endloop
  endfacet
  facet normal 0.290712 0 -0.956811
    outer loop
      vertex -98.4206 -16 -87.9096
      vertex -98.5223 -40 -87.9405
      vertex -98.5223 -16 -87.9405
    endloop
  endfacet
  facet normal 0.0978272 0 -0.995203
    outer loop
      vertex -98.2121 -40 -87.8681
      vertex -98.1063 -16 -87.8577
      vertex -98.1063 -40 -87.8577
    endloop
  endfacet
  facet normal 0.0978272 0 -0.995203
    outer loop
      vertex -98.1063 -16 -87.8577
      vertex -98.2121 -40 -87.8681
      vertex -98.2121 -16 -87.8681
    endloop
  endfacet
  facet normal -0.729772 0 0.683691
    outer loop
      vertex -96.851 -40 -90.6283
      vertex -96.7783 -16 -90.5507
      vertex -96.851 -16 -90.6283
    endloop
  endfacet
  facet normal -0.729772 0 0.683691
    outer loop
      vertex -96.7783 -16 -90.5507
      vertex -96.851 -40 -90.6283
      vertex -96.7783 -40 -90.5507
    endloop
  endfacet
  facet normal -0.413023 0 0.910721
    outer loop
      vertex -97.3781 -16 -90.9806
      vertex -97.2813 -40 -90.9367
      vertex -97.2813 -16 -90.9367
    endloop
  endfacet
  facet normal -0.413023 0 0.910721
    outer loop
      vertex -97.2813 -40 -90.9367
      vertex -97.3781 -16 -90.9806
      vertex -97.3781 -40 -90.9806
    endloop
  endfacet
  facet normal -0.957151 0 0.28959
    outer loop
      vertex -96.4612 -40 -90.0016
      vertex -96.4304 -16 -89.8998
      vertex -96.4612 -16 -90.0016
    endloop
  endfacet
  facet normal -0.957151 0 0.28959
    outer loop
      vertex -96.4304 -16 -89.8998
      vertex -96.4612 -40 -90.0016
      vertex -96.4304 -40 -89.8998
    endloop
  endfacet
  facet normal 0.290712 0 0.956811
    outer loop
      vertex -98.5223 -16 -91.018
      vertex -98.4206 -40 -91.0489
      vertex -98.4206 -16 -91.0489
    endloop
  endfacet
  facet normal 0.290712 0 0.956811
    outer loop
      vertex -98.4206 -40 -91.0489
      vertex -98.5223 -16 -91.018
      vertex -98.5223 -40 -91.018
    endloop
  endfacet
  facet normal 0.634057 0 0.773286
    outer loop
      vertex -99.0714 -16 -90.701
      vertex -98.9892 -40 -90.7684
      vertex -98.9892 -16 -90.7684
    endloop
  endfacet
  facet normal 0.634057 0 0.773286
    outer loop
      vertex -98.9892 -40 -90.7684
      vertex -99.0714 -16 -90.701
      vertex -99.0714 -40 -90.701
    endloop
  endfacet
  facet normal 0.683691 0 0.729772
    outer loop
      vertex -99.149 -16 -90.6283
      vertex -99.0714 -40 -90.701
      vertex -99.0714 -16 -90.701
    endloop
  endfacet
  facet normal 0.683691 0 0.729772
    outer loop
      vertex -99.0714 -40 -90.701
      vertex -99.149 -16 -90.6283
      vertex -99.149 -40 -90.6283
    endloop
  endfacet
  facet normal 0.413023 0 0.910721
    outer loop
      vertex -98.7187 -16 -90.9367
      vertex -98.6219 -40 -90.9806
      vertex -98.6219 -16 -90.9806
    endloop
  endfacet
  facet normal 0.413023 0 0.910721
    outer loop
      vertex -98.6219 -40 -90.9806
      vertex -98.7187 -16 -90.9367
      vertex -98.7187 -40 -90.9367
    endloop
  endfacet
  facet normal 0.527714 0 0.849422
    outer loop
      vertex -98.9028 -16 -90.8304
      vertex -98.8125 -40 -90.8865
      vertex -98.8125 -16 -90.8865
    endloop
  endfacet
  facet normal 0.527714 0 0.849422
    outer loop
      vertex -98.8125 -40 -90.8865
      vertex -98.9028 -16 -90.8304
      vertex -98.9028 -40 -90.8304
    endloop
  endfacet
  facet normal 0.351535 0 0.936175
    outer loop
      vertex -98.6219 -16 -90.9806
      vertex -98.5223 -40 -91.018
      vertex -98.5223 -16 -91.018
    endloop
  endfacet
  facet normal 0.351535 0 0.936175
    outer loop
      vertex -98.5223 -40 -91.018
      vertex -98.6219 -16 -90.9806
      vertex -98.6219 -40 -90.9806
    endloop
  endfacet
  facet normal 0.162721 0 0.986672
    outer loop
      vertex -98.317 -16 -91.073
      vertex -98.2121 -40 -91.0903
      vertex -98.2121 -16 -91.0903
    endloop
  endfacet
  facet normal 0.162721 0 0.986672
    outer loop
      vertex -98.2121 -40 -91.0903
      vertex -98.317 -16 -91.073
      vertex -98.317 -40 -91.073
    endloop
  endfacet
  facet normal 0.849 -0 0.528392
    outer loop
      vertex -99.4073 -40 -90.2917
      vertex -99.3511 -16 -90.382
      vertex -99.4073 -16 -90.2917
    endloop
  endfacet
  facet normal 0.849 0 0.528392
    outer loop
      vertex -99.3511 -16 -90.382
      vertex -99.4073 -40 -90.2917
      vertex -99.3511 -40 -90.382
    endloop
  endfacet
  facet normal 0.935748 -0 0.352669
    outer loop
      vertex -99.5388 -40 -90.0016
      vertex -99.5013 -16 -90.1011
      vertex -99.5388 -16 -90.0016
    endloop
  endfacet
  facet normal 0.935748 0 0.352669
    outer loop
      vertex -99.5013 -16 -90.1011
      vertex -99.5388 -40 -90.0016
      vertex -99.5013 -40 -90.1011
    endloop
  endfacet
  facet normal -0.986672 0 -0.162721
    outer loop
      vertex -96.3889 -40 -89.2671
      vertex -96.4062 -16 -89.1622
      vertex -96.3889 -16 -89.2671
    endloop
  endfacet
  facet normal -0.986672 -0 -0.162721
    outer loop
      vertex -96.4062 -16 -89.1622
      vertex -96.3889 -40 -89.2671
      vertex -96.4062 -40 -89.1622
    endloop
  endfacet
  facet normal -0.995212 0 -0.0977357
    outer loop
      vertex -96.3785 -40 -89.373
      vertex -96.3889 -16 -89.2671
      vertex -96.3785 -16 -89.373
    endloop
  endfacet
  facet normal -0.995212 -0 -0.0977357
    outer loop
      vertex -96.3889 -16 -89.2671
      vertex -96.3785 -40 -89.373
      vertex -96.3889 -40 -89.2671
    endloop
  endfacet
  facet normal -0.935748 0 -0.352669
    outer loop
      vertex -96.4612 -40 -88.9569
      vertex -96.4987 -16 -88.8574
      vertex -96.4612 -16 -88.9569
    endloop
  endfacet
  facet normal -0.935748 -0 -0.352669
    outer loop
      vertex -96.4987 -16 -88.8574
      vertex -96.4612 -40 -88.9569
      vertex -96.4987 -40 -88.8574
    endloop
  endfacet
  facet normal -0.729772 0 -0.683691
    outer loop
      vertex -96.7783 -40 -88.4078
      vertex -96.851 -16 -88.3302
      vertex -96.7783 -16 -88.4078
    endloop
  endfacet
  facet normal -0.729772 -0 -0.683691
    outer loop
      vertex -96.851 -16 -88.3302
      vertex -96.7783 -40 -88.4078
      vertex -96.851 -40 -88.3302
    endloop
  endfacet
  facet normal -0.882066 0 -0.471125
    outer loop
      vertex -96.5426 -40 -88.7605
      vertex -96.5927 -16 -88.6667
      vertex -96.5426 -16 -88.7605
    endloop
  endfacet
  facet normal -0.882066 -0 -0.471125
    outer loop
      vertex -96.5927 -16 -88.6667
      vertex -96.5426 -40 -88.7605
      vertex -96.5927 -40 -88.6667
    endloop
  endfacet
  facet normal -0.0978272 0 -0.995203
    outer loop
      vertex -97.8937 -40 -87.8577
      vertex -97.7879 -16 -87.8681
      vertex -97.7879 -40 -87.8681
    endloop
  endfacet
  facet normal -0.0978272 0 -0.995203
    outer loop
      vertex -97.7879 -16 -87.8681
      vertex -97.8937 -40 -87.8577
      vertex -97.8937 -16 -87.8577
    endloop
  endfacet
  facet normal -0.471856 0 -0.881676
    outer loop
      vertex -97.2813 -40 -88.0218
      vertex -97.1875 -16 -88.072
      vertex -97.1875 -40 -88.072
    endloop
  endfacet
  facet normal -0.471856 0 -0.881676
    outer loop
      vertex -97.1875 -16 -88.072
      vertex -97.2813 -40 -88.0218
      vertex -97.2813 -16 -88.0218
    endloop
  endfacet
  facet normal -0.634619 0 -0.772825
    outer loop
      vertex -97.0108 -40 -88.19
      vertex -96.9286 -16 -88.2575
      vertex -96.9286 -40 -88.2575
    endloop
  endfacet
  facet normal -0.634619 0 -0.772825
    outer loop
      vertex -96.9286 -16 -88.2575
      vertex -97.0108 -40 -88.19
      vertex -97.0108 -16 -88.19
    endloop
  endfacet
  facet normal 0.812906 0 -0.582395
    outer loop
      vertex -99.2892 -40 -88.49
      vertex -99.3511 -16 -88.5764
      vertex -99.2892 -16 -88.49
    endloop
  endfacet
  facet normal 0.812906 0 -0.582395
    outer loop
      vertex -99.3511 -16 -88.5764
      vertex -99.2892 -40 -88.49
      vertex -99.3511 -40 -88.5764
    endloop
  endfacet
  facet normal 0.973737 0 -0.227676
    outer loop
      vertex -99.5696 -40 -89.0587
      vertex -99.5938 -16 -89.1622
      vertex -99.5696 -16 -89.0587
    endloop
  endfacet
  facet normal 0.973737 0 -0.227676
    outer loop
      vertex -99.5938 -16 -89.1622
      vertex -99.5696 -40 -89.0587
      vertex -99.5938 -40 -89.1622
    endloop
  endfacet
  facet normal 0.995212 0 -0.0977357
    outer loop
      vertex -99.6111 -40 -89.2671
      vertex -99.6215 -16 -89.373
      vertex -99.6111 -16 -89.2671
    endloop
  endfacet
  facet normal 0.995212 0 -0.0977357
    outer loop
      vertex -99.6215 -16 -89.373
      vertex -99.6111 -40 -89.2671
      vertex -99.6215 -40 -89.373
    endloop
  endfacet
  facet normal 0.0329078 0 -0.999458
    outer loop
      vertex -98.1063 -40 -87.8577
      vertex -98 -16 -87.8542
      vertex -98 -40 -87.8542
    endloop
  endfacet
  facet normal 0.0329078 0 -0.999458
    outer loop
      vertex -98 -16 -87.8542
      vertex -98.1063 -40 -87.8577
      vertex -98.1063 -16 -87.8577
    endloop
  endfacet
  facet normal -0.0319686 0 0.999489
    outer loop
      vertex -98 -16 -91.1042
      vertex -97.8937 -40 -91.1008
      vertex -97.8937 -16 -91.1008
    endloop
  endfacet
  facet normal -0.0319686 0 0.999489
    outer loop
      vertex -97.8937 -40 -91.1008
      vertex -98 -16 -91.1042
      vertex -98 -40 -91.1042
    endloop
  endfacet
  facet normal -0.162721 0 0.986672
    outer loop
      vertex -97.7879 -16 -91.0903
      vertex -97.683 -40 -91.073
      vertex -97.683 -16 -91.073
    endloop
  endfacet
  facet normal -0.162721 0 0.986672
    outer loop
      vertex -97.683 -40 -91.073
      vertex -97.7879 -16 -91.0903
      vertex -97.7879 -40 -91.0903
    endloop
  endfacet
  facet normal -0.226576 0 0.973994
    outer loop
      vertex -97.683 -16 -91.073
      vertex -97.5794 -40 -91.0489
      vertex -97.5794 -16 -91.0489
    endloop
  endfacet
  facet normal -0.226576 0 0.973994
    outer loop
      vertex -97.5794 -40 -91.0489
      vertex -97.683 -16 -91.073
      vertex -97.683 -40 -91.073
    endloop
  endfacet
  facet normal -0.351535 0 0.936175
    outer loop
      vertex -97.4777 -16 -91.018
      vertex -97.3781 -40 -90.9806
      vertex -97.3781 -16 -90.9806
    endloop
  endfacet
  facet normal -0.351535 0 0.936175
    outer loop
      vertex -97.3781 -40 -90.9806
      vertex -97.4777 -16 -91.018
      vertex -97.4777 -40 -91.018
    endloop
  endfacet
  facet normal -0.290712 0 0.956811
    outer loop
      vertex -97.5794 -16 -91.0489
      vertex -97.4777 -40 -91.018
      vertex -97.4777 -16 -91.018
    endloop
  endfacet
  facet normal -0.290712 0 0.956811
    outer loop
      vertex -97.4777 -40 -91.018
      vertex -97.5794 -16 -91.0489
      vertex -97.5794 -40 -91.0489
    endloop
  endfacet
  facet normal -0.634057 0 0.773286
    outer loop
      vertex -97.0108 -16 -90.7684
      vertex -96.9286 -40 -90.701
      vertex -96.9286 -16 -90.701
    endloop
  endfacet
  facet normal -0.634057 0 0.773286
    outer loop
      vertex -96.9286 -40 -90.701
      vertex -97.0108 -16 -90.7684
      vertex -97.0108 -40 -90.7684
    endloop
  endfacet
  facet normal -0.583016 0 0.812461
    outer loop
      vertex -97.0972 -16 -90.8304
      vertex -97.0108 -40 -90.7684
      vertex -97.0108 -16 -90.7684
    endloop
  endfacet
  facet normal -0.583016 0 0.812461
    outer loop
      vertex -97.0108 -40 -90.7684
      vertex -97.0972 -16 -90.8304
      vertex -97.0972 -40 -90.8304
    endloop
  endfacet
  facet normal -0.683691 0 0.729772
    outer loop
      vertex -96.9286 -16 -90.701
      vertex -96.851 -40 -90.6283
      vertex -96.851 -16 -90.6283
    endloop
  endfacet
  facet normal -0.683691 0 0.729772
    outer loop
      vertex -96.851 -40 -90.6283
      vertex -96.9286 -16 -90.701
      vertex -96.9286 -40 -90.701
    endloop
  endfacet
  facet normal -0.527714 0 0.849422
    outer loop
      vertex -97.1875 -16 -90.8865
      vertex -97.0972 -40 -90.8304
      vertex -97.0972 -16 -90.8304
    endloop
  endfacet
  facet normal -0.527714 0 0.849422
    outer loop
      vertex -97.0972 -40 -90.8304
      vertex -97.1875 -16 -90.8865
      vertex -97.1875 -40 -90.8865
    endloop
  endfacet
  facet normal -0.471856 0 0.881676
    outer loop
      vertex -97.2813 -16 -90.9367
      vertex -97.1875 -40 -90.8865
      vertex -97.1875 -16 -90.8865
    endloop
  endfacet
  facet normal -0.471856 0 0.881676
    outer loop
      vertex -97.1875 -40 -90.8865
      vertex -97.2813 -16 -90.9367
      vertex -97.2813 -40 -90.9367
    endloop
  endfacet
  facet normal -0.849 0 0.528392
    outer loop
      vertex -96.6489 -40 -90.382
      vertex -96.5927 -16 -90.2917
      vertex -96.6489 -16 -90.382
    endloop
  endfacet
  facet normal -0.849 0 0.528392
    outer loop
      vertex -96.5927 -16 -90.2917
      vertex -96.6489 -40 -90.382
      vertex -96.5927 -40 -90.2917
    endloop
  endfacet
  facet normal -0.772825 0 0.634619
    outer loop
      vertex -96.7783 -40 -90.5507
      vertex -96.7108 -16 -90.4685
      vertex -96.7783 -16 -90.5507
    endloop
  endfacet
  facet normal -0.772825 0 0.634619
    outer loop
      vertex -96.7108 -16 -90.4685
      vertex -96.7783 -40 -90.5507
      vertex -96.7108 -40 -90.4685
    endloop
  endfacet
  facet normal -0.813225 0 0.581949
    outer loop
      vertex -96.7108 -40 -90.4685
      vertex -96.6489 -16 -90.382
      vertex -96.7108 -16 -90.4685
    endloop
  endfacet
  facet normal -0.813225 0 0.581949
    outer loop
      vertex -96.6489 -16 -90.382
      vertex -96.7108 -40 -90.4685
      vertex -96.6489 -40 -90.382
    endloop
  endfacet
  facet normal -0.881857 0 0.471516
    outer loop
      vertex -96.5927 -40 -90.2917
      vertex -96.5426 -16 -90.198
      vertex -96.5927 -16 -90.2917
    endloop
  endfacet
  facet normal -0.881857 0 0.471516
    outer loop
      vertex -96.5426 -16 -90.198
      vertex -96.5927 -40 -90.2917
      vertex -96.5426 -40 -90.198
    endloop
  endfacet
  facet normal -0.935748 0 0.352669
    outer loop
      vertex -96.4987 -40 -90.1011
      vertex -96.4612 -16 -90.0016
      vertex -96.4987 -16 -90.1011
    endloop
  endfacet
  facet normal -0.935748 0 0.352669
    outer loop
      vertex -96.4612 -16 -90.0016
      vertex -96.4987 -40 -90.1011
      vertex -96.4612 -40 -90.0016
    endloop
  endfacet
  facet normal -0.910881 0 0.412669
    outer loop
      vertex -96.5426 -40 -90.198
      vertex -96.4987 -16 -90.1011
      vertex -96.5426 -16 -90.198
    endloop
  endfacet
  facet normal -0.910881 0 0.412669
    outer loop
      vertex -96.4987 -16 -90.1011
      vertex -96.5426 -40 -90.198
      vertex -96.4987 -40 -90.1011
    endloop
  endfacet
  facet normal -0.986672 0 0.162721
    outer loop
      vertex -96.4062 -40 -89.7963
      vertex -96.3889 -16 -89.6914
      vertex -96.4062 -16 -89.7963
    endloop
  endfacet
  facet normal -0.986672 0 0.162721
    outer loop
      vertex -96.3889 -16 -89.6914
      vertex -96.4062 -40 -89.7963
      vertex -96.3889 -40 -89.6914
    endloop
  endfacet
  facet normal -0.973737 0 0.227676
    outer loop
      vertex -96.4304 -40 -89.8998
      vertex -96.4062 -16 -89.7963
      vertex -96.4304 -16 -89.8998
    endloop
  endfacet
  facet normal -0.973737 0 0.227676
    outer loop
      vertex -96.4062 -16 -89.7963
      vertex -96.4304 -40 -89.8998
      vertex -96.4062 -40 -89.7963
    endloop
  endfacet
  facet normal 0.471856 0 0.881676
    outer loop
      vertex -98.8125 -16 -90.8865
      vertex -98.7187 -40 -90.9367
      vertex -98.7187 -16 -90.9367
    endloop
  endfacet
  facet normal 0.471856 0 0.881676
    outer loop
      vertex -98.7187 -40 -90.9367
      vertex -98.8125 -16 -90.8865
      vertex -98.8125 -40 -90.8865
    endloop
  endfacet
  facet normal 0.0987587 0 0.995111
    outer loop
      vertex -98.2121 -16 -91.0903
      vertex -98.1063 -40 -91.1008
      vertex -98.1063 -16 -91.1008
    endloop
  endfacet
  facet normal 0.0987587 0 0.995111
    outer loop
      vertex -98.1063 -40 -91.1008
      vertex -98.2121 -16 -91.0903
      vertex -98.2121 -40 -91.0903
    endloop
  endfacet
  facet normal 0.910881 -0 0.412669
    outer loop
      vertex -99.5013 -40 -90.1011
      vertex -99.4574 -16 -90.198
      vertex -99.5013 -16 -90.1011
    endloop
  endfacet
  facet normal 0.910881 0 0.412669
    outer loop
      vertex -99.4574 -16 -90.198
      vertex -99.5013 -40 -90.1011
      vertex -99.4574 -40 -90.198
    endloop
  endfacet
  facet normal 0.881857 -0 0.471516
    outer loop
      vertex -99.4574 -40 -90.198
      vertex -99.4073 -16 -90.2917
      vertex -99.4574 -16 -90.198
    endloop
  endfacet
  facet normal 0.881857 0 0.471516
    outer loop
      vertex -99.4073 -16 -90.2917
      vertex -99.4574 -40 -90.198
      vertex -99.4073 -40 -90.2917
    endloop
  endfacet
  facet normal 0.813225 -0 0.581949
    outer loop
      vertex -99.3511 -40 -90.382
      vertex -99.2892 -16 -90.4685
      vertex -99.3511 -16 -90.382
    endloop
  endfacet
  facet normal 0.813225 0 0.581949
    outer loop
      vertex -99.2892 -16 -90.4685
      vertex -99.3511 -40 -90.382
      vertex -99.2892 -40 -90.4685
    endloop
  endfacet
  facet normal 0.973737 -0 0.227676
    outer loop
      vertex -99.5938 -40 -89.7963
      vertex -99.5696 -16 -89.8998
      vertex -99.5938 -16 -89.7963
    endloop
  endfacet
  facet normal 0.973737 0 0.227676
    outer loop
      vertex -99.5696 -16 -89.8998
      vertex -99.5938 -40 -89.7963
      vertex -99.5696 -40 -89.8998
    endloop
  endfacet
  facet normal 0.986672 -0 0.162721
    outer loop
      vertex -99.6111 -40 -89.6914
      vertex -99.5938 -16 -89.7963
      vertex -99.6111 -16 -89.6914
    endloop
  endfacet
  facet normal 0.986672 0 0.162721
    outer loop
      vertex -99.5938 -16 -89.7963
      vertex -99.6111 -40 -89.6914
      vertex -99.5938 -40 -89.7963
    endloop
  endfacet
  facet normal 0.999458 -0 0.0329078
    outer loop
      vertex -99.625 -40 -89.4792
      vertex -99.6215 -16 -89.5855
      vertex -99.625 -16 -89.4792
    endloop
  endfacet
  facet normal 0.999458 0 0.0329078
    outer loop
      vertex -99.6215 -16 -89.5855
      vertex -99.625 -40 -89.4792
      vertex -99.6215 -40 -89.5855
    endloop
  endfacet
  facet normal 0.882066 0 -0.471125
    outer loop
      vertex -99.4073 -40 -88.6667
      vertex -99.4574 -16 -88.7605
      vertex -99.4073 -16 -88.6667
    endloop
  endfacet
  facet normal 0.882066 0 -0.471125
    outer loop
      vertex -99.4574 -16 -88.7605
      vertex -99.4073 -40 -88.6667
      vertex -99.4574 -40 -88.7605
    endloop
  endfacet
  facet normal 0.413023 0 -0.910721
    outer loop
      vertex -98.7187 -40 -88.0218
      vertex -98.6219 -16 -87.9779
      vertex -98.6219 -40 -87.9779
    endloop
  endfacet
  facet normal 0.413023 0 -0.910721
    outer loop
      vertex -98.6219 -16 -87.9779
      vertex -98.7187 -40 -88.0218
      vertex -98.7187 -16 -88.0218
    endloop
  endfacet
  facet normal 0.582395 0 -0.812906
    outer loop
      vertex -98.9892 -40 -88.19
      vertex -98.9028 -16 -88.1281
      vertex -98.9028 -40 -88.1281
    endloop
  endfacet
  facet normal 0.582395 0 -0.812906
    outer loop
      vertex -98.9028 -16 -88.1281
      vertex -98.9892 -40 -88.19
      vertex -98.9892 -16 -88.19
    endloop
  endfacet
  facet normal 0.226576 0 -0.973994
    outer loop
      vertex -98.4206 -40 -87.9096
      vertex -98.317 -16 -87.8855
      vertex -98.317 -40 -87.8855
    endloop
  endfacet
  facet normal 0.226576 0 -0.973994
    outer loop
      vertex -98.317 -16 -87.8855
      vertex -98.4206 -40 -87.9096
      vertex -98.4206 -16 -87.9096
    endloop
  endfacet
  facet normal -0.0987587 0 0.995111
    outer loop
      vertex -97.8937 -16 -91.1008
      vertex -97.7879 -40 -91.0903
      vertex -97.7879 -16 -91.0903
    endloop
  endfacet
  facet normal -0.0987587 0 0.995111
    outer loop
      vertex -97.7879 -40 -91.0903
      vertex -97.8937 -16 -91.1008
      vertex -97.8937 -40 -91.1008
    endloop
  endfacet
  facet normal -0.995212 0 0.0977357
    outer loop
      vertex -96.3889 -40 -89.6914
      vertex -96.3785 -16 -89.5855
      vertex -96.3889 -16 -89.6914
    endloop
  endfacet
  facet normal -0.995212 0 0.0977357
    outer loop
      vertex -96.3785 -16 -89.5855
      vertex -96.3889 -40 -89.6914
      vertex -96.3785 -40 -89.5855
    endloop
  endfacet
  facet normal 0.583016 0 0.812461
    outer loop
      vertex -98.9892 -16 -90.7684
      vertex -98.9028 -40 -90.8304
      vertex -98.9028 -16 -90.8304
    endloop
  endfacet
  facet normal 0.583016 0 0.812461
    outer loop
      vertex -98.9028 -40 -90.8304
      vertex -98.9892 -16 -90.7684
      vertex -98.9892 -40 -90.7684
    endloop
  endfacet
  facet normal 0.226576 0 0.973994
    outer loop
      vertex -98.4206 -16 -91.0489
      vertex -98.317 -40 -91.073
      vertex -98.317 -16 -91.073
    endloop
  endfacet
  facet normal 0.226576 0 0.973994
    outer loop
      vertex -98.317 -40 -91.073
      vertex -98.4206 -16 -91.0489
      vertex -98.4206 -40 -91.0489
    endloop
  endfacet
  facet normal 0.772825 -0 0.634619
    outer loop
      vertex -99.2892 -40 -90.4685
      vertex -99.2217 -16 -90.5507
      vertex -99.2892 -16 -90.4685
    endloop
  endfacet
  facet normal 0.772825 0 0.634619
    outer loop
      vertex -99.2217 -16 -90.5507
      vertex -99.2892 -40 -90.4685
      vertex -99.2217 -40 -90.5507
    endloop
  endfacet
  facet normal 0.957151 -0 0.28959
    outer loop
      vertex -99.5696 -40 -89.8998
      vertex -99.5388 -16 -90.0016
      vertex -99.5696 -16 -89.8998
    endloop
  endfacet
  facet normal 0.957151 0 0.28959
    outer loop
      vertex -99.5388 -16 -90.0016
      vertex -99.5696 -40 -89.8998
      vertex -99.5388 -40 -90.0016
    endloop
  endfacet
  facet normal 0.995212 -0 0.0977357
    outer loop
      vertex -99.6215 -40 -89.5855
      vertex -99.6111 -16 -89.6914
      vertex -99.6215 -16 -89.5855
    endloop
  endfacet
  facet normal 0.995212 0 0.0977357
    outer loop
      vertex -99.6111 -16 -89.6914
      vertex -99.6215 -40 -89.5855
      vertex -99.6111 -40 -89.6914
    endloop
  endfacet
  facet normal -0.999458 0 0.0329078
    outer loop
      vertex -96.3785 -40 -89.5855
      vertex -96.375 -16 -89.4792
      vertex -96.3785 -16 -89.5855
    endloop
  endfacet
  facet normal -0.999458 0 0.0329078
    outer loop
      vertex -96.375 -16 -89.4792
      vertex -96.3785 -40 -89.5855
      vertex -96.375 -40 -89.4792
    endloop
  endfacet
  facet normal 0.999465 -0 0.0327042
    outer loop
      vertex -93.0107 -40 -32.3673
      vertex -93 -16 -32.6943
      vertex -93.0107 -16 -32.3673
    endloop
  endfacet
  facet normal 0.999465 0 0.0327042
    outer loop
      vertex -93 -16 -32.6943
      vertex -93.0107 -40 -32.3673
      vertex -93 -40 -32.6943
    endloop
  endfacet
  facet normal -0.999435 0 0.0336201
    outer loop
      vertex -103 -40 -32.6943
      vertex -102.989 -16 -32.3673
      vertex -103 -16 -32.6943
    endloop
  endfacet
  facet normal -0.999435 0 0.0336201
    outer loop
      vertex -102.989 -16 -32.3673
      vertex -103 -40 -32.6943
      vertex -102.989 -40 -32.3673
    endloop
  endfacet
  facet normal 0.0327042 0 0.999465
    outer loop
      vertex -98 -16 -27.6943
      vertex -97.673 -40 -27.705
      vertex -97.673 -16 -27.705
    endloop
  endfacet
  facet normal 0.0327042 0 0.999465
    outer loop
      vertex -97.673 -40 -27.705
      vertex -98 -16 -27.6943
      vertex -98 -40 -27.6943
    endloop
  endfacet
  facet normal 0.729804 -0 0.683656
    outer loop
      vertex -94.4645 -40 -29.1588
      vertex -94.2408 -16 -29.3976
      vertex -94.4645 -16 -29.1588
    endloop
  endfacet
  facet normal 0.729804 0 0.683656
    outer loop
      vertex -94.2408 -16 -29.3976
      vertex -94.4645 -40 -29.1588
      vertex -94.2408 -40 -29.3976
    endloop
  endfacet
  facet normal -0.683352 0 0.730089
    outer loop
      vertex -101.536 -16 -29.1588
      vertex -101.297 -40 -28.9351
      vertex -101.297 -16 -28.9351
    endloop
  endfacet
  facet normal -0.683352 0 0.730089
    outer loop
      vertex -101.297 -40 -28.9351
      vertex -101.536 -16 -29.1588
      vertex -101.536 -40 -29.1588
    endloop
  endfacet
  facet normal -0.352128 0 0.935952
    outer loop
      vertex -99.9134 -16 -28.0749
      vertex -99.6072 -40 -27.9597
      vertex -99.6072 -16 -27.9597
    endloop
  endfacet
  facet normal -0.352128 0 0.935952
    outer loop
      vertex -99.6072 -40 -27.9597
      vertex -99.9134 -16 -28.0749
      vertex -99.9134 -40 -28.0749
    endloop
  endfacet
  facet normal 0.910889 -0 0.412651
    outer loop
      vertex -93.5156 -40 -30.4829
      vertex -93.3806 -16 -30.7809
      vertex -93.5156 -16 -30.4829
    endloop
  endfacet
  facet normal 0.910889 0 0.412651
    outer loop
      vertex -93.3806 -16 -30.7809
      vertex -93.5156 -40 -30.4829
      vertex -93.3806 -40 -30.7809
    endloop
  endfacet
  facet normal 0.412905 0 0.910774
    outer loop
      vertex -96.0866 -16 -28.0749
      vertex -95.7886 -40 -28.21
      vertex -95.7886 -16 -28.21
    endloop
  endfacet
  facet normal 0.412905 0 0.910774
    outer loop
      vertex -95.7886 -40 -28.21
      vertex -96.0866 -16 -28.0749
      vertex -96.0866 -40 -28.0749
    endloop
  endfacet
  facet normal 0.582452 0 0.812865
    outer loop
      vertex -95.2222 -16 -28.537
      vertex -94.9562 -40 -28.7276
      vertex -94.9562 -16 -28.7276
    endloop
  endfacet
  facet normal 0.582452 0 0.812865
    outer loop
      vertex -94.9562 -40 -28.7276
      vertex -95.2222 -16 -28.537
      vertex -95.2222 -40 -28.537
    endloop
  endfacet
  facet normal -0.910889 0 0.412651
    outer loop
      vertex -102.619 -40 -30.7809
      vertex -102.484 -16 -30.4829
      vertex -102.619 -16 -30.7809
    endloop
  endfacet
  facet normal -0.910889 0 0.412651
    outer loop
      vertex -102.484 -16 -30.4829
      vertex -102.619 -40 -30.7809
      vertex -102.484 -40 -30.4829
    endloop
  endfacet
  facet normal -0.772336 0 0.635215
    outer loop
      vertex -101.967 -40 -29.6505
      vertex -101.759 -16 -29.3976
      vertex -101.967 -16 -29.6505
    endloop
  endfacet
  facet normal -0.772336 0 0.635215
    outer loop
      vertex -101.759 -16 -29.3976
      vertex -101.967 -40 -29.6505
      vertex -101.759 -40 -29.3976
    endloop
  endfacet
  facet normal -0.162912 0 0.986641
    outer loop
      vertex -98.9754 -16 -27.7904
      vertex -98.6526 -40 -27.7371
      vertex -98.6526 -16 -27.7371
    endloop
  endfacet
  facet normal -0.162912 0 0.986641
    outer loop
      vertex -98.6526 -40 -27.7371
      vertex -98.9754 -16 -27.7904
      vertex -98.9754 -40 -27.7904
    endloop
  endfacet
  facet normal 0.956922 0 -0.290347
    outer loop
      vertex -93.1704 -40 -33.9884
      vertex -93.2654 -16 -34.3015
      vertex -93.1704 -16 -33.9884
    endloop
  endfacet
  facet normal 0.956922 0 -0.290347
    outer loop
      vertex -93.2654 -16 -34.3015
      vertex -93.1704 -40 -33.9884
      vertex -93.2654 -40 -34.3015
    endloop
  endfacet
  facet normal -0.772459 0 -0.635065
    outer loop
      vertex -101.759 -40 -35.9911
      vertex -101.967 -16 -35.7381
      vertex -101.759 -16 -35.9911
    endloop
  endfacet
  facet normal -0.772459 -0 -0.635065
    outer loop
      vertex -101.967 -16 -35.7381
      vertex -101.759 -40 -35.9911
      vertex -101.967 -40 -35.7381
    endloop
  endfacet
  facet normal -0.935182 0 -0.354166
    outer loop
      vertex -102.619 -40 -34.6078
      vertex -102.735 -16 -34.3015
      vertex -102.619 -16 -34.6078
    endloop
  endfacet
  facet normal -0.935182 -0 -0.354166
    outer loop
      vertex -102.735 -16 -34.3015
      vertex -102.619 -40 -34.6078
      vertex -102.735 -40 -34.3015
    endloop
  endfacet
  facet normal 0.986641 -0 0.162912
    outer loop
      vertex -93.0961 -40 -31.7189
      vertex -93.0428 -16 -32.0417
      vertex -93.0961 -16 -31.7189
    endloop
  endfacet
  facet normal 0.986641 0 0.162912
    outer loop
      vertex -93.0428 -16 -32.0417
      vertex -93.0961 -40 -31.7189
      vertex -93.0428 -40 -32.0417
    endloop
  endfacet
  facet normal 0.995175 -0 0.0981116
    outer loop
      vertex -93.0428 -40 -32.0417
      vertex -93.0107 -16 -32.3673
      vertex -93.0428 -16 -32.0417
    endloop
  endfacet
  facet normal 0.995175 0 0.0981116
    outer loop
      vertex -93.0107 -16 -32.3673
      vertex -93.0428 -40 -32.0417
      vertex -93.0107 -40 -32.3673
    endloop
  endfacet
  facet normal 0.956922 -0 0.290347
    outer loop
      vertex -93.2654 -40 -31.0871
      vertex -93.1704 -16 -31.4002
      vertex -93.2654 -16 -31.0871
    endloop
  endfacet
  facet normal 0.956922 0 0.290347
    outer loop
      vertex -93.1704 -16 -31.4002
      vertex -93.2654 -40 -31.0871
      vertex -93.1704 -40 -31.4002
    endloop
  endfacet
  facet normal 0.84913 -0 0.528184
    outer loop
      vertex -93.8427 -40 -29.9165
      vertex -93.6699 -16 -30.1943
      vertex -93.8427 -16 -29.9165
    endloop
  endfacet
  facet normal 0.84913 0 0.528184
    outer loop
      vertex -93.6699 -16 -30.1943
      vertex -93.8427 -40 -29.9165
      vertex -93.6699 -40 -30.1943
    endloop
  endfacet
  facet normal 0.81301 -0 0.58225
    outer loop
      vertex -94.0332 -40 -29.6505
      vertex -93.8427 -16 -29.9165
      vertex -94.0332 -16 -29.6505
    endloop
  endfacet
  facet normal 0.81301 0 0.58225
    outer loop
      vertex -93.8427 -16 -29.9165
      vertex -94.0332 -40 -29.6505
      vertex -93.8427 -40 -29.9165
    endloop
  endfacet
  facet normal 0.88187 -0 0.471492
    outer loop
      vertex -93.6699 -40 -30.1943
      vertex -93.5156 -16 -30.4829
      vertex -93.6699 -16 -30.1943
    endloop
  endfacet
  facet normal 0.88187 0 0.471492
    outer loop
      vertex -93.5156 -16 -30.4829
      vertex -93.6699 -40 -30.1943
      vertex -93.5156 -40 -30.4829
    endloop
  endfacet
  facet normal 0.290347 0 0.956922
    outer loop
      vertex -96.7059 -16 -27.8647
      vertex -96.3928 -40 -27.9597
      vertex -96.3928 -16 -27.9597
    endloop
  endfacet
  facet normal 0.290347 0 0.956922
    outer loop
      vertex -96.3928 -40 -27.9597
      vertex -96.7059 -16 -27.8647
      vertex -96.7059 -40 -27.8647
    endloop
  endfacet
  facet normal 0.352128 0 0.935952
    outer loop
      vertex -96.3928 -16 -27.9597
      vertex -96.0866 -40 -28.0749
      vertex -96.0866 -16 -28.0749
    endloop
  endfacet
  facet normal 0.352128 0 0.935952
    outer loop
      vertex -96.0866 -40 -28.0749
      vertex -96.3928 -16 -27.9597
      vertex -96.3928 -40 -27.9597
    endloop
  endfacet
  facet normal 0.162912 0 0.986641
    outer loop
      vertex -97.3474 -16 -27.7371
      vertex -97.0246 -40 -27.7904
      vertex -97.0246 -16 -27.7904
    endloop
  endfacet
  facet normal 0.162912 0 0.986641
    outer loop
      vertex -97.0246 -40 -27.7904
      vertex -97.3474 -16 -27.7371
      vertex -97.3474 -40 -27.7371
    endloop
  endfacet
  facet normal 0.528184 0 0.84913
    outer loop
      vertex -95.5 -16 -28.3642
      vertex -95.2222 -40 -28.537
      vertex -95.2222 -16 -28.537
    endloop
  endfacet
  facet normal 0.528184 0 0.84913
    outer loop
      vertex -95.2222 -40 -28.537
      vertex -95.5 -16 -28.3642
      vertex -95.5 -40 -28.3642
    endloop
  endfacet
  facet normal 0.683656 0 0.729804
    outer loop
      vertex -94.7033 -16 -28.9351
      vertex -94.4645 -40 -29.1588
      vertex -94.4645 -16 -29.1588
    endloop
  endfacet
  facet normal 0.683656 0 0.729804
    outer loop
      vertex -94.4645 -40 -29.1588
      vertex -94.7033 -16 -28.9351
      vertex -94.7033 -40 -28.9351
    endloop
  endfacet
  facet normal -0.956922 0 0.290347
    outer loop
      vertex -102.83 -40 -31.4002
      vertex -102.735 -16 -31.0871
      vertex -102.83 -16 -31.4002
    endloop
  endfacet
  facet normal -0.956922 0 0.290347
    outer loop
      vertex -102.735 -16 -31.0871
      vertex -102.83 -40 -31.4002
      vertex -102.735 -40 -31.0871
    endloop
  endfacet
  facet normal -0.813733 0 0.581238
    outer loop
      vertex -102.157 -40 -29.9165
      vertex -101.967 -16 -29.6505
      vertex -102.157 -16 -29.9165
    endloop
  endfacet
  facet normal -0.813733 0 0.581238
    outer loop
      vertex -101.967 -16 -29.6505
      vertex -102.157 -40 -29.9165
      vertex -101.967 -40 -29.6505
    endloop
  endfacet
  facet normal -0.848856 0 0.528625
    outer loop
      vertex -102.33 -40 -30.1943
      vertex -102.157 -16 -29.9165
      vertex -102.33 -16 -30.1943
    endloop
  endfacet
  facet normal -0.848856 0 0.528625
    outer loop
      vertex -102.157 -16 -29.9165
      vertex -102.33 -40 -30.1943
      vertex -102.157 -40 -29.9165
    endloop
  endfacet
  facet normal -0.935144 0 0.354268
    outer loop
      vertex -102.735 -40 -31.0871
      vertex -102.619 -16 -30.7809
      vertex -102.735 -16 -31.0871
    endloop
  endfacet
  facet normal -0.935144 0 0.354268
    outer loop
      vertex -102.619 -16 -30.7809
      vertex -102.735 -40 -31.0871
      vertex -102.619 -40 -30.7809
    endloop
  endfacet
  facet normal -0.986788 0 0.162019
    outer loop
      vertex -102.957 -40 -32.0417
      vertex -102.904 -16 -31.7189
      vertex -102.957 -16 -32.0417
    endloop
  endfacet
  facet normal -0.986788 0 0.162019
    outer loop
      vertex -102.904 -16 -31.7189
      vertex -102.957 -40 -32.0417
      vertex -102.904 -40 -31.7189
    endloop
  endfacet
  facet normal -0.52791 0 0.8493
    outer loop
      vertex -100.778 -16 -28.537
      vertex -100.5 -40 -28.3642
      vertex -100.5 -16 -28.3642
    endloop
  endfacet
  facet normal -0.52791 0 0.8493
    outer loop
      vertex -100.5 -40 -28.3642
      vertex -100.778 -16 -28.537
      vertex -100.778 -40 -28.537
    endloop
  endfacet
  facet normal -0.470747 0 0.882268
    outer loop
      vertex -100.5 -16 -28.3642
      vertex -100.211 -40 -28.21
      vertex -100.211 -16 -28.21
    endloop
  endfacet
  facet normal -0.470747 0 0.882268
    outer loop
      vertex -100.211 -40 -28.21
      vertex -100.5 -16 -28.3642
      vertex -100.5 -40 -28.3642
    endloop
  endfacet
  facet normal -0.582452 0 0.812865
    outer loop
      vertex -101.044 -16 -28.7276
      vertex -100.778 -40 -28.537
      vertex -100.778 -16 -28.537
    endloop
  endfacet
  facet normal -0.582452 0 0.812865
    outer loop
      vertex -100.778 -40 -28.537
      vertex -101.044 -16 -28.7276
      vertex -101.044 -40 -28.7276
    endloop
  endfacet
  facet normal -0.290347 0 0.956922
    outer loop
      vertex -99.6072 -16 -27.9597
      vertex -99.2941 -40 -27.8647
      vertex -99.2941 -16 -27.8647
    endloop
  endfacet
  facet normal -0.290347 0 0.956922
    outer loop
      vertex -99.2941 -40 -27.8647
      vertex -99.6072 -16 -27.9597
      vertex -99.6072 -40 -27.9597
    endloop
  endfacet
  facet normal -0.0327042 0 0.999465
    outer loop
      vertex -98.327 -16 -27.705
      vertex -98 -40 -27.6943
      vertex -98 -16 -27.6943
    endloop
  endfacet
  facet normal -0.0327042 0 0.999465
    outer loop
      vertex -98 -40 -27.6943
      vertex -98.327 -16 -27.705
      vertex -98.327 -40 -27.705
    endloop
  endfacet
  facet normal 0.582452 0 -0.812865
    outer loop
      vertex -95.2222 -40 -36.8517
      vertex -94.9562 -16 -36.6611
      vertex -94.9562 -40 -36.6611
    endloop
  endfacet
  facet normal 0.582452 0 -0.812865
    outer loop
      vertex -94.9562 -16 -36.6611
      vertex -95.2222 -40 -36.8517
      vertex -95.2222 -16 -36.8517
    endloop
  endfacet
  facet normal 0.683494 0 -0.729956
    outer loop
      vertex -94.7033 -40 -36.4535
      vertex -94.4645 -16 -36.2299
      vertex -94.4645 -40 -36.2299
    endloop
  endfacet
  facet normal 0.683494 0 -0.729956
    outer loop
      vertex -94.4645 -16 -36.2299
      vertex -94.7033 -40 -36.4535
      vertex -94.7033 -16 -36.4535
    endloop
  endfacet
  facet normal 0.412651 0 -0.910889
    outer loop
      vertex -96.0866 -40 -37.3137
      vertex -95.7886 -16 -37.1787
      vertex -95.7886 -40 -37.1787
    endloop
  endfacet
  facet normal 0.412651 0 -0.910889
    outer loop
      vertex -95.7886 -16 -37.1787
      vertex -96.0866 -40 -37.3137
      vertex -96.0866 -16 -37.3137
    endloop
  endfacet
  facet normal 0.812906 0 -0.582394
    outer loop
      vertex -93.8427 -40 -35.4722
      vertex -94.0332 -16 -35.7381
      vertex -93.8427 -16 -35.4722
    endloop
  endfacet
  facet normal 0.812906 0 -0.582394
    outer loop
      vertex -94.0332 -16 -35.7381
      vertex -93.8427 -40 -35.4722
      vertex -94.0332 -40 -35.7381
    endloop
  endfacet
  facet normal 0.93599 0 -0.352027
    outer loop
      vertex -93.2654 -40 -34.3015
      vertex -93.3806 -16 -34.6078
      vertex -93.2654 -16 -34.3015
    endloop
  endfacet
  facet normal 0.93599 0 -0.352027
    outer loop
      vertex -93.3806 -16 -34.6078
      vertex -93.2654 -40 -34.3015
      vertex -93.3806 -40 -34.6078
    endloop
  endfacet
  facet normal 0.881802 0 -0.471619
    outer loop
      vertex -93.5156 -40 -34.9058
      vertex -93.6699 -16 -35.1943
      vertex -93.5156 -16 -34.9058
    endloop
  endfacet
  facet normal 0.881802 0 -0.471619
    outer loop
      vertex -93.6699 -16 -35.1943
      vertex -93.5156 -40 -34.9058
      vertex -93.6699 -40 -35.1943
    endloop
  endfacet
  facet normal 0.999465 0 -0.0326942
    outer loop
      vertex -93 -40 -32.6943
      vertex -93.0107 -16 -33.0214
      vertex -93 -16 -32.6943
    endloop
  endfacet
  facet normal 0.999465 0 -0.0326942
    outer loop
      vertex -93.0107 -16 -33.0214
      vertex -93 -40 -32.6943
      vertex -93.0107 -40 -33.0214
    endloop
  endfacet
  facet normal -0.290347 0 -0.956922
    outer loop
      vertex -99.6072 -40 -37.429
      vertex -99.2941 -16 -37.524
      vertex -99.2941 -40 -37.524
    endloop
  endfacet
  facet normal -0.290347 0 -0.956922
    outer loop
      vertex -99.2941 -16 -37.524
      vertex -99.6072 -40 -37.429
      vertex -99.6072 -16 -37.429
    endloop
  endfacet
  facet normal -0.413111 0 -0.910681
    outer loop
      vertex -100.211 -40 -37.1787
      vertex -99.9134 -16 -37.3137
      vertex -99.9134 -40 -37.3137
    endloop
  endfacet
  facet normal -0.413111 0 -0.910681
    outer loop
      vertex -99.9134 -16 -37.3137
      vertex -100.211 -40 -37.1787
      vertex -100.211 -16 -37.1787
    endloop
  endfacet
  facet normal -0.52791 0 -0.8493
    outer loop
      vertex -100.778 -40 -36.8517
      vertex -100.5 -16 -37.0245
      vertex -100.5 -40 -37.0245
    endloop
  endfacet
  facet normal -0.52791 0 -0.8493
    outer loop
      vertex -100.5 -16 -37.0245
      vertex -100.778 -40 -36.8517
      vertex -100.778 -16 -36.8517
    endloop
  endfacet
  facet normal -0.352396 0 -0.935851
    outer loop
      vertex -99.9134 -40 -37.3137
      vertex -99.6072 -16 -37.429
      vertex -99.6072 -40 -37.429
    endloop
  endfacet
  facet normal -0.352396 0 -0.935851
    outer loop
      vertex -99.6072 -16 -37.429
      vertex -99.9134 -40 -37.3137
      vertex -99.9134 -16 -37.3137
    endloop
  endfacet
  facet normal -0.162912 0 -0.986641
    outer loop
      vertex -98.9754 -40 -37.5983
      vertex -98.6526 -16 -37.6516
      vertex -98.6526 -40 -37.6516
    endloop
  endfacet
  facet normal -0.162912 0 -0.986641
    outer loop
      vertex -98.6526 -16 -37.6516
      vertex -98.9754 -40 -37.5983
      vertex -98.9754 -16 -37.5983
    endloop
  endfacet
  facet normal -0.0327042 0 -0.999465
    outer loop
      vertex -98.327 -40 -37.6836
      vertex -98 -16 -37.6943
      vertex -98 -40 -37.6943
    endloop
  endfacet
  facet normal -0.0327042 0 -0.999465
    outer loop
      vertex -98 -16 -37.6943
      vertex -98.327 -40 -37.6836
      vertex -98.327 -16 -37.6836
    endloop
  endfacet
  facet normal -0.848941 0 -0.528488
    outer loop
      vertex -102.157 -40 -35.4722
      vertex -102.33 -16 -35.1943
      vertex -102.157 -16 -35.4722
    endloop
  endfacet
  facet normal -0.848941 -0 -0.528488
    outer loop
      vertex -102.33 -16 -35.1943
      vertex -102.157 -40 -35.4722
      vertex -102.33 -40 -35.1943
    endloop
  endfacet
  facet normal -0.81363 0 -0.581383
    outer loop
      vertex -101.967 -40 -35.7381
      vertex -102.157 -16 -35.4722
      vertex -101.967 -16 -35.7381
    endloop
  endfacet
  facet normal -0.81363 -0 -0.581383
    outer loop
      vertex -102.157 -16 -35.4722
      vertex -101.967 -40 -35.7381
      vertex -102.157 -40 -35.4722
    endloop
  endfacet
  facet normal 0 1 0
    outer loop
      vertex -98 -16 -31.0693
      vertex -98 -16 -27.6943
      vertex -97.673 -16 -27.705
    endloop
  endfacet
  facet normal 0 1 0
    outer loop
      vertex -97.8937 -16 -31.0728
      vertex -97.673 -16 -27.705
      vertex -97.3474 -16 -27.7371
    endloop
  endfacet
  facet normal 0 1 0
    outer loop
      vertex -98 -16 -27.6943
      vertex -98 -16 -31.0693
      vertex -98.327 -16 -27.705
    endloop
  endfacet
  facet normal 0 1 0
    outer loop
      vertex -97.7879 -16 -31.0832
      vertex -97.3474 -16 -27.7371
      vertex -97.0246 -16 -27.7904
    endloop
  endfacet
  facet normal 0 1 -0
    outer loop
      vertex -98.1063 -16 -31.0728
      vertex -98.327 -16 -27.705
      vertex -98 -16 -31.0693
    endloop
  endfacet
  facet normal 0 1 0
    outer loop
      vertex -97.683 -16 -31.1006
      vertex -97.0246 -16 -27.7904
      vertex -96.7059 -16 -27.8647
    endloop
  endfacet
  facet normal 0 1 0
    outer loop
      vertex -98.327 -16 -27.705
      vertex -98.1063 -16 -31.0728
      vertex -98.6526 -16 -27.7371
    endloop
  endfacet
  facet normal 0 1 0
    outer loop
      vertex -97.5794 -16 -31.1247
      vertex -96.7059 -16 -27.8647
      vertex -96.3928 -16 -27.9597
    endloop
  endfacet
  facet normal 0 1 -0
    outer loop
      vertex -98.2121 -16 -31.0832
      vertex -98.6526 -16 -27.7371
      vertex -98.1063 -16 -31.0728
    endloop
  endfacet
  facet normal 0 1 0
    outer loop
      vertex -97.4777 -16 -31.1556
      vertex -96.3928 -16 -27.9597
      vertex -96.0866 -16 -28.0749
    endloop
  endfacet
  facet normal 0 1 0
    outer loop
      vertex -98.6526 -16 -27.7371
      vertex -98.2121 -16 -31.0832
      vertex -98.9754 -16 -27.7904
    endloop
  endfacet
  facet normal 0 1 0
    outer loop
      vertex -97.3781 -16 -31.193
      vertex -96.0866 -16 -28.0749
      vertex -95.7886 -16 -28.21
    endloop
  endfacet
  facet normal 0 1 -0
    outer loop
      vertex -98.317 -16 -31.1006
      vertex -98.9754 -16 -27.7904
      vertex -98.2121 -16 -31.0832
    endloop
  endfacet
  facet normal 0 1 0
    outer loop
      vertex -97.2813 -16 -31.2369
      vertex -95.7886 -16 -28.21
      vertex -95.5 -16 -28.3642
    endloop
  endfacet
  facet normal 0 1 0
    outer loop
      vertex -98.9754 -16 -27.7904
      vertex -98.317 -16 -31.1006
      vertex -99.2941 -16 -27.8647
    endloop
  endfacet
  facet normal 0 1 0
    outer loop
      vertex -97.1875 -16 -31.287
      vertex -95.5 -16 -28.3642
      vertex -95.2222 -16 -28.537
    endloop
  endfacet
  facet normal 0 1 -0
    outer loop
      vertex -98.4206 -16 -31.1247
      vertex -99.2941 -16 -27.8647
      vertex -98.317 -16 -31.1006
    endloop
  endfacet
  facet normal 0 1 0
    outer loop
      vertex -97.0972 -16 -31.3432
      vertex -95.2222 -16 -28.537
      vertex -94.9562 -16 -28.7276
    endloop
  endfacet
  facet normal 0 1 0
    outer loop
      vertex -99.2941 -16 -27.8647
      vertex -98.4206 -16 -31.1247
      vertex -99.6072 -16 -27.9597
    endloop
  endfacet
  facet normal 0 1 0
    outer loop
      vertex -97.0108 -16 -31.4051
      vertex -94.9562 -16 -28.7276
      vertex -94.7033 -16 -28.9351
    endloop
  endfacet
  facet normal 0 1 -0
    outer loop
      vertex -98.5223 -16 -31.1556
      vertex -99.6072 -16 -27.9597
      vertex -98.4206 -16 -31.1247
    endloop
  endfacet
  facet normal 0 1 0
    outer loop
      vertex -96.9286 -16 -31.4726
      vertex -94.7033 -16 -28.9351
      vertex -94.4645 -16 -29.1588
    endloop
  endfacet
  facet normal 0 1 0
    outer loop
      vertex -99.6072 -16 -27.9597
      vertex -98.5223 -16 -31.1556
      vertex -99.9134 -16 -28.0749
    endloop
  endfacet
  facet normal 0 1 0
    outer loop
      vertex -96.851 -16 -31.5453
      vertex -94.4645 -16 -29.1588
      vertex -94.2408 -16 -29.3976
    endloop
  endfacet
  facet normal 0 1 -0
    outer loop
      vertex -98.6219 -16 -31.193
      vertex -99.9134 -16 -28.0749
      vertex -98.5223 -16 -31.1556
    endloop
  endfacet
  facet normal 0 1 0
    outer loop
      vertex -96.7783 -16 -31.6229
      vertex -94.2408 -16 -29.3976
      vertex -94.0332 -16 -29.6505
    endloop
  endfacet
  facet normal 0 1 0
    outer loop
      vertex -99.9134 -16 -28.0749
      vertex -98.6219 -16 -31.193
      vertex -100.211 -16 -28.21
    endloop
  endfacet
  facet normal 0 1 0
    outer loop
      vertex -96.7108 -16 -31.7051
      vertex -94.0332 -16 -29.6505
      vertex -93.8427 -16 -29.9165
    endloop
  endfacet
  facet normal 0 1 -0
    outer loop
      vertex -98.7187 -16 -31.2369
      vertex -100.211 -16 -28.21
      vertex -98.6219 -16 -31.193
    endloop
  endfacet
  facet normal 0 1 0
    outer loop
      vertex -96.6489 -16 -31.7915
      vertex -93.8427 -16 -29.9165
      vertex -93.6699 -16 -30.1943
    endloop
  endfacet
  facet normal 0 1 0
    outer loop
      vertex -100.211 -16 -28.21
      vertex -98.7187 -16 -31.2369
      vertex -100.5 -16 -28.3642
    endloop
  endfacet
  facet normal 0 1 0
    outer loop
      vertex -96.5927 -16 -31.8818
      vertex -93.6699 -16 -30.1943
      vertex -93.5156 -16 -30.4829
    endloop
  endfacet
  facet normal 0 1 -0
    outer loop
      vertex -98.8125 -16 -31.287
      vertex -100.5 -16 -28.3642
      vertex -98.7187 -16 -31.2369
    endloop
  endfacet
  facet normal 0 1 0
    outer loop
      vertex -96.5426 -16 -31.9756
      vertex -93.5156 -16 -30.4829
      vertex -93.3806 -16 -30.7809
    endloop
  endfacet
  facet normal 0 1 0
    outer loop
      vertex -100.5 -16 -28.3642
      vertex -98.8125 -16 -31.287
      vertex -100.778 -16 -28.537
    endloop
  endfacet
  facet normal 0 1 -0
    outer loop
      vertex -98.9028 -16 -31.3432
      vertex -100.778 -16 -28.537
      vertex -98.8125 -16 -31.287
    endloop
  endfacet
  facet normal 0 1 0
    outer loop
      vertex -97.673 -16 -27.705
      vertex -97.8937 -16 -31.0728
      vertex -98 -16 -31.0693
    endloop
  endfacet
  facet normal 0 1 0
    outer loop
      vertex -97.3474 -16 -27.7371
      vertex -97.7879 -16 -31.0832
      vertex -97.8937 -16 -31.0728
    endloop
  endfacet
  facet normal 0 1 0
    outer loop
      vertex -96.4987 -16 -32.0725
      vertex -93.3806 -16 -30.7809
      vertex -93.2654 -16 -31.0871
    endloop
  endfacet
  facet normal 0 1 0
    outer loop
      vertex -97.0246 -16 -27.7904
      vertex -97.683 -16 -31.1006
      vertex -97.7879 -16 -31.0832
    endloop
  endfacet
  facet normal 0 1 0
    outer loop
      vertex -96.7059 -16 -27.8647
      vertex -97.5794 -16 -31.1247
      vertex -97.683 -16 -31.1006
    endloop
  endfacet
  facet normal 0 1 0
    outer loop
      vertex -96.3928 -16 -27.9597
      vertex -97.4777 -16 -31.1556
      vertex -97.5794 -16 -31.1247
    endloop
  endfacet
  facet normal 0 1 0
    outer loop
      vertex -96.0866 -16 -28.0749
      vertex -97.3781 -16 -31.193
      vertex -97.4777 -16 -31.1556
    endloop
  endfacet
  facet normal 0 1 0
    outer loop
      vertex -95.7886 -16 -28.21
      vertex -97.2813 -16 -31.2369
      vertex -97.3781 -16 -31.193
    endloop
  endfacet
  facet normal 0 1 0
    outer loop
      vertex -95.5 -16 -28.3642
      vertex -97.1875 -16 -31.287
      vertex -97.2813 -16 -31.2369
    endloop
  endfacet
  facet normal 0 1 0
    outer loop
      vertex -95.2222 -16 -28.537
      vertex -97.0972 -16 -31.3432
      vertex -97.1875 -16 -31.287
    endloop
  endfacet
  facet normal 0 1 0
    outer loop
      vertex -96.4612 -16 -32.172
      vertex -93.2654 -16 -31.0871
      vertex -93.1704 -16 -31.4002
    endloop
  endfacet
  facet normal 0 1 0
    outer loop
      vertex -94.9562 -16 -28.7276
      vertex -97.0108 -16 -31.4051
      vertex -97.0972 -16 -31.3432
    endloop
  endfacet
  facet normal 0 1 0
    outer loop
      vertex -94.7033 -16 -28.9351
      vertex -96.9286 -16 -31.4726
      vertex -97.0108 -16 -31.4051
    endloop
  endfacet
  facet normal 0 1 0
    outer loop
      vertex -94.4645 -16 -29.1588
      vertex -96.851 -16 -31.5453
      vertex -96.9286 -16 -31.4726
    endloop
  endfacet
  facet normal 0 1 0
    outer loop
      vertex -94.2408 -16 -29.3976
      vertex -96.7783 -16 -31.6229
      vertex -96.851 -16 -31.5453
    endloop
  endfacet
  facet normal 0 1 0
    outer loop
      vertex -94.0332 -16 -29.6505
      vertex -96.7108 -16 -31.7051
      vertex -96.7783 -16 -31.6229
    endloop
  endfacet
  facet normal 0 1 0
    outer loop
      vertex -96.4304 -16 -32.2738
      vertex -93.1704 -16 -31.4002
      vertex -93.0961 -16 -31.7189
    endloop
  endfacet
  facet normal 0 1 0
    outer loop
      vertex -93.8427 -16 -29.9165
      vertex -96.6489 -16 -31.7915
      vertex -96.7108 -16 -31.7051
    endloop
  endfacet
  facet normal 0 1 0
    outer loop
      vertex -93.6699 -16 -30.1943
      vertex -96.5927 -16 -31.8818
      vertex -96.6489 -16 -31.7915
    endloop
  endfacet
  facet normal 0 1 0
    outer loop
      vertex -93.5156 -16 -30.4829
      vertex -96.5426 -16 -31.9756
      vertex -96.5927 -16 -31.8818
    endloop
  endfacet
  facet normal 0 1 0
    outer loop
      vertex -96.4062 -16 -32.3773
      vertex -93.0961 -16 -31.7189
      vertex -93.0428 -16 -32.0417
    endloop
  endfacet
  facet normal 0 1 0
    outer loop
      vertex -93.3806 -16 -30.7809
      vertex -96.4987 -16 -32.0725
      vertex -96.5426 -16 -31.9756
    endloop
  endfacet
  facet normal 0 1 0
    outer loop
      vertex -93.2654 -16 -31.0871
      vertex -96.4612 -16 -32.172
      vertex -96.4987 -16 -32.0725
    endloop
  endfacet
  facet normal 0 1 0
    outer loop
      vertex -93.1704 -16 -31.4002
      vertex -96.4304 -16 -32.2738
      vertex -96.4612 -16 -32.172
    endloop
  endfacet
  facet normal 0 1 0
    outer loop
      vertex -96.3889 -16 -32.4822
      vertex -93.0428 -16 -32.0417
      vertex -93.0107 -16 -32.3673
    endloop
  endfacet
  facet normal 0 1 0
    outer loop
      vertex -93.0961 -16 -31.7189
      vertex -96.4062 -16 -32.3773
      vertex -96.4304 -16 -32.2738
    endloop
  endfacet
  facet normal 0 1 0
    outer loop
      vertex -93.0428 -16 -32.0417
      vertex -96.3889 -16 -32.4822
      vertex -96.4062 -16 -32.3773
    endloop
  endfacet
  facet normal 0 1 0
    outer loop
      vertex -93.0107 -16 -32.3673
      vertex -96.3785 -16 -32.5881
      vertex -96.3889 -16 -32.4822
    endloop
  endfacet
  facet normal 0 1 0
    outer loop
      vertex -93 -16 -32.6943
      vertex -96.3785 -16 -32.5881
      vertex -93.0107 -16 -32.3673
    endloop
  endfacet
  facet normal 0 1 0
    outer loop
      vertex -93 -16 -32.6943
      vertex -96.375 -16 -32.6943
      vertex -96.3785 -16 -32.5881
    endloop
  endfacet
  facet normal 0 1 0
    outer loop
      vertex -93 -16 -32.6943
      vertex -96.3785 -16 -32.8006
      vertex -96.375 -16 -32.6943
    endloop
  endfacet
  facet normal 0 1 -0
    outer loop
      vertex -93.0107 -16 -33.0214
      vertex -96.3785 -16 -32.8006
      vertex -93 -16 -32.6943
    endloop
  endfacet
  facet normal 0 1 0
    outer loop
      vertex -96.3785 -16 -32.8006
      vertex -93.0107 -16 -33.0214
      vertex -96.3889 -16 -32.9064
    endloop
  endfacet
  facet normal 0 1 -0
    outer loop
      vertex -93.0428 -16 -33.347
      vertex -96.3889 -16 -32.9064
      vertex -93.0107 -16 -33.0214
    endloop
  endfacet
  facet normal 0 1 0
    outer loop
      vertex -96.3889 -16 -32.9064
      vertex -93.0428 -16 -33.347
      vertex -96.4062 -16 -33.0114
    endloop
  endfacet
  facet normal 0 1 -0
    outer loop
      vertex -93.0961 -16 -33.6698
      vertex -96.4062 -16 -33.0114
      vertex -93.0428 -16 -33.347
    endloop
  endfacet
  facet normal 0 1 0
    outer loop
      vertex -96.4062 -16 -33.0114
      vertex -93.0961 -16 -33.6698
      vertex -96.4304 -16 -33.1149
    endloop
  endfacet
  facet normal 0 1 -0
    outer loop
      vertex -93.1704 -16 -33.9884
      vertex -96.4304 -16 -33.1149
      vertex -93.0961 -16 -33.6698
    endloop
  endfacet
  facet normal 0 1 0
    outer loop
      vertex -96.4304 -16 -33.1149
      vertex -93.1704 -16 -33.9884
      vertex -96.4612 -16 -33.2167
    endloop
  endfacet
  facet normal 0 1 -0
    outer loop
      vertex -93.2654 -16 -34.3015
      vertex -96.4612 -16 -33.2167
      vertex -93.1704 -16 -33.9884
    endloop
  endfacet
  facet normal 0 1 0
    outer loop
      vertex -96.4612 -16 -33.2167
      vertex -93.2654 -16 -34.3015
      vertex -96.4987 -16 -33.3162
    endloop
  endfacet
  facet normal 0 1 -0
    outer loop
      vertex -93.3806 -16 -34.6078
      vertex -96.4987 -16 -33.3162
      vertex -93.2654 -16 -34.3015
    endloop
  endfacet
  facet normal 0 1 0
    outer loop
      vertex -96.4987 -16 -33.3162
      vertex -93.3806 -16 -34.6078
      vertex -96.5426 -16 -33.4131
    endloop
  endfacet
  facet normal 0 1 -0
    outer loop
      vertex -93.5156 -16 -34.9058
      vertex -96.5426 -16 -33.4131
      vertex -93.3806 -16 -34.6078
    endloop
  endfacet
  facet normal 0 1 0
    outer loop
      vertex -96.5426 -16 -33.4131
      vertex -93.5156 -16 -34.9058
      vertex -96.5927 -16 -33.5068
    endloop
  endfacet
  facet normal 0 1 -0
    outer loop
      vertex -93.6699 -16 -35.1943
      vertex -96.5927 -16 -33.5068
      vertex -93.5156 -16 -34.9058
    endloop
  endfacet
  facet normal 0 1 0
    outer loop
      vertex -96.5927 -16 -33.5068
      vertex -93.6699 -16 -35.1943
      vertex -96.6489 -16 -33.5971
    endloop
  endfacet
  facet normal 0 1 -0
    outer loop
      vertex -93.8427 -16 -35.4722
      vertex -96.6489 -16 -33.5971
      vertex -93.6699 -16 -35.1943
    endloop
  endfacet
  facet normal 0 1 0
    outer loop
      vertex -96.6489 -16 -33.5971
      vertex -93.8427 -16 -35.4722
      vertex -96.7108 -16 -33.6836
    endloop
  endfacet
  facet normal 0 1 -0
    outer loop
      vertex -94.0332 -16 -35.7381
      vertex -96.7108 -16 -33.6836
      vertex -93.8427 -16 -35.4722
    endloop
  endfacet
  facet normal 0 1 0
    outer loop
      vertex -96.7108 -16 -33.6836
      vertex -94.0332 -16 -35.7381
      vertex -96.7783 -16 -33.7658
    endloop
  endfacet
  facet normal 0 1 -0
    outer loop
      vertex -94.2408 -16 -35.9911
      vertex -96.7783 -16 -33.7658
      vertex -94.0332 -16 -35.7381
    endloop
  endfacet
  facet normal 0 1 0
    outer loop
      vertex -96.7783 -16 -33.7658
      vertex -94.2408 -16 -35.9911
      vertex -96.851 -16 -33.8434
    endloop
  endfacet
  facet normal 0 1 -0
    outer loop
      vertex -94.4645 -16 -36.2299
      vertex -96.851 -16 -33.8434
      vertex -94.2408 -16 -35.9911
    endloop
  endfacet
  facet normal 0 1 0
    outer loop
      vertex -96.851 -16 -33.8434
      vertex -94.4645 -16 -36.2299
      vertex -96.9286 -16 -33.9161
    endloop
  endfacet
  facet normal 0 1 -0
    outer loop
      vertex -94.7033 -16 -36.4535
      vertex -96.9286 -16 -33.9161
      vertex -94.4645 -16 -36.2299
    endloop
  endfacet
  facet normal 0 1 0
    outer loop
      vertex -96.9286 -16 -33.9161
      vertex -94.7033 -16 -36.4535
      vertex -97.0108 -16 -33.9835
    endloop
  endfacet
  facet normal 0 1 -0
    outer loop
      vertex -94.9562 -16 -36.6611
      vertex -97.0108 -16 -33.9835
      vertex -94.7033 -16 -36.4535
    endloop
  endfacet
  facet normal 0 1 0
    outer loop
      vertex -97.0108 -16 -33.9835
      vertex -94.9562 -16 -36.6611
      vertex -97.0972 -16 -34.0455
    endloop
  endfacet
  facet normal 0 1 -0
    outer loop
      vertex -95.2222 -16 -36.8517
      vertex -97.0972 -16 -34.0455
      vertex -94.9562 -16 -36.6611
    endloop
  endfacet
  facet normal 0 1 0
    outer loop
      vertex -100.778 -16 -28.537
      vertex -98.9028 -16 -31.3432
      vertex -101.044 -16 -28.7276
    endloop
  endfacet
  facet normal 0 1 -0
    outer loop
      vertex -98.9892 -16 -31.4051
      vertex -101.044 -16 -28.7276
      vertex -98.9028 -16 -31.3432
    endloop
  endfacet
  facet normal 0 1 0
    outer loop
      vertex -101.044 -16 -28.7276
      vertex -98.9892 -16 -31.4051
      vertex -101.297 -16 -28.9351
    endloop
  endfacet
  facet normal 0 1 -0
    outer loop
      vertex -99.0714 -16 -31.4726
      vertex -101.297 -16 -28.9351
      vertex -98.9892 -16 -31.4051
    endloop
  endfacet
  facet normal 0 1 0
    outer loop
      vertex -101.297 -16 -28.9351
      vertex -99.0714 -16 -31.4726
      vertex -101.536 -16 -29.1588
    endloop
  endfacet
  facet normal 0 1 -0
    outer loop
      vertex -99.149 -16 -31.5453
      vertex -101.536 -16 -29.1588
      vertex -99.0714 -16 -31.4726
    endloop
  endfacet
  facet normal 0 1 0
    outer loop
      vertex -101.536 -16 -29.1588
      vertex -99.149 -16 -31.5453
      vertex -101.759 -16 -29.3976
    endloop
  endfacet
  facet normal 0 1 -0
    outer loop
      vertex -99.2217 -16 -31.6229
      vertex -101.759 -16 -29.3976
      vertex -99.149 -16 -31.5453
    endloop
  endfacet
  facet normal 0 1 0
    outer loop
      vertex -101.759 -16 -29.3976
      vertex -99.2217 -16 -31.6229
      vertex -101.967 -16 -29.6505
    endloop
  endfacet
  facet normal 0 1 -0
    outer loop
      vertex -99.2892 -16 -31.7051
      vertex -101.967 -16 -29.6505
      vertex -99.2217 -16 -31.6229
    endloop
  endfacet
  facet normal 0 1 0
    outer loop
      vertex -101.967 -16 -29.6505
      vertex -99.2892 -16 -31.7051
      vertex -102.157 -16 -29.9165
    endloop
  endfacet
  facet normal 0 1 -0
    outer loop
      vertex -99.3511 -16 -31.7915
      vertex -102.157 -16 -29.9165
      vertex -99.2892 -16 -31.7051
    endloop
  endfacet
  facet normal 0 1 0
    outer loop
      vertex -102.157 -16 -29.9165
      vertex -99.3511 -16 -31.7915
      vertex -102.33 -16 -30.1943
    endloop
  endfacet
  facet normal 0 1 -0
    outer loop
      vertex -99.4073 -16 -31.8818
      vertex -102.33 -16 -30.1943
      vertex -99.3511 -16 -31.7915
    endloop
  endfacet
  facet normal 0 1 0
    outer loop
      vertex -102.33 -16 -30.1943
      vertex -99.4073 -16 -31.8818
      vertex -102.484 -16 -30.4829
    endloop
  endfacet
  facet normal 0 1 -0
    outer loop
      vertex -99.4574 -16 -31.9756
      vertex -102.484 -16 -30.4829
      vertex -99.4073 -16 -31.8818
    endloop
  endfacet
  facet normal 0 1 0
    outer loop
      vertex -102.484 -16 -30.4829
      vertex -99.4574 -16 -31.9756
      vertex -102.619 -16 -30.7809
    endloop
  endfacet
  facet normal 0 1 -0
    outer loop
      vertex -99.5013 -16 -32.0725
      vertex -102.619 -16 -30.7809
      vertex -99.4574 -16 -31.9756
    endloop
  endfacet
  facet normal 0 1 0
    outer loop
      vertex -102.619 -16 -30.7809
      vertex -99.5013 -16 -32.0725
      vertex -102.735 -16 -31.0871
    endloop
  endfacet
  facet normal 0 1 -0
    outer loop
      vertex -99.5388 -16 -32.172
      vertex -102.735 -16 -31.0871
      vertex -99.5013 -16 -32.0725
    endloop
  endfacet
  facet normal 0 1 0
    outer loop
      vertex -102.735 -16 -31.0871
      vertex -99.5388 -16 -32.172
      vertex -102.83 -16 -31.4002
    endloop
  endfacet
  facet normal 0 1 -0
    outer loop
      vertex -99.5696 -16 -32.2738
      vertex -102.83 -16 -31.4002
      vertex -99.5388 -16 -32.172
    endloop
  endfacet
  facet normal 0 1 0
    outer loop
      vertex -102.83 -16 -31.4002
      vertex -99.5696 -16 -32.2738
      vertex -102.904 -16 -31.7189
    endloop
  endfacet
  facet normal 0 1 -0
    outer loop
      vertex -99.5938 -16 -32.3773
      vertex -102.904 -16 -31.7189
      vertex -99.5696 -16 -32.2738
    endloop
  endfacet
  facet normal 0 1 0
    outer loop
      vertex -102.904 -16 -31.7189
      vertex -99.5938 -16 -32.3773
      vertex -102.957 -16 -32.0417
    endloop
  endfacet
  facet normal 0 1 -0
    outer loop
      vertex -99.6111 -16 -32.4822
      vertex -102.957 -16 -32.0417
      vertex -99.5938 -16 -32.3773
    endloop
  endfacet
  facet normal 0 1 0
    outer loop
      vertex -102.957 -16 -32.0417
      vertex -99.6111 -16 -32.4822
      vertex -102.989 -16 -32.3673
    endloop
  endfacet
  facet normal 0 1 -0
    outer loop
      vertex -99.6215 -16 -32.5881
      vertex -102.989 -16 -32.3673
      vertex -99.6111 -16 -32.4822
    endloop
  endfacet
  facet normal 0 1 -0
    outer loop
      vertex -99.625 -16 -32.6943
      vertex -102.989 -16 -32.3673
      vertex -99.6215 -16 -32.5881
    endloop
  endfacet
  facet normal 0 1 0
    outer loop
      vertex -99.625 -16 -32.6943
      vertex -103 -16 -32.6943
      vertex -102.989 -16 -32.3673
    endloop
  endfacet
  facet normal 0 1 0
    outer loop
      vertex -99.6215 -16 -32.8006
      vertex -103 -16 -32.6943
      vertex -99.625 -16 -32.6943
    endloop
  endfacet
  facet normal 0 1 0
    outer loop
      vertex -102.989 -16 -33.0214
      vertex -99.6215 -16 -32.8006
      vertex -99.6111 -16 -32.9064
    endloop
  endfacet
  facet normal 0 1 0
    outer loop
      vertex -102.957 -16 -33.347
      vertex -99.6111 -16 -32.9064
      vertex -99.5938 -16 -33.0114
    endloop
  endfacet
  facet normal 0 1 0
    outer loop
      vertex -99.6215 -16 -32.8006
      vertex -102.989 -16 -33.0214
      vertex -103 -16 -32.6943
    endloop
  endfacet
  facet normal 0 1 0
    outer loop
      vertex -102.904 -16 -33.6698
      vertex -99.5938 -16 -33.0114
      vertex -99.5696 -16 -33.1149
    endloop
  endfacet
  facet normal 0 1 0
    outer loop
      vertex -102.83 -16 -33.9884
      vertex -99.5696 -16 -33.1149
      vertex -99.5388 -16 -33.2167
    endloop
  endfacet
  facet normal 0 1 0
    outer loop
      vertex -102.735 -16 -34.3015
      vertex -99.5388 -16 -33.2167
      vertex -99.5013 -16 -33.3162
    endloop
  endfacet
  facet normal 0 1 0
    outer loop
      vertex -99.6111 -16 -32.9064
      vertex -102.957 -16 -33.347
      vertex -102.989 -16 -33.0214
    endloop
  endfacet
  facet normal 0 1 0
    outer loop
      vertex -102.619 -16 -34.6078
      vertex -99.5013 -16 -33.3162
      vertex -99.4574 -16 -33.4131
    endloop
  endfacet
  facet normal 0 1 0
    outer loop
      vertex -102.484 -16 -34.9058
      vertex -99.4574 -16 -33.4131
      vertex -99.4073 -16 -33.5068
    endloop
  endfacet
  facet normal 0 1 0
    outer loop
      vertex -102.33 -16 -35.1943
      vertex -99.4073 -16 -33.5068
      vertex -99.3511 -16 -33.5971
    endloop
  endfacet
  facet normal 0 1 0
    outer loop
      vertex -99.5938 -16 -33.0114
      vertex -102.904 -16 -33.6698
      vertex -102.957 -16 -33.347
    endloop
  endfacet
  facet normal 0 1 0
    outer loop
      vertex -102.157 -16 -35.4722
      vertex -99.3511 -16 -33.5971
      vertex -99.2892 -16 -33.6836
    endloop
  endfacet
  facet normal 0 1 0
    outer loop
      vertex -101.967 -16 -35.7381
      vertex -99.2892 -16 -33.6836
      vertex -99.2217 -16 -33.7658
    endloop
  endfacet
  facet normal 0 1 0
    outer loop
      vertex -101.759 -16 -35.9911
      vertex -99.2217 -16 -33.7658
      vertex -99.149 -16 -33.8434
    endloop
  endfacet
  facet normal 0 1 0
    outer loop
      vertex -101.536 -16 -36.2299
      vertex -99.149 -16 -33.8434
      vertex -99.0714 -16 -33.9161
    endloop
  endfacet
  facet normal 0 1 0
    outer loop
      vertex -101.297 -16 -36.4535
      vertex -99.0714 -16 -33.9161
      vertex -98.9892 -16 -33.9835
    endloop
  endfacet
  facet normal 0 1 0
    outer loop
      vertex -99.5696 -16 -33.1149
      vertex -102.83 -16 -33.9884
      vertex -102.904 -16 -33.6698
    endloop
  endfacet
  facet normal 0 1 0
    outer loop
      vertex -101.044 -16 -36.6611
      vertex -98.9892 -16 -33.9835
      vertex -98.9028 -16 -34.0455
    endloop
  endfacet
  facet normal 0 1 0
    outer loop
      vertex -100.778 -16 -36.8517
      vertex -98.9028 -16 -34.0455
      vertex -98.8125 -16 -34.1016
    endloop
  endfacet
  facet normal 0 1 0
    outer loop
      vertex -100.5 -16 -37.0245
      vertex -98.8125 -16 -34.1016
      vertex -98.7187 -16 -34.1518
    endloop
  endfacet
  facet normal 0 1 0
    outer loop
      vertex -100.211 -16 -37.1787
      vertex -98.7187 -16 -34.1518
      vertex -98.6219 -16 -34.1956
    endloop
  endfacet
  facet normal 0 1 0
    outer loop
      vertex -99.9134 -16 -37.3137
      vertex -98.6219 -16 -34.1956
      vertex -98.5223 -16 -34.2331
    endloop
  endfacet
  facet normal 0 1 0
    outer loop
      vertex -99.6072 -16 -37.429
      vertex -98.5223 -16 -34.2331
      vertex -98.4206 -16 -34.264
    endloop
  endfacet
  facet normal 0 1 0
    outer loop
      vertex -99.2941 -16 -37.524
      vertex -98.4206 -16 -34.264
      vertex -98.317 -16 -34.2881
    endloop
  endfacet
  facet normal 0 1 0
    outer loop
      vertex -99.5388 -16 -33.2167
      vertex -102.735 -16 -34.3015
      vertex -102.83 -16 -33.9884
    endloop
  endfacet
  facet normal 0 1 0
    outer loop
      vertex -98.9754 -16 -37.5983
      vertex -98.317 -16 -34.2881
      vertex -98.2121 -16 -34.3054
    endloop
  endfacet
  facet normal 0 1 0
    outer loop
      vertex -98.6526 -16 -37.6516
      vertex -98.2121 -16 -34.3054
      vertex -98.1063 -16 -34.3159
    endloop
  endfacet
  facet normal 0 1 0
    outer loop
      vertex -98.327 -16 -37.6836
      vertex -98.1063 -16 -34.3159
      vertex -98 -16 -34.3193
    endloop
  endfacet
  facet normal 0 1 0
    outer loop
      vertex -97.0972 -16 -34.0455
      vertex -95.2222 -16 -36.8517
      vertex -97.1875 -16 -34.1016
    endloop
  endfacet
  facet normal 0 1 0
    outer loop
      vertex -99.5013 -16 -33.3162
      vertex -102.619 -16 -34.6078
      vertex -102.735 -16 -34.3015
    endloop
  endfacet
  facet normal 0 1 -0
    outer loop
      vertex -95.5 -16 -37.0245
      vertex -97.1875 -16 -34.1016
      vertex -95.2222 -16 -36.8517
    endloop
  endfacet
  facet normal 0 1 0
    outer loop
      vertex -99.4574 -16 -33.4131
      vertex -102.484 -16 -34.9058
      vertex -102.619 -16 -34.6078
    endloop
  endfacet
  facet normal 0 1 0
    outer loop
      vertex -97.1875 -16 -34.1016
      vertex -95.5 -16 -37.0245
      vertex -97.2813 -16 -34.1518
    endloop
  endfacet
  facet normal 0 1 0
    outer loop
      vertex -99.4073 -16 -33.5068
      vertex -102.33 -16 -35.1943
      vertex -102.484 -16 -34.9058
    endloop
  endfacet
  facet normal 0 1 -0
    outer loop
      vertex -95.7886 -16 -37.1787
      vertex -97.2813 -16 -34.1518
      vertex -95.5 -16 -37.0245
    endloop
  endfacet
  facet normal 0 1 0
    outer loop
      vertex -99.3511 -16 -33.5971
      vertex -102.157 -16 -35.4722
      vertex -102.33 -16 -35.1943
    endloop
  endfacet
  facet normal 0 1 0
    outer loop
      vertex -97.2813 -16 -34.1518
      vertex -95.7886 -16 -37.1787
      vertex -97.3781 -16 -34.1956
    endloop
  endfacet
  facet normal 0 1 0
    outer loop
      vertex -99.2892 -16 -33.6836
      vertex -101.967 -16 -35.7381
      vertex -102.157 -16 -35.4722
    endloop
  endfacet
  facet normal 0 1 -0
    outer loop
      vertex -96.0866 -16 -37.3137
      vertex -97.3781 -16 -34.1956
      vertex -95.7886 -16 -37.1787
    endloop
  endfacet
  facet normal 0 1 0
    outer loop
      vertex -99.2217 -16 -33.7658
      vertex -101.759 -16 -35.9911
      vertex -101.967 -16 -35.7381
    endloop
  endfacet
  facet normal 0 1 0
    outer loop
      vertex -97.3781 -16 -34.1956
      vertex -96.0866 -16 -37.3137
      vertex -97.4777 -16 -34.2331
    endloop
  endfacet
  facet normal 0 1 0
    outer loop
      vertex -99.149 -16 -33.8434
      vertex -101.536 -16 -36.2299
      vertex -101.759 -16 -35.9911
    endloop
  endfacet
  facet normal 0 1 -0
    outer loop
      vertex -96.3928 -16 -37.429
      vertex -97.4777 -16 -34.2331
      vertex -96.0866 -16 -37.3137
    endloop
  endfacet
  facet normal 0 1 0
    outer loop
      vertex -99.0714 -16 -33.9161
      vertex -101.297 -16 -36.4535
      vertex -101.536 -16 -36.2299
    endloop
  endfacet
  facet normal 0 1 0
    outer loop
      vertex -97.4777 -16 -34.2331
      vertex -96.3928 -16 -37.429
      vertex -97.5794 -16 -34.264
    endloop
  endfacet
  facet normal 0 1 0
    outer loop
      vertex -98.9892 -16 -33.9835
      vertex -101.044 -16 -36.6611
      vertex -101.297 -16 -36.4535
    endloop
  endfacet
  facet normal 0 1 -0
    outer loop
      vertex -96.7059 -16 -37.524
      vertex -97.5794 -16 -34.264
      vertex -96.3928 -16 -37.429
    endloop
  endfacet
  facet normal 0 1 0
    outer loop
      vertex -98.9028 -16 -34.0455
      vertex -100.778 -16 -36.8517
      vertex -101.044 -16 -36.6611
    endloop
  endfacet
  facet normal 0 1 0
    outer loop
      vertex -97.5794 -16 -34.264
      vertex -96.7059 -16 -37.524
      vertex -97.683 -16 -34.2881
    endloop
  endfacet
  facet normal 0 1 0
    outer loop
      vertex -98.8125 -16 -34.1016
      vertex -100.5 -16 -37.0245
      vertex -100.778 -16 -36.8517
    endloop
  endfacet
  facet normal 0 1 -0
    outer loop
      vertex -97.0246 -16 -37.5983
      vertex -97.683 -16 -34.2881
      vertex -96.7059 -16 -37.524
    endloop
  endfacet
  facet normal 0 1 0
    outer loop
      vertex -98.7187 -16 -34.1518
      vertex -100.211 -16 -37.1787
      vertex -100.5 -16 -37.0245
    endloop
  endfacet
  facet normal 0 1 0
    outer loop
      vertex -97.683 -16 -34.2881
      vertex -97.0246 -16 -37.5983
      vertex -97.7879 -16 -34.3054
    endloop
  endfacet
  facet normal 0 1 0
    outer loop
      vertex -98.6219 -16 -34.1956
      vertex -99.9134 -16 -37.3137
      vertex -100.211 -16 -37.1787
    endloop
  endfacet
  facet normal 0 1 -0
    outer loop
      vertex -97.3474 -16 -37.6516
      vertex -97.7879 -16 -34.3054
      vertex -97.0246 -16 -37.5983
    endloop
  endfacet
  facet normal 0 1 0
    outer loop
      vertex -98.5223 -16 -34.2331
      vertex -99.6072 -16 -37.429
      vertex -99.9134 -16 -37.3137
    endloop
  endfacet
  facet normal 0 1 0
    outer loop
      vertex -97.7879 -16 -34.3054
      vertex -97.3474 -16 -37.6516
      vertex -97.8937 -16 -34.3159
    endloop
  endfacet
  facet normal 0 1 0
    outer loop
      vertex -98.4206 -16 -34.264
      vertex -99.2941 -16 -37.524
      vertex -99.6072 -16 -37.429
    endloop
  endfacet
  facet normal 0 1 -0
    outer loop
      vertex -97.673 -16 -37.6836
      vertex -97.8937 -16 -34.3159
      vertex -97.3474 -16 -37.6516
    endloop
  endfacet
  facet normal 0 1 0
    outer loop
      vertex -98.317 -16 -34.2881
      vertex -98.9754 -16 -37.5983
      vertex -99.2941 -16 -37.524
    endloop
  endfacet
  facet normal 0 1 0
    outer loop
      vertex -97.8937 -16 -34.3159
      vertex -97.673 -16 -37.6836
      vertex -98 -16 -34.3193
    endloop
  endfacet
  facet normal 0 1 0
    outer loop
      vertex -98.2121 -16 -34.3054
      vertex -98.6526 -16 -37.6516
      vertex -98.9754 -16 -37.5983
    endloop
  endfacet
  facet normal 0 1 0
    outer loop
      vertex -98 -16 -37.6943
      vertex -98 -16 -34.3193
      vertex -97.673 -16 -37.6836
    endloop
  endfacet
  facet normal 0 1 0
    outer loop
      vertex -98.1063 -16 -34.3159
      vertex -98.327 -16 -37.6836
      vertex -98.6526 -16 -37.6516
    endloop
  endfacet
  facet normal 0 1 0
    outer loop
      vertex -98 -16 -34.3193
      vertex -98 -16 -37.6943
      vertex -98.327 -16 -37.6836
    endloop
  endfacet
  facet normal 0.973884 -0 0.227046
    outer loop
      vertex -93.1704 -40 -31.4002
      vertex -93.0961 -16 -31.7189
      vertex -93.1704 -16 -31.4002
    endloop
  endfacet
  facet normal 0.973884 0 0.227046
    outer loop
      vertex -93.0961 -16 -31.7189
      vertex -93.1704 -40 -31.4002
      vertex -93.0961 -40 -31.7189
    endloop
  endfacet
  facet normal 0.935952 -0 0.352128
    outer loop
      vertex -93.3806 -40 -30.7809
      vertex -93.2654 -16 -31.0871
      vertex -93.3806 -16 -30.7809
    endloop
  endfacet
  facet normal 0.935952 0 0.352128
    outer loop
      vertex -93.2654 -16 -31.0871
      vertex -93.3806 -40 -30.7809
      vertex -93.2654 -40 -31.0871
    endloop
  endfacet
  facet normal 0.227046 0 0.973884
    outer loop
      vertex -97.0246 -16 -27.7904
      vertex -96.7059 -40 -27.8647
      vertex -96.7059 -16 -27.8647
    endloop
  endfacet
  facet normal 0.227046 0 0.973884
    outer loop
      vertex -96.7059 -40 -27.8647
      vertex -97.0246 -16 -27.7904
      vertex -97.0246 -40 -27.7904
    endloop
  endfacet
  facet normal 0.471254 0 0.881997
    outer loop
      vertex -95.7886 -16 -28.21
      vertex -95.5 -40 -28.3642
      vertex -95.5 -16 -28.3642
    endloop
  endfacet
  facet normal 0.471254 0 0.881997
    outer loop
      vertex -95.5 -40 -28.3642
      vertex -95.7886 -16 -28.21
      vertex -95.7886 -40 -28.21
    endloop
  endfacet
  facet normal 0.634303 0 0.773085
    outer loop
      vertex -94.9562 -16 -28.7276
      vertex -94.7033 -40 -28.9351
      vertex -94.7033 -16 -28.9351
    endloop
  endfacet
  facet normal 0.634303 0 0.773085
    outer loop
      vertex -94.7033 -40 -28.9351
      vertex -94.9562 -16 -28.7276
      vertex -94.9562 -40 -28.7276
    endloop
  endfacet
  facet normal -0.730872 0 0.682515
    outer loop
      vertex -101.759 -40 -29.3976
      vertex -101.536 -16 -29.1588
      vertex -101.759 -16 -29.3976
    endloop
  endfacet
  facet normal -0.730872 0 0.682515
    outer loop
      vertex -101.536 -16 -29.1588
      vertex -101.759 -40 -29.3976
      vertex -101.536 -40 -29.1588
    endloop
  endfacet
  facet normal -0.882251 0 0.470779
    outer loop
      vertex -102.484 -40 -30.4829
      vertex -102.33 -16 -30.1943
      vertex -102.484 -16 -30.4829
    endloop
  endfacet
  facet normal -0.882251 0 0.470779
    outer loop
      vertex -102.33 -16 -30.1943
      vertex -102.484 -40 -30.4829
      vertex -102.33 -40 -30.1943
    endloop
  endfacet
  facet normal -0.974086 0 0.226176
    outer loop
      vertex -102.904 -40 -31.7189
      vertex -102.83 -16 -31.4002
      vertex -102.904 -16 -31.7189
    endloop
  endfacet
  facet normal -0.974086 0 0.226176
    outer loop
      vertex -102.83 -16 -31.4002
      vertex -102.904 -40 -31.7189
      vertex -102.83 -40 -31.4002
    endloop
  endfacet
  facet normal -0.413365 0 0.910565
    outer loop
      vertex -100.211 -16 -28.21
      vertex -99.9134 -40 -28.0749
      vertex -99.9134 -16 -28.0749
    endloop
  endfacet
  facet normal -0.413365 0 0.910565
    outer loop
      vertex -99.9134 -40 -28.0749
      vertex -100.211 -16 -28.21
      vertex -100.211 -40 -28.21
    endloop
  endfacet
  facet normal -0.0981116 0 0.995175
    outer loop
      vertex -98.6526 -16 -27.7371
      vertex -98.327 -40 -27.705
      vertex -98.327 -16 -27.705
    endloop
  endfacet
  facet normal -0.0981116 0 0.995175
    outer loop
      vertex -98.327 -40 -27.705
      vertex -98.6526 -16 -27.7371
      vertex -98.6526 -40 -27.7371
    endloop
  endfacet
  facet normal 0.162912 0 -0.986641
    outer loop
      vertex -97.3474 -40 -37.6516
      vertex -97.0246 -16 -37.5983
      vertex -97.0246 -40 -37.5983
    endloop
  endfacet
  facet normal 0.162912 0 -0.986641
    outer loop
      vertex -97.0246 -16 -37.5983
      vertex -97.3474 -40 -37.6516
      vertex -97.3474 -16 -37.6516
    endloop
  endfacet
  facet normal 0.0327042 0 -0.999465
    outer loop
      vertex -98 -40 -37.6943
      vertex -97.673 -16 -37.6836
      vertex -97.673 -40 -37.6836
    endloop
  endfacet
  facet normal 0.0327042 0 -0.999465
    outer loop
      vertex -97.673 -16 -37.6836
      vertex -98 -40 -37.6943
      vertex -98 -16 -37.6943
    endloop
  endfacet
  facet normal 0.0978089 0 -0.995205
    outer loop
      vertex -97.673 -40 -37.6836
      vertex -97.3474 -16 -37.6516
      vertex -97.3474 -40 -37.6516
    endloop
  endfacet
  facet normal 0.0978089 0 -0.995205
    outer loop
      vertex -97.3474 -16 -37.6516
      vertex -97.673 -40 -37.6836
      vertex -97.673 -16 -37.6836
    endloop
  endfacet
  facet normal 0.227046 0 -0.973884
    outer loop
      vertex -97.0246 -40 -37.5983
      vertex -96.7059 -16 -37.524
      vertex -96.7059 -40 -37.524
    endloop
  endfacet
  facet normal 0.227046 0 -0.973884
    outer loop
      vertex -96.7059 -16 -37.524
      vertex -97.0246 -40 -37.5983
      vertex -97.0246 -16 -37.5983
    endloop
  endfacet
  facet normal 0.352396 0 -0.935851
    outer loop
      vertex -96.3928 -40 -37.429
      vertex -96.0866 -16 -37.3137
      vertex -96.0866 -40 -37.3137
    endloop
  endfacet
  facet normal 0.352396 0 -0.935851
    outer loop
      vertex -96.0866 -16 -37.3137
      vertex -96.3928 -40 -37.429
      vertex -96.3928 -16 -37.429
    endloop
  endfacet
  facet normal 0.290347 0 -0.956922
    outer loop
      vertex -96.7059 -40 -37.524
      vertex -96.3928 -16 -37.429
      vertex -96.3928 -40 -37.429
    endloop
  endfacet
  facet normal 0.290347 0 -0.956922
    outer loop
      vertex -96.3928 -16 -37.429
      vertex -96.7059 -40 -37.524
      vertex -96.7059 -16 -37.524
    endloop
  endfacet
  facet normal 0.634485 0 -0.772935
    outer loop
      vertex -94.9562 -40 -36.6611
      vertex -94.7033 -16 -36.4535
      vertex -94.7033 -40 -36.4535
    endloop
  endfacet
  facet normal 0.634485 0 -0.772935
    outer loop
      vertex -94.7033 -16 -36.4535
      vertex -94.9562 -40 -36.6611
      vertex -94.9562 -16 -36.6611
    endloop
  endfacet
  facet normal 0.528184 0 -0.84913
    outer loop
      vertex -95.5 -40 -37.0245
      vertex -95.2222 -16 -36.8517
      vertex -95.2222 -40 -36.8517
    endloop
  endfacet
  facet normal 0.528184 0 -0.84913
    outer loop
      vertex -95.2222 -16 -36.8517
      vertex -95.5 -40 -37.0245
      vertex -95.5 -16 -37.0245
    endloop
  endfacet
  facet normal 0.471254 0 -0.881997
    outer loop
      vertex -95.7886 -40 -37.1787
      vertex -95.5 -16 -37.0245
      vertex -95.5 -40 -37.0245
    endloop
  endfacet
  facet normal 0.471254 0 -0.881997
    outer loop
      vertex -95.5 -16 -37.0245
      vertex -95.7886 -40 -37.1787
      vertex -95.7886 -16 -37.1787
    endloop
  endfacet
  facet normal 0.729804 0 -0.683656
    outer loop
      vertex -94.2408 -40 -35.9911
      vertex -94.4645 -16 -36.2299
      vertex -94.2408 -16 -35.9911
    endloop
  endfacet
  facet normal 0.729804 0 -0.683656
    outer loop
      vertex -94.4645 -16 -36.2299
      vertex -94.2408 -40 -35.9911
      vertex -94.4645 -40 -36.2299
    endloop
  endfacet
  facet normal 0.773058 0 -0.634335
    outer loop
      vertex -94.0332 -40 -35.7381
      vertex -94.2408 -16 -35.9911
      vertex -94.0332 -16 -35.7381
    endloop
  endfacet
  facet normal 0.773058 0 -0.634335
    outer loop
      vertex -94.2408 -16 -35.9911
      vertex -94.0332 -40 -35.7381
      vertex -94.2408 -40 -35.9911
    endloop
  endfacet
  facet normal 0.910889 0 -0.412651
    outer loop
      vertex -93.3806 -40 -34.6078
      vertex -93.5156 -16 -34.9058
      vertex -93.3806 -16 -34.6078
    endloop
  endfacet
  facet normal 0.910889 0 -0.412651
    outer loop
      vertex -93.5156 -16 -34.9058
      vertex -93.3806 -40 -34.6078
      vertex -93.5156 -40 -34.9058
    endloop
  endfacet
  facet normal 0.986641 0 -0.162912
    outer loop
      vertex -93.0428 -40 -33.347
      vertex -93.0961 -16 -33.6698
      vertex -93.0428 -16 -33.347
    endloop
  endfacet
  facet normal 0.986641 0 -0.162912
    outer loop
      vertex -93.0961 -16 -33.6698
      vertex -93.0428 -40 -33.347
      vertex -93.0961 -40 -33.6698
    endloop
  endfacet
  facet normal 0.995175 0 -0.0981116
    outer loop
      vertex -93.0107 -40 -33.0214
      vertex -93.0428 -16 -33.347
      vertex -93.0107 -16 -33.0214
    endloop
  endfacet
  facet normal 0.995175 0 -0.0981116
    outer loop
      vertex -93.0428 -16 -33.347
      vertex -93.0107 -40 -33.0214
      vertex -93.0428 -40 -33.347
    endloop
  endfacet
  facet normal -0.582452 0 -0.812865
    outer loop
      vertex -101.044 -40 -36.6611
      vertex -100.778 -16 -36.8517
      vertex -100.778 -40 -36.8517
    endloop
  endfacet
  facet normal -0.582452 0 -0.812865
    outer loop
      vertex -100.778 -16 -36.8517
      vertex -101.044 -40 -36.6611
      vertex -101.044 -16 -36.6611
    endloop
  endfacet
  facet normal -0.683189 0 -0.730242
    outer loop
      vertex -101.536 -40 -36.2299
      vertex -101.297 -16 -36.4535
      vertex -101.297 -40 -36.4535
    endloop
  endfacet
  facet normal -0.683189 0 -0.730242
    outer loop
      vertex -101.297 -16 -36.4535
      vertex -101.536 -40 -36.2299
      vertex -101.536 -16 -36.2299
    endloop
  endfacet
  facet normal -0.634335 0 -0.773058
    outer loop
      vertex -101.297 -40 -36.4535
      vertex -101.044 -16 -36.6611
      vertex -101.044 -40 -36.6611
    endloop
  endfacet
  facet normal -0.634335 0 -0.773058
    outer loop
      vertex -101.044 -16 -36.6611
      vertex -101.297 -40 -36.4535
      vertex -101.297 -16 -36.4535
    endloop
  endfacet
  facet normal -0.470747 0 -0.882268
    outer loop
      vertex -100.5 -40 -37.0245
      vertex -100.211 -16 -37.1787
      vertex -100.211 -40 -37.1787
    endloop
  endfacet
  facet normal -0.470747 0 -0.882268
    outer loop
      vertex -100.211 -16 -37.1787
      vertex -100.5 -40 -37.0245
      vertex -100.5 -16 -37.0245
    endloop
  endfacet
  facet normal -0.0978089 0 -0.995205
    outer loop
      vertex -98.6526 -40 -37.6516
      vertex -98.327 -16 -37.6836
      vertex -98.327 -40 -37.6836
    endloop
  endfacet
  facet normal -0.0978089 0 -0.995205
    outer loop
      vertex -98.327 -16 -37.6836
      vertex -98.6526 -40 -37.6516
      vertex -98.6526 -16 -37.6516
    endloop
  endfacet
  facet normal -0.730872 0 -0.682515
    outer loop
      vertex -101.536 -40 -36.2299
      vertex -101.759 -16 -35.9911
      vertex -101.536 -16 -36.2299
    endloop
  endfacet
  facet normal -0.730872 -0 -0.682515
    outer loop
      vertex -101.759 -16 -35.9911
      vertex -101.536 -40 -36.2299
      vertex -101.759 -40 -35.9911
    endloop
  endfacet
  facet normal -0.910889 0 -0.412651
    outer loop
      vertex -102.484 -40 -34.9058
      vertex -102.619 -16 -34.6078
      vertex -102.484 -16 -34.9058
    endloop
  endfacet
  facet normal -0.910889 -0 -0.412651
    outer loop
      vertex -102.619 -16 -34.6078
      vertex -102.484 -40 -34.9058
      vertex -102.619 -40 -34.6078
    endloop
  endfacet
  facet normal -0.882184 0 -0.470906
    outer loop
      vertex -102.33 -40 -35.1943
      vertex -102.484 -16 -34.9058
      vertex -102.33 -16 -35.1943
    endloop
  endfacet
  facet normal -0.882184 -0 -0.470906
    outer loop
      vertex -102.484 -16 -34.9058
      vertex -102.33 -40 -35.1943
      vertex -102.484 -40 -34.9058
    endloop
  endfacet
  facet normal -0.974071 0 -0.226244
    outer loop
      vertex -102.83 -40 -33.9884
      vertex -102.904 -16 -33.6698
      vertex -102.83 -16 -33.9884
    endloop
  endfacet
  facet normal -0.974071 -0 -0.226244
    outer loop
      vertex -102.904 -16 -33.6698
      vertex -102.83 -40 -33.9884
      vertex -102.904 -40 -33.6698
    endloop
  endfacet
  facet normal -0.986788 0 -0.162019
    outer loop
      vertex -102.904 -40 -33.6698
      vertex -102.957 -16 -33.347
      vertex -102.904 -16 -33.6698
    endloop
  endfacet
  facet normal -0.986788 -0 -0.162019
    outer loop
      vertex -102.957 -16 -33.347
      vertex -102.904 -40 -33.6698
      vertex -102.957 -40 -33.347
    endloop
  endfacet
  facet normal -0.999435 0 -0.0336099
    outer loop
      vertex -102.989 -40 -33.0214
      vertex -103 -16 -32.6943
      vertex -102.989 -16 -33.0214
    endloop
  endfacet
  facet normal -0.999435 -0 -0.0336099
    outer loop
      vertex -103 -16 -32.6943
      vertex -102.989 -40 -33.0214
      vertex -103 -40 -32.6943
    endloop
  endfacet
  facet normal 0.772935 -0 0.634485
    outer loop
      vertex -94.2408 -40 -29.3976
      vertex -94.0332 -16 -29.6505
      vertex -94.2408 -16 -29.3976
    endloop
  endfacet
  facet normal 0.772935 0 0.634485
    outer loop
      vertex -94.0332 -16 -29.6505
      vertex -94.2408 -40 -29.3976
      vertex -94.0332 -40 -29.6505
    endloop
  endfacet
  facet normal 0.0981116 0 0.995175
    outer loop
      vertex -97.673 -16 -27.705
      vertex -97.3474 -40 -27.7371
      vertex -97.3474 -16 -27.7371
    endloop
  endfacet
  facet normal 0.0981116 0 0.995175
    outer loop
      vertex -97.3474 -40 -27.7371
      vertex -97.673 -16 -27.705
      vertex -97.673 -40 -27.705
    endloop
  endfacet
  facet normal 0 -1 0
    outer loop
      vertex -98 -40 -31.0693
      vertex -98 -40 -27.6943
      vertex -98.327 -40 -27.705
    endloop
  endfacet
  facet normal 0 -1 0
    outer loop
      vertex -98.1063 -40 -31.0728
      vertex -98.327 -40 -27.705
      vertex -98.6526 -40 -27.7371
    endloop
  endfacet
  facet normal 0 -1 0
    outer loop
      vertex -98 -40 -27.6943
      vertex -98 -40 -31.0693
      vertex -97.673 -40 -27.705
    endloop
  endfacet
  facet normal 0 -1 0
    outer loop
      vertex -98.2121 -40 -31.0832
      vertex -98.6526 -40 -27.7371
      vertex -98.9754 -40 -27.7904
    endloop
  endfacet
  facet normal 0 -1 0
    outer loop
      vertex -97.8937 -40 -31.0728
      vertex -97.673 -40 -27.705
      vertex -98 -40 -31.0693
    endloop
  endfacet
  facet normal 0 -1 0
    outer loop
      vertex -98.317 -40 -31.1006
      vertex -98.9754 -40 -27.7904
      vertex -99.2941 -40 -27.8647
    endloop
  endfacet
  facet normal 0 -1 -0
    outer loop
      vertex -97.673 -40 -27.705
      vertex -97.8937 -40 -31.0728
      vertex -97.3474 -40 -27.7371
    endloop
  endfacet
  facet normal 0 -1 0
    outer loop
      vertex -98.4206 -40 -31.1247
      vertex -99.2941 -40 -27.8647
      vertex -99.6072 -40 -27.9597
    endloop
  endfacet
  facet normal 0 -1 0
    outer loop
      vertex -97.7879 -40 -31.0832
      vertex -97.3474 -40 -27.7371
      vertex -97.8937 -40 -31.0728
    endloop
  endfacet
  facet normal 0 -1 0
    outer loop
      vertex -98.5223 -40 -31.1556
      vertex -99.6072 -40 -27.9597
      vertex -99.9134 -40 -28.0749
    endloop
  endfacet
  facet normal 0 -1 -0
    outer loop
      vertex -97.3474 -40 -27.7371
      vertex -97.7879 -40 -31.0832
      vertex -97.0246 -40 -27.7904
    endloop
  endfacet
  facet normal 0 -1 0
    outer loop
      vertex -98.6219 -40 -31.193
      vertex -99.9134 -40 -28.0749
      vertex -100.211 -40 -28.21
    endloop
  endfacet
  facet normal 0 -1 0
    outer loop
      vertex -97.683 -40 -31.1006
      vertex -97.0246 -40 -27.7904
      vertex -97.7879 -40 -31.0832
    endloop
  endfacet
  facet normal 0 -1 0
    outer loop
      vertex -98.7187 -40 -31.2369
      vertex -100.211 -40 -28.21
      vertex -100.5 -40 -28.3642
    endloop
  endfacet
  facet normal 0 -1 -0
    outer loop
      vertex -97.0246 -40 -27.7904
      vertex -97.683 -40 -31.1006
      vertex -96.7059 -40 -27.8647
    endloop
  endfacet
  facet normal 0 -1 0
    outer loop
      vertex -98.8125 -40 -31.287
      vertex -100.5 -40 -28.3642
      vertex -100.778 -40 -28.537
    endloop
  endfacet
  facet normal 0 -1 0
    outer loop
      vertex -97.5794 -40 -31.1247
      vertex -96.7059 -40 -27.8647
      vertex -97.683 -40 -31.1006
    endloop
  endfacet
  facet normal 0 -1 0
    outer loop
      vertex -98.9028 -40 -31.3432
      vertex -100.778 -40 -28.537
      vertex -101.044 -40 -28.7276
    endloop
  endfacet
  facet normal 0 -1 -0
    outer loop
      vertex -96.7059 -40 -27.8647
      vertex -97.5794 -40 -31.1247
      vertex -96.3928 -40 -27.9597
    endloop
  endfacet
  facet normal 0 -1 0
    outer loop
      vertex -98.9892 -40 -31.4051
      vertex -101.044 -40 -28.7276
      vertex -101.297 -40 -28.9351
    endloop
  endfacet
  facet normal 0 -1 0
    outer loop
      vertex -97.4777 -40 -31.1556
      vertex -96.3928 -40 -27.9597
      vertex -97.5794 -40 -31.1247
    endloop
  endfacet
  facet normal 0 -1 0
    outer loop
      vertex -99.0714 -40 -31.4726
      vertex -101.297 -40 -28.9351
      vertex -101.536 -40 -29.1588
    endloop
  endfacet
  facet normal 0 -1 -0
    outer loop
      vertex -96.3928 -40 -27.9597
      vertex -97.4777 -40 -31.1556
      vertex -96.0866 -40 -28.0749
    endloop
  endfacet
  facet normal 0 -1 0
    outer loop
      vertex -99.149 -40 -31.5453
      vertex -101.536 -40 -29.1588
      vertex -101.759 -40 -29.3976
    endloop
  endfacet
  facet normal 0 -1 0
    outer loop
      vertex -97.3781 -40 -31.193
      vertex -96.0866 -40 -28.0749
      vertex -97.4777 -40 -31.1556
    endloop
  endfacet
  facet normal 0 -1 0
    outer loop
      vertex -99.2217 -40 -31.6229
      vertex -101.759 -40 -29.3976
      vertex -101.967 -40 -29.6505
    endloop
  endfacet
  facet normal 0 -1 -0
    outer loop
      vertex -96.0866 -40 -28.0749
      vertex -97.3781 -40 -31.193
      vertex -95.7886 -40 -28.21
    endloop
  endfacet
  facet normal 0 -1 0
    outer loop
      vertex -99.2892 -40 -31.7051
      vertex -101.967 -40 -29.6505
      vertex -102.157 -40 -29.9165
    endloop
  endfacet
  facet normal 0 -1 0
    outer loop
      vertex -97.2813 -40 -31.2369
      vertex -95.7886 -40 -28.21
      vertex -97.3781 -40 -31.193
    endloop
  endfacet
  facet normal 0 -1 0
    outer loop
      vertex -99.3511 -40 -31.7915
      vertex -102.157 -40 -29.9165
      vertex -102.33 -40 -30.1943
    endloop
  endfacet
  facet normal 0 -1 -0
    outer loop
      vertex -95.7886 -40 -28.21
      vertex -97.2813 -40 -31.2369
      vertex -95.5 -40 -28.3642
    endloop
  endfacet
  facet normal 0 -1 0
    outer loop
      vertex -99.4073 -40 -31.8818
      vertex -102.33 -40 -30.1943
      vertex -102.484 -40 -30.4829
    endloop
  endfacet
  facet normal 0 -1 0
    outer loop
      vertex -97.1875 -40 -31.287
      vertex -95.5 -40 -28.3642
      vertex -97.2813 -40 -31.2369
    endloop
  endfacet
  facet normal 0 -1 0
    outer loop
      vertex -99.4574 -40 -31.9756
      vertex -102.484 -40 -30.4829
      vertex -102.619 -40 -30.7809
    endloop
  endfacet
  facet normal 0 -1 -0
    outer loop
      vertex -95.5 -40 -28.3642
      vertex -97.1875 -40 -31.287
      vertex -95.2222 -40 -28.537
    endloop
  endfacet
  facet normal 0 -1 0
    outer loop
      vertex -97.0972 -40 -31.3432
      vertex -95.2222 -40 -28.537
      vertex -97.1875 -40 -31.287
    endloop
  endfacet
  facet normal 0 -1 0
    outer loop
      vertex -98.327 -40 -27.705
      vertex -98.1063 -40 -31.0728
      vertex -98 -40 -31.0693
    endloop
  endfacet
  facet normal 0 -1 0
    outer loop
      vertex -98.6526 -40 -27.7371
      vertex -98.2121 -40 -31.0832
      vertex -98.1063 -40 -31.0728
    endloop
  endfacet
  facet normal 0 -1 0
    outer loop
      vertex -99.5013 -40 -32.0725
      vertex -102.619 -40 -30.7809
      vertex -102.735 -40 -31.0871
    endloop
  endfacet
  facet normal 0 -1 0
    outer loop
      vertex -98.9754 -40 -27.7904
      vertex -98.317 -40 -31.1006
      vertex -98.2121 -40 -31.0832
    endloop
  endfacet
  facet normal 0 -1 0
    outer loop
      vertex -99.2941 -40 -27.8647
      vertex -98.4206 -40 -31.1247
      vertex -98.317 -40 -31.1006
    endloop
  endfacet
  facet normal 0 -1 0
    outer loop
      vertex -99.6072 -40 -27.9597
      vertex -98.5223 -40 -31.1556
      vertex -98.4206 -40 -31.1247
    endloop
  endfacet
  facet normal 0 -1 0
    outer loop
      vertex -99.9134 -40 -28.0749
      vertex -98.6219 -40 -31.193
      vertex -98.5223 -40 -31.1556
    endloop
  endfacet
  facet normal 0 -1 0
    outer loop
      vertex -100.211 -40 -28.21
      vertex -98.7187 -40 -31.2369
      vertex -98.6219 -40 -31.193
    endloop
  endfacet
  facet normal 0 -1 0
    outer loop
      vertex -100.5 -40 -28.3642
      vertex -98.8125 -40 -31.287
      vertex -98.7187 -40 -31.2369
    endloop
  endfacet
  facet normal 0 -1 0
    outer loop
      vertex -100.778 -40 -28.537
      vertex -98.9028 -40 -31.3432
      vertex -98.8125 -40 -31.287
    endloop
  endfacet
  facet normal 0 -1 0
    outer loop
      vertex -99.5388 -40 -32.172
      vertex -102.735 -40 -31.0871
      vertex -102.83 -40 -31.4002
    endloop
  endfacet
  facet normal 0 -1 0
    outer loop
      vertex -101.044 -40 -28.7276
      vertex -98.9892 -40 -31.4051
      vertex -98.9028 -40 -31.3432
    endloop
  endfacet
  facet normal 0 -1 0
    outer loop
      vertex -101.297 -40 -28.9351
      vertex -99.0714 -40 -31.4726
      vertex -98.9892 -40 -31.4051
    endloop
  endfacet
  facet normal 0 -1 0
    outer loop
      vertex -101.536 -40 -29.1588
      vertex -99.149 -40 -31.5453
      vertex -99.0714 -40 -31.4726
    endloop
  endfacet
  facet normal 0 -1 0
    outer loop
      vertex -101.759 -40 -29.3976
      vertex -99.2217 -40 -31.6229
      vertex -99.149 -40 -31.5453
    endloop
  endfacet
  facet normal 0 -1 0
    outer loop
      vertex -101.967 -40 -29.6505
      vertex -99.2892 -40 -31.7051
      vertex -99.2217 -40 -31.6229
    endloop
  endfacet
  facet normal 0 -1 0
    outer loop
      vertex -99.5696 -40 -32.2738
      vertex -102.83 -40 -31.4002
      vertex -102.904 -40 -31.7189
    endloop
  endfacet
  facet normal 0 -1 0
    outer loop
      vertex -102.157 -40 -29.9165
      vertex -99.3511 -40 -31.7915
      vertex -99.2892 -40 -31.7051
    endloop
  endfacet
  facet normal 0 -1 0
    outer loop
      vertex -102.33 -40 -30.1943
      vertex -99.4073 -40 -31.8818
      vertex -99.3511 -40 -31.7915
    endloop
  endfacet
  facet normal 0 -1 0
    outer loop
      vertex -102.484 -40 -30.4829
      vertex -99.4574 -40 -31.9756
      vertex -99.4073 -40 -31.8818
    endloop
  endfacet
  facet normal 0 -1 0
    outer loop
      vertex -99.5938 -40 -32.3773
      vertex -102.904 -40 -31.7189
      vertex -102.957 -40 -32.0417
    endloop
  endfacet
  facet normal 0 -1 0
    outer loop
      vertex -102.619 -40 -30.7809
      vertex -99.5013 -40 -32.0725
      vertex -99.4574 -40 -31.9756
    endloop
  endfacet
  facet normal 0 -1 0
    outer loop
      vertex -102.735 -40 -31.0871
      vertex -99.5388 -40 -32.172
      vertex -99.5013 -40 -32.0725
    endloop
  endfacet
  facet normal 0 -1 0
    outer loop
      vertex -102.83 -40 -31.4002
      vertex -99.5696 -40 -32.2738
      vertex -99.5388 -40 -32.172
    endloop
  endfacet
  facet normal 0 -1 0
    outer loop
      vertex -99.6111 -40 -32.4822
      vertex -102.957 -40 -32.0417
      vertex -102.989 -40 -32.3673
    endloop
  endfacet
  facet normal 0 -1 0
    outer loop
      vertex -102.904 -40 -31.7189
      vertex -99.5938 -40 -32.3773
      vertex -99.5696 -40 -32.2738
    endloop
  endfacet
  facet normal 0 -1 0
    outer loop
      vertex -102.957 -40 -32.0417
      vertex -99.6111 -40 -32.4822
      vertex -99.5938 -40 -32.3773
    endloop
  endfacet
  facet normal 0 -1 0
    outer loop
      vertex -102.989 -40 -32.3673
      vertex -99.6215 -40 -32.5881
      vertex -99.6111 -40 -32.4822
    endloop
  endfacet
  facet normal 0 -1 0
    outer loop
      vertex -103 -40 -32.6943
      vertex -99.6215 -40 -32.5881
      vertex -102.989 -40 -32.3673
    endloop
  endfacet
  facet normal 0 -1 0
    outer loop
      vertex -103 -40 -32.6943
      vertex -99.625 -40 -32.6943
      vertex -99.6215 -40 -32.5881
    endloop
  endfacet
  facet normal 0 -1 0
    outer loop
      vertex -103 -40 -32.6943
      vertex -99.6215 -40 -32.8006
      vertex -99.625 -40 -32.6943
    endloop
  endfacet
  facet normal 0 -1 0
    outer loop
      vertex -102.989 -40 -33.0214
      vertex -99.6215 -40 -32.8006
      vertex -103 -40 -32.6943
    endloop
  endfacet
  facet normal 0 -1 -0
    outer loop
      vertex -99.6215 -40 -32.8006
      vertex -102.989 -40 -33.0214
      vertex -99.6111 -40 -32.9064
    endloop
  endfacet
  facet normal 0 -1 0
    outer loop
      vertex -102.957 -40 -33.347
      vertex -99.6111 -40 -32.9064
      vertex -102.989 -40 -33.0214
    endloop
  endfacet
  facet normal 0 -1 -0
    outer loop
      vertex -99.6111 -40 -32.9064
      vertex -102.957 -40 -33.347
      vertex -99.5938 -40 -33.0114
    endloop
  endfacet
  facet normal 0 -1 0
    outer loop
      vertex -102.904 -40 -33.6698
      vertex -99.5938 -40 -33.0114
      vertex -102.957 -40 -33.347
    endloop
  endfacet
  facet normal 0 -1 -0
    outer loop
      vertex -99.5938 -40 -33.0114
      vertex -102.904 -40 -33.6698
      vertex -99.5696 -40 -33.1149
    endloop
  endfacet
  facet normal 0 -1 0
    outer loop
      vertex -102.83 -40 -33.9884
      vertex -99.5696 -40 -33.1149
      vertex -102.904 -40 -33.6698
    endloop
  endfacet
  facet normal 0 -1 -0
    outer loop
      vertex -99.5696 -40 -33.1149
      vertex -102.83 -40 -33.9884
      vertex -99.5388 -40 -33.2167
    endloop
  endfacet
  facet normal 0 -1 0
    outer loop
      vertex -102.735 -40 -34.3015
      vertex -99.5388 -40 -33.2167
      vertex -102.83 -40 -33.9884
    endloop
  endfacet
  facet normal 0 -1 -0
    outer loop
      vertex -99.5388 -40 -33.2167
      vertex -102.735 -40 -34.3015
      vertex -99.5013 -40 -33.3162
    endloop
  endfacet
  facet normal 0 -1 0
    outer loop
      vertex -102.619 -40 -34.6078
      vertex -99.5013 -40 -33.3162
      vertex -102.735 -40 -34.3015
    endloop
  endfacet
  facet normal 0 -1 -0
    outer loop
      vertex -99.5013 -40 -33.3162
      vertex -102.619 -40 -34.6078
      vertex -99.4574 -40 -33.4131
    endloop
  endfacet
  facet normal 0 -1 0
    outer loop
      vertex -102.484 -40 -34.9058
      vertex -99.4574 -40 -33.4131
      vertex -102.619 -40 -34.6078
    endloop
  endfacet
  facet normal 0 -1 -0
    outer loop
      vertex -99.4574 -40 -33.4131
      vertex -102.484 -40 -34.9058
      vertex -99.4073 -40 -33.5068
    endloop
  endfacet
  facet normal 0 -1 0
    outer loop
      vertex -102.33 -40 -35.1943
      vertex -99.4073 -40 -33.5068
      vertex -102.484 -40 -34.9058
    endloop
  endfacet
  facet normal 0 -1 -0
    outer loop
      vertex -99.4073 -40 -33.5068
      vertex -102.33 -40 -35.1943
      vertex -99.3511 -40 -33.5971
    endloop
  endfacet
  facet normal 0 -1 0
    outer loop
      vertex -102.157 -40 -35.4722
      vertex -99.3511 -40 -33.5971
      vertex -102.33 -40 -35.1943
    endloop
  endfacet
  facet normal 0 -1 -0
    outer loop
      vertex -99.3511 -40 -33.5971
      vertex -102.157 -40 -35.4722
      vertex -99.2892 -40 -33.6836
    endloop
  endfacet
  facet normal 0 -1 0
    outer loop
      vertex -101.967 -40 -35.7381
      vertex -99.2892 -40 -33.6836
      vertex -102.157 -40 -35.4722
    endloop
  endfacet
  facet normal 0 -1 -0
    outer loop
      vertex -99.2892 -40 -33.6836
      vertex -101.967 -40 -35.7381
      vertex -99.2217 -40 -33.7658
    endloop
  endfacet
  facet normal 0 -1 0
    outer loop
      vertex -101.759 -40 -35.9911
      vertex -99.2217 -40 -33.7658
      vertex -101.967 -40 -35.7381
    endloop
  endfacet
  facet normal 0 -1 -0
    outer loop
      vertex -99.2217 -40 -33.7658
      vertex -101.759 -40 -35.9911
      vertex -99.149 -40 -33.8434
    endloop
  endfacet
  facet normal 0 -1 0
    outer loop
      vertex -101.536 -40 -36.2299
      vertex -99.149 -40 -33.8434
      vertex -101.759 -40 -35.9911
    endloop
  endfacet
  facet normal 0 -1 -0
    outer loop
      vertex -99.149 -40 -33.8434
      vertex -101.536 -40 -36.2299
      vertex -99.0714 -40 -33.9161
    endloop
  endfacet
  facet normal 0 -1 0
    outer loop
      vertex -101.297 -40 -36.4535
      vertex -99.0714 -40 -33.9161
      vertex -101.536 -40 -36.2299
    endloop
  endfacet
  facet normal 0 -1 -0
    outer loop
      vertex -99.0714 -40 -33.9161
      vertex -101.297 -40 -36.4535
      vertex -98.9892 -40 -33.9835
    endloop
  endfacet
  facet normal 0 -1 0
    outer loop
      vertex -101.044 -40 -36.6611
      vertex -98.9892 -40 -33.9835
      vertex -101.297 -40 -36.4535
    endloop
  endfacet
  facet normal 0 -1 -0
    outer loop
      vertex -98.9892 -40 -33.9835
      vertex -101.044 -40 -36.6611
      vertex -98.9028 -40 -34.0455
    endloop
  endfacet
  facet normal 0 -1 0
    outer loop
      vertex -100.778 -40 -36.8517
      vertex -98.9028 -40 -34.0455
      vertex -101.044 -40 -36.6611
    endloop
  endfacet
  facet normal 0 -1 -0
    outer loop
      vertex -95.2222 -40 -28.537
      vertex -97.0972 -40 -31.3432
      vertex -94.9562 -40 -28.7276
    endloop
  endfacet
  facet normal 0 -1 0
    outer loop
      vertex -97.0108 -40 -31.4051
      vertex -94.9562 -40 -28.7276
      vertex -97.0972 -40 -31.3432
    endloop
  endfacet
  facet normal 0 -1 -0
    outer loop
      vertex -94.9562 -40 -28.7276
      vertex -97.0108 -40 -31.4051
      vertex -94.7033 -40 -28.9351
    endloop
  endfacet
  facet normal 0 -1 0
    outer loop
      vertex -96.9286 -40 -31.4726
      vertex -94.7033 -40 -28.9351
      vertex -97.0108 -40 -31.4051
    endloop
  endfacet
  facet normal 0 -1 -0
    outer loop
      vertex -94.7033 -40 -28.9351
      vertex -96.9286 -40 -31.4726
      vertex -94.4645 -40 -29.1588
    endloop
  endfacet
  facet normal 0 -1 0
    outer loop
      vertex -96.851 -40 -31.5453
      vertex -94.4645 -40 -29.1588
      vertex -96.9286 -40 -31.4726
    endloop
  endfacet
  facet normal 0 -1 -0
    outer loop
      vertex -94.4645 -40 -29.1588
      vertex -96.851 -40 -31.5453
      vertex -94.2408 -40 -29.3976
    endloop
  endfacet
  facet normal 0 -1 0
    outer loop
      vertex -96.7783 -40 -31.6229
      vertex -94.2408 -40 -29.3976
      vertex -96.851 -40 -31.5453
    endloop
  endfacet
  facet normal 0 -1 -0
    outer loop
      vertex -94.2408 -40 -29.3976
      vertex -96.7783 -40 -31.6229
      vertex -94.0332 -40 -29.6505
    endloop
  endfacet
  facet normal 0 -1 0
    outer loop
      vertex -96.7108 -40 -31.7051
      vertex -94.0332 -40 -29.6505
      vertex -96.7783 -40 -31.6229
    endloop
  endfacet
  facet normal 0 -1 -0
    outer loop
      vertex -94.0332 -40 -29.6505
      vertex -96.7108 -40 -31.7051
      vertex -93.8427 -40 -29.9165
    endloop
  endfacet
  facet normal 0 -1 0
    outer loop
      vertex -96.6489 -40 -31.7915
      vertex -93.8427 -40 -29.9165
      vertex -96.7108 -40 -31.7051
    endloop
  endfacet
  facet normal 0 -1 -0
    outer loop
      vertex -93.8427 -40 -29.9165
      vertex -96.6489 -40 -31.7915
      vertex -93.6699 -40 -30.1943
    endloop
  endfacet
  facet normal 0 -1 0
    outer loop
      vertex -96.5927 -40 -31.8818
      vertex -93.6699 -40 -30.1943
      vertex -96.6489 -40 -31.7915
    endloop
  endfacet
  facet normal 0 -1 -0
    outer loop
      vertex -93.6699 -40 -30.1943
      vertex -96.5927 -40 -31.8818
      vertex -93.5156 -40 -30.4829
    endloop
  endfacet
  facet normal 0 -1 0
    outer loop
      vertex -96.5426 -40 -31.9756
      vertex -93.5156 -40 -30.4829
      vertex -96.5927 -40 -31.8818
    endloop
  endfacet
  facet normal 0 -1 -0
    outer loop
      vertex -93.5156 -40 -30.4829
      vertex -96.5426 -40 -31.9756
      vertex -93.3806 -40 -30.7809
    endloop
  endfacet
  facet normal 0 -1 0
    outer loop
      vertex -96.4987 -40 -32.0725
      vertex -93.3806 -40 -30.7809
      vertex -96.5426 -40 -31.9756
    endloop
  endfacet
  facet normal 0 -1 -0
    outer loop
      vertex -93.3806 -40 -30.7809
      vertex -96.4987 -40 -32.0725
      vertex -93.2654 -40 -31.0871
    endloop
  endfacet
  facet normal 0 -1 0
    outer loop
      vertex -96.4612 -40 -32.172
      vertex -93.2654 -40 -31.0871
      vertex -96.4987 -40 -32.0725
    endloop
  endfacet
  facet normal 0 -1 -0
    outer loop
      vertex -93.2654 -40 -31.0871
      vertex -96.4612 -40 -32.172
      vertex -93.1704 -40 -31.4002
    endloop
  endfacet
  facet normal 0 -1 0
    outer loop
      vertex -96.4304 -40 -32.2738
      vertex -93.1704 -40 -31.4002
      vertex -96.4612 -40 -32.172
    endloop
  endfacet
  facet normal 0 -1 -0
    outer loop
      vertex -93.1704 -40 -31.4002
      vertex -96.4304 -40 -32.2738
      vertex -93.0961 -40 -31.7189
    endloop
  endfacet
  facet normal 0 -1 0
    outer loop
      vertex -96.4062 -40 -32.3773
      vertex -93.0961 -40 -31.7189
      vertex -96.4304 -40 -32.2738
    endloop
  endfacet
  facet normal 0 -1 -0
    outer loop
      vertex -93.0961 -40 -31.7189
      vertex -96.4062 -40 -32.3773
      vertex -93.0428 -40 -32.0417
    endloop
  endfacet
  facet normal 0 -1 0
    outer loop
      vertex -96.3889 -40 -32.4822
      vertex -93.0428 -40 -32.0417
      vertex -96.4062 -40 -32.3773
    endloop
  endfacet
  facet normal 0 -1 -0
    outer loop
      vertex -93.0428 -40 -32.0417
      vertex -96.3889 -40 -32.4822
      vertex -93.0107 -40 -32.3673
    endloop
  endfacet
  facet normal 0 -1 0
    outer loop
      vertex -96.3785 -40 -32.5881
      vertex -93.0107 -40 -32.3673
      vertex -96.3889 -40 -32.4822
    endloop
  endfacet
  facet normal 0 -1 0
    outer loop
      vertex -96.375 -40 -32.6943
      vertex -93.0107 -40 -32.3673
      vertex -96.3785 -40 -32.5881
    endloop
  endfacet
  facet normal 0 -1 0
    outer loop
      vertex -96.375 -40 -32.6943
      vertex -93 -40 -32.6943
      vertex -93.0107 -40 -32.3673
    endloop
  endfacet
  facet normal 0 -1 0
    outer loop
      vertex -96.3785 -40 -32.8006
      vertex -93 -40 -32.6943
      vertex -96.375 -40 -32.6943
    endloop
  endfacet
  facet normal 0 -1 0
    outer loop
      vertex -93.0107 -40 -33.0214
      vertex -96.3785 -40 -32.8006
      vertex -96.3889 -40 -32.9064
    endloop
  endfacet
  facet normal 0 -1 0
    outer loop
      vertex -93.0428 -40 -33.347
      vertex -96.3889 -40 -32.9064
      vertex -96.4062 -40 -33.0114
    endloop
  endfacet
  facet normal 0 -1 0
    outer loop
      vertex -96.3785 -40 -32.8006
      vertex -93.0107 -40 -33.0214
      vertex -93 -40 -32.6943
    endloop
  endfacet
  facet normal 0 -1 0
    outer loop
      vertex -93.0961 -40 -33.6698
      vertex -96.4062 -40 -33.0114
      vertex -96.4304 -40 -33.1149
    endloop
  endfacet
  facet normal 0 -1 0
    outer loop
      vertex -93.1704 -40 -33.9884
      vertex -96.4304 -40 -33.1149
      vertex -96.4612 -40 -33.2167
    endloop
  endfacet
  facet normal 0 -1 0
    outer loop
      vertex -93.2654 -40 -34.3015
      vertex -96.4612 -40 -33.2167
      vertex -96.4987 -40 -33.3162
    endloop
  endfacet
  facet normal 0 -1 0
    outer loop
      vertex -96.3889 -40 -32.9064
      vertex -93.0428 -40 -33.347
      vertex -93.0107 -40 -33.0214
    endloop
  endfacet
  facet normal 0 -1 0
    outer loop
      vertex -93.3806 -40 -34.6078
      vertex -96.4987 -40 -33.3162
      vertex -96.5426 -40 -33.4131
    endloop
  endfacet
  facet normal 0 -1 0
    outer loop
      vertex -93.5156 -40 -34.9058
      vertex -96.5426 -40 -33.4131
      vertex -96.5927 -40 -33.5068
    endloop
  endfacet
  facet normal 0 -1 0
    outer loop
      vertex -93.6699 -40 -35.1943
      vertex -96.5927 -40 -33.5068
      vertex -96.6489 -40 -33.5971
    endloop
  endfacet
  facet normal 0 -1 0
    outer loop
      vertex -96.4062 -40 -33.0114
      vertex -93.0961 -40 -33.6698
      vertex -93.0428 -40 -33.347
    endloop
  endfacet
  facet normal 0 -1 0
    outer loop
      vertex -93.8427 -40 -35.4722
      vertex -96.6489 -40 -33.5971
      vertex -96.7108 -40 -33.6836
    endloop
  endfacet
  facet normal 0 -1 0
    outer loop
      vertex -94.0332 -40 -35.7381
      vertex -96.7108 -40 -33.6836
      vertex -96.7783 -40 -33.7658
    endloop
  endfacet
  facet normal 0 -1 0
    outer loop
      vertex -94.2408 -40 -35.9911
      vertex -96.7783 -40 -33.7658
      vertex -96.851 -40 -33.8434
    endloop
  endfacet
  facet normal 0 -1 0
    outer loop
      vertex -94.4645 -40 -36.2299
      vertex -96.851 -40 -33.8434
      vertex -96.9286 -40 -33.9161
    endloop
  endfacet
  facet normal 0 -1 0
    outer loop
      vertex -94.7033 -40 -36.4535
      vertex -96.9286 -40 -33.9161
      vertex -97.0108 -40 -33.9835
    endloop
  endfacet
  facet normal 0 -1 0
    outer loop
      vertex -96.4304 -40 -33.1149
      vertex -93.1704 -40 -33.9884
      vertex -93.0961 -40 -33.6698
    endloop
  endfacet
  facet normal 0 -1 0
    outer loop
      vertex -94.9562 -40 -36.6611
      vertex -97.0108 -40 -33.9835
      vertex -97.0972 -40 -34.0455
    endloop
  endfacet
  facet normal 0 -1 0
    outer loop
      vertex -95.2222 -40 -36.8517
      vertex -97.0972 -40 -34.0455
      vertex -97.1875 -40 -34.1016
    endloop
  endfacet
  facet normal 0 -1 0
    outer loop
      vertex -95.5 -40 -37.0245
      vertex -97.1875 -40 -34.1016
      vertex -97.2813 -40 -34.1518
    endloop
  endfacet
  facet normal 0 -1 0
    outer loop
      vertex -95.7886 -40 -37.1787
      vertex -97.2813 -40 -34.1518
      vertex -97.3781 -40 -34.1956
    endloop
  endfacet
  facet normal 0 -1 0
    outer loop
      vertex -96.0866 -40 -37.3137
      vertex -97.3781 -40 -34.1956
      vertex -97.4777 -40 -34.2331
    endloop
  endfacet
  facet normal 0 -1 0
    outer loop
      vertex -96.3928 -40 -37.429
      vertex -97.4777 -40 -34.2331
      vertex -97.5794 -40 -34.264
    endloop
  endfacet
  facet normal 0 -1 0
    outer loop
      vertex -96.7059 -40 -37.524
      vertex -97.5794 -40 -34.264
      vertex -97.683 -40 -34.2881
    endloop
  endfacet
  facet normal 0 -1 0
    outer loop
      vertex -96.4612 -40 -33.2167
      vertex -93.2654 -40 -34.3015
      vertex -93.1704 -40 -33.9884
    endloop
  endfacet
  facet normal 0 -1 0
    outer loop
      vertex -97.0246 -40 -37.5983
      vertex -97.683 -40 -34.2881
      vertex -97.7879 -40 -34.3054
    endloop
  endfacet
  facet normal 0 -1 0
    outer loop
      vertex -97.3474 -40 -37.6516
      vertex -97.7879 -40 -34.3054
      vertex -97.8937 -40 -34.3159
    endloop
  endfacet
  facet normal 0 -1 0
    outer loop
      vertex -97.673 -40 -37.6836
      vertex -97.8937 -40 -34.3159
      vertex -98 -40 -34.3193
    endloop
  endfacet
  facet normal 0 -1 -0
    outer loop
      vertex -98.9028 -40 -34.0455
      vertex -100.778 -40 -36.8517
      vertex -98.8125 -40 -34.1016
    endloop
  endfacet
  facet normal 0 -1 0
    outer loop
      vertex -96.4987 -40 -33.3162
      vertex -93.3806 -40 -34.6078
      vertex -93.2654 -40 -34.3015
    endloop
  endfacet
  facet normal 0 -1 0
    outer loop
      vertex -100.5 -40 -37.0245
      vertex -98.8125 -40 -34.1016
      vertex -100.778 -40 -36.8517
    endloop
  endfacet
  facet normal 0 -1 0
    outer loop
      vertex -96.5426 -40 -33.4131
      vertex -93.5156 -40 -34.9058
      vertex -93.3806 -40 -34.6078
    endloop
  endfacet
  facet normal 0 -1 -0
    outer loop
      vertex -98.8125 -40 -34.1016
      vertex -100.5 -40 -37.0245
      vertex -98.7187 -40 -34.1518
    endloop
  endfacet
  facet normal 0 -1 0
    outer loop
      vertex -96.5927 -40 -33.5068
      vertex -93.6699 -40 -35.1943
      vertex -93.5156 -40 -34.9058
    endloop
  endfacet
  facet normal 0 -1 0
    outer loop
      vertex -100.211 -40 -37.1787
      vertex -98.7187 -40 -34.1518
      vertex -100.5 -40 -37.0245
    endloop
  endfacet
  facet normal 0 -1 0
    outer loop
      vertex -96.6489 -40 -33.5971
      vertex -93.8427 -40 -35.4722
      vertex -93.6699 -40 -35.1943
    endloop
  endfacet
  facet normal 0 -1 -0
    outer loop
      vertex -98.7187 -40 -34.1518
      vertex -100.211 -40 -37.1787
      vertex -98.6219 -40 -34.1956
    endloop
  endfacet
  facet normal 0 -1 0
    outer loop
      vertex -96.7108 -40 -33.6836
      vertex -94.0332 -40 -35.7381
      vertex -93.8427 -40 -35.4722
    endloop
  endfacet
  facet normal 0 -1 0
    outer loop
      vertex -99.9134 -40 -37.3137
      vertex -98.6219 -40 -34.1956
      vertex -100.211 -40 -37.1787
    endloop
  endfacet
  facet normal 0 -1 0
    outer loop
      vertex -96.7783 -40 -33.7658
      vertex -94.2408 -40 -35.9911
      vertex -94.0332 -40 -35.7381
    endloop
  endfacet
  facet normal 0 -1 -0
    outer loop
      vertex -98.6219 -40 -34.1956
      vertex -99.9134 -40 -37.3137
      vertex -98.5223 -40 -34.2331
    endloop
  endfacet
  facet normal 0 -1 0
    outer loop
      vertex -96.851 -40 -33.8434
      vertex -94.4645 -40 -36.2299
      vertex -94.2408 -40 -35.9911
    endloop
  endfacet
  facet normal 0 -1 0
    outer loop
      vertex -99.6072 -40 -37.429
      vertex -98.5223 -40 -34.2331
      vertex -99.9134 -40 -37.3137
    endloop
  endfacet
  facet normal 0 -1 0
    outer loop
      vertex -96.9286 -40 -33.9161
      vertex -94.7033 -40 -36.4535
      vertex -94.4645 -40 -36.2299
    endloop
  endfacet
  facet normal 0 -1 -0
    outer loop
      vertex -98.5223 -40 -34.2331
      vertex -99.6072 -40 -37.429
      vertex -98.4206 -40 -34.264
    endloop
  endfacet
  facet normal 0 -1 0
    outer loop
      vertex -97.0108 -40 -33.9835
      vertex -94.9562 -40 -36.6611
      vertex -94.7033 -40 -36.4535
    endloop
  endfacet
  facet normal 0 -1 0
    outer loop
      vertex -99.2941 -40 -37.524
      vertex -98.4206 -40 -34.264
      vertex -99.6072 -40 -37.429
    endloop
  endfacet
  facet normal 0 -1 0
    outer loop
      vertex -97.0972 -40 -34.0455
      vertex -95.2222 -40 -36.8517
      vertex -94.9562 -40 -36.6611
    endloop
  endfacet
  facet normal 0 -1 -0
    outer loop
      vertex -98.4206 -40 -34.264
      vertex -99.2941 -40 -37.524
      vertex -98.317 -40 -34.2881
    endloop
  endfacet
  facet normal 0 -1 0
    outer loop
      vertex -97.1875 -40 -34.1016
      vertex -95.5 -40 -37.0245
      vertex -95.2222 -40 -36.8517
    endloop
  endfacet
  facet normal 0 -1 0
    outer loop
      vertex -98.9754 -40 -37.5983
      vertex -98.317 -40 -34.2881
      vertex -99.2941 -40 -37.524
    endloop
  endfacet
  facet normal 0 -1 0
    outer loop
      vertex -97.2813 -40 -34.1518
      vertex -95.7886 -40 -37.1787
      vertex -95.5 -40 -37.0245
    endloop
  endfacet
  facet normal 0 -1 -0
    outer loop
      vertex -98.317 -40 -34.2881
      vertex -98.9754 -40 -37.5983
      vertex -98.2121 -40 -34.3054
    endloop
  endfacet
  facet normal 0 -1 0
    outer loop
      vertex -97.3781 -40 -34.1956
      vertex -96.0866 -40 -37.3137
      vertex -95.7886 -40 -37.1787
    endloop
  endfacet
  facet normal 0 -1 0
    outer loop
      vertex -98.6526 -40 -37.6516
      vertex -98.2121 -40 -34.3054
      vertex -98.9754 -40 -37.5983
    endloop
  endfacet
  facet normal 0 -1 0
    outer loop
      vertex -97.4777 -40 -34.2331
      vertex -96.3928 -40 -37.429
      vertex -96.0866 -40 -37.3137
    endloop
  endfacet
  facet normal 0 -1 -0
    outer loop
      vertex -98.2121 -40 -34.3054
      vertex -98.6526 -40 -37.6516
      vertex -98.1063 -40 -34.3159
    endloop
  endfacet
  facet normal 0 -1 0
    outer loop
      vertex -97.5794 -40 -34.264
      vertex -96.7059 -40 -37.524
      vertex -96.3928 -40 -37.429
    endloop
  endfacet
  facet normal 0 -1 0
    outer loop
      vertex -98.327 -40 -37.6836
      vertex -98.1063 -40 -34.3159
      vertex -98.6526 -40 -37.6516
    endloop
  endfacet
  facet normal 0 -1 0
    outer loop
      vertex -97.683 -40 -34.2881
      vertex -97.0246 -40 -37.5983
      vertex -96.7059 -40 -37.524
    endloop
  endfacet
  facet normal 0 -1 -0
    outer loop
      vertex -98.1063 -40 -34.3159
      vertex -98.327 -40 -37.6836
      vertex -98 -40 -34.3193
    endloop
  endfacet
  facet normal 0 -1 0
    outer loop
      vertex -97.7879 -40 -34.3054
      vertex -97.3474 -40 -37.6516
      vertex -97.0246 -40 -37.5983
    endloop
  endfacet
  facet normal 0 -1 0
    outer loop
      vertex -98 -40 -37.6943
      vertex -98 -40 -34.3193
      vertex -98.327 -40 -37.6836
    endloop
  endfacet
  facet normal 0 -1 0
    outer loop
      vertex -97.8937 -40 -34.3159
      vertex -97.673 -40 -37.6836
      vertex -97.3474 -40 -37.6516
    endloop
  endfacet
  facet normal 0 -1 0
    outer loop
      vertex -98 -40 -34.3193
      vertex -98 -40 -37.6943
      vertex -97.673 -40 -37.6836
    endloop
  endfacet
  facet normal -0.995205 0 0.0978089
    outer loop
      vertex -102.989 -40 -32.3673
      vertex -102.957 -16 -32.0417
      vertex -102.989 -16 -32.3673
    endloop
  endfacet
  facet normal -0.995205 0 0.0978089
    outer loop
      vertex -102.957 -16 -32.0417
      vertex -102.989 -40 -32.3673
      vertex -102.957 -40 -32.0417
    endloop
  endfacet
  facet normal -0.634153 0 0.773208
    outer loop
      vertex -101.297 -16 -28.9351
      vertex -101.044 -40 -28.7276
      vertex -101.044 -16 -28.7276
    endloop
  endfacet
  facet normal -0.634153 0 0.773208
    outer loop
      vertex -101.044 -40 -28.7276
      vertex -101.297 -16 -28.9351
      vertex -101.297 -40 -28.9351
    endloop
  endfacet
  facet normal -0.227046 0 0.973884
    outer loop
      vertex -99.2941 -16 -27.8647
      vertex -98.9754 -40 -27.7904
      vertex -98.9754 -16 -27.7904
    endloop
  endfacet
  facet normal -0.227046 0 0.973884
    outer loop
      vertex -98.9754 -40 -27.7904
      vertex -99.2941 -16 -27.8647
      vertex -99.2941 -40 -27.8647
    endloop
  endfacet
  facet normal 0.849215 0 -0.528047
    outer loop
      vertex -93.6699 -40 -35.1943
      vertex -93.8427 -16 -35.4722
      vertex -93.6699 -16 -35.1943
    endloop
  endfacet
  facet normal 0.849215 0 -0.528047
    outer loop
      vertex -93.8427 -16 -35.4722
      vertex -93.6699 -40 -35.1943
      vertex -93.8427 -40 -35.4722
    endloop
  endfacet
  facet normal 0.973868 0 -0.227114
    outer loop
      vertex -93.0961 -40 -33.6698
      vertex -93.1704 -16 -33.9884
      vertex -93.0961 -16 -33.6698
    endloop
  endfacet
  facet normal 0.973868 0 -0.227114
    outer loop
      vertex -93.1704 -16 -33.9884
      vertex -93.0961 -40 -33.6698
      vertex -93.1704 -40 -33.9884
    endloop
  endfacet
  facet normal -0.227046 0 -0.973884
    outer loop
      vertex -99.2941 -40 -37.524
      vertex -98.9754 -16 -37.5983
      vertex -98.9754 -40 -37.5983
    endloop
  endfacet
  facet normal -0.227046 0 -0.973884
    outer loop
      vertex -98.9754 -16 -37.5983
      vertex -99.2941 -40 -37.524
      vertex -99.2941 -16 -37.524
    endloop
  endfacet
  facet normal -0.956922 0 -0.290347
    outer loop
      vertex -102.735 -40 -34.3015
      vertex -102.83 -16 -33.9884
      vertex -102.735 -16 -34.3015
    endloop
  endfacet
  facet normal -0.956922 -0 -0.290347
    outer loop
      vertex -102.83 -16 -33.9884
      vertex -102.735 -40 -34.3015
      vertex -102.83 -40 -33.9884
    endloop
  endfacet
  facet normal -0.995205 0 -0.0978089
    outer loop
      vertex -102.957 -40 -33.347
      vertex -102.989 -16 -33.0214
      vertex -102.957 -16 -33.347
    endloop
  endfacet
  facet normal -0.995205 -0 -0.0978089
    outer loop
      vertex -102.989 -16 -33.0214
      vertex -102.957 -40 -33.347
      vertex -102.989 -40 -33.0214
    endloop
  endfacet
  facet normal -0.999457 0 -0.0329388
    outer loop
      vertex -96.375 -40 -32.6943
      vertex -96.3785 -16 -32.5881
      vertex -96.375 -16 -32.6943
    endloop
  endfacet
  facet normal -0.999457 -0 -0.0329388
    outer loop
      vertex -96.3785 -16 -32.5881
      vertex -96.375 -40 -32.6943
      vertex -96.3785 -40 -32.5881
    endloop
  endfacet
  facet normal 0.999457 0 -0.0329388
    outer loop
      vertex -99.6215 -40 -32.5881
      vertex -99.625 -16 -32.6943
      vertex -99.6215 -16 -32.5881
    endloop
  endfacet
  facet normal 0.999457 0 -0.0329388
    outer loop
      vertex -99.625 -16 -32.6943
      vertex -99.6215 -40 -32.5881
      vertex -99.625 -40 -32.6943
    endloop
  endfacet
  facet normal -0.0329078 0 -0.999458
    outer loop
      vertex -98 -40 -31.0693
      vertex -97.8937 -16 -31.0728
      vertex -97.8937 -40 -31.0728
    endloop
  endfacet
  facet normal -0.0329078 0 -0.999458
    outer loop
      vertex -97.8937 -16 -31.0728
      vertex -98 -40 -31.0693
      vertex -98 -16 -31.0693
    endloop
  endfacet
  facet normal 0.0319686 0 0.999489
    outer loop
      vertex -98.1063 -16 -34.3159
      vertex -98 -40 -34.3193
      vertex -98 -16 -34.3193
    endloop
  endfacet
  facet normal 0.0319686 0 0.999489
    outer loop
      vertex -98 -40 -34.3193
      vertex -98.1063 -16 -34.3159
      vertex -98.1063 -40 -34.3159
    endloop
  endfacet
  facet normal -0.683691 0 -0.729772
    outer loop
      vertex -96.9286 -40 -31.4726
      vertex -96.851 -16 -31.5453
      vertex -96.851 -40 -31.5453
    endloop
  endfacet
  facet normal -0.683691 0 -0.729772
    outer loop
      vertex -96.851 -16 -31.5453
      vertex -96.9286 -40 -31.4726
      vertex -96.9286 -16 -31.4726
    endloop
  endfacet
  facet normal 0.683691 0 -0.729772
    outer loop
      vertex -99.149 -40 -31.5453
      vertex -99.0714 -16 -31.4726
      vertex -99.0714 -40 -31.4726
    endloop
  endfacet
  facet normal 0.683691 0 -0.729772
    outer loop
      vertex -99.0714 -16 -31.4726
      vertex -99.149 -40 -31.5453
      vertex -99.149 -16 -31.5453
    endloop
  endfacet
  facet normal 0.351535 0 -0.936175
    outer loop
      vertex -98.6219 -40 -31.193
      vertex -98.5223 -16 -31.1556
      vertex -98.5223 -40 -31.1556
    endloop
  endfacet
  facet normal 0.351535 0 -0.936175
    outer loop
      vertex -98.5223 -16 -31.1556
      vertex -98.6219 -40 -31.193
      vertex -98.6219 -16 -31.193
    endloop
  endfacet
  facet normal -0.910881 0 -0.412669
    outer loop
      vertex -96.4987 -40 -32.0725
      vertex -96.5426 -16 -31.9756
      vertex -96.4987 -16 -32.0725
    endloop
  endfacet
  facet normal -0.910881 -0 -0.412669
    outer loop
      vertex -96.5426 -16 -31.9756
      vertex -96.4987 -40 -32.0725
      vertex -96.5426 -40 -31.9756
    endloop
  endfacet
  facet normal -0.351535 0 -0.936175
    outer loop
      vertex -97.4777 -40 -31.1556
      vertex -97.3781 -16 -31.193
      vertex -97.3781 -40 -31.193
    endloop
  endfacet
  facet normal -0.351535 0 -0.936175
    outer loop
      vertex -97.3781 -16 -31.193
      vertex -97.4777 -40 -31.1556
      vertex -97.4777 -16 -31.1556
    endloop
  endfacet
  facet normal -0.528392 0 -0.849
    outer loop
      vertex -97.1875 -40 -31.287
      vertex -97.0972 -16 -31.3432
      vertex -97.0972 -40 -31.3432
    endloop
  endfacet
  facet normal -0.528392 0 -0.849
    outer loop
      vertex -97.0972 -16 -31.3432
      vertex -97.1875 -40 -31.287
      vertex -97.1875 -16 -31.287
    endloop
  endfacet
  facet normal 0.910881 0 -0.412669
    outer loop
      vertex -99.4574 -40 -31.9756
      vertex -99.5013 -16 -32.0725
      vertex -99.4574 -16 -31.9756
    endloop
  endfacet
  facet normal 0.910881 0 -0.412669
    outer loop
      vertex -99.5013 -16 -32.0725
      vertex -99.4574 -40 -31.9756
      vertex -99.5013 -40 -32.0725
    endloop
  endfacet
  facet normal 0.163636 0 -0.986521
    outer loop
      vertex -98.317 -40 -31.1006
      vertex -98.2121 -16 -31.0832
      vertex -98.2121 -40 -31.0832
    endloop
  endfacet
  facet normal 0.163636 0 -0.986521
    outer loop
      vertex -98.2121 -16 -31.0832
      vertex -98.317 -40 -31.1006
      vertex -98.317 -16 -31.1006
    endloop
  endfacet
  facet normal 0.729772 -0 0.683691
    outer loop
      vertex -99.2217 -40 -33.7658
      vertex -99.149 -16 -33.8434
      vertex -99.2217 -16 -33.7658
    endloop
  endfacet
  facet normal 0.729772 0 0.683691
    outer loop
      vertex -99.149 -16 -33.8434
      vertex -99.2217 -40 -33.7658
      vertex -99.149 -40 -33.8434
    endloop
  endfacet
  facet normal -0.973737 0 -0.227676
    outer loop
      vertex -96.4062 -40 -32.3773
      vertex -96.4304 -16 -32.2738
      vertex -96.4062 -16 -32.3773
    endloop
  endfacet
  facet normal -0.973737 -0 -0.227676
    outer loop
      vertex -96.4304 -16 -32.2738
      vertex -96.4062 -40 -32.3773
      vertex -96.4304 -40 -32.2738
    endloop
  endfacet
  facet normal -0.957151 0 -0.28959
    outer loop
      vertex -96.4304 -40 -32.2738
      vertex -96.4612 -16 -32.172
      vertex -96.4304 -16 -32.2738
    endloop
  endfacet
  facet normal -0.957151 -0 -0.28959
    outer loop
      vertex -96.4612 -16 -32.172
      vertex -96.4304 -40 -32.2738
      vertex -96.4612 -40 -32.172
    endloop
  endfacet
  facet normal -0.812906 0 -0.582395
    outer loop
      vertex -96.6489 -40 -31.7915
      vertex -96.7108 -16 -31.7051
      vertex -96.6489 -16 -31.7915
    endloop
  endfacet
  facet normal -0.812906 -0 -0.582395
    outer loop
      vertex -96.7108 -16 -31.7051
      vertex -96.6489 -40 -31.7915
      vertex -96.7108 -40 -31.7051
    endloop
  endfacet
  facet normal -0.772825 0 -0.634619
    outer loop
      vertex -96.7108 -40 -31.7051
      vertex -96.7783 -16 -31.6229
      vertex -96.7108 -16 -31.7051
    endloop
  endfacet
  facet normal -0.772825 -0 -0.634619
    outer loop
      vertex -96.7783 -16 -31.6229
      vertex -96.7108 -40 -31.7051
      vertex -96.7783 -40 -31.6229
    endloop
  endfacet
  facet normal -0.849 0 -0.528392
    outer loop
      vertex -96.5927 -40 -31.8818
      vertex -96.6489 -16 -31.7915
      vertex -96.5927 -16 -31.8818
    endloop
  endfacet
  facet normal -0.849 -0 -0.528392
    outer loop
      vertex -96.6489 -16 -31.7915
      vertex -96.5927 -40 -31.8818
      vertex -96.6489 -40 -31.7915
    endloop
  endfacet
  facet normal -0.226576 0 -0.973994
    outer loop
      vertex -97.683 -40 -31.1006
      vertex -97.5794 -16 -31.1247
      vertex -97.5794 -40 -31.1247
    endloop
  endfacet
  facet normal -0.226576 0 -0.973994
    outer loop
      vertex -97.5794 -16 -31.1247
      vertex -97.683 -40 -31.1006
      vertex -97.683 -16 -31.1006
    endloop
  endfacet
  facet normal -0.290712 0 -0.956811
    outer loop
      vertex -97.5794 -40 -31.1247
      vertex -97.4777 -16 -31.1556
      vertex -97.4777 -40 -31.1556
    endloop
  endfacet
  facet normal -0.290712 0 -0.956811
    outer loop
      vertex -97.4777 -16 -31.1556
      vertex -97.5794 -40 -31.1247
      vertex -97.5794 -16 -31.1247
    endloop
  endfacet
  facet normal -0.163636 0 -0.986521
    outer loop
      vertex -97.7879 -40 -31.0832
      vertex -97.683 -16 -31.1006
      vertex -97.683 -40 -31.1006
    endloop
  endfacet
  facet normal -0.163636 0 -0.986521
    outer loop
      vertex -97.683 -16 -31.1006
      vertex -97.7879 -40 -31.0832
      vertex -97.7879 -16 -31.0832
    endloop
  endfacet
  facet normal -0.413023 0 -0.910721
    outer loop
      vertex -97.3781 -40 -31.193
      vertex -97.2813 -16 -31.2369
      vertex -97.2813 -40 -31.2369
    endloop
  endfacet
  facet normal -0.413023 0 -0.910721
    outer loop
      vertex -97.2813 -16 -31.2369
      vertex -97.3781 -40 -31.193
      vertex -97.3781 -16 -31.193
    endloop
  endfacet
  facet normal -0.582395 0 -0.812906
    outer loop
      vertex -97.0972 -40 -31.3432
      vertex -97.0108 -16 -31.4051
      vertex -97.0108 -40 -31.4051
    endloop
  endfacet
  facet normal -0.582395 0 -0.812906
    outer loop
      vertex -97.0108 -16 -31.4051
      vertex -97.0972 -40 -31.3432
      vertex -97.0972 -16 -31.3432
    endloop
  endfacet
  facet normal 0.957151 0 -0.28959
    outer loop
      vertex -99.5388 -40 -32.172
      vertex -99.5696 -16 -32.2738
      vertex -99.5388 -16 -32.172
    endloop
  endfacet
  facet normal 0.957151 0 -0.28959
    outer loop
      vertex -99.5696 -16 -32.2738
      vertex -99.5388 -40 -32.172
      vertex -99.5696 -40 -32.2738
    endloop
  endfacet
  facet normal 0.772825 0 -0.634619
    outer loop
      vertex -99.2217 -40 -31.6229
      vertex -99.2892 -16 -31.7051
      vertex -99.2217 -16 -31.6229
    endloop
  endfacet
  facet normal 0.772825 0 -0.634619
    outer loop
      vertex -99.2892 -16 -31.7051
      vertex -99.2217 -40 -31.6229
      vertex -99.2892 -40 -31.7051
    endloop
  endfacet
  facet normal 0.729772 0 -0.683691
    outer loop
      vertex -99.149 -40 -31.5453
      vertex -99.2217 -16 -31.6229
      vertex -99.149 -16 -31.5453
    endloop
  endfacet
  facet normal 0.729772 0 -0.683691
    outer loop
      vertex -99.2217 -16 -31.6229
      vertex -99.149 -40 -31.5453
      vertex -99.2217 -40 -31.6229
    endloop
  endfacet
  facet normal 0.849 0 -0.528392
    outer loop
      vertex -99.3511 -40 -31.7915
      vertex -99.4073 -16 -31.8818
      vertex -99.3511 -16 -31.7915
    endloop
  endfacet
  facet normal 0.849 0 -0.528392
    outer loop
      vertex -99.4073 -16 -31.8818
      vertex -99.3511 -40 -31.7915
      vertex -99.4073 -40 -31.8818
    endloop
  endfacet
  facet normal 0.935748 0 -0.352669
    outer loop
      vertex -99.5013 -40 -32.0725
      vertex -99.5388 -16 -32.172
      vertex -99.5013 -16 -32.0725
    endloop
  endfacet
  facet normal 0.935748 0 -0.352669
    outer loop
      vertex -99.5388 -16 -32.172
      vertex -99.5013 -40 -32.0725
      vertex -99.5388 -40 -32.172
    endloop
  endfacet
  facet normal 0.986672 0 -0.162721
    outer loop
      vertex -99.5938 -40 -32.3773
      vertex -99.6111 -16 -32.4822
      vertex -99.5938 -16 -32.3773
    endloop
  endfacet
  facet normal 0.986672 0 -0.162721
    outer loop
      vertex -99.6111 -16 -32.4822
      vertex -99.5938 -40 -32.3773
      vertex -99.6111 -40 -32.4822
    endloop
  endfacet
  facet normal 0.528392 0 -0.849
    outer loop
      vertex -98.9028 -40 -31.3432
      vertex -98.8125 -16 -31.287
      vertex -98.8125 -40 -31.287
    endloop
  endfacet
  facet normal 0.528392 0 -0.849
    outer loop
      vertex -98.8125 -16 -31.287
      vertex -98.9028 -40 -31.3432
      vertex -98.9028 -16 -31.3432
    endloop
  endfacet
  facet normal 0.471125 0 -0.882066
    outer loop
      vertex -98.8125 -40 -31.287
      vertex -98.7187 -16 -31.2369
      vertex -98.7187 -40 -31.2369
    endloop
  endfacet
  facet normal 0.471125 0 -0.882066
    outer loop
      vertex -98.7187 -16 -31.2369
      vertex -98.8125 -40 -31.287
      vertex -98.8125 -16 -31.287
    endloop
  endfacet
  facet normal 0.634619 0 -0.772825
    outer loop
      vertex -99.0714 -40 -31.4726
      vertex -98.9892 -16 -31.4051
      vertex -98.9892 -40 -31.4051
    endloop
  endfacet
  facet normal 0.634619 0 -0.772825
    outer loop
      vertex -98.9892 -16 -31.4051
      vertex -99.0714 -40 -31.4726
      vertex -99.0714 -16 -31.4726
    endloop
  endfacet
  facet normal 0.290712 0 -0.956811
    outer loop
      vertex -98.5223 -40 -31.1556
      vertex -98.4206 -16 -31.1247
      vertex -98.4206 -40 -31.1247
    endloop
  endfacet
  facet normal 0.290712 0 -0.956811
    outer loop
      vertex -98.4206 -16 -31.1247
      vertex -98.5223 -40 -31.1556
      vertex -98.5223 -16 -31.1556
    endloop
  endfacet
  facet normal 0.0978272 0 -0.995203
    outer loop
      vertex -98.2121 -40 -31.0832
      vertex -98.1063 -16 -31.0728
      vertex -98.1063 -40 -31.0728
    endloop
  endfacet
  facet normal 0.0978272 0 -0.995203
    outer loop
      vertex -98.1063 -16 -31.0728
      vertex -98.2121 -40 -31.0832
      vertex -98.2121 -16 -31.0832
    endloop
  endfacet
  facet normal -0.729772 0 0.683691
    outer loop
      vertex -96.851 -40 -33.8434
      vertex -96.7783 -16 -33.7658
      vertex -96.851 -16 -33.8434
    endloop
  endfacet
  facet normal -0.729772 0 0.683691
    outer loop
      vertex -96.7783 -16 -33.7658
      vertex -96.851 -40 -33.8434
      vertex -96.7783 -40 -33.7658
    endloop
  endfacet
  facet normal -0.412242 0 0.911074
    outer loop
      vertex -97.3781 -16 -34.1956
      vertex -97.2813 -40 -34.1518
      vertex -97.2813 -16 -34.1518
    endloop
  endfacet
  facet normal -0.412242 0 0.911074
    outer loop
      vertex -97.2813 -40 -34.1518
      vertex -97.3781 -16 -34.1956
      vertex -97.3781 -40 -34.1956
    endloop
  endfacet
  facet normal -0.957151 0 0.28959
    outer loop
      vertex -96.4612 -40 -33.2167
      vertex -96.4304 -16 -33.1149
      vertex -96.4612 -16 -33.2167
    endloop
  endfacet
  facet normal -0.957151 0 0.28959
    outer loop
      vertex -96.4304 -16 -33.1149
      vertex -96.4612 -40 -33.2167
      vertex -96.4304 -40 -33.1149
    endloop
  endfacet
  facet normal 0.290712 0 0.956811
    outer loop
      vertex -98.5223 -16 -34.2331
      vertex -98.4206 -40 -34.264
      vertex -98.4206 -16 -34.264
    endloop
  endfacet
  facet normal 0.290712 0 0.956811
    outer loop
      vertex -98.4206 -40 -34.264
      vertex -98.5223 -16 -34.2331
      vertex -98.5223 -40 -34.2331
    endloop
  endfacet
  facet normal 0.634057 0 0.773286
    outer loop
      vertex -99.0714 -16 -33.9161
      vertex -98.9892 -40 -33.9835
      vertex -98.9892 -16 -33.9835
    endloop
  endfacet
  facet normal 0.634057 0 0.773286
    outer loop
      vertex -98.9892 -40 -33.9835
      vertex -99.0714 -16 -33.9161
      vertex -99.0714 -40 -33.9161
    endloop
  endfacet
  facet normal 0.683691 0 0.729772
    outer loop
      vertex -99.149 -16 -33.8434
      vertex -99.0714 -40 -33.9161
      vertex -99.0714 -16 -33.9161
    endloop
  endfacet
  facet normal 0.683691 0 0.729772
    outer loop
      vertex -99.0714 -40 -33.9161
      vertex -99.149 -16 -33.8434
      vertex -99.149 -40 -33.8434
    endloop
  endfacet
  facet normal 0.412242 0 0.911074
    outer loop
      vertex -98.7187 -16 -34.1518
      vertex -98.6219 -40 -34.1956
      vertex -98.6219 -16 -34.1956
    endloop
  endfacet
  facet normal 0.412242 0 0.911074
    outer loop
      vertex -98.6219 -40 -34.1956
      vertex -98.7187 -16 -34.1518
      vertex -98.7187 -40 -34.1518
    endloop
  endfacet
  facet normal 0.527714 0 0.849422
    outer loop
      vertex -98.9028 -16 -34.0455
      vertex -98.8125 -40 -34.1016
      vertex -98.8125 -16 -34.1016
    endloop
  endfacet
  facet normal 0.527714 0 0.849422
    outer loop
      vertex -98.8125 -40 -34.1016
      vertex -98.9028 -16 -34.0455
      vertex -98.9028 -40 -34.0455
    endloop
  endfacet
  facet normal 0.352359 0 0.935865
    outer loop
      vertex -98.6219 -16 -34.1956
      vertex -98.5223 -40 -34.2331
      vertex -98.5223 -16 -34.2331
    endloop
  endfacet
  facet normal 0.352359 0 0.935865
    outer loop
      vertex -98.5223 -40 -34.2331
      vertex -98.6219 -16 -34.1956
      vertex -98.6219 -40 -34.1956
    endloop
  endfacet
  facet normal 0.162721 0 0.986672
    outer loop
      vertex -98.317 -16 -34.2881
      vertex -98.2121 -40 -34.3054
      vertex -98.2121 -16 -34.3054
    endloop
  endfacet
  facet normal 0.162721 0 0.986672
    outer loop
      vertex -98.2121 -40 -34.3054
      vertex -98.317 -16 -34.2881
      vertex -98.317 -40 -34.2881
    endloop
  endfacet
  facet normal 0.849 -0 0.528392
    outer loop
      vertex -99.4073 -40 -33.5068
      vertex -99.3511 -16 -33.5971
      vertex -99.4073 -16 -33.5068
    endloop
  endfacet
  facet normal 0.849 0 0.528392
    outer loop
      vertex -99.3511 -16 -33.5971
      vertex -99.4073 -40 -33.5068
      vertex -99.3511 -40 -33.5971
    endloop
  endfacet
  facet normal 0.935748 -0 0.352669
    outer loop
      vertex -99.5388 -40 -33.2167
      vertex -99.5013 -16 -33.3162
      vertex -99.5388 -16 -33.2167
    endloop
  endfacet
  facet normal 0.935748 0 0.352669
    outer loop
      vertex -99.5013 -16 -33.3162
      vertex -99.5388 -40 -33.2167
      vertex -99.5013 -40 -33.3162
    endloop
  endfacet
  facet normal -0.986672 0 -0.162721
    outer loop
      vertex -96.3889 -40 -32.4822
      vertex -96.4062 -16 -32.3773
      vertex -96.3889 -16 -32.4822
    endloop
  endfacet
  facet normal -0.986672 -0 -0.162721
    outer loop
      vertex -96.4062 -16 -32.3773
      vertex -96.3889 -40 -32.4822
      vertex -96.4062 -40 -32.3773
    endloop
  endfacet
  facet normal -0.995212 0 -0.0977357
    outer loop
      vertex -96.3785 -40 -32.5881
      vertex -96.3889 -16 -32.4822
      vertex -96.3785 -16 -32.5881
    endloop
  endfacet
  facet normal -0.995212 -0 -0.0977357
    outer loop
      vertex -96.3889 -16 -32.4822
      vertex -96.3785 -40 -32.5881
      vertex -96.3889 -40 -32.4822
    endloop
  endfacet
  facet normal -0.935748 0 -0.352669
    outer loop
      vertex -96.4612 -40 -32.172
      vertex -96.4987 -16 -32.0725
      vertex -96.4612 -16 -32.172
    endloop
  endfacet
  facet normal -0.935748 -0 -0.352669
    outer loop
      vertex -96.4987 -16 -32.0725
      vertex -96.4612 -40 -32.172
      vertex -96.4987 -40 -32.0725
    endloop
  endfacet
  facet normal -0.729772 0 -0.683691
    outer loop
      vertex -96.7783 -40 -31.6229
      vertex -96.851 -16 -31.5453
      vertex -96.7783 -16 -31.6229
    endloop
  endfacet
  facet normal -0.729772 -0 -0.683691
    outer loop
      vertex -96.851 -16 -31.5453
      vertex -96.7783 -40 -31.6229
      vertex -96.851 -40 -31.5453
    endloop
  endfacet
  facet normal -0.882066 0 -0.471125
    outer loop
      vertex -96.5426 -40 -31.9756
      vertex -96.5927 -16 -31.8818
      vertex -96.5426 -16 -31.9756
    endloop
  endfacet
  facet normal -0.882066 -0 -0.471125
    outer loop
      vertex -96.5927 -16 -31.8818
      vertex -96.5426 -40 -31.9756
      vertex -96.5927 -40 -31.8818
    endloop
  endfacet
  facet normal -0.0978272 0 -0.995203
    outer loop
      vertex -97.8937 -40 -31.0728
      vertex -97.7879 -16 -31.0832
      vertex -97.7879 -40 -31.0832
    endloop
  endfacet
  facet normal -0.0978272 0 -0.995203
    outer loop
      vertex -97.7879 -16 -31.0832
      vertex -97.8937 -40 -31.0728
      vertex -97.8937 -16 -31.0728
    endloop
  endfacet
  facet normal -0.471125 0 -0.882066
    outer loop
      vertex -97.2813 -40 -31.2369
      vertex -97.1875 -16 -31.287
      vertex -97.1875 -40 -31.287
    endloop
  endfacet
  facet normal -0.471125 0 -0.882066
    outer loop
      vertex -97.1875 -16 -31.287
      vertex -97.2813 -40 -31.2369
      vertex -97.2813 -16 -31.2369
    endloop
  endfacet
  facet normal -0.634619 0 -0.772825
    outer loop
      vertex -97.0108 -40 -31.4051
      vertex -96.9286 -16 -31.4726
      vertex -96.9286 -40 -31.4726
    endloop
  endfacet
  facet normal -0.634619 0 -0.772825
    outer loop
      vertex -96.9286 -16 -31.4726
      vertex -97.0108 -40 -31.4051
      vertex -97.0108 -16 -31.4051
    endloop
  endfacet
  facet normal 0.812906 0 -0.582395
    outer loop
      vertex -99.2892 -40 -31.7051
      vertex -99.3511 -16 -31.7915
      vertex -99.2892 -16 -31.7051
    endloop
  endfacet
  facet normal 0.812906 0 -0.582395
    outer loop
      vertex -99.3511 -16 -31.7915
      vertex -99.2892 -40 -31.7051
      vertex -99.3511 -40 -31.7915
    endloop
  endfacet
  facet normal 0.973737 0 -0.227676
    outer loop
      vertex -99.5696 -40 -32.2738
      vertex -99.5938 -16 -32.3773
      vertex -99.5696 -16 -32.2738
    endloop
  endfacet
  facet normal 0.973737 0 -0.227676
    outer loop
      vertex -99.5938 -16 -32.3773
      vertex -99.5696 -40 -32.2738
      vertex -99.5938 -40 -32.3773
    endloop
  endfacet
  facet normal 0.995212 0 -0.0977357
    outer loop
      vertex -99.6111 -40 -32.4822
      vertex -99.6215 -16 -32.5881
      vertex -99.6111 -16 -32.4822
    endloop
  endfacet
  facet normal 0.995212 0 -0.0977357
    outer loop
      vertex -99.6215 -16 -32.5881
      vertex -99.6111 -40 -32.4822
      vertex -99.6215 -40 -32.5881
    endloop
  endfacet
  facet normal 0.0329078 0 -0.999458
    outer loop
      vertex -98.1063 -40 -31.0728
      vertex -98 -16 -31.0693
      vertex -98 -40 -31.0693
    endloop
  endfacet
  facet normal 0.0329078 0 -0.999458
    outer loop
      vertex -98 -16 -31.0693
      vertex -98.1063 -40 -31.0728
      vertex -98.1063 -16 -31.0728
    endloop
  endfacet
  facet normal -0.0319686 0 0.999489
    outer loop
      vertex -98 -16 -34.3193
      vertex -97.8937 -40 -34.3159
      vertex -97.8937 -16 -34.3159
    endloop
  endfacet
  facet normal -0.0319686 0 0.999489
    outer loop
      vertex -97.8937 -40 -34.3159
      vertex -98 -16 -34.3193
      vertex -98 -40 -34.3193
    endloop
  endfacet
  facet normal -0.162721 0 0.986672
    outer loop
      vertex -97.7879 -16 -34.3054
      vertex -97.683 -40 -34.2881
      vertex -97.683 -16 -34.2881
    endloop
  endfacet
  facet normal -0.162721 0 0.986672
    outer loop
      vertex -97.683 -40 -34.2881
      vertex -97.7879 -16 -34.3054
      vertex -97.7879 -40 -34.3054
    endloop
  endfacet
  facet normal -0.226576 0 0.973994
    outer loop
      vertex -97.683 -16 -34.2881
      vertex -97.5794 -40 -34.264
      vertex -97.5794 -16 -34.264
    endloop
  endfacet
  facet normal -0.226576 0 0.973994
    outer loop
      vertex -97.5794 -40 -34.264
      vertex -97.683 -16 -34.2881
      vertex -97.683 -40 -34.2881
    endloop
  endfacet
  facet normal -0.352359 0 0.935865
    outer loop
      vertex -97.4777 -16 -34.2331
      vertex -97.3781 -40 -34.1956
      vertex -97.3781 -16 -34.1956
    endloop
  endfacet
  facet normal -0.352359 0 0.935865
    outer loop
      vertex -97.3781 -40 -34.1956
      vertex -97.4777 -16 -34.2331
      vertex -97.4777 -40 -34.2331
    endloop
  endfacet
  facet normal -0.290712 0 0.956811
    outer loop
      vertex -97.5794 -16 -34.264
      vertex -97.4777 -40 -34.2331
      vertex -97.4777 -16 -34.2331
    endloop
  endfacet
  facet normal -0.290712 0 0.956811
    outer loop
      vertex -97.4777 -40 -34.2331
      vertex -97.5794 -16 -34.264
      vertex -97.5794 -40 -34.264
    endloop
  endfacet
  facet normal -0.634057 0 0.773286
    outer loop
      vertex -97.0108 -16 -33.9835
      vertex -96.9286 -40 -33.9161
      vertex -96.9286 -16 -33.9161
    endloop
  endfacet
  facet normal -0.634057 0 0.773286
    outer loop
      vertex -96.9286 -40 -33.9161
      vertex -97.0108 -16 -33.9835
      vertex -97.0108 -40 -33.9835
    endloop
  endfacet
  facet normal -0.583016 0 0.812461
    outer loop
      vertex -97.0972 -16 -34.0455
      vertex -97.0108 -40 -33.9835
      vertex -97.0108 -16 -33.9835
    endloop
  endfacet
  facet normal -0.583016 0 0.812461
    outer loop
      vertex -97.0108 -40 -33.9835
      vertex -97.0972 -16 -34.0455
      vertex -97.0972 -40 -34.0455
    endloop
  endfacet
  facet normal -0.683691 0 0.729772
    outer loop
      vertex -96.9286 -16 -33.9161
      vertex -96.851 -40 -33.8434
      vertex -96.851 -16 -33.8434
    endloop
  endfacet
  facet normal -0.683691 0 0.729772
    outer loop
      vertex -96.851 -40 -33.8434
      vertex -96.9286 -16 -33.9161
      vertex -96.9286 -40 -33.9161
    endloop
  endfacet
  facet normal -0.527714 0 0.849422
    outer loop
      vertex -97.1875 -16 -34.1016
      vertex -97.0972 -40 -34.0455
      vertex -97.0972 -16 -34.0455
    endloop
  endfacet
  facet normal -0.527714 0 0.849422
    outer loop
      vertex -97.0972 -40 -34.0455
      vertex -97.1875 -16 -34.1016
      vertex -97.1875 -40 -34.1016
    endloop
  endfacet
  facet normal -0.471856 0 0.881676
    outer loop
      vertex -97.2813 -16 -34.1518
      vertex -97.1875 -40 -34.1016
      vertex -97.1875 -16 -34.1016
    endloop
  endfacet
  facet normal -0.471856 0 0.881676
    outer loop
      vertex -97.1875 -40 -34.1016
      vertex -97.2813 -16 -34.1518
      vertex -97.2813 -40 -34.1518
    endloop
  endfacet
  facet normal -0.849 0 0.528392
    outer loop
      vertex -96.6489 -40 -33.5971
      vertex -96.5927 -16 -33.5068
      vertex -96.6489 -16 -33.5971
    endloop
  endfacet
  facet normal -0.849 0 0.528392
    outer loop
      vertex -96.5927 -16 -33.5068
      vertex -96.6489 -40 -33.5971
      vertex -96.5927 -40 -33.5068
    endloop
  endfacet
  facet normal -0.772825 0 0.634619
    outer loop
      vertex -96.7783 -40 -33.7658
      vertex -96.7108 -16 -33.6836
      vertex -96.7783 -16 -33.7658
    endloop
  endfacet
  facet normal -0.772825 0 0.634619
    outer loop
      vertex -96.7108 -16 -33.6836
      vertex -96.7783 -40 -33.7658
      vertex -96.7108 -40 -33.6836
    endloop
  endfacet
  facet normal -0.813225 0 0.581949
    outer loop
      vertex -96.7108 -40 -33.6836
      vertex -96.6489 -16 -33.5971
      vertex -96.7108 -16 -33.6836
    endloop
  endfacet
  facet normal -0.813225 0 0.581949
    outer loop
      vertex -96.6489 -16 -33.5971
      vertex -96.7108 -40 -33.6836
      vertex -96.6489 -40 -33.5971
    endloop
  endfacet
  facet normal -0.881857 0 0.471516
    outer loop
      vertex -96.5927 -40 -33.5068
      vertex -96.5426 -16 -33.4131
      vertex -96.5927 -16 -33.5068
    endloop
  endfacet
  facet normal -0.881857 0 0.471516
    outer loop
      vertex -96.5426 -16 -33.4131
      vertex -96.5927 -40 -33.5068
      vertex -96.5426 -40 -33.4131
    endloop
  endfacet
  facet normal -0.935748 0 0.352669
    outer loop
      vertex -96.4987 -40 -33.3162
      vertex -96.4612 -16 -33.2167
      vertex -96.4987 -16 -33.3162
    endloop
  endfacet
  facet normal -0.935748 0 0.352669
    outer loop
      vertex -96.4612 -16 -33.2167
      vertex -96.4987 -40 -33.3162
      vertex -96.4612 -40 -33.2167
    endloop
  endfacet
  facet normal -0.910881 0 0.412669
    outer loop
      vertex -96.5426 -40 -33.4131
      vertex -96.4987 -16 -33.3162
      vertex -96.5426 -16 -33.4131
    endloop
  endfacet
  facet normal -0.910881 0 0.412669
    outer loop
      vertex -96.4987 -16 -33.3162
      vertex -96.5426 -40 -33.4131
      vertex -96.4987 -40 -33.3162
    endloop
  endfacet
  facet normal -0.986697 0 0.16257
    outer loop
      vertex -96.4062 -40 -33.0114
      vertex -96.3889 -16 -32.9064
      vertex -96.4062 -16 -33.0114
    endloop
  endfacet
  facet normal -0.986697 0 0.16257
    outer loop
      vertex -96.3889 -16 -32.9064
      vertex -96.4062 -40 -33.0114
      vertex -96.3889 -40 -32.9064
    endloop
  endfacet
  facet normal -0.973737 0 0.227676
    outer loop
      vertex -96.4304 -40 -33.1149
      vertex -96.4062 -16 -33.0114
      vertex -96.4304 -16 -33.1149
    endloop
  endfacet
  facet normal -0.973737 0 0.227676
    outer loop
      vertex -96.4062 -16 -33.0114
      vertex -96.4304 -40 -33.1149
      vertex -96.4062 -40 -33.0114
    endloop
  endfacet
  facet normal 0.471856 0 0.881676
    outer loop
      vertex -98.8125 -16 -34.1016
      vertex -98.7187 -40 -34.1518
      vertex -98.7187 -16 -34.1518
    endloop
  endfacet
  facet normal 0.471856 0 0.881676
    outer loop
      vertex -98.7187 -40 -34.1518
      vertex -98.8125 -16 -34.1016
      vertex -98.8125 -40 -34.1016
    endloop
  endfacet
  facet normal 0.0987587 0 0.995111
    outer loop
      vertex -98.2121 -16 -34.3054
      vertex -98.1063 -40 -34.3159
      vertex -98.1063 -16 -34.3159
    endloop
  endfacet
  facet normal 0.0987587 0 0.995111
    outer loop
      vertex -98.1063 -40 -34.3159
      vertex -98.2121 -16 -34.3054
      vertex -98.2121 -40 -34.3054
    endloop
  endfacet
  facet normal 0.910881 -0 0.412669
    outer loop
      vertex -99.5013 -40 -33.3162
      vertex -99.4574 -16 -33.4131
      vertex -99.5013 -16 -33.3162
    endloop
  endfacet
  facet normal 0.910881 0 0.412669
    outer loop
      vertex -99.4574 -16 -33.4131
      vertex -99.5013 -40 -33.3162
      vertex -99.4574 -40 -33.4131
    endloop
  endfacet
  facet normal 0.881857 -0 0.471516
    outer loop
      vertex -99.4574 -40 -33.4131
      vertex -99.4073 -16 -33.5068
      vertex -99.4574 -16 -33.4131
    endloop
  endfacet
  facet normal 0.881857 0 0.471516
    outer loop
      vertex -99.4073 -16 -33.5068
      vertex -99.4574 -40 -33.4131
      vertex -99.4073 -40 -33.5068
    endloop
  endfacet
  facet normal 0.813225 -0 0.581949
    outer loop
      vertex -99.3511 -40 -33.5971
      vertex -99.2892 -16 -33.6836
      vertex -99.3511 -16 -33.5971
    endloop
  endfacet
  facet normal 0.813225 0 0.581949
    outer loop
      vertex -99.2892 -16 -33.6836
      vertex -99.3511 -40 -33.5971
      vertex -99.2892 -40 -33.6836
    endloop
  endfacet
  facet normal 0.973737 -0 0.227676
    outer loop
      vertex -99.5938 -40 -33.0114
      vertex -99.5696 -16 -33.1149
      vertex -99.5938 -16 -33.0114
    endloop
  endfacet
  facet normal 0.973737 0 0.227676
    outer loop
      vertex -99.5696 -16 -33.1149
      vertex -99.5938 -40 -33.0114
      vertex -99.5696 -40 -33.1149
    endloop
  endfacet
  facet normal 0.986697 -0 0.16257
    outer loop
      vertex -99.6111 -40 -32.9064
      vertex -99.5938 -16 -33.0114
      vertex -99.6111 -16 -32.9064
    endloop
  endfacet
  facet normal 0.986697 0 0.16257
    outer loop
      vertex -99.5938 -16 -33.0114
      vertex -99.6111 -40 -32.9064
      vertex -99.5938 -40 -33.0114
    endloop
  endfacet
  facet normal 0.999458 -0 0.0329078
    outer loop
      vertex -99.625 -40 -32.6943
      vertex -99.6215 -16 -32.8006
      vertex -99.625 -16 -32.6943
    endloop
  endfacet
  facet normal 0.999458 0 0.0329078
    outer loop
      vertex -99.6215 -16 -32.8006
      vertex -99.625 -40 -32.6943
      vertex -99.6215 -40 -32.8006
    endloop
  endfacet
  facet normal 0.882066 0 -0.471125
    outer loop
      vertex -99.4073 -40 -31.8818
      vertex -99.4574 -16 -31.9756
      vertex -99.4073 -16 -31.8818
    endloop
  endfacet
  facet normal 0.882066 0 -0.471125
    outer loop
      vertex -99.4574 -16 -31.9756
      vertex -99.4073 -40 -31.8818
      vertex -99.4574 -40 -31.9756
    endloop
  endfacet
  facet normal 0.413023 0 -0.910721
    outer loop
      vertex -98.7187 -40 -31.2369
      vertex -98.6219 -16 -31.193
      vertex -98.6219 -40 -31.193
    endloop
  endfacet
  facet normal 0.413023 0 -0.910721
    outer loop
      vertex -98.6219 -16 -31.193
      vertex -98.7187 -40 -31.2369
      vertex -98.7187 -16 -31.2369
    endloop
  endfacet
  facet normal 0.582395 0 -0.812906
    outer loop
      vertex -98.9892 -40 -31.4051
      vertex -98.9028 -16 -31.3432
      vertex -98.9028 -40 -31.3432
    endloop
  endfacet
  facet normal 0.582395 0 -0.812906
    outer loop
      vertex -98.9028 -16 -31.3432
      vertex -98.9892 -40 -31.4051
      vertex -98.9892 -16 -31.4051
    endloop
  endfacet
  facet normal 0.226576 0 -0.973994
    outer loop
      vertex -98.4206 -40 -31.1247
      vertex -98.317 -16 -31.1006
      vertex -98.317 -40 -31.1006
    endloop
  endfacet
  facet normal 0.226576 0 -0.973994
    outer loop
      vertex -98.317 -16 -31.1006
      vertex -98.4206 -40 -31.1247
      vertex -98.4206 -16 -31.1247
    endloop
  endfacet
  facet normal -0.0987587 0 0.995111
    outer loop
      vertex -97.8937 -16 -34.3159
      vertex -97.7879 -40 -34.3054
      vertex -97.7879 -16 -34.3054
    endloop
  endfacet
  facet normal -0.0987587 0 0.995111
    outer loop
      vertex -97.7879 -40 -34.3054
      vertex -97.8937 -16 -34.3159
      vertex -97.8937 -40 -34.3159
    endloop
  endfacet
  facet normal -0.995203 0 0.0978272
    outer loop
      vertex -96.3889 -40 -32.9064
      vertex -96.3785 -16 -32.8006
      vertex -96.3889 -16 -32.9064
    endloop
  endfacet
  facet normal -0.995203 0 0.0978272
    outer loop
      vertex -96.3785 -16 -32.8006
      vertex -96.3889 -40 -32.9064
      vertex -96.3785 -40 -32.8006
    endloop
  endfacet
  facet normal 0.583016 0 0.812461
    outer loop
      vertex -98.9892 -16 -33.9835
      vertex -98.9028 -40 -34.0455
      vertex -98.9028 -16 -34.0455
    endloop
  endfacet
  facet normal 0.583016 0 0.812461
    outer loop
      vertex -98.9028 -40 -34.0455
      vertex -98.9892 -16 -33.9835
      vertex -98.9892 -40 -33.9835
    endloop
  endfacet
  facet normal 0.226576 0 0.973994
    outer loop
      vertex -98.4206 -16 -34.264
      vertex -98.317 -40 -34.2881
      vertex -98.317 -16 -34.2881
    endloop
  endfacet
  facet normal 0.226576 0 0.973994
    outer loop
      vertex -98.317 -40 -34.2881
      vertex -98.4206 -16 -34.264
      vertex -98.4206 -40 -34.264
    endloop
  endfacet
  facet normal 0.772825 -0 0.634619
    outer loop
      vertex -99.2892 -40 -33.6836
      vertex -99.2217 -16 -33.7658
      vertex -99.2892 -16 -33.6836
    endloop
  endfacet
  facet normal 0.772825 0 0.634619
    outer loop
      vertex -99.2217 -16 -33.7658
      vertex -99.2892 -40 -33.6836
      vertex -99.2217 -40 -33.7658
    endloop
  endfacet
  facet normal 0.957151 -0 0.28959
    outer loop
      vertex -99.5696 -40 -33.1149
      vertex -99.5388 -16 -33.2167
      vertex -99.5696 -16 -33.1149
    endloop
  endfacet
  facet normal 0.957151 0 0.28959
    outer loop
      vertex -99.5388 -16 -33.2167
      vertex -99.5696 -40 -33.1149
      vertex -99.5388 -40 -33.2167
    endloop
  endfacet
  facet normal 0.995203 -0 0.0978272
    outer loop
      vertex -99.6215 -40 -32.8006
      vertex -99.6111 -16 -32.9064
      vertex -99.6215 -16 -32.8006
    endloop
  endfacet
  facet normal 0.995203 0 0.0978272
    outer loop
      vertex -99.6111 -16 -32.9064
      vertex -99.6215 -40 -32.8006
      vertex -99.6111 -40 -32.9064
    endloop
  endfacet
  facet normal -0.999458 0 0.0329078
    outer loop
      vertex -96.3785 -40 -32.8006
      vertex -96.375 -16 -32.6943
      vertex -96.3785 -16 -32.8006
    endloop
  endfacet
  facet normal -0.999458 0 0.0329078
    outer loop
      vertex -96.375 -16 -32.6943
      vertex -96.3785 -40 -32.8006
      vertex -96.375 -40 -32.6943
    endloop
  endfacet
  facet normal 0.999465 -0 0.0327042
    outer loop
      vertex -93.0107 -40 69.1572
      vertex -93 -16 68.8302
      vertex -93.0107 -16 69.1572
    endloop
  endfacet
  facet normal 0.999465 0 0.0327042
    outer loop
      vertex -93 -16 68.8302
      vertex -93.0107 -40 69.1572
      vertex -93 -40 68.8302
    endloop
  endfacet
  facet normal -0.999435 0 0.0336201
    outer loop
      vertex -103 -40 68.8302
      vertex -102.989 -16 69.1572
      vertex -103 -16 68.8302
    endloop
  endfacet
  facet normal -0.999435 0 0.0336201
    outer loop
      vertex -102.989 -16 69.1572
      vertex -103 -40 68.8302
      vertex -102.989 -40 69.1572
    endloop
  endfacet
  facet normal 0.0327042 0 0.999465
    outer loop
      vertex -98 -16 73.8302
      vertex -97.673 -40 73.8195
      vertex -97.673 -16 73.8195
    endloop
  endfacet
  facet normal 0.0327042 0 0.999465
    outer loop
      vertex -97.673 -40 73.8195
      vertex -98 -16 73.8302
      vertex -98 -40 73.8302
    endloop
  endfacet
  facet normal 0.729804 -0 0.683656
    outer loop
      vertex -94.4645 -40 72.3657
      vertex -94.2408 -16 72.1269
      vertex -94.4645 -16 72.3657
    endloop
  endfacet
  facet normal 0.729804 0 0.683656
    outer loop
      vertex -94.2408 -16 72.1269
      vertex -94.4645 -40 72.3657
      vertex -94.2408 -40 72.1269
    endloop
  endfacet
  facet normal -0.683352 0 0.730089
    outer loop
      vertex -101.536 -16 72.3657
      vertex -101.297 -40 72.5894
      vertex -101.297 -16 72.5894
    endloop
  endfacet
  facet normal -0.683352 0 0.730089
    outer loop
      vertex -101.297 -40 72.5894
      vertex -101.536 -16 72.3657
      vertex -101.536 -40 72.3657
    endloop
  endfacet
  facet normal -0.352128 0 0.935952
    outer loop
      vertex -99.9134 -16 73.4496
      vertex -99.6072 -40 73.5648
      vertex -99.6072 -16 73.5648
    endloop
  endfacet
  facet normal -0.352128 0 0.935952
    outer loop
      vertex -99.6072 -40 73.5648
      vertex -99.9134 -16 73.4496
      vertex -99.9134 -40 73.4496
    endloop
  endfacet
  facet normal 0.910889 -0 0.412651
    outer loop
      vertex -93.5156 -40 71.0416
      vertex -93.3806 -16 70.7436
      vertex -93.5156 -16 71.0416
    endloop
  endfacet
  facet normal 0.910889 0 0.412651
    outer loop
      vertex -93.3806 -16 70.7436
      vertex -93.5156 -40 71.0416
      vertex -93.3806 -40 70.7436
    endloop
  endfacet
  facet normal 0.412651 0 0.910889
    outer loop
      vertex -96.0866 -16 73.4496
      vertex -95.7886 -40 73.3146
      vertex -95.7886 -16 73.3146
    endloop
  endfacet
  facet normal 0.412651 0 0.910889
    outer loop
      vertex -95.7886 -40 73.3146
      vertex -96.0866 -16 73.4496
      vertex -96.0866 -40 73.4496
    endloop
  endfacet
  facet normal 0.58225 0 0.81301
    outer loop
      vertex -95.2222 -16 72.9875
      vertex -94.9562 -40 72.797
      vertex -94.9562 -16 72.797
    endloop
  endfacet
  facet normal 0.58225 0 0.81301
    outer loop
      vertex -94.9562 -40 72.797
      vertex -95.2222 -16 72.9875
      vertex -95.2222 -40 72.9875
    endloop
  endfacet
  facet normal -0.910889 0 0.412651
    outer loop
      vertex -102.619 -40 70.7436
      vertex -102.484 -16 71.0416
      vertex -102.619 -16 70.7436
    endloop
  endfacet
  facet normal -0.910889 0 0.412651
    outer loop
      vertex -102.484 -16 71.0416
      vertex -102.619 -40 70.7436
      vertex -102.484 -40 71.0416
    endloop
  endfacet
  facet normal -0.772336 0 0.635215
    outer loop
      vertex -101.967 -40 71.874
      vertex -101.759 -16 72.1269
      vertex -101.967 -16 71.874
    endloop
  endfacet
  facet normal -0.772336 0 0.635215
    outer loop
      vertex -101.759 -16 72.1269
      vertex -101.967 -40 71.874
      vertex -101.759 -40 72.1269
    endloop
  endfacet
  facet normal -0.162912 0 0.986641
    outer loop
      vertex -98.9754 -16 73.7341
      vertex -98.6526 -40 73.7874
      vertex -98.6526 -16 73.7874
    endloop
  endfacet
  facet normal -0.162912 0 0.986641
    outer loop
      vertex -98.6526 -40 73.7874
      vertex -98.9754 -16 73.7341
      vertex -98.9754 -40 73.7341
    endloop
  endfacet
  facet normal 0.956922 0 -0.290347
    outer loop
      vertex -93.1704 -40 67.5361
      vertex -93.2654 -16 67.223
      vertex -93.1704 -16 67.5361
    endloop
  endfacet
  facet normal 0.956922 0 -0.290347
    outer loop
      vertex -93.2654 -16 67.223
      vertex -93.1704 -40 67.5361
      vertex -93.2654 -40 67.223
    endloop
  endfacet
  facet normal -0.772336 0 -0.635215
    outer loop
      vertex -101.759 -40 65.5335
      vertex -101.967 -16 65.7864
      vertex -101.759 -16 65.5335
    endloop
  endfacet
  facet normal -0.772336 -0 -0.635215
    outer loop
      vertex -101.967 -16 65.7864
      vertex -101.759 -40 65.5335
      vertex -101.967 -40 65.7864
    endloop
  endfacet
  facet normal -0.935144 0 -0.354268
    outer loop
      vertex -102.619 -40 66.9168
      vertex -102.735 -16 67.223
      vertex -102.619 -16 66.9168
    endloop
  endfacet
  facet normal -0.935144 -0 -0.354268
    outer loop
      vertex -102.735 -16 67.223
      vertex -102.619 -40 66.9168
      vertex -102.735 -40 67.223
    endloop
  endfacet
  facet normal 0.986641 -0 0.162912
    outer loop
      vertex -93.0961 -40 69.8056
      vertex -93.0428 -16 69.4828
      vertex -93.0961 -16 69.8056
    endloop
  endfacet
  facet normal 0.986641 0 0.162912
    outer loop
      vertex -93.0428 -16 69.4828
      vertex -93.0961 -40 69.8056
      vertex -93.0428 -40 69.4828
    endloop
  endfacet
  facet normal 0.995175 -0 0.0981116
    outer loop
      vertex -93.0428 -40 69.4828
      vertex -93.0107 -16 69.1572
      vertex -93.0428 -16 69.4828
    endloop
  endfacet
  facet normal 0.995175 0 0.0981116
    outer loop
      vertex -93.0107 -16 69.1572
      vertex -93.0428 -40 69.4828
      vertex -93.0107 -40 69.1572
    endloop
  endfacet
  facet normal 0.956922 -0 0.290347
    outer loop
      vertex -93.2654 -40 70.4374
      vertex -93.1704 -16 70.1243
      vertex -93.2654 -16 70.4374
    endloop
  endfacet
  facet normal 0.956922 0 0.290347
    outer loop
      vertex -93.1704 -16 70.1243
      vertex -93.2654 -40 70.4374
      vertex -93.1704 -40 70.1243
    endloop
  endfacet
  facet normal 0.84913 -0 0.528184
    outer loop
      vertex -93.8427 -40 71.608
      vertex -93.6699 -16 71.3302
      vertex -93.8427 -16 71.608
    endloop
  endfacet
  facet normal 0.84913 0 0.528184
    outer loop
      vertex -93.6699 -16 71.3302
      vertex -93.8427 -40 71.608
      vertex -93.6699 -40 71.3302
    endloop
  endfacet
  facet normal 0.81301 -0 0.58225
    outer loop
      vertex -94.0332 -40 71.874
      vertex -93.8427 -16 71.608
      vertex -94.0332 -16 71.874
    endloop
  endfacet
  facet normal 0.81301 0 0.58225
    outer loop
      vertex -93.8427 -16 71.608
      vertex -94.0332 -40 71.874
      vertex -93.8427 -40 71.608
    endloop
  endfacet
  facet normal 0.88187 -0 0.471492
    outer loop
      vertex -93.6699 -40 71.3302
      vertex -93.5156 -16 71.0416
      vertex -93.6699 -16 71.3302
    endloop
  endfacet
  facet normal 0.88187 0 0.471492
    outer loop
      vertex -93.5156 -16 71.0416
      vertex -93.6699 -40 71.3302
      vertex -93.5156 -40 71.0416
    endloop
  endfacet
  facet normal 0.290347 0 0.956922
    outer loop
      vertex -96.7059 -16 73.6598
      vertex -96.3928 -40 73.5648
      vertex -96.3928 -16 73.5648
    endloop
  endfacet
  facet normal 0.290347 0 0.956922
    outer loop
      vertex -96.3928 -40 73.5648
      vertex -96.7059 -16 73.6598
      vertex -96.7059 -40 73.6598
    endloop
  endfacet
  facet normal 0.352128 0 0.935952
    outer loop
      vertex -96.3928 -16 73.5648
      vertex -96.0866 -40 73.4496
      vertex -96.0866 -16 73.4496
    endloop
  endfacet
  facet normal 0.352128 0 0.935952
    outer loop
      vertex -96.0866 -40 73.4496
      vertex -96.3928 -16 73.5648
      vertex -96.3928 -40 73.5648
    endloop
  endfacet
  facet normal 0.162912 0 0.986641
    outer loop
      vertex -97.3474 -16 73.7874
      vertex -97.0246 -40 73.7341
      vertex -97.0246 -16 73.7341
    endloop
  endfacet
  facet normal 0.162912 0 0.986641
    outer loop
      vertex -97.0246 -40 73.7341
      vertex -97.3474 -16 73.7874
      vertex -97.3474 -40 73.7874
    endloop
  endfacet
  facet normal 0.528184 0 0.84913
    outer loop
      vertex -95.5 -16 73.1603
      vertex -95.2222 -40 72.9875
      vertex -95.2222 -16 72.9875
    endloop
  endfacet
  facet normal 0.528184 0 0.84913
    outer loop
      vertex -95.2222 -40 72.9875
      vertex -95.5 -16 73.1603
      vertex -95.5 -40 73.1603
    endloop
  endfacet
  facet normal 0.683656 0 0.729804
    outer loop
      vertex -94.7033 -16 72.5894
      vertex -94.4645 -40 72.3657
      vertex -94.4645 -16 72.3657
    endloop
  endfacet
  facet normal 0.683656 0 0.729804
    outer loop
      vertex -94.4645 -40 72.3657
      vertex -94.7033 -16 72.5894
      vertex -94.7033 -40 72.5894
    endloop
  endfacet
  facet normal -0.956922 0 0.290347
    outer loop
      vertex -102.83 -40 70.1243
      vertex -102.735 -16 70.4374
      vertex -102.83 -16 70.1243
    endloop
  endfacet
  facet normal -0.956922 0 0.290347
    outer loop
      vertex -102.735 -16 70.4374
      vertex -102.83 -40 70.1243
      vertex -102.735 -40 70.4374
    endloop
  endfacet
  facet normal -0.813733 0 0.581238
    outer loop
      vertex -102.157 -40 71.608
      vertex -101.967 -16 71.874
      vertex -102.157 -16 71.608
    endloop
  endfacet
  facet normal -0.813733 0 0.581238
    outer loop
      vertex -101.967 -16 71.874
      vertex -102.157 -40 71.608
      vertex -101.967 -40 71.874
    endloop
  endfacet
  facet normal -0.848856 0 0.528625
    outer loop
      vertex -102.33 -40 71.3302
      vertex -102.157 -16 71.608
      vertex -102.33 -16 71.3302
    endloop
  endfacet
  facet normal -0.848856 0 0.528625
    outer loop
      vertex -102.157 -16 71.608
      vertex -102.33 -40 71.3302
      vertex -102.157 -40 71.608
    endloop
  endfacet
  facet normal -0.935144 0 0.354268
    outer loop
      vertex -102.735 -40 70.4374
      vertex -102.619 -16 70.7436
      vertex -102.735 -16 70.4374
    endloop
  endfacet
  facet normal -0.935144 0 0.354268
    outer loop
      vertex -102.619 -16 70.7436
      vertex -102.735 -40 70.4374
      vertex -102.619 -40 70.7436
    endloop
  endfacet
  facet normal -0.986788 0 0.162019
    outer loop
      vertex -102.957 -40 69.4828
      vertex -102.904 -16 69.8056
      vertex -102.957 -16 69.4828
    endloop
  endfacet
  facet normal -0.986788 0 0.162019
    outer loop
      vertex -102.904 -16 69.8056
      vertex -102.957 -40 69.4828
      vertex -102.904 -40 69.8056
    endloop
  endfacet
  facet normal -0.52791 0 0.8493
    outer loop
      vertex -100.778 -16 72.9875
      vertex -100.5 -40 73.1603
      vertex -100.5 -16 73.1603
    endloop
  endfacet
  facet normal -0.52791 0 0.8493
    outer loop
      vertex -100.5 -40 73.1603
      vertex -100.778 -16 72.9875
      vertex -100.778 -40 72.9875
    endloop
  endfacet
  facet normal -0.470984 0 0.882142
    outer loop
      vertex -100.5 -16 73.1603
      vertex -100.211 -40 73.3146
      vertex -100.211 -16 73.3146
    endloop
  endfacet
  facet normal -0.470984 0 0.882142
    outer loop
      vertex -100.211 -40 73.3146
      vertex -100.5 -16 73.1603
      vertex -100.5 -40 73.1603
    endloop
  endfacet
  facet normal -0.58225 0 0.81301
    outer loop
      vertex -101.044 -16 72.797
      vertex -100.778 -40 72.9875
      vertex -100.778 -16 72.9875
    endloop
  endfacet
  facet normal -0.58225 0 0.81301
    outer loop
      vertex -100.778 -40 72.9875
      vertex -101.044 -16 72.797
      vertex -101.044 -40 72.797
    endloop
  endfacet
  facet normal -0.290347 0 0.956922
    outer loop
      vertex -99.6072 -16 73.5648
      vertex -99.2941 -40 73.6598
      vertex -99.2941 -16 73.6598
    endloop
  endfacet
  facet normal -0.290347 0 0.956922
    outer loop
      vertex -99.2941 -40 73.6598
      vertex -99.6072 -16 73.5648
      vertex -99.6072 -40 73.5648
    endloop
  endfacet
  facet normal -0.0327042 0 0.999465
    outer loop
      vertex -98.327 -16 73.8195
      vertex -98 -40 73.8302
      vertex -98 -16 73.8302
    endloop
  endfacet
  facet normal -0.0327042 0 0.999465
    outer loop
      vertex -98 -40 73.8302
      vertex -98.327 -16 73.8195
      vertex -98.327 -40 73.8195
    endloop
  endfacet
  facet normal 0.582452 0 -0.812865
    outer loop
      vertex -95.2222 -40 64.6728
      vertex -94.9562 -16 64.8634
      vertex -94.9562 -40 64.8634
    endloop
  endfacet
  facet normal 0.582452 0 -0.812865
    outer loop
      vertex -94.9562 -16 64.8634
      vertex -95.2222 -40 64.6728
      vertex -95.2222 -16 64.6728
    endloop
  endfacet
  facet normal 0.683656 0 -0.729804
    outer loop
      vertex -94.7033 -40 65.071
      vertex -94.4645 -16 65.2947
      vertex -94.4645 -40 65.2947
    endloop
  endfacet
  facet normal 0.683656 0 -0.729804
    outer loop
      vertex -94.4645 -16 65.2947
      vertex -94.7033 -40 65.071
      vertex -94.7033 -16 65.071
    endloop
  endfacet
  facet normal 0.412651 0 -0.910889
    outer loop
      vertex -96.0866 -40 64.2108
      vertex -95.7886 -16 64.3458
      vertex -95.7886 -40 64.3458
    endloop
  endfacet
  facet normal 0.412651 0 -0.910889
    outer loop
      vertex -95.7886 -16 64.3458
      vertex -96.0866 -40 64.2108
      vertex -96.0866 -16 64.2108
    endloop
  endfacet
  facet normal 0.812906 0 -0.582394
    outer loop
      vertex -93.8427 -40 66.0523
      vertex -94.0332 -16 65.7864
      vertex -93.8427 -16 66.0523
    endloop
  endfacet
  facet normal 0.812906 0 -0.582394
    outer loop
      vertex -94.0332 -16 65.7864
      vertex -93.8427 -40 66.0523
      vertex -94.0332 -40 65.7864
    endloop
  endfacet
  facet normal 0.935952 0 -0.352128
    outer loop
      vertex -93.2654 -40 67.223
      vertex -93.3806 -16 66.9168
      vertex -93.2654 -16 67.223
    endloop
  endfacet
  facet normal 0.935952 0 -0.352128
    outer loop
      vertex -93.3806 -16 66.9168
      vertex -93.2654 -40 67.223
      vertex -93.3806 -40 66.9168
    endloop
  endfacet
  facet normal 0.881802 0 -0.471619
    outer loop
      vertex -93.5156 -40 66.6187
      vertex -93.6699 -16 66.3302
      vertex -93.5156 -16 66.6187
    endloop
  endfacet
  facet normal 0.881802 0 -0.471619
    outer loop
      vertex -93.6699 -16 66.3302
      vertex -93.5156 -40 66.6187
      vertex -93.6699 -40 66.3302
    endloop
  endfacet
  facet normal 0.999465 0 -0.0327042
    outer loop
      vertex -93 -40 68.8302
      vertex -93.0107 -16 68.5032
      vertex -93 -16 68.8302
    endloop
  endfacet
  facet normal 0.999465 0 -0.0327042
    outer loop
      vertex -93.0107 -16 68.5032
      vertex -93 -40 68.8302
      vertex -93.0107 -40 68.5032
    endloop
  endfacet
  facet normal -0.290067 0 -0.957006
    outer loop
      vertex -99.6072 -40 64.0955
      vertex -99.2941 -16 64.0006
      vertex -99.2941 -40 64.0006
    endloop
  endfacet
  facet normal -0.290067 0 -0.957006
    outer loop
      vertex -99.2941 -16 64.0006
      vertex -99.6072 -40 64.0955
      vertex -99.6072 -16 64.0955
    endloop
  endfacet
  facet normal -0.413111 0 -0.910681
    outer loop
      vertex -100.211 -40 64.3458
      vertex -99.9134 -16 64.2108
      vertex -99.9134 -40 64.2108
    endloop
  endfacet
  facet normal -0.413111 0 -0.910681
    outer loop
      vertex -99.9134 -16 64.2108
      vertex -100.211 -40 64.3458
      vertex -100.211 -16 64.3458
    endloop
  endfacet
  facet normal -0.52769 0 -0.849437
    outer loop
      vertex -100.778 -40 64.6728
      vertex -100.5 -16 64.5001
      vertex -100.5 -40 64.5001
    endloop
  endfacet
  facet normal -0.52769 0 -0.849437
    outer loop
      vertex -100.5 -16 64.5001
      vertex -100.778 -40 64.6728
      vertex -100.778 -16 64.6728
    endloop
  endfacet
  facet normal -0.352396 0 -0.935851
    outer loop
      vertex -99.9134 -40 64.2108
      vertex -99.6072 -16 64.0955
      vertex -99.6072 -40 64.0955
    endloop
  endfacet
  facet normal -0.352396 0 -0.935851
    outer loop
      vertex -99.6072 -16 64.0955
      vertex -99.9134 -40 64.2108
      vertex -99.9134 -16 64.2108
    endloop
  endfacet
  facet normal -0.162912 0 -0.986641
    outer loop
      vertex -98.9754 -40 63.9263
      vertex -98.6526 -16 63.873
      vertex -98.6526 -40 63.873
    endloop
  endfacet
  facet normal -0.162912 0 -0.986641
    outer loop
      vertex -98.6526 -16 63.873
      vertex -98.9754 -40 63.9263
      vertex -98.9754 -16 63.9263
    endloop
  endfacet
  facet normal -0.0327042 0 -0.999465
    outer loop
      vertex -98.327 -40 63.8409
      vertex -98 -16 63.8302
      vertex -98 -40 63.8302
    endloop
  endfacet
  facet normal -0.0327042 0 -0.999465
    outer loop
      vertex -98 -16 63.8302
      vertex -98.327 -40 63.8409
      vertex -98.327 -16 63.8409
    endloop
  endfacet
  facet normal -0.848941 0 -0.528488
    outer loop
      vertex -102.157 -40 66.0523
      vertex -102.33 -16 66.3302
      vertex -102.157 -16 66.0523
    endloop
  endfacet
  facet normal -0.848941 -0 -0.528488
    outer loop
      vertex -102.33 -16 66.3302
      vertex -102.157 -40 66.0523
      vertex -102.33 -40 66.3302
    endloop
  endfacet
  facet normal -0.81363 0 -0.581383
    outer loop
      vertex -101.967 -40 65.7864
      vertex -102.157 -16 66.0523
      vertex -101.967 -16 65.7864
    endloop
  endfacet
  facet normal -0.81363 -0 -0.581383
    outer loop
      vertex -102.157 -16 66.0523
      vertex -101.967 -40 65.7864
      vertex -102.157 -40 66.0523
    endloop
  endfacet
  facet normal 0 1 0
    outer loop
      vertex -98 -16 70.4552
      vertex -98 -16 73.8302
      vertex -97.673 -16 73.8195
    endloop
  endfacet
  facet normal 0 1 0
    outer loop
      vertex -97.8937 -16 70.4517
      vertex -97.673 -16 73.8195
      vertex -97.3474 -16 73.7874
    endloop
  endfacet
  facet normal 0 1 0
    outer loop
      vertex -98 -16 73.8302
      vertex -98 -16 70.4552
      vertex -98.327 -16 73.8195
    endloop
  endfacet
  facet normal 0 1 0
    outer loop
      vertex -97.7879 -16 70.4413
      vertex -97.3474 -16 73.7874
      vertex -97.0246 -16 73.7341
    endloop
  endfacet
  facet normal 0 1 -0
    outer loop
      vertex -98.1063 -16 70.4517
      vertex -98.327 -16 73.8195
      vertex -98 -16 70.4552
    endloop
  endfacet
  facet normal 0 1 0
    outer loop
      vertex -97.683 -16 70.424
      vertex -97.0246 -16 73.7341
      vertex -96.7059 -16 73.6598
    endloop
  endfacet
  facet normal 0 1 0
    outer loop
      vertex -98.327 -16 73.8195
      vertex -98.1063 -16 70.4517
      vertex -98.6526 -16 73.7874
    endloop
  endfacet
  facet normal 0 1 0
    outer loop
      vertex -97.5794 -16 70.3998
      vertex -96.7059 -16 73.6598
      vertex -96.3928 -16 73.5648
    endloop
  endfacet
  facet normal 0 1 -0
    outer loop
      vertex -98.2121 -16 70.4413
      vertex -98.6526 -16 73.7874
      vertex -98.1063 -16 70.4517
    endloop
  endfacet
  facet normal 0 1 0
    outer loop
      vertex -97.4777 -16 70.3689
      vertex -96.3928 -16 73.5648
      vertex -96.0866 -16 73.4496
    endloop
  endfacet
  facet normal 0 1 0
    outer loop
      vertex -98.6526 -16 73.7874
      vertex -98.2121 -16 70.4413
      vertex -98.9754 -16 73.7341
    endloop
  endfacet
  facet normal 0 1 0
    outer loop
      vertex -97.3781 -16 70.3315
      vertex -96.0866 -16 73.4496
      vertex -95.7886 -16 73.3146
    endloop
  endfacet
  facet normal 0 1 -0
    outer loop
      vertex -98.317 -16 70.424
      vertex -98.9754 -16 73.7341
      vertex -98.2121 -16 70.4413
    endloop
  endfacet
  facet normal 0 1 0
    outer loop
      vertex -97.2813 -16 70.2876
      vertex -95.7886 -16 73.3146
      vertex -95.5 -16 73.1603
    endloop
  endfacet
  facet normal 0 1 0
    outer loop
      vertex -98.9754 -16 73.7341
      vertex -98.317 -16 70.424
      vertex -99.2941 -16 73.6598
    endloop
  endfacet
  facet normal 0 1 0
    outer loop
      vertex -97.1875 -16 70.2375
      vertex -95.5 -16 73.1603
      vertex -95.2222 -16 72.9875
    endloop
  endfacet
  facet normal 0 1 -0
    outer loop
      vertex -98.4206 -16 70.3998
      vertex -99.2941 -16 73.6598
      vertex -98.317 -16 70.424
    endloop
  endfacet
  facet normal 0 1 0
    outer loop
      vertex -97.0972 -16 70.1813
      vertex -95.2222 -16 72.9875
      vertex -94.9562 -16 72.797
    endloop
  endfacet
  facet normal 0 1 0
    outer loop
      vertex -99.2941 -16 73.6598
      vertex -98.4206 -16 70.3998
      vertex -99.6072 -16 73.5648
    endloop
  endfacet
  facet normal 0 1 0
    outer loop
      vertex -97.0108 -16 70.1194
      vertex -94.9562 -16 72.797
      vertex -94.7033 -16 72.5894
    endloop
  endfacet
  facet normal 0 1 -0
    outer loop
      vertex -98.5223 -16 70.3689
      vertex -99.6072 -16 73.5648
      vertex -98.4206 -16 70.3998
    endloop
  endfacet
  facet normal 0 1 0
    outer loop
      vertex -96.9286 -16 70.0519
      vertex -94.7033 -16 72.5894
      vertex -94.4645 -16 72.3657
    endloop
  endfacet
  facet normal 0 1 0
    outer loop
      vertex -99.6072 -16 73.5648
      vertex -98.5223 -16 70.3689
      vertex -99.9134 -16 73.4496
    endloop
  endfacet
  facet normal 0 1 0
    outer loop
      vertex -96.851 -16 69.9792
      vertex -94.4645 -16 72.3657
      vertex -94.2408 -16 72.1269
    endloop
  endfacet
  facet normal 0 1 -0
    outer loop
      vertex -98.6219 -16 70.3315
      vertex -99.9134 -16 73.4496
      vertex -98.5223 -16 70.3689
    endloop
  endfacet
  facet normal 0 1 0
    outer loop
      vertex -96.7783 -16 69.9016
      vertex -94.2408 -16 72.1269
      vertex -94.0332 -16 71.874
    endloop
  endfacet
  facet normal 0 1 0
    outer loop
      vertex -99.9134 -16 73.4496
      vertex -98.6219 -16 70.3315
      vertex -100.211 -16 73.3146
    endloop
  endfacet
  facet normal 0 1 0
    outer loop
      vertex -96.7108 -16 69.8194
      vertex -94.0332 -16 71.874
      vertex -93.8427 -16 71.608
    endloop
  endfacet
  facet normal 0 1 -0
    outer loop
      vertex -98.7187 -16 70.2876
      vertex -100.211 -16 73.3146
      vertex -98.6219 -16 70.3315
    endloop
  endfacet
  facet normal 0 1 0
    outer loop
      vertex -96.6489 -16 69.733
      vertex -93.8427 -16 71.608
      vertex -93.6699 -16 71.3302
    endloop
  endfacet
  facet normal 0 1 0
    outer loop
      vertex -100.211 -16 73.3146
      vertex -98.7187 -16 70.2876
      vertex -100.5 -16 73.1603
    endloop
  endfacet
  facet normal 0 1 0
    outer loop
      vertex -96.5927 -16 69.6427
      vertex -93.6699 -16 71.3302
      vertex -93.5156 -16 71.0416
    endloop
  endfacet
  facet normal 0 1 -0
    outer loop
      vertex -98.8125 -16 70.2375
      vertex -100.5 -16 73.1603
      vertex -98.7187 -16 70.2876
    endloop
  endfacet
  facet normal 0 1 0
    outer loop
      vertex -96.5426 -16 69.5489
      vertex -93.5156 -16 71.0416
      vertex -93.3806 -16 70.7436
    endloop
  endfacet
  facet normal 0 1 0
    outer loop
      vertex -100.5 -16 73.1603
      vertex -98.8125 -16 70.2375
      vertex -100.778 -16 72.9875
    endloop
  endfacet
  facet normal 0 1 -0
    outer loop
      vertex -98.9028 -16 70.1813
      vertex -100.778 -16 72.9875
      vertex -98.8125 -16 70.2375
    endloop
  endfacet
  facet normal 0 1 0
    outer loop
      vertex -97.673 -16 73.8195
      vertex -97.8937 -16 70.4517
      vertex -98 -16 70.4552
    endloop
  endfacet
  facet normal 0 1 0
    outer loop
      vertex -97.3474 -16 73.7874
      vertex -97.7879 -16 70.4413
      vertex -97.8937 -16 70.4517
    endloop
  endfacet
  facet normal 0 1 0
    outer loop
      vertex -96.4987 -16 69.452
      vertex -93.3806 -16 70.7436
      vertex -93.2654 -16 70.4374
    endloop
  endfacet
  facet normal 0 1 0
    outer loop
      vertex -97.0246 -16 73.7341
      vertex -97.683 -16 70.424
      vertex -97.7879 -16 70.4413
    endloop
  endfacet
  facet normal 0 1 0
    outer loop
      vertex -96.7059 -16 73.6598
      vertex -97.5794 -16 70.3998
      vertex -97.683 -16 70.424
    endloop
  endfacet
  facet normal 0 1 0
    outer loop
      vertex -96.3928 -16 73.5648
      vertex -97.4777 -16 70.3689
      vertex -97.5794 -16 70.3998
    endloop
  endfacet
  facet normal 0 1 0
    outer loop
      vertex -96.0866 -16 73.4496
      vertex -97.3781 -16 70.3315
      vertex -97.4777 -16 70.3689
    endloop
  endfacet
  facet normal 0 1 0
    outer loop
      vertex -95.7886 -16 73.3146
      vertex -97.2813 -16 70.2876
      vertex -97.3781 -16 70.3315
    endloop
  endfacet
  facet normal 0 1 0
    outer loop
      vertex -95.5 -16 73.1603
      vertex -97.1875 -16 70.2375
      vertex -97.2813 -16 70.2876
    endloop
  endfacet
  facet normal 0 1 0
    outer loop
      vertex -95.2222 -16 72.9875
      vertex -97.0972 -16 70.1813
      vertex -97.1875 -16 70.2375
    endloop
  endfacet
  facet normal 0 1 0
    outer loop
      vertex -96.4612 -16 69.3525
      vertex -93.2654 -16 70.4374
      vertex -93.1704 -16 70.1243
    endloop
  endfacet
  facet normal 0 1 0
    outer loop
      vertex -94.9562 -16 72.797
      vertex -97.0108 -16 70.1194
      vertex -97.0972 -16 70.1813
    endloop
  endfacet
  facet normal 0 1 0
    outer loop
      vertex -94.7033 -16 72.5894
      vertex -96.9286 -16 70.0519
      vertex -97.0108 -16 70.1194
    endloop
  endfacet
  facet normal 0 1 0
    outer loop
      vertex -94.4645 -16 72.3657
      vertex -96.851 -16 69.9792
      vertex -96.9286 -16 70.0519
    endloop
  endfacet
  facet normal 0 1 0
    outer loop
      vertex -94.2408 -16 72.1269
      vertex -96.7783 -16 69.9016
      vertex -96.851 -16 69.9792
    endloop
  endfacet
  facet normal 0 1 0
    outer loop
      vertex -94.0332 -16 71.874
      vertex -96.7108 -16 69.8194
      vertex -96.7783 -16 69.9016
    endloop
  endfacet
  facet normal 0 1 0
    outer loop
      vertex -96.4304 -16 69.2508
      vertex -93.1704 -16 70.1243
      vertex -93.0961 -16 69.8056
    endloop
  endfacet
  facet normal 0 1 0
    outer loop
      vertex -93.8427 -16 71.608
      vertex -96.6489 -16 69.733
      vertex -96.7108 -16 69.8194
    endloop
  endfacet
  facet normal 0 1 0
    outer loop
      vertex -93.6699 -16 71.3302
      vertex -96.5927 -16 69.6427
      vertex -96.6489 -16 69.733
    endloop
  endfacet
  facet normal 0 1 0
    outer loop
      vertex -93.5156 -16 71.0416
      vertex -96.5426 -16 69.5489
      vertex -96.5927 -16 69.6427
    endloop
  endfacet
  facet normal 0 1 0
    outer loop
      vertex -96.4062 -16 69.1472
      vertex -93.0961 -16 69.8056
      vertex -93.0428 -16 69.4828
    endloop
  endfacet
  facet normal 0 1 0
    outer loop
      vertex -93.3806 -16 70.7436
      vertex -96.4987 -16 69.452
      vertex -96.5426 -16 69.5489
    endloop
  endfacet
  facet normal 0 1 0
    outer loop
      vertex -93.2654 -16 70.4374
      vertex -96.4612 -16 69.3525
      vertex -96.4987 -16 69.452
    endloop
  endfacet
  facet normal 0 1 0
    outer loop
      vertex -93.1704 -16 70.1243
      vertex -96.4304 -16 69.2508
      vertex -96.4612 -16 69.3525
    endloop
  endfacet
  facet normal 0 1 0
    outer loop
      vertex -96.3889 -16 69.0423
      vertex -93.0428 -16 69.4828
      vertex -93.0107 -16 69.1572
    endloop
  endfacet
  facet normal 0 1 0
    outer loop
      vertex -93.0961 -16 69.8056
      vertex -96.4062 -16 69.1472
      vertex -96.4304 -16 69.2508
    endloop
  endfacet
  facet normal 0 1 0
    outer loop
      vertex -93.0428 -16 69.4828
      vertex -96.3889 -16 69.0423
      vertex -96.4062 -16 69.1472
    endloop
  endfacet
  facet normal 0 1 0
    outer loop
      vertex -93.0107 -16 69.1572
      vertex -96.3785 -16 68.9365
      vertex -96.3889 -16 69.0423
    endloop
  endfacet
  facet normal 0 1 0
    outer loop
      vertex -93 -16 68.8302
      vertex -96.3785 -16 68.9365
      vertex -93.0107 -16 69.1572
    endloop
  endfacet
  facet normal 0 1 0
    outer loop
      vertex -93 -16 68.8302
      vertex -96.375 -16 68.8302
      vertex -96.3785 -16 68.9365
    endloop
  endfacet
  facet normal 0 1 0
    outer loop
      vertex -93 -16 68.8302
      vertex -96.3785 -16 68.7239
      vertex -96.375 -16 68.8302
    endloop
  endfacet
  facet normal 0 1 -0
    outer loop
      vertex -93.0107 -16 68.5032
      vertex -96.3785 -16 68.7239
      vertex -93 -16 68.8302
    endloop
  endfacet
  facet normal 0 1 0
    outer loop
      vertex -96.3785 -16 68.7239
      vertex -93.0107 -16 68.5032
      vertex -96.3889 -16 68.6181
    endloop
  endfacet
  facet normal 0 1 -0
    outer loop
      vertex -93.0428 -16 68.1776
      vertex -96.3889 -16 68.6181
      vertex -93.0107 -16 68.5032
    endloop
  endfacet
  facet normal 0 1 0
    outer loop
      vertex -96.3889 -16 68.6181
      vertex -93.0428 -16 68.1776
      vertex -96.4062 -16 68.5132
    endloop
  endfacet
  facet normal 0 1 -0
    outer loop
      vertex -93.0961 -16 67.8547
      vertex -96.4062 -16 68.5132
      vertex -93.0428 -16 68.1776
    endloop
  endfacet
  facet normal 0 1 0
    outer loop
      vertex -96.4062 -16 68.5132
      vertex -93.0961 -16 67.8547
      vertex -96.4304 -16 68.4096
    endloop
  endfacet
  facet normal 0 1 -0
    outer loop
      vertex -93.1704 -16 67.5361
      vertex -96.4304 -16 68.4096
      vertex -93.0961 -16 67.8547
    endloop
  endfacet
  facet normal 0 1 0
    outer loop
      vertex -96.4304 -16 68.4096
      vertex -93.1704 -16 67.5361
      vertex -96.4612 -16 68.3078
    endloop
  endfacet
  facet normal 0 1 -0
    outer loop
      vertex -93.2654 -16 67.223
      vertex -96.4612 -16 68.3078
      vertex -93.1704 -16 67.5361
    endloop
  endfacet
  facet normal 0 1 0
    outer loop
      vertex -96.4612 -16 68.3078
      vertex -93.2654 -16 67.223
      vertex -96.4987 -16 68.2083
    endloop
  endfacet
  facet normal 0 1 -0
    outer loop
      vertex -93.3806 -16 66.9168
      vertex -96.4987 -16 68.2083
      vertex -93.2654 -16 67.223
    endloop
  endfacet
  facet normal 0 1 0
    outer loop
      vertex -96.4987 -16 68.2083
      vertex -93.3806 -16 66.9168
      vertex -96.5426 -16 68.1115
    endloop
  endfacet
  facet normal 0 1 -0
    outer loop
      vertex -93.5156 -16 66.6187
      vertex -96.5426 -16 68.1115
      vertex -93.3806 -16 66.9168
    endloop
  endfacet
  facet normal 0 1 0
    outer loop
      vertex -96.5426 -16 68.1115
      vertex -93.5156 -16 66.6187
      vertex -96.5927 -16 68.0177
    endloop
  endfacet
  facet normal 0 1 -0
    outer loop
      vertex -93.6699 -16 66.3302
      vertex -96.5927 -16 68.0177
      vertex -93.5156 -16 66.6187
    endloop
  endfacet
  facet normal 0 1 0
    outer loop
      vertex -96.5927 -16 68.0177
      vertex -93.6699 -16 66.3302
      vertex -96.6489 -16 67.9274
    endloop
  endfacet
  facet normal 0 1 -0
    outer loop
      vertex -93.8427 -16 66.0523
      vertex -96.6489 -16 67.9274
      vertex -93.6699 -16 66.3302
    endloop
  endfacet
  facet normal 0 1 0
    outer loop
      vertex -96.6489 -16 67.9274
      vertex -93.8427 -16 66.0523
      vertex -96.7108 -16 67.841
    endloop
  endfacet
  facet normal 0 1 -0
    outer loop
      vertex -94.0332 -16 65.7864
      vertex -96.7108 -16 67.841
      vertex -93.8427 -16 66.0523
    endloop
  endfacet
  facet normal 0 1 0
    outer loop
      vertex -96.7108 -16 67.841
      vertex -94.0332 -16 65.7864
      vertex -96.7783 -16 67.7588
    endloop
  endfacet
  facet normal 0 1 -0
    outer loop
      vertex -94.2408 -16 65.5335
      vertex -96.7783 -16 67.7588
      vertex -94.0332 -16 65.7864
    endloop
  endfacet
  facet normal 0 1 0
    outer loop
      vertex -96.7783 -16 67.7588
      vertex -94.2408 -16 65.5335
      vertex -96.851 -16 67.6811
    endloop
  endfacet
  facet normal 0 1 -0
    outer loop
      vertex -94.4645 -16 65.2947
      vertex -96.851 -16 67.6811
      vertex -94.2408 -16 65.5335
    endloop
  endfacet
  facet normal 0 1 0
    outer loop
      vertex -96.851 -16 67.6811
      vertex -94.4645 -16 65.2947
      vertex -96.9286 -16 67.6085
    endloop
  endfacet
  facet normal 0 1 -0
    outer loop
      vertex -94.7033 -16 65.071
      vertex -96.9286 -16 67.6085
      vertex -94.4645 -16 65.2947
    endloop
  endfacet
  facet normal 0 1 0
    outer loop
      vertex -96.9286 -16 67.6085
      vertex -94.7033 -16 65.071
      vertex -97.0108 -16 67.541
    endloop
  endfacet
  facet normal 0 1 -0
    outer loop
      vertex -94.9562 -16 64.8634
      vertex -97.0108 -16 67.541
      vertex -94.7033 -16 65.071
    endloop
  endfacet
  facet normal 0 1 0
    outer loop
      vertex -97.0108 -16 67.541
      vertex -94.9562 -16 64.8634
      vertex -97.0972 -16 67.479
    endloop
  endfacet
  facet normal 0 1 -0
    outer loop
      vertex -95.2222 -16 64.6728
      vertex -97.0972 -16 67.479
      vertex -94.9562 -16 64.8634
    endloop
  endfacet
  facet normal 0 1 0
    outer loop
      vertex -100.778 -16 72.9875
      vertex -98.9028 -16 70.1813
      vertex -101.044 -16 72.797
    endloop
  endfacet
  facet normal 0 1 -0
    outer loop
      vertex -98.9892 -16 70.1194
      vertex -101.044 -16 72.797
      vertex -98.9028 -16 70.1813
    endloop
  endfacet
  facet normal 0 1 0
    outer loop
      vertex -101.044 -16 72.797
      vertex -98.9892 -16 70.1194
      vertex -101.297 -16 72.5894
    endloop
  endfacet
  facet normal 0 1 -0
    outer loop
      vertex -99.0714 -16 70.0519
      vertex -101.297 -16 72.5894
      vertex -98.9892 -16 70.1194
    endloop
  endfacet
  facet normal 0 1 0
    outer loop
      vertex -101.297 -16 72.5894
      vertex -99.0714 -16 70.0519
      vertex -101.536 -16 72.3657
    endloop
  endfacet
  facet normal 0 1 -0
    outer loop
      vertex -99.149 -16 69.9792
      vertex -101.536 -16 72.3657
      vertex -99.0714 -16 70.0519
    endloop
  endfacet
  facet normal 0 1 0
    outer loop
      vertex -101.536 -16 72.3657
      vertex -99.149 -16 69.9792
      vertex -101.759 -16 72.1269
    endloop
  endfacet
  facet normal 0 1 -0
    outer loop
      vertex -99.2217 -16 69.9016
      vertex -101.759 -16 72.1269
      vertex -99.149 -16 69.9792
    endloop
  endfacet
  facet normal 0 1 0
    outer loop
      vertex -101.759 -16 72.1269
      vertex -99.2217 -16 69.9016
      vertex -101.967 -16 71.874
    endloop
  endfacet
  facet normal 0 1 -0
    outer loop
      vertex -99.2892 -16 69.8194
      vertex -101.967 -16 71.874
      vertex -99.2217 -16 69.9016
    endloop
  endfacet
  facet normal 0 1 0
    outer loop
      vertex -101.967 -16 71.874
      vertex -99.2892 -16 69.8194
      vertex -102.157 -16 71.608
    endloop
  endfacet
  facet normal 0 1 -0
    outer loop
      vertex -99.3511 -16 69.733
      vertex -102.157 -16 71.608
      vertex -99.2892 -16 69.8194
    endloop
  endfacet
  facet normal 0 1 0
    outer loop
      vertex -102.157 -16 71.608
      vertex -99.3511 -16 69.733
      vertex -102.33 -16 71.3302
    endloop
  endfacet
  facet normal 0 1 -0
    outer loop
      vertex -99.4073 -16 69.6427
      vertex -102.33 -16 71.3302
      vertex -99.3511 -16 69.733
    endloop
  endfacet
  facet normal 0 1 0
    outer loop
      vertex -102.33 -16 71.3302
      vertex -99.4073 -16 69.6427
      vertex -102.484 -16 71.0416
    endloop
  endfacet
  facet normal 0 1 -0
    outer loop
      vertex -99.4574 -16 69.5489
      vertex -102.484 -16 71.0416
      vertex -99.4073 -16 69.6427
    endloop
  endfacet
  facet normal 0 1 0
    outer loop
      vertex -102.484 -16 71.0416
      vertex -99.4574 -16 69.5489
      vertex -102.619 -16 70.7436
    endloop
  endfacet
  facet normal 0 1 -0
    outer loop
      vertex -99.5013 -16 69.452
      vertex -102.619 -16 70.7436
      vertex -99.4574 -16 69.5489
    endloop
  endfacet
  facet normal 0 1 0
    outer loop
      vertex -102.619 -16 70.7436
      vertex -99.5013 -16 69.452
      vertex -102.735 -16 70.4374
    endloop
  endfacet
  facet normal 0 1 -0
    outer loop
      vertex -99.5388 -16 69.3525
      vertex -102.735 -16 70.4374
      vertex -99.5013 -16 69.452
    endloop
  endfacet
  facet normal 0 1 0
    outer loop
      vertex -102.735 -16 70.4374
      vertex -99.5388 -16 69.3525
      vertex -102.83 -16 70.1243
    endloop
  endfacet
  facet normal 0 1 -0
    outer loop
      vertex -99.5696 -16 69.2508
      vertex -102.83 -16 70.1243
      vertex -99.5388 -16 69.3525
    endloop
  endfacet
  facet normal 0 1 0
    outer loop
      vertex -102.83 -16 70.1243
      vertex -99.5696 -16 69.2508
      vertex -102.904 -16 69.8056
    endloop
  endfacet
  facet normal 0 1 -0
    outer loop
      vertex -99.5938 -16 69.1472
      vertex -102.904 -16 69.8056
      vertex -99.5696 -16 69.2508
    endloop
  endfacet
  facet normal 0 1 0
    outer loop
      vertex -102.904 -16 69.8056
      vertex -99.5938 -16 69.1472
      vertex -102.957 -16 69.4828
    endloop
  endfacet
  facet normal 0 1 -0
    outer loop
      vertex -99.6111 -16 69.0423
      vertex -102.957 -16 69.4828
      vertex -99.5938 -16 69.1472
    endloop
  endfacet
  facet normal 0 1 0
    outer loop
      vertex -102.957 -16 69.4828
      vertex -99.6111 -16 69.0423
      vertex -102.989 -16 69.1572
    endloop
  endfacet
  facet normal 0 1 -0
    outer loop
      vertex -99.6215 -16 68.9365
      vertex -102.989 -16 69.1572
      vertex -99.6111 -16 69.0423
    endloop
  endfacet
  facet normal 0 1 -0
    outer loop
      vertex -99.625 -16 68.8302
      vertex -102.989 -16 69.1572
      vertex -99.6215 -16 68.9365
    endloop
  endfacet
  facet normal 0 1 0
    outer loop
      vertex -99.625 -16 68.8302
      vertex -103 -16 68.8302
      vertex -102.989 -16 69.1572
    endloop
  endfacet
  facet normal 0 1 0
    outer loop
      vertex -99.6215 -16 68.7239
      vertex -103 -16 68.8302
      vertex -99.625 -16 68.8302
    endloop
  endfacet
  facet normal 0 1 0
    outer loop
      vertex -102.989 -16 68.5032
      vertex -99.6215 -16 68.7239
      vertex -99.6111 -16 68.6181
    endloop
  endfacet
  facet normal 0 1 0
    outer loop
      vertex -102.957 -16 68.1776
      vertex -99.6111 -16 68.6181
      vertex -99.5938 -16 68.5132
    endloop
  endfacet
  facet normal 0 1 0
    outer loop
      vertex -99.6215 -16 68.7239
      vertex -102.989 -16 68.5032
      vertex -103 -16 68.8302
    endloop
  endfacet
  facet normal 0 1 0
    outer loop
      vertex -102.904 -16 67.8547
      vertex -99.5938 -16 68.5132
      vertex -99.5696 -16 68.4096
    endloop
  endfacet
  facet normal 0 1 0
    outer loop
      vertex -102.83 -16 67.5361
      vertex -99.5696 -16 68.4096
      vertex -99.5388 -16 68.3078
    endloop
  endfacet
  facet normal 0 1 0
    outer loop
      vertex -102.735 -16 67.223
      vertex -99.5388 -16 68.3078
      vertex -99.5013 -16 68.2083
    endloop
  endfacet
  facet normal 0 1 0
    outer loop
      vertex -99.6111 -16 68.6181
      vertex -102.957 -16 68.1776
      vertex -102.989 -16 68.5032
    endloop
  endfacet
  facet normal 0 1 0
    outer loop
      vertex -102.619 -16 66.9168
      vertex -99.5013 -16 68.2083
      vertex -99.4574 -16 68.1115
    endloop
  endfacet
  facet normal 0 1 0
    outer loop
      vertex -102.484 -16 66.6187
      vertex -99.4574 -16 68.1115
      vertex -99.4073 -16 68.0177
    endloop
  endfacet
  facet normal 0 1 0
    outer loop
      vertex -102.33 -16 66.3302
      vertex -99.4073 -16 68.0177
      vertex -99.3511 -16 67.9274
    endloop
  endfacet
  facet normal 0 1 0
    outer loop
      vertex -99.5938 -16 68.5132
      vertex -102.904 -16 67.8547
      vertex -102.957 -16 68.1776
    endloop
  endfacet
  facet normal 0 1 0
    outer loop
      vertex -102.157 -16 66.0523
      vertex -99.3511 -16 67.9274
      vertex -99.2892 -16 67.841
    endloop
  endfacet
  facet normal 0 1 0
    outer loop
      vertex -101.967 -16 65.7864
      vertex -99.2892 -16 67.841
      vertex -99.2217 -16 67.7588
    endloop
  endfacet
  facet normal 0 1 0
    outer loop
      vertex -101.759 -16 65.5335
      vertex -99.2217 -16 67.7588
      vertex -99.149 -16 67.6811
    endloop
  endfacet
  facet normal 0 1 0
    outer loop
      vertex -101.536 -16 65.2947
      vertex -99.149 -16 67.6811
      vertex -99.0714 -16 67.6085
    endloop
  endfacet
  facet normal 0 1 0
    outer loop
      vertex -101.297 -16 65.071
      vertex -99.0714 -16 67.6085
      vertex -98.9892 -16 67.541
    endloop
  endfacet
  facet normal 0 1 0
    outer loop
      vertex -99.5696 -16 68.4096
      vertex -102.83 -16 67.5361
      vertex -102.904 -16 67.8547
    endloop
  endfacet
  facet normal 0 1 0
    outer loop
      vertex -101.044 -16 64.8634
      vertex -98.9892 -16 67.541
      vertex -98.9028 -16 67.479
    endloop
  endfacet
  facet normal 0 1 0
    outer loop
      vertex -100.778 -16 64.6728
      vertex -98.9028 -16 67.479
      vertex -98.8125 -16 67.4229
    endloop
  endfacet
  facet normal 0 1 0
    outer loop
      vertex -100.5 -16 64.5001
      vertex -98.8125 -16 67.4229
      vertex -98.7187 -16 67.3728
    endloop
  endfacet
  facet normal 0 1 0
    outer loop
      vertex -100.211 -16 64.3458
      vertex -98.7187 -16 67.3728
      vertex -98.6219 -16 67.3289
    endloop
  endfacet
  facet normal 0 1 0
    outer loop
      vertex -99.9134 -16 64.2108
      vertex -98.6219 -16 67.3289
      vertex -98.5223 -16 67.2914
    endloop
  endfacet
  facet normal 0 1 0
    outer loop
      vertex -99.6072 -16 64.0955
      vertex -98.5223 -16 67.2914
      vertex -98.4206 -16 67.2606
    endloop
  endfacet
  facet normal 0 1 0
    outer loop
      vertex -99.2941 -16 64.0006
      vertex -98.4206 -16 67.2606
      vertex -98.317 -16 67.2364
    endloop
  endfacet
  facet normal 0 1 0
    outer loop
      vertex -99.5388 -16 68.3078
      vertex -102.735 -16 67.223
      vertex -102.83 -16 67.5361
    endloop
  endfacet
  facet normal 0 1 0
    outer loop
      vertex -98.9754 -16 63.9263
      vertex -98.317 -16 67.2364
      vertex -98.2121 -16 67.2191
    endloop
  endfacet
  facet normal 0 1 0
    outer loop
      vertex -98.6526 -16 63.873
      vertex -98.2121 -16 67.2191
      vertex -98.1063 -16 67.2087
    endloop
  endfacet
  facet normal 0 1 0
    outer loop
      vertex -98.327 -16 63.8409
      vertex -98.1063 -16 67.2087
      vertex -98 -16 67.2052
    endloop
  endfacet
  facet normal 0 1 0
    outer loop
      vertex -97.0972 -16 67.479
      vertex -95.2222 -16 64.6728
      vertex -97.1875 -16 67.4229
    endloop
  endfacet
  facet normal 0 1 0
    outer loop
      vertex -99.5013 -16 68.2083
      vertex -102.619 -16 66.9168
      vertex -102.735 -16 67.223
    endloop
  endfacet
  facet normal 0 1 -0
    outer loop
      vertex -95.5 -16 64.5001
      vertex -97.1875 -16 67.4229
      vertex -95.2222 -16 64.6728
    endloop
  endfacet
  facet normal 0 1 0
    outer loop
      vertex -99.4574 -16 68.1115
      vertex -102.484 -16 66.6187
      vertex -102.619 -16 66.9168
    endloop
  endfacet
  facet normal 0 1 0
    outer loop
      vertex -97.1875 -16 67.4229
      vertex -95.5 -16 64.5001
      vertex -97.2813 -16 67.3728
    endloop
  endfacet
  facet normal 0 1 0
    outer loop
      vertex -99.4073 -16 68.0177
      vertex -102.33 -16 66.3302
      vertex -102.484 -16 66.6187
    endloop
  endfacet
  facet normal 0 1 -0
    outer loop
      vertex -95.7886 -16 64.3458
      vertex -97.2813 -16 67.3728
      vertex -95.5 -16 64.5001
    endloop
  endfacet
  facet normal 0 1 0
    outer loop
      vertex -99.3511 -16 67.9274
      vertex -102.157 -16 66.0523
      vertex -102.33 -16 66.3302
    endloop
  endfacet
  facet normal 0 1 0
    outer loop
      vertex -97.2813 -16 67.3728
      vertex -95.7886 -16 64.3458
      vertex -97.3781 -16 67.3289
    endloop
  endfacet
  facet normal 0 1 0
    outer loop
      vertex -99.2892 -16 67.841
      vertex -101.967 -16 65.7864
      vertex -102.157 -16 66.0523
    endloop
  endfacet
  facet normal 0 1 -0
    outer loop
      vertex -96.0866 -16 64.2108
      vertex -97.3781 -16 67.3289
      vertex -95.7886 -16 64.3458
    endloop
  endfacet
  facet normal 0 1 0
    outer loop
      vertex -99.2217 -16 67.7588
      vertex -101.759 -16 65.5335
      vertex -101.967 -16 65.7864
    endloop
  endfacet
  facet normal 0 1 0
    outer loop
      vertex -97.3781 -16 67.3289
      vertex -96.0866 -16 64.2108
      vertex -97.4777 -16 67.2914
    endloop
  endfacet
  facet normal 0 1 0
    outer loop
      vertex -99.149 -16 67.6811
      vertex -101.536 -16 65.2947
      vertex -101.759 -16 65.5335
    endloop
  endfacet
  facet normal 0 1 -0
    outer loop
      vertex -96.3928 -16 64.0955
      vertex -97.4777 -16 67.2914
      vertex -96.0866 -16 64.2108
    endloop
  endfacet
  facet normal 0 1 0
    outer loop
      vertex -99.0714 -16 67.6085
      vertex -101.297 -16 65.071
      vertex -101.536 -16 65.2947
    endloop
  endfacet
  facet normal 0 1 0
    outer loop
      vertex -97.4777 -16 67.2914
      vertex -96.3928 -16 64.0955
      vertex -97.5794 -16 67.2606
    endloop
  endfacet
  facet normal 0 1 0
    outer loop
      vertex -98.9892 -16 67.541
      vertex -101.044 -16 64.8634
      vertex -101.297 -16 65.071
    endloop
  endfacet
  facet normal 0 1 -0
    outer loop
      vertex -96.7059 -16 64.0006
      vertex -97.5794 -16 67.2606
      vertex -96.3928 -16 64.0955
    endloop
  endfacet
  facet normal 0 1 0
    outer loop
      vertex -98.9028 -16 67.479
      vertex -100.778 -16 64.6728
      vertex -101.044 -16 64.8634
    endloop
  endfacet
  facet normal 0 1 0
    outer loop
      vertex -97.5794 -16 67.2606
      vertex -96.7059 -16 64.0006
      vertex -97.683 -16 67.2364
    endloop
  endfacet
  facet normal 0 1 0
    outer loop
      vertex -98.8125 -16 67.4229
      vertex -100.5 -16 64.5001
      vertex -100.778 -16 64.6728
    endloop
  endfacet
  facet normal 0 1 -0
    outer loop
      vertex -97.0246 -16 63.9263
      vertex -97.683 -16 67.2364
      vertex -96.7059 -16 64.0006
    endloop
  endfacet
  facet normal 0 1 0
    outer loop
      vertex -98.7187 -16 67.3728
      vertex -100.211 -16 64.3458
      vertex -100.5 -16 64.5001
    endloop
  endfacet
  facet normal 0 1 0
    outer loop
      vertex -97.683 -16 67.2364
      vertex -97.0246 -16 63.9263
      vertex -97.7879 -16 67.2191
    endloop
  endfacet
  facet normal 0 1 0
    outer loop
      vertex -98.6219 -16 67.3289
      vertex -99.9134 -16 64.2108
      vertex -100.211 -16 64.3458
    endloop
  endfacet
  facet normal 0 1 -0
    outer loop
      vertex -97.3474 -16 63.873
      vertex -97.7879 -16 67.2191
      vertex -97.0246 -16 63.9263
    endloop
  endfacet
  facet normal 0 1 0
    outer loop
      vertex -98.5223 -16 67.2914
      vertex -99.6072 -16 64.0955
      vertex -99.9134 -16 64.2108
    endloop
  endfacet
  facet normal 0 1 0
    outer loop
      vertex -97.7879 -16 67.2191
      vertex -97.3474 -16 63.873
      vertex -97.8937 -16 67.2087
    endloop
  endfacet
  facet normal 0 1 0
    outer loop
      vertex -98.4206 -16 67.2606
      vertex -99.2941 -16 64.0006
      vertex -99.6072 -16 64.0955
    endloop
  endfacet
  facet normal 0 1 -0
    outer loop
      vertex -97.673 -16 63.8409
      vertex -97.8937 -16 67.2087
      vertex -97.3474 -16 63.873
    endloop
  endfacet
  facet normal 0 1 0
    outer loop
      vertex -98.317 -16 67.2364
      vertex -98.9754 -16 63.9263
      vertex -99.2941 -16 64.0006
    endloop
  endfacet
  facet normal 0 1 0
    outer loop
      vertex -97.8937 -16 67.2087
      vertex -97.673 -16 63.8409
      vertex -98 -16 67.2052
    endloop
  endfacet
  facet normal 0 1 0
    outer loop
      vertex -98.2121 -16 67.2191
      vertex -98.6526 -16 63.873
      vertex -98.9754 -16 63.9263
    endloop
  endfacet
  facet normal 0 1 0
    outer loop
      vertex -98 -16 63.8302
      vertex -98 -16 67.2052
      vertex -97.673 -16 63.8409
    endloop
  endfacet
  facet normal 0 1 0
    outer loop
      vertex -98.1063 -16 67.2087
      vertex -98.327 -16 63.8409
      vertex -98.6526 -16 63.873
    endloop
  endfacet
  facet normal 0 1 0
    outer loop
      vertex -98 -16 67.2052
      vertex -98 -16 63.8302
      vertex -98.327 -16 63.8409
    endloop
  endfacet
  facet normal 0.973884 -0 0.227046
    outer loop
      vertex -93.1704 -40 70.1243
      vertex -93.0961 -16 69.8056
      vertex -93.1704 -16 70.1243
    endloop
  endfacet
  facet normal 0.973884 0 0.227046
    outer loop
      vertex -93.0961 -16 69.8056
      vertex -93.1704 -40 70.1243
      vertex -93.0961 -40 69.8056
    endloop
  endfacet
  facet normal 0.935952 -0 0.352128
    outer loop
      vertex -93.3806 -40 70.7436
      vertex -93.2654 -16 70.4374
      vertex -93.3806 -16 70.7436
    endloop
  endfacet
  facet normal 0.935952 0 0.352128
    outer loop
      vertex -93.2654 -16 70.4374
      vertex -93.3806 -40 70.7436
      vertex -93.2654 -40 70.4374
    endloop
  endfacet
  facet normal 0.227046 0 0.973884
    outer loop
      vertex -97.0246 -16 73.7341
      vertex -96.7059 -40 73.6598
      vertex -96.7059 -16 73.6598
    endloop
  endfacet
  facet normal 0.227046 0 0.973884
    outer loop
      vertex -96.7059 -40 73.6598
      vertex -97.0246 -16 73.7341
      vertex -97.0246 -40 73.7341
    endloop
  endfacet
  facet normal 0.471492 0 0.88187
    outer loop
      vertex -95.7886 -16 73.3146
      vertex -95.5 -40 73.1603
      vertex -95.5 -16 73.1603
    endloop
  endfacet
  facet normal 0.471492 0 0.88187
    outer loop
      vertex -95.5 -40 73.1603
      vertex -95.7886 -16 73.3146
      vertex -95.7886 -40 73.3146
    endloop
  endfacet
  facet normal 0.634485 0 0.772935
    outer loop
      vertex -94.9562 -16 72.797
      vertex -94.7033 -40 72.5894
      vertex -94.7033 -16 72.5894
    endloop
  endfacet
  facet normal 0.634485 0 0.772935
    outer loop
      vertex -94.7033 -40 72.5894
      vertex -94.9562 -16 72.797
      vertex -94.9562 -40 72.797
    endloop
  endfacet
  facet normal -0.730872 0 0.682515
    outer loop
      vertex -101.759 -40 72.1269
      vertex -101.536 -16 72.3657
      vertex -101.759 -16 72.1269
    endloop
  endfacet
  facet normal -0.730872 0 0.682515
    outer loop
      vertex -101.536 -16 72.3657
      vertex -101.759 -40 72.1269
      vertex -101.536 -40 72.3657
    endloop
  endfacet
  facet normal -0.882251 0 0.470779
    outer loop
      vertex -102.484 -40 71.0416
      vertex -102.33 -16 71.3302
      vertex -102.484 -16 71.0416
    endloop
  endfacet
  facet normal -0.882251 0 0.470779
    outer loop
      vertex -102.33 -16 71.3302
      vertex -102.484 -40 71.0416
      vertex -102.33 -40 71.3302
    endloop
  endfacet
  facet normal -0.974086 0 0.226176
    outer loop
      vertex -102.904 -40 69.8056
      vertex -102.83 -16 70.1243
      vertex -102.904 -16 69.8056
    endloop
  endfacet
  facet normal -0.974086 0 0.226176
    outer loop
      vertex -102.83 -16 70.1243
      vertex -102.904 -40 69.8056
      vertex -102.83 -40 70.1243
    endloop
  endfacet
  facet normal -0.413111 0 0.910681
    outer loop
      vertex -100.211 -16 73.3146
      vertex -99.9134 -40 73.4496
      vertex -99.9134 -16 73.4496
    endloop
  endfacet
  facet normal -0.413111 0 0.910681
    outer loop
      vertex -99.9134 -40 73.4496
      vertex -100.211 -16 73.3146
      vertex -100.211 -40 73.3146
    endloop
  endfacet
  facet normal -0.0981116 0 0.995175
    outer loop
      vertex -98.6526 -16 73.7874
      vertex -98.327 -40 73.8195
      vertex -98.327 -16 73.8195
    endloop
  endfacet
  facet normal -0.0981116 0 0.995175
    outer loop
      vertex -98.327 -40 73.8195
      vertex -98.6526 -16 73.7874
      vertex -98.6526 -40 73.7874
    endloop
  endfacet
  facet normal 0.162912 0 -0.986641
    outer loop
      vertex -97.3474 -40 63.873
      vertex -97.0246 -16 63.9263
      vertex -97.0246 -40 63.9263
    endloop
  endfacet
  facet normal 0.162912 0 -0.986641
    outer loop
      vertex -97.0246 -16 63.9263
      vertex -97.3474 -40 63.873
      vertex -97.3474 -16 63.873
    endloop
  endfacet
  facet normal 0.0327042 0 -0.999465
    outer loop
      vertex -98 -40 63.8302
      vertex -97.673 -16 63.8409
      vertex -97.673 -40 63.8409
    endloop
  endfacet
  facet normal 0.0327042 0 -0.999465
    outer loop
      vertex -97.673 -16 63.8409
      vertex -98 -40 63.8302
      vertex -98 -16 63.8302
    endloop
  endfacet
  facet normal 0.0981116 0 -0.995175
    outer loop
      vertex -97.673 -40 63.8409
      vertex -97.3474 -16 63.873
      vertex -97.3474 -40 63.873
    endloop
  endfacet
  facet normal 0.0981116 0 -0.995175
    outer loop
      vertex -97.3474 -16 63.873
      vertex -97.673 -40 63.8409
      vertex -97.673 -16 63.8409
    endloop
  endfacet
  facet normal 0.227046 0 -0.973884
    outer loop
      vertex -97.0246 -40 63.9263
      vertex -96.7059 -16 64.0006
      vertex -96.7059 -40 64.0006
    endloop
  endfacet
  facet normal 0.227046 0 -0.973884
    outer loop
      vertex -96.7059 -16 64.0006
      vertex -97.0246 -40 63.9263
      vertex -97.0246 -16 63.9263
    endloop
  endfacet
  facet normal 0.352396 0 -0.935851
    outer loop
      vertex -96.3928 -40 64.0955
      vertex -96.0866 -16 64.2108
      vertex -96.0866 -40 64.2108
    endloop
  endfacet
  facet normal 0.352396 0 -0.935851
    outer loop
      vertex -96.0866 -16 64.2108
      vertex -96.3928 -40 64.0955
      vertex -96.3928 -16 64.0955
    endloop
  endfacet
  facet normal 0.290067 0 -0.957006
    outer loop
      vertex -96.7059 -40 64.0006
      vertex -96.3928 -16 64.0955
      vertex -96.3928 -40 64.0955
    endloop
  endfacet
  facet normal 0.290067 0 -0.957006
    outer loop
      vertex -96.3928 -16 64.0955
      vertex -96.7059 -40 64.0006
      vertex -96.7059 -16 64.0006
    endloop
  endfacet
  facet normal 0.634485 0 -0.772935
    outer loop
      vertex -94.9562 -40 64.8634
      vertex -94.7033 -16 65.071
      vertex -94.7033 -40 65.071
    endloop
  endfacet
  facet normal 0.634485 0 -0.772935
    outer loop
      vertex -94.7033 -16 65.071
      vertex -94.9562 -40 64.8634
      vertex -94.9562 -16 64.8634
    endloop
  endfacet
  facet normal 0.527964 0 -0.849267
    outer loop
      vertex -95.5 -40 64.5001
      vertex -95.2222 -16 64.6728
      vertex -95.2222 -40 64.6728
    endloop
  endfacet
  facet normal 0.527964 0 -0.849267
    outer loop
      vertex -95.2222 -16 64.6728
      vertex -95.5 -40 64.5001
      vertex -95.5 -16 64.5001
    endloop
  endfacet
  facet normal 0.471492 0 -0.88187
    outer loop
      vertex -95.7886 -40 64.3458
      vertex -95.5 -16 64.5001
      vertex -95.5 -40 64.5001
    endloop
  endfacet
  facet normal 0.471492 0 -0.88187
    outer loop
      vertex -95.5 -16 64.5001
      vertex -95.7886 -40 64.3458
      vertex -95.7886 -16 64.3458
    endloop
  endfacet
  facet normal 0.729804 0 -0.683656
    outer loop
      vertex -94.2408 -40 65.5335
      vertex -94.4645 -16 65.2947
      vertex -94.2408 -16 65.5335
    endloop
  endfacet
  facet normal 0.729804 0 -0.683656
    outer loop
      vertex -94.4645 -16 65.2947
      vertex -94.2408 -40 65.5335
      vertex -94.4645 -40 65.2947
    endloop
  endfacet
  facet normal 0.772935 0 -0.634485
    outer loop
      vertex -94.0332 -40 65.7864
      vertex -94.2408 -16 65.5335
      vertex -94.0332 -16 65.7864
    endloop
  endfacet
  facet normal 0.772935 0 -0.634485
    outer loop
      vertex -94.2408 -16 65.5335
      vertex -94.0332 -40 65.7864
      vertex -94.2408 -40 65.5335
    endloop
  endfacet
  facet normal 0.910941 0 -0.412536
    outer loop
      vertex -93.3806 -40 66.9168
      vertex -93.5156 -16 66.6187
      vertex -93.3806 -16 66.9168
    endloop
  endfacet
  facet normal 0.910941 0 -0.412536
    outer loop
      vertex -93.5156 -16 66.6187
      vertex -93.3806 -40 66.9168
      vertex -93.5156 -40 66.6187
    endloop
  endfacet
  facet normal 0.986649 0 -0.162863
    outer loop
      vertex -93.0428 -40 68.1776
      vertex -93.0961 -16 67.8547
      vertex -93.0428 -16 68.1776
    endloop
  endfacet
  facet normal 0.986649 0 -0.162863
    outer loop
      vertex -93.0961 -16 67.8547
      vertex -93.0428 -40 68.1776
      vertex -93.0961 -40 67.8547
    endloop
  endfacet
  facet normal 0.995175 0 -0.0981116
    outer loop
      vertex -93.0107 -40 68.5032
      vertex -93.0428 -16 68.1776
      vertex -93.0107 -16 68.5032
    endloop
  endfacet
  facet normal 0.995175 0 -0.0981116
    outer loop
      vertex -93.0428 -16 68.1776
      vertex -93.0107 -40 68.5032
      vertex -93.0428 -40 68.1776
    endloop
  endfacet
  facet normal -0.582452 0 -0.812865
    outer loop
      vertex -101.044 -40 64.8634
      vertex -100.778 -16 64.6728
      vertex -100.778 -40 64.6728
    endloop
  endfacet
  facet normal -0.582452 0 -0.812865
    outer loop
      vertex -100.778 -16 64.6728
      vertex -101.044 -40 64.8634
      vertex -101.044 -16 64.8634
    endloop
  endfacet
  facet normal -0.683352 0 -0.730089
    outer loop
      vertex -101.536 -40 65.2947
      vertex -101.297 -16 65.071
      vertex -101.297 -40 65.071
    endloop
  endfacet
  facet normal -0.683352 0 -0.730089
    outer loop
      vertex -101.297 -16 65.071
      vertex -101.536 -40 65.2947
      vertex -101.536 -16 65.2947
    endloop
  endfacet
  facet normal -0.634335 0 -0.773058
    outer loop
      vertex -101.297 -40 65.071
      vertex -101.044 -16 64.8634
      vertex -101.044 -40 64.8634
    endloop
  endfacet
  facet normal -0.634335 0 -0.773058
    outer loop
      vertex -101.044 -16 64.8634
      vertex -101.297 -40 65.071
      vertex -101.297 -16 65.071
    endloop
  endfacet
  facet normal -0.470984 0 -0.882142
    outer loop
      vertex -100.5 -40 64.5001
      vertex -100.211 -16 64.3458
      vertex -100.211 -40 64.3458
    endloop
  endfacet
  facet normal -0.470984 0 -0.882142
    outer loop
      vertex -100.211 -16 64.3458
      vertex -100.5 -40 64.5001
      vertex -100.5 -16 64.5001
    endloop
  endfacet
  facet normal -0.0981116 0 -0.995175
    outer loop
      vertex -98.6526 -40 63.873
      vertex -98.327 -16 63.8409
      vertex -98.327 -40 63.8409
    endloop
  endfacet
  facet normal -0.0981116 0 -0.995175
    outer loop
      vertex -98.327 -16 63.8409
      vertex -98.6526 -40 63.873
      vertex -98.6526 -16 63.873
    endloop
  endfacet
  facet normal -0.730872 0 -0.682515
    outer loop
      vertex -101.536 -40 65.2947
      vertex -101.759 -16 65.5335
      vertex -101.536 -16 65.2947
    endloop
  endfacet
  facet normal -0.730872 -0 -0.682515
    outer loop
      vertex -101.759 -16 65.5335
      vertex -101.536 -40 65.2947
      vertex -101.759 -40 65.5335
    endloop
  endfacet
  facet normal -0.910941 0 -0.412536
    outer loop
      vertex -102.484 -40 66.6187
      vertex -102.619 -16 66.9168
      vertex -102.484 -16 66.6187
    endloop
  endfacet
  facet normal -0.910941 -0 -0.412536
    outer loop
      vertex -102.619 -16 66.9168
      vertex -102.484 -40 66.6187
      vertex -102.619 -40 66.9168
    endloop
  endfacet
  facet normal -0.882184 0 -0.470906
    outer loop
      vertex -102.33 -40 66.3302
      vertex -102.484 -16 66.6187
      vertex -102.33 -16 66.3302
    endloop
  endfacet
  facet normal -0.882184 -0 -0.470906
    outer loop
      vertex -102.484 -16 66.6187
      vertex -102.33 -40 66.3302
      vertex -102.484 -40 66.6187
    endloop
  endfacet
  facet normal -0.974071 0 -0.226244
    outer loop
      vertex -102.83 -40 67.5361
      vertex -102.904 -16 67.8547
      vertex -102.83 -16 67.5361
    endloop
  endfacet
  facet normal -0.974071 -0 -0.226244
    outer loop
      vertex -102.904 -16 67.8547
      vertex -102.83 -40 67.5361
      vertex -102.904 -40 67.8547
    endloop
  endfacet
  facet normal -0.986796 0 -0.16197
    outer loop
      vertex -102.904 -40 67.8547
      vertex -102.957 -16 68.1776
      vertex -102.904 -16 67.8547
    endloop
  endfacet
  facet normal -0.986796 -0 -0.16197
    outer loop
      vertex -102.957 -16 68.1776
      vertex -102.904 -40 67.8547
      vertex -102.957 -40 68.1776
    endloop
  endfacet
  facet normal -0.999435 0 -0.0336201
    outer loop
      vertex -102.989 -40 68.5032
      vertex -103 -16 68.8302
      vertex -102.989 -16 68.5032
    endloop
  endfacet
  facet normal -0.999435 -0 -0.0336201
    outer loop
      vertex -103 -16 68.8302
      vertex -102.989 -40 68.5032
      vertex -103 -40 68.8302
    endloop
  endfacet
  facet normal 0.772935 -0 0.634485
    outer loop
      vertex -94.2408 -40 72.1269
      vertex -94.0332 -16 71.874
      vertex -94.2408 -16 72.1269
    endloop
  endfacet
  facet normal 0.772935 0 0.634485
    outer loop
      vertex -94.0332 -16 71.874
      vertex -94.2408 -40 72.1269
      vertex -94.0332 -40 71.874
    endloop
  endfacet
  facet normal 0.0981116 0 0.995175
    outer loop
      vertex -97.673 -16 73.8195
      vertex -97.3474 -40 73.7874
      vertex -97.3474 -16 73.7874
    endloop
  endfacet
  facet normal 0.0981116 0 0.995175
    outer loop
      vertex -97.3474 -40 73.7874
      vertex -97.673 -16 73.8195
      vertex -97.673 -40 73.8195
    endloop
  endfacet
  facet normal 0 -1 0
    outer loop
      vertex -98 -40 70.4552
      vertex -98 -40 73.8302
      vertex -98.327 -40 73.8195
    endloop
  endfacet
  facet normal 0 -1 0
    outer loop
      vertex -98.1063 -40 70.4517
      vertex -98.327 -40 73.8195
      vertex -98.6526 -40 73.7874
    endloop
  endfacet
  facet normal 0 -1 0
    outer loop
      vertex -98 -40 73.8302
      vertex -98 -40 70.4552
      vertex -97.673 -40 73.8195
    endloop
  endfacet
  facet normal 0 -1 0
    outer loop
      vertex -98.2121 -40 70.4413
      vertex -98.6526 -40 73.7874
      vertex -98.9754 -40 73.7341
    endloop
  endfacet
  facet normal 0 -1 0
    outer loop
      vertex -97.8937 -40 70.4517
      vertex -97.673 -40 73.8195
      vertex -98 -40 70.4552
    endloop
  endfacet
  facet normal 0 -1 0
    outer loop
      vertex -98.317 -40 70.424
      vertex -98.9754 -40 73.7341
      vertex -99.2941 -40 73.6598
    endloop
  endfacet
  facet normal 0 -1 -0
    outer loop
      vertex -97.673 -40 73.8195
      vertex -97.8937 -40 70.4517
      vertex -97.3474 -40 73.7874
    endloop
  endfacet
  facet normal 0 -1 0
    outer loop
      vertex -98.4206 -40 70.3998
      vertex -99.2941 -40 73.6598
      vertex -99.6072 -40 73.5648
    endloop
  endfacet
  facet normal 0 -1 0
    outer loop
      vertex -97.7879 -40 70.4413
      vertex -97.3474 -40 73.7874
      vertex -97.8937 -40 70.4517
    endloop
  endfacet
  facet normal 0 -1 0
    outer loop
      vertex -98.5223 -40 70.3689
      vertex -99.6072 -40 73.5648
      vertex -99.9134 -40 73.4496
    endloop
  endfacet
  facet normal 0 -1 -0
    outer loop
      vertex -97.3474 -40 73.7874
      vertex -97.7879 -40 70.4413
      vertex -97.0246 -40 73.7341
    endloop
  endfacet
  facet normal 0 -1 0
    outer loop
      vertex -98.6219 -40 70.3315
      vertex -99.9134 -40 73.4496
      vertex -100.211 -40 73.3146
    endloop
  endfacet
  facet normal 0 -1 0
    outer loop
      vertex -97.683 -40 70.424
      vertex -97.0246 -40 73.7341
      vertex -97.7879 -40 70.4413
    endloop
  endfacet
  facet normal 0 -1 0
    outer loop
      vertex -98.7187 -40 70.2876
      vertex -100.211 -40 73.3146
      vertex -100.5 -40 73.1603
    endloop
  endfacet
  facet normal 0 -1 -0
    outer loop
      vertex -97.0246 -40 73.7341
      vertex -97.683 -40 70.424
      vertex -96.7059 -40 73.6598
    endloop
  endfacet
  facet normal 0 -1 0
    outer loop
      vertex -98.8125 -40 70.2375
      vertex -100.5 -40 73.1603
      vertex -100.778 -40 72.9875
    endloop
  endfacet
  facet normal 0 -1 0
    outer loop
      vertex -97.5794 -40 70.3998
      vertex -96.7059 -40 73.6598
      vertex -97.683 -40 70.424
    endloop
  endfacet
  facet normal 0 -1 0
    outer loop
      vertex -98.9028 -40 70.1813
      vertex -100.778 -40 72.9875
      vertex -101.044 -40 72.797
    endloop
  endfacet
  facet normal 0 -1 -0
    outer loop
      vertex -96.7059 -40 73.6598
      vertex -97.5794 -40 70.3998
      vertex -96.3928 -40 73.5648
    endloop
  endfacet
  facet normal 0 -1 0
    outer loop
      vertex -98.9892 -40 70.1194
      vertex -101.044 -40 72.797
      vertex -101.297 -40 72.5894
    endloop
  endfacet
  facet normal 0 -1 0
    outer loop
      vertex -97.4777 -40 70.3689
      vertex -96.3928 -40 73.5648
      vertex -97.5794 -40 70.3998
    endloop
  endfacet
  facet normal 0 -1 0
    outer loop
      vertex -99.0714 -40 70.0519
      vertex -101.297 -40 72.5894
      vertex -101.536 -40 72.3657
    endloop
  endfacet
  facet normal 0 -1 -0
    outer loop
      vertex -96.3928 -40 73.5648
      vertex -97.4777 -40 70.3689
      vertex -96.0866 -40 73.4496
    endloop
  endfacet
  facet normal 0 -1 0
    outer loop
      vertex -99.149 -40 69.9792
      vertex -101.536 -40 72.3657
      vertex -101.759 -40 72.1269
    endloop
  endfacet
  facet normal 0 -1 0
    outer loop
      vertex -97.3781 -40 70.3315
      vertex -96.0866 -40 73.4496
      vertex -97.4777 -40 70.3689
    endloop
  endfacet
  facet normal 0 -1 0
    outer loop
      vertex -99.2217 -40 69.9016
      vertex -101.759 -40 72.1269
      vertex -101.967 -40 71.874
    endloop
  endfacet
  facet normal 0 -1 -0
    outer loop
      vertex -96.0866 -40 73.4496
      vertex -97.3781 -40 70.3315
      vertex -95.7886 -40 73.3146
    endloop
  endfacet
  facet normal 0 -1 0
    outer loop
      vertex -99.2892 -40 69.8194
      vertex -101.967 -40 71.874
      vertex -102.157 -40 71.608
    endloop
  endfacet
  facet normal 0 -1 0
    outer loop
      vertex -97.2813 -40 70.2876
      vertex -95.7886 -40 73.3146
      vertex -97.3781 -40 70.3315
    endloop
  endfacet
  facet normal 0 -1 0
    outer loop
      vertex -99.3511 -40 69.733
      vertex -102.157 -40 71.608
      vertex -102.33 -40 71.3302
    endloop
  endfacet
  facet normal 0 -1 -0
    outer loop
      vertex -95.7886 -40 73.3146
      vertex -97.2813 -40 70.2876
      vertex -95.5 -40 73.1603
    endloop
  endfacet
  facet normal 0 -1 0
    outer loop
      vertex -99.4073 -40 69.6427
      vertex -102.33 -40 71.3302
      vertex -102.484 -40 71.0416
    endloop
  endfacet
  facet normal 0 -1 0
    outer loop
      vertex -97.1875 -40 70.2375
      vertex -95.5 -40 73.1603
      vertex -97.2813 -40 70.2876
    endloop
  endfacet
  facet normal 0 -1 0
    outer loop
      vertex -99.4574 -40 69.5489
      vertex -102.484 -40 71.0416
      vertex -102.619 -40 70.7436
    endloop
  endfacet
  facet normal 0 -1 -0
    outer loop
      vertex -95.5 -40 73.1603
      vertex -97.1875 -40 70.2375
      vertex -95.2222 -40 72.9875
    endloop
  endfacet
  facet normal 0 -1 0
    outer loop
      vertex -97.0972 -40 70.1813
      vertex -95.2222 -40 72.9875
      vertex -97.1875 -40 70.2375
    endloop
  endfacet
  facet normal 0 -1 0
    outer loop
      vertex -98.327 -40 73.8195
      vertex -98.1063 -40 70.4517
      vertex -98 -40 70.4552
    endloop
  endfacet
  facet normal 0 -1 0
    outer loop
      vertex -98.6526 -40 73.7874
      vertex -98.2121 -40 70.4413
      vertex -98.1063 -40 70.4517
    endloop
  endfacet
  facet normal 0 -1 0
    outer loop
      vertex -99.5013 -40 69.452
      vertex -102.619 -40 70.7436
      vertex -102.735 -40 70.4374
    endloop
  endfacet
  facet normal 0 -1 0
    outer loop
      vertex -98.9754 -40 73.7341
      vertex -98.317 -40 70.424
      vertex -98.2121 -40 70.4413
    endloop
  endfacet
  facet normal 0 -1 0
    outer loop
      vertex -99.2941 -40 73.6598
      vertex -98.4206 -40 70.3998
      vertex -98.317 -40 70.424
    endloop
  endfacet
  facet normal 0 -1 0
    outer loop
      vertex -99.6072 -40 73.5648
      vertex -98.5223 -40 70.3689
      vertex -98.4206 -40 70.3998
    endloop
  endfacet
  facet normal 0 -1 0
    outer loop
      vertex -99.9134 -40 73.4496
      vertex -98.6219 -40 70.3315
      vertex -98.5223 -40 70.3689
    endloop
  endfacet
  facet normal 0 -1 0
    outer loop
      vertex -100.211 -40 73.3146
      vertex -98.7187 -40 70.2876
      vertex -98.6219 -40 70.3315
    endloop
  endfacet
  facet normal 0 -1 0
    outer loop
      vertex -100.5 -40 73.1603
      vertex -98.8125 -40 70.2375
      vertex -98.7187 -40 70.2876
    endloop
  endfacet
  facet normal 0 -1 0
    outer loop
      vertex -100.778 -40 72.9875
      vertex -98.9028 -40 70.1813
      vertex -98.8125 -40 70.2375
    endloop
  endfacet
  facet normal 0 -1 0
    outer loop
      vertex -99.5388 -40 69.3525
      vertex -102.735 -40 70.4374
      vertex -102.83 -40 70.1243
    endloop
  endfacet
  facet normal 0 -1 0
    outer loop
      vertex -101.044 -40 72.797
      vertex -98.9892 -40 70.1194
      vertex -98.9028 -40 70.1813
    endloop
  endfacet
  facet normal 0 -1 0
    outer loop
      vertex -101.297 -40 72.5894
      vertex -99.0714 -40 70.0519
      vertex -98.9892 -40 70.1194
    endloop
  endfacet
  facet normal 0 -1 0
    outer loop
      vertex -101.536 -40 72.3657
      vertex -99.149 -40 69.9792
      vertex -99.0714 -40 70.0519
    endloop
  endfacet
  facet normal 0 -1 0
    outer loop
      vertex -101.759 -40 72.1269
      vertex -99.2217 -40 69.9016
      vertex -99.149 -40 69.9792
    endloop
  endfacet
  facet normal 0 -1 0
    outer loop
      vertex -101.967 -40 71.874
      vertex -99.2892 -40 69.8194
      vertex -99.2217 -40 69.9016
    endloop
  endfacet
  facet normal 0 -1 0
    outer loop
      vertex -99.5696 -40 69.2508
      vertex -102.83 -40 70.1243
      vertex -102.904 -40 69.8056
    endloop
  endfacet
  facet normal 0 -1 0
    outer loop
      vertex -102.157 -40 71.608
      vertex -99.3511 -40 69.733
      vertex -99.2892 -40 69.8194
    endloop
  endfacet
  facet normal 0 -1 0
    outer loop
      vertex -102.33 -40 71.3302
      vertex -99.4073 -40 69.6427
      vertex -99.3511 -40 69.733
    endloop
  endfacet
  facet normal 0 -1 0
    outer loop
      vertex -102.484 -40 71.0416
      vertex -99.4574 -40 69.5489
      vertex -99.4073 -40 69.6427
    endloop
  endfacet
  facet normal 0 -1 0
    outer loop
      vertex -99.5938 -40 69.1472
      vertex -102.904 -40 69.8056
      vertex -102.957 -40 69.4828
    endloop
  endfacet
  facet normal 0 -1 0
    outer loop
      vertex -102.619 -40 70.7436
      vertex -99.5013 -40 69.452
      vertex -99.4574 -40 69.5489
    endloop
  endfacet
  facet normal 0 -1 0
    outer loop
      vertex -102.735 -40 70.4374
      vertex -99.5388 -40 69.3525
      vertex -99.5013 -40 69.452
    endloop
  endfacet
  facet normal 0 -1 0
    outer loop
      vertex -102.83 -40 70.1243
      vertex -99.5696 -40 69.2508
      vertex -99.5388 -40 69.3525
    endloop
  endfacet
  facet normal 0 -1 0
    outer loop
      vertex -99.6111 -40 69.0423
      vertex -102.957 -40 69.4828
      vertex -102.989 -40 69.1572
    endloop
  endfacet
  facet normal 0 -1 0
    outer loop
      vertex -102.904 -40 69.8056
      vertex -99.5938 -40 69.1472
      vertex -99.5696 -40 69.2508
    endloop
  endfacet
  facet normal 0 -1 0
    outer loop
      vertex -102.957 -40 69.4828
      vertex -99.6111 -40 69.0423
      vertex -99.5938 -40 69.1472
    endloop
  endfacet
  facet normal 0 -1 0
    outer loop
      vertex -102.989 -40 69.1572
      vertex -99.6215 -40 68.9365
      vertex -99.6111 -40 69.0423
    endloop
  endfacet
  facet normal 0 -1 0
    outer loop
      vertex -103 -40 68.8302
      vertex -99.6215 -40 68.9365
      vertex -102.989 -40 69.1572
    endloop
  endfacet
  facet normal 0 -1 0
    outer loop
      vertex -103 -40 68.8302
      vertex -99.625 -40 68.8302
      vertex -99.6215 -40 68.9365
    endloop
  endfacet
  facet normal 0 -1 0
    outer loop
      vertex -103 -40 68.8302
      vertex -99.6215 -40 68.7239
      vertex -99.625 -40 68.8302
    endloop
  endfacet
  facet normal 0 -1 0
    outer loop
      vertex -102.989 -40 68.5032
      vertex -99.6215 -40 68.7239
      vertex -103 -40 68.8302
    endloop
  endfacet
  facet normal 0 -1 -0
    outer loop
      vertex -99.6215 -40 68.7239
      vertex -102.989 -40 68.5032
      vertex -99.6111 -40 68.6181
    endloop
  endfacet
  facet normal 0 -1 0
    outer loop
      vertex -102.957 -40 68.1776
      vertex -99.6111 -40 68.6181
      vertex -102.989 -40 68.5032
    endloop
  endfacet
  facet normal 0 -1 -0
    outer loop
      vertex -99.6111 -40 68.6181
      vertex -102.957 -40 68.1776
      vertex -99.5938 -40 68.5132
    endloop
  endfacet
  facet normal 0 -1 0
    outer loop
      vertex -102.904 -40 67.8547
      vertex -99.5938 -40 68.5132
      vertex -102.957 -40 68.1776
    endloop
  endfacet
  facet normal 0 -1 -0
    outer loop
      vertex -99.5938 -40 68.5132
      vertex -102.904 -40 67.8547
      vertex -99.5696 -40 68.4096
    endloop
  endfacet
  facet normal 0 -1 0
    outer loop
      vertex -102.83 -40 67.5361
      vertex -99.5696 -40 68.4096
      vertex -102.904 -40 67.8547
    endloop
  endfacet
  facet normal 0 -1 -0
    outer loop
      vertex -99.5696 -40 68.4096
      vertex -102.83 -40 67.5361
      vertex -99.5388 -40 68.3078
    endloop
  endfacet
  facet normal 0 -1 0
    outer loop
      vertex -102.735 -40 67.223
      vertex -99.5388 -40 68.3078
      vertex -102.83 -40 67.5361
    endloop
  endfacet
  facet normal 0 -1 -0
    outer loop
      vertex -99.5388 -40 68.3078
      vertex -102.735 -40 67.223
      vertex -99.5013 -40 68.2083
    endloop
  endfacet
  facet normal 0 -1 0
    outer loop
      vertex -102.619 -40 66.9168
      vertex -99.5013 -40 68.2083
      vertex -102.735 -40 67.223
    endloop
  endfacet
  facet normal 0 -1 -0
    outer loop
      vertex -99.5013 -40 68.2083
      vertex -102.619 -40 66.9168
      vertex -99.4574 -40 68.1115
    endloop
  endfacet
  facet normal 0 -1 0
    outer loop
      vertex -102.484 -40 66.6187
      vertex -99.4574 -40 68.1115
      vertex -102.619 -40 66.9168
    endloop
  endfacet
  facet normal 0 -1 -0
    outer loop
      vertex -99.4574 -40 68.1115
      vertex -102.484 -40 66.6187
      vertex -99.4073 -40 68.0177
    endloop
  endfacet
  facet normal 0 -1 0
    outer loop
      vertex -102.33 -40 66.3302
      vertex -99.4073 -40 68.0177
      vertex -102.484 -40 66.6187
    endloop
  endfacet
  facet normal 0 -1 -0
    outer loop
      vertex -99.4073 -40 68.0177
      vertex -102.33 -40 66.3302
      vertex -99.3511 -40 67.9274
    endloop
  endfacet
  facet normal 0 -1 0
    outer loop
      vertex -102.157 -40 66.0523
      vertex -99.3511 -40 67.9274
      vertex -102.33 -40 66.3302
    endloop
  endfacet
  facet normal 0 -1 -0
    outer loop
      vertex -99.3511 -40 67.9274
      vertex -102.157 -40 66.0523
      vertex -99.2892 -40 67.841
    endloop
  endfacet
  facet normal 0 -1 0
    outer loop
      vertex -101.967 -40 65.7864
      vertex -99.2892 -40 67.841
      vertex -102.157 -40 66.0523
    endloop
  endfacet
  facet normal 0 -1 -0
    outer loop
      vertex -99.2892 -40 67.841
      vertex -101.967 -40 65.7864
      vertex -99.2217 -40 67.7588
    endloop
  endfacet
  facet normal 0 -1 0
    outer loop
      vertex -101.759 -40 65.5335
      vertex -99.2217 -40 67.7588
      vertex -101.967 -40 65.7864
    endloop
  endfacet
  facet normal 0 -1 -0
    outer loop
      vertex -99.2217 -40 67.7588
      vertex -101.759 -40 65.5335
      vertex -99.149 -40 67.6811
    endloop
  endfacet
  facet normal 0 -1 0
    outer loop
      vertex -101.536 -40 65.2947
      vertex -99.149 -40 67.6811
      vertex -101.759 -40 65.5335
    endloop
  endfacet
  facet normal 0 -1 -0
    outer loop
      vertex -99.149 -40 67.6811
      vertex -101.536 -40 65.2947
      vertex -99.0714 -40 67.6085
    endloop
  endfacet
  facet normal 0 -1 0
    outer loop
      vertex -101.297 -40 65.071
      vertex -99.0714 -40 67.6085
      vertex -101.536 -40 65.2947
    endloop
  endfacet
  facet normal 0 -1 -0
    outer loop
      vertex -99.0714 -40 67.6085
      vertex -101.297 -40 65.071
      vertex -98.9892 -40 67.541
    endloop
  endfacet
  facet normal 0 -1 0
    outer loop
      vertex -101.044 -40 64.8634
      vertex -98.9892 -40 67.541
      vertex -101.297 -40 65.071
    endloop
  endfacet
  facet normal 0 -1 -0
    outer loop
      vertex -98.9892 -40 67.541
      vertex -101.044 -40 64.8634
      vertex -98.9028 -40 67.479
    endloop
  endfacet
  facet normal 0 -1 0
    outer loop
      vertex -100.778 -40 64.6728
      vertex -98.9028 -40 67.479
      vertex -101.044 -40 64.8634
    endloop
  endfacet
  facet normal 0 -1 -0
    outer loop
      vertex -95.2222 -40 72.9875
      vertex -97.0972 -40 70.1813
      vertex -94.9562 -40 72.797
    endloop
  endfacet
  facet normal 0 -1 0
    outer loop
      vertex -97.0108 -40 70.1194
      vertex -94.9562 -40 72.797
      vertex -97.0972 -40 70.1813
    endloop
  endfacet
  facet normal 0 -1 -0
    outer loop
      vertex -94.9562 -40 72.797
      vertex -97.0108 -40 70.1194
      vertex -94.7033 -40 72.5894
    endloop
  endfacet
  facet normal 0 -1 0
    outer loop
      vertex -96.9286 -40 70.0519
      vertex -94.7033 -40 72.5894
      vertex -97.0108 -40 70.1194
    endloop
  endfacet
  facet normal 0 -1 -0
    outer loop
      vertex -94.7033 -40 72.5894
      vertex -96.9286 -40 70.0519
      vertex -94.4645 -40 72.3657
    endloop
  endfacet
  facet normal 0 -1 0
    outer loop
      vertex -96.851 -40 69.9792
      vertex -94.4645 -40 72.3657
      vertex -96.9286 -40 70.0519
    endloop
  endfacet
  facet normal 0 -1 -0
    outer loop
      vertex -94.4645 -40 72.3657
      vertex -96.851 -40 69.9792
      vertex -94.2408 -40 72.1269
    endloop
  endfacet
  facet normal 0 -1 0
    outer loop
      vertex -96.7783 -40 69.9016
      vertex -94.2408 -40 72.1269
      vertex -96.851 -40 69.9792
    endloop
  endfacet
  facet normal 0 -1 -0
    outer loop
      vertex -94.2408 -40 72.1269
      vertex -96.7783 -40 69.9016
      vertex -94.0332 -40 71.874
    endloop
  endfacet
  facet normal 0 -1 0
    outer loop
      vertex -96.7108 -40 69.8194
      vertex -94.0332 -40 71.874
      vertex -96.7783 -40 69.9016
    endloop
  endfacet
  facet normal 0 -1 -0
    outer loop
      vertex -94.0332 -40 71.874
      vertex -96.7108 -40 69.8194
      vertex -93.8427 -40 71.608
    endloop
  endfacet
  facet normal 0 -1 0
    outer loop
      vertex -96.6489 -40 69.733
      vertex -93.8427 -40 71.608
      vertex -96.7108 -40 69.8194
    endloop
  endfacet
  facet normal 0 -1 -0
    outer loop
      vertex -93.8427 -40 71.608
      vertex -96.6489 -40 69.733
      vertex -93.6699 -40 71.3302
    endloop
  endfacet
  facet normal 0 -1 0
    outer loop
      vertex -96.5927 -40 69.6427
      vertex -93.6699 -40 71.3302
      vertex -96.6489 -40 69.733
    endloop
  endfacet
  facet normal 0 -1 -0
    outer loop
      vertex -93.6699 -40 71.3302
      vertex -96.5927 -40 69.6427
      vertex -93.5156 -40 71.0416
    endloop
  endfacet
  facet normal 0 -1 0
    outer loop
      vertex -96.5426 -40 69.5489
      vertex -93.5156 -40 71.0416
      vertex -96.5927 -40 69.6427
    endloop
  endfacet
  facet normal 0 -1 -0
    outer loop
      vertex -93.5156 -40 71.0416
      vertex -96.5426 -40 69.5489
      vertex -93.3806 -40 70.7436
    endloop
  endfacet
  facet normal 0 -1 0
    outer loop
      vertex -96.4987 -40 69.452
      vertex -93.3806 -40 70.7436
      vertex -96.5426 -40 69.5489
    endloop
  endfacet
  facet normal 0 -1 -0
    outer loop
      vertex -93.3806 -40 70.7436
      vertex -96.4987 -40 69.452
      vertex -93.2654 -40 70.4374
    endloop
  endfacet
  facet normal 0 -1 0
    outer loop
      vertex -96.4612 -40 69.3525
      vertex -93.2654 -40 70.4374
      vertex -96.4987 -40 69.452
    endloop
  endfacet
  facet normal 0 -1 -0
    outer loop
      vertex -93.2654 -40 70.4374
      vertex -96.4612 -40 69.3525
      vertex -93.1704 -40 70.1243
    endloop
  endfacet
  facet normal 0 -1 0
    outer loop
      vertex -96.4304 -40 69.2508
      vertex -93.1704 -40 70.1243
      vertex -96.4612 -40 69.3525
    endloop
  endfacet
  facet normal 0 -1 -0
    outer loop
      vertex -93.1704 -40 70.1243
      vertex -96.4304 -40 69.2508
      vertex -93.0961 -40 69.8056
    endloop
  endfacet
  facet normal 0 -1 0
    outer loop
      vertex -96.4062 -40 69.1472
      vertex -93.0961 -40 69.8056
      vertex -96.4304 -40 69.2508
    endloop
  endfacet
  facet normal 0 -1 -0
    outer loop
      vertex -93.0961 -40 69.8056
      vertex -96.4062 -40 69.1472
      vertex -93.0428 -40 69.4828
    endloop
  endfacet
  facet normal 0 -1 0
    outer loop
      vertex -96.3889 -40 69.0423
      vertex -93.0428 -40 69.4828
      vertex -96.4062 -40 69.1472
    endloop
  endfacet
  facet normal 0 -1 -0
    outer loop
      vertex -93.0428 -40 69.4828
      vertex -96.3889 -40 69.0423
      vertex -93.0107 -40 69.1572
    endloop
  endfacet
  facet normal 0 -1 0
    outer loop
      vertex -96.3785 -40 68.9365
      vertex -93.0107 -40 69.1572
      vertex -96.3889 -40 69.0423
    endloop
  endfacet
  facet normal 0 -1 0
    outer loop
      vertex -96.375 -40 68.8302
      vertex -93.0107 -40 69.1572
      vertex -96.3785 -40 68.9365
    endloop
  endfacet
  facet normal 0 -1 0
    outer loop
      vertex -96.375 -40 68.8302
      vertex -93 -40 68.8302
      vertex -93.0107 -40 69.1572
    endloop
  endfacet
  facet normal 0 -1 0
    outer loop
      vertex -96.3785 -40 68.7239
      vertex -93 -40 68.8302
      vertex -96.375 -40 68.8302
    endloop
  endfacet
  facet normal 0 -1 0
    outer loop
      vertex -93.0107 -40 68.5032
      vertex -96.3785 -40 68.7239
      vertex -96.3889 -40 68.6181
    endloop
  endfacet
  facet normal 0 -1 0
    outer loop
      vertex -93.0428 -40 68.1776
      vertex -96.3889 -40 68.6181
      vertex -96.4062 -40 68.5132
    endloop
  endfacet
  facet normal 0 -1 0
    outer loop
      vertex -96.3785 -40 68.7239
      vertex -93.0107 -40 68.5032
      vertex -93 -40 68.8302
    endloop
  endfacet
  facet normal 0 -1 0
    outer loop
      vertex -93.0961 -40 67.8547
      vertex -96.4062 -40 68.5132
      vertex -96.4304 -40 68.4096
    endloop
  endfacet
  facet normal 0 -1 0
    outer loop
      vertex -93.1704 -40 67.5361
      vertex -96.4304 -40 68.4096
      vertex -96.4612 -40 68.3078
    endloop
  endfacet
  facet normal 0 -1 0
    outer loop
      vertex -93.2654 -40 67.223
      vertex -96.4612 -40 68.3078
      vertex -96.4987 -40 68.2083
    endloop
  endfacet
  facet normal 0 -1 0
    outer loop
      vertex -96.3889 -40 68.6181
      vertex -93.0428 -40 68.1776
      vertex -93.0107 -40 68.5032
    endloop
  endfacet
  facet normal 0 -1 0
    outer loop
      vertex -93.3806 -40 66.9168
      vertex -96.4987 -40 68.2083
      vertex -96.5426 -40 68.1115
    endloop
  endfacet
  facet normal 0 -1 0
    outer loop
      vertex -93.5156 -40 66.6187
      vertex -96.5426 -40 68.1115
      vertex -96.5927 -40 68.0177
    endloop
  endfacet
  facet normal 0 -1 0
    outer loop
      vertex -93.6699 -40 66.3302
      vertex -96.5927 -40 68.0177
      vertex -96.6489 -40 67.9274
    endloop
  endfacet
  facet normal 0 -1 0
    outer loop
      vertex -96.4062 -40 68.5132
      vertex -93.0961 -40 67.8547
      vertex -93.0428 -40 68.1776
    endloop
  endfacet
  facet normal 0 -1 0
    outer loop
      vertex -93.8427 -40 66.0523
      vertex -96.6489 -40 67.9274
      vertex -96.7108 -40 67.841
    endloop
  endfacet
  facet normal 0 -1 0
    outer loop
      vertex -94.0332 -40 65.7864
      vertex -96.7108 -40 67.841
      vertex -96.7783 -40 67.7588
    endloop
  endfacet
  facet normal 0 -1 0
    outer loop
      vertex -94.2408 -40 65.5335
      vertex -96.7783 -40 67.7588
      vertex -96.851 -40 67.6811
    endloop
  endfacet
  facet normal 0 -1 0
    outer loop
      vertex -94.4645 -40 65.2947
      vertex -96.851 -40 67.6811
      vertex -96.9286 -40 67.6085
    endloop
  endfacet
  facet normal 0 -1 0
    outer loop
      vertex -94.7033 -40 65.071
      vertex -96.9286 -40 67.6085
      vertex -97.0108 -40 67.541
    endloop
  endfacet
  facet normal 0 -1 0
    outer loop
      vertex -96.4304 -40 68.4096
      vertex -93.1704 -40 67.5361
      vertex -93.0961 -40 67.8547
    endloop
  endfacet
  facet normal 0 -1 0
    outer loop
      vertex -94.9562 -40 64.8634
      vertex -97.0108 -40 67.541
      vertex -97.0972 -40 67.479
    endloop
  endfacet
  facet normal 0 -1 0
    outer loop
      vertex -95.2222 -40 64.6728
      vertex -97.0972 -40 67.479
      vertex -97.1875 -40 67.4229
    endloop
  endfacet
  facet normal 0 -1 0
    outer loop
      vertex -95.5 -40 64.5001
      vertex -97.1875 -40 67.4229
      vertex -97.2813 -40 67.3728
    endloop
  endfacet
  facet normal 0 -1 0
    outer loop
      vertex -95.7886 -40 64.3458
      vertex -97.2813 -40 67.3728
      vertex -97.3781 -40 67.3289
    endloop
  endfacet
  facet normal 0 -1 0
    outer loop
      vertex -96.0866 -40 64.2108
      vertex -97.3781 -40 67.3289
      vertex -97.4777 -40 67.2914
    endloop
  endfacet
  facet normal 0 -1 0
    outer loop
      vertex -96.3928 -40 64.0955
      vertex -97.4777 -40 67.2914
      vertex -97.5794 -40 67.2606
    endloop
  endfacet
  facet normal 0 -1 0
    outer loop
      vertex -96.7059 -40 64.0006
      vertex -97.5794 -40 67.2606
      vertex -97.683 -40 67.2364
    endloop
  endfacet
  facet normal 0 -1 0
    outer loop
      vertex -96.4612 -40 68.3078
      vertex -93.2654 -40 67.223
      vertex -93.1704 -40 67.5361
    endloop
  endfacet
  facet normal 0 -1 0
    outer loop
      vertex -97.0246 -40 63.9263
      vertex -97.683 -40 67.2364
      vertex -97.7879 -40 67.2191
    endloop
  endfacet
  facet normal 0 -1 0
    outer loop
      vertex -97.3474 -40 63.873
      vertex -97.7879 -40 67.2191
      vertex -97.8937 -40 67.2087
    endloop
  endfacet
  facet normal 0 -1 0
    outer loop
      vertex -97.673 -40 63.8409
      vertex -97.8937 -40 67.2087
      vertex -98 -40 67.2052
    endloop
  endfacet
  facet normal 0 -1 -0
    outer loop
      vertex -98.9028 -40 67.479
      vertex -100.778 -40 64.6728
      vertex -98.8125 -40 67.4229
    endloop
  endfacet
  facet normal 0 -1 0
    outer loop
      vertex -96.4987 -40 68.2083
      vertex -93.3806 -40 66.9168
      vertex -93.2654 -40 67.223
    endloop
  endfacet
  facet normal 0 -1 0
    outer loop
      vertex -100.5 -40 64.5001
      vertex -98.8125 -40 67.4229
      vertex -100.778 -40 64.6728
    endloop
  endfacet
  facet normal 0 -1 0
    outer loop
      vertex -96.5426 -40 68.1115
      vertex -93.5156 -40 66.6187
      vertex -93.3806 -40 66.9168
    endloop
  endfacet
  facet normal 0 -1 -0
    outer loop
      vertex -98.8125 -40 67.4229
      vertex -100.5 -40 64.5001
      vertex -98.7187 -40 67.3728
    endloop
  endfacet
  facet normal 0 -1 0
    outer loop
      vertex -96.5927 -40 68.0177
      vertex -93.6699 -40 66.3302
      vertex -93.5156 -40 66.6187
    endloop
  endfacet
  facet normal 0 -1 0
    outer loop
      vertex -100.211 -40 64.3458
      vertex -98.7187 -40 67.3728
      vertex -100.5 -40 64.5001
    endloop
  endfacet
  facet normal 0 -1 0
    outer loop
      vertex -96.6489 -40 67.9274
      vertex -93.8427 -40 66.0523
      vertex -93.6699 -40 66.3302
    endloop
  endfacet
  facet normal 0 -1 -0
    outer loop
      vertex -98.7187 -40 67.3728
      vertex -100.211 -40 64.3458
      vertex -98.6219 -40 67.3289
    endloop
  endfacet
  facet normal 0 -1 0
    outer loop
      vertex -96.7108 -40 67.841
      vertex -94.0332 -40 65.7864
      vertex -93.8427 -40 66.0523
    endloop
  endfacet
  facet normal 0 -1 0
    outer loop
      vertex -99.9134 -40 64.2108
      vertex -98.6219 -40 67.3289
      vertex -100.211 -40 64.3458
    endloop
  endfacet
  facet normal 0 -1 0
    outer loop
      vertex -96.7783 -40 67.7588
      vertex -94.2408 -40 65.5335
      vertex -94.0332 -40 65.7864
    endloop
  endfacet
  facet normal 0 -1 -0
    outer loop
      vertex -98.6219 -40 67.3289
      vertex -99.9134 -40 64.2108
      vertex -98.5223 -40 67.2914
    endloop
  endfacet
  facet normal 0 -1 0
    outer loop
      vertex -96.851 -40 67.6811
      vertex -94.4645 -40 65.2947
      vertex -94.2408 -40 65.5335
    endloop
  endfacet
  facet normal 0 -1 0
    outer loop
      vertex -99.6072 -40 64.0955
      vertex -98.5223 -40 67.2914
      vertex -99.9134 -40 64.2108
    endloop
  endfacet
  facet normal 0 -1 0
    outer loop
      vertex -96.9286 -40 67.6085
      vertex -94.7033 -40 65.071
      vertex -94.4645 -40 65.2947
    endloop
  endfacet
  facet normal 0 -1 -0
    outer loop
      vertex -98.5223 -40 67.2914
      vertex -99.6072 -40 64.0955
      vertex -98.4206 -40 67.2606
    endloop
  endfacet
  facet normal 0 -1 0
    outer loop
      vertex -97.0108 -40 67.541
      vertex -94.9562 -40 64.8634
      vertex -94.7033 -40 65.071
    endloop
  endfacet
  facet normal 0 -1 0
    outer loop
      vertex -99.2941 -40 64.0006
      vertex -98.4206 -40 67.2606
      vertex -99.6072 -40 64.0955
    endloop
  endfacet
  facet normal 0 -1 0
    outer loop
      vertex -97.0972 -40 67.479
      vertex -95.2222 -40 64.6728
      vertex -94.9562 -40 64.8634
    endloop
  endfacet
  facet normal 0 -1 -0
    outer loop
      vertex -98.4206 -40 67.2606
      vertex -99.2941 -40 64.0006
      vertex -98.317 -40 67.2364
    endloop
  endfacet
  facet normal 0 -1 0
    outer loop
      vertex -97.1875 -40 67.4229
      vertex -95.5 -40 64.5001
      vertex -95.2222 -40 64.6728
    endloop
  endfacet
  facet normal 0 -1 0
    outer loop
      vertex -98.9754 -40 63.9263
      vertex -98.317 -40 67.2364
      vertex -99.2941 -40 64.0006
    endloop
  endfacet
  facet normal 0 -1 0
    outer loop
      vertex -97.2813 -40 67.3728
      vertex -95.7886 -40 64.3458
      vertex -95.5 -40 64.5001
    endloop
  endfacet
  facet normal 0 -1 -0
    outer loop
      vertex -98.317 -40 67.2364
      vertex -98.9754 -40 63.9263
      vertex -98.2121 -40 67.2191
    endloop
  endfacet
  facet normal 0 -1 0
    outer loop
      vertex -97.3781 -40 67.3289
      vertex -96.0866 -40 64.2108
      vertex -95.7886 -40 64.3458
    endloop
  endfacet
  facet normal 0 -1 0
    outer loop
      vertex -98.6526 -40 63.873
      vertex -98.2121 -40 67.2191
      vertex -98.9754 -40 63.9263
    endloop
  endfacet
  facet normal 0 -1 0
    outer loop
      vertex -97.4777 -40 67.2914
      vertex -96.3928 -40 64.0955
      vertex -96.0866 -40 64.2108
    endloop
  endfacet
  facet normal 0 -1 -0
    outer loop
      vertex -98.2121 -40 67.2191
      vertex -98.6526 -40 63.873
      vertex -98.1063 -40 67.2087
    endloop
  endfacet
  facet normal 0 -1 0
    outer loop
      vertex -97.5794 -40 67.2606
      vertex -96.7059 -40 64.0006
      vertex -96.3928 -40 64.0955
    endloop
  endfacet
  facet normal 0 -1 0
    outer loop
      vertex -98.327 -40 63.8409
      vertex -98.1063 -40 67.2087
      vertex -98.6526 -40 63.873
    endloop
  endfacet
  facet normal 0 -1 0
    outer loop
      vertex -97.683 -40 67.2364
      vertex -97.0246 -40 63.9263
      vertex -96.7059 -40 64.0006
    endloop
  endfacet
  facet normal 0 -1 -0
    outer loop
      vertex -98.1063 -40 67.2087
      vertex -98.327 -40 63.8409
      vertex -98 -40 67.2052
    endloop
  endfacet
  facet normal 0 -1 0
    outer loop
      vertex -97.7879 -40 67.2191
      vertex -97.3474 -40 63.873
      vertex -97.0246 -40 63.9263
    endloop
  endfacet
  facet normal 0 -1 0
    outer loop
      vertex -98 -40 63.8302
      vertex -98 -40 67.2052
      vertex -98.327 -40 63.8409
    endloop
  endfacet
  facet normal 0 -1 0
    outer loop
      vertex -97.8937 -40 67.2087
      vertex -97.673 -40 63.8409
      vertex -97.3474 -40 63.873
    endloop
  endfacet
  facet normal 0 -1 0
    outer loop
      vertex -98 -40 67.2052
      vertex -98 -40 63.8302
      vertex -97.673 -40 63.8409
    endloop
  endfacet
  facet normal -0.995205 0 0.0978089
    outer loop
      vertex -102.989 -40 69.1572
      vertex -102.957 -16 69.4828
      vertex -102.989 -16 69.1572
    endloop
  endfacet
  facet normal -0.995205 0 0.0978089
    outer loop
      vertex -102.957 -16 69.4828
      vertex -102.989 -40 69.1572
      vertex -102.957 -40 69.4828
    endloop
  endfacet
  facet normal -0.634335 0 0.773058
    outer loop
      vertex -101.297 -16 72.5894
      vertex -101.044 -40 72.797
      vertex -101.044 -16 72.797
    endloop
  endfacet
  facet normal -0.634335 0 0.773058
    outer loop
      vertex -101.044 -40 72.797
      vertex -101.297 -16 72.5894
      vertex -101.297 -40 72.5894
    endloop
  endfacet
  facet normal -0.227046 0 0.973884
    outer loop
      vertex -99.2941 -16 73.6598
      vertex -98.9754 -40 73.7341
      vertex -98.9754 -16 73.7341
    endloop
  endfacet
  facet normal -0.227046 0 0.973884
    outer loop
      vertex -98.9754 -40 73.7341
      vertex -99.2941 -16 73.6598
      vertex -99.2941 -40 73.6598
    endloop
  endfacet
  facet normal 0.849215 0 -0.528047
    outer loop
      vertex -93.6699 -40 66.3302
      vertex -93.8427 -16 66.0523
      vertex -93.6699 -16 66.3302
    endloop
  endfacet
  facet normal 0.849215 0 -0.528047
    outer loop
      vertex -93.8427 -16 66.0523
      vertex -93.6699 -40 66.3302
      vertex -93.8427 -40 66.0523
    endloop
  endfacet
  facet normal 0.973868 0 -0.227114
    outer loop
      vertex -93.0961 -40 67.8547
      vertex -93.1704 -16 67.5361
      vertex -93.0961 -16 67.8547
    endloop
  endfacet
  facet normal 0.973868 0 -0.227114
    outer loop
      vertex -93.1704 -16 67.5361
      vertex -93.0961 -40 67.8547
      vertex -93.1704 -40 67.5361
    endloop
  endfacet
  facet normal -0.227046 0 -0.973884
    outer loop
      vertex -99.2941 -40 64.0006
      vertex -98.9754 -16 63.9263
      vertex -98.9754 -40 63.9263
    endloop
  endfacet
  facet normal -0.227046 0 -0.973884
    outer loop
      vertex -98.9754 -16 63.9263
      vertex -99.2941 -40 64.0006
      vertex -99.2941 -16 64.0006
    endloop
  endfacet
  facet normal -0.956922 0 -0.290347
    outer loop
      vertex -102.735 -40 67.223
      vertex -102.83 -16 67.5361
      vertex -102.735 -16 67.223
    endloop
  endfacet
  facet normal -0.956922 -0 -0.290347
    outer loop
      vertex -102.83 -16 67.5361
      vertex -102.735 -40 67.223
      vertex -102.83 -40 67.5361
    endloop
  endfacet
  facet normal -0.995205 0 -0.0978089
    outer loop
      vertex -102.957 -40 68.1776
      vertex -102.989 -16 68.5032
      vertex -102.957 -16 68.1776
    endloop
  endfacet
  facet normal -0.995205 -0 -0.0978089
    outer loop
      vertex -102.989 -16 68.5032
      vertex -102.957 -40 68.1776
      vertex -102.989 -40 68.5032
    endloop
  endfacet
  facet normal -0.999458 0 -0.0329078
    outer loop
      vertex -96.375 -40 68.8302
      vertex -96.3785 -16 68.9365
      vertex -96.375 -16 68.8302
    endloop
  endfacet
  facet normal -0.999458 -0 -0.0329078
    outer loop
      vertex -96.3785 -16 68.9365
      vertex -96.375 -40 68.8302
      vertex -96.3785 -40 68.9365
    endloop
  endfacet
  facet normal 0.999458 0 -0.0329078
    outer loop
      vertex -99.6215 -40 68.9365
      vertex -99.625 -16 68.8302
      vertex -99.6215 -16 68.9365
    endloop
  endfacet
  facet normal 0.999458 0 -0.0329078
    outer loop
      vertex -99.625 -16 68.8302
      vertex -99.6215 -40 68.9365
      vertex -99.625 -40 68.8302
    endloop
  endfacet
  facet normal -0.0329078 0 -0.999458
    outer loop
      vertex -98 -40 70.4552
      vertex -97.8937 -16 70.4517
      vertex -97.8937 -40 70.4517
    endloop
  endfacet
  facet normal -0.0329078 0 -0.999458
    outer loop
      vertex -97.8937 -16 70.4517
      vertex -98 -40 70.4552
      vertex -98 -16 70.4552
    endloop
  endfacet
  facet normal 0.0329078 0 0.999458
    outer loop
      vertex -98.1063 -16 67.2087
      vertex -98 -40 67.2052
      vertex -98 -16 67.2052
    endloop
  endfacet
  facet normal 0.0329078 0 0.999458
    outer loop
      vertex -98 -40 67.2052
      vertex -98.1063 -16 67.2087
      vertex -98.1063 -40 67.2087
    endloop
  endfacet
  facet normal -0.683691 0 -0.729772
    outer loop
      vertex -96.9286 -40 70.0519
      vertex -96.851 -16 69.9792
      vertex -96.851 -40 69.9792
    endloop
  endfacet
  facet normal -0.683691 0 -0.729772
    outer loop
      vertex -96.851 -16 69.9792
      vertex -96.9286 -40 70.0519
      vertex -96.9286 -16 70.0519
    endloop
  endfacet
  facet normal 0.683691 0 -0.729772
    outer loop
      vertex -99.149 -40 69.9792
      vertex -99.0714 -16 70.0519
      vertex -99.0714 -40 70.0519
    endloop
  endfacet
  facet normal 0.683691 0 -0.729772
    outer loop
      vertex -99.0714 -16 70.0519
      vertex -99.149 -40 69.9792
      vertex -99.149 -16 69.9792
    endloop
  endfacet
  facet normal 0.351535 0 -0.936175
    outer loop
      vertex -98.6219 -40 70.3315
      vertex -98.5223 -16 70.3689
      vertex -98.5223 -40 70.3689
    endloop
  endfacet
  facet normal 0.351535 0 -0.936175
    outer loop
      vertex -98.5223 -16 70.3689
      vertex -98.6219 -40 70.3315
      vertex -98.6219 -16 70.3315
    endloop
  endfacet
  facet normal -0.910881 0 -0.412669
    outer loop
      vertex -96.4987 -40 69.452
      vertex -96.5426 -16 69.5489
      vertex -96.4987 -16 69.452
    endloop
  endfacet
  facet normal -0.910881 -0 -0.412669
    outer loop
      vertex -96.5426 -16 69.5489
      vertex -96.4987 -40 69.452
      vertex -96.5426 -40 69.5489
    endloop
  endfacet
  facet normal -0.351535 0 -0.936175
    outer loop
      vertex -97.4777 -40 70.3689
      vertex -97.3781 -16 70.3315
      vertex -97.3781 -40 70.3315
    endloop
  endfacet
  facet normal -0.351535 0 -0.936175
    outer loop
      vertex -97.3781 -16 70.3315
      vertex -97.4777 -40 70.3689
      vertex -97.4777 -16 70.3689
    endloop
  endfacet
  facet normal -0.528392 0 -0.849
    outer loop
      vertex -97.1875 -40 70.2375
      vertex -97.0972 -16 70.1813
      vertex -97.0972 -40 70.1813
    endloop
  endfacet
  facet normal -0.528392 0 -0.849
    outer loop
      vertex -97.0972 -16 70.1813
      vertex -97.1875 -40 70.2375
      vertex -97.1875 -16 70.2375
    endloop
  endfacet
  facet normal 0.910881 0 -0.412669
    outer loop
      vertex -99.4574 -40 69.5489
      vertex -99.5013 -16 69.452
      vertex -99.4574 -16 69.5489
    endloop
  endfacet
  facet normal 0.910881 0 -0.412669
    outer loop
      vertex -99.5013 -16 69.452
      vertex -99.4574 -40 69.5489
      vertex -99.5013 -40 69.452
    endloop
  endfacet
  facet normal 0.162721 0 -0.986672
    outer loop
      vertex -98.317 -40 70.424
      vertex -98.2121 -16 70.4413
      vertex -98.2121 -40 70.4413
    endloop
  endfacet
  facet normal 0.162721 0 -0.986672
    outer loop
      vertex -98.2121 -16 70.4413
      vertex -98.317 -40 70.424
      vertex -98.317 -16 70.424
    endloop
  endfacet
  facet normal 0.730211 -0 0.683222
    outer loop
      vertex -99.2217 -40 67.7588
      vertex -99.149 -16 67.6811
      vertex -99.2217 -16 67.7588
    endloop
  endfacet
  facet normal 0.730211 0 0.683222
    outer loop
      vertex -99.149 -16 67.6811
      vertex -99.2217 -40 67.7588
      vertex -99.149 -40 67.6811
    endloop
  endfacet
  facet normal -0.973786 0 -0.227467
    outer loop
      vertex -96.4062 -40 69.1472
      vertex -96.4304 -16 69.2508
      vertex -96.4062 -16 69.1472
    endloop
  endfacet
  facet normal -0.973786 -0 -0.227467
    outer loop
      vertex -96.4304 -16 69.2508
      vertex -96.4062 -40 69.1472
      vertex -96.4304 -40 69.2508
    endloop
  endfacet
  facet normal -0.957072 0 -0.289851
    outer loop
      vertex -96.4304 -40 69.2508
      vertex -96.4612 -16 69.3525
      vertex -96.4304 -16 69.2508
    endloop
  endfacet
  facet normal -0.957072 -0 -0.289851
    outer loop
      vertex -96.4612 -16 69.3525
      vertex -96.4304 -40 69.2508
      vertex -96.4612 -40 69.3525
    endloop
  endfacet
  facet normal -0.812906 0 -0.582395
    outer loop
      vertex -96.6489 -40 69.733
      vertex -96.7108 -16 69.8194
      vertex -96.6489 -16 69.733
    endloop
  endfacet
  facet normal -0.812906 -0 -0.582395
    outer loop
      vertex -96.7108 -16 69.8194
      vertex -96.6489 -40 69.733
      vertex -96.7108 -40 69.8194
    endloop
  endfacet
  facet normal -0.772825 0 -0.634619
    outer loop
      vertex -96.7108 -40 69.8194
      vertex -96.7783 -16 69.9016
      vertex -96.7108 -16 69.8194
    endloop
  endfacet
  facet normal -0.772825 -0 -0.634619
    outer loop
      vertex -96.7783 -16 69.9016
      vertex -96.7108 -40 69.8194
      vertex -96.7783 -40 69.9016
    endloop
  endfacet
  facet normal -0.849 0 -0.528392
    outer loop
      vertex -96.5927 -40 69.6427
      vertex -96.6489 -16 69.733
      vertex -96.5927 -16 69.6427
    endloop
  endfacet
  facet normal -0.849 -0 -0.528392
    outer loop
      vertex -96.6489 -16 69.733
      vertex -96.5927 -40 69.6427
      vertex -96.6489 -40 69.733
    endloop
  endfacet
  facet normal -0.227467 0 -0.973786
    outer loop
      vertex -97.683 -40 70.424
      vertex -97.5794 -16 70.3998
      vertex -97.5794 -40 70.3998
    endloop
  endfacet
  facet normal -0.227467 0 -0.973786
    outer loop
      vertex -97.5794 -16 70.3998
      vertex -97.683 -40 70.424
      vertex -97.683 -16 70.424
    endloop
  endfacet
  facet normal -0.290712 0 -0.956811
    outer loop
      vertex -97.5794 -40 70.3998
      vertex -97.4777 -16 70.3689
      vertex -97.4777 -40 70.3689
    endloop
  endfacet
  facet normal -0.290712 0 -0.956811
    outer loop
      vertex -97.4777 -16 70.3689
      vertex -97.5794 -40 70.3998
      vertex -97.5794 -16 70.3998
    endloop
  endfacet
  facet normal -0.162721 0 -0.986672
    outer loop
      vertex -97.7879 -40 70.4413
      vertex -97.683 -16 70.424
      vertex -97.683 -40 70.424
    endloop
  endfacet
  facet normal -0.162721 0 -0.986672
    outer loop
      vertex -97.683 -16 70.424
      vertex -97.7879 -40 70.4413
      vertex -97.7879 -16 70.4413
    endloop
  endfacet
  facet normal -0.413023 0 -0.910721
    outer loop
      vertex -97.3781 -40 70.3315
      vertex -97.2813 -16 70.2876
      vertex -97.2813 -40 70.2876
    endloop
  endfacet
  facet normal -0.413023 0 -0.910721
    outer loop
      vertex -97.2813 -16 70.2876
      vertex -97.3781 -40 70.3315
      vertex -97.3781 -16 70.3315
    endloop
  endfacet
  facet normal -0.582395 0 -0.812906
    outer loop
      vertex -97.0972 -40 70.1813
      vertex -97.0108 -16 70.1194
      vertex -97.0108 -40 70.1194
    endloop
  endfacet
  facet normal -0.582395 0 -0.812906
    outer loop
      vertex -97.0108 -16 70.1194
      vertex -97.0972 -40 70.1813
      vertex -97.0972 -16 70.1813
    endloop
  endfacet
  facet normal 0.957072 0 -0.289851
    outer loop
      vertex -99.5388 -40 69.3525
      vertex -99.5696 -16 69.2508
      vertex -99.5388 -16 69.3525
    endloop
  endfacet
  facet normal 0.957072 0 -0.289851
    outer loop
      vertex -99.5696 -16 69.2508
      vertex -99.5388 -40 69.3525
      vertex -99.5696 -40 69.2508
    endloop
  endfacet
  facet normal 0.772825 0 -0.634619
    outer loop
      vertex -99.2217 -40 69.9016
      vertex -99.2892 -16 69.8194
      vertex -99.2217 -16 69.9016
    endloop
  endfacet
  facet normal 0.772825 0 -0.634619
    outer loop
      vertex -99.2892 -16 69.8194
      vertex -99.2217 -40 69.9016
      vertex -99.2892 -40 69.8194
    endloop
  endfacet
  facet normal 0.729772 0 -0.683691
    outer loop
      vertex -99.149 -40 69.9792
      vertex -99.2217 -16 69.9016
      vertex -99.149 -16 69.9792
    endloop
  endfacet
  facet normal 0.729772 0 -0.683691
    outer loop
      vertex -99.2217 -16 69.9016
      vertex -99.149 -40 69.9792
      vertex -99.2217 -40 69.9016
    endloop
  endfacet
  facet normal 0.849 0 -0.528392
    outer loop
      vertex -99.3511 -40 69.733
      vertex -99.4073 -16 69.6427
      vertex -99.3511 -16 69.733
    endloop
  endfacet
  facet normal 0.849 0 -0.528392
    outer loop
      vertex -99.4073 -16 69.6427
      vertex -99.3511 -40 69.733
      vertex -99.4073 -40 69.6427
    endloop
  endfacet
  facet normal 0.935748 0 -0.352669
    outer loop
      vertex -99.5013 -40 69.452
      vertex -99.5388 -16 69.3525
      vertex -99.5013 -16 69.452
    endloop
  endfacet
  facet normal 0.935748 0 -0.352669
    outer loop
      vertex -99.5388 -16 69.3525
      vertex -99.5013 -40 69.452
      vertex -99.5388 -40 69.3525
    endloop
  endfacet
  facet normal 0.986672 0 -0.162721
    outer loop
      vertex -99.5938 -40 69.1472
      vertex -99.6111 -16 69.0423
      vertex -99.5938 -16 69.1472
    endloop
  endfacet
  facet normal 0.986672 0 -0.162721
    outer loop
      vertex -99.6111 -16 69.0423
      vertex -99.5938 -40 69.1472
      vertex -99.6111 -40 69.0423
    endloop
  endfacet
  facet normal 0.528392 0 -0.849
    outer loop
      vertex -98.9028 -40 70.1813
      vertex -98.8125 -16 70.2375
      vertex -98.8125 -40 70.2375
    endloop
  endfacet
  facet normal 0.528392 0 -0.849
    outer loop
      vertex -98.8125 -16 70.2375
      vertex -98.9028 -40 70.1813
      vertex -98.9028 -16 70.1813
    endloop
  endfacet
  facet normal 0.471125 0 -0.882066
    outer loop
      vertex -98.8125 -40 70.2375
      vertex -98.7187 -16 70.2876
      vertex -98.7187 -40 70.2876
    endloop
  endfacet
  facet normal 0.471125 0 -0.882066
    outer loop
      vertex -98.7187 -16 70.2876
      vertex -98.8125 -40 70.2375
      vertex -98.8125 -16 70.2375
    endloop
  endfacet
  facet normal 0.634619 0 -0.772825
    outer loop
      vertex -99.0714 -40 70.0519
      vertex -98.9892 -16 70.1194
      vertex -98.9892 -40 70.1194
    endloop
  endfacet
  facet normal 0.634619 0 -0.772825
    outer loop
      vertex -98.9892 -16 70.1194
      vertex -99.0714 -40 70.0519
      vertex -99.0714 -16 70.0519
    endloop
  endfacet
  facet normal 0.290712 0 -0.956811
    outer loop
      vertex -98.5223 -40 70.3689
      vertex -98.4206 -16 70.3998
      vertex -98.4206 -40 70.3998
    endloop
  endfacet
  facet normal 0.290712 0 -0.956811
    outer loop
      vertex -98.4206 -16 70.3998
      vertex -98.5223 -40 70.3689
      vertex -98.5223 -16 70.3689
    endloop
  endfacet
  facet normal 0.0978272 0 -0.995203
    outer loop
      vertex -98.2121 -40 70.4413
      vertex -98.1063 -16 70.4517
      vertex -98.1063 -40 70.4517
    endloop
  endfacet
  facet normal 0.0978272 0 -0.995203
    outer loop
      vertex -98.1063 -16 70.4517
      vertex -98.2121 -40 70.4413
      vertex -98.2121 -16 70.4413
    endloop
  endfacet
  facet normal -0.730211 0 0.683222
    outer loop
      vertex -96.851 -40 67.6811
      vertex -96.7783 -16 67.7588
      vertex -96.851 -16 67.6811
    endloop
  endfacet
  facet normal -0.730211 0 0.683222
    outer loop
      vertex -96.7783 -16 67.7588
      vertex -96.851 -40 67.6811
      vertex -96.7783 -40 67.7588
    endloop
  endfacet
  facet normal -0.413023 0 0.910721
    outer loop
      vertex -97.3781 -16 67.3289
      vertex -97.2813 -40 67.3728
      vertex -97.2813 -16 67.3728
    endloop
  endfacet
  facet normal -0.413023 0 0.910721
    outer loop
      vertex -97.2813 -40 67.3728
      vertex -97.3781 -16 67.3289
      vertex -97.3781 -40 67.3289
    endloop
  endfacet
  facet normal -0.957151 0 0.28959
    outer loop
      vertex -96.4612 -40 68.3078
      vertex -96.4304 -16 68.4096
      vertex -96.4612 -16 68.3078
    endloop
  endfacet
  facet normal -0.957151 0 0.28959
    outer loop
      vertex -96.4304 -16 68.4096
      vertex -96.4612 -40 68.3078
      vertex -96.4304 -40 68.4096
    endloop
  endfacet
  facet normal 0.289851 0 0.957072
    outer loop
      vertex -98.5223 -16 67.2914
      vertex -98.4206 -40 67.2606
      vertex -98.4206 -16 67.2606
    endloop
  endfacet
  facet normal 0.289851 0 0.957072
    outer loop
      vertex -98.4206 -40 67.2606
      vertex -98.5223 -16 67.2914
      vertex -98.5223 -40 67.2914
    endloop
  endfacet
  facet normal 0.634619 0 0.772825
    outer loop
      vertex -99.0714 -16 67.6085
      vertex -98.9892 -40 67.541
      vertex -98.9892 -16 67.541
    endloop
  endfacet
  facet normal 0.634619 0 0.772825
    outer loop
      vertex -98.9892 -40 67.541
      vertex -99.0714 -16 67.6085
      vertex -99.0714 -40 67.6085
    endloop
  endfacet
  facet normal 0.68319 0 0.730241
    outer loop
      vertex -99.149 -16 67.6811
      vertex -99.0714 -40 67.6085
      vertex -99.0714 -16 67.6085
    endloop
  endfacet
  facet normal 0.68319 0 0.730241
    outer loop
      vertex -99.0714 -40 67.6085
      vertex -99.149 -16 67.6811
      vertex -99.149 -40 67.6811
    endloop
  endfacet
  facet normal 0.413023 0 0.910721
    outer loop
      vertex -98.7187 -16 67.3728
      vertex -98.6219 -40 67.3289
      vertex -98.6219 -16 67.3289
    endloop
  endfacet
  facet normal 0.413023 0 0.910721
    outer loop
      vertex -98.6219 -40 67.3289
      vertex -98.7187 -16 67.3728
      vertex -98.7187 -40 67.3728
    endloop
  endfacet
  facet normal 0.527714 0 0.849422
    outer loop
      vertex -98.9028 -16 67.479
      vertex -98.8125 -40 67.4229
      vertex -98.8125 -16 67.4229
    endloop
  endfacet
  facet normal 0.527714 0 0.849422
    outer loop
      vertex -98.8125 -40 67.4229
      vertex -98.9028 -16 67.479
      vertex -98.9028 -40 67.479
    endloop
  endfacet
  facet normal 0.352359 0 0.935865
    outer loop
      vertex -98.6219 -16 67.3289
      vertex -98.5223 -40 67.2914
      vertex -98.5223 -16 67.2914
    endloop
  endfacet
  facet normal 0.352359 0 0.935865
    outer loop
      vertex -98.5223 -40 67.2914
      vertex -98.6219 -16 67.3289
      vertex -98.6219 -40 67.3289
    endloop
  endfacet
  facet normal 0.162721 0 0.986672
    outer loop
      vertex -98.317 -16 67.2364
      vertex -98.2121 -40 67.2191
      vertex -98.2121 -16 67.2191
    endloop
  endfacet
  facet normal 0.162721 0 0.986672
    outer loop
      vertex -98.2121 -40 67.2191
      vertex -98.317 -16 67.2364
      vertex -98.317 -40 67.2364
    endloop
  endfacet
  facet normal 0.849 -0 0.528392
    outer loop
      vertex -99.4073 -40 68.0177
      vertex -99.3511 -16 67.9274
      vertex -99.4073 -16 68.0177
    endloop
  endfacet
  facet normal 0.849 0 0.528392
    outer loop
      vertex -99.3511 -16 67.9274
      vertex -99.4073 -40 68.0177
      vertex -99.3511 -40 67.9274
    endloop
  endfacet
  facet normal 0.935748 -0 0.352669
    outer loop
      vertex -99.5388 -40 68.3078
      vertex -99.5013 -16 68.2083
      vertex -99.5388 -16 68.3078
    endloop
  endfacet
  facet normal 0.935748 0 0.352669
    outer loop
      vertex -99.5013 -16 68.2083
      vertex -99.5388 -40 68.3078
      vertex -99.5013 -40 68.2083
    endloop
  endfacet
  facet normal -0.986672 0 -0.162721
    outer loop
      vertex -96.3889 -40 69.0423
      vertex -96.4062 -16 69.1472
      vertex -96.3889 -16 69.0423
    endloop
  endfacet
  facet normal -0.986672 -0 -0.162721
    outer loop
      vertex -96.4062 -16 69.1472
      vertex -96.3889 -40 69.0423
      vertex -96.4062 -40 69.1472
    endloop
  endfacet
  facet normal -0.995203 0 -0.0978272
    outer loop
      vertex -96.3785 -40 68.9365
      vertex -96.3889 -16 69.0423
      vertex -96.3785 -16 68.9365
    endloop
  endfacet
  facet normal -0.995203 -0 -0.0978272
    outer loop
      vertex -96.3889 -16 69.0423
      vertex -96.3785 -40 68.9365
      vertex -96.3889 -40 69.0423
    endloop
  endfacet
  facet normal -0.935748 0 -0.352669
    outer loop
      vertex -96.4612 -40 69.3525
      vertex -96.4987 -16 69.452
      vertex -96.4612 -16 69.3525
    endloop
  endfacet
  facet normal -0.935748 -0 -0.352669
    outer loop
      vertex -96.4987 -16 69.452
      vertex -96.4612 -40 69.3525
      vertex -96.4987 -40 69.452
    endloop
  endfacet
  facet normal -0.729772 0 -0.683691
    outer loop
      vertex -96.7783 -40 69.9016
      vertex -96.851 -16 69.9792
      vertex -96.7783 -16 69.9016
    endloop
  endfacet
  facet normal -0.729772 -0 -0.683691
    outer loop
      vertex -96.851 -16 69.9792
      vertex -96.7783 -40 69.9016
      vertex -96.851 -40 69.9792
    endloop
  endfacet
  facet normal -0.882066 0 -0.471125
    outer loop
      vertex -96.5426 -40 69.5489
      vertex -96.5927 -16 69.6427
      vertex -96.5426 -16 69.5489
    endloop
  endfacet
  facet normal -0.882066 -0 -0.471125
    outer loop
      vertex -96.5927 -16 69.6427
      vertex -96.5426 -40 69.5489
      vertex -96.5927 -40 69.6427
    endloop
  endfacet
  facet normal -0.0978272 0 -0.995203
    outer loop
      vertex -97.8937 -40 70.4517
      vertex -97.7879 -16 70.4413
      vertex -97.7879 -40 70.4413
    endloop
  endfacet
  facet normal -0.0978272 0 -0.995203
    outer loop
      vertex -97.7879 -16 70.4413
      vertex -97.8937 -40 70.4517
      vertex -97.8937 -16 70.4517
    endloop
  endfacet
  facet normal -0.471125 0 -0.882066
    outer loop
      vertex -97.2813 -40 70.2876
      vertex -97.1875 -16 70.2375
      vertex -97.1875 -40 70.2375
    endloop
  endfacet
  facet normal -0.471125 0 -0.882066
    outer loop
      vertex -97.1875 -16 70.2375
      vertex -97.2813 -40 70.2876
      vertex -97.2813 -16 70.2876
    endloop
  endfacet
  facet normal -0.634619 0 -0.772825
    outer loop
      vertex -97.0108 -40 70.1194
      vertex -96.9286 -16 70.0519
      vertex -96.9286 -40 70.0519
    endloop
  endfacet
  facet normal -0.634619 0 -0.772825
    outer loop
      vertex -96.9286 -16 70.0519
      vertex -97.0108 -40 70.1194
      vertex -97.0108 -16 70.1194
    endloop
  endfacet
  facet normal 0.812906 0 -0.582395
    outer loop
      vertex -99.2892 -40 69.8194
      vertex -99.3511 -16 69.733
      vertex -99.2892 -16 69.8194
    endloop
  endfacet
  facet normal 0.812906 0 -0.582395
    outer loop
      vertex -99.3511 -16 69.733
      vertex -99.2892 -40 69.8194
      vertex -99.3511 -40 69.733
    endloop
  endfacet
  facet normal 0.973786 0 -0.227467
    outer loop
      vertex -99.5696 -40 69.2508
      vertex -99.5938 -16 69.1472
      vertex -99.5696 -16 69.2508
    endloop
  endfacet
  facet normal 0.973786 0 -0.227467
    outer loop
      vertex -99.5938 -16 69.1472
      vertex -99.5696 -40 69.2508
      vertex -99.5938 -40 69.1472
    endloop
  endfacet
  facet normal 0.995203 0 -0.0978272
    outer loop
      vertex -99.6111 -40 69.0423
      vertex -99.6215 -16 68.9365
      vertex -99.6111 -16 69.0423
    endloop
  endfacet
  facet normal 0.995203 0 -0.0978272
    outer loop
      vertex -99.6215 -16 68.9365
      vertex -99.6111 -40 69.0423
      vertex -99.6215 -40 68.9365
    endloop
  endfacet
  facet normal 0.0329078 0 -0.999458
    outer loop
      vertex -98.1063 -40 70.4517
      vertex -98 -16 70.4552
      vertex -98 -40 70.4552
    endloop
  endfacet
  facet normal 0.0329078 0 -0.999458
    outer loop
      vertex -98 -16 70.4552
      vertex -98.1063 -40 70.4517
      vertex -98.1063 -16 70.4517
    endloop
  endfacet
  facet normal -0.0329078 0 0.999458
    outer loop
      vertex -98 -16 67.2052
      vertex -97.8937 -40 67.2087
      vertex -97.8937 -16 67.2087
    endloop
  endfacet
  facet normal -0.0329078 0 0.999458
    outer loop
      vertex -97.8937 -40 67.2087
      vertex -98 -16 67.2052
      vertex -98 -40 67.2052
    endloop
  endfacet
  facet normal -0.162721 0 0.986672
    outer loop
      vertex -97.7879 -16 67.2191
      vertex -97.683 -40 67.2364
      vertex -97.683 -16 67.2364
    endloop
  endfacet
  facet normal -0.162721 0 0.986672
    outer loop
      vertex -97.683 -40 67.2364
      vertex -97.7879 -16 67.2191
      vertex -97.7879 -40 67.2191
    endloop
  endfacet
  facet normal -0.227467 0 0.973786
    outer loop
      vertex -97.683 -16 67.2364
      vertex -97.5794 -40 67.2606
      vertex -97.5794 -16 67.2606
    endloop
  endfacet
  facet normal -0.227467 0 0.973786
    outer loop
      vertex -97.5794 -40 67.2606
      vertex -97.683 -16 67.2364
      vertex -97.683 -40 67.2364
    endloop
  endfacet
  facet normal -0.352359 0 0.935865
    outer loop
      vertex -97.4777 -16 67.2914
      vertex -97.3781 -40 67.3289
      vertex -97.3781 -16 67.3289
    endloop
  endfacet
  facet normal -0.352359 0 0.935865
    outer loop
      vertex -97.3781 -40 67.3289
      vertex -97.4777 -16 67.2914
      vertex -97.4777 -40 67.2914
    endloop
  endfacet
  facet normal -0.289851 0 0.957072
    outer loop
      vertex -97.5794 -16 67.2606
      vertex -97.4777 -40 67.2914
      vertex -97.4777 -16 67.2914
    endloop
  endfacet
  facet normal -0.289851 0 0.957072
    outer loop
      vertex -97.4777 -40 67.2914
      vertex -97.5794 -16 67.2606
      vertex -97.5794 -40 67.2606
    endloop
  endfacet
  facet normal -0.634619 0 0.772825
    outer loop
      vertex -97.0108 -16 67.541
      vertex -96.9286 -40 67.6085
      vertex -96.9286 -16 67.6085
    endloop
  endfacet
  facet normal -0.634619 0 0.772825
    outer loop
      vertex -96.9286 -40 67.6085
      vertex -97.0108 -16 67.541
      vertex -97.0108 -40 67.541
    endloop
  endfacet
  facet normal -0.583016 0 0.812461
    outer loop
      vertex -97.0972 -16 67.479
      vertex -97.0108 -40 67.541
      vertex -97.0108 -16 67.541
    endloop
  endfacet
  facet normal -0.583016 0 0.812461
    outer loop
      vertex -97.0108 -40 67.541
      vertex -97.0972 -16 67.479
      vertex -97.0972 -40 67.479
    endloop
  endfacet
  facet normal -0.68319 0 0.730241
    outer loop
      vertex -96.9286 -16 67.6085
      vertex -96.851 -40 67.6811
      vertex -96.851 -16 67.6811
    endloop
  endfacet
  facet normal -0.68319 0 0.730241
    outer loop
      vertex -96.851 -40 67.6811
      vertex -96.9286 -16 67.6085
      vertex -96.9286 -40 67.6085
    endloop
  endfacet
  facet normal -0.527714 0 0.849422
    outer loop
      vertex -97.1875 -16 67.4229
      vertex -97.0972 -40 67.479
      vertex -97.0972 -16 67.479
    endloop
  endfacet
  facet normal -0.527714 0 0.849422
    outer loop
      vertex -97.0972 -40 67.479
      vertex -97.1875 -16 67.4229
      vertex -97.1875 -40 67.4229
    endloop
  endfacet
  facet normal -0.471125 0 0.882066
    outer loop
      vertex -97.2813 -16 67.3728
      vertex -97.1875 -40 67.4229
      vertex -97.1875 -16 67.4229
    endloop
  endfacet
  facet normal -0.471125 0 0.882066
    outer loop
      vertex -97.1875 -40 67.4229
      vertex -97.2813 -16 67.3728
      vertex -97.2813 -40 67.3728
    endloop
  endfacet
  facet normal -0.849 0 0.528392
    outer loop
      vertex -96.6489 -40 67.9274
      vertex -96.5927 -16 68.0177
      vertex -96.6489 -16 67.9274
    endloop
  endfacet
  facet normal -0.849 0 0.528392
    outer loop
      vertex -96.5927 -16 68.0177
      vertex -96.6489 -40 67.9274
      vertex -96.5927 -40 68.0177
    endloop
  endfacet
  facet normal -0.772825 0 0.634619
    outer loop
      vertex -96.7783 -40 67.7588
      vertex -96.7108 -16 67.841
      vertex -96.7783 -16 67.7588
    endloop
  endfacet
  facet normal -0.772825 0 0.634619
    outer loop
      vertex -96.7108 -16 67.841
      vertex -96.7783 -40 67.7588
      vertex -96.7108 -40 67.841
    endloop
  endfacet
  facet normal -0.812906 0 0.582395
    outer loop
      vertex -96.7108 -40 67.841
      vertex -96.6489 -16 67.9274
      vertex -96.7108 -16 67.841
    endloop
  endfacet
  facet normal -0.812906 0 0.582395
    outer loop
      vertex -96.6489 -16 67.9274
      vertex -96.7108 -40 67.841
      vertex -96.6489 -40 67.9274
    endloop
  endfacet
  facet normal -0.882066 0 0.471125
    outer loop
      vertex -96.5927 -40 68.0177
      vertex -96.5426 -16 68.1115
      vertex -96.5927 -16 68.0177
    endloop
  endfacet
  facet normal -0.882066 0 0.471125
    outer loop
      vertex -96.5426 -16 68.1115
      vertex -96.5927 -40 68.0177
      vertex -96.5426 -40 68.1115
    endloop
  endfacet
  facet normal -0.935748 0 0.352669
    outer loop
      vertex -96.4987 -40 68.2083
      vertex -96.4612 -16 68.3078
      vertex -96.4987 -16 68.2083
    endloop
  endfacet
  facet normal -0.935748 0 0.352669
    outer loop
      vertex -96.4612 -16 68.3078
      vertex -96.4987 -40 68.2083
      vertex -96.4612 -40 68.3078
    endloop
  endfacet
  facet normal -0.910721 0 0.413023
    outer loop
      vertex -96.5426 -40 68.1115
      vertex -96.4987 -16 68.2083
      vertex -96.5426 -16 68.1115
    endloop
  endfacet
  facet normal -0.910721 0 0.413023
    outer loop
      vertex -96.4987 -16 68.2083
      vertex -96.5426 -40 68.1115
      vertex -96.4987 -40 68.2083
    endloop
  endfacet
  facet normal -0.986672 0 0.162721
    outer loop
      vertex -96.4062 -40 68.5132
      vertex -96.3889 -16 68.6181
      vertex -96.4062 -16 68.5132
    endloop
  endfacet
  facet normal -0.986672 0 0.162721
    outer loop
      vertex -96.3889 -16 68.6181
      vertex -96.4062 -40 68.5132
      vertex -96.3889 -40 68.6181
    endloop
  endfacet
  facet normal -0.973786 0 0.227467
    outer loop
      vertex -96.4304 -40 68.4096
      vertex -96.4062 -16 68.5132
      vertex -96.4304 -16 68.4096
    endloop
  endfacet
  facet normal -0.973786 0 0.227467
    outer loop
      vertex -96.4062 -16 68.5132
      vertex -96.4304 -40 68.4096
      vertex -96.4062 -40 68.5132
    endloop
  endfacet
  facet normal 0.471125 0 0.882066
    outer loop
      vertex -98.8125 -16 67.4229
      vertex -98.7187 -40 67.3728
      vertex -98.7187 -16 67.3728
    endloop
  endfacet
  facet normal 0.471125 0 0.882066
    outer loop
      vertex -98.7187 -40 67.3728
      vertex -98.8125 -16 67.4229
      vertex -98.8125 -40 67.4229
    endloop
  endfacet
  facet normal 0.0978272 0 0.995203
    outer loop
      vertex -98.2121 -16 67.2191
      vertex -98.1063 -40 67.2087
      vertex -98.1063 -16 67.2087
    endloop
  endfacet
  facet normal 0.0978272 0 0.995203
    outer loop
      vertex -98.1063 -40 67.2087
      vertex -98.2121 -16 67.2191
      vertex -98.2121 -40 67.2191
    endloop
  endfacet
  facet normal 0.910721 -0 0.413023
    outer loop
      vertex -99.5013 -40 68.2083
      vertex -99.4574 -16 68.1115
      vertex -99.5013 -16 68.2083
    endloop
  endfacet
  facet normal 0.910721 0 0.413023
    outer loop
      vertex -99.4574 -16 68.1115
      vertex -99.5013 -40 68.2083
      vertex -99.4574 -40 68.1115
    endloop
  endfacet
  facet normal 0.882066 -0 0.471125
    outer loop
      vertex -99.4574 -40 68.1115
      vertex -99.4073 -16 68.0177
      vertex -99.4574 -16 68.1115
    endloop
  endfacet
  facet normal 0.882066 0 0.471125
    outer loop
      vertex -99.4073 -16 68.0177
      vertex -99.4574 -40 68.1115
      vertex -99.4073 -40 68.0177
    endloop
  endfacet
  facet normal 0.812906 -0 0.582395
    outer loop
      vertex -99.3511 -40 67.9274
      vertex -99.2892 -16 67.841
      vertex -99.3511 -16 67.9274
    endloop
  endfacet
  facet normal 0.812906 0 0.582395
    outer loop
      vertex -99.2892 -16 67.841
      vertex -99.3511 -40 67.9274
      vertex -99.2892 -40 67.841
    endloop
  endfacet
  facet normal 0.973786 -0 0.227467
    outer loop
      vertex -99.5938 -40 68.5132
      vertex -99.5696 -16 68.4096
      vertex -99.5938 -16 68.5132
    endloop
  endfacet
  facet normal 0.973786 0 0.227467
    outer loop
      vertex -99.5696 -16 68.4096
      vertex -99.5938 -40 68.5132
      vertex -99.5696 -40 68.4096
    endloop
  endfacet
  facet normal 0.986672 -0 0.162721
    outer loop
      vertex -99.6111 -40 68.6181
      vertex -99.5938 -16 68.5132
      vertex -99.6111 -16 68.6181
    endloop
  endfacet
  facet normal 0.986672 0 0.162721
    outer loop
      vertex -99.5938 -16 68.5132
      vertex -99.6111 -40 68.6181
      vertex -99.5938 -40 68.5132
    endloop
  endfacet
  facet normal 0.999458 -0 0.0329078
    outer loop
      vertex -99.625 -40 68.8302
      vertex -99.6215 -16 68.7239
      vertex -99.625 -16 68.8302
    endloop
  endfacet
  facet normal 0.999458 0 0.0329078
    outer loop
      vertex -99.6215 -16 68.7239
      vertex -99.625 -40 68.8302
      vertex -99.6215 -40 68.7239
    endloop
  endfacet
  facet normal 0.882066 0 -0.471125
    outer loop
      vertex -99.4073 -40 69.6427
      vertex -99.4574 -16 69.5489
      vertex -99.4073 -16 69.6427
    endloop
  endfacet
  facet normal 0.882066 0 -0.471125
    outer loop
      vertex -99.4574 -16 69.5489
      vertex -99.4073 -40 69.6427
      vertex -99.4574 -40 69.5489
    endloop
  endfacet
  facet normal 0.413023 0 -0.910721
    outer loop
      vertex -98.7187 -40 70.2876
      vertex -98.6219 -16 70.3315
      vertex -98.6219 -40 70.3315
    endloop
  endfacet
  facet normal 0.413023 0 -0.910721
    outer loop
      vertex -98.6219 -16 70.3315
      vertex -98.7187 -40 70.2876
      vertex -98.7187 -16 70.2876
    endloop
  endfacet
  facet normal 0.582395 0 -0.812906
    outer loop
      vertex -98.9892 -40 70.1194
      vertex -98.9028 -16 70.1813
      vertex -98.9028 -40 70.1813
    endloop
  endfacet
  facet normal 0.582395 0 -0.812906
    outer loop
      vertex -98.9028 -16 70.1813
      vertex -98.9892 -40 70.1194
      vertex -98.9892 -16 70.1194
    endloop
  endfacet
  facet normal 0.227467 0 -0.973786
    outer loop
      vertex -98.4206 -40 70.3998
      vertex -98.317 -16 70.424
      vertex -98.317 -40 70.424
    endloop
  endfacet
  facet normal 0.227467 0 -0.973786
    outer loop
      vertex -98.317 -16 70.424
      vertex -98.4206 -40 70.3998
      vertex -98.4206 -16 70.3998
    endloop
  endfacet
  facet normal -0.0978272 0 0.995203
    outer loop
      vertex -97.8937 -16 67.2087
      vertex -97.7879 -40 67.2191
      vertex -97.7879 -16 67.2191
    endloop
  endfacet
  facet normal -0.0978272 0 0.995203
    outer loop
      vertex -97.7879 -40 67.2191
      vertex -97.8937 -16 67.2087
      vertex -97.8937 -40 67.2087
    endloop
  endfacet
  facet normal -0.995203 0 0.0978272
    outer loop
      vertex -96.3889 -40 68.6181
      vertex -96.3785 -16 68.7239
      vertex -96.3889 -16 68.6181
    endloop
  endfacet
  facet normal -0.995203 0 0.0978272
    outer loop
      vertex -96.3785 -16 68.7239
      vertex -96.3889 -40 68.6181
      vertex -96.3785 -40 68.7239
    endloop
  endfacet
  facet normal 0.583016 0 0.812461
    outer loop
      vertex -98.9892 -16 67.541
      vertex -98.9028 -40 67.479
      vertex -98.9028 -16 67.479
    endloop
  endfacet
  facet normal 0.583016 0 0.812461
    outer loop
      vertex -98.9028 -40 67.479
      vertex -98.9892 -16 67.541
      vertex -98.9892 -40 67.541
    endloop
  endfacet
  facet normal 0.227467 0 0.973786
    outer loop
      vertex -98.4206 -16 67.2606
      vertex -98.317 -40 67.2364
      vertex -98.317 -16 67.2364
    endloop
  endfacet
  facet normal 0.227467 0 0.973786
    outer loop
      vertex -98.317 -40 67.2364
      vertex -98.4206 -16 67.2606
      vertex -98.4206 -40 67.2606
    endloop
  endfacet
  facet normal 0.772825 -0 0.634619
    outer loop
      vertex -99.2892 -40 67.841
      vertex -99.2217 -16 67.7588
      vertex -99.2892 -16 67.841
    endloop
  endfacet
  facet normal 0.772825 0 0.634619
    outer loop
      vertex -99.2217 -16 67.7588
      vertex -99.2892 -40 67.841
      vertex -99.2217 -40 67.7588
    endloop
  endfacet
  facet normal 0.957151 -0 0.28959
    outer loop
      vertex -99.5696 -40 68.4096
      vertex -99.5388 -16 68.3078
      vertex -99.5696 -16 68.4096
    endloop
  endfacet
  facet normal 0.957151 0 0.28959
    outer loop
      vertex -99.5388 -16 68.3078
      vertex -99.5696 -40 68.4096
      vertex -99.5388 -40 68.3078
    endloop
  endfacet
  facet normal 0.995203 -0 0.0978272
    outer loop
      vertex -99.6215 -40 68.7239
      vertex -99.6111 -16 68.6181
      vertex -99.6215 -16 68.7239
    endloop
  endfacet
  facet normal 0.995203 0 0.0978272
    outer loop
      vertex -99.6111 -16 68.6181
      vertex -99.6215 -40 68.7239
      vertex -99.6111 -40 68.6181
    endloop
  endfacet
  facet normal -0.999458 0 0.0329078
    outer loop
      vertex -96.3785 -40 68.7239
      vertex -96.375 -16 68.8302
      vertex -96.3785 -16 68.7239
    endloop
  endfacet
  facet normal -0.999458 0 0.0329078
    outer loop
      vertex -96.375 -16 68.8302
      vertex -96.3785 -40 68.7239
      vertex -96.375 -40 68.8302
    endloop
  endfacet
  facet normal 0.999435 -0 0.0336201
    outer loop
      vertex 102.989 -40 -89.1522
      vertex 103 -16 -89.4792
      vertex 102.989 -16 -89.1522
    endloop
  endfacet
  facet normal 0.999435 0 0.0336201
    outer loop
      vertex 103 -16 -89.4792
      vertex 102.989 -40 -89.1522
      vertex 103 -40 -89.4792
    endloop
  endfacet
  facet normal -0.999465 0 0.0327042
    outer loop
      vertex 93 -40 -89.4792
      vertex 93.0107 -16 -89.1522
      vertex 93 -16 -89.4792
    endloop
  endfacet
  facet normal -0.999465 0 0.0327042
    outer loop
      vertex 93.0107 -16 -89.1522
      vertex 93 -40 -89.4792
      vertex 93.0107 -40 -89.1522
    endloop
  endfacet
  facet normal 0.0330095 0 0.999455
    outer loop
      vertex 98 -16 -84.4792
      vertex 98.327 -40 -84.49
      vertex 98.327 -16 -84.49
    endloop
  endfacet
  facet normal 0.0330095 0 0.999455
    outer loop
      vertex 98.327 -40 -84.49
      vertex 98 -16 -84.4792
      vertex 98 -40 -84.4792
    endloop
  endfacet
  facet normal 0.730872 -0 0.682515
    outer loop
      vertex 101.536 -40 -85.9437
      vertex 101.759 -16 -86.1825
      vertex 101.536 -16 -85.9437
    endloop
  endfacet
  facet normal 0.730872 0 0.682515
    outer loop
      vertex 101.759 -16 -86.1825
      vertex 101.536 -40 -85.9437
      vertex 101.759 -40 -86.1825
    endloop
  endfacet
  facet normal -0.683656 0 0.729804
    outer loop
      vertex 94.4645 -16 -85.9437
      vertex 94.7033 -40 -85.72
      vertex 94.7033 -16 -85.72
    endloop
  endfacet
  facet normal -0.683656 0 0.729804
    outer loop
      vertex 94.7033 -40 -85.72
      vertex 94.4645 -16 -85.9437
      vertex 94.4645 -40 -85.9437
    endloop
  endfacet
  facet normal -0.352128 0 0.935952
    outer loop
      vertex 96.0866 -16 -84.8598
      vertex 96.3928 -40 -84.7446
      vertex 96.3928 -16 -84.7446
    endloop
  endfacet
  facet normal -0.352128 0 0.935952
    outer loop
      vertex 96.3928 -40 -84.7446
      vertex 96.0866 -16 -84.8598
      vertex 96.0866 -40 -84.8598
    endloop
  endfacet
  facet normal 0.910889 -0 0.412651
    outer loop
      vertex 102.484 -40 -87.2678
      vertex 102.619 -16 -87.5658
      vertex 102.484 -16 -87.2678
    endloop
  endfacet
  facet normal 0.910889 0 0.412651
    outer loop
      vertex 102.619 -16 -87.5658
      vertex 102.484 -40 -87.2678
      vertex 102.619 -40 -87.5658
    endloop
  endfacet
  facet normal 0.413365 0 0.910565
    outer loop
      vertex 99.9134 -16 -84.8598
      vertex 100.211 -40 -84.9949
      vertex 100.211 -16 -84.9949
    endloop
  endfacet
  facet normal 0.413365 0 0.910565
    outer loop
      vertex 100.211 -40 -84.9949
      vertex 99.9134 -16 -84.8598
      vertex 99.9134 -40 -84.8598
    endloop
  endfacet
  facet normal 0.582452 0 0.812865
    outer loop
      vertex 100.778 -16 -85.3219
      vertex 101.044 -40 -85.5125
      vertex 101.044 -16 -85.5125
    endloop
  endfacet
  facet normal 0.582452 0 0.812865
    outer loop
      vertex 101.044 -40 -85.5125
      vertex 100.778 -16 -85.3219
      vertex 100.778 -40 -85.3219
    endloop
  endfacet
  facet normal -0.910889 0 0.412651
    outer loop
      vertex 93.3806 -40 -87.5658
      vertex 93.5156 -16 -87.2678
      vertex 93.3806 -16 -87.5658
    endloop
  endfacet
  facet normal -0.910889 0 0.412651
    outer loop
      vertex 93.5156 -16 -87.2678
      vertex 93.3806 -40 -87.5658
      vertex 93.5156 -40 -87.2678
    endloop
  endfacet
  facet normal -0.772935 0 0.634485
    outer loop
      vertex 94.0332 -40 -86.4354
      vertex 94.2408 -16 -86.1825
      vertex 94.0332 -16 -86.4354
    endloop
  endfacet
  facet normal -0.772935 0 0.634485
    outer loop
      vertex 94.2408 -16 -86.1825
      vertex 94.0332 -40 -86.4354
      vertex 94.2408 -40 -86.1825
    endloop
  endfacet
  facet normal -0.162912 0 0.986641
    outer loop
      vertex 97.0246 -16 -84.5753
      vertex 97.3474 -40 -84.522
      vertex 97.3474 -16 -84.522
    endloop
  endfacet
  facet normal -0.162912 0 0.986641
    outer loop
      vertex 97.3474 -40 -84.522
      vertex 97.0246 -16 -84.5753
      vertex 97.0246 -40 -84.5753
    endloop
  endfacet
  facet normal 0.956922 0 -0.290347
    outer loop
      vertex 102.83 -40 -90.7733
      vertex 102.735 -16 -91.0864
      vertex 102.83 -16 -90.7733
    endloop
  endfacet
  facet normal 0.956922 0 -0.290347
    outer loop
      vertex 102.735 -16 -91.0864
      vertex 102.83 -40 -90.7733
      vertex 102.735 -40 -91.0864
    endloop
  endfacet
  facet normal -0.772935 0 -0.634485
    outer loop
      vertex 94.2408 -40 -92.776
      vertex 94.0332 -16 -92.5231
      vertex 94.2408 -16 -92.776
    endloop
  endfacet
  facet normal -0.772935 -0 -0.634485
    outer loop
      vertex 94.0332 -16 -92.5231
      vertex 94.2408 -40 -92.776
      vertex 94.0332 -40 -92.5231
    endloop
  endfacet
  facet normal -0.93599 0 -0.352027
    outer loop
      vertex 93.3806 -40 -91.3927
      vertex 93.2654 -16 -91.0864
      vertex 93.3806 -16 -91.3927
    endloop
  endfacet
  facet normal -0.93599 -0 -0.352027
    outer loop
      vertex 93.2654 -16 -91.0864
      vertex 93.3806 -40 -91.3927
      vertex 93.2654 -40 -91.0864
    endloop
  endfacet
  facet normal 0.986788 -0 0.162019
    outer loop
      vertex 102.904 -40 -88.5038
      vertex 102.957 -16 -88.8266
      vertex 102.904 -16 -88.5038
    endloop
  endfacet
  facet normal 0.986788 0 0.162019
    outer loop
      vertex 102.957 -16 -88.8266
      vertex 102.904 -40 -88.5038
      vertex 102.957 -40 -88.8266
    endloop
  endfacet
  facet normal 0.995205 -0 0.0978089
    outer loop
      vertex 102.957 -40 -88.8266
      vertex 102.989 -16 -89.1522
      vertex 102.957 -16 -88.8266
    endloop
  endfacet
  facet normal 0.995205 0 0.0978089
    outer loop
      vertex 102.989 -16 -89.1522
      vertex 102.957 -40 -88.8266
      vertex 102.989 -40 -89.1522
    endloop
  endfacet
  facet normal 0.956947 -0 0.290262
    outer loop
      vertex 102.735 -40 -87.872
      vertex 102.83 -16 -88.1852
      vertex 102.735 -16 -87.872
    endloop
  endfacet
  facet normal 0.956947 0 0.290262
    outer loop
      vertex 102.83 -16 -88.1852
      vertex 102.735 -40 -87.872
      vertex 102.83 -40 -88.1852
    endloop
  endfacet
  facet normal 0.848856 -0 0.528625
    outer loop
      vertex 102.157 -40 -86.7014
      vertex 102.33 -16 -86.9792
      vertex 102.157 -16 -86.7014
    endloop
  endfacet
  facet normal 0.848856 0 0.528625
    outer loop
      vertex 102.33 -16 -86.9792
      vertex 102.157 -40 -86.7014
      vertex 102.33 -40 -86.9792
    endloop
  endfacet
  facet normal 0.813733 -0 0.581238
    outer loop
      vertex 101.967 -40 -86.4354
      vertex 102.157 -16 -86.7014
      vertex 101.967 -16 -86.4354
    endloop
  endfacet
  facet normal 0.813733 0 0.581238
    outer loop
      vertex 102.157 -16 -86.7014
      vertex 101.967 -40 -86.4354
      vertex 102.157 -40 -86.7014
    endloop
  endfacet
  facet normal 0.882251 -0 0.470779
    outer loop
      vertex 102.33 -40 -86.9792
      vertex 102.484 -16 -87.2678
      vertex 102.33 -16 -86.9792
    endloop
  endfacet
  facet normal 0.882251 0 0.470779
    outer loop
      vertex 102.484 -16 -87.2678
      vertex 102.33 -40 -86.9792
      vertex 102.484 -40 -87.2678
    endloop
  endfacet
  facet normal 0.290347 0 0.956922
    outer loop
      vertex 99.2941 -16 -84.6496
      vertex 99.6072 -40 -84.7446
      vertex 99.6072 -16 -84.7446
    endloop
  endfacet
  facet normal 0.290347 0 0.956922
    outer loop
      vertex 99.6072 -40 -84.7446
      vertex 99.2941 -16 -84.6496
      vertex 99.2941 -40 -84.6496
    endloop
  endfacet
  facet normal 0.352128 0 0.935952
    outer loop
      vertex 99.6072 -16 -84.7446
      vertex 99.9134 -40 -84.8598
      vertex 99.9134 -16 -84.8598
    endloop
  endfacet
  facet normal 0.352128 0 0.935952
    outer loop
      vertex 99.9134 -40 -84.8598
      vertex 99.6072 -16 -84.7446
      vertex 99.6072 -40 -84.7446
    endloop
  endfacet
  facet normal 0.162912 0 0.986641
    outer loop
      vertex 98.6526 -16 -84.522
      vertex 98.9754 -40 -84.5753
      vertex 98.9754 -16 -84.5753
    endloop
  endfacet
  facet normal 0.162912 0 0.986641
    outer loop
      vertex 98.9754 -40 -84.5753
      vertex 98.6526 -16 -84.522
      vertex 98.6526 -40 -84.522
    endloop
  endfacet
  facet normal 0.52791 0 0.8493
    outer loop
      vertex 100.5 -16 -85.1491
      vertex 100.778 -40 -85.3219
      vertex 100.778 -16 -85.3219
    endloop
  endfacet
  facet normal 0.52791 0 0.8493
    outer loop
      vertex 100.778 -40 -85.3219
      vertex 100.5 -16 -85.1491
      vertex 100.5 -40 -85.1491
    endloop
  endfacet
  facet normal 0.683352 0 0.730089
    outer loop
      vertex 101.297 -16 -85.72
      vertex 101.536 -40 -85.9437
      vertex 101.536 -16 -85.9437
    endloop
  endfacet
  facet normal 0.683352 0 0.730089
    outer loop
      vertex 101.536 -40 -85.9437
      vertex 101.297 -16 -85.72
      vertex 101.297 -40 -85.72
    endloop
  endfacet
  facet normal -0.956947 0 0.290262
    outer loop
      vertex 93.1704 -40 -88.1852
      vertex 93.2654 -16 -87.872
      vertex 93.1704 -16 -88.1852
    endloop
  endfacet
  facet normal -0.956947 0 0.290262
    outer loop
      vertex 93.2654 -16 -87.872
      vertex 93.1704 -40 -88.1852
      vertex 93.2654 -40 -87.872
    endloop
  endfacet
  facet normal -0.81301 0 0.58225
    outer loop
      vertex 93.8427 -40 -86.7014
      vertex 94.0332 -16 -86.4354
      vertex 93.8427 -16 -86.7014
    endloop
  endfacet
  facet normal -0.81301 0 0.58225
    outer loop
      vertex 94.0332 -16 -86.4354
      vertex 93.8427 -40 -86.7014
      vertex 94.0332 -40 -86.4354
    endloop
  endfacet
  facet normal -0.84913 0 0.528184
    outer loop
      vertex 93.6699 -40 -86.9792
      vertex 93.8427 -16 -86.7014
      vertex 93.6699 -16 -86.9792
    endloop
  endfacet
  facet normal -0.84913 0 0.528184
    outer loop
      vertex 93.8427 -16 -86.7014
      vertex 93.6699 -40 -86.9792
      vertex 93.8427 -40 -86.7014
    endloop
  endfacet
  facet normal -0.935952 0 0.352128
    outer loop
      vertex 93.2654 -40 -87.872
      vertex 93.3806 -16 -87.5658
      vertex 93.2654 -16 -87.872
    endloop
  endfacet
  facet normal -0.935952 0 0.352128
    outer loop
      vertex 93.3806 -16 -87.5658
      vertex 93.2654 -40 -87.872
      vertex 93.3806 -40 -87.5658
    endloop
  endfacet
  facet normal -0.986641 0 0.162912
    outer loop
      vertex 93.0428 -40 -88.8266
      vertex 93.0961 -16 -88.5038
      vertex 93.0428 -16 -88.8266
    endloop
  endfacet
  facet normal -0.986641 0 0.162912
    outer loop
      vertex 93.0961 -16 -88.5038
      vertex 93.0428 -40 -88.8266
      vertex 93.0961 -40 -88.5038
    endloop
  endfacet
  facet normal -0.528184 0 0.84913
    outer loop
      vertex 95.2222 -16 -85.3219
      vertex 95.5 -40 -85.1491
      vertex 95.5 -16 -85.1491
    endloop
  endfacet
  facet normal -0.528184 0 0.84913
    outer loop
      vertex 95.5 -40 -85.1491
      vertex 95.2222 -16 -85.3219
      vertex 95.2222 -40 -85.3219
    endloop
  endfacet
  facet normal -0.471254 0 0.881997
    outer loop
      vertex 95.5 -16 -85.1491
      vertex 95.7886 -40 -84.9949
      vertex 95.7886 -16 -84.9949
    endloop
  endfacet
  facet normal -0.471254 0 0.881997
    outer loop
      vertex 95.7886 -40 -84.9949
      vertex 95.5 -16 -85.1491
      vertex 95.5 -40 -85.1491
    endloop
  endfacet
  facet normal -0.582452 0 0.812865
    outer loop
      vertex 94.9562 -16 -85.5125
      vertex 95.2222 -40 -85.3219
      vertex 95.2222 -16 -85.3219
    endloop
  endfacet
  facet normal -0.582452 0 0.812865
    outer loop
      vertex 95.2222 -40 -85.3219
      vertex 94.9562 -16 -85.5125
      vertex 94.9562 -40 -85.5125
    endloop
  endfacet
  facet normal -0.290347 0 0.956922
    outer loop
      vertex 96.3928 -16 -84.7446
      vertex 96.7059 -40 -84.6496
      vertex 96.7059 -16 -84.6496
    endloop
  endfacet
  facet normal -0.290347 0 0.956922
    outer loop
      vertex 96.7059 -40 -84.6496
      vertex 96.3928 -16 -84.7446
      vertex 96.3928 -40 -84.7446
    endloop
  endfacet
  facet normal -0.0330095 0 0.999455
    outer loop
      vertex 97.673 -16 -84.49
      vertex 98 -40 -84.4792
      vertex 98 -16 -84.4792
    endloop
  endfacet
  facet normal -0.0330095 0 0.999455
    outer loop
      vertex 98 -40 -84.4792
      vertex 97.673 -16 -84.49
      vertex 97.673 -40 -84.49
    endloop
  endfacet
  facet normal 0.582452 0 -0.812865
    outer loop
      vertex 100.778 -40 -93.6366
      vertex 101.044 -16 -93.446
      vertex 101.044 -40 -93.446
    endloop
  endfacet
  facet normal 0.582452 0 -0.812865
    outer loop
      vertex 101.044 -16 -93.446
      vertex 100.778 -40 -93.6366
      vertex 100.778 -16 -93.6366
    endloop
  endfacet
  facet normal 0.683189 0 -0.730242
    outer loop
      vertex 101.297 -40 -93.2384
      vertex 101.536 -16 -93.0148
      vertex 101.536 -40 -93.0148
    endloop
  endfacet
  facet normal 0.683189 0 -0.730242
    outer loop
      vertex 101.536 -16 -93.0148
      vertex 101.297 -40 -93.2384
      vertex 101.297 -16 -93.2384
    endloop
  endfacet
  facet normal 0.413111 0 -0.910681
    outer loop
      vertex 99.9134 -40 -94.0986
      vertex 100.211 -16 -93.9636
      vertex 100.211 -40 -93.9636
    endloop
  endfacet
  facet normal 0.413111 0 -0.910681
    outer loop
      vertex 100.211 -16 -93.9636
      vertex 99.9134 -40 -94.0986
      vertex 99.9134 -16 -94.0986
    endloop
  endfacet
  facet normal 0.813733 0 -0.581238
    outer loop
      vertex 102.157 -40 -92.2571
      vertex 101.967 -16 -92.5231
      vertex 102.157 -16 -92.2571
    endloop
  endfacet
  facet normal 0.813733 0 -0.581238
    outer loop
      vertex 101.967 -16 -92.5231
      vertex 102.157 -40 -92.2571
      vertex 101.967 -40 -92.5231
    endloop
  endfacet
  facet normal 0.935182 0 -0.354166
    outer loop
      vertex 102.735 -40 -91.0864
      vertex 102.619 -16 -91.3927
      vertex 102.735 -16 -91.0864
    endloop
  endfacet
  facet normal 0.935182 0 -0.354166
    outer loop
      vertex 102.619 -16 -91.3927
      vertex 102.735 -40 -91.0864
      vertex 102.619 -40 -91.3927
    endloop
  endfacet
  facet normal 0.882184 0 -0.470906
    outer loop
      vertex 102.484 -40 -91.6907
      vertex 102.33 -16 -91.9792
      vertex 102.484 -16 -91.6907
    endloop
  endfacet
  facet normal 0.882184 0 -0.470906
    outer loop
      vertex 102.33 -16 -91.9792
      vertex 102.484 -40 -91.6907
      vertex 102.33 -40 -91.9792
    endloop
  endfacet
  facet normal 0.999435 0 -0.0336099
    outer loop
      vertex 103 -40 -89.4792
      vertex 102.989 -16 -89.8063
      vertex 103 -16 -89.4792
    endloop
  endfacet
  facet normal 0.999435 0 -0.0336099
    outer loop
      vertex 102.989 -16 -89.8063
      vertex 103 -40 -89.4792
      vertex 102.989 -40 -89.8063
    endloop
  endfacet
  facet normal -0.290347 0 -0.956922
    outer loop
      vertex 96.3928 -40 -94.2139
      vertex 96.7059 -16 -94.3089
      vertex 96.7059 -40 -94.3089
    endloop
  endfacet
  facet normal -0.290347 0 -0.956922
    outer loop
      vertex 96.7059 -16 -94.3089
      vertex 96.3928 -40 -94.2139
      vertex 96.3928 -16 -94.2139
    endloop
  endfacet
  facet normal -0.412651 0 -0.910889
    outer loop
      vertex 95.7886 -40 -93.9636
      vertex 96.0866 -16 -94.0986
      vertex 96.0866 -40 -94.0986
    endloop
  endfacet
  facet normal -0.412651 0 -0.910889
    outer loop
      vertex 96.0866 -16 -94.0986
      vertex 95.7886 -40 -93.9636
      vertex 95.7886 -16 -93.9636
    endloop
  endfacet
  facet normal -0.528184 0 -0.84913
    outer loop
      vertex 95.2222 -40 -93.6366
      vertex 95.5 -16 -93.8094
      vertex 95.5 -40 -93.8094
    endloop
  endfacet
  facet normal -0.528184 0 -0.84913
    outer loop
      vertex 95.5 -16 -93.8094
      vertex 95.2222 -40 -93.6366
      vertex 95.2222 -16 -93.6366
    endloop
  endfacet
  facet normal -0.352396 0 -0.935851
    outer loop
      vertex 96.0866 -40 -94.0986
      vertex 96.3928 -16 -94.2139
      vertex 96.3928 -40 -94.2139
    endloop
  endfacet
  facet normal -0.352396 0 -0.935851
    outer loop
      vertex 96.3928 -16 -94.2139
      vertex 96.0866 -40 -94.0986
      vertex 96.0866 -16 -94.0986
    endloop
  endfacet
  facet normal -0.162912 0 -0.986641
    outer loop
      vertex 97.0246 -40 -94.3832
      vertex 97.3474 -16 -94.4365
      vertex 97.3474 -40 -94.4365
    endloop
  endfacet
  facet normal -0.162912 0 -0.986641
    outer loop
      vertex 97.3474 -16 -94.4365
      vertex 97.0246 -40 -94.3832
      vertex 97.0246 -16 -94.3832
    endloop
  endfacet
  facet normal -0.0327042 0 -0.999465
    outer loop
      vertex 97.673 -40 -94.4685
      vertex 98 -16 -94.4792
      vertex 98 -40 -94.4792
    endloop
  endfacet
  facet normal -0.0327042 0 -0.999465
    outer loop
      vertex 98 -16 -94.4792
      vertex 97.673 -40 -94.4685
      vertex 97.673 -16 -94.4685
    endloop
  endfacet
  facet normal -0.849215 0 -0.528047
    outer loop
      vertex 93.8427 -40 -92.2571
      vertex 93.6699 -16 -91.9792
      vertex 93.8427 -16 -92.2571
    endloop
  endfacet
  facet normal -0.849215 -0 -0.528047
    outer loop
      vertex 93.6699 -16 -91.9792
      vertex 93.8427 -40 -92.2571
      vertex 93.6699 -40 -91.9792
    endloop
  endfacet
  facet normal -0.81301 0 -0.58225
    outer loop
      vertex 94.0332 -40 -92.5231
      vertex 93.8427 -16 -92.2571
      vertex 94.0332 -16 -92.5231
    endloop
  endfacet
  facet normal -0.81301 -0 -0.58225
    outer loop
      vertex 93.8427 -16 -92.2571
      vertex 94.0332 -40 -92.5231
      vertex 93.8427 -40 -92.2571
    endloop
  endfacet
  facet normal 0 1 0
    outer loop
      vertex 98 -16 -87.8542
      vertex 98 -16 -84.4792
      vertex 98.327 -16 -84.49
    endloop
  endfacet
  facet normal 0 1 0
    outer loop
      vertex 98.1063 -16 -87.8577
      vertex 98.327 -16 -84.49
      vertex 98.6526 -16 -84.522
    endloop
  endfacet
  facet normal 0 1 0
    outer loop
      vertex 98 -16 -84.4792
      vertex 98 -16 -87.8542
      vertex 97.673 -16 -84.49
    endloop
  endfacet
  facet normal 0 1 0
    outer loop
      vertex 98.2121 -16 -87.8681
      vertex 98.6526 -16 -84.522
      vertex 98.9754 -16 -84.5753
    endloop
  endfacet
  facet normal 0 1 -0
    outer loop
      vertex 97.8937 -16 -87.8577
      vertex 97.673 -16 -84.49
      vertex 98 -16 -87.8542
    endloop
  endfacet
  facet normal 0 1 0
    outer loop
      vertex 98.317 -16 -87.8855
      vertex 98.9754 -16 -84.5753
      vertex 99.2941 -16 -84.6496
    endloop
  endfacet
  facet normal 0 1 0
    outer loop
      vertex 97.673 -16 -84.49
      vertex 97.8937 -16 -87.8577
      vertex 97.3474 -16 -84.522
    endloop
  endfacet
  facet normal 0 1 0
    outer loop
      vertex 98.4206 -16 -87.9096
      vertex 99.2941 -16 -84.6496
      vertex 99.6072 -16 -84.7446
    endloop
  endfacet
  facet normal 0 1 -0
    outer loop
      vertex 97.7879 -16 -87.8681
      vertex 97.3474 -16 -84.522
      vertex 97.8937 -16 -87.8577
    endloop
  endfacet
  facet normal 0 1 0
    outer loop
      vertex 98.5223 -16 -87.9405
      vertex 99.6072 -16 -84.7446
      vertex 99.9134 -16 -84.8598
    endloop
  endfacet
  facet normal 0 1 0
    outer loop
      vertex 97.3474 -16 -84.522
      vertex 97.7879 -16 -87.8681
      vertex 97.0246 -16 -84.5753
    endloop
  endfacet
  facet normal 0 1 0
    outer loop
      vertex 98.6219 -16 -87.9779
      vertex 99.9134 -16 -84.8598
      vertex 100.211 -16 -84.9949
    endloop
  endfacet
  facet normal 0 1 -0
    outer loop
      vertex 97.683 -16 -87.8855
      vertex 97.0246 -16 -84.5753
      vertex 97.7879 -16 -87.8681
    endloop
  endfacet
  facet normal 0 1 0
    outer loop
      vertex 98.7187 -16 -88.0218
      vertex 100.211 -16 -84.9949
      vertex 100.5 -16 -85.1491
    endloop
  endfacet
  facet normal 0 1 0
    outer loop
      vertex 97.0246 -16 -84.5753
      vertex 97.683 -16 -87.8855
      vertex 96.7059 -16 -84.6496
    endloop
  endfacet
  facet normal 0 1 0
    outer loop
      vertex 98.8125 -16 -88.072
      vertex 100.5 -16 -85.1491
      vertex 100.778 -16 -85.3219
    endloop
  endfacet
  facet normal 0 1 -0
    outer loop
      vertex 97.5794 -16 -87.9096
      vertex 96.7059 -16 -84.6496
      vertex 97.683 -16 -87.8855
    endloop
  endfacet
  facet normal 0 1 0
    outer loop
      vertex 98.9028 -16 -88.1281
      vertex 100.778 -16 -85.3219
      vertex 101.044 -16 -85.5125
    endloop
  endfacet
  facet normal 0 1 0
    outer loop
      vertex 96.7059 -16 -84.6496
      vertex 97.5794 -16 -87.9096
      vertex 96.3928 -16 -84.7446
    endloop
  endfacet
  facet normal 0 1 0
    outer loop
      vertex 98.9892 -16 -88.19
      vertex 101.044 -16 -85.5125
      vertex 101.297 -16 -85.72
    endloop
  endfacet
  facet normal 0 1 -0
    outer loop
      vertex 97.4777 -16 -87.9405
      vertex 96.3928 -16 -84.7446
      vertex 97.5794 -16 -87.9096
    endloop
  endfacet
  facet normal 0 1 0
    outer loop
      vertex 99.0714 -16 -88.2575
      vertex 101.297 -16 -85.72
      vertex 101.536 -16 -85.9437
    endloop
  endfacet
  facet normal 0 1 0
    outer loop
      vertex 96.3928 -16 -84.7446
      vertex 97.4777 -16 -87.9405
      vertex 96.0866 -16 -84.8598
    endloop
  endfacet
  facet normal 0 1 0
    outer loop
      vertex 99.149 -16 -88.3302
      vertex 101.536 -16 -85.9437
      vertex 101.759 -16 -86.1825
    endloop
  endfacet
  facet normal 0 1 -0
    outer loop
      vertex 97.3781 -16 -87.9779
      vertex 96.0866 -16 -84.8598
      vertex 97.4777 -16 -87.9405
    endloop
  endfacet
  facet normal 0 1 0
    outer loop
      vertex 99.2217 -16 -88.4078
      vertex 101.759 -16 -86.1825
      vertex 101.967 -16 -86.4354
    endloop
  endfacet
  facet normal 0 1 0
    outer loop
      vertex 96.0866 -16 -84.8598
      vertex 97.3781 -16 -87.9779
      vertex 95.7886 -16 -84.9949
    endloop
  endfacet
  facet normal 0 1 0
    outer loop
      vertex 99.2892 -16 -88.49
      vertex 101.967 -16 -86.4354
      vertex 102.157 -16 -86.7014
    endloop
  endfacet
  facet normal 0 1 -0
    outer loop
      vertex 97.2813 -16 -88.0218
      vertex 95.7886 -16 -84.9949
      vertex 97.3781 -16 -87.9779
    endloop
  endfacet
  facet normal 0 1 0
    outer loop
      vertex 99.3511 -16 -88.5764
      vertex 102.157 -16 -86.7014
      vertex 102.33 -16 -86.9792
    endloop
  endfacet
  facet normal 0 1 0
    outer loop
      vertex 95.7886 -16 -84.9949
      vertex 97.2813 -16 -88.0218
      vertex 95.5 -16 -85.1491
    endloop
  endfacet
  facet normal 0 1 0
    outer loop
      vertex 99.4073 -16 -88.6667
      vertex 102.33 -16 -86.9792
      vertex 102.484 -16 -87.2678
    endloop
  endfacet
  facet normal 0 1 -0
    outer loop
      vertex 97.1875 -16 -88.072
      vertex 95.5 -16 -85.1491
      vertex 97.2813 -16 -88.0218
    endloop
  endfacet
  facet normal 0 1 0
    outer loop
      vertex 99.4574 -16 -88.7605
      vertex 102.484 -16 -87.2678
      vertex 102.619 -16 -87.5658
    endloop
  endfacet
  facet normal 0 1 0
    outer loop
      vertex 95.5 -16 -85.1491
      vertex 97.1875 -16 -88.072
      vertex 95.2222 -16 -85.3219
    endloop
  endfacet
  facet normal 0 1 -0
    outer loop
      vertex 97.0972 -16 -88.1281
      vertex 95.2222 -16 -85.3219
      vertex 97.1875 -16 -88.072
    endloop
  endfacet
  facet normal 0 1 0
    outer loop
      vertex 98.327 -16 -84.49
      vertex 98.1063 -16 -87.8577
      vertex 98 -16 -87.8542
    endloop
  endfacet
  facet normal 0 1 0
    outer loop
      vertex 98.6526 -16 -84.522
      vertex 98.2121 -16 -87.8681
      vertex 98.1063 -16 -87.8577
    endloop
  endfacet
  facet normal 0 1 0
    outer loop
      vertex 99.5013 -16 -88.8574
      vertex 102.619 -16 -87.5658
      vertex 102.735 -16 -87.872
    endloop
  endfacet
  facet normal 0 1 0
    outer loop
      vertex 98.9754 -16 -84.5753
      vertex 98.317 -16 -87.8855
      vertex 98.2121 -16 -87.8681
    endloop
  endfacet
  facet normal 0 1 0
    outer loop
      vertex 99.2941 -16 -84.6496
      vertex 98.4206 -16 -87.9096
      vertex 98.317 -16 -87.8855
    endloop
  endfacet
  facet normal 0 1 0
    outer loop
      vertex 99.6072 -16 -84.7446
      vertex 98.5223 -16 -87.9405
      vertex 98.4206 -16 -87.9096
    endloop
  endfacet
  facet normal 0 1 0
    outer loop
      vertex 99.9134 -16 -84.8598
      vertex 98.6219 -16 -87.9779
      vertex 98.5223 -16 -87.9405
    endloop
  endfacet
  facet normal 0 1 0
    outer loop
      vertex 100.211 -16 -84.9949
      vertex 98.7187 -16 -88.0218
      vertex 98.6219 -16 -87.9779
    endloop
  endfacet
  facet normal 0 1 0
    outer loop
      vertex 100.5 -16 -85.1491
      vertex 98.8125 -16 -88.072
      vertex 98.7187 -16 -88.0218
    endloop
  endfacet
  facet normal 0 1 0
    outer loop
      vertex 100.778 -16 -85.3219
      vertex 98.9028 -16 -88.1281
      vertex 98.8125 -16 -88.072
    endloop
  endfacet
  facet normal 0 1 0
    outer loop
      vertex 99.5388 -16 -88.9569
      vertex 102.735 -16 -87.872
      vertex 102.83 -16 -88.1852
    endloop
  endfacet
  facet normal 0 1 0
    outer loop
      vertex 101.044 -16 -85.5125
      vertex 98.9892 -16 -88.19
      vertex 98.9028 -16 -88.1281
    endloop
  endfacet
  facet normal 0 1 0
    outer loop
      vertex 101.297 -16 -85.72
      vertex 99.0714 -16 -88.2575
      vertex 98.9892 -16 -88.19
    endloop
  endfacet
  facet normal 0 1 0
    outer loop
      vertex 101.536 -16 -85.9437
      vertex 99.149 -16 -88.3302
      vertex 99.0714 -16 -88.2575
    endloop
  endfacet
  facet normal 0 1 0
    outer loop
      vertex 101.759 -16 -86.1825
      vertex 99.2217 -16 -88.4078
      vertex 99.149 -16 -88.3302
    endloop
  endfacet
  facet normal 0 1 0
    outer loop
      vertex 101.967 -16 -86.4354
      vertex 99.2892 -16 -88.49
      vertex 99.2217 -16 -88.4078
    endloop
  endfacet
  facet normal 0 1 0
    outer loop
      vertex 99.5696 -16 -89.0587
      vertex 102.83 -16 -88.1852
      vertex 102.904 -16 -88.5038
    endloop
  endfacet
  facet normal 0 1 0
    outer loop
      vertex 102.157 -16 -86.7014
      vertex 99.3511 -16 -88.5764
      vertex 99.2892 -16 -88.49
    endloop
  endfacet
  facet normal 0 1 0
    outer loop
      vertex 102.33 -16 -86.9792
      vertex 99.4073 -16 -88.6667
      vertex 99.3511 -16 -88.5764
    endloop
  endfacet
  facet normal 0 1 0
    outer loop
      vertex 102.484 -16 -87.2678
      vertex 99.4574 -16 -88.7605
      vertex 99.4073 -16 -88.6667
    endloop
  endfacet
  facet normal 0 1 0
    outer loop
      vertex 99.5938 -16 -89.1622
      vertex 102.904 -16 -88.5038
      vertex 102.957 -16 -88.8266
    endloop
  endfacet
  facet normal 0 1 0
    outer loop
      vertex 102.619 -16 -87.5658
      vertex 99.5013 -16 -88.8574
      vertex 99.4574 -16 -88.7605
    endloop
  endfacet
  facet normal 0 1 0
    outer loop
      vertex 102.735 -16 -87.872
      vertex 99.5388 -16 -88.9569
      vertex 99.5013 -16 -88.8574
    endloop
  endfacet
  facet normal 0 1 0
    outer loop
      vertex 102.83 -16 -88.1852
      vertex 99.5696 -16 -89.0587
      vertex 99.5388 -16 -88.9569
    endloop
  endfacet
  facet normal 0 1 0
    outer loop
      vertex 99.6111 -16 -89.2671
      vertex 102.957 -16 -88.8266
      vertex 102.989 -16 -89.1522
    endloop
  endfacet
  facet normal 0 1 0
    outer loop
      vertex 102.904 -16 -88.5038
      vertex 99.5938 -16 -89.1622
      vertex 99.5696 -16 -89.0587
    endloop
  endfacet
  facet normal 0 1 0
    outer loop
      vertex 102.957 -16 -88.8266
      vertex 99.6111 -16 -89.2671
      vertex 99.5938 -16 -89.1622
    endloop
  endfacet
  facet normal 0 1 0
    outer loop
      vertex 102.989 -16 -89.1522
      vertex 99.6215 -16 -89.373
      vertex 99.6111 -16 -89.2671
    endloop
  endfacet
  facet normal 0 1 0
    outer loop
      vertex 103 -16 -89.4792
      vertex 99.6215 -16 -89.373
      vertex 102.989 -16 -89.1522
    endloop
  endfacet
  facet normal 0 1 0
    outer loop
      vertex 103 -16 -89.4792
      vertex 99.625 -16 -89.4792
      vertex 99.6215 -16 -89.373
    endloop
  endfacet
  facet normal 0 1 0
    outer loop
      vertex 103 -16 -89.4792
      vertex 99.6215 -16 -89.5855
      vertex 99.625 -16 -89.4792
    endloop
  endfacet
  facet normal 0 1 -0
    outer loop
      vertex 102.989 -16 -89.8063
      vertex 99.6215 -16 -89.5855
      vertex 103 -16 -89.4792
    endloop
  endfacet
  facet normal 0 1 0
    outer loop
      vertex 99.6215 -16 -89.5855
      vertex 102.989 -16 -89.8063
      vertex 99.6111 -16 -89.6914
    endloop
  endfacet
  facet normal 0 1 -0
    outer loop
      vertex 102.957 -16 -90.1319
      vertex 99.6111 -16 -89.6914
      vertex 102.989 -16 -89.8063
    endloop
  endfacet
  facet normal 0 1 0
    outer loop
      vertex 99.6111 -16 -89.6914
      vertex 102.957 -16 -90.1319
      vertex 99.5938 -16 -89.7963
    endloop
  endfacet
  facet normal 0 1 -0
    outer loop
      vertex 102.904 -16 -90.4547
      vertex 99.5938 -16 -89.7963
      vertex 102.957 -16 -90.1319
    endloop
  endfacet
  facet normal 0 1 0
    outer loop
      vertex 99.5938 -16 -89.7963
      vertex 102.904 -16 -90.4547
      vertex 99.5696 -16 -89.8998
    endloop
  endfacet
  facet normal 0 1 -0
    outer loop
      vertex 102.83 -16 -90.7733
      vertex 99.5696 -16 -89.8998
      vertex 102.904 -16 -90.4547
    endloop
  endfacet
  facet normal 0 1 0
    outer loop
      vertex 99.5696 -16 -89.8998
      vertex 102.83 -16 -90.7733
      vertex 99.5388 -16 -90.0016
    endloop
  endfacet
  facet normal 0 1 -0
    outer loop
      vertex 102.735 -16 -91.0864
      vertex 99.5388 -16 -90.0016
      vertex 102.83 -16 -90.7733
    endloop
  endfacet
  facet normal 0 1 0
    outer loop
      vertex 99.5388 -16 -90.0016
      vertex 102.735 -16 -91.0864
      vertex 99.5013 -16 -90.1011
    endloop
  endfacet
  facet normal 0 1 -0
    outer loop
      vertex 102.619 -16 -91.3927
      vertex 99.5013 -16 -90.1011
      vertex 102.735 -16 -91.0864
    endloop
  endfacet
  facet normal 0 1 0
    outer loop
      vertex 99.5013 -16 -90.1011
      vertex 102.619 -16 -91.3927
      vertex 99.4574 -16 -90.198
    endloop
  endfacet
  facet normal 0 1 -0
    outer loop
      vertex 102.484 -16 -91.6907
      vertex 99.4574 -16 -90.198
      vertex 102.619 -16 -91.3927
    endloop
  endfacet
  facet normal 0 1 0
    outer loop
      vertex 99.4574 -16 -90.198
      vertex 102.484 -16 -91.6907
      vertex 99.4073 -16 -90.2917
    endloop
  endfacet
  facet normal 0 1 -0
    outer loop
      vertex 102.33 -16 -91.9792
      vertex 99.4073 -16 -90.2917
      vertex 102.484 -16 -91.6907
    endloop
  endfacet
  facet normal 0 1 0
    outer loop
      vertex 99.4073 -16 -90.2917
      vertex 102.33 -16 -91.9792
      vertex 99.3511 -16 -90.382
    endloop
  endfacet
  facet normal 0 1 -0
    outer loop
      vertex 102.157 -16 -92.2571
      vertex 99.3511 -16 -90.382
      vertex 102.33 -16 -91.9792
    endloop
  endfacet
  facet normal 0 1 0
    outer loop
      vertex 99.3511 -16 -90.382
      vertex 102.157 -16 -92.2571
      vertex 99.2892 -16 -90.4685
    endloop
  endfacet
  facet normal 0 1 -0
    outer loop
      vertex 101.967 -16 -92.5231
      vertex 99.2892 -16 -90.4685
      vertex 102.157 -16 -92.2571
    endloop
  endfacet
  facet normal 0 1 0
    outer loop
      vertex 99.2892 -16 -90.4685
      vertex 101.967 -16 -92.5231
      vertex 99.2217 -16 -90.5507
    endloop
  endfacet
  facet normal 0 1 -0
    outer loop
      vertex 101.759 -16 -92.776
      vertex 99.2217 -16 -90.5507
      vertex 101.967 -16 -92.5231
    endloop
  endfacet
  facet normal 0 1 0
    outer loop
      vertex 99.2217 -16 -90.5507
      vertex 101.759 -16 -92.776
      vertex 99.149 -16 -90.6283
    endloop
  endfacet
  facet normal 0 1 -0
    outer loop
      vertex 101.536 -16 -93.0148
      vertex 99.149 -16 -90.6283
      vertex 101.759 -16 -92.776
    endloop
  endfacet
  facet normal 0 1 0
    outer loop
      vertex 99.149 -16 -90.6283
      vertex 101.536 -16 -93.0148
      vertex 99.0714 -16 -90.701
    endloop
  endfacet
  facet normal 0 1 -0
    outer loop
      vertex 101.297 -16 -93.2384
      vertex 99.0714 -16 -90.701
      vertex 101.536 -16 -93.0148
    endloop
  endfacet
  facet normal 0 1 0
    outer loop
      vertex 99.0714 -16 -90.701
      vertex 101.297 -16 -93.2384
      vertex 98.9892 -16 -90.7684
    endloop
  endfacet
  facet normal 0 1 -0
    outer loop
      vertex 101.044 -16 -93.446
      vertex 98.9892 -16 -90.7684
      vertex 101.297 -16 -93.2384
    endloop
  endfacet
  facet normal 0 1 0
    outer loop
      vertex 98.9892 -16 -90.7684
      vertex 101.044 -16 -93.446
      vertex 98.9028 -16 -90.8304
    endloop
  endfacet
  facet normal 0 1 -0
    outer loop
      vertex 100.778 -16 -93.6366
      vertex 98.9028 -16 -90.8304
      vertex 101.044 -16 -93.446
    endloop
  endfacet
  facet normal 0 1 0
    outer loop
      vertex 95.2222 -16 -85.3219
      vertex 97.0972 -16 -88.1281
      vertex 94.9562 -16 -85.5125
    endloop
  endfacet
  facet normal 0 1 -0
    outer loop
      vertex 97.0108 -16 -88.19
      vertex 94.9562 -16 -85.5125
      vertex 97.0972 -16 -88.1281
    endloop
  endfacet
  facet normal 0 1 0
    outer loop
      vertex 94.9562 -16 -85.5125
      vertex 97.0108 -16 -88.19
      vertex 94.7033 -16 -85.72
    endloop
  endfacet
  facet normal 0 1 -0
    outer loop
      vertex 96.9286 -16 -88.2575
      vertex 94.7033 -16 -85.72
      vertex 97.0108 -16 -88.19
    endloop
  endfacet
  facet normal 0 1 0
    outer loop
      vertex 94.7033 -16 -85.72
      vertex 96.9286 -16 -88.2575
      vertex 94.4645 -16 -85.9437
    endloop
  endfacet
  facet normal 0 1 -0
    outer loop
      vertex 96.851 -16 -88.3302
      vertex 94.4645 -16 -85.9437
      vertex 96.9286 -16 -88.2575
    endloop
  endfacet
  facet normal 0 1 0
    outer loop
      vertex 94.4645 -16 -85.9437
      vertex 96.851 -16 -88.3302
      vertex 94.2408 -16 -86.1825
    endloop
  endfacet
  facet normal 0 1 -0
    outer loop
      vertex 96.7783 -16 -88.4078
      vertex 94.2408 -16 -86.1825
      vertex 96.851 -16 -88.3302
    endloop
  endfacet
  facet normal 0 1 0
    outer loop
      vertex 94.2408 -16 -86.1825
      vertex 96.7783 -16 -88.4078
      vertex 94.0332 -16 -86.4354
    endloop
  endfacet
  facet normal 0 1 -0
    outer loop
      vertex 96.7108 -16 -88.49
      vertex 94.0332 -16 -86.4354
      vertex 96.7783 -16 -88.4078
    endloop
  endfacet
  facet normal 0 1 0
    outer loop
      vertex 94.0332 -16 -86.4354
      vertex 96.7108 -16 -88.49
      vertex 93.8427 -16 -86.7014
    endloop
  endfacet
  facet normal 0 1 -0
    outer loop
      vertex 96.6489 -16 -88.5764
      vertex 93.8427 -16 -86.7014
      vertex 96.7108 -16 -88.49
    endloop
  endfacet
  facet normal 0 1 0
    outer loop
      vertex 93.8427 -16 -86.7014
      vertex 96.6489 -16 -88.5764
      vertex 93.6699 -16 -86.9792
    endloop
  endfacet
  facet normal 0 1 -0
    outer loop
      vertex 96.5927 -16 -88.6667
      vertex 93.6699 -16 -86.9792
      vertex 96.6489 -16 -88.5764
    endloop
  endfacet
  facet normal 0 1 0
    outer loop
      vertex 93.6699 -16 -86.9792
      vertex 96.5927 -16 -88.6667
      vertex 93.5156 -16 -87.2678
    endloop
  endfacet
  facet normal 0 1 -0
    outer loop
      vertex 96.5426 -16 -88.7605
      vertex 93.5156 -16 -87.2678
      vertex 96.5927 -16 -88.6667
    endloop
  endfacet
  facet normal 0 1 0
    outer loop
      vertex 93.5156 -16 -87.2678
      vertex 96.5426 -16 -88.7605
      vertex 93.3806 -16 -87.5658
    endloop
  endfacet
  facet normal 0 1 -0
    outer loop
      vertex 96.4987 -16 -88.8574
      vertex 93.3806 -16 -87.5658
      vertex 96.5426 -16 -88.7605
    endloop
  endfacet
  facet normal 0 1 0
    outer loop
      vertex 93.3806 -16 -87.5658
      vertex 96.4987 -16 -88.8574
      vertex 93.2654 -16 -87.872
    endloop
  endfacet
  facet normal 0 1 -0
    outer loop
      vertex 96.4612 -16 -88.9569
      vertex 93.2654 -16 -87.872
      vertex 96.4987 -16 -88.8574
    endloop
  endfacet
  facet normal 0 1 0
    outer loop
      vertex 93.2654 -16 -87.872
      vertex 96.4612 -16 -88.9569
      vertex 93.1704 -16 -88.1852
    endloop
  endfacet
  facet normal 0 1 -0
    outer loop
      vertex 96.4304 -16 -89.0587
      vertex 93.1704 -16 -88.1852
      vertex 96.4612 -16 -88.9569
    endloop
  endfacet
  facet normal 0 1 0
    outer loop
      vertex 93.1704 -16 -88.1852
      vertex 96.4304 -16 -89.0587
      vertex 93.0961 -16 -88.5038
    endloop
  endfacet
  facet normal 0 1 -0
    outer loop
      vertex 96.4062 -16 -89.1622
      vertex 93.0961 -16 -88.5038
      vertex 96.4304 -16 -89.0587
    endloop
  endfacet
  facet normal 0 1 0
    outer loop
      vertex 93.0961 -16 -88.5038
      vertex 96.4062 -16 -89.1622
      vertex 93.0428 -16 -88.8266
    endloop
  endfacet
  facet normal 0 1 -0
    outer loop
      vertex 96.3889 -16 -89.2671
      vertex 93.0428 -16 -88.8266
      vertex 96.4062 -16 -89.1622
    endloop
  endfacet
  facet normal 0 1 0
    outer loop
      vertex 93.0428 -16 -88.8266
      vertex 96.3889 -16 -89.2671
      vertex 93.0107 -16 -89.1522
    endloop
  endfacet
  facet normal 0 1 -0
    outer loop
      vertex 96.3785 -16 -89.373
      vertex 93.0107 -16 -89.1522
      vertex 96.3889 -16 -89.2671
    endloop
  endfacet
  facet normal 0 1 -0
    outer loop
      vertex 96.375 -16 -89.4792
      vertex 93.0107 -16 -89.1522
      vertex 96.3785 -16 -89.373
    endloop
  endfacet
  facet normal 0 1 0
    outer loop
      vertex 96.375 -16 -89.4792
      vertex 93 -16 -89.4792
      vertex 93.0107 -16 -89.1522
    endloop
  endfacet
  facet normal 0 1 0
    outer loop
      vertex 96.3785 -16 -89.5855
      vertex 93 -16 -89.4792
      vertex 96.375 -16 -89.4792
    endloop
  endfacet
  facet normal 0 1 0
    outer loop
      vertex 93.0107 -16 -89.8063
      vertex 96.3785 -16 -89.5855
      vertex 96.3889 -16 -89.6914
    endloop
  endfacet
  facet normal 0 1 0
    outer loop
      vertex 93.0428 -16 -90.1319
      vertex 96.3889 -16 -89.6914
      vertex 96.4062 -16 -89.7963
    endloop
  endfacet
  facet normal 0 1 0
    outer loop
      vertex 96.3785 -16 -89.5855
      vertex 93.0107 -16 -89.8063
      vertex 93 -16 -89.4792
    endloop
  endfacet
  facet normal 0 1 0
    outer loop
      vertex 93.0961 -16 -90.4547
      vertex 96.4062 -16 -89.7963
      vertex 96.4304 -16 -89.8998
    endloop
  endfacet
  facet normal 0 1 0
    outer loop
      vertex 93.1704 -16 -90.7733
      vertex 96.4304 -16 -89.8998
      vertex 96.4612 -16 -90.0016
    endloop
  endfacet
  facet normal 0 1 0
    outer loop
      vertex 93.2654 -16 -91.0864
      vertex 96.4612 -16 -90.0016
      vertex 96.4987 -16 -90.1011
    endloop
  endfacet
  facet normal 0 1 0
    outer loop
      vertex 96.3889 -16 -89.6914
      vertex 93.0428 -16 -90.1319
      vertex 93.0107 -16 -89.8063
    endloop
  endfacet
  facet normal 0 1 0
    outer loop
      vertex 93.3806 -16 -91.3927
      vertex 96.4987 -16 -90.1011
      vertex 96.5426 -16 -90.198
    endloop
  endfacet
  facet normal 0 1 0
    outer loop
      vertex 93.5156 -16 -91.6907
      vertex 96.5426 -16 -90.198
      vertex 96.5927 -16 -90.2917
    endloop
  endfacet
  facet normal 0 1 0
    outer loop
      vertex 93.6699 -16 -91.9792
      vertex 96.5927 -16 -90.2917
      vertex 96.6489 -16 -90.382
    endloop
  endfacet
  facet normal 0 1 0
    outer loop
      vertex 96.4062 -16 -89.7963
      vertex 93.0961 -16 -90.4547
      vertex 93.0428 -16 -90.1319
    endloop
  endfacet
  facet normal 0 1 0
    outer loop
      vertex 93.8427 -16 -92.2571
      vertex 96.6489 -16 -90.382
      vertex 96.7108 -16 -90.4685
    endloop
  endfacet
  facet normal 0 1 0
    outer loop
      vertex 94.0332 -16 -92.5231
      vertex 96.7108 -16 -90.4685
      vertex 96.7783 -16 -90.5507
    endloop
  endfacet
  facet normal 0 1 0
    outer loop
      vertex 94.2408 -16 -92.776
      vertex 96.7783 -16 -90.5507
      vertex 96.851 -16 -90.6283
    endloop
  endfacet
  facet normal 0 1 0
    outer loop
      vertex 94.4645 -16 -93.0148
      vertex 96.851 -16 -90.6283
      vertex 96.9286 -16 -90.701
    endloop
  endfacet
  facet normal 0 1 0
    outer loop
      vertex 94.7033 -16 -93.2384
      vertex 96.9286 -16 -90.701
      vertex 97.0108 -16 -90.7684
    endloop
  endfacet
  facet normal 0 1 0
    outer loop
      vertex 96.4304 -16 -89.8998
      vertex 93.1704 -16 -90.7733
      vertex 93.0961 -16 -90.4547
    endloop
  endfacet
  facet normal 0 1 0
    outer loop
      vertex 94.9562 -16 -93.446
      vertex 97.0108 -16 -90.7684
      vertex 97.0972 -16 -90.8304
    endloop
  endfacet
  facet normal 0 1 0
    outer loop
      vertex 95.2222 -16 -93.6366
      vertex 97.0972 -16 -90.8304
      vertex 97.1875 -16 -90.8865
    endloop
  endfacet
  facet normal 0 1 0
    outer loop
      vertex 95.5 -16 -93.8094
      vertex 97.1875 -16 -90.8865
      vertex 97.2813 -16 -90.9367
    endloop
  endfacet
  facet normal 0 1 0
    outer loop
      vertex 95.7886 -16 -93.9636
      vertex 97.2813 -16 -90.9367
      vertex 97.3781 -16 -90.9806
    endloop
  endfacet
  facet normal 0 1 0
    outer loop
      vertex 96.0866 -16 -94.0986
      vertex 97.3781 -16 -90.9806
      vertex 97.4777 -16 -91.018
    endloop
  endfacet
  facet normal 0 1 0
    outer loop
      vertex 96.3928 -16 -94.2139
      vertex 97.4777 -16 -91.018
      vertex 97.5794 -16 -91.0489
    endloop
  endfacet
  facet normal 0 1 0
    outer loop
      vertex 96.7059 -16 -94.3089
      vertex 97.5794 -16 -91.0489
      vertex 97.683 -16 -91.073
    endloop
  endfacet
  facet normal 0 1 0
    outer loop
      vertex 96.4612 -16 -90.0016
      vertex 93.2654 -16 -91.0864
      vertex 93.1704 -16 -90.7733
    endloop
  endfacet
  facet normal 0 1 0
    outer loop
      vertex 97.0246 -16 -94.3832
      vertex 97.683 -16 -91.073
      vertex 97.7879 -16 -91.0903
    endloop
  endfacet
  facet normal 0 1 0
    outer loop
      vertex 97.3474 -16 -94.4365
      vertex 97.7879 -16 -91.0903
      vertex 97.8937 -16 -91.1008
    endloop
  endfacet
  facet normal 0 1 0
    outer loop
      vertex 97.673 -16 -94.4685
      vertex 97.8937 -16 -91.1008
      vertex 98 -16 -91.1042
    endloop
  endfacet
  facet normal 0 1 0
    outer loop
      vertex 98.9028 -16 -90.8304
      vertex 100.778 -16 -93.6366
      vertex 98.8125 -16 -90.8865
    endloop
  endfacet
  facet normal 0 1 0
    outer loop
      vertex 96.4987 -16 -90.1011
      vertex 93.3806 -16 -91.3927
      vertex 93.2654 -16 -91.0864
    endloop
  endfacet
  facet normal 0 1 -0
    outer loop
      vertex 100.5 -16 -93.8094
      vertex 98.8125 -16 -90.8865
      vertex 100.778 -16 -93.6366
    endloop
  endfacet
  facet normal 0 1 0
    outer loop
      vertex 96.5426 -16 -90.198
      vertex 93.5156 -16 -91.6907
      vertex 93.3806 -16 -91.3927
    endloop
  endfacet
  facet normal 0 1 0
    outer loop
      vertex 98.8125 -16 -90.8865
      vertex 100.5 -16 -93.8094
      vertex 98.7187 -16 -90.9367
    endloop
  endfacet
  facet normal 0 1 0
    outer loop
      vertex 96.5927 -16 -90.2917
      vertex 93.6699 -16 -91.9792
      vertex 93.5156 -16 -91.6907
    endloop
  endfacet
  facet normal 0 1 -0
    outer loop
      vertex 100.211 -16 -93.9636
      vertex 98.7187 -16 -90.9367
      vertex 100.5 -16 -93.8094
    endloop
  endfacet
  facet normal 0 1 0
    outer loop
      vertex 96.6489 -16 -90.382
      vertex 93.8427 -16 -92.2571
      vertex 93.6699 -16 -91.9792
    endloop
  endfacet
  facet normal 0 1 0
    outer loop
      vertex 98.7187 -16 -90.9367
      vertex 100.211 -16 -93.9636
      vertex 98.6219 -16 -90.9806
    endloop
  endfacet
  facet normal 0 1 0
    outer loop
      vertex 96.7108 -16 -90.4685
      vertex 94.0332 -16 -92.5231
      vertex 93.8427 -16 -92.2571
    endloop
  endfacet
  facet normal 0 1 -0
    outer loop
      vertex 99.9134 -16 -94.0986
      vertex 98.6219 -16 -90.9806
      vertex 100.211 -16 -93.9636
    endloop
  endfacet
  facet normal 0 1 0
    outer loop
      vertex 96.7783 -16 -90.5507
      vertex 94.2408 -16 -92.776
      vertex 94.0332 -16 -92.5231
    endloop
  endfacet
  facet normal 0 1 0
    outer loop
      vertex 98.6219 -16 -90.9806
      vertex 99.9134 -16 -94.0986
      vertex 98.5223 -16 -91.018
    endloop
  endfacet
  facet normal 0 1 0
    outer loop
      vertex 96.851 -16 -90.6283
      vertex 94.4645 -16 -93.0148
      vertex 94.2408 -16 -92.776
    endloop
  endfacet
  facet normal 0 1 -0
    outer loop
      vertex 99.6072 -16 -94.2139
      vertex 98.5223 -16 -91.018
      vertex 99.9134 -16 -94.0986
    endloop
  endfacet
  facet normal 0 1 0
    outer loop
      vertex 96.9286 -16 -90.701
      vertex 94.7033 -16 -93.2384
      vertex 94.4645 -16 -93.0148
    endloop
  endfacet
  facet normal 0 1 0
    outer loop
      vertex 98.5223 -16 -91.018
      vertex 99.6072 -16 -94.2139
      vertex 98.4206 -16 -91.0489
    endloop
  endfacet
  facet normal 0 1 0
    outer loop
      vertex 97.0108 -16 -90.7684
      vertex 94.9562 -16 -93.446
      vertex 94.7033 -16 -93.2384
    endloop
  endfacet
  facet normal 0 1 -0
    outer loop
      vertex 99.2941 -16 -94.3089
      vertex 98.4206 -16 -91.0489
      vertex 99.6072 -16 -94.2139
    endloop
  endfacet
  facet normal 0 1 0
    outer loop
      vertex 97.0972 -16 -90.8304
      vertex 95.2222 -16 -93.6366
      vertex 94.9562 -16 -93.446
    endloop
  endfacet
  facet normal 0 1 0
    outer loop
      vertex 98.4206 -16 -91.0489
      vertex 99.2941 -16 -94.3089
      vertex 98.317 -16 -91.073
    endloop
  endfacet
  facet normal 0 1 0
    outer loop
      vertex 97.1875 -16 -90.8865
      vertex 95.5 -16 -93.8094
      vertex 95.2222 -16 -93.6366
    endloop
  endfacet
  facet normal 0 1 -0
    outer loop
      vertex 98.9754 -16 -94.3832
      vertex 98.317 -16 -91.073
      vertex 99.2941 -16 -94.3089
    endloop
  endfacet
  facet normal 0 1 0
    outer loop
      vertex 97.2813 -16 -90.9367
      vertex 95.7886 -16 -93.9636
      vertex 95.5 -16 -93.8094
    endloop
  endfacet
  facet normal 0 1 0
    outer loop
      vertex 98.317 -16 -91.073
      vertex 98.9754 -16 -94.3832
      vertex 98.2121 -16 -91.0903
    endloop
  endfacet
  facet normal 0 1 0
    outer loop
      vertex 97.3781 -16 -90.9806
      vertex 96.0866 -16 -94.0986
      vertex 95.7886 -16 -93.9636
    endloop
  endfacet
  facet normal 0 1 -0
    outer loop
      vertex 98.6526 -16 -94.4365
      vertex 98.2121 -16 -91.0903
      vertex 98.9754 -16 -94.3832
    endloop
  endfacet
  facet normal 0 1 0
    outer loop
      vertex 97.4777 -16 -91.018
      vertex 96.3928 -16 -94.2139
      vertex 96.0866 -16 -94.0986
    endloop
  endfacet
  facet normal 0 1 0
    outer loop
      vertex 98.2121 -16 -91.0903
      vertex 98.6526 -16 -94.4365
      vertex 98.1063 -16 -91.1008
    endloop
  endfacet
  facet normal 0 1 0
    outer loop
      vertex 97.5794 -16 -91.0489
      vertex 96.7059 -16 -94.3089
      vertex 96.3928 -16 -94.2139
    endloop
  endfacet
  facet normal 0 1 -0
    outer loop
      vertex 98.327 -16 -94.4685
      vertex 98.1063 -16 -91.1008
      vertex 98.6526 -16 -94.4365
    endloop
  endfacet
  facet normal 0 1 0
    outer loop
      vertex 97.683 -16 -91.073
      vertex 97.0246 -16 -94.3832
      vertex 96.7059 -16 -94.3089
    endloop
  endfacet
  facet normal 0 1 0
    outer loop
      vertex 98.1063 -16 -91.1008
      vertex 98.327 -16 -94.4685
      vertex 98 -16 -91.1042
    endloop
  endfacet
  facet normal 0 1 0
    outer loop
      vertex 97.7879 -16 -91.0903
      vertex 97.3474 -16 -94.4365
      vertex 97.0246 -16 -94.3832
    endloop
  endfacet
  facet normal 0 1 0
    outer loop
      vertex 98 -16 -94.4792
      vertex 98 -16 -91.1042
      vertex 98.327 -16 -94.4685
    endloop
  endfacet
  facet normal 0 1 0
    outer loop
      vertex 97.8937 -16 -91.1008
      vertex 97.673 -16 -94.4685
      vertex 97.3474 -16 -94.4365
    endloop
  endfacet
  facet normal 0 1 0
    outer loop
      vertex 98 -16 -91.1042
      vertex 98 -16 -94.4792
      vertex 97.673 -16 -94.4685
    endloop
  endfacet
  facet normal 0.974071 -0 0.226244
    outer loop
      vertex 102.83 -40 -88.1852
      vertex 102.904 -16 -88.5038
      vertex 102.83 -16 -88.1852
    endloop
  endfacet
  facet normal 0.974071 0 0.226244
    outer loop
      vertex 102.904 -16 -88.5038
      vertex 102.83 -40 -88.1852
      vertex 102.904 -40 -88.5038
    endloop
  endfacet
  facet normal 0.935144 -0 0.354268
    outer loop
      vertex 102.619 -40 -87.5658
      vertex 102.735 -16 -87.872
      vertex 102.619 -16 -87.5658
    endloop
  endfacet
  facet normal 0.935144 0 0.354268
    outer loop
      vertex 102.735 -16 -87.872
      vertex 102.619 -40 -87.5658
      vertex 102.735 -40 -87.872
    endloop
  endfacet
  facet normal 0.227046 0 0.973884
    outer loop
      vertex 98.9754 -16 -84.5753
      vertex 99.2941 -40 -84.6496
      vertex 99.2941 -16 -84.6496
    endloop
  endfacet
  facet normal 0.227046 0 0.973884
    outer loop
      vertex 99.2941 -40 -84.6496
      vertex 98.9754 -16 -84.5753
      vertex 98.9754 -40 -84.5753
    endloop
  endfacet
  facet normal 0.470747 0 0.882268
    outer loop
      vertex 100.211 -16 -84.9949
      vertex 100.5 -40 -85.1491
      vertex 100.5 -16 -85.1491
    endloop
  endfacet
  facet normal 0.470747 0 0.882268
    outer loop
      vertex 100.5 -40 -85.1491
      vertex 100.211 -16 -84.9949
      vertex 100.211 -40 -84.9949
    endloop
  endfacet
  facet normal 0.634153 0 0.773208
    outer loop
      vertex 101.044 -16 -85.5125
      vertex 101.297 -40 -85.72
      vertex 101.297 -16 -85.72
    endloop
  endfacet
  facet normal 0.634153 0 0.773208
    outer loop
      vertex 101.297 -40 -85.72
      vertex 101.044 -16 -85.5125
      vertex 101.044 -40 -85.5125
    endloop
  endfacet
  facet normal -0.729804 0 0.683656
    outer loop
      vertex 94.2408 -40 -86.1825
      vertex 94.4645 -16 -85.9437
      vertex 94.2408 -16 -86.1825
    endloop
  endfacet
  facet normal -0.729804 0 0.683656
    outer loop
      vertex 94.4645 -16 -85.9437
      vertex 94.2408 -40 -86.1825
      vertex 94.4645 -40 -85.9437
    endloop
  endfacet
  facet normal -0.88187 0 0.471492
    outer loop
      vertex 93.5156 -40 -87.2678
      vertex 93.6699 -16 -86.9792
      vertex 93.5156 -16 -87.2678
    endloop
  endfacet
  facet normal -0.88187 0 0.471492
    outer loop
      vertex 93.6699 -16 -86.9792
      vertex 93.5156 -40 -87.2678
      vertex 93.6699 -40 -86.9792
    endloop
  endfacet
  facet normal -0.973868 0 0.227114
    outer loop
      vertex 93.0961 -40 -88.5038
      vertex 93.1704 -16 -88.1852
      vertex 93.0961 -16 -88.5038
    endloop
  endfacet
  facet normal -0.973868 0 0.227114
    outer loop
      vertex 93.1704 -16 -88.1852
      vertex 93.0961 -40 -88.5038
      vertex 93.1704 -40 -88.1852
    endloop
  endfacet
  facet normal -0.412905 0 0.910774
    outer loop
      vertex 95.7886 -16 -84.9949
      vertex 96.0866 -40 -84.8598
      vertex 96.0866 -16 -84.8598
    endloop
  endfacet
  facet normal -0.412905 0 0.910774
    outer loop
      vertex 96.0866 -40 -84.8598
      vertex 95.7886 -16 -84.9949
      vertex 95.7886 -40 -84.9949
    endloop
  endfacet
  facet normal -0.0978089 0 0.995205
    outer loop
      vertex 97.3474 -16 -84.522
      vertex 97.673 -40 -84.49
      vertex 97.673 -16 -84.49
    endloop
  endfacet
  facet normal -0.0978089 0 0.995205
    outer loop
      vertex 97.673 -40 -84.49
      vertex 97.3474 -16 -84.522
      vertex 97.3474 -40 -84.522
    endloop
  endfacet
  facet normal 0.162912 0 -0.986641
    outer loop
      vertex 98.6526 -40 -94.4365
      vertex 98.9754 -16 -94.3832
      vertex 98.9754 -40 -94.3832
    endloop
  endfacet
  facet normal 0.162912 0 -0.986641
    outer loop
      vertex 98.9754 -16 -94.3832
      vertex 98.6526 -40 -94.4365
      vertex 98.6526 -16 -94.4365
    endloop
  endfacet
  facet normal 0.0327042 0 -0.999465
    outer loop
      vertex 98 -40 -94.4792
      vertex 98.327 -16 -94.4685
      vertex 98.327 -40 -94.4685
    endloop
  endfacet
  facet normal 0.0327042 0 -0.999465
    outer loop
      vertex 98.327 -16 -94.4685
      vertex 98 -40 -94.4792
      vertex 98 -16 -94.4792
    endloop
  endfacet
  facet normal 0.0978089 0 -0.995205
    outer loop
      vertex 98.327 -40 -94.4685
      vertex 98.6526 -16 -94.4365
      vertex 98.6526 -40 -94.4365
    endloop
  endfacet
  facet normal 0.0978089 0 -0.995205
    outer loop
      vertex 98.6526 -16 -94.4365
      vertex 98.327 -40 -94.4685
      vertex 98.327 -16 -94.4685
    endloop
  endfacet
  facet normal 0.227046 0 -0.973884
    outer loop
      vertex 98.9754 -40 -94.3832
      vertex 99.2941 -16 -94.3089
      vertex 99.2941 -40 -94.3089
    endloop
  endfacet
  facet normal 0.227046 0 -0.973884
    outer loop
      vertex 99.2941 -16 -94.3089
      vertex 98.9754 -40 -94.3832
      vertex 98.9754 -16 -94.3832
    endloop
  endfacet
  facet normal 0.352396 0 -0.935851
    outer loop
      vertex 99.6072 -40 -94.2139
      vertex 99.9134 -16 -94.0986
      vertex 99.9134 -40 -94.0986
    endloop
  endfacet
  facet normal 0.352396 0 -0.935851
    outer loop
      vertex 99.9134 -16 -94.0986
      vertex 99.6072 -40 -94.2139
      vertex 99.6072 -16 -94.2139
    endloop
  endfacet
  facet normal 0.290347 0 -0.956922
    outer loop
      vertex 99.2941 -40 -94.3089
      vertex 99.6072 -16 -94.2139
      vertex 99.6072 -40 -94.2139
    endloop
  endfacet
  facet normal 0.290347 0 -0.956922
    outer loop
      vertex 99.6072 -16 -94.2139
      vertex 99.2941 -40 -94.3089
      vertex 99.2941 -16 -94.3089
    endloop
  endfacet
  facet normal 0.634335 0 -0.773058
    outer loop
      vertex 101.044 -40 -93.446
      vertex 101.297 -16 -93.2384
      vertex 101.297 -40 -93.2384
    endloop
  endfacet
  facet normal 0.634335 0 -0.773058
    outer loop
      vertex 101.297 -16 -93.2384
      vertex 101.044 -40 -93.446
      vertex 101.044 -16 -93.446
    endloop
  endfacet
  facet normal 0.52791 0 -0.8493
    outer loop
      vertex 100.5 -40 -93.8094
      vertex 100.778 -16 -93.6366
      vertex 100.778 -40 -93.6366
    endloop
  endfacet
  facet normal 0.52791 0 -0.8493
    outer loop
      vertex 100.778 -16 -93.6366
      vertex 100.5 -40 -93.8094
      vertex 100.5 -16 -93.8094
    endloop
  endfacet
  facet normal 0.470747 0 -0.882268
    outer loop
      vertex 100.211 -40 -93.9636
      vertex 100.5 -16 -93.8094
      vertex 100.5 -40 -93.8094
    endloop
  endfacet
  facet normal 0.470747 0 -0.882268
    outer loop
      vertex 100.5 -16 -93.8094
      vertex 100.211 -40 -93.9636
      vertex 100.211 -16 -93.9636
    endloop
  endfacet
  facet normal 0.730872 0 -0.682515
    outer loop
      vertex 101.759 -40 -92.776
      vertex 101.536 -16 -93.0148
      vertex 101.759 -16 -92.776
    endloop
  endfacet
  facet normal 0.730872 0 -0.682515
    outer loop
      vertex 101.536 -16 -93.0148
      vertex 101.759 -40 -92.776
      vertex 101.536 -40 -93.0148
    endloop
  endfacet
  facet normal 0.772336 0 -0.635215
    outer loop
      vertex 101.967 -40 -92.5231
      vertex 101.759 -16 -92.776
      vertex 101.967 -16 -92.5231
    endloop
  endfacet
  facet normal 0.772336 0 -0.635215
    outer loop
      vertex 101.759 -16 -92.776
      vertex 101.967 -40 -92.5231
      vertex 101.759 -40 -92.776
    endloop
  endfacet
  facet normal 0.910889 0 -0.412651
    outer loop
      vertex 102.619 -40 -91.3927
      vertex 102.484 -16 -91.6907
      vertex 102.619 -16 -91.3927
    endloop
  endfacet
  facet normal 0.910889 0 -0.412651
    outer loop
      vertex 102.484 -16 -91.6907
      vertex 102.619 -40 -91.3927
      vertex 102.484 -40 -91.6907
    endloop
  endfacet
  facet normal 0.986788 0 -0.162019
    outer loop
      vertex 102.957 -40 -90.1319
      vertex 102.904 -16 -90.4547
      vertex 102.957 -16 -90.1319
    endloop
  endfacet
  facet normal 0.986788 0 -0.162019
    outer loop
      vertex 102.904 -16 -90.4547
      vertex 102.957 -40 -90.1319
      vertex 102.904 -40 -90.4547
    endloop
  endfacet
  facet normal 0.995205 0 -0.0978089
    outer loop
      vertex 102.989 -40 -89.8063
      vertex 102.957 -16 -90.1319
      vertex 102.989 -16 -89.8063
    endloop
  endfacet
  facet normal 0.995205 0 -0.0978089
    outer loop
      vertex 102.957 -16 -90.1319
      vertex 102.989 -40 -89.8063
      vertex 102.957 -40 -90.1319
    endloop
  endfacet
  facet normal -0.582452 0 -0.812865
    outer loop
      vertex 94.9562 -40 -93.446
      vertex 95.2222 -16 -93.6366
      vertex 95.2222 -40 -93.6366
    endloop
  endfacet
  facet normal -0.582452 0 -0.812865
    outer loop
      vertex 95.2222 -16 -93.6366
      vertex 94.9562 -40 -93.446
      vertex 94.9562 -16 -93.446
    endloop
  endfacet
  facet normal -0.683494 0 -0.729956
    outer loop
      vertex 94.4645 -40 -93.0148
      vertex 94.7033 -16 -93.2384
      vertex 94.7033 -40 -93.2384
    endloop
  endfacet
  facet normal -0.683494 0 -0.729956
    outer loop
      vertex 94.7033 -16 -93.2384
      vertex 94.4645 -40 -93.0148
      vertex 94.4645 -16 -93.0148
    endloop
  endfacet
  facet normal -0.634485 0 -0.772935
    outer loop
      vertex 94.7033 -40 -93.2384
      vertex 94.9562 -16 -93.446
      vertex 94.9562 -40 -93.446
    endloop
  endfacet
  facet normal -0.634485 0 -0.772935
    outer loop
      vertex 94.9562 -16 -93.446
      vertex 94.7033 -40 -93.2384
      vertex 94.7033 -16 -93.2384
    endloop
  endfacet
  facet normal -0.471254 0 -0.881997
    outer loop
      vertex 95.5 -40 -93.8094
      vertex 95.7886 -16 -93.9636
      vertex 95.7886 -40 -93.9636
    endloop
  endfacet
  facet normal -0.471254 0 -0.881997
    outer loop
      vertex 95.7886 -16 -93.9636
      vertex 95.5 -40 -93.8094
      vertex 95.5 -16 -93.8094
    endloop
  endfacet
  facet normal -0.0978089 0 -0.995205
    outer loop
      vertex 97.3474 -40 -94.4365
      vertex 97.673 -16 -94.4685
      vertex 97.673 -40 -94.4685
    endloop
  endfacet
  facet normal -0.0978089 0 -0.995205
    outer loop
      vertex 97.673 -16 -94.4685
      vertex 97.3474 -40 -94.4365
      vertex 97.3474 -16 -94.4365
    endloop
  endfacet
  facet normal -0.729804 0 -0.683656
    outer loop
      vertex 94.4645 -40 -93.0148
      vertex 94.2408 -16 -92.776
      vertex 94.4645 -16 -93.0148
    endloop
  endfacet
  facet normal -0.729804 -0 -0.683656
    outer loop
      vertex 94.2408 -16 -92.776
      vertex 94.4645 -40 -93.0148
      vertex 94.2408 -40 -92.776
    endloop
  endfacet
  facet normal -0.910889 0 -0.412651
    outer loop
      vertex 93.5156 -40 -91.6907
      vertex 93.3806 -16 -91.3927
      vertex 93.5156 -16 -91.6907
    endloop
  endfacet
  facet normal -0.910889 -0 -0.412651
    outer loop
      vertex 93.3806 -16 -91.3927
      vertex 93.5156 -40 -91.6907
      vertex 93.3806 -40 -91.3927
    endloop
  endfacet
  facet normal -0.881802 0 -0.471619
    outer loop
      vertex 93.6699 -40 -91.9792
      vertex 93.5156 -16 -91.6907
      vertex 93.6699 -16 -91.9792
    endloop
  endfacet
  facet normal -0.881802 -0 -0.471619
    outer loop
      vertex 93.5156 -16 -91.6907
      vertex 93.6699 -40 -91.9792
      vertex 93.5156 -40 -91.6907
    endloop
  endfacet
  facet normal -0.973868 0 -0.227114
    outer loop
      vertex 93.1704 -40 -90.7733
      vertex 93.0961 -16 -90.4547
      vertex 93.1704 -16 -90.7733
    endloop
  endfacet
  facet normal -0.973868 -0 -0.227114
    outer loop
      vertex 93.0961 -16 -90.4547
      vertex 93.1704 -40 -90.7733
      vertex 93.0961 -40 -90.4547
    endloop
  endfacet
  facet normal -0.986641 0 -0.162912
    outer loop
      vertex 93.0961 -40 -90.4547
      vertex 93.0428 -16 -90.1319
      vertex 93.0961 -16 -90.4547
    endloop
  endfacet
  facet normal -0.986641 -0 -0.162912
    outer loop
      vertex 93.0428 -16 -90.1319
      vertex 93.0961 -40 -90.4547
      vertex 93.0428 -40 -90.1319
    endloop
  endfacet
  facet normal -0.999465 0 -0.0326942
    outer loop
      vertex 93.0107 -40 -89.8063
      vertex 93 -16 -89.4792
      vertex 93.0107 -16 -89.8063
    endloop
  endfacet
  facet normal -0.999465 -0 -0.0326942
    outer loop
      vertex 93 -16 -89.4792
      vertex 93.0107 -40 -89.8063
      vertex 93 -40 -89.4792
    endloop
  endfacet
  facet normal 0.772336 -0 0.635215
    outer loop
      vertex 101.759 -40 -86.1825
      vertex 101.967 -16 -86.4354
      vertex 101.759 -16 -86.1825
    endloop
  endfacet
  facet normal 0.772336 0 0.635215
    outer loop
      vertex 101.967 -16 -86.4354
      vertex 101.759 -40 -86.1825
      vertex 101.967 -40 -86.4354
    endloop
  endfacet
  facet normal 0.0978089 0 0.995205
    outer loop
      vertex 98.327 -16 -84.49
      vertex 98.6526 -40 -84.522
      vertex 98.6526 -16 -84.522
    endloop
  endfacet
  facet normal 0.0978089 0 0.995205
    outer loop
      vertex 98.6526 -40 -84.522
      vertex 98.327 -16 -84.49
      vertex 98.327 -40 -84.49
    endloop
  endfacet
  facet normal 0 -1 0
    outer loop
      vertex 98 -40 -87.8542
      vertex 98 -40 -84.4792
      vertex 97.673 -40 -84.49
    endloop
  endfacet
  facet normal 0 -1 0
    outer loop
      vertex 97.8937 -40 -87.8577
      vertex 97.673 -40 -84.49
      vertex 97.3474 -40 -84.522
    endloop
  endfacet
  facet normal 0 -1 0
    outer loop
      vertex 98 -40 -84.4792
      vertex 98 -40 -87.8542
      vertex 98.327 -40 -84.49
    endloop
  endfacet
  facet normal 0 -1 0
    outer loop
      vertex 97.7879 -40 -87.8681
      vertex 97.3474 -40 -84.522
      vertex 97.0246 -40 -84.5753
    endloop
  endfacet
  facet normal 0 -1 0
    outer loop
      vertex 98.1063 -40 -87.8577
      vertex 98.327 -40 -84.49
      vertex 98 -40 -87.8542
    endloop
  endfacet
  facet normal 0 -1 0
    outer loop
      vertex 97.683 -40 -87.8855
      vertex 97.0246 -40 -84.5753
      vertex 96.7059 -40 -84.6496
    endloop
  endfacet
  facet normal 0 -1 -0
    outer loop
      vertex 98.327 -40 -84.49
      vertex 98.1063 -40 -87.8577
      vertex 98.6526 -40 -84.522
    endloop
  endfacet
  facet normal 0 -1 0
    outer loop
      vertex 97.5794 -40 -87.9096
      vertex 96.7059 -40 -84.6496
      vertex 96.3928 -40 -84.7446
    endloop
  endfacet
  facet normal 0 -1 0
    outer loop
      vertex 98.2121 -40 -87.8681
      vertex 98.6526 -40 -84.522
      vertex 98.1063 -40 -87.8577
    endloop
  endfacet
  facet normal 0 -1 0
    outer loop
      vertex 97.4777 -40 -87.9405
      vertex 96.3928 -40 -84.7446
      vertex 96.0866 -40 -84.8598
    endloop
  endfacet
  facet normal 0 -1 -0
    outer loop
      vertex 98.6526 -40 -84.522
      vertex 98.2121 -40 -87.8681
      vertex 98.9754 -40 -84.5753
    endloop
  endfacet
  facet normal 0 -1 0
    outer loop
      vertex 97.3781 -40 -87.9779
      vertex 96.0866 -40 -84.8598
      vertex 95.7886 -40 -84.9949
    endloop
  endfacet
  facet normal 0 -1 0
    outer loop
      vertex 98.317 -40 -87.8855
      vertex 98.9754 -40 -84.5753
      vertex 98.2121 -40 -87.8681
    endloop
  endfacet
  facet normal 0 -1 0
    outer loop
      vertex 97.2813 -40 -88.0218
      vertex 95.7886 -40 -84.9949
      vertex 95.5 -40 -85.1491
    endloop
  endfacet
  facet normal 0 -1 -0
    outer loop
      vertex 98.9754 -40 -84.5753
      vertex 98.317 -40 -87.8855
      vertex 99.2941 -40 -84.6496
    endloop
  endfacet
  facet normal 0 -1 0
    outer loop
      vertex 97.1875 -40 -88.072
      vertex 95.5 -40 -85.1491
      vertex 95.2222 -40 -85.3219
    endloop
  endfacet
  facet normal 0 -1 0
    outer loop
      vertex 98.4206 -40 -87.9096
      vertex 99.2941 -40 -84.6496
      vertex 98.317 -40 -87.8855
    endloop
  endfacet
  facet normal 0 -1 0
    outer loop
      vertex 97.0972 -40 -88.1281
      vertex 95.2222 -40 -85.3219
      vertex 94.9562 -40 -85.5125
    endloop
  endfacet
  facet normal 0 -1 -0
    outer loop
      vertex 99.2941 -40 -84.6496
      vertex 98.4206 -40 -87.9096
      vertex 99.6072 -40 -84.7446
    endloop
  endfacet
  facet normal 0 -1 0
    outer loop
      vertex 97.0108 -40 -88.19
      vertex 94.9562 -40 -85.5125
      vertex 94.7033 -40 -85.72
    endloop
  endfacet
  facet normal 0 -1 0
    outer loop
      vertex 98.5223 -40 -87.9405
      vertex 99.6072 -40 -84.7446
      vertex 98.4206 -40 -87.9096
    endloop
  endfacet
  facet normal 0 -1 0
    outer loop
      vertex 96.9286 -40 -88.2575
      vertex 94.7033 -40 -85.72
      vertex 94.4645 -40 -85.9437
    endloop
  endfacet
  facet normal 0 -1 -0
    outer loop
      vertex 99.6072 -40 -84.7446
      vertex 98.5223 -40 -87.9405
      vertex 99.9134 -40 -84.8598
    endloop
  endfacet
  facet normal 0 -1 0
    outer loop
      vertex 96.851 -40 -88.3302
      vertex 94.4645 -40 -85.9437
      vertex 94.2408 -40 -86.1825
    endloop
  endfacet
  facet normal 0 -1 0
    outer loop
      vertex 98.6219 -40 -87.9779
      vertex 99.9134 -40 -84.8598
      vertex 98.5223 -40 -87.9405
    endloop
  endfacet
  facet normal 0 -1 0
    outer loop
      vertex 96.7783 -40 -88.4078
      vertex 94.2408 -40 -86.1825
      vertex 94.0332 -40 -86.4354
    endloop
  endfacet
  facet normal 0 -1 -0
    outer loop
      vertex 99.9134 -40 -84.8598
      vertex 98.6219 -40 -87.9779
      vertex 100.211 -40 -84.9949
    endloop
  endfacet
  facet normal 0 -1 0
    outer loop
      vertex 96.7108 -40 -88.49
      vertex 94.0332 -40 -86.4354
      vertex 93.8427 -40 -86.7014
    endloop
  endfacet
  facet normal 0 -1 0
    outer loop
      vertex 98.7187 -40 -88.0218
      vertex 100.211 -40 -84.9949
      vertex 98.6219 -40 -87.9779
    endloop
  endfacet
  facet normal 0 -1 0
    outer loop
      vertex 96.6489 -40 -88.5764
      vertex 93.8427 -40 -86.7014
      vertex 93.6699 -40 -86.9792
    endloop
  endfacet
  facet normal 0 -1 -0
    outer loop
      vertex 100.211 -40 -84.9949
      vertex 98.7187 -40 -88.0218
      vertex 100.5 -40 -85.1491
    endloop
  endfacet
  facet normal 0 -1 0
    outer loop
      vertex 96.5927 -40 -88.6667
      vertex 93.6699 -40 -86.9792
      vertex 93.5156 -40 -87.2678
    endloop
  endfacet
  facet normal 0 -1 0
    outer loop
      vertex 98.8125 -40 -88.072
      vertex 100.5 -40 -85.1491
      vertex 98.7187 -40 -88.0218
    endloop
  endfacet
  facet normal 0 -1 0
    outer loop
      vertex 96.5426 -40 -88.7605
      vertex 93.5156 -40 -87.2678
      vertex 93.3806 -40 -87.5658
    endloop
  endfacet
  facet normal 0 -1 -0
    outer loop
      vertex 100.5 -40 -85.1491
      vertex 98.8125 -40 -88.072
      vertex 100.778 -40 -85.3219
    endloop
  endfacet
  facet normal 0 -1 0
    outer loop
      vertex 98.9028 -40 -88.1281
      vertex 100.778 -40 -85.3219
      vertex 98.8125 -40 -88.072
    endloop
  endfacet
  facet normal 0 -1 0
    outer loop
      vertex 97.673 -40 -84.49
      vertex 97.8937 -40 -87.8577
      vertex 98 -40 -87.8542
    endloop
  endfacet
  facet normal 0 -1 0
    outer loop
      vertex 97.3474 -40 -84.522
      vertex 97.7879 -40 -87.8681
      vertex 97.8937 -40 -87.8577
    endloop
  endfacet
  facet normal 0 -1 0
    outer loop
      vertex 96.4987 -40 -88.8574
      vertex 93.3806 -40 -87.5658
      vertex 93.2654 -40 -87.872
    endloop
  endfacet
  facet normal 0 -1 0
    outer loop
      vertex 97.0246 -40 -84.5753
      vertex 97.683 -40 -87.8855
      vertex 97.7879 -40 -87.8681
    endloop
  endfacet
  facet normal 0 -1 0
    outer loop
      vertex 96.7059 -40 -84.6496
      vertex 97.5794 -40 -87.9096
      vertex 97.683 -40 -87.8855
    endloop
  endfacet
  facet normal 0 -1 0
    outer loop
      vertex 96.3928 -40 -84.7446
      vertex 97.4777 -40 -87.9405
      vertex 97.5794 -40 -87.9096
    endloop
  endfacet
  facet normal 0 -1 0
    outer loop
      vertex 96.0866 -40 -84.8598
      vertex 97.3781 -40 -87.9779
      vertex 97.4777 -40 -87.9405
    endloop
  endfacet
  facet normal 0 -1 0
    outer loop
      vertex 95.7886 -40 -84.9949
      vertex 97.2813 -40 -88.0218
      vertex 97.3781 -40 -87.9779
    endloop
  endfacet
  facet normal 0 -1 0
    outer loop
      vertex 95.5 -40 -85.1491
      vertex 97.1875 -40 -88.072
      vertex 97.2813 -40 -88.0218
    endloop
  endfacet
  facet normal 0 -1 0
    outer loop
      vertex 95.2222 -40 -85.3219
      vertex 97.0972 -40 -88.1281
      vertex 97.1875 -40 -88.072
    endloop
  endfacet
  facet normal 0 -1 0
    outer loop
      vertex 96.4612 -40 -88.9569
      vertex 93.2654 -40 -87.872
      vertex 93.1704 -40 -88.1852
    endloop
  endfacet
  facet normal 0 -1 0
    outer loop
      vertex 94.9562 -40 -85.5125
      vertex 97.0108 -40 -88.19
      vertex 97.0972 -40 -88.1281
    endloop
  endfacet
  facet normal 0 -1 0
    outer loop
      vertex 94.7033 -40 -85.72
      vertex 96.9286 -40 -88.2575
      vertex 97.0108 -40 -88.19
    endloop
  endfacet
  facet normal 0 -1 0
    outer loop
      vertex 94.4645 -40 -85.9437
      vertex 96.851 -40 -88.3302
      vertex 96.9286 -40 -88.2575
    endloop
  endfacet
  facet normal 0 -1 0
    outer loop
      vertex 94.2408 -40 -86.1825
      vertex 96.7783 -40 -88.4078
      vertex 96.851 -40 -88.3302
    endloop
  endfacet
  facet normal 0 -1 0
    outer loop
      vertex 94.0332 -40 -86.4354
      vertex 96.7108 -40 -88.49
      vertex 96.7783 -40 -88.4078
    endloop
  endfacet
  facet normal 0 -1 0
    outer loop
      vertex 96.4304 -40 -89.0587
      vertex 93.1704 -40 -88.1852
      vertex 93.0961 -40 -88.5038
    endloop
  endfacet
  facet normal 0 -1 0
    outer loop
      vertex 93.8427 -40 -86.7014
      vertex 96.6489 -40 -88.5764
      vertex 96.7108 -40 -88.49
    endloop
  endfacet
  facet normal 0 -1 0
    outer loop
      vertex 93.6699 -40 -86.9792
      vertex 96.5927 -40 -88.6667
      vertex 96.6489 -40 -88.5764
    endloop
  endfacet
  facet normal 0 -1 0
    outer loop
      vertex 93.5156 -40 -87.2678
      vertex 96.5426 -40 -88.7605
      vertex 96.5927 -40 -88.6667
    endloop
  endfacet
  facet normal 0 -1 0
    outer loop
      vertex 96.4062 -40 -89.1622
      vertex 93.0961 -40 -88.5038
      vertex 93.0428 -40 -88.8266
    endloop
  endfacet
  facet normal 0 -1 0
    outer loop
      vertex 93.3806 -40 -87.5658
      vertex 96.4987 -40 -88.8574
      vertex 96.5426 -40 -88.7605
    endloop
  endfacet
  facet normal 0 -1 0
    outer loop
      vertex 93.2654 -40 -87.872
      vertex 96.4612 -40 -88.9569
      vertex 96.4987 -40 -88.8574
    endloop
  endfacet
  facet normal 0 -1 0
    outer loop
      vertex 93.1704 -40 -88.1852
      vertex 96.4304 -40 -89.0587
      vertex 96.4612 -40 -88.9569
    endloop
  endfacet
  facet normal 0 -1 0
    outer loop
      vertex 96.3889 -40 -89.2671
      vertex 93.0428 -40 -88.8266
      vertex 93.0107 -40 -89.1522
    endloop
  endfacet
  facet normal 0 -1 0
    outer loop
      vertex 93.0961 -40 -88.5038
      vertex 96.4062 -40 -89.1622
      vertex 96.4304 -40 -89.0587
    endloop
  endfacet
  facet normal 0 -1 0
    outer loop
      vertex 93.0428 -40 -88.8266
      vertex 96.3889 -40 -89.2671
      vertex 96.4062 -40 -89.1622
    endloop
  endfacet
  facet normal 0 -1 0
    outer loop
      vertex 93.0107 -40 -89.1522
      vertex 96.3785 -40 -89.373
      vertex 96.3889 -40 -89.2671
    endloop
  endfacet
  facet normal 0 -1 0
    outer loop
      vertex 93 -40 -89.4792
      vertex 96.3785 -40 -89.373
      vertex 93.0107 -40 -89.1522
    endloop
  endfacet
  facet normal 0 -1 0
    outer loop
      vertex 93 -40 -89.4792
      vertex 96.375 -40 -89.4792
      vertex 96.3785 -40 -89.373
    endloop
  endfacet
  facet normal 0 -1 0
    outer loop
      vertex 93 -40 -89.4792
      vertex 96.3785 -40 -89.5855
      vertex 96.375 -40 -89.4792
    endloop
  endfacet
  facet normal 0 -1 0
    outer loop
      vertex 93.0107 -40 -89.8063
      vertex 96.3785 -40 -89.5855
      vertex 93 -40 -89.4792
    endloop
  endfacet
  facet normal 0 -1 -0
    outer loop
      vertex 96.3785 -40 -89.5855
      vertex 93.0107 -40 -89.8063
      vertex 96.3889 -40 -89.6914
    endloop
  endfacet
  facet normal 0 -1 0
    outer loop
      vertex 93.0428 -40 -90.1319
      vertex 96.3889 -40 -89.6914
      vertex 93.0107 -40 -89.8063
    endloop
  endfacet
  facet normal 0 -1 -0
    outer loop
      vertex 96.3889 -40 -89.6914
      vertex 93.0428 -40 -90.1319
      vertex 96.4062 -40 -89.7963
    endloop
  endfacet
  facet normal 0 -1 0
    outer loop
      vertex 93.0961 -40 -90.4547
      vertex 96.4062 -40 -89.7963
      vertex 93.0428 -40 -90.1319
    endloop
  endfacet
  facet normal 0 -1 -0
    outer loop
      vertex 96.4062 -40 -89.7963
      vertex 93.0961 -40 -90.4547
      vertex 96.4304 -40 -89.8998
    endloop
  endfacet
  facet normal 0 -1 0
    outer loop
      vertex 93.1704 -40 -90.7733
      vertex 96.4304 -40 -89.8998
      vertex 93.0961 -40 -90.4547
    endloop
  endfacet
  facet normal 0 -1 -0
    outer loop
      vertex 96.4304 -40 -89.8998
      vertex 93.1704 -40 -90.7733
      vertex 96.4612 -40 -90.0016
    endloop
  endfacet
  facet normal 0 -1 0
    outer loop
      vertex 93.2654 -40 -91.0864
      vertex 96.4612 -40 -90.0016
      vertex 93.1704 -40 -90.7733
    endloop
  endfacet
  facet normal 0 -1 -0
    outer loop
      vertex 96.4612 -40 -90.0016
      vertex 93.2654 -40 -91.0864
      vertex 96.4987 -40 -90.1011
    endloop
  endfacet
  facet normal 0 -1 0
    outer loop
      vertex 93.3806 -40 -91.3927
      vertex 96.4987 -40 -90.1011
      vertex 93.2654 -40 -91.0864
    endloop
  endfacet
  facet normal 0 -1 -0
    outer loop
      vertex 96.4987 -40 -90.1011
      vertex 93.3806 -40 -91.3927
      vertex 96.5426 -40 -90.198
    endloop
  endfacet
  facet normal 0 -1 0
    outer loop
      vertex 93.5156 -40 -91.6907
      vertex 96.5426 -40 -90.198
      vertex 93.3806 -40 -91.3927
    endloop
  endfacet
  facet normal 0 -1 -0
    outer loop
      vertex 96.5426 -40 -90.198
      vertex 93.5156 -40 -91.6907
      vertex 96.5927 -40 -90.2917
    endloop
  endfacet
  facet normal 0 -1 0
    outer loop
      vertex 93.6699 -40 -91.9792
      vertex 96.5927 -40 -90.2917
      vertex 93.5156 -40 -91.6907
    endloop
  endfacet
  facet normal 0 -1 -0
    outer loop
      vertex 96.5927 -40 -90.2917
      vertex 93.6699 -40 -91.9792
      vertex 96.6489 -40 -90.382
    endloop
  endfacet
  facet normal 0 -1 0
    outer loop
      vertex 93.8427 -40 -92.2571
      vertex 96.6489 -40 -90.382
      vertex 93.6699 -40 -91.9792
    endloop
  endfacet
  facet normal 0 -1 -0
    outer loop
      vertex 96.6489 -40 -90.382
      vertex 93.8427 -40 -92.2571
      vertex 96.7108 -40 -90.4685
    endloop
  endfacet
  facet normal 0 -1 0
    outer loop
      vertex 94.0332 -40 -92.5231
      vertex 96.7108 -40 -90.4685
      vertex 93.8427 -40 -92.2571
    endloop
  endfacet
  facet normal 0 -1 -0
    outer loop
      vertex 96.7108 -40 -90.4685
      vertex 94.0332 -40 -92.5231
      vertex 96.7783 -40 -90.5507
    endloop
  endfacet
  facet normal 0 -1 0
    outer loop
      vertex 94.2408 -40 -92.776
      vertex 96.7783 -40 -90.5507
      vertex 94.0332 -40 -92.5231
    endloop
  endfacet
  facet normal 0 -1 -0
    outer loop
      vertex 96.7783 -40 -90.5507
      vertex 94.2408 -40 -92.776
      vertex 96.851 -40 -90.6283
    endloop
  endfacet
  facet normal 0 -1 0
    outer loop
      vertex 94.4645 -40 -93.0148
      vertex 96.851 -40 -90.6283
      vertex 94.2408 -40 -92.776
    endloop
  endfacet
  facet normal 0 -1 -0
    outer loop
      vertex 96.851 -40 -90.6283
      vertex 94.4645 -40 -93.0148
      vertex 96.9286 -40 -90.701
    endloop
  endfacet
  facet normal 0 -1 0
    outer loop
      vertex 94.7033 -40 -93.2384
      vertex 96.9286 -40 -90.701
      vertex 94.4645 -40 -93.0148
    endloop
  endfacet
  facet normal 0 -1 -0
    outer loop
      vertex 96.9286 -40 -90.701
      vertex 94.7033 -40 -93.2384
      vertex 97.0108 -40 -90.7684
    endloop
  endfacet
  facet normal 0 -1 0
    outer loop
      vertex 94.9562 -40 -93.446
      vertex 97.0108 -40 -90.7684
      vertex 94.7033 -40 -93.2384
    endloop
  endfacet
  facet normal 0 -1 -0
    outer loop
      vertex 97.0108 -40 -90.7684
      vertex 94.9562 -40 -93.446
      vertex 97.0972 -40 -90.8304
    endloop
  endfacet
  facet normal 0 -1 0
    outer loop
      vertex 95.2222 -40 -93.6366
      vertex 97.0972 -40 -90.8304
      vertex 94.9562 -40 -93.446
    endloop
  endfacet
  facet normal 0 -1 -0
    outer loop
      vertex 100.778 -40 -85.3219
      vertex 98.9028 -40 -88.1281
      vertex 101.044 -40 -85.5125
    endloop
  endfacet
  facet normal 0 -1 0
    outer loop
      vertex 98.9892 -40 -88.19
      vertex 101.044 -40 -85.5125
      vertex 98.9028 -40 -88.1281
    endloop
  endfacet
  facet normal 0 -1 -0
    outer loop
      vertex 101.044 -40 -85.5125
      vertex 98.9892 -40 -88.19
      vertex 101.297 -40 -85.72
    endloop
  endfacet
  facet normal 0 -1 0
    outer loop
      vertex 99.0714 -40 -88.2575
      vertex 101.297 -40 -85.72
      vertex 98.9892 -40 -88.19
    endloop
  endfacet
  facet normal 0 -1 -0
    outer loop
      vertex 101.297 -40 -85.72
      vertex 99.0714 -40 -88.2575
      vertex 101.536 -40 -85.9437
    endloop
  endfacet
  facet normal 0 -1 0
    outer loop
      vertex 99.149 -40 -88.3302
      vertex 101.536 -40 -85.9437
      vertex 99.0714 -40 -88.2575
    endloop
  endfacet
  facet normal 0 -1 -0
    outer loop
      vertex 101.536 -40 -85.9437
      vertex 99.149 -40 -88.3302
      vertex 101.759 -40 -86.1825
    endloop
  endfacet
  facet normal 0 -1 0
    outer loop
      vertex 99.2217 -40 -88.4078
      vertex 101.759 -40 -86.1825
      vertex 99.149 -40 -88.3302
    endloop
  endfacet
  facet normal 0 -1 -0
    outer loop
      vertex 101.759 -40 -86.1825
      vertex 99.2217 -40 -88.4078
      vertex 101.967 -40 -86.4354
    endloop
  endfacet
  facet normal 0 -1 0
    outer loop
      vertex 99.2892 -40 -88.49
      vertex 101.967 -40 -86.4354
      vertex 99.2217 -40 -88.4078
    endloop
  endfacet
  facet normal 0 -1 -0
    outer loop
      vertex 101.967 -40 -86.4354
      vertex 99.2892 -40 -88.49
      vertex 102.157 -40 -86.7014
    endloop
  endfacet
  facet normal 0 -1 0
    outer loop
      vertex 99.3511 -40 -88.5764
      vertex 102.157 -40 -86.7014
      vertex 99.2892 -40 -88.49
    endloop
  endfacet
  facet normal 0 -1 -0
    outer loop
      vertex 102.157 -40 -86.7014
      vertex 99.3511 -40 -88.5764
      vertex 102.33 -40 -86.9792
    endloop
  endfacet
  facet normal 0 -1 0
    outer loop
      vertex 99.4073 -40 -88.6667
      vertex 102.33 -40 -86.9792
      vertex 99.3511 -40 -88.5764
    endloop
  endfacet
  facet normal 0 -1 -0
    outer loop
      vertex 102.33 -40 -86.9792
      vertex 99.4073 -40 -88.6667
      vertex 102.484 -40 -87.2678
    endloop
  endfacet
  facet normal 0 -1 0
    outer loop
      vertex 99.4574 -40 -88.7605
      vertex 102.484 -40 -87.2678
      vertex 99.4073 -40 -88.6667
    endloop
  endfacet
  facet normal 0 -1 -0
    outer loop
      vertex 102.484 -40 -87.2678
      vertex 99.4574 -40 -88.7605
      vertex 102.619 -40 -87.5658
    endloop
  endfacet
  facet normal 0 -1 0
    outer loop
      vertex 99.5013 -40 -88.8574
      vertex 102.619 -40 -87.5658
      vertex 99.4574 -40 -88.7605
    endloop
  endfacet
  facet normal 0 -1 -0
    outer loop
      vertex 102.619 -40 -87.5658
      vertex 99.5013 -40 -88.8574
      vertex 102.735 -40 -87.872
    endloop
  endfacet
  facet normal 0 -1 0
    outer loop
      vertex 99.5388 -40 -88.9569
      vertex 102.735 -40 -87.872
      vertex 99.5013 -40 -88.8574
    endloop
  endfacet
  facet normal 0 -1 -0
    outer loop
      vertex 102.735 -40 -87.872
      vertex 99.5388 -40 -88.9569
      vertex 102.83 -40 -88.1852
    endloop
  endfacet
  facet normal 0 -1 0
    outer loop
      vertex 99.5696 -40 -89.0587
      vertex 102.83 -40 -88.1852
      vertex 99.5388 -40 -88.9569
    endloop
  endfacet
  facet normal 0 -1 -0
    outer loop
      vertex 102.83 -40 -88.1852
      vertex 99.5696 -40 -89.0587
      vertex 102.904 -40 -88.5038
    endloop
  endfacet
  facet normal 0 -1 0
    outer loop
      vertex 99.5938 -40 -89.1622
      vertex 102.904 -40 -88.5038
      vertex 99.5696 -40 -89.0587
    endloop
  endfacet
  facet normal 0 -1 -0
    outer loop
      vertex 102.904 -40 -88.5038
      vertex 99.5938 -40 -89.1622
      vertex 102.957 -40 -88.8266
    endloop
  endfacet
  facet normal 0 -1 0
    outer loop
      vertex 99.6111 -40 -89.2671
      vertex 102.957 -40 -88.8266
      vertex 99.5938 -40 -89.1622
    endloop
  endfacet
  facet normal 0 -1 -0
    outer loop
      vertex 102.957 -40 -88.8266
      vertex 99.6111 -40 -89.2671
      vertex 102.989 -40 -89.1522
    endloop
  endfacet
  facet normal 0 -1 0
    outer loop
      vertex 99.6215 -40 -89.373
      vertex 102.989 -40 -89.1522
      vertex 99.6111 -40 -89.2671
    endloop
  endfacet
  facet normal 0 -1 0
    outer loop
      vertex 99.625 -40 -89.4792
      vertex 102.989 -40 -89.1522
      vertex 99.6215 -40 -89.373
    endloop
  endfacet
  facet normal 0 -1 0
    outer loop
      vertex 99.625 -40 -89.4792
      vertex 103 -40 -89.4792
      vertex 102.989 -40 -89.1522
    endloop
  endfacet
  facet normal 0 -1 0
    outer loop
      vertex 99.6215 -40 -89.5855
      vertex 103 -40 -89.4792
      vertex 99.625 -40 -89.4792
    endloop
  endfacet
  facet normal 0 -1 0
    outer loop
      vertex 102.989 -40 -89.8063
      vertex 99.6215 -40 -89.5855
      vertex 99.6111 -40 -89.6914
    endloop
  endfacet
  facet normal 0 -1 0
    outer loop
      vertex 102.957 -40 -90.1319
      vertex 99.6111 -40 -89.6914
      vertex 99.5938 -40 -89.7963
    endloop
  endfacet
  facet normal 0 -1 0
    outer loop
      vertex 99.6215 -40 -89.5855
      vertex 102.989 -40 -89.8063
      vertex 103 -40 -89.4792
    endloop
  endfacet
  facet normal 0 -1 0
    outer loop
      vertex 102.904 -40 -90.4547
      vertex 99.5938 -40 -89.7963
      vertex 99.5696 -40 -89.8998
    endloop
  endfacet
  facet normal 0 -1 0
    outer loop
      vertex 102.83 -40 -90.7733
      vertex 99.5696 -40 -89.8998
      vertex 99.5388 -40 -90.0016
    endloop
  endfacet
  facet normal 0 -1 0
    outer loop
      vertex 102.735 -40 -91.0864
      vertex 99.5388 -40 -90.0016
      vertex 99.5013 -40 -90.1011
    endloop
  endfacet
  facet normal 0 -1 0
    outer loop
      vertex 99.6111 -40 -89.6914
      vertex 102.957 -40 -90.1319
      vertex 102.989 -40 -89.8063
    endloop
  endfacet
  facet normal 0 -1 0
    outer loop
      vertex 102.619 -40 -91.3927
      vertex 99.5013 -40 -90.1011
      vertex 99.4574 -40 -90.198
    endloop
  endfacet
  facet normal 0 -1 0
    outer loop
      vertex 102.484 -40 -91.6907
      vertex 99.4574 -40 -90.198
      vertex 99.4073 -40 -90.2917
    endloop
  endfacet
  facet normal 0 -1 0
    outer loop
      vertex 102.33 -40 -91.9792
      vertex 99.4073 -40 -90.2917
      vertex 99.3511 -40 -90.382
    endloop
  endfacet
  facet normal 0 -1 0
    outer loop
      vertex 99.5938 -40 -89.7963
      vertex 102.904 -40 -90.4547
      vertex 102.957 -40 -90.1319
    endloop
  endfacet
  facet normal 0 -1 0
    outer loop
      vertex 102.157 -40 -92.2571
      vertex 99.3511 -40 -90.382
      vertex 99.2892 -40 -90.4685
    endloop
  endfacet
  facet normal 0 -1 0
    outer loop
      vertex 101.967 -40 -92.5231
      vertex 99.2892 -40 -90.4685
      vertex 99.2217 -40 -90.5507
    endloop
  endfacet
  facet normal 0 -1 0
    outer loop
      vertex 101.759 -40 -92.776
      vertex 99.2217 -40 -90.5507
      vertex 99.149 -40 -90.6283
    endloop
  endfacet
  facet normal 0 -1 0
    outer loop
      vertex 101.536 -40 -93.0148
      vertex 99.149 -40 -90.6283
      vertex 99.0714 -40 -90.701
    endloop
  endfacet
  facet normal 0 -1 0
    outer loop
      vertex 101.297 -40 -93.2384
      vertex 99.0714 -40 -90.701
      vertex 98.9892 -40 -90.7684
    endloop
  endfacet
  facet normal 0 -1 0
    outer loop
      vertex 99.5696 -40 -89.8998
      vertex 102.83 -40 -90.7733
      vertex 102.904 -40 -90.4547
    endloop
  endfacet
  facet normal 0 -1 0
    outer loop
      vertex 101.044 -40 -93.446
      vertex 98.9892 -40 -90.7684
      vertex 98.9028 -40 -90.8304
    endloop
  endfacet
  facet normal 0 -1 0
    outer loop
      vertex 100.778 -40 -93.6366
      vertex 98.9028 -40 -90.8304
      vertex 98.8125 -40 -90.8865
    endloop
  endfacet
  facet normal 0 -1 0
    outer loop
      vertex 100.5 -40 -93.8094
      vertex 98.8125 -40 -90.8865
      vertex 98.7187 -40 -90.9367
    endloop
  endfacet
  facet normal 0 -1 0
    outer loop
      vertex 100.211 -40 -93.9636
      vertex 98.7187 -40 -90.9367
      vertex 98.6219 -40 -90.9806
    endloop
  endfacet
  facet normal 0 -1 0
    outer loop
      vertex 99.9134 -40 -94.0986
      vertex 98.6219 -40 -90.9806
      vertex 98.5223 -40 -91.018
    endloop
  endfacet
  facet normal 0 -1 0
    outer loop
      vertex 99.6072 -40 -94.2139
      vertex 98.5223 -40 -91.018
      vertex 98.4206 -40 -91.0489
    endloop
  endfacet
  facet normal 0 -1 0
    outer loop
      vertex 99.2941 -40 -94.3089
      vertex 98.4206 -40 -91.0489
      vertex 98.317 -40 -91.073
    endloop
  endfacet
  facet normal 0 -1 0
    outer loop
      vertex 99.5388 -40 -90.0016
      vertex 102.735 -40 -91.0864
      vertex 102.83 -40 -90.7733
    endloop
  endfacet
  facet normal 0 -1 0
    outer loop
      vertex 98.9754 -40 -94.3832
      vertex 98.317 -40 -91.073
      vertex 98.2121 -40 -91.0903
    endloop
  endfacet
  facet normal 0 -1 0
    outer loop
      vertex 98.6526 -40 -94.4365
      vertex 98.2121 -40 -91.0903
      vertex 98.1063 -40 -91.1008
    endloop
  endfacet
  facet normal 0 -1 0
    outer loop
      vertex 98.327 -40 -94.4685
      vertex 98.1063 -40 -91.1008
      vertex 98 -40 -91.1042
    endloop
  endfacet
  facet normal 0 -1 -0
    outer loop
      vertex 97.0972 -40 -90.8304
      vertex 95.2222 -40 -93.6366
      vertex 97.1875 -40 -90.8865
    endloop
  endfacet
  facet normal 0 -1 0
    outer loop
      vertex 99.5013 -40 -90.1011
      vertex 102.619 -40 -91.3927
      vertex 102.735 -40 -91.0864
    endloop
  endfacet
  facet normal 0 -1 0
    outer loop
      vertex 95.5 -40 -93.8094
      vertex 97.1875 -40 -90.8865
      vertex 95.2222 -40 -93.6366
    endloop
  endfacet
  facet normal 0 -1 0
    outer loop
      vertex 99.4574 -40 -90.198
      vertex 102.484 -40 -91.6907
      vertex 102.619 -40 -91.3927
    endloop
  endfacet
  facet normal 0 -1 -0
    outer loop
      vertex 97.1875 -40 -90.8865
      vertex 95.5 -40 -93.8094
      vertex 97.2813 -40 -90.9367
    endloop
  endfacet
  facet normal 0 -1 0
    outer loop
      vertex 99.4073 -40 -90.2917
      vertex 102.33 -40 -91.9792
      vertex 102.484 -40 -91.6907
    endloop
  endfacet
  facet normal 0 -1 0
    outer loop
      vertex 95.7886 -40 -93.9636
      vertex 97.2813 -40 -90.9367
      vertex 95.5 -40 -93.8094
    endloop
  endfacet
  facet normal 0 -1 0
    outer loop
      vertex 99.3511 -40 -90.382
      vertex 102.157 -40 -92.2571
      vertex 102.33 -40 -91.9792
    endloop
  endfacet
  facet normal 0 -1 -0
    outer loop
      vertex 97.2813 -40 -90.9367
      vertex 95.7886 -40 -93.9636
      vertex 97.3781 -40 -90.9806
    endloop
  endfacet
  facet normal 0 -1 0
    outer loop
      vertex 99.2892 -40 -90.4685
      vertex 101.967 -40 -92.5231
      vertex 102.157 -40 -92.2571
    endloop
  endfacet
  facet normal 0 -1 0
    outer loop
      vertex 96.0866 -40 -94.0986
      vertex 97.3781 -40 -90.9806
      vertex 95.7886 -40 -93.9636
    endloop
  endfacet
  facet normal 0 -1 0
    outer loop
      vertex 99.2217 -40 -90.5507
      vertex 101.759 -40 -92.776
      vertex 101.967 -40 -92.5231
    endloop
  endfacet
  facet normal 0 -1 -0
    outer loop
      vertex 97.3781 -40 -90.9806
      vertex 96.0866 -40 -94.0986
      vertex 97.4777 -40 -91.018
    endloop
  endfacet
  facet normal 0 -1 0
    outer loop
      vertex 99.149 -40 -90.6283
      vertex 101.536 -40 -93.0148
      vertex 101.759 -40 -92.776
    endloop
  endfacet
  facet normal 0 -1 0
    outer loop
      vertex 96.3928 -40 -94.2139
      vertex 97.4777 -40 -91.018
      vertex 96.0866 -40 -94.0986
    endloop
  endfacet
  facet normal 0 -1 0
    outer loop
      vertex 99.0714 -40 -90.701
      vertex 101.297 -40 -93.2384
      vertex 101.536 -40 -93.0148
    endloop
  endfacet
  facet normal 0 -1 -0
    outer loop
      vertex 97.4777 -40 -91.018
      vertex 96.3928 -40 -94.2139
      vertex 97.5794 -40 -91.0489
    endloop
  endfacet
  facet normal 0 -1 0
    outer loop
      vertex 98.9892 -40 -90.7684
      vertex 101.044 -40 -93.446
      vertex 101.297 -40 -93.2384
    endloop
  endfacet
  facet normal 0 -1 0
    outer loop
      vertex 96.7059 -40 -94.3089
      vertex 97.5794 -40 -91.0489
      vertex 96.3928 -40 -94.2139
    endloop
  endfacet
  facet normal 0 -1 0
    outer loop
      vertex 98.9028 -40 -90.8304
      vertex 100.778 -40 -93.6366
      vertex 101.044 -40 -93.446
    endloop
  endfacet
  facet normal 0 -1 -0
    outer loop
      vertex 97.5794 -40 -91.0489
      vertex 96.7059 -40 -94.3089
      vertex 97.683 -40 -91.073
    endloop
  endfacet
  facet normal 0 -1 0
    outer loop
      vertex 98.8125 -40 -90.8865
      vertex 100.5 -40 -93.8094
      vertex 100.778 -40 -93.6366
    endloop
  endfacet
  facet normal 0 -1 0
    outer loop
      vertex 97.0246 -40 -94.3832
      vertex 97.683 -40 -91.073
      vertex 96.7059 -40 -94.3089
    endloop
  endfacet
  facet normal 0 -1 0
    outer loop
      vertex 98.7187 -40 -90.9367
      vertex 100.211 -40 -93.9636
      vertex 100.5 -40 -93.8094
    endloop
  endfacet
  facet normal 0 -1 -0
    outer loop
      vertex 97.683 -40 -91.073
      vertex 97.0246 -40 -94.3832
      vertex 97.7879 -40 -91.0903
    endloop
  endfacet
  facet normal 0 -1 0
    outer loop
      vertex 98.6219 -40 -90.9806
      vertex 99.9134 -40 -94.0986
      vertex 100.211 -40 -93.9636
    endloop
  endfacet
  facet normal 0 -1 0
    outer loop
      vertex 97.3474 -40 -94.4365
      vertex 97.7879 -40 -91.0903
      vertex 97.0246 -40 -94.3832
    endloop
  endfacet
  facet normal 0 -1 0
    outer loop
      vertex 98.5223 -40 -91.018
      vertex 99.6072 -40 -94.2139
      vertex 99.9134 -40 -94.0986
    endloop
  endfacet
  facet normal 0 -1 -0
    outer loop
      vertex 97.7879 -40 -91.0903
      vertex 97.3474 -40 -94.4365
      vertex 97.8937 -40 -91.1008
    endloop
  endfacet
  facet normal 0 -1 0
    outer loop
      vertex 98.4206 -40 -91.0489
      vertex 99.2941 -40 -94.3089
      vertex 99.6072 -40 -94.2139
    endloop
  endfacet
  facet normal 0 -1 0
    outer loop
      vertex 97.673 -40 -94.4685
      vertex 97.8937 -40 -91.1008
      vertex 97.3474 -40 -94.4365
    endloop
  endfacet
  facet normal 0 -1 0
    outer loop
      vertex 98.317 -40 -91.073
      vertex 98.9754 -40 -94.3832
      vertex 99.2941 -40 -94.3089
    endloop
  endfacet
  facet normal 0 -1 -0
    outer loop
      vertex 97.8937 -40 -91.1008
      vertex 97.673 -40 -94.4685
      vertex 98 -40 -91.1042
    endloop
  endfacet
  facet normal 0 -1 0
    outer loop
      vertex 98.2121 -40 -91.0903
      vertex 98.6526 -40 -94.4365
      vertex 98.9754 -40 -94.3832
    endloop
  endfacet
  facet normal 0 -1 0
    outer loop
      vertex 98 -40 -94.4792
      vertex 98 -40 -91.1042
      vertex 97.673 -40 -94.4685
    endloop
  endfacet
  facet normal 0 -1 0
    outer loop
      vertex 98.1063 -40 -91.1008
      vertex 98.327 -40 -94.4685
      vertex 98.6526 -40 -94.4365
    endloop
  endfacet
  facet normal 0 -1 0
    outer loop
      vertex 98 -40 -91.1042
      vertex 98 -40 -94.4792
      vertex 98.327 -40 -94.4685
    endloop
  endfacet
  facet normal -0.995175 0 0.0981116
    outer loop
      vertex 93.0107 -40 -89.1522
      vertex 93.0428 -16 -88.8266
      vertex 93.0107 -16 -89.1522
    endloop
  endfacet
  facet normal -0.995175 0 0.0981116
    outer loop
      vertex 93.0428 -16 -88.8266
      vertex 93.0107 -40 -89.1522
      vertex 93.0428 -40 -88.8266
    endloop
  endfacet
  facet normal -0.634303 0 0.773085
    outer loop
      vertex 94.7033 -16 -85.72
      vertex 94.9562 -40 -85.5125
      vertex 94.9562 -16 -85.5125
    endloop
  endfacet
  facet normal -0.634303 0 0.773085
    outer loop
      vertex 94.9562 -40 -85.5125
      vertex 94.7033 -16 -85.72
      vertex 94.7033 -40 -85.72
    endloop
  endfacet
  facet normal -0.227046 0 0.973884
    outer loop
      vertex 96.7059 -16 -84.6496
      vertex 97.0246 -40 -84.5753
      vertex 97.0246 -16 -84.5753
    endloop
  endfacet
  facet normal -0.227046 0 0.973884
    outer loop
      vertex 97.0246 -40 -84.5753
      vertex 96.7059 -16 -84.6496
      vertex 96.7059 -40 -84.6496
    endloop
  endfacet
  facet normal 0.848941 0 -0.528488
    outer loop
      vertex 102.33 -40 -91.9792
      vertex 102.157 -16 -92.2571
      vertex 102.33 -16 -91.9792
    endloop
  endfacet
  facet normal 0.848941 0 -0.528488
    outer loop
      vertex 102.157 -16 -92.2571
      vertex 102.33 -40 -91.9792
      vertex 102.157 -40 -92.2571
    endloop
  endfacet
  facet normal 0.974071 0 -0.226244
    outer loop
      vertex 102.904 -40 -90.4547
      vertex 102.83 -16 -90.7733
      vertex 102.904 -16 -90.4547
    endloop
  endfacet
  facet normal 0.974071 0 -0.226244
    outer loop
      vertex 102.83 -16 -90.7733
      vertex 102.904 -40 -90.4547
      vertex 102.83 -40 -90.7733
    endloop
  endfacet
  facet normal -0.227046 0 -0.973884
    outer loop
      vertex 96.7059 -40 -94.3089
      vertex 97.0246 -16 -94.3832
      vertex 97.0246 -40 -94.3832
    endloop
  endfacet
  facet normal -0.227046 0 -0.973884
    outer loop
      vertex 97.0246 -16 -94.3832
      vertex 96.7059 -40 -94.3089
      vertex 96.7059 -16 -94.3089
    endloop
  endfacet
  facet normal -0.956922 0 -0.290347
    outer loop
      vertex 93.2654 -40 -91.0864
      vertex 93.1704 -16 -90.7733
      vertex 93.2654 -16 -91.0864
    endloop
  endfacet
  facet normal -0.956922 -0 -0.290347
    outer loop
      vertex 93.1704 -16 -90.7733
      vertex 93.2654 -40 -91.0864
      vertex 93.1704 -40 -90.7733
    endloop
  endfacet
  facet normal -0.995175 0 -0.0981116
    outer loop
      vertex 93.0428 -40 -90.1319
      vertex 93.0107 -16 -89.8063
      vertex 93.0428 -16 -90.1319
    endloop
  endfacet
  facet normal -0.995175 -0 -0.0981116
    outer loop
      vertex 93.0107 -16 -89.8063
      vertex 93.0428 -40 -90.1319
      vertex 93.0107 -40 -89.8063
    endloop
  endfacet
  facet normal -0.999457 0 -0.0329388
    outer loop
      vertex 99.625 -40 -89.4792
      vertex 99.6215 -16 -89.373
      vertex 99.625 -16 -89.4792
    endloop
  endfacet
  facet normal -0.999457 -0 -0.0329388
    outer loop
      vertex 99.6215 -16 -89.373
      vertex 99.625 -40 -89.4792
      vertex 99.6215 -40 -89.373
    endloop
  endfacet
  facet normal 0.999457 0 -0.0329388
    outer loop
      vertex 96.3785 -40 -89.373
      vertex 96.375 -16 -89.4792
      vertex 96.3785 -16 -89.373
    endloop
  endfacet
  facet normal 0.999457 0 -0.0329388
    outer loop
      vertex 96.375 -16 -89.4792
      vertex 96.3785 -40 -89.373
      vertex 96.375 -40 -89.4792
    endloop
  endfacet
  facet normal -0.0329078 0 -0.999458
    outer loop
      vertex 98 -40 -87.8542
      vertex 98.1063 -16 -87.8577
      vertex 98.1063 -40 -87.8577
    endloop
  endfacet
  facet normal -0.0329078 0 -0.999458
    outer loop
      vertex 98.1063 -16 -87.8577
      vertex 98 -40 -87.8542
      vertex 98 -16 -87.8542
    endloop
  endfacet
  facet normal 0.0319686 0 0.999489
    outer loop
      vertex 97.8937 -16 -91.1008
      vertex 98 -40 -91.1042
      vertex 98 -16 -91.1042
    endloop
  endfacet
  facet normal 0.0319686 0 0.999489
    outer loop
      vertex 98 -40 -91.1042
      vertex 97.8937 -16 -91.1008
      vertex 97.8937 -40 -91.1008
    endloop
  endfacet
  facet normal -0.683691 0 -0.729772
    outer loop
      vertex 99.0714 -40 -88.2575
      vertex 99.149 -16 -88.3302
      vertex 99.149 -40 -88.3302
    endloop
  endfacet
  facet normal -0.683691 0 -0.729772
    outer loop
      vertex 99.149 -16 -88.3302
      vertex 99.0714 -40 -88.2575
      vertex 99.0714 -16 -88.2575
    endloop
  endfacet
  facet normal 0.683691 0 -0.729772
    outer loop
      vertex 96.851 -40 -88.3302
      vertex 96.9286 -16 -88.2575
      vertex 96.9286 -40 -88.2575
    endloop
  endfacet
  facet normal 0.683691 0 -0.729772
    outer loop
      vertex 96.9286 -16 -88.2575
      vertex 96.851 -40 -88.3302
      vertex 96.851 -16 -88.3302
    endloop
  endfacet
  facet normal 0.351535 0 -0.936175
    outer loop
      vertex 97.3781 -40 -87.9779
      vertex 97.4777 -16 -87.9405
      vertex 97.4777 -40 -87.9405
    endloop
  endfacet
  facet normal 0.351535 0 -0.936175
    outer loop
      vertex 97.4777 -16 -87.9405
      vertex 97.3781 -40 -87.9779
      vertex 97.3781 -16 -87.9779
    endloop
  endfacet
  facet normal -0.910881 0 -0.412669
    outer loop
      vertex 99.5013 -40 -88.8574
      vertex 99.4574 -16 -88.7605
      vertex 99.5013 -16 -88.8574
    endloop
  endfacet
  facet normal -0.910881 -0 -0.412669
    outer loop
      vertex 99.4574 -16 -88.7605
      vertex 99.5013 -40 -88.8574
      vertex 99.4574 -40 -88.7605
    endloop
  endfacet
  facet normal -0.351535 0 -0.936175
    outer loop
      vertex 98.5223 -40 -87.9405
      vertex 98.6219 -16 -87.9779
      vertex 98.6219 -40 -87.9779
    endloop
  endfacet
  facet normal -0.351535 0 -0.936175
    outer loop
      vertex 98.6219 -16 -87.9779
      vertex 98.5223 -40 -87.9405
      vertex 98.5223 -16 -87.9405
    endloop
  endfacet
  facet normal -0.527714 0 -0.849422
    outer loop
      vertex 98.8125 -40 -88.072
      vertex 98.9028 -16 -88.1281
      vertex 98.9028 -40 -88.1281
    endloop
  endfacet
  facet normal -0.527714 0 -0.849422
    outer loop
      vertex 98.9028 -16 -88.1281
      vertex 98.8125 -40 -88.072
      vertex 98.8125 -16 -88.072
    endloop
  endfacet
  facet normal 0.910881 0 -0.412669
    outer loop
      vertex 96.5426 -40 -88.7605
      vertex 96.4987 -16 -88.8574
      vertex 96.5426 -16 -88.7605
    endloop
  endfacet
  facet normal 0.910881 0 -0.412669
    outer loop
      vertex 96.4987 -16 -88.8574
      vertex 96.5426 -40 -88.7605
      vertex 96.4987 -40 -88.8574
    endloop
  endfacet
  facet normal 0.163636 0 -0.986521
    outer loop
      vertex 97.683 -40 -87.8855
      vertex 97.7879 -16 -87.8681
      vertex 97.7879 -40 -87.8681
    endloop
  endfacet
  facet normal 0.163636 0 -0.986521
    outer loop
      vertex 97.7879 -16 -87.8681
      vertex 97.683 -40 -87.8855
      vertex 97.683 -16 -87.8855
    endloop
  endfacet
  facet normal 0.729772 -0 0.683691
    outer loop
      vertex 96.7783 -40 -90.5507
      vertex 96.851 -16 -90.6283
      vertex 96.7783 -16 -90.5507
    endloop
  endfacet
  facet normal 0.729772 0 0.683691
    outer loop
      vertex 96.851 -16 -90.6283
      vertex 96.7783 -40 -90.5507
      vertex 96.851 -40 -90.6283
    endloop
  endfacet
  facet normal -0.973737 0 -0.227676
    outer loop
      vertex 99.5938 -40 -89.1622
      vertex 99.5696 -16 -89.0587
      vertex 99.5938 -16 -89.1622
    endloop
  endfacet
  facet normal -0.973737 -0 -0.227676
    outer loop
      vertex 99.5696 -16 -89.0587
      vertex 99.5938 -40 -89.1622
      vertex 99.5696 -40 -89.0587
    endloop
  endfacet
  facet normal -0.957151 0 -0.28959
    outer loop
      vertex 99.5696 -40 -89.0587
      vertex 99.5388 -16 -88.9569
      vertex 99.5696 -16 -89.0587
    endloop
  endfacet
  facet normal -0.957151 -0 -0.28959
    outer loop
      vertex 99.5388 -16 -88.9569
      vertex 99.5696 -40 -89.0587
      vertex 99.5388 -40 -88.9569
    endloop
  endfacet
  facet normal -0.812906 0 -0.582395
    outer loop
      vertex 99.3511 -40 -88.5764
      vertex 99.2892 -16 -88.49
      vertex 99.3511 -16 -88.5764
    endloop
  endfacet
  facet normal -0.812906 -0 -0.582395
    outer loop
      vertex 99.2892 -16 -88.49
      vertex 99.3511 -40 -88.5764
      vertex 99.2892 -40 -88.49
    endloop
  endfacet
  facet normal -0.772825 0 -0.634619
    outer loop
      vertex 99.2892 -40 -88.49
      vertex 99.2217 -16 -88.4078
      vertex 99.2892 -16 -88.49
    endloop
  endfacet
  facet normal -0.772825 -0 -0.634619
    outer loop
      vertex 99.2217 -16 -88.4078
      vertex 99.2892 -40 -88.49
      vertex 99.2217 -40 -88.4078
    endloop
  endfacet
  facet normal -0.849 0 -0.528392
    outer loop
      vertex 99.4073 -40 -88.6667
      vertex 99.3511 -16 -88.5764
      vertex 99.4073 -16 -88.6667
    endloop
  endfacet
  facet normal -0.849 -0 -0.528392
    outer loop
      vertex 99.3511 -16 -88.5764
      vertex 99.4073 -40 -88.6667
      vertex 99.3511 -40 -88.5764
    endloop
  endfacet
  facet normal -0.226576 0 -0.973994
    outer loop
      vertex 98.317 -40 -87.8855
      vertex 98.4206 -16 -87.9096
      vertex 98.4206 -40 -87.9096
    endloop
  endfacet
  facet normal -0.226576 0 -0.973994
    outer loop
      vertex 98.4206 -16 -87.9096
      vertex 98.317 -40 -87.8855
      vertex 98.317 -16 -87.8855
    endloop
  endfacet
  facet normal -0.290712 0 -0.956811
    outer loop
      vertex 98.4206 -40 -87.9096
      vertex 98.5223 -16 -87.9405
      vertex 98.5223 -40 -87.9405
    endloop
  endfacet
  facet normal -0.290712 0 -0.956811
    outer loop
      vertex 98.5223 -16 -87.9405
      vertex 98.4206 -40 -87.9096
      vertex 98.4206 -16 -87.9096
    endloop
  endfacet
  facet normal -0.163636 0 -0.986521
    outer loop
      vertex 98.2121 -40 -87.8681
      vertex 98.317 -16 -87.8855
      vertex 98.317 -40 -87.8855
    endloop
  endfacet
  facet normal -0.163636 0 -0.986521
    outer loop
      vertex 98.317 -16 -87.8855
      vertex 98.2121 -40 -87.8681
      vertex 98.2121 -16 -87.8681
    endloop
  endfacet
  facet normal -0.413023 0 -0.910721
    outer loop
      vertex 98.6219 -40 -87.9779
      vertex 98.7187 -16 -88.0218
      vertex 98.7187 -40 -88.0218
    endloop
  endfacet
  facet normal -0.413023 0 -0.910721
    outer loop
      vertex 98.7187 -16 -88.0218
      vertex 98.6219 -40 -87.9779
      vertex 98.6219 -16 -87.9779
    endloop
  endfacet
  facet normal -0.582395 0 -0.812906
    outer loop
      vertex 98.9028 -40 -88.1281
      vertex 98.9892 -16 -88.19
      vertex 98.9892 -40 -88.19
    endloop
  endfacet
  facet normal -0.582395 0 -0.812906
    outer loop
      vertex 98.9892 -16 -88.19
      vertex 98.9028 -40 -88.1281
      vertex 98.9028 -16 -88.1281
    endloop
  endfacet
  facet normal 0.957151 0 -0.28959
    outer loop
      vertex 96.4612 -40 -88.9569
      vertex 96.4304 -16 -89.0587
      vertex 96.4612 -16 -88.9569
    endloop
  endfacet
  facet normal 0.957151 0 -0.28959
    outer loop
      vertex 96.4304 -16 -89.0587
      vertex 96.4612 -40 -88.9569
      vertex 96.4304 -40 -89.0587
    endloop
  endfacet
  facet normal 0.772825 0 -0.634619
    outer loop
      vertex 96.7783 -40 -88.4078
      vertex 96.7108 -16 -88.49
      vertex 96.7783 -16 -88.4078
    endloop
  endfacet
  facet normal 0.772825 0 -0.634619
    outer loop
      vertex 96.7108 -16 -88.49
      vertex 96.7783 -40 -88.4078
      vertex 96.7108 -40 -88.49
    endloop
  endfacet
  facet normal 0.729772 0 -0.683691
    outer loop
      vertex 96.851 -40 -88.3302
      vertex 96.7783 -16 -88.4078
      vertex 96.851 -16 -88.3302
    endloop
  endfacet
  facet normal 0.729772 0 -0.683691
    outer loop
      vertex 96.7783 -16 -88.4078
      vertex 96.851 -40 -88.3302
      vertex 96.7783 -40 -88.4078
    endloop
  endfacet
  facet normal 0.849 0 -0.528392
    outer loop
      vertex 96.6489 -40 -88.5764
      vertex 96.5927 -16 -88.6667
      vertex 96.6489 -16 -88.5764
    endloop
  endfacet
  facet normal 0.849 0 -0.528392
    outer loop
      vertex 96.5927 -16 -88.6667
      vertex 96.6489 -40 -88.5764
      vertex 96.5927 -40 -88.6667
    endloop
  endfacet
  facet normal 0.935748 0 -0.352669
    outer loop
      vertex 96.4987 -40 -88.8574
      vertex 96.4612 -16 -88.9569
      vertex 96.4987 -16 -88.8574
    endloop
  endfacet
  facet normal 0.935748 0 -0.352669
    outer loop
      vertex 96.4612 -16 -88.9569
      vertex 96.4987 -40 -88.8574
      vertex 96.4612 -40 -88.9569
    endloop
  endfacet
  facet normal 0.986672 0 -0.162721
    outer loop
      vertex 96.4062 -40 -89.1622
      vertex 96.3889 -16 -89.2671
      vertex 96.4062 -16 -89.1622
    endloop
  endfacet
  facet normal 0.986672 0 -0.162721
    outer loop
      vertex 96.3889 -16 -89.2671
      vertex 96.4062 -40 -89.1622
      vertex 96.3889 -40 -89.2671
    endloop
  endfacet
  facet normal 0.527714 0 -0.849422
    outer loop
      vertex 97.0972 -40 -88.1281
      vertex 97.1875 -16 -88.072
      vertex 97.1875 -40 -88.072
    endloop
  endfacet
  facet normal 0.527714 0 -0.849422
    outer loop
      vertex 97.1875 -16 -88.072
      vertex 97.0972 -40 -88.1281
      vertex 97.0972 -16 -88.1281
    endloop
  endfacet
  facet normal 0.471856 0 -0.881676
    outer loop
      vertex 97.1875 -40 -88.072
      vertex 97.2813 -16 -88.0218
      vertex 97.2813 -40 -88.0218
    endloop
  endfacet
  facet normal 0.471856 0 -0.881676
    outer loop
      vertex 97.2813 -16 -88.0218
      vertex 97.1875 -40 -88.072
      vertex 97.1875 -16 -88.072
    endloop
  endfacet
  facet normal 0.634619 0 -0.772825
    outer loop
      vertex 96.9286 -40 -88.2575
      vertex 97.0108 -16 -88.19
      vertex 97.0108 -40 -88.19
    endloop
  endfacet
  facet normal 0.634619 0 -0.772825
    outer loop
      vertex 97.0108 -16 -88.19
      vertex 96.9286 -40 -88.2575
      vertex 96.9286 -16 -88.2575
    endloop
  endfacet
  facet normal 0.290712 0 -0.956811
    outer loop
      vertex 97.4777 -40 -87.9405
      vertex 97.5794 -16 -87.9096
      vertex 97.5794 -40 -87.9096
    endloop
  endfacet
  facet normal 0.290712 0 -0.956811
    outer loop
      vertex 97.5794 -16 -87.9096
      vertex 97.4777 -40 -87.9405
      vertex 97.4777 -16 -87.9405
    endloop
  endfacet
  facet normal 0.0978272 0 -0.995203
    outer loop
      vertex 97.7879 -40 -87.8681
      vertex 97.8937 -16 -87.8577
      vertex 97.8937 -40 -87.8577
    endloop
  endfacet
  facet normal 0.0978272 0 -0.995203
    outer loop
      vertex 97.8937 -16 -87.8577
      vertex 97.7879 -40 -87.8681
      vertex 97.7879 -16 -87.8681
    endloop
  endfacet
  facet normal -0.729772 0 0.683691
    outer loop
      vertex 99.149 -40 -90.6283
      vertex 99.2217 -16 -90.5507
      vertex 99.149 -16 -90.6283
    endloop
  endfacet
  facet normal -0.729772 0 0.683691
    outer loop
      vertex 99.2217 -16 -90.5507
      vertex 99.149 -40 -90.6283
      vertex 99.2217 -40 -90.5507
    endloop
  endfacet
  facet normal -0.413023 0 0.910721
    outer loop
      vertex 98.6219 -16 -90.9806
      vertex 98.7187 -40 -90.9367
      vertex 98.7187 -16 -90.9367
    endloop
  endfacet
  facet normal -0.413023 0 0.910721
    outer loop
      vertex 98.7187 -40 -90.9367
      vertex 98.6219 -16 -90.9806
      vertex 98.6219 -40 -90.9806
    endloop
  endfacet
  facet normal -0.957151 0 0.28959
    outer loop
      vertex 99.5388 -40 -90.0016
      vertex 99.5696 -16 -89.8998
      vertex 99.5388 -16 -90.0016
    endloop
  endfacet
  facet normal -0.957151 0 0.28959
    outer loop
      vertex 99.5696 -16 -89.8998
      vertex 99.5388 -40 -90.0016
      vertex 99.5696 -40 -89.8998
    endloop
  endfacet
  facet normal 0.290712 0 0.956811
    outer loop
      vertex 97.4777 -16 -91.018
      vertex 97.5794 -40 -91.0489
      vertex 97.5794 -16 -91.0489
    endloop
  endfacet
  facet normal 0.290712 0 0.956811
    outer loop
      vertex 97.5794 -40 -91.0489
      vertex 97.4777 -16 -91.018
      vertex 97.4777 -40 -91.018
    endloop
  endfacet
  facet normal 0.634057 0 0.773286
    outer loop
      vertex 96.9286 -16 -90.701
      vertex 97.0108 -40 -90.7684
      vertex 97.0108 -16 -90.7684
    endloop
  endfacet
  facet normal 0.634057 0 0.773286
    outer loop
      vertex 97.0108 -40 -90.7684
      vertex 96.9286 -16 -90.701
      vertex 96.9286 -40 -90.701
    endloop
  endfacet
  facet normal 0.683691 0 0.729772
    outer loop
      vertex 96.851 -16 -90.6283
      vertex 96.9286 -40 -90.701
      vertex 96.9286 -16 -90.701
    endloop
  endfacet
  facet normal 0.683691 0 0.729772
    outer loop
      vertex 96.9286 -40 -90.701
      vertex 96.851 -16 -90.6283
      vertex 96.851 -40 -90.6283
    endloop
  endfacet
  facet normal 0.413023 0 0.910721
    outer loop
      vertex 97.2813 -16 -90.9367
      vertex 97.3781 -40 -90.9806
      vertex 97.3781 -16 -90.9806
    endloop
  endfacet
  facet normal 0.413023 0 0.910721
    outer loop
      vertex 97.3781 -40 -90.9806
      vertex 97.2813 -16 -90.9367
      vertex 97.2813 -40 -90.9367
    endloop
  endfacet
  facet normal 0.527714 0 0.849422
    outer loop
      vertex 97.0972 -16 -90.8304
      vertex 97.1875 -40 -90.8865
      vertex 97.1875 -16 -90.8865
    endloop
  endfacet
  facet normal 0.527714 0 0.849422
    outer loop
      vertex 97.1875 -40 -90.8865
      vertex 97.0972 -16 -90.8304
      vertex 97.0972 -40 -90.8304
    endloop
  endfacet
  facet normal 0.351535 0 0.936175
    outer loop
      vertex 97.3781 -16 -90.9806
      vertex 97.4777 -40 -91.018
      vertex 97.4777 -16 -91.018
    endloop
  endfacet
  facet normal 0.351535 0 0.936175
    outer loop
      vertex 97.4777 -40 -91.018
      vertex 97.3781 -16 -90.9806
      vertex 97.3781 -40 -90.9806
    endloop
  endfacet
  facet normal 0.162721 0 0.986672
    outer loop
      vertex 97.683 -16 -91.073
      vertex 97.7879 -40 -91.0903
      vertex 97.7879 -16 -91.0903
    endloop
  endfacet
  facet normal 0.162721 0 0.986672
    outer loop
      vertex 97.7879 -40 -91.0903
      vertex 97.683 -16 -91.073
      vertex 97.683 -40 -91.073
    endloop
  endfacet
  facet normal 0.849 -0 0.528392
    outer loop
      vertex 96.5927 -40 -90.2917
      vertex 96.6489 -16 -90.382
      vertex 96.5927 -16 -90.2917
    endloop
  endfacet
  facet normal 0.849 0 0.528392
    outer loop
      vertex 96.6489 -16 -90.382
      vertex 96.5927 -40 -90.2917
      vertex 96.6489 -40 -90.382
    endloop
  endfacet
  facet normal 0.935748 -0 0.352669
    outer loop
      vertex 96.4612 -40 -90.0016
      vertex 96.4987 -16 -90.1011
      vertex 96.4612 -16 -90.0016
    endloop
  endfacet
  facet normal 0.935748 0 0.352669
    outer loop
      vertex 96.4987 -16 -90.1011
      vertex 96.4612 -40 -90.0016
      vertex 96.4987 -40 -90.1011
    endloop
  endfacet
  facet normal -0.986672 0 -0.162721
    outer loop
      vertex 99.6111 -40 -89.2671
      vertex 99.5938 -16 -89.1622
      vertex 99.6111 -16 -89.2671
    endloop
  endfacet
  facet normal -0.986672 -0 -0.162721
    outer loop
      vertex 99.5938 -16 -89.1622
      vertex 99.6111 -40 -89.2671
      vertex 99.5938 -40 -89.1622
    endloop
  endfacet
  facet normal -0.995212 0 -0.0977357
    outer loop
      vertex 99.6215 -40 -89.373
      vertex 99.6111 -16 -89.2671
      vertex 99.6215 -16 -89.373
    endloop
  endfacet
  facet normal -0.995212 -0 -0.0977357
    outer loop
      vertex 99.6111 -16 -89.2671
      vertex 99.6215 -40 -89.373
      vertex 99.6111 -40 -89.2671
    endloop
  endfacet
  facet normal -0.935748 0 -0.352669
    outer loop
      vertex 99.5388 -40 -88.9569
      vertex 99.5013 -16 -88.8574
      vertex 99.5388 -16 -88.9569
    endloop
  endfacet
  facet normal -0.935748 -0 -0.352669
    outer loop
      vertex 99.5013 -16 -88.8574
      vertex 99.5388 -40 -88.9569
      vertex 99.5013 -40 -88.8574
    endloop
  endfacet
  facet normal -0.729772 0 -0.683691
    outer loop
      vertex 99.2217 -40 -88.4078
      vertex 99.149 -16 -88.3302
      vertex 99.2217 -16 -88.4078
    endloop
  endfacet
  facet normal -0.729772 -0 -0.683691
    outer loop
      vertex 99.149 -16 -88.3302
      vertex 99.2217 -40 -88.4078
      vertex 99.149 -40 -88.3302
    endloop
  endfacet
  facet normal -0.882066 0 -0.471125
    outer loop
      vertex 99.4574 -40 -88.7605
      vertex 99.4073 -16 -88.6667
      vertex 99.4574 -16 -88.7605
    endloop
  endfacet
  facet normal -0.882066 -0 -0.471125
    outer loop
      vertex 99.4073 -16 -88.6667
      vertex 99.4574 -40 -88.7605
      vertex 99.4073 -40 -88.6667
    endloop
  endfacet
  facet normal -0.0978272 0 -0.995203
    outer loop
      vertex 98.1063 -40 -87.8577
      vertex 98.2121 -16 -87.8681
      vertex 98.2121 -40 -87.8681
    endloop
  endfacet
  facet normal -0.0978272 0 -0.995203
    outer loop
      vertex 98.2121 -16 -87.8681
      vertex 98.1063 -40 -87.8577
      vertex 98.1063 -16 -87.8577
    endloop
  endfacet
  facet normal -0.471856 0 -0.881676
    outer loop
      vertex 98.7187 -40 -88.0218
      vertex 98.8125 -16 -88.072
      vertex 98.8125 -40 -88.072
    endloop
  endfacet
  facet normal -0.471856 0 -0.881676
    outer loop
      vertex 98.8125 -16 -88.072
      vertex 98.7187 -40 -88.0218
      vertex 98.7187 -16 -88.0218
    endloop
  endfacet
  facet normal -0.634619 0 -0.772825
    outer loop
      vertex 98.9892 -40 -88.19
      vertex 99.0714 -16 -88.2575
      vertex 99.0714 -40 -88.2575
    endloop
  endfacet
  facet normal -0.634619 0 -0.772825
    outer loop
      vertex 99.0714 -16 -88.2575
      vertex 98.9892 -40 -88.19
      vertex 98.9892 -16 -88.19
    endloop
  endfacet
  facet normal 0.812906 0 -0.582395
    outer loop
      vertex 96.7108 -40 -88.49
      vertex 96.6489 -16 -88.5764
      vertex 96.7108 -16 -88.49
    endloop
  endfacet
  facet normal 0.812906 0 -0.582395
    outer loop
      vertex 96.6489 -16 -88.5764
      vertex 96.7108 -40 -88.49
      vertex 96.6489 -40 -88.5764
    endloop
  endfacet
  facet normal 0.973737 0 -0.227676
    outer loop
      vertex 96.4304 -40 -89.0587
      vertex 96.4062 -16 -89.1622
      vertex 96.4304 -16 -89.0587
    endloop
  endfacet
  facet normal 0.973737 0 -0.227676
    outer loop
      vertex 96.4062 -16 -89.1622
      vertex 96.4304 -40 -89.0587
      vertex 96.4062 -40 -89.1622
    endloop
  endfacet
  facet normal 0.995212 0 -0.0977357
    outer loop
      vertex 96.3889 -40 -89.2671
      vertex 96.3785 -16 -89.373
      vertex 96.3889 -16 -89.2671
    endloop
  endfacet
  facet normal 0.995212 0 -0.0977357
    outer loop
      vertex 96.3785 -16 -89.373
      vertex 96.3889 -40 -89.2671
      vertex 96.3785 -40 -89.373
    endloop
  endfacet
  facet normal 0.0329078 0 -0.999458
    outer loop
      vertex 97.8937 -40 -87.8577
      vertex 98 -16 -87.8542
      vertex 98 -40 -87.8542
    endloop
  endfacet
  facet normal 0.0329078 0 -0.999458
    outer loop
      vertex 98 -16 -87.8542
      vertex 97.8937 -40 -87.8577
      vertex 97.8937 -16 -87.8577
    endloop
  endfacet
  facet normal -0.0319686 0 0.999489
    outer loop
      vertex 98 -16 -91.1042
      vertex 98.1063 -40 -91.1008
      vertex 98.1063 -16 -91.1008
    endloop
  endfacet
  facet normal -0.0319686 0 0.999489
    outer loop
      vertex 98.1063 -40 -91.1008
      vertex 98 -16 -91.1042
      vertex 98 -40 -91.1042
    endloop
  endfacet
  facet normal -0.162721 0 0.986672
    outer loop
      vertex 98.2121 -16 -91.0903
      vertex 98.317 -40 -91.073
      vertex 98.317 -16 -91.073
    endloop
  endfacet
  facet normal -0.162721 0 0.986672
    outer loop
      vertex 98.317 -40 -91.073
      vertex 98.2121 -16 -91.0903
      vertex 98.2121 -40 -91.0903
    endloop
  endfacet
  facet normal -0.226576 0 0.973994
    outer loop
      vertex 98.317 -16 -91.073
      vertex 98.4206 -40 -91.0489
      vertex 98.4206 -16 -91.0489
    endloop
  endfacet
  facet normal -0.226576 0 0.973994
    outer loop
      vertex 98.4206 -40 -91.0489
      vertex 98.317 -16 -91.073
      vertex 98.317 -40 -91.073
    endloop
  endfacet
  facet normal -0.351535 0 0.936175
    outer loop
      vertex 98.5223 -16 -91.018
      vertex 98.6219 -40 -90.9806
      vertex 98.6219 -16 -90.9806
    endloop
  endfacet
  facet normal -0.351535 0 0.936175
    outer loop
      vertex 98.6219 -40 -90.9806
      vertex 98.5223 -16 -91.018
      vertex 98.5223 -40 -91.018
    endloop
  endfacet
  facet normal -0.290712 0 0.956811
    outer loop
      vertex 98.4206 -16 -91.0489
      vertex 98.5223 -40 -91.018
      vertex 98.5223 -16 -91.018
    endloop
  endfacet
  facet normal -0.290712 0 0.956811
    outer loop
      vertex 98.5223 -40 -91.018
      vertex 98.4206 -16 -91.0489
      vertex 98.4206 -40 -91.0489
    endloop
  endfacet
  facet normal -0.634057 0 0.773286
    outer loop
      vertex 98.9892 -16 -90.7684
      vertex 99.0714 -40 -90.701
      vertex 99.0714 -16 -90.701
    endloop
  endfacet
  facet normal -0.634057 0 0.773286
    outer loop
      vertex 99.0714 -40 -90.701
      vertex 98.9892 -16 -90.7684
      vertex 98.9892 -40 -90.7684
    endloop
  endfacet
  facet normal -0.583016 0 0.812461
    outer loop
      vertex 98.9028 -16 -90.8304
      vertex 98.9892 -40 -90.7684
      vertex 98.9892 -16 -90.7684
    endloop
  endfacet
  facet normal -0.583016 0 0.812461
    outer loop
      vertex 98.9892 -40 -90.7684
      vertex 98.9028 -16 -90.8304
      vertex 98.9028 -40 -90.8304
    endloop
  endfacet
  facet normal -0.683691 0 0.729772
    outer loop
      vertex 99.0714 -16 -90.701
      vertex 99.149 -40 -90.6283
      vertex 99.149 -16 -90.6283
    endloop
  endfacet
  facet normal -0.683691 0 0.729772
    outer loop
      vertex 99.149 -40 -90.6283
      vertex 99.0714 -16 -90.701
      vertex 99.0714 -40 -90.701
    endloop
  endfacet
  facet normal -0.527714 0 0.849422
    outer loop
      vertex 98.8125 -16 -90.8865
      vertex 98.9028 -40 -90.8304
      vertex 98.9028 -16 -90.8304
    endloop
  endfacet
  facet normal -0.527714 0 0.849422
    outer loop
      vertex 98.9028 -40 -90.8304
      vertex 98.8125 -16 -90.8865
      vertex 98.8125 -40 -90.8865
    endloop
  endfacet
  facet normal -0.471856 0 0.881676
    outer loop
      vertex 98.7187 -16 -90.9367
      vertex 98.8125 -40 -90.8865
      vertex 98.8125 -16 -90.8865
    endloop
  endfacet
  facet normal -0.471856 0 0.881676
    outer loop
      vertex 98.8125 -40 -90.8865
      vertex 98.7187 -16 -90.9367
      vertex 98.7187 -40 -90.9367
    endloop
  endfacet
  facet normal -0.849 0 0.528392
    outer loop
      vertex 99.3511 -40 -90.382
      vertex 99.4073 -16 -90.2917
      vertex 99.3511 -16 -90.382
    endloop
  endfacet
  facet normal -0.849 0 0.528392
    outer loop
      vertex 99.4073 -16 -90.2917
      vertex 99.3511 -40 -90.382
      vertex 99.4073 -40 -90.2917
    endloop
  endfacet
  facet normal -0.772825 0 0.634619
    outer loop
      vertex 99.2217 -40 -90.5507
      vertex 99.2892 -16 -90.4685
      vertex 99.2217 -16 -90.5507
    endloop
  endfacet
  facet normal -0.772825 0 0.634619
    outer loop
      vertex 99.2892 -16 -90.4685
      vertex 99.2217 -40 -90.5507
      vertex 99.2892 -40 -90.4685
    endloop
  endfacet
  facet normal -0.813225 0 0.581949
    outer loop
      vertex 99.2892 -40 -90.4685
      vertex 99.3511 -16 -90.382
      vertex 99.2892 -16 -90.4685
    endloop
  endfacet
  facet normal -0.813225 0 0.581949
    outer loop
      vertex 99.3511 -16 -90.382
      vertex 99.2892 -40 -90.4685
      vertex 99.3511 -40 -90.382
    endloop
  endfacet
  facet normal -0.881857 0 0.471516
    outer loop
      vertex 99.4073 -40 -90.2917
      vertex 99.4574 -16 -90.198
      vertex 99.4073 -16 -90.2917
    endloop
  endfacet
  facet normal -0.881857 0 0.471516
    outer loop
      vertex 99.4574 -16 -90.198
      vertex 99.4073 -40 -90.2917
      vertex 99.4574 -40 -90.198
    endloop
  endfacet
  facet normal -0.935748 0 0.352669
    outer loop
      vertex 99.5013 -40 -90.1011
      vertex 99.5388 -16 -90.0016
      vertex 99.5013 -16 -90.1011
    endloop
  endfacet
  facet normal -0.935748 0 0.352669
    outer loop
      vertex 99.5388 -16 -90.0016
      vertex 99.5013 -40 -90.1011
      vertex 99.5388 -40 -90.0016
    endloop
  endfacet
  facet normal -0.910881 0 0.412669
    outer loop
      vertex 99.4574 -40 -90.198
      vertex 99.5013 -16 -90.1011
      vertex 99.4574 -16 -90.198
    endloop
  endfacet
  facet normal -0.910881 0 0.412669
    outer loop
      vertex 99.5013 -16 -90.1011
      vertex 99.4574 -40 -90.198
      vertex 99.5013 -40 -90.1011
    endloop
  endfacet
  facet normal -0.986672 0 0.162721
    outer loop
      vertex 99.5938 -40 -89.7963
      vertex 99.6111 -16 -89.6914
      vertex 99.5938 -16 -89.7963
    endloop
  endfacet
  facet normal -0.986672 0 0.162721
    outer loop
      vertex 99.6111 -16 -89.6914
      vertex 99.5938 -40 -89.7963
      vertex 99.6111 -40 -89.6914
    endloop
  endfacet
  facet normal -0.973737 0 0.227676
    outer loop
      vertex 99.5696 -40 -89.8998
      vertex 99.5938 -16 -89.7963
      vertex 99.5696 -16 -89.8998
    endloop
  endfacet
  facet normal -0.973737 0 0.227676
    outer loop
      vertex 99.5938 -16 -89.7963
      vertex 99.5696 -40 -89.8998
      vertex 99.5938 -40 -89.7963
    endloop
  endfacet
  facet normal 0.471856 0 0.881676
    outer loop
      vertex 97.1875 -16 -90.8865
      vertex 97.2813 -40 -90.9367
      vertex 97.2813 -16 -90.9367
    endloop
  endfacet
  facet normal 0.471856 0 0.881676
    outer loop
      vertex 97.2813 -40 -90.9367
      vertex 97.1875 -16 -90.8865
      vertex 97.1875 -40 -90.8865
    endloop
  endfacet
  facet normal 0.0987587 0 0.995111
    outer loop
      vertex 97.7879 -16 -91.0903
      vertex 97.8937 -40 -91.1008
      vertex 97.8937 -16 -91.1008
    endloop
  endfacet
  facet normal 0.0987587 0 0.995111
    outer loop
      vertex 97.8937 -40 -91.1008
      vertex 97.7879 -16 -91.0903
      vertex 97.7879 -40 -91.0903
    endloop
  endfacet
  facet normal 0.910881 -0 0.412669
    outer loop
      vertex 96.4987 -40 -90.1011
      vertex 96.5426 -16 -90.198
      vertex 96.4987 -16 -90.1011
    endloop
  endfacet
  facet normal 0.910881 0 0.412669
    outer loop
      vertex 96.5426 -16 -90.198
      vertex 96.4987 -40 -90.1011
      vertex 96.5426 -40 -90.198
    endloop
  endfacet
  facet normal 0.881857 -0 0.471516
    outer loop
      vertex 96.5426 -40 -90.198
      vertex 96.5927 -16 -90.2917
      vertex 96.5426 -16 -90.198
    endloop
  endfacet
  facet normal 0.881857 0 0.471516
    outer loop
      vertex 96.5927 -16 -90.2917
      vertex 96.5426 -40 -90.198
      vertex 96.5927 -40 -90.2917
    endloop
  endfacet
  facet normal 0.813225 -0 0.581949
    outer loop
      vertex 96.6489 -40 -90.382
      vertex 96.7108 -16 -90.4685
      vertex 96.6489 -16 -90.382
    endloop
  endfacet
  facet normal 0.813225 0 0.581949
    outer loop
      vertex 96.7108 -16 -90.4685
      vertex 96.6489 -40 -90.382
      vertex 96.7108 -40 -90.4685
    endloop
  endfacet
  facet normal 0.973737 -0 0.227676
    outer loop
      vertex 96.4062 -40 -89.7963
      vertex 96.4304 -16 -89.8998
      vertex 96.4062 -16 -89.7963
    endloop
  endfacet
  facet normal 0.973737 0 0.227676
    outer loop
      vertex 96.4304 -16 -89.8998
      vertex 96.4062 -40 -89.7963
      vertex 96.4304 -40 -89.8998
    endloop
  endfacet
  facet normal 0.986672 -0 0.162721
    outer loop
      vertex 96.3889 -40 -89.6914
      vertex 96.4062 -16 -89.7963
      vertex 96.3889 -16 -89.6914
    endloop
  endfacet
  facet normal 0.986672 0 0.162721
    outer loop
      vertex 96.4062 -16 -89.7963
      vertex 96.3889 -40 -89.6914
      vertex 96.4062 -40 -89.7963
    endloop
  endfacet
  facet normal 0.999458 -0 0.0329078
    outer loop
      vertex 96.375 -40 -89.4792
      vertex 96.3785 -16 -89.5855
      vertex 96.375 -16 -89.4792
    endloop
  endfacet
  facet normal 0.999458 0 0.0329078
    outer loop
      vertex 96.3785 -16 -89.5855
      vertex 96.375 -40 -89.4792
      vertex 96.3785 -40 -89.5855
    endloop
  endfacet
  facet normal 0.882066 0 -0.471125
    outer loop
      vertex 96.5927 -40 -88.6667
      vertex 96.5426 -16 -88.7605
      vertex 96.5927 -16 -88.6667
    endloop
  endfacet
  facet normal 0.882066 0 -0.471125
    outer loop
      vertex 96.5426 -16 -88.7605
      vertex 96.5927 -40 -88.6667
      vertex 96.5426 -40 -88.7605
    endloop
  endfacet
  facet normal 0.413023 0 -0.910721
    outer loop
      vertex 97.2813 -40 -88.0218
      vertex 97.3781 -16 -87.9779
      vertex 97.3781 -40 -87.9779
    endloop
  endfacet
  facet normal 0.413023 0 -0.910721
    outer loop
      vertex 97.3781 -16 -87.9779
      vertex 97.2813 -40 -88.0218
      vertex 97.2813 -16 -88.0218
    endloop
  endfacet
  facet normal 0.582395 0 -0.812906
    outer loop
      vertex 97.0108 -40 -88.19
      vertex 97.0972 -16 -88.1281
      vertex 97.0972 -40 -88.1281
    endloop
  endfacet
  facet normal 0.582395 0 -0.812906
    outer loop
      vertex 97.0972 -16 -88.1281
      vertex 97.0108 -40 -88.19
      vertex 97.0108 -16 -88.19
    endloop
  endfacet
  facet normal 0.226576 0 -0.973994
    outer loop
      vertex 97.5794 -40 -87.9096
      vertex 97.683 -16 -87.8855
      vertex 97.683 -40 -87.8855
    endloop
  endfacet
  facet normal 0.226576 0 -0.973994
    outer loop
      vertex 97.683 -16 -87.8855
      vertex 97.5794 -40 -87.9096
      vertex 97.5794 -16 -87.9096
    endloop
  endfacet
  facet normal -0.0987587 0 0.995111
    outer loop
      vertex 98.1063 -16 -91.1008
      vertex 98.2121 -40 -91.0903
      vertex 98.2121 -16 -91.0903
    endloop
  endfacet
  facet normal -0.0987587 0 0.995111
    outer loop
      vertex 98.2121 -40 -91.0903
      vertex 98.1063 -16 -91.1008
      vertex 98.1063 -40 -91.1008
    endloop
  endfacet
  facet normal -0.995212 0 0.0977357
    outer loop
      vertex 99.6111 -40 -89.6914
      vertex 99.6215 -16 -89.5855
      vertex 99.6111 -16 -89.6914
    endloop
  endfacet
  facet normal -0.995212 0 0.0977357
    outer loop
      vertex 99.6215 -16 -89.5855
      vertex 99.6111 -40 -89.6914
      vertex 99.6215 -40 -89.5855
    endloop
  endfacet
  facet normal 0.583016 0 0.812461
    outer loop
      vertex 97.0108 -16 -90.7684
      vertex 97.0972 -40 -90.8304
      vertex 97.0972 -16 -90.8304
    endloop
  endfacet
  facet normal 0.583016 0 0.812461
    outer loop
      vertex 97.0972 -40 -90.8304
      vertex 97.0108 -16 -90.7684
      vertex 97.0108 -40 -90.7684
    endloop
  endfacet
  facet normal 0.226576 0 0.973994
    outer loop
      vertex 97.5794 -16 -91.0489
      vertex 97.683 -40 -91.073
      vertex 97.683 -16 -91.073
    endloop
  endfacet
  facet normal 0.226576 0 0.973994
    outer loop
      vertex 97.683 -40 -91.073
      vertex 97.5794 -16 -91.0489
      vertex 97.5794 -40 -91.0489
    endloop
  endfacet
  facet normal 0.772825 -0 0.634619
    outer loop
      vertex 96.7108 -40 -90.4685
      vertex 96.7783 -16 -90.5507
      vertex 96.7108 -16 -90.4685
    endloop
  endfacet
  facet normal 0.772825 0 0.634619
    outer loop
      vertex 96.7783 -16 -90.5507
      vertex 96.7108 -40 -90.4685
      vertex 96.7783 -40 -90.5507
    endloop
  endfacet
  facet normal 0.957151 -0 0.28959
    outer loop
      vertex 96.4304 -40 -89.8998
      vertex 96.4612 -16 -90.0016
      vertex 96.4304 -16 -89.8998
    endloop
  endfacet
  facet normal 0.957151 0 0.28959
    outer loop
      vertex 96.4612 -16 -90.0016
      vertex 96.4304 -40 -89.8998
      vertex 96.4612 -40 -90.0016
    endloop
  endfacet
  facet normal 0.995212 -0 0.0977357
    outer loop
      vertex 96.3785 -40 -89.5855
      vertex 96.3889 -16 -89.6914
      vertex 96.3785 -16 -89.5855
    endloop
  endfacet
  facet normal 0.995212 0 0.0977357
    outer loop
      vertex 96.3889 -16 -89.6914
      vertex 96.3785 -40 -89.5855
      vertex 96.3889 -40 -89.6914
    endloop
  endfacet
  facet normal -0.999458 0 0.0329078
    outer loop
      vertex 99.6215 -40 -89.5855
      vertex 99.625 -16 -89.4792
      vertex 99.6215 -16 -89.5855
    endloop
  endfacet
  facet normal -0.999458 0 0.0329078
    outer loop
      vertex 99.625 -16 -89.4792
      vertex 99.6215 -40 -89.5855
      vertex 99.625 -40 -89.4792
    endloop
  endfacet
  facet normal 0.999435 -0 0.0336201
    outer loop
      vertex 102.989 -40 -32.3673
      vertex 103 -16 -32.6943
      vertex 102.989 -16 -32.3673
    endloop
  endfacet
  facet normal 0.999435 0 0.0336201
    outer loop
      vertex 103 -16 -32.6943
      vertex 102.989 -40 -32.3673
      vertex 103 -40 -32.6943
    endloop
  endfacet
  facet normal -0.999465 0 0.0327042
    outer loop
      vertex 93 -40 -32.6943
      vertex 93.0107 -16 -32.3673
      vertex 93 -16 -32.6943
    endloop
  endfacet
  facet normal -0.999465 0 0.0327042
    outer loop
      vertex 93.0107 -16 -32.3673
      vertex 93 -40 -32.6943
      vertex 93.0107 -40 -32.3673
    endloop
  endfacet
  facet normal 0.0327042 0 0.999465
    outer loop
      vertex 98 -16 -27.6943
      vertex 98.327 -40 -27.705
      vertex 98.327 -16 -27.705
    endloop
  endfacet
  facet normal 0.0327042 0 0.999465
    outer loop
      vertex 98.327 -40 -27.705
      vertex 98 -16 -27.6943
      vertex 98 -40 -27.6943
    endloop
  endfacet
  facet normal 0.730872 -0 0.682515
    outer loop
      vertex 101.536 -40 -29.1588
      vertex 101.759 -16 -29.3976
      vertex 101.536 -16 -29.1588
    endloop
  endfacet
  facet normal 0.730872 0 0.682515
    outer loop
      vertex 101.759 -16 -29.3976
      vertex 101.536 -40 -29.1588
      vertex 101.759 -40 -29.3976
    endloop
  endfacet
  facet normal -0.683656 0 0.729804
    outer loop
      vertex 94.4645 -16 -29.1588
      vertex 94.7033 -40 -28.9351
      vertex 94.7033 -16 -28.9351
    endloop
  endfacet
  facet normal -0.683656 0 0.729804
    outer loop
      vertex 94.7033 -40 -28.9351
      vertex 94.4645 -16 -29.1588
      vertex 94.4645 -40 -29.1588
    endloop
  endfacet
  facet normal -0.352128 0 0.935952
    outer loop
      vertex 96.0866 -16 -28.0749
      vertex 96.3928 -40 -27.9597
      vertex 96.3928 -16 -27.9597
    endloop
  endfacet
  facet normal -0.352128 0 0.935952
    outer loop
      vertex 96.3928 -40 -27.9597
      vertex 96.0866 -16 -28.0749
      vertex 96.0866 -40 -28.0749
    endloop
  endfacet
  facet normal 0.910889 -0 0.412651
    outer loop
      vertex 102.484 -40 -30.4829
      vertex 102.619 -16 -30.7809
      vertex 102.484 -16 -30.4829
    endloop
  endfacet
  facet normal 0.910889 0 0.412651
    outer loop
      vertex 102.619 -16 -30.7809
      vertex 102.484 -40 -30.4829
      vertex 102.619 -40 -30.7809
    endloop
  endfacet
  facet normal 0.413365 0 0.910565
    outer loop
      vertex 99.9134 -16 -28.0749
      vertex 100.211 -40 -28.21
      vertex 100.211 -16 -28.21
    endloop
  endfacet
  facet normal 0.413365 0 0.910565
    outer loop
      vertex 100.211 -40 -28.21
      vertex 99.9134 -16 -28.0749
      vertex 99.9134 -40 -28.0749
    endloop
  endfacet
  facet normal 0.582452 0 0.812865
    outer loop
      vertex 100.778 -16 -28.537
      vertex 101.044 -40 -28.7276
      vertex 101.044 -16 -28.7276
    endloop
  endfacet
  facet normal 0.582452 0 0.812865
    outer loop
      vertex 101.044 -40 -28.7276
      vertex 100.778 -16 -28.537
      vertex 100.778 -40 -28.537
    endloop
  endfacet
  facet normal -0.910889 0 0.412651
    outer loop
      vertex 93.3806 -40 -30.7809
      vertex 93.5156 -16 -30.4829
      vertex 93.3806 -16 -30.7809
    endloop
  endfacet
  facet normal -0.910889 0 0.412651
    outer loop
      vertex 93.5156 -16 -30.4829
      vertex 93.3806 -40 -30.7809
      vertex 93.5156 -40 -30.4829
    endloop
  endfacet
  facet normal -0.772935 0 0.634485
    outer loop
      vertex 94.0332 -40 -29.6505
      vertex 94.2408 -16 -29.3976
      vertex 94.0332 -16 -29.6505
    endloop
  endfacet
  facet normal -0.772935 0 0.634485
    outer loop
      vertex 94.2408 -16 -29.3976
      vertex 94.0332 -40 -29.6505
      vertex 94.2408 -40 -29.3976
    endloop
  endfacet
  facet normal -0.162912 0 0.986641
    outer loop
      vertex 97.0246 -16 -27.7904
      vertex 97.3474 -40 -27.7371
      vertex 97.3474 -16 -27.7371
    endloop
  endfacet
  facet normal -0.162912 0 0.986641
    outer loop
      vertex 97.3474 -40 -27.7371
      vertex 97.0246 -16 -27.7904
      vertex 97.0246 -40 -27.7904
    endloop
  endfacet
  facet normal 0.956922 0 -0.290347
    outer loop
      vertex 102.83 -40 -33.9884
      vertex 102.735 -16 -34.3015
      vertex 102.83 -16 -33.9884
    endloop
  endfacet
  facet normal 0.956922 0 -0.290347
    outer loop
      vertex 102.735 -16 -34.3015
      vertex 102.83 -40 -33.9884
      vertex 102.735 -40 -34.3015
    endloop
  endfacet
  facet normal -0.773058 0 -0.634335
    outer loop
      vertex 94.2408 -40 -35.9911
      vertex 94.0332 -16 -35.7381
      vertex 94.2408 -16 -35.9911
    endloop
  endfacet
  facet normal -0.773058 -0 -0.634335
    outer loop
      vertex 94.0332 -16 -35.7381
      vertex 94.2408 -40 -35.9911
      vertex 94.0332 -40 -35.7381
    endloop
  endfacet
  facet normal -0.93599 0 -0.352027
    outer loop
      vertex 93.3806 -40 -34.6078
      vertex 93.2654 -16 -34.3015
      vertex 93.3806 -16 -34.6078
    endloop
  endfacet
  facet normal -0.93599 -0 -0.352027
    outer loop
      vertex 93.2654 -16 -34.3015
      vertex 93.3806 -40 -34.6078
      vertex 93.2654 -40 -34.3015
    endloop
  endfacet
  facet normal 0.986788 -0 0.162019
    outer loop
      vertex 102.904 -40 -31.7189
      vertex 102.957 -16 -32.0417
      vertex 102.904 -16 -31.7189
    endloop
  endfacet
  facet normal 0.986788 0 0.162019
    outer loop
      vertex 102.957 -16 -32.0417
      vertex 102.904 -40 -31.7189
      vertex 102.957 -40 -32.0417
    endloop
  endfacet
  facet normal 0.995205 -0 0.0978089
    outer loop
      vertex 102.957 -40 -32.0417
      vertex 102.989 -16 -32.3673
      vertex 102.957 -16 -32.0417
    endloop
  endfacet
  facet normal 0.995205 0 0.0978089
    outer loop
      vertex 102.989 -16 -32.3673
      vertex 102.957 -40 -32.0417
      vertex 102.989 -40 -32.3673
    endloop
  endfacet
  facet normal 0.956922 -0 0.290347
    outer loop
      vertex 102.735 -40 -31.0871
      vertex 102.83 -16 -31.4002
      vertex 102.735 -16 -31.0871
    endloop
  endfacet
  facet normal 0.956922 0 0.290347
    outer loop
      vertex 102.83 -16 -31.4002
      vertex 102.735 -40 -31.0871
      vertex 102.83 -40 -31.4002
    endloop
  endfacet
  facet normal 0.848856 -0 0.528625
    outer loop
      vertex 102.157 -40 -29.9165
      vertex 102.33 -16 -30.1943
      vertex 102.157 -16 -29.9165
    endloop
  endfacet
  facet normal 0.848856 0 0.528625
    outer loop
      vertex 102.33 -16 -30.1943
      vertex 102.157 -40 -29.9165
      vertex 102.33 -40 -30.1943
    endloop
  endfacet
  facet normal 0.813733 -0 0.581238
    outer loop
      vertex 101.967 -40 -29.6505
      vertex 102.157 -16 -29.9165
      vertex 101.967 -16 -29.6505
    endloop
  endfacet
  facet normal 0.813733 0 0.581238
    outer loop
      vertex 102.157 -16 -29.9165
      vertex 101.967 -40 -29.6505
      vertex 102.157 -40 -29.9165
    endloop
  endfacet
  facet normal 0.882251 -0 0.470779
    outer loop
      vertex 102.33 -40 -30.1943
      vertex 102.484 -16 -30.4829
      vertex 102.33 -16 -30.1943
    endloop
  endfacet
  facet normal 0.882251 0 0.470779
    outer loop
      vertex 102.484 -16 -30.4829
      vertex 102.33 -40 -30.1943
      vertex 102.484 -40 -30.4829
    endloop
  endfacet
  facet normal 0.290347 0 0.956922
    outer loop
      vertex 99.2941 -16 -27.8647
      vertex 99.6072 -40 -27.9597
      vertex 99.6072 -16 -27.9597
    endloop
  endfacet
  facet normal 0.290347 0 0.956922
    outer loop
      vertex 99.6072 -40 -27.9597
      vertex 99.2941 -16 -27.8647
      vertex 99.2941 -40 -27.8647
    endloop
  endfacet
  facet normal 0.352128 0 0.935952
    outer loop
      vertex 99.6072 -16 -27.9597
      vertex 99.9134 -40 -28.0749
      vertex 99.9134 -16 -28.0749
    endloop
  endfacet
  facet normal 0.352128 0 0.935952
    outer loop
      vertex 99.9134 -40 -28.0749
      vertex 99.6072 -16 -27.9597
      vertex 99.6072 -40 -27.9597
    endloop
  endfacet
  facet normal 0.162912 0 0.986641
    outer loop
      vertex 98.6526 -16 -27.7371
      vertex 98.9754 -40 -27.7904
      vertex 98.9754 -16 -27.7904
    endloop
  endfacet
  facet normal 0.162912 0 0.986641
    outer loop
      vertex 98.9754 -40 -27.7904
      vertex 98.6526 -16 -27.7371
      vertex 98.6526 -40 -27.7371
    endloop
  endfacet
  facet normal 0.52791 0 0.8493
    outer loop
      vertex 100.5 -16 -28.3642
      vertex 100.778 -40 -28.537
      vertex 100.778 -16 -28.537
    endloop
  endfacet
  facet normal 0.52791 0 0.8493
    outer loop
      vertex 100.778 -40 -28.537
      vertex 100.5 -16 -28.3642
      vertex 100.5 -40 -28.3642
    endloop
  endfacet
  facet normal 0.683352 0 0.730089
    outer loop
      vertex 101.297 -16 -28.9351
      vertex 101.536 -40 -29.1588
      vertex 101.536 -16 -29.1588
    endloop
  endfacet
  facet normal 0.683352 0 0.730089
    outer loop
      vertex 101.536 -40 -29.1588
      vertex 101.297 -16 -28.9351
      vertex 101.297 -40 -28.9351
    endloop
  endfacet
  facet normal -0.956922 0 0.290347
    outer loop
      vertex 93.1704 -40 -31.4002
      vertex 93.2654 -16 -31.0871
      vertex 93.1704 -16 -31.4002
    endloop
  endfacet
  facet normal -0.956922 0 0.290347
    outer loop
      vertex 93.2654 -16 -31.0871
      vertex 93.1704 -40 -31.4002
      vertex 93.2654 -40 -31.0871
    endloop
  endfacet
  facet normal -0.81301 0 0.58225
    outer loop
      vertex 93.8427 -40 -29.9165
      vertex 94.0332 -16 -29.6505
      vertex 93.8427 -16 -29.9165
    endloop
  endfacet
  facet normal -0.81301 0 0.58225
    outer loop
      vertex 94.0332 -16 -29.6505
      vertex 93.8427 -40 -29.9165
      vertex 94.0332 -40 -29.6505
    endloop
  endfacet
  facet normal -0.84913 0 0.528184
    outer loop
      vertex 93.6699 -40 -30.1943
      vertex 93.8427 -16 -29.9165
      vertex 93.6699 -16 -30.1943
    endloop
  endfacet
  facet normal -0.84913 0 0.528184
    outer loop
      vertex 93.8427 -16 -29.9165
      vertex 93.6699 -40 -30.1943
      vertex 93.8427 -40 -29.9165
    endloop
  endfacet
  facet normal -0.935952 0 0.352128
    outer loop
      vertex 93.2654 -40 -31.0871
      vertex 93.3806 -16 -30.7809
      vertex 93.2654 -16 -31.0871
    endloop
  endfacet
  facet normal -0.935952 0 0.352128
    outer loop
      vertex 93.3806 -16 -30.7809
      vertex 93.2654 -40 -31.0871
      vertex 93.3806 -40 -30.7809
    endloop
  endfacet
  facet normal -0.986641 0 0.162912
    outer loop
      vertex 93.0428 -40 -32.0417
      vertex 93.0961 -16 -31.7189
      vertex 93.0428 -16 -32.0417
    endloop
  endfacet
  facet normal -0.986641 0 0.162912
    outer loop
      vertex 93.0961 -16 -31.7189
      vertex 93.0428 -40 -32.0417
      vertex 93.0961 -40 -31.7189
    endloop
  endfacet
  facet normal -0.528184 0 0.84913
    outer loop
      vertex 95.2222 -16 -28.537
      vertex 95.5 -40 -28.3642
      vertex 95.5 -16 -28.3642
    endloop
  endfacet
  facet normal -0.528184 0 0.84913
    outer loop
      vertex 95.5 -40 -28.3642
      vertex 95.2222 -16 -28.537
      vertex 95.2222 -40 -28.537
    endloop
  endfacet
  facet normal -0.471254 0 0.881997
    outer loop
      vertex 95.5 -16 -28.3642
      vertex 95.7886 -40 -28.21
      vertex 95.7886 -16 -28.21
    endloop
  endfacet
  facet normal -0.471254 0 0.881997
    outer loop
      vertex 95.7886 -40 -28.21
      vertex 95.5 -16 -28.3642
      vertex 95.5 -40 -28.3642
    endloop
  endfacet
  facet normal -0.582452 0 0.812865
    outer loop
      vertex 94.9562 -16 -28.7276
      vertex 95.2222 -40 -28.537
      vertex 95.2222 -16 -28.537
    endloop
  endfacet
  facet normal -0.582452 0 0.812865
    outer loop
      vertex 95.2222 -40 -28.537
      vertex 94.9562 -16 -28.7276
      vertex 94.9562 -40 -28.7276
    endloop
  endfacet
  facet normal -0.290347 0 0.956922
    outer loop
      vertex 96.3928 -16 -27.9597
      vertex 96.7059 -40 -27.8647
      vertex 96.7059 -16 -27.8647
    endloop
  endfacet
  facet normal -0.290347 0 0.956922
    outer loop
      vertex 96.7059 -40 -27.8647
      vertex 96.3928 -16 -27.9597
      vertex 96.3928 -40 -27.9597
    endloop
  endfacet
  facet normal -0.0327042 0 0.999465
    outer loop
      vertex 97.673 -16 -27.705
      vertex 98 -40 -27.6943
      vertex 98 -16 -27.6943
    endloop
  endfacet
  facet normal -0.0327042 0 0.999465
    outer loop
      vertex 98 -40 -27.6943
      vertex 97.673 -16 -27.705
      vertex 97.673 -40 -27.705
    endloop
  endfacet
  facet normal 0.582452 0 -0.812865
    outer loop
      vertex 100.778 -40 -36.8517
      vertex 101.044 -16 -36.6611
      vertex 101.044 -40 -36.6611
    endloop
  endfacet
  facet normal 0.582452 0 -0.812865
    outer loop
      vertex 101.044 -16 -36.6611
      vertex 100.778 -40 -36.8517
      vertex 100.778 -16 -36.8517
    endloop
  endfacet
  facet normal 0.683189 0 -0.730242
    outer loop
      vertex 101.297 -40 -36.4535
      vertex 101.536 -16 -36.2299
      vertex 101.536 -40 -36.2299
    endloop
  endfacet
  facet normal 0.683189 0 -0.730242
    outer loop
      vertex 101.536 -16 -36.2299
      vertex 101.297 -40 -36.4535
      vertex 101.297 -16 -36.4535
    endloop
  endfacet
  facet normal 0.413111 0 -0.910681
    outer loop
      vertex 99.9134 -40 -37.3137
      vertex 100.211 -16 -37.1787
      vertex 100.211 -40 -37.1787
    endloop
  endfacet
  facet normal 0.413111 0 -0.910681
    outer loop
      vertex 100.211 -16 -37.1787
      vertex 99.9134 -40 -37.3137
      vertex 99.9134 -16 -37.3137
    endloop
  endfacet
  facet normal 0.81363 0 -0.581383
    outer loop
      vertex 102.157 -40 -35.4722
      vertex 101.967 -16 -35.7381
      vertex 102.157 -16 -35.4722
    endloop
  endfacet
  facet normal 0.81363 0 -0.581383
    outer loop
      vertex 101.967 -16 -35.7381
      vertex 102.157 -40 -35.4722
      vertex 101.967 -40 -35.7381
    endloop
  endfacet
  facet normal 0.935182 0 -0.354166
    outer loop
      vertex 102.735 -40 -34.3015
      vertex 102.619 -16 -34.6078
      vertex 102.735 -16 -34.3015
    endloop
  endfacet
  facet normal 0.935182 0 -0.354166
    outer loop
      vertex 102.619 -16 -34.6078
      vertex 102.735 -40 -34.3015
      vertex 102.619 -40 -34.6078
    endloop
  endfacet
  facet normal 0.882184 0 -0.470906
    outer loop
      vertex 102.484 -40 -34.9058
      vertex 102.33 -16 -35.1943
      vertex 102.484 -16 -34.9058
    endloop
  endfacet
  facet normal 0.882184 0 -0.470906
    outer loop
      vertex 102.33 -16 -35.1943
      vertex 102.484 -40 -34.9058
      vertex 102.33 -40 -35.1943
    endloop
  endfacet
  facet normal 0.999435 0 -0.0336099
    outer loop
      vertex 103 -40 -32.6943
      vertex 102.989 -16 -33.0214
      vertex 103 -16 -32.6943
    endloop
  endfacet
  facet normal 0.999435 0 -0.0336099
    outer loop
      vertex 102.989 -16 -33.0214
      vertex 103 -40 -32.6943
      vertex 102.989 -40 -33.0214
    endloop
  endfacet
  facet normal -0.290347 0 -0.956922
    outer loop
      vertex 96.3928 -40 -37.429
      vertex 96.7059 -16 -37.524
      vertex 96.7059 -40 -37.524
    endloop
  endfacet
  facet normal -0.290347 0 -0.956922
    outer loop
      vertex 96.7059 -16 -37.524
      vertex 96.3928 -40 -37.429
      vertex 96.3928 -16 -37.429
    endloop
  endfacet
  facet normal -0.412651 0 -0.910889
    outer loop
      vertex 95.7886 -40 -37.1787
      vertex 96.0866 -16 -37.3137
      vertex 96.0866 -40 -37.3137
    endloop
  endfacet
  facet normal -0.412651 0 -0.910889
    outer loop
      vertex 96.0866 -16 -37.3137
      vertex 95.7886 -40 -37.1787
      vertex 95.7886 -16 -37.1787
    endloop
  endfacet
  facet normal -0.528184 0 -0.84913
    outer loop
      vertex 95.2222 -40 -36.8517
      vertex 95.5 -16 -37.0245
      vertex 95.5 -40 -37.0245
    endloop
  endfacet
  facet normal -0.528184 0 -0.84913
    outer loop
      vertex 95.5 -16 -37.0245
      vertex 95.2222 -40 -36.8517
      vertex 95.2222 -16 -36.8517
    endloop
  endfacet
  facet normal -0.352396 0 -0.935851
    outer loop
      vertex 96.0866 -40 -37.3137
      vertex 96.3928 -16 -37.429
      vertex 96.3928 -40 -37.429
    endloop
  endfacet
  facet normal -0.352396 0 -0.935851
    outer loop
      vertex 96.3928 -16 -37.429
      vertex 96.0866 -40 -37.3137
      vertex 96.0866 -16 -37.3137
    endloop
  endfacet
  facet normal -0.162912 0 -0.986641
    outer loop
      vertex 97.0246 -40 -37.5983
      vertex 97.3474 -16 -37.6516
      vertex 97.3474 -40 -37.6516
    endloop
  endfacet
  facet normal -0.162912 0 -0.986641
    outer loop
      vertex 97.3474 -16 -37.6516
      vertex 97.0246 -40 -37.5983
      vertex 97.0246 -16 -37.5983
    endloop
  endfacet
  facet normal -0.0327042 0 -0.999465
    outer loop
      vertex 97.673 -40 -37.6836
      vertex 98 -16 -37.6943
      vertex 98 -40 -37.6943
    endloop
  endfacet
  facet normal -0.0327042 0 -0.999465
    outer loop
      vertex 98 -16 -37.6943
      vertex 97.673 -40 -37.6836
      vertex 97.673 -16 -37.6836
    endloop
  endfacet
  facet normal -0.849215 0 -0.528047
    outer loop
      vertex 93.8427 -40 -35.4722
      vertex 93.6699 -16 -35.1943
      vertex 93.8427 -16 -35.4722
    endloop
  endfacet
  facet normal -0.849215 -0 -0.528047
    outer loop
      vertex 93.6699 -16 -35.1943
      vertex 93.8427 -40 -35.4722
      vertex 93.6699 -40 -35.1943
    endloop
  endfacet
  facet normal -0.812906 0 -0.582394
    outer loop
      vertex 94.0332 -40 -35.7381
      vertex 93.8427 -16 -35.4722
      vertex 94.0332 -16 -35.7381
    endloop
  endfacet
  facet normal -0.812906 -0 -0.582394
    outer loop
      vertex 93.8427 -16 -35.4722
      vertex 94.0332 -40 -35.7381
      vertex 93.8427 -40 -35.4722
    endloop
  endfacet
  facet normal 0 1 0
    outer loop
      vertex 98 -16 -31.0693
      vertex 98 -16 -27.6943
      vertex 98.327 -16 -27.705
    endloop
  endfacet
  facet normal 0 1 0
    outer loop
      vertex 98.1063 -16 -31.0728
      vertex 98.327 -16 -27.705
      vertex 98.6526 -16 -27.7371
    endloop
  endfacet
  facet normal 0 1 0
    outer loop
      vertex 98 -16 -27.6943
      vertex 98 -16 -31.0693
      vertex 97.673 -16 -27.705
    endloop
  endfacet
  facet normal 0 1 0
    outer loop
      vertex 98.2121 -16 -31.0832
      vertex 98.6526 -16 -27.7371
      vertex 98.9754 -16 -27.7904
    endloop
  endfacet
  facet normal 0 1 -0
    outer loop
      vertex 97.8937 -16 -31.0728
      vertex 97.673 -16 -27.705
      vertex 98 -16 -31.0693
    endloop
  endfacet
  facet normal 0 1 0
    outer loop
      vertex 98.317 -16 -31.1006
      vertex 98.9754 -16 -27.7904
      vertex 99.2941 -16 -27.8647
    endloop
  endfacet
  facet normal 0 1 0
    outer loop
      vertex 97.673 -16 -27.705
      vertex 97.8937 -16 -31.0728
      vertex 97.3474 -16 -27.7371
    endloop
  endfacet
  facet normal 0 1 0
    outer loop
      vertex 98.4206 -16 -31.1247
      vertex 99.2941 -16 -27.8647
      vertex 99.6072 -16 -27.9597
    endloop
  endfacet
  facet normal 0 1 -0
    outer loop
      vertex 97.7879 -16 -31.0832
      vertex 97.3474 -16 -27.7371
      vertex 97.8937 -16 -31.0728
    endloop
  endfacet
  facet normal 0 1 0
    outer loop
      vertex 98.5223 -16 -31.1556
      vertex 99.6072 -16 -27.9597
      vertex 99.9134 -16 -28.0749
    endloop
  endfacet
  facet normal 0 1 0
    outer loop
      vertex 97.3474 -16 -27.7371
      vertex 97.7879 -16 -31.0832
      vertex 97.0246 -16 -27.7904
    endloop
  endfacet
  facet normal 0 1 0
    outer loop
      vertex 98.6219 -16 -31.193
      vertex 99.9134 -16 -28.0749
      vertex 100.211 -16 -28.21
    endloop
  endfacet
  facet normal 0 1 -0
    outer loop
      vertex 97.683 -16 -31.1006
      vertex 97.0246 -16 -27.7904
      vertex 97.7879 -16 -31.0832
    endloop
  endfacet
  facet normal 0 1 0
    outer loop
      vertex 98.7187 -16 -31.2369
      vertex 100.211 -16 -28.21
      vertex 100.5 -16 -28.3642
    endloop
  endfacet
  facet normal 0 1 0
    outer loop
      vertex 97.0246 -16 -27.7904
      vertex 97.683 -16 -31.1006
      vertex 96.7059 -16 -27.8647
    endloop
  endfacet
  facet normal 0 1 0
    outer loop
      vertex 98.8125 -16 -31.287
      vertex 100.5 -16 -28.3642
      vertex 100.778 -16 -28.537
    endloop
  endfacet
  facet normal 0 1 -0
    outer loop
      vertex 97.5794 -16 -31.1247
      vertex 96.7059 -16 -27.8647
      vertex 97.683 -16 -31.1006
    endloop
  endfacet
  facet normal 0 1 0
    outer loop
      vertex 98.9028 -16 -31.3432
      vertex 100.778 -16 -28.537
      vertex 101.044 -16 -28.7276
    endloop
  endfacet
  facet normal 0 1 0
    outer loop
      vertex 96.7059 -16 -27.8647
      vertex 97.5794 -16 -31.1247
      vertex 96.3928 -16 -27.9597
    endloop
  endfacet
  facet normal 0 1 0
    outer loop
      vertex 98.9892 -16 -31.4051
      vertex 101.044 -16 -28.7276
      vertex 101.297 -16 -28.9351
    endloop
  endfacet
  facet normal 0 1 -0
    outer loop
      vertex 97.4777 -16 -31.1556
      vertex 96.3928 -16 -27.9597
      vertex 97.5794 -16 -31.1247
    endloop
  endfacet
  facet normal 0 1 0
    outer loop
      vertex 99.0714 -16 -31.4726
      vertex 101.297 -16 -28.9351
      vertex 101.536 -16 -29.1588
    endloop
  endfacet
  facet normal 0 1 0
    outer loop
      vertex 96.3928 -16 -27.9597
      vertex 97.4777 -16 -31.1556
      vertex 96.0866 -16 -28.0749
    endloop
  endfacet
  facet normal 0 1 0
    outer loop
      vertex 99.149 -16 -31.5453
      vertex 101.536 -16 -29.1588
      vertex 101.759 -16 -29.3976
    endloop
  endfacet
  facet normal 0 1 -0
    outer loop
      vertex 97.3781 -16 -31.193
      vertex 96.0866 -16 -28.0749
      vertex 97.4777 -16 -31.1556
    endloop
  endfacet
  facet normal 0 1 0
    outer loop
      vertex 99.2217 -16 -31.6229
      vertex 101.759 -16 -29.3976
      vertex 101.967 -16 -29.6505
    endloop
  endfacet
  facet normal 0 1 0
    outer loop
      vertex 96.0866 -16 -28.0749
      vertex 97.3781 -16 -31.193
      vertex 95.7886 -16 -28.21
    endloop
  endfacet
  facet normal 0 1 0
    outer loop
      vertex 99.2892 -16 -31.7051
      vertex 101.967 -16 -29.6505
      vertex 102.157 -16 -29.9165
    endloop
  endfacet
  facet normal 0 1 -0
    outer loop
      vertex 97.2813 -16 -31.2369
      vertex 95.7886 -16 -28.21
      vertex 97.3781 -16 -31.193
    endloop
  endfacet
  facet normal 0 1 0
    outer loop
      vertex 99.3511 -16 -31.7915
      vertex 102.157 -16 -29.9165
      vertex 102.33 -16 -30.1943
    endloop
  endfacet
  facet normal 0 1 0
    outer loop
      vertex 95.7886 -16 -28.21
      vertex 97.2813 -16 -31.2369
      vertex 95.5 -16 -28.3642
    endloop
  endfacet
  facet normal 0 1 0
    outer loop
      vertex 99.4073 -16 -31.8818
      vertex 102.33 -16 -30.1943
      vertex 102.484 -16 -30.4829
    endloop
  endfacet
  facet normal 0 1 -0
    outer loop
      vertex 97.1875 -16 -31.287
      vertex 95.5 -16 -28.3642
      vertex 97.2813 -16 -31.2369
    endloop
  endfacet
  facet normal 0 1 0
    outer loop
      vertex 99.4574 -16 -31.9756
      vertex 102.484 -16 -30.4829
      vertex 102.619 -16 -30.7809
    endloop
  endfacet
  facet normal 0 1 0
    outer loop
      vertex 95.5 -16 -28.3642
      vertex 97.1875 -16 -31.287
      vertex 95.2222 -16 -28.537
    endloop
  endfacet
  facet normal 0 1 -0
    outer loop
      vertex 97.0972 -16 -31.3432
      vertex 95.2222 -16 -28.537
      vertex 97.1875 -16 -31.287
    endloop
  endfacet
  facet normal 0 1 0
    outer loop
      vertex 98.327 -16 -27.705
      vertex 98.1063 -16 -31.0728
      vertex 98 -16 -31.0693
    endloop
  endfacet
  facet normal 0 1 0
    outer loop
      vertex 98.6526 -16 -27.7371
      vertex 98.2121 -16 -31.0832
      vertex 98.1063 -16 -31.0728
    endloop
  endfacet
  facet normal 0 1 0
    outer loop
      vertex 99.5013 -16 -32.0725
      vertex 102.619 -16 -30.7809
      vertex 102.735 -16 -31.0871
    endloop
  endfacet
  facet normal 0 1 0
    outer loop
      vertex 98.9754 -16 -27.7904
      vertex 98.317 -16 -31.1006
      vertex 98.2121 -16 -31.0832
    endloop
  endfacet
  facet normal 0 1 0
    outer loop
      vertex 99.2941 -16 -27.8647
      vertex 98.4206 -16 -31.1247
      vertex 98.317 -16 -31.1006
    endloop
  endfacet
  facet normal 0 1 0
    outer loop
      vertex 99.6072 -16 -27.9597
      vertex 98.5223 -16 -31.1556
      vertex 98.4206 -16 -31.1247
    endloop
  endfacet
  facet normal 0 1 0
    outer loop
      vertex 99.9134 -16 -28.0749
      vertex 98.6219 -16 -31.193
      vertex 98.5223 -16 -31.1556
    endloop
  endfacet
  facet normal 0 1 0
    outer loop
      vertex 100.211 -16 -28.21
      vertex 98.7187 -16 -31.2369
      vertex 98.6219 -16 -31.193
    endloop
  endfacet
  facet normal 0 1 0
    outer loop
      vertex 100.5 -16 -28.3642
      vertex 98.8125 -16 -31.287
      vertex 98.7187 -16 -31.2369
    endloop
  endfacet
  facet normal 0 1 0
    outer loop
      vertex 100.778 -16 -28.537
      vertex 98.9028 -16 -31.3432
      vertex 98.8125 -16 -31.287
    endloop
  endfacet
  facet normal 0 1 0
    outer loop
      vertex 99.5388 -16 -32.172
      vertex 102.735 -16 -31.0871
      vertex 102.83 -16 -31.4002
    endloop
  endfacet
  facet normal 0 1 0
    outer loop
      vertex 101.044 -16 -28.7276
      vertex 98.9892 -16 -31.4051
      vertex 98.9028 -16 -31.3432
    endloop
  endfacet
  facet normal 0 1 0
    outer loop
      vertex 101.297 -16 -28.9351
      vertex 99.0714 -16 -31.4726
      vertex 98.9892 -16 -31.4051
    endloop
  endfacet
  facet normal 0 1 0
    outer loop
      vertex 101.536 -16 -29.1588
      vertex 99.149 -16 -31.5453
      vertex 99.0714 -16 -31.4726
    endloop
  endfacet
  facet normal 0 1 0
    outer loop
      vertex 101.759 -16 -29.3976
      vertex 99.2217 -16 -31.6229
      vertex 99.149 -16 -31.5453
    endloop
  endfacet
  facet normal 0 1 0
    outer loop
      vertex 101.967 -16 -29.6505
      vertex 99.2892 -16 -31.7051
      vertex 99.2217 -16 -31.6229
    endloop
  endfacet
  facet normal 0 1 0
    outer loop
      vertex 99.5696 -16 -32.2738
      vertex 102.83 -16 -31.4002
      vertex 102.904 -16 -31.7189
    endloop
  endfacet
  facet normal 0 1 0
    outer loop
      vertex 102.157 -16 -29.9165
      vertex 99.3511 -16 -31.7915
      vertex 99.2892 -16 -31.7051
    endloop
  endfacet
  facet normal 0 1 0
    outer loop
      vertex 102.33 -16 -30.1943
      vertex 99.4073 -16 -31.8818
      vertex 99.3511 -16 -31.7915
    endloop
  endfacet
  facet normal 0 1 0
    outer loop
      vertex 102.484 -16 -30.4829
      vertex 99.4574 -16 -31.9756
      vertex 99.4073 -16 -31.8818
    endloop
  endfacet
  facet normal 0 1 0
    outer loop
      vertex 99.5938 -16 -32.3773
      vertex 102.904 -16 -31.7189
      vertex 102.957 -16 -32.0417
    endloop
  endfacet
  facet normal 0 1 0
    outer loop
      vertex 102.619 -16 -30.7809
      vertex 99.5013 -16 -32.0725
      vertex 99.4574 -16 -31.9756
    endloop
  endfacet
  facet normal 0 1 0
    outer loop
      vertex 102.735 -16 -31.0871
      vertex 99.5388 -16 -32.172
      vertex 99.5013 -16 -32.0725
    endloop
  endfacet
  facet normal 0 1 0
    outer loop
      vertex 102.83 -16 -31.4002
      vertex 99.5696 -16 -32.2738
      vertex 99.5388 -16 -32.172
    endloop
  endfacet
  facet normal 0 1 0
    outer loop
      vertex 99.6111 -16 -32.4822
      vertex 102.957 -16 -32.0417
      vertex 102.989 -16 -32.3673
    endloop
  endfacet
  facet normal 0 1 0
    outer loop
      vertex 102.904 -16 -31.7189
      vertex 99.5938 -16 -32.3773
      vertex 99.5696 -16 -32.2738
    endloop
  endfacet
  facet normal 0 1 0
    outer loop
      vertex 102.957 -16 -32.0417
      vertex 99.6111 -16 -32.4822
      vertex 99.5938 -16 -32.3773
    endloop
  endfacet
  facet normal 0 1 0
    outer loop
      vertex 102.989 -16 -32.3673
      vertex 99.6215 -16 -32.5881
      vertex 99.6111 -16 -32.4822
    endloop
  endfacet
  facet normal 0 1 0
    outer loop
      vertex 103 -16 -32.6943
      vertex 99.6215 -16 -32.5881
      vertex 102.989 -16 -32.3673
    endloop
  endfacet
  facet normal 0 1 0
    outer loop
      vertex 103 -16 -32.6943
      vertex 99.625 -16 -32.6943
      vertex 99.6215 -16 -32.5881
    endloop
  endfacet
  facet normal 0 1 0
    outer loop
      vertex 103 -16 -32.6943
      vertex 99.6215 -16 -32.8006
      vertex 99.625 -16 -32.6943
    endloop
  endfacet
  facet normal 0 1 -0
    outer loop
      vertex 102.989 -16 -33.0214
      vertex 99.6215 -16 -32.8006
      vertex 103 -16 -32.6943
    endloop
  endfacet
  facet normal 0 1 0
    outer loop
      vertex 99.6215 -16 -32.8006
      vertex 102.989 -16 -33.0214
      vertex 99.6111 -16 -32.9064
    endloop
  endfacet
  facet normal 0 1 -0
    outer loop
      vertex 102.957 -16 -33.347
      vertex 99.6111 -16 -32.9064
      vertex 102.989 -16 -33.0214
    endloop
  endfacet
  facet normal 0 1 0
    outer loop
      vertex 99.6111 -16 -32.9064
      vertex 102.957 -16 -33.347
      vertex 99.5938 -16 -33.0114
    endloop
  endfacet
  facet normal 0 1 -0
    outer loop
      vertex 102.904 -16 -33.6698
      vertex 99.5938 -16 -33.0114
      vertex 102.957 -16 -33.347
    endloop
  endfacet
  facet normal 0 1 0
    outer loop
      vertex 99.5938 -16 -33.0114
      vertex 102.904 -16 -33.6698
      vertex 99.5696 -16 -33.1149
    endloop
  endfacet
  facet normal 0 1 -0
    outer loop
      vertex 102.83 -16 -33.9884
      vertex 99.5696 -16 -33.1149
      vertex 102.904 -16 -33.6698
    endloop
  endfacet
  facet normal 0 1 0
    outer loop
      vertex 99.5696 -16 -33.1149
      vertex 102.83 -16 -33.9884
      vertex 99.5388 -16 -33.2167
    endloop
  endfacet
  facet normal 0 1 -0
    outer loop
      vertex 102.735 -16 -34.3015
      vertex 99.5388 -16 -33.2167
      vertex 102.83 -16 -33.9884
    endloop
  endfacet
  facet normal 0 1 0
    outer loop
      vertex 99.5388 -16 -33.2167
      vertex 102.735 -16 -34.3015
      vertex 99.5013 -16 -33.3162
    endloop
  endfacet
  facet normal 0 1 -0
    outer loop
      vertex 102.619 -16 -34.6078
      vertex 99.5013 -16 -33.3162
      vertex 102.735 -16 -34.3015
    endloop
  endfacet
  facet normal 0 1 0
    outer loop
      vertex 99.5013 -16 -33.3162
      vertex 102.619 -16 -34.6078
      vertex 99.4574 -16 -33.4131
    endloop
  endfacet
  facet normal 0 1 -0
    outer loop
      vertex 102.484 -16 -34.9058
      vertex 99.4574 -16 -33.4131
      vertex 102.619 -16 -34.6078
    endloop
  endfacet
  facet normal 0 1 0
    outer loop
      vertex 99.4574 -16 -33.4131
      vertex 102.484 -16 -34.9058
      vertex 99.4073 -16 -33.5068
    endloop
  endfacet
  facet normal 0 1 -0
    outer loop
      vertex 102.33 -16 -35.1943
      vertex 99.4073 -16 -33.5068
      vertex 102.484 -16 -34.9058
    endloop
  endfacet
  facet normal 0 1 0
    outer loop
      vertex 99.4073 -16 -33.5068
      vertex 102.33 -16 -35.1943
      vertex 99.3511 -16 -33.5971
    endloop
  endfacet
  facet normal 0 1 -0
    outer loop
      vertex 102.157 -16 -35.4722
      vertex 99.3511 -16 -33.5971
      vertex 102.33 -16 -35.1943
    endloop
  endfacet
  facet normal 0 1 0
    outer loop
      vertex 99.3511 -16 -33.5971
      vertex 102.157 -16 -35.4722
      vertex 99.2892 -16 -33.6836
    endloop
  endfacet
  facet normal 0 1 -0
    outer loop
      vertex 101.967 -16 -35.7381
      vertex 99.2892 -16 -33.6836
      vertex 102.157 -16 -35.4722
    endloop
  endfacet
  facet normal 0 1 0
    outer loop
      vertex 99.2892 -16 -33.6836
      vertex 101.967 -16 -35.7381
      vertex 99.2217 -16 -33.7658
    endloop
  endfacet
  facet normal 0 1 -0
    outer loop
      vertex 101.759 -16 -35.9911
      vertex 99.2217 -16 -33.7658
      vertex 101.967 -16 -35.7381
    endloop
  endfacet
  facet normal 0 1 0
    outer loop
      vertex 99.2217 -16 -33.7658
      vertex 101.759 -16 -35.9911
      vertex 99.149 -16 -33.8434
    endloop
  endfacet
  facet normal 0 1 -0
    outer loop
      vertex 101.536 -16 -36.2299
      vertex 99.149 -16 -33.8434
      vertex 101.759 -16 -35.9911
    endloop
  endfacet
  facet normal 0 1 0
    outer loop
      vertex 99.149 -16 -33.8434
      vertex 101.536 -16 -36.2299
      vertex 99.0714 -16 -33.9161
    endloop
  endfacet
  facet normal 0 1 -0
    outer loop
      vertex 101.297 -16 -36.4535
      vertex 99.0714 -16 -33.9161
      vertex 101.536 -16 -36.2299
    endloop
  endfacet
  facet normal 0 1 0
    outer loop
      vertex 99.0714 -16 -33.9161
      vertex 101.297 -16 -36.4535
      vertex 98.9892 -16 -33.9835
    endloop
  endfacet
  facet normal 0 1 -0
    outer loop
      vertex 101.044 -16 -36.6611
      vertex 98.9892 -16 -33.9835
      vertex 101.297 -16 -36.4535
    endloop
  endfacet
  facet normal 0 1 0
    outer loop
      vertex 98.9892 -16 -33.9835
      vertex 101.044 -16 -36.6611
      vertex 98.9028 -16 -34.0455
    endloop
  endfacet
  facet normal 0 1 -0
    outer loop
      vertex 100.778 -16 -36.8517
      vertex 98.9028 -16 -34.0455
      vertex 101.044 -16 -36.6611
    endloop
  endfacet
  facet normal 0 1 0
    outer loop
      vertex 95.2222 -16 -28.537
      vertex 97.0972 -16 -31.3432
      vertex 94.9562 -16 -28.7276
    endloop
  endfacet
  facet normal 0 1 -0
    outer loop
      vertex 97.0108 -16 -31.4051
      vertex 94.9562 -16 -28.7276
      vertex 97.0972 -16 -31.3432
    endloop
  endfacet
  facet normal 0 1 0
    outer loop
      vertex 94.9562 -16 -28.7276
      vertex 97.0108 -16 -31.4051
      vertex 94.7033 -16 -28.9351
    endloop
  endfacet
  facet normal 0 1 -0
    outer loop
      vertex 96.9286 -16 -31.4726
      vertex 94.7033 -16 -28.9351
      vertex 97.0108 -16 -31.4051
    endloop
  endfacet
  facet normal 0 1 0
    outer loop
      vertex 94.7033 -16 -28.9351
      vertex 96.9286 -16 -31.4726
      vertex 94.4645 -16 -29.1588
    endloop
  endfacet
  facet normal 0 1 -0
    outer loop
      vertex 96.851 -16 -31.5453
      vertex 94.4645 -16 -29.1588
      vertex 96.9286 -16 -31.4726
    endloop
  endfacet
  facet normal 0 1 0
    outer loop
      vertex 94.4645 -16 -29.1588
      vertex 96.851 -16 -31.5453
      vertex 94.2408 -16 -29.3976
    endloop
  endfacet
  facet normal 0 1 -0
    outer loop
      vertex 96.7783 -16 -31.6229
      vertex 94.2408 -16 -29.3976
      vertex 96.851 -16 -31.5453
    endloop
  endfacet
  facet normal 0 1 0
    outer loop
      vertex 94.2408 -16 -29.3976
      vertex 96.7783 -16 -31.6229
      vertex 94.0332 -16 -29.6505
    endloop
  endfacet
  facet normal 0 1 -0
    outer loop
      vertex 96.7108 -16 -31.7051
      vertex 94.0332 -16 -29.6505
      vertex 96.7783 -16 -31.6229
    endloop
  endfacet
  facet normal 0 1 0
    outer loop
      vertex 94.0332 -16 -29.6505
      vertex 96.7108 -16 -31.7051
      vertex 93.8427 -16 -29.9165
    endloop
  endfacet
  facet normal 0 1 -0
    outer loop
      vertex 96.6489 -16 -31.7915
      vertex 93.8427 -16 -29.9165
      vertex 96.7108 -16 -31.7051
    endloop
  endfacet
  facet normal 0 1 0
    outer loop
      vertex 93.8427 -16 -29.9165
      vertex 96.6489 -16 -31.7915
      vertex 93.6699 -16 -30.1943
    endloop
  endfacet
  facet normal 0 1 -0
    outer loop
      vertex 96.5927 -16 -31.8818
      vertex 93.6699 -16 -30.1943
      vertex 96.6489 -16 -31.7915
    endloop
  endfacet
  facet normal 0 1 0
    outer loop
      vertex 93.6699 -16 -30.1943
      vertex 96.5927 -16 -31.8818
      vertex 93.5156 -16 -30.4829
    endloop
  endfacet
  facet normal 0 1 -0
    outer loop
      vertex 96.5426 -16 -31.9756
      vertex 93.5156 -16 -30.4829
      vertex 96.5927 -16 -31.8818
    endloop
  endfacet
  facet normal 0 1 0
    outer loop
      vertex 93.5156 -16 -30.4829
      vertex 96.5426 -16 -31.9756
      vertex 93.3806 -16 -30.7809
    endloop
  endfacet
  facet normal 0 1 -0
    outer loop
      vertex 96.4987 -16 -32.0725
      vertex 93.3806 -16 -30.7809
      vertex 96.5426 -16 -31.9756
    endloop
  endfacet
  facet normal 0 1 0
    outer loop
      vertex 93.3806 -16 -30.7809
      vertex 96.4987 -16 -32.0725
      vertex 93.2654 -16 -31.0871
    endloop
  endfacet
  facet normal 0 1 -0
    outer loop
      vertex 96.4612 -16 -32.172
      vertex 93.2654 -16 -31.0871
      vertex 96.4987 -16 -32.0725
    endloop
  endfacet
  facet normal 0 1 0
    outer loop
      vertex 93.2654 -16 -31.0871
      vertex 96.4612 -16 -32.172
      vertex 93.1704 -16 -31.4002
    endloop
  endfacet
  facet normal 0 1 -0
    outer loop
      vertex 96.4304 -16 -32.2738
      vertex 93.1704 -16 -31.4002
      vertex 96.4612 -16 -32.172
    endloop
  endfacet
  facet normal 0 1 0
    outer loop
      vertex 93.1704 -16 -31.4002
      vertex 96.4304 -16 -32.2738
      vertex 93.0961 -16 -31.7189
    endloop
  endfacet
  facet normal 0 1 -0
    outer loop
      vertex 96.4062 -16 -32.3773
      vertex 93.0961 -16 -31.7189
      vertex 96.4304 -16 -32.2738
    endloop
  endfacet
  facet normal 0 1 0
    outer loop
      vertex 93.0961 -16 -31.7189
      vertex 96.4062 -16 -32.3773
      vertex 93.0428 -16 -32.0417
    endloop
  endfacet
  facet normal 0 1 -0
    outer loop
      vertex 96.3889 -16 -32.4822
      vertex 93.0428 -16 -32.0417
      vertex 96.4062 -16 -32.3773
    endloop
  endfacet
  facet normal 0 1 0
    outer loop
      vertex 93.0428 -16 -32.0417
      vertex 96.3889 -16 -32.4822
      vertex 93.0107 -16 -32.3673
    endloop
  endfacet
  facet normal 0 1 -0
    outer loop
      vertex 96.3785 -16 -32.5881
      vertex 93.0107 -16 -32.3673
      vertex 96.3889 -16 -32.4822
    endloop
  endfacet
  facet normal 0 1 -0
    outer loop
      vertex 96.375 -16 -32.6943
      vertex 93.0107 -16 -32.3673
      vertex 96.3785 -16 -32.5881
    endloop
  endfacet
  facet normal 0 1 0
    outer loop
      vertex 96.375 -16 -32.6943
      vertex 93 -16 -32.6943
      vertex 93.0107 -16 -32.3673
    endloop
  endfacet
  facet normal 0 1 0
    outer loop
      vertex 96.3785 -16 -32.8006
      vertex 93 -16 -32.6943
      vertex 96.375 -16 -32.6943
    endloop
  endfacet
  facet normal 0 1 0
    outer loop
      vertex 93.0107 -16 -33.0214
      vertex 96.3785 -16 -32.8006
      vertex 96.3889 -16 -32.9064
    endloop
  endfacet
  facet normal 0 1 0
    outer loop
      vertex 93.0428 -16 -33.347
      vertex 96.3889 -16 -32.9064
      vertex 96.4062 -16 -33.0114
    endloop
  endfacet
  facet normal 0 1 0
    outer loop
      vertex 96.3785 -16 -32.8006
      vertex 93.0107 -16 -33.0214
      vertex 93 -16 -32.6943
    endloop
  endfacet
  facet normal 0 1 0
    outer loop
      vertex 93.0961 -16 -33.6698
      vertex 96.4062 -16 -33.0114
      vertex 96.4304 -16 -33.1149
    endloop
  endfacet
  facet normal 0 1 0
    outer loop
      vertex 93.1704 -16 -33.9884
      vertex 96.4304 -16 -33.1149
      vertex 96.4612 -16 -33.2167
    endloop
  endfacet
  facet normal 0 1 0
    outer loop
      vertex 93.2654 -16 -34.3015
      vertex 96.4612 -16 -33.2167
      vertex 96.4987 -16 -33.3162
    endloop
  endfacet
  facet normal 0 1 0
    outer loop
      vertex 96.3889 -16 -32.9064
      vertex 93.0428 -16 -33.347
      vertex 93.0107 -16 -33.0214
    endloop
  endfacet
  facet normal 0 1 0
    outer loop
      vertex 93.3806 -16 -34.6078
      vertex 96.4987 -16 -33.3162
      vertex 96.5426 -16 -33.4131
    endloop
  endfacet
  facet normal 0 1 0
    outer loop
      vertex 93.5156 -16 -34.9058
      vertex 96.5426 -16 -33.4131
      vertex 96.5927 -16 -33.5068
    endloop
  endfacet
  facet normal 0 1 0
    outer loop
      vertex 93.6699 -16 -35.1943
      vertex 96.5927 -16 -33.5068
      vertex 96.6489 -16 -33.5971
    endloop
  endfacet
  facet normal 0 1 0
    outer loop
      vertex 96.4062 -16 -33.0114
      vertex 93.0961 -16 -33.6698
      vertex 93.0428 -16 -33.347
    endloop
  endfacet
  facet normal 0 1 0
    outer loop
      vertex 93.8427 -16 -35.4722
      vertex 96.6489 -16 -33.5971
      vertex 96.7108 -16 -33.6836
    endloop
  endfacet
  facet normal 0 1 0
    outer loop
      vertex 94.0332 -16 -35.7381
      vertex 96.7108 -16 -33.6836
      vertex 96.7783 -16 -33.7658
    endloop
  endfacet
  facet normal 0 1 0
    outer loop
      vertex 94.2408 -16 -35.9911
      vertex 96.7783 -16 -33.7658
      vertex 96.851 -16 -33.8434
    endloop
  endfacet
  facet normal 0 1 0
    outer loop
      vertex 94.4645 -16 -36.2299
      vertex 96.851 -16 -33.8434
      vertex 96.9286 -16 -33.9161
    endloop
  endfacet
  facet normal 0 1 0
    outer loop
      vertex 94.7033 -16 -36.4535
      vertex 96.9286 -16 -33.9161
      vertex 97.0108 -16 -33.9835
    endloop
  endfacet
  facet normal 0 1 0
    outer loop
      vertex 96.4304 -16 -33.1149
      vertex 93.1704 -16 -33.9884
      vertex 93.0961 -16 -33.6698
    endloop
  endfacet
  facet normal 0 1 0
    outer loop
      vertex 94.9562 -16 -36.6611
      vertex 97.0108 -16 -33.9835
      vertex 97.0972 -16 -34.0455
    endloop
  endfacet
  facet normal 0 1 0
    outer loop
      vertex 95.2222 -16 -36.8517
      vertex 97.0972 -16 -34.0455
      vertex 97.1875 -16 -34.1016
    endloop
  endfacet
  facet normal 0 1 0
    outer loop
      vertex 95.5 -16 -37.0245
      vertex 97.1875 -16 -34.1016
      vertex 97.2813 -16 -34.1518
    endloop
  endfacet
  facet normal 0 1 0
    outer loop
      vertex 95.7886 -16 -37.1787
      vertex 97.2813 -16 -34.1518
      vertex 97.3781 -16 -34.1956
    endloop
  endfacet
  facet normal 0 1 0
    outer loop
      vertex 96.0866 -16 -37.3137
      vertex 97.3781 -16 -34.1956
      vertex 97.4777 -16 -34.2331
    endloop
  endfacet
  facet normal 0 1 0
    outer loop
      vertex 96.3928 -16 -37.429
      vertex 97.4777 -16 -34.2331
      vertex 97.5794 -16 -34.264
    endloop
  endfacet
  facet normal 0 1 0
    outer loop
      vertex 96.7059 -16 -37.524
      vertex 97.5794 -16 -34.264
      vertex 97.683 -16 -34.2881
    endloop
  endfacet
  facet normal 0 1 0
    outer loop
      vertex 96.4612 -16 -33.2167
      vertex 93.2654 -16 -34.3015
      vertex 93.1704 -16 -33.9884
    endloop
  endfacet
  facet normal 0 1 0
    outer loop
      vertex 97.0246 -16 -37.5983
      vertex 97.683 -16 -34.2881
      vertex 97.7879 -16 -34.3054
    endloop
  endfacet
  facet normal 0 1 0
    outer loop
      vertex 97.3474 -16 -37.6516
      vertex 97.7879 -16 -34.3054
      vertex 97.8937 -16 -34.3159
    endloop
  endfacet
  facet normal 0 1 0
    outer loop
      vertex 97.673 -16 -37.6836
      vertex 97.8937 -16 -34.3159
      vertex 98 -16 -34.3193
    endloop
  endfacet
  facet normal 0 1 0
    outer loop
      vertex 98.9028 -16 -34.0455
      vertex 100.778 -16 -36.8517
      vertex 98.8125 -16 -34.1016
    endloop
  endfacet
  facet normal 0 1 0
    outer loop
      vertex 96.4987 -16 -33.3162
      vertex 93.3806 -16 -34.6078
      vertex 93.2654 -16 -34.3015
    endloop
  endfacet
  facet normal 0 1 -0
    outer loop
      vertex 100.5 -16 -37.0245
      vertex 98.8125 -16 -34.1016
      vertex 100.778 -16 -36.8517
    endloop
  endfacet
  facet normal 0 1 0
    outer loop
      vertex 96.5426 -16 -33.4131
      vertex 93.5156 -16 -34.9058
      vertex 93.3806 -16 -34.6078
    endloop
  endfacet
  facet normal 0 1 0
    outer loop
      vertex 98.8125 -16 -34.1016
      vertex 100.5 -16 -37.0245
      vertex 98.7187 -16 -34.1518
    endloop
  endfacet
  facet normal 0 1 0
    outer loop
      vertex 96.5927 -16 -33.5068
      vertex 93.6699 -16 -35.1943
      vertex 93.5156 -16 -34.9058
    endloop
  endfacet
  facet normal 0 1 -0
    outer loop
      vertex 100.211 -16 -37.1787
      vertex 98.7187 -16 -34.1518
      vertex 100.5 -16 -37.0245
    endloop
  endfacet
  facet normal 0 1 0
    outer loop
      vertex 96.6489 -16 -33.5971
      vertex 93.8427 -16 -35.4722
      vertex 93.6699 -16 -35.1943
    endloop
  endfacet
  facet normal 0 1 0
    outer loop
      vertex 98.7187 -16 -34.1518
      vertex 100.211 -16 -37.1787
      vertex 98.6219 -16 -34.1956
    endloop
  endfacet
  facet normal 0 1 0
    outer loop
      vertex 96.7108 -16 -33.6836
      vertex 94.0332 -16 -35.7381
      vertex 93.8427 -16 -35.4722
    endloop
  endfacet
  facet normal 0 1 -0
    outer loop
      vertex 99.9134 -16 -37.3137
      vertex 98.6219 -16 -34.1956
      vertex 100.211 -16 -37.1787
    endloop
  endfacet
  facet normal 0 1 0
    outer loop
      vertex 96.7783 -16 -33.7658
      vertex 94.2408 -16 -35.9911
      vertex 94.0332 -16 -35.7381
    endloop
  endfacet
  facet normal 0 1 0
    outer loop
      vertex 98.6219 -16 -34.1956
      vertex 99.9134 -16 -37.3137
      vertex 98.5223 -16 -34.2331
    endloop
  endfacet
  facet normal 0 1 0
    outer loop
      vertex 96.851 -16 -33.8434
      vertex 94.4645 -16 -36.2299
      vertex 94.2408 -16 -35.9911
    endloop
  endfacet
  facet normal 0 1 -0
    outer loop
      vertex 99.6072 -16 -37.429
      vertex 98.5223 -16 -34.2331
      vertex 99.9134 -16 -37.3137
    endloop
  endfacet
  facet normal 0 1 0
    outer loop
      vertex 96.9286 -16 -33.9161
      vertex 94.7033 -16 -36.4535
      vertex 94.4645 -16 -36.2299
    endloop
  endfacet
  facet normal 0 1 0
    outer loop
      vertex 98.5223 -16 -34.2331
      vertex 99.6072 -16 -37.429
      vertex 98.4206 -16 -34.264
    endloop
  endfacet
  facet normal 0 1 0
    outer loop
      vertex 97.0108 -16 -33.9835
      vertex 94.9562 -16 -36.6611
      vertex 94.7033 -16 -36.4535
    endloop
  endfacet
  facet normal 0 1 -0
    outer loop
      vertex 99.2941 -16 -37.524
      vertex 98.4206 -16 -34.264
      vertex 99.6072 -16 -37.429
    endloop
  endfacet
  facet normal 0 1 0
    outer loop
      vertex 97.0972 -16 -34.0455
      vertex 95.2222 -16 -36.8517
      vertex 94.9562 -16 -36.6611
    endloop
  endfacet
  facet normal 0 1 0
    outer loop
      vertex 98.4206 -16 -34.264
      vertex 99.2941 -16 -37.524
      vertex 98.317 -16 -34.2881
    endloop
  endfacet
  facet normal 0 1 0
    outer loop
      vertex 97.1875 -16 -34.1016
      vertex 95.5 -16 -37.0245
      vertex 95.2222 -16 -36.8517
    endloop
  endfacet
  facet normal 0 1 -0
    outer loop
      vertex 98.9754 -16 -37.5983
      vertex 98.317 -16 -34.2881
      vertex 99.2941 -16 -37.524
    endloop
  endfacet
  facet normal 0 1 0
    outer loop
      vertex 97.2813 -16 -34.1518
      vertex 95.7886 -16 -37.1787
      vertex 95.5 -16 -37.0245
    endloop
  endfacet
  facet normal 0 1 0
    outer loop
      vertex 98.317 -16 -34.2881
      vertex 98.9754 -16 -37.5983
      vertex 98.2121 -16 -34.3054
    endloop
  endfacet
  facet normal 0 1 0
    outer loop
      vertex 97.3781 -16 -34.1956
      vertex 96.0866 -16 -37.3137
      vertex 95.7886 -16 -37.1787
    endloop
  endfacet
  facet normal 0 1 -0
    outer loop
      vertex 98.6526 -16 -37.6516
      vertex 98.2121 -16 -34.3054
      vertex 98.9754 -16 -37.5983
    endloop
  endfacet
  facet normal 0 1 0
    outer loop
      vertex 97.4777 -16 -34.2331
      vertex 96.3928 -16 -37.429
      vertex 96.0866 -16 -37.3137
    endloop
  endfacet
  facet normal 0 1 0
    outer loop
      vertex 98.2121 -16 -34.3054
      vertex 98.6526 -16 -37.6516
      vertex 98.1063 -16 -34.3159
    endloop
  endfacet
  facet normal 0 1 0
    outer loop
      vertex 97.5794 -16 -34.264
      vertex 96.7059 -16 -37.524
      vertex 96.3928 -16 -37.429
    endloop
  endfacet
  facet normal 0 1 -0
    outer loop
      vertex 98.327 -16 -37.6836
      vertex 98.1063 -16 -34.3159
      vertex 98.6526 -16 -37.6516
    endloop
  endfacet
  facet normal 0 1 0
    outer loop
      vertex 97.683 -16 -34.2881
      vertex 97.0246 -16 -37.5983
      vertex 96.7059 -16 -37.524
    endloop
  endfacet
  facet normal 0 1 0
    outer loop
      vertex 98.1063 -16 -34.3159
      vertex 98.327 -16 -37.6836
      vertex 98 -16 -34.3193
    endloop
  endfacet
  facet normal 0 1 0
    outer loop
      vertex 97.7879 -16 -34.3054
      vertex 97.3474 -16 -37.6516
      vertex 97.0246 -16 -37.5983
    endloop
  endfacet
  facet normal 0 1 0
    outer loop
      vertex 98 -16 -37.6943
      vertex 98 -16 -34.3193
      vertex 98.327 -16 -37.6836
    endloop
  endfacet
  facet normal 0 1 0
    outer loop
      vertex 97.8937 -16 -34.3159
      vertex 97.673 -16 -37.6836
      vertex 97.3474 -16 -37.6516
    endloop
  endfacet
  facet normal 0 1 0
    outer loop
      vertex 98 -16 -34.3193
      vertex 98 -16 -37.6943
      vertex 97.673 -16 -37.6836
    endloop
  endfacet
  facet normal 0.974086 -0 0.226176
    outer loop
      vertex 102.83 -40 -31.4002
      vertex 102.904 -16 -31.7189
      vertex 102.83 -16 -31.4002
    endloop
  endfacet
  facet normal 0.974086 0 0.226176
    outer loop
      vertex 102.904 -16 -31.7189
      vertex 102.83 -40 -31.4002
      vertex 102.904 -40 -31.7189
    endloop
  endfacet
  facet normal 0.935144 -0 0.354268
    outer loop
      vertex 102.619 -40 -30.7809
      vertex 102.735 -16 -31.0871
      vertex 102.619 -16 -30.7809
    endloop
  endfacet
  facet normal 0.935144 0 0.354268
    outer loop
      vertex 102.735 -16 -31.0871
      vertex 102.619 -40 -30.7809
      vertex 102.735 -40 -31.0871
    endloop
  endfacet
  facet normal 0.227046 0 0.973884
    outer loop
      vertex 98.9754 -16 -27.7904
      vertex 99.2941 -40 -27.8647
      vertex 99.2941 -16 -27.8647
    endloop
  endfacet
  facet normal 0.227046 0 0.973884
    outer loop
      vertex 99.2941 -40 -27.8647
      vertex 98.9754 -16 -27.7904
      vertex 98.9754 -40 -27.7904
    endloop
  endfacet
  facet normal 0.470747 0 0.882268
    outer loop
      vertex 100.211 -16 -28.21
      vertex 100.5 -40 -28.3642
      vertex 100.5 -16 -28.3642
    endloop
  endfacet
  facet normal 0.470747 0 0.882268
    outer loop
      vertex 100.5 -40 -28.3642
      vertex 100.211 -16 -28.21
      vertex 100.211 -40 -28.21
    endloop
  endfacet
  facet normal 0.634153 0 0.773208
    outer loop
      vertex 101.044 -16 -28.7276
      vertex 101.297 -40 -28.9351
      vertex 101.297 -16 -28.9351
    endloop
  endfacet
  facet normal 0.634153 0 0.773208
    outer loop
      vertex 101.297 -40 -28.9351
      vertex 101.044 -16 -28.7276
      vertex 101.044 -40 -28.7276
    endloop
  endfacet
  facet normal -0.729804 0 0.683656
    outer loop
      vertex 94.2408 -40 -29.3976
      vertex 94.4645 -16 -29.1588
      vertex 94.2408 -16 -29.3976
    endloop
  endfacet
  facet normal -0.729804 0 0.683656
    outer loop
      vertex 94.4645 -16 -29.1588
      vertex 94.2408 -40 -29.3976
      vertex 94.4645 -40 -29.1588
    endloop
  endfacet
  facet normal -0.88187 0 0.471492
    outer loop
      vertex 93.5156 -40 -30.4829
      vertex 93.6699 -16 -30.1943
      vertex 93.5156 -16 -30.4829
    endloop
  endfacet
  facet normal -0.88187 0 0.471492
    outer loop
      vertex 93.6699 -16 -30.1943
      vertex 93.5156 -40 -30.4829
      vertex 93.6699 -40 -30.1943
    endloop
  endfacet
  facet normal -0.973884 0 0.227046
    outer loop
      vertex 93.0961 -40 -31.7189
      vertex 93.1704 -16 -31.4002
      vertex 93.0961 -16 -31.7189
    endloop
  endfacet
  facet normal -0.973884 0 0.227046
    outer loop
      vertex 93.1704 -16 -31.4002
      vertex 93.0961 -40 -31.7189
      vertex 93.1704 -40 -31.4002
    endloop
  endfacet
  facet normal -0.412905 0 0.910774
    outer loop
      vertex 95.7886 -16 -28.21
      vertex 96.0866 -40 -28.0749
      vertex 96.0866 -16 -28.0749
    endloop
  endfacet
  facet normal -0.412905 0 0.910774
    outer loop
      vertex 96.0866 -40 -28.0749
      vertex 95.7886 -16 -28.21
      vertex 95.7886 -40 -28.21
    endloop
  endfacet
  facet normal -0.0981116 0 0.995175
    outer loop
      vertex 97.3474 -16 -27.7371
      vertex 97.673 -40 -27.705
      vertex 97.673 -16 -27.705
    endloop
  endfacet
  facet normal -0.0981116 0 0.995175
    outer loop
      vertex 97.673 -40 -27.705
      vertex 97.3474 -16 -27.7371
      vertex 97.3474 -40 -27.7371
    endloop
  endfacet
  facet normal 0.162912 0 -0.986641
    outer loop
      vertex 98.6526 -40 -37.6516
      vertex 98.9754 -16 -37.5983
      vertex 98.9754 -40 -37.5983
    endloop
  endfacet
  facet normal 0.162912 0 -0.986641
    outer loop
      vertex 98.9754 -16 -37.5983
      vertex 98.6526 -40 -37.6516
      vertex 98.6526 -16 -37.6516
    endloop
  endfacet
  facet normal 0.0327042 0 -0.999465
    outer loop
      vertex 98 -40 -37.6943
      vertex 98.327 -16 -37.6836
      vertex 98.327 -40 -37.6836
    endloop
  endfacet
  facet normal 0.0327042 0 -0.999465
    outer loop
      vertex 98.327 -16 -37.6836
      vertex 98 -40 -37.6943
      vertex 98 -16 -37.6943
    endloop
  endfacet
  facet normal 0.0978089 0 -0.995205
    outer loop
      vertex 98.327 -40 -37.6836
      vertex 98.6526 -16 -37.6516
      vertex 98.6526 -40 -37.6516
    endloop
  endfacet
  facet normal 0.0978089 0 -0.995205
    outer loop
      vertex 98.6526 -16 -37.6516
      vertex 98.327 -40 -37.6836
      vertex 98.327 -16 -37.6836
    endloop
  endfacet
  facet normal 0.227046 0 -0.973884
    outer loop
      vertex 98.9754 -40 -37.5983
      vertex 99.2941 -16 -37.524
      vertex 99.2941 -40 -37.524
    endloop
  endfacet
  facet normal 0.227046 0 -0.973884
    outer loop
      vertex 99.2941 -16 -37.524
      vertex 98.9754 -40 -37.5983
      vertex 98.9754 -16 -37.5983
    endloop
  endfacet
  facet normal 0.352396 0 -0.935851
    outer loop
      vertex 99.6072 -40 -37.429
      vertex 99.9134 -16 -37.3137
      vertex 99.9134 -40 -37.3137
    endloop
  endfacet
  facet normal 0.352396 0 -0.935851
    outer loop
      vertex 99.9134 -16 -37.3137
      vertex 99.6072 -40 -37.429
      vertex 99.6072 -16 -37.429
    endloop
  endfacet
  facet normal 0.290347 0 -0.956922
    outer loop
      vertex 99.2941 -40 -37.524
      vertex 99.6072 -16 -37.429
      vertex 99.6072 -40 -37.429
    endloop
  endfacet
  facet normal 0.290347 0 -0.956922
    outer loop
      vertex 99.6072 -16 -37.429
      vertex 99.2941 -40 -37.524
      vertex 99.2941 -16 -37.524
    endloop
  endfacet
  facet normal 0.634335 0 -0.773058
    outer loop
      vertex 101.044 -40 -36.6611
      vertex 101.297 -16 -36.4535
      vertex 101.297 -40 -36.4535
    endloop
  endfacet
  facet normal 0.634335 0 -0.773058
    outer loop
      vertex 101.297 -16 -36.4535
      vertex 101.044 -40 -36.6611
      vertex 101.044 -16 -36.6611
    endloop
  endfacet
  facet normal 0.52791 0 -0.8493
    outer loop
      vertex 100.5 -40 -37.0245
      vertex 100.778 -16 -36.8517
      vertex 100.778 -40 -36.8517
    endloop
  endfacet
  facet normal 0.52791 0 -0.8493
    outer loop
      vertex 100.778 -16 -36.8517
      vertex 100.5 -40 -37.0245
      vertex 100.5 -16 -37.0245
    endloop
  endfacet
  facet normal 0.470747 0 -0.882268
    outer loop
      vertex 100.211 -40 -37.1787
      vertex 100.5 -16 -37.0245
      vertex 100.5 -40 -37.0245
    endloop
  endfacet
  facet normal 0.470747 0 -0.882268
    outer loop
      vertex 100.5 -16 -37.0245
      vertex 100.211 -40 -37.1787
      vertex 100.211 -16 -37.1787
    endloop
  endfacet
  facet normal 0.730872 0 -0.682515
    outer loop
      vertex 101.759 -40 -35.9911
      vertex 101.536 -16 -36.2299
      vertex 101.759 -16 -35.9911
    endloop
  endfacet
  facet normal 0.730872 0 -0.682515
    outer loop
      vertex 101.536 -16 -36.2299
      vertex 101.759 -40 -35.9911
      vertex 101.536 -40 -36.2299
    endloop
  endfacet
  facet normal 0.772459 0 -0.635065
    outer loop
      vertex 101.967 -40 -35.7381
      vertex 101.759 -16 -35.9911
      vertex 101.967 -16 -35.7381
    endloop
  endfacet
  facet normal 0.772459 0 -0.635065
    outer loop
      vertex 101.759 -16 -35.9911
      vertex 101.967 -40 -35.7381
      vertex 101.759 -40 -35.9911
    endloop
  endfacet
  facet normal 0.910889 0 -0.412651
    outer loop
      vertex 102.619 -40 -34.6078
      vertex 102.484 -16 -34.9058
      vertex 102.619 -16 -34.6078
    endloop
  endfacet
  facet normal 0.910889 0 -0.412651
    outer loop
      vertex 102.484 -16 -34.9058
      vertex 102.619 -40 -34.6078
      vertex 102.484 -40 -34.9058
    endloop
  endfacet
  facet normal 0.986788 0 -0.162019
    outer loop
      vertex 102.957 -40 -33.347
      vertex 102.904 -16 -33.6698
      vertex 102.957 -16 -33.347
    endloop
  endfacet
  facet normal 0.986788 0 -0.162019
    outer loop
      vertex 102.904 -16 -33.6698
      vertex 102.957 -40 -33.347
      vertex 102.904 -40 -33.6698
    endloop
  endfacet
  facet normal 0.995205 0 -0.0978089
    outer loop
      vertex 102.989 -40 -33.0214
      vertex 102.957 -16 -33.347
      vertex 102.989 -16 -33.0214
    endloop
  endfacet
  facet normal 0.995205 0 -0.0978089
    outer loop
      vertex 102.957 -16 -33.347
      vertex 102.989 -40 -33.0214
      vertex 102.957 -40 -33.347
    endloop
  endfacet
  facet normal -0.582452 0 -0.812865
    outer loop
      vertex 94.9562 -40 -36.6611
      vertex 95.2222 -16 -36.8517
      vertex 95.2222 -40 -36.8517
    endloop
  endfacet
  facet normal -0.582452 0 -0.812865
    outer loop
      vertex 95.2222 -16 -36.8517
      vertex 94.9562 -40 -36.6611
      vertex 94.9562 -16 -36.6611
    endloop
  endfacet
  facet normal -0.683494 0 -0.729956
    outer loop
      vertex 94.4645 -40 -36.2299
      vertex 94.7033 -16 -36.4535
      vertex 94.7033 -40 -36.4535
    endloop
  endfacet
  facet normal -0.683494 0 -0.729956
    outer loop
      vertex 94.7033 -16 -36.4535
      vertex 94.4645 -40 -36.2299
      vertex 94.4645 -16 -36.2299
    endloop
  endfacet
  facet normal -0.634485 0 -0.772935
    outer loop
      vertex 94.7033 -40 -36.4535
      vertex 94.9562 -16 -36.6611
      vertex 94.9562 -40 -36.6611
    endloop
  endfacet
  facet normal -0.634485 0 -0.772935
    outer loop
      vertex 94.9562 -16 -36.6611
      vertex 94.7033 -40 -36.4535
      vertex 94.7033 -16 -36.4535
    endloop
  endfacet
  facet normal -0.471254 0 -0.881997
    outer loop
      vertex 95.5 -40 -37.0245
      vertex 95.7886 -16 -37.1787
      vertex 95.7886 -40 -37.1787
    endloop
  endfacet
  facet normal -0.471254 0 -0.881997
    outer loop
      vertex 95.7886 -16 -37.1787
      vertex 95.5 -40 -37.0245
      vertex 95.5 -16 -37.0245
    endloop
  endfacet
  facet normal -0.0978089 0 -0.995205
    outer loop
      vertex 97.3474 -40 -37.6516
      vertex 97.673 -16 -37.6836
      vertex 97.673 -40 -37.6836
    endloop
  endfacet
  facet normal -0.0978089 0 -0.995205
    outer loop
      vertex 97.673 -16 -37.6836
      vertex 97.3474 -40 -37.6516
      vertex 97.3474 -16 -37.6516
    endloop
  endfacet
  facet normal -0.729804 0 -0.683656
    outer loop
      vertex 94.4645 -40 -36.2299
      vertex 94.2408 -16 -35.9911
      vertex 94.4645 -16 -36.2299
    endloop
  endfacet
  facet normal -0.729804 -0 -0.683656
    outer loop
      vertex 94.2408 -16 -35.9911
      vertex 94.4645 -40 -36.2299
      vertex 94.2408 -40 -35.9911
    endloop
  endfacet
  facet normal -0.910889 0 -0.412651
    outer loop
      vertex 93.5156 -40 -34.9058
      vertex 93.3806 -16 -34.6078
      vertex 93.5156 -16 -34.9058
    endloop
  endfacet
  facet normal -0.910889 -0 -0.412651
    outer loop
      vertex 93.3806 -16 -34.6078
      vertex 93.5156 -40 -34.9058
      vertex 93.3806 -40 -34.6078
    endloop
  endfacet
  facet normal -0.881802 0 -0.471619
    outer loop
      vertex 93.6699 -40 -35.1943
      vertex 93.5156 -16 -34.9058
      vertex 93.6699 -16 -35.1943
    endloop
  endfacet
  facet normal -0.881802 -0 -0.471619
    outer loop
      vertex 93.5156 -16 -34.9058
      vertex 93.6699 -40 -35.1943
      vertex 93.5156 -40 -34.9058
    endloop
  endfacet
  facet normal -0.973868 0 -0.227114
    outer loop
      vertex 93.1704 -40 -33.9884
      vertex 93.0961 -16 -33.6698
      vertex 93.1704 -16 -33.9884
    endloop
  endfacet
  facet normal -0.973868 -0 -0.227114
    outer loop
      vertex 93.0961 -16 -33.6698
      vertex 93.1704 -40 -33.9884
      vertex 93.0961 -40 -33.6698
    endloop
  endfacet
  facet normal -0.986641 0 -0.162912
    outer loop
      vertex 93.0961 -40 -33.6698
      vertex 93.0428 -16 -33.347
      vertex 93.0961 -16 -33.6698
    endloop
  endfacet
  facet normal -0.986641 -0 -0.162912
    outer loop
      vertex 93.0428 -16 -33.347
      vertex 93.0961 -40 -33.6698
      vertex 93.0428 -40 -33.347
    endloop
  endfacet
  facet normal -0.999465 0 -0.0326942
    outer loop
      vertex 93.0107 -40 -33.0214
      vertex 93 -16 -32.6943
      vertex 93.0107 -16 -33.0214
    endloop
  endfacet
  facet normal -0.999465 -0 -0.0326942
    outer loop
      vertex 93 -16 -32.6943
      vertex 93.0107 -40 -33.0214
      vertex 93 -40 -32.6943
    endloop
  endfacet
  facet normal 0.772336 -0 0.635215
    outer loop
      vertex 101.759 -40 -29.3976
      vertex 101.967 -16 -29.6505
      vertex 101.759 -16 -29.3976
    endloop
  endfacet
  facet normal 0.772336 0 0.635215
    outer loop
      vertex 101.967 -16 -29.6505
      vertex 101.759 -40 -29.3976
      vertex 101.967 -40 -29.6505
    endloop
  endfacet
  facet normal 0.0981116 0 0.995175
    outer loop
      vertex 98.327 -16 -27.705
      vertex 98.6526 -40 -27.7371
      vertex 98.6526 -16 -27.7371
    endloop
  endfacet
  facet normal 0.0981116 0 0.995175
    outer loop
      vertex 98.6526 -40 -27.7371
      vertex 98.327 -16 -27.705
      vertex 98.327 -40 -27.705
    endloop
  endfacet
  facet normal 0 -1 0
    outer loop
      vertex 98 -40 -31.0693
      vertex 98 -40 -27.6943
      vertex 97.673 -40 -27.705
    endloop
  endfacet
  facet normal 0 -1 0
    outer loop
      vertex 97.8937 -40 -31.0728
      vertex 97.673 -40 -27.705
      vertex 97.3474 -40 -27.7371
    endloop
  endfacet
  facet normal 0 -1 0
    outer loop
      vertex 98 -40 -27.6943
      vertex 98 -40 -31.0693
      vertex 98.327 -40 -27.705
    endloop
  endfacet
  facet normal 0 -1 0
    outer loop
      vertex 97.7879 -40 -31.0832
      vertex 97.3474 -40 -27.7371
      vertex 97.0246 -40 -27.7904
    endloop
  endfacet
  facet normal 0 -1 0
    outer loop
      vertex 98.1063 -40 -31.0728
      vertex 98.327 -40 -27.705
      vertex 98 -40 -31.0693
    endloop
  endfacet
  facet normal 0 -1 0
    outer loop
      vertex 97.683 -40 -31.1006
      vertex 97.0246 -40 -27.7904
      vertex 96.7059 -40 -27.8647
    endloop
  endfacet
  facet normal 0 -1 -0
    outer loop
      vertex 98.327 -40 -27.705
      vertex 98.1063 -40 -31.0728
      vertex 98.6526 -40 -27.7371
    endloop
  endfacet
  facet normal 0 -1 0
    outer loop
      vertex 97.5794 -40 -31.1247
      vertex 96.7059 -40 -27.8647
      vertex 96.3928 -40 -27.9597
    endloop
  endfacet
  facet normal 0 -1 0
    outer loop
      vertex 98.2121 -40 -31.0832
      vertex 98.6526 -40 -27.7371
      vertex 98.1063 -40 -31.0728
    endloop
  endfacet
  facet normal 0 -1 0
    outer loop
      vertex 97.4777 -40 -31.1556
      vertex 96.3928 -40 -27.9597
      vertex 96.0866 -40 -28.0749
    endloop
  endfacet
  facet normal 0 -1 -0
    outer loop
      vertex 98.6526 -40 -27.7371
      vertex 98.2121 -40 -31.0832
      vertex 98.9754 -40 -27.7904
    endloop
  endfacet
  facet normal 0 -1 0
    outer loop
      vertex 97.3781 -40 -31.193
      vertex 96.0866 -40 -28.0749
      vertex 95.7886 -40 -28.21
    endloop
  endfacet
  facet normal 0 -1 0
    outer loop
      vertex 98.317 -40 -31.1006
      vertex 98.9754 -40 -27.7904
      vertex 98.2121 -40 -31.0832
    endloop
  endfacet
  facet normal 0 -1 0
    outer loop
      vertex 97.2813 -40 -31.2369
      vertex 95.7886 -40 -28.21
      vertex 95.5 -40 -28.3642
    endloop
  endfacet
  facet normal 0 -1 -0
    outer loop
      vertex 98.9754 -40 -27.7904
      vertex 98.317 -40 -31.1006
      vertex 99.2941 -40 -27.8647
    endloop
  endfacet
  facet normal 0 -1 0
    outer loop
      vertex 97.1875 -40 -31.287
      vertex 95.5 -40 -28.3642
      vertex 95.2222 -40 -28.537
    endloop
  endfacet
  facet normal 0 -1 0
    outer loop
      vertex 98.4206 -40 -31.1247
      vertex 99.2941 -40 -27.8647
      vertex 98.317 -40 -31.1006
    endloop
  endfacet
  facet normal 0 -1 0
    outer loop
      vertex 97.0972 -40 -31.3432
      vertex 95.2222 -40 -28.537
      vertex 94.9562 -40 -28.7276
    endloop
  endfacet
  facet normal 0 -1 -0
    outer loop
      vertex 99.2941 -40 -27.8647
      vertex 98.4206 -40 -31.1247
      vertex 99.6072 -40 -27.9597
    endloop
  endfacet
  facet normal 0 -1 0
    outer loop
      vertex 97.0108 -40 -31.4051
      vertex 94.9562 -40 -28.7276
      vertex 94.7033 -40 -28.9351
    endloop
  endfacet
  facet normal 0 -1 0
    outer loop
      vertex 98.5223 -40 -31.1556
      vertex 99.6072 -40 -27.9597
      vertex 98.4206 -40 -31.1247
    endloop
  endfacet
  facet normal 0 -1 0
    outer loop
      vertex 96.9286 -40 -31.4726
      vertex 94.7033 -40 -28.9351
      vertex 94.4645 -40 -29.1588
    endloop
  endfacet
  facet normal 0 -1 -0
    outer loop
      vertex 99.6072 -40 -27.9597
      vertex 98.5223 -40 -31.1556
      vertex 99.9134 -40 -28.0749
    endloop
  endfacet
  facet normal 0 -1 0
    outer loop
      vertex 96.851 -40 -31.5453
      vertex 94.4645 -40 -29.1588
      vertex 94.2408 -40 -29.3976
    endloop
  endfacet
  facet normal 0 -1 0
    outer loop
      vertex 98.6219 -40 -31.193
      vertex 99.9134 -40 -28.0749
      vertex 98.5223 -40 -31.1556
    endloop
  endfacet
  facet normal 0 -1 0
    outer loop
      vertex 96.7783 -40 -31.6229
      vertex 94.2408 -40 -29.3976
      vertex 94.0332 -40 -29.6505
    endloop
  endfacet
  facet normal 0 -1 -0
    outer loop
      vertex 99.9134 -40 -28.0749
      vertex 98.6219 -40 -31.193
      vertex 100.211 -40 -28.21
    endloop
  endfacet
  facet normal 0 -1 0
    outer loop
      vertex 96.7108 -40 -31.7051
      vertex 94.0332 -40 -29.6505
      vertex 93.8427 -40 -29.9165
    endloop
  endfacet
  facet normal 0 -1 0
    outer loop
      vertex 98.7187 -40 -31.2369
      vertex 100.211 -40 -28.21
      vertex 98.6219 -40 -31.193
    endloop
  endfacet
  facet normal 0 -1 0
    outer loop
      vertex 96.6489 -40 -31.7915
      vertex 93.8427 -40 -29.9165
      vertex 93.6699 -40 -30.1943
    endloop
  endfacet
  facet normal 0 -1 -0
    outer loop
      vertex 100.211 -40 -28.21
      vertex 98.7187 -40 -31.2369
      vertex 100.5 -40 -28.3642
    endloop
  endfacet
  facet normal 0 -1 0
    outer loop
      vertex 96.5927 -40 -31.8818
      vertex 93.6699 -40 -30.1943
      vertex 93.5156 -40 -30.4829
    endloop
  endfacet
  facet normal 0 -1 0
    outer loop
      vertex 98.8125 -40 -31.287
      vertex 100.5 -40 -28.3642
      vertex 98.7187 -40 -31.2369
    endloop
  endfacet
  facet normal 0 -1 0
    outer loop
      vertex 96.5426 -40 -31.9756
      vertex 93.5156 -40 -30.4829
      vertex 93.3806 -40 -30.7809
    endloop
  endfacet
  facet normal 0 -1 -0
    outer loop
      vertex 100.5 -40 -28.3642
      vertex 98.8125 -40 -31.287
      vertex 100.778 -40 -28.537
    endloop
  endfacet
  facet normal 0 -1 0
    outer loop
      vertex 98.9028 -40 -31.3432
      vertex 100.778 -40 -28.537
      vertex 98.8125 -40 -31.287
    endloop
  endfacet
  facet normal 0 -1 0
    outer loop
      vertex 97.673 -40 -27.705
      vertex 97.8937 -40 -31.0728
      vertex 98 -40 -31.0693
    endloop
  endfacet
  facet normal 0 -1 0
    outer loop
      vertex 97.3474 -40 -27.7371
      vertex 97.7879 -40 -31.0832
      vertex 97.8937 -40 -31.0728
    endloop
  endfacet
  facet normal 0 -1 0
    outer loop
      vertex 96.4987 -40 -32.0725
      vertex 93.3806 -40 -30.7809
      vertex 93.2654 -40 -31.0871
    endloop
  endfacet
  facet normal 0 -1 0
    outer loop
      vertex 97.0246 -40 -27.7904
      vertex 97.683 -40 -31.1006
      vertex 97.7879 -40 -31.0832
    endloop
  endfacet
  facet normal 0 -1 0
    outer loop
      vertex 96.7059 -40 -27.8647
      vertex 97.5794 -40 -31.1247
      vertex 97.683 -40 -31.1006
    endloop
  endfacet
  facet normal 0 -1 0
    outer loop
      vertex 96.3928 -40 -27.9597
      vertex 97.4777 -40 -31.1556
      vertex 97.5794 -40 -31.1247
    endloop
  endfacet
  facet normal 0 -1 0
    outer loop
      vertex 96.0866 -40 -28.0749
      vertex 97.3781 -40 -31.193
      vertex 97.4777 -40 -31.1556
    endloop
  endfacet
  facet normal 0 -1 0
    outer loop
      vertex 95.7886 -40 -28.21
      vertex 97.2813 -40 -31.2369
      vertex 97.3781 -40 -31.193
    endloop
  endfacet
  facet normal 0 -1 0
    outer loop
      vertex 95.5 -40 -28.3642
      vertex 97.1875 -40 -31.287
      vertex 97.2813 -40 -31.2369
    endloop
  endfacet
  facet normal 0 -1 0
    outer loop
      vertex 95.2222 -40 -28.537
      vertex 97.0972 -40 -31.3432
      vertex 97.1875 -40 -31.287
    endloop
  endfacet
  facet normal 0 -1 0
    outer loop
      vertex 96.4612 -40 -32.172
      vertex 93.2654 -40 -31.0871
      vertex 93.1704 -40 -31.4002
    endloop
  endfacet
  facet normal 0 -1 0
    outer loop
      vertex 94.9562 -40 -28.7276
      vertex 97.0108 -40 -31.4051
      vertex 97.0972 -40 -31.3432
    endloop
  endfacet
  facet normal 0 -1 0
    outer loop
      vertex 94.7033 -40 -28.9351
      vertex 96.9286 -40 -31.4726
      vertex 97.0108 -40 -31.4051
    endloop
  endfacet
  facet normal 0 -1 0
    outer loop
      vertex 94.4645 -40 -29.1588
      vertex 96.851 -40 -31.5453
      vertex 96.9286 -40 -31.4726
    endloop
  endfacet
  facet normal 0 -1 0
    outer loop
      vertex 94.2408 -40 -29.3976
      vertex 96.7783 -40 -31.6229
      vertex 96.851 -40 -31.5453
    endloop
  endfacet
  facet normal 0 -1 0
    outer loop
      vertex 94.0332 -40 -29.6505
      vertex 96.7108 -40 -31.7051
      vertex 96.7783 -40 -31.6229
    endloop
  endfacet
  facet normal 0 -1 0
    outer loop
      vertex 96.4304 -40 -32.2738
      vertex 93.1704 -40 -31.4002
      vertex 93.0961 -40 -31.7189
    endloop
  endfacet
  facet normal 0 -1 0
    outer loop
      vertex 93.8427 -40 -29.9165
      vertex 96.6489 -40 -31.7915
      vertex 96.7108 -40 -31.7051
    endloop
  endfacet
  facet normal 0 -1 0
    outer loop
      vertex 93.6699 -40 -30.1943
      vertex 96.5927 -40 -31.8818
      vertex 96.6489 -40 -31.7915
    endloop
  endfacet
  facet normal 0 -1 0
    outer loop
      vertex 93.5156 -40 -30.4829
      vertex 96.5426 -40 -31.9756
      vertex 96.5927 -40 -31.8818
    endloop
  endfacet
  facet normal 0 -1 0
    outer loop
      vertex 96.4062 -40 -32.3773
      vertex 93.0961 -40 -31.7189
      vertex 93.0428 -40 -32.0417
    endloop
  endfacet
  facet normal 0 -1 0
    outer loop
      vertex 93.3806 -40 -30.7809
      vertex 96.4987 -40 -32.0725
      vertex 96.5426 -40 -31.9756
    endloop
  endfacet
  facet normal 0 -1 0
    outer loop
      vertex 93.2654 -40 -31.0871
      vertex 96.4612 -40 -32.172
      vertex 96.4987 -40 -32.0725
    endloop
  endfacet
  facet normal 0 -1 0
    outer loop
      vertex 93.1704 -40 -31.4002
      vertex 96.4304 -40 -32.2738
      vertex 96.4612 -40 -32.172
    endloop
  endfacet
  facet normal 0 -1 0
    outer loop
      vertex 96.3889 -40 -32.4822
      vertex 93.0428 -40 -32.0417
      vertex 93.0107 -40 -32.3673
    endloop
  endfacet
  facet normal 0 -1 0
    outer loop
      vertex 93.0961 -40 -31.7189
      vertex 96.4062 -40 -32.3773
      vertex 96.4304 -40 -32.2738
    endloop
  endfacet
  facet normal 0 -1 0
    outer loop
      vertex 93.0428 -40 -32.0417
      vertex 96.3889 -40 -32.4822
      vertex 96.4062 -40 -32.3773
    endloop
  endfacet
  facet normal 0 -1 0
    outer loop
      vertex 93.0107 -40 -32.3673
      vertex 96.3785 -40 -32.5881
      vertex 96.3889 -40 -32.4822
    endloop
  endfacet
  facet normal 0 -1 0
    outer loop
      vertex 93 -40 -32.6943
      vertex 96.3785 -40 -32.5881
      vertex 93.0107 -40 -32.3673
    endloop
  endfacet
  facet normal 0 -1 0
    outer loop
      vertex 93 -40 -32.6943
      vertex 96.375 -40 -32.6943
      vertex 96.3785 -40 -32.5881
    endloop
  endfacet
  facet normal 0 -1 0
    outer loop
      vertex 93 -40 -32.6943
      vertex 96.3785 -40 -32.8006
      vertex 96.375 -40 -32.6943
    endloop
  endfacet
  facet normal 0 -1 0
    outer loop
      vertex 93.0107 -40 -33.0214
      vertex 96.3785 -40 -32.8006
      vertex 93 -40 -32.6943
    endloop
  endfacet
  facet normal 0 -1 -0
    outer loop
      vertex 96.3785 -40 -32.8006
      vertex 93.0107 -40 -33.0214
      vertex 96.3889 -40 -32.9064
    endloop
  endfacet
  facet normal 0 -1 0
    outer loop
      vertex 93.0428 -40 -33.347
      vertex 96.3889 -40 -32.9064
      vertex 93.0107 -40 -33.0214
    endloop
  endfacet
  facet normal 0 -1 -0
    outer loop
      vertex 96.3889 -40 -32.9064
      vertex 93.0428 -40 -33.347
      vertex 96.4062 -40 -33.0114
    endloop
  endfacet
  facet normal 0 -1 0
    outer loop
      vertex 93.0961 -40 -33.6698
      vertex 96.4062 -40 -33.0114
      vertex 93.0428 -40 -33.347
    endloop
  endfacet
  facet normal 0 -1 -0
    outer loop
      vertex 96.4062 -40 -33.0114
      vertex 93.0961 -40 -33.6698
      vertex 96.4304 -40 -33.1149
    endloop
  endfacet
  facet normal 0 -1 0
    outer loop
      vertex 93.1704 -40 -33.9884
      vertex 96.4304 -40 -33.1149
      vertex 93.0961 -40 -33.6698
    endloop
  endfacet
  facet normal 0 -1 -0
    outer loop
      vertex 96.4304 -40 -33.1149
      vertex 93.1704 -40 -33.9884
      vertex 96.4612 -40 -33.2167
    endloop
  endfacet
  facet normal 0 -1 0
    outer loop
      vertex 93.2654 -40 -34.3015
      vertex 96.4612 -40 -33.2167
      vertex 93.1704 -40 -33.9884
    endloop
  endfacet
  facet normal 0 -1 -0
    outer loop
      vertex 96.4612 -40 -33.2167
      vertex 93.2654 -40 -34.3015
      vertex 96.4987 -40 -33.3162
    endloop
  endfacet
  facet normal 0 -1 0
    outer loop
      vertex 93.3806 -40 -34.6078
      vertex 96.4987 -40 -33.3162
      vertex 93.2654 -40 -34.3015
    endloop
  endfacet
  facet normal 0 -1 -0
    outer loop
      vertex 96.4987 -40 -33.3162
      vertex 93.3806 -40 -34.6078
      vertex 96.5426 -40 -33.4131
    endloop
  endfacet
  facet normal 0 -1 0
    outer loop
      vertex 93.5156 -40 -34.9058
      vertex 96.5426 -40 -33.4131
      vertex 93.3806 -40 -34.6078
    endloop
  endfacet
  facet normal 0 -1 -0
    outer loop
      vertex 96.5426 -40 -33.4131
      vertex 93.5156 -40 -34.9058
      vertex 96.5927 -40 -33.5068
    endloop
  endfacet
  facet normal 0 -1 0
    outer loop
      vertex 93.6699 -40 -35.1943
      vertex 96.5927 -40 -33.5068
      vertex 93.5156 -40 -34.9058
    endloop
  endfacet
  facet normal 0 -1 -0
    outer loop
      vertex 96.5927 -40 -33.5068
      vertex 93.6699 -40 -35.1943
      vertex 96.6489 -40 -33.5971
    endloop
  endfacet
  facet normal 0 -1 0
    outer loop
      vertex 93.8427 -40 -35.4722
      vertex 96.6489 -40 -33.5971
      vertex 93.6699 -40 -35.1943
    endloop
  endfacet
  facet normal 0 -1 -0
    outer loop
      vertex 96.6489 -40 -33.5971
      vertex 93.8427 -40 -35.4722
      vertex 96.7108 -40 -33.6836
    endloop
  endfacet
  facet normal 0 -1 0
    outer loop
      vertex 94.0332 -40 -35.7381
      vertex 96.7108 -40 -33.6836
      vertex 93.8427 -40 -35.4722
    endloop
  endfacet
  facet normal 0 -1 -0
    outer loop
      vertex 96.7108 -40 -33.6836
      vertex 94.0332 -40 -35.7381
      vertex 96.7783 -40 -33.7658
    endloop
  endfacet
  facet normal 0 -1 0
    outer loop
      vertex 94.2408 -40 -35.9911
      vertex 96.7783 -40 -33.7658
      vertex 94.0332 -40 -35.7381
    endloop
  endfacet
  facet normal 0 -1 -0
    outer loop
      vertex 96.7783 -40 -33.7658
      vertex 94.2408 -40 -35.9911
      vertex 96.851 -40 -33.8434
    endloop
  endfacet
  facet normal 0 -1 0
    outer loop
      vertex 94.4645 -40 -36.2299
      vertex 96.851 -40 -33.8434
      vertex 94.2408 -40 -35.9911
    endloop
  endfacet
  facet normal 0 -1 -0
    outer loop
      vertex 96.851 -40 -33.8434
      vertex 94.4645 -40 -36.2299
      vertex 96.9286 -40 -33.9161
    endloop
  endfacet
  facet normal 0 -1 0
    outer loop
      vertex 94.7033 -40 -36.4535
      vertex 96.9286 -40 -33.9161
      vertex 94.4645 -40 -36.2299
    endloop
  endfacet
  facet normal 0 -1 -0
    outer loop
      vertex 96.9286 -40 -33.9161
      vertex 94.7033 -40 -36.4535
      vertex 97.0108 -40 -33.9835
    endloop
  endfacet
  facet normal 0 -1 0
    outer loop
      vertex 94.9562 -40 -36.6611
      vertex 97.0108 -40 -33.9835
      vertex 94.7033 -40 -36.4535
    endloop
  endfacet
  facet normal 0 -1 -0
    outer loop
      vertex 97.0108 -40 -33.9835
      vertex 94.9562 -40 -36.6611
      vertex 97.0972 -40 -34.0455
    endloop
  endfacet
  facet normal 0 -1 0
    outer loop
      vertex 95.2222 -40 -36.8517
      vertex 97.0972 -40 -34.0455
      vertex 94.9562 -40 -36.6611
    endloop
  endfacet
  facet normal 0 -1 -0
    outer loop
      vertex 100.778 -40 -28.537
      vertex 98.9028 -40 -31.3432
      vertex 101.044 -40 -28.7276
    endloop
  endfacet
  facet normal 0 -1 0
    outer loop
      vertex 98.9892 -40 -31.4051
      vertex 101.044 -40 -28.7276
      vertex 98.9028 -40 -31.3432
    endloop
  endfacet
  facet normal 0 -1 -0
    outer loop
      vertex 101.044 -40 -28.7276
      vertex 98.9892 -40 -31.4051
      vertex 101.297 -40 -28.9351
    endloop
  endfacet
  facet normal 0 -1 0
    outer loop
      vertex 99.0714 -40 -31.4726
      vertex 101.297 -40 -28.9351
      vertex 98.9892 -40 -31.4051
    endloop
  endfacet
  facet normal 0 -1 -0
    outer loop
      vertex 101.297 -40 -28.9351
      vertex 99.0714 -40 -31.4726
      vertex 101.536 -40 -29.1588
    endloop
  endfacet
  facet normal 0 -1 0
    outer loop
      vertex 99.149 -40 -31.5453
      vertex 101.536 -40 -29.1588
      vertex 99.0714 -40 -31.4726
    endloop
  endfacet
  facet normal 0 -1 -0
    outer loop
      vertex 101.536 -40 -29.1588
      vertex 99.149 -40 -31.5453
      vertex 101.759 -40 -29.3976
    endloop
  endfacet
  facet normal 0 -1 0
    outer loop
      vertex 99.2217 -40 -31.6229
      vertex 101.759 -40 -29.3976
      vertex 99.149 -40 -31.5453
    endloop
  endfacet
  facet normal 0 -1 -0
    outer loop
      vertex 101.759 -40 -29.3976
      vertex 99.2217 -40 -31.6229
      vertex 101.967 -40 -29.6505
    endloop
  endfacet
  facet normal 0 -1 0
    outer loop
      vertex 99.2892 -40 -31.7051
      vertex 101.967 -40 -29.6505
      vertex 99.2217 -40 -31.6229
    endloop
  endfacet
  facet normal 0 -1 -0
    outer loop
      vertex 101.967 -40 -29.6505
      vertex 99.2892 -40 -31.7051
      vertex 102.157 -40 -29.9165
    endloop
  endfacet
  facet normal 0 -1 0
    outer loop
      vertex 99.3511 -40 -31.7915
      vertex 102.157 -40 -29.9165
      vertex 99.2892 -40 -31.7051
    endloop
  endfacet
  facet normal 0 -1 -0
    outer loop
      vertex 102.157 -40 -29.9165
      vertex 99.3511 -40 -31.7915
      vertex 102.33 -40 -30.1943
    endloop
  endfacet
  facet normal 0 -1 0
    outer loop
      vertex 99.4073 -40 -31.8818
      vertex 102.33 -40 -30.1943
      vertex 99.3511 -40 -31.7915
    endloop
  endfacet
  facet normal 0 -1 -0
    outer loop
      vertex 102.33 -40 -30.1943
      vertex 99.4073 -40 -31.8818
      vertex 102.484 -40 -30.4829
    endloop
  endfacet
  facet normal 0 -1 0
    outer loop
      vertex 99.4574 -40 -31.9756
      vertex 102.484 -40 -30.4829
      vertex 99.4073 -40 -31.8818
    endloop
  endfacet
  facet normal 0 -1 -0
    outer loop
      vertex 102.484 -40 -30.4829
      vertex 99.4574 -40 -31.9756
      vertex 102.619 -40 -30.7809
    endloop
  endfacet
  facet normal 0 -1 0
    outer loop
      vertex 99.5013 -40 -32.0725
      vertex 102.619 -40 -30.7809
      vertex 99.4574 -40 -31.9756
    endloop
  endfacet
  facet normal 0 -1 -0
    outer loop
      vertex 102.619 -40 -30.7809
      vertex 99.5013 -40 -32.0725
      vertex 102.735 -40 -31.0871
    endloop
  endfacet
  facet normal 0 -1 0
    outer loop
      vertex 99.5388 -40 -32.172
      vertex 102.735 -40 -31.0871
      vertex 99.5013 -40 -32.0725
    endloop
  endfacet
  facet normal 0 -1 -0
    outer loop
      vertex 102.735 -40 -31.0871
      vertex 99.5388 -40 -32.172
      vertex 102.83 -40 -31.4002
    endloop
  endfacet
  facet normal 0 -1 0
    outer loop
      vertex 99.5696 -40 -32.2738
      vertex 102.83 -40 -31.4002
      vertex 99.5388 -40 -32.172
    endloop
  endfacet
  facet normal 0 -1 -0
    outer loop
      vertex 102.83 -40 -31.4002
      vertex 99.5696 -40 -32.2738
      vertex 102.904 -40 -31.7189
    endloop
  endfacet
  facet normal 0 -1 0
    outer loop
      vertex 99.5938 -40 -32.3773
      vertex 102.904 -40 -31.7189
      vertex 99.5696 -40 -32.2738
    endloop
  endfacet
  facet normal 0 -1 -0
    outer loop
      vertex 102.904 -40 -31.7189
      vertex 99.5938 -40 -32.3773
      vertex 102.957 -40 -32.0417
    endloop
  endfacet
  facet normal 0 -1 0
    outer loop
      vertex 99.6111 -40 -32.4822
      vertex 102.957 -40 -32.0417
      vertex 99.5938 -40 -32.3773
    endloop
  endfacet
  facet normal 0 -1 -0
    outer loop
      vertex 102.957 -40 -32.0417
      vertex 99.6111 -40 -32.4822
      vertex 102.989 -40 -32.3673
    endloop
  endfacet
  facet normal 0 -1 0
    outer loop
      vertex 99.6215 -40 -32.5881
      vertex 102.989 -40 -32.3673
      vertex 99.6111 -40 -32.4822
    endloop
  endfacet
  facet normal 0 -1 0
    outer loop
      vertex 99.625 -40 -32.6943
      vertex 102.989 -40 -32.3673
      vertex 99.6215 -40 -32.5881
    endloop
  endfacet
  facet normal 0 -1 0
    outer loop
      vertex 99.625 -40 -32.6943
      vertex 103 -40 -32.6943
      vertex 102.989 -40 -32.3673
    endloop
  endfacet
  facet normal 0 -1 0
    outer loop
      vertex 99.6215 -40 -32.8006
      vertex 103 -40 -32.6943
      vertex 99.625 -40 -32.6943
    endloop
  endfacet
  facet normal 0 -1 0
    outer loop
      vertex 102.989 -40 -33.0214
      vertex 99.6215 -40 -32.8006
      vertex 99.6111 -40 -32.9064
    endloop
  endfacet
  facet normal 0 -1 0
    outer loop
      vertex 102.957 -40 -33.347
      vertex 99.6111 -40 -32.9064
      vertex 99.5938 -40 -33.0114
    endloop
  endfacet
  facet normal 0 -1 0
    outer loop
      vertex 99.6215 -40 -32.8006
      vertex 102.989 -40 -33.0214
      vertex 103 -40 -32.6943
    endloop
  endfacet
  facet normal 0 -1 0
    outer loop
      vertex 102.904 -40 -33.6698
      vertex 99.5938 -40 -33.0114
      vertex 99.5696 -40 -33.1149
    endloop
  endfacet
  facet normal 0 -1 0
    outer loop
      vertex 102.83 -40 -33.9884
      vertex 99.5696 -40 -33.1149
      vertex 99.5388 -40 -33.2167
    endloop
  endfacet
  facet normal 0 -1 0
    outer loop
      vertex 102.735 -40 -34.3015
      vertex 99.5388 -40 -33.2167
      vertex 99.5013 -40 -33.3162
    endloop
  endfacet
  facet normal 0 -1 0
    outer loop
      vertex 99.6111 -40 -32.9064
      vertex 102.957 -40 -33.347
      vertex 102.989 -40 -33.0214
    endloop
  endfacet
  facet normal 0 -1 0
    outer loop
      vertex 102.619 -40 -34.6078
      vertex 99.5013 -40 -33.3162
      vertex 99.4574 -40 -33.4131
    endloop
  endfacet
  facet normal 0 -1 0
    outer loop
      vertex 102.484 -40 -34.9058
      vertex 99.4574 -40 -33.4131
      vertex 99.4073 -40 -33.5068
    endloop
  endfacet
  facet normal 0 -1 0
    outer loop
      vertex 102.33 -40 -35.1943
      vertex 99.4073 -40 -33.5068
      vertex 99.3511 -40 -33.5971
    endloop
  endfacet
  facet normal 0 -1 0
    outer loop
      vertex 99.5938 -40 -33.0114
      vertex 102.904 -40 -33.6698
      vertex 102.957 -40 -33.347
    endloop
  endfacet
  facet normal 0 -1 0
    outer loop
      vertex 102.157 -40 -35.4722
      vertex 99.3511 -40 -33.5971
      vertex 99.2892 -40 -33.6836
    endloop
  endfacet
  facet normal 0 -1 0
    outer loop
      vertex 101.967 -40 -35.7381
      vertex 99.2892 -40 -33.6836
      vertex 99.2217 -40 -33.7658
    endloop
  endfacet
  facet normal 0 -1 0
    outer loop
      vertex 101.759 -40 -35.9911
      vertex 99.2217 -40 -33.7658
      vertex 99.149 -40 -33.8434
    endloop
  endfacet
  facet normal 0 -1 0
    outer loop
      vertex 101.536 -40 -36.2299
      vertex 99.149 -40 -33.8434
      vertex 99.0714 -40 -33.9161
    endloop
  endfacet
  facet normal 0 -1 0
    outer loop
      vertex 101.297 -40 -36.4535
      vertex 99.0714 -40 -33.9161
      vertex 98.9892 -40 -33.9835
    endloop
  endfacet
  facet normal 0 -1 0
    outer loop
      vertex 99.5696 -40 -33.1149
      vertex 102.83 -40 -33.9884
      vertex 102.904 -40 -33.6698
    endloop
  endfacet
  facet normal 0 -1 0
    outer loop
      vertex 101.044 -40 -36.6611
      vertex 98.9892 -40 -33.9835
      vertex 98.9028 -40 -34.0455
    endloop
  endfacet
  facet normal 0 -1 0
    outer loop
      vertex 100.778 -40 -36.8517
      vertex 98.9028 -40 -34.0455
      vertex 98.8125 -40 -34.1016
    endloop
  endfacet
  facet normal 0 -1 0
    outer loop
      vertex 100.5 -40 -37.0245
      vertex 98.8125 -40 -34.1016
      vertex 98.7187 -40 -34.1518
    endloop
  endfacet
  facet normal 0 -1 0
    outer loop
      vertex 100.211 -40 -37.1787
      vertex 98.7187 -40 -34.1518
      vertex 98.6219 -40 -34.1956
    endloop
  endfacet
  facet normal 0 -1 0
    outer loop
      vertex 99.9134 -40 -37.3137
      vertex 98.6219 -40 -34.1956
      vertex 98.5223 -40 -34.2331
    endloop
  endfacet
  facet normal 0 -1 0
    outer loop
      vertex 99.6072 -40 -37.429
      vertex 98.5223 -40 -34.2331
      vertex 98.4206 -40 -34.264
    endloop
  endfacet
  facet normal 0 -1 0
    outer loop
      vertex 99.2941 -40 -37.524
      vertex 98.4206 -40 -34.264
      vertex 98.317 -40 -34.2881
    endloop
  endfacet
  facet normal 0 -1 0
    outer loop
      vertex 99.5388 -40 -33.2167
      vertex 102.735 -40 -34.3015
      vertex 102.83 -40 -33.9884
    endloop
  endfacet
  facet normal 0 -1 0
    outer loop
      vertex 98.9754 -40 -37.5983
      vertex 98.317 -40 -34.2881
      vertex 98.2121 -40 -34.3054
    endloop
  endfacet
  facet normal 0 -1 0
    outer loop
      vertex 98.6526 -40 -37.6516
      vertex 98.2121 -40 -34.3054
      vertex 98.1063 -40 -34.3159
    endloop
  endfacet
  facet normal 0 -1 0
    outer loop
      vertex 98.327 -40 -37.6836
      vertex 98.1063 -40 -34.3159
      vertex 98 -40 -34.3193
    endloop
  endfacet
  facet normal 0 -1 -0
    outer loop
      vertex 97.0972 -40 -34.0455
      vertex 95.2222 -40 -36.8517
      vertex 97.1875 -40 -34.1016
    endloop
  endfacet
  facet normal 0 -1 0
    outer loop
      vertex 99.5013 -40 -33.3162
      vertex 102.619 -40 -34.6078
      vertex 102.735 -40 -34.3015
    endloop
  endfacet
  facet normal 0 -1 0
    outer loop
      vertex 95.5 -40 -37.0245
      vertex 97.1875 -40 -34.1016
      vertex 95.2222 -40 -36.8517
    endloop
  endfacet
  facet normal 0 -1 0
    outer loop
      vertex 99.4574 -40 -33.4131
      vertex 102.484 -40 -34.9058
      vertex 102.619 -40 -34.6078
    endloop
  endfacet
  facet normal 0 -1 -0
    outer loop
      vertex 97.1875 -40 -34.1016
      vertex 95.5 -40 -37.0245
      vertex 97.2813 -40 -34.1518
    endloop
  endfacet
  facet normal 0 -1 0
    outer loop
      vertex 99.4073 -40 -33.5068
      vertex 102.33 -40 -35.1943
      vertex 102.484 -40 -34.9058
    endloop
  endfacet
  facet normal 0 -1 0
    outer loop
      vertex 95.7886 -40 -37.1787
      vertex 97.2813 -40 -34.1518
      vertex 95.5 -40 -37.0245
    endloop
  endfacet
  facet normal 0 -1 0
    outer loop
      vertex 99.3511 -40 -33.5971
      vertex 102.157 -40 -35.4722
      vertex 102.33 -40 -35.1943
    endloop
  endfacet
  facet normal 0 -1 -0
    outer loop
      vertex 97.2813 -40 -34.1518
      vertex 95.7886 -40 -37.1787
      vertex 97.3781 -40 -34.1956
    endloop
  endfacet
  facet normal 0 -1 0
    outer loop
      vertex 99.2892 -40 -33.6836
      vertex 101.967 -40 -35.7381
      vertex 102.157 -40 -35.4722
    endloop
  endfacet
  facet normal 0 -1 0
    outer loop
      vertex 96.0866 -40 -37.3137
      vertex 97.3781 -40 -34.1956
      vertex 95.7886 -40 -37.1787
    endloop
  endfacet
  facet normal 0 -1 0
    outer loop
      vertex 99.2217 -40 -33.7658
      vertex 101.759 -40 -35.9911
      vertex 101.967 -40 -35.7381
    endloop
  endfacet
  facet normal 0 -1 -0
    outer loop
      vertex 97.3781 -40 -34.1956
      vertex 96.0866 -40 -37.3137
      vertex 97.4777 -40 -34.2331
    endloop
  endfacet
  facet normal 0 -1 0
    outer loop
      vertex 99.149 -40 -33.8434
      vertex 101.536 -40 -36.2299
      vertex 101.759 -40 -35.9911
    endloop
  endfacet
  facet normal 0 -1 0
    outer loop
      vertex 96.3928 -40 -37.429
      vertex 97.4777 -40 -34.2331
      vertex 96.0866 -40 -37.3137
    endloop
  endfacet
  facet normal 0 -1 0
    outer loop
      vertex 99.0714 -40 -33.9161
      vertex 101.297 -40 -36.4535
      vertex 101.536 -40 -36.2299
    endloop
  endfacet
  facet normal 0 -1 -0
    outer loop
      vertex 97.4777 -40 -34.2331
      vertex 96.3928 -40 -37.429
      vertex 97.5794 -40 -34.264
    endloop
  endfacet
  facet normal 0 -1 0
    outer loop
      vertex 98.9892 -40 -33.9835
      vertex 101.044 -40 -36.6611
      vertex 101.297 -40 -36.4535
    endloop
  endfacet
  facet normal 0 -1 0
    outer loop
      vertex 96.7059 -40 -37.524
      vertex 97.5794 -40 -34.264
      vertex 96.3928 -40 -37.429
    endloop
  endfacet
  facet normal 0 -1 0
    outer loop
      vertex 98.9028 -40 -34.0455
      vertex 100.778 -40 -36.8517
      vertex 101.044 -40 -36.6611
    endloop
  endfacet
  facet normal 0 -1 -0
    outer loop
      vertex 97.5794 -40 -34.264
      vertex 96.7059 -40 -37.524
      vertex 97.683 -40 -34.2881
    endloop
  endfacet
  facet normal 0 -1 0
    outer loop
      vertex 98.8125 -40 -34.1016
      vertex 100.5 -40 -37.0245
      vertex 100.778 -40 -36.8517
    endloop
  endfacet
  facet normal 0 -1 0
    outer loop
      vertex 97.0246 -40 -37.5983
      vertex 97.683 -40 -34.2881
      vertex 96.7059 -40 -37.524
    endloop
  endfacet
  facet normal 0 -1 0
    outer loop
      vertex 98.7187 -40 -34.1518
      vertex 100.211 -40 -37.1787
      vertex 100.5 -40 -37.0245
    endloop
  endfacet
  facet normal 0 -1 -0
    outer loop
      vertex 97.683 -40 -34.2881
      vertex 97.0246 -40 -37.5983
      vertex 97.7879 -40 -34.3054
    endloop
  endfacet
  facet normal 0 -1 0
    outer loop
      vertex 98.6219 -40 -34.1956
      vertex 99.9134 -40 -37.3137
      vertex 100.211 -40 -37.1787
    endloop
  endfacet
  facet normal 0 -1 0
    outer loop
      vertex 97.3474 -40 -37.6516
      vertex 97.7879 -40 -34.3054
      vertex 97.0246 -40 -37.5983
    endloop
  endfacet
  facet normal 0 -1 0
    outer loop
      vertex 98.5223 -40 -34.2331
      vertex 99.6072 -40 -37.429
      vertex 99.9134 -40 -37.3137
    endloop
  endfacet
  facet normal 0 -1 -0
    outer loop
      vertex 97.7879 -40 -34.3054
      vertex 97.3474 -40 -37.6516
      vertex 97.8937 -40 -34.3159
    endloop
  endfacet
  facet normal 0 -1 0
    outer loop
      vertex 98.4206 -40 -34.264
      vertex 99.2941 -40 -37.524
      vertex 99.6072 -40 -37.429
    endloop
  endfacet
  facet normal 0 -1 0
    outer loop
      vertex 97.673 -40 -37.6836
      vertex 97.8937 -40 -34.3159
      vertex 97.3474 -40 -37.6516
    endloop
  endfacet
  facet normal 0 -1 0
    outer loop
      vertex 98.317 -40 -34.2881
      vertex 98.9754 -40 -37.5983
      vertex 99.2941 -40 -37.524
    endloop
  endfacet
  facet normal 0 -1 -0
    outer loop
      vertex 97.8937 -40 -34.3159
      vertex 97.673 -40 -37.6836
      vertex 98 -40 -34.3193
    endloop
  endfacet
  facet normal 0 -1 0
    outer loop
      vertex 98.2121 -40 -34.3054
      vertex 98.6526 -40 -37.6516
      vertex 98.9754 -40 -37.5983
    endloop
  endfacet
  facet normal 0 -1 0
    outer loop
      vertex 98 -40 -37.6943
      vertex 98 -40 -34.3193
      vertex 97.673 -40 -37.6836
    endloop
  endfacet
  facet normal 0 -1 0
    outer loop
      vertex 98.1063 -40 -34.3159
      vertex 98.327 -40 -37.6836
      vertex 98.6526 -40 -37.6516
    endloop
  endfacet
  facet normal 0 -1 0
    outer loop
      vertex 98 -40 -34.3193
      vertex 98 -40 -37.6943
      vertex 98.327 -40 -37.6836
    endloop
  endfacet
  facet normal -0.995175 0 0.0981116
    outer loop
      vertex 93.0107 -40 -32.3673
      vertex 93.0428 -16 -32.0417
      vertex 93.0107 -16 -32.3673
    endloop
  endfacet
  facet normal -0.995175 0 0.0981116
    outer loop
      vertex 93.0428 -16 -32.0417
      vertex 93.0107 -40 -32.3673
      vertex 93.0428 -40 -32.0417
    endloop
  endfacet
  facet normal -0.634303 0 0.773085
    outer loop
      vertex 94.7033 -16 -28.9351
      vertex 94.9562 -40 -28.7276
      vertex 94.9562 -16 -28.7276
    endloop
  endfacet
  facet normal -0.634303 0 0.773085
    outer loop
      vertex 94.9562 -40 -28.7276
      vertex 94.7033 -16 -28.9351
      vertex 94.7033 -40 -28.9351
    endloop
  endfacet
  facet normal -0.227046 0 0.973884
    outer loop
      vertex 96.7059 -16 -27.8647
      vertex 97.0246 -40 -27.7904
      vertex 97.0246 -16 -27.7904
    endloop
  endfacet
  facet normal -0.227046 0 0.973884
    outer loop
      vertex 97.0246 -40 -27.7904
      vertex 96.7059 -16 -27.8647
      vertex 96.7059 -40 -27.8647
    endloop
  endfacet
  facet normal 0.848941 0 -0.528488
    outer loop
      vertex 102.33 -40 -35.1943
      vertex 102.157 -16 -35.4722
      vertex 102.33 -16 -35.1943
    endloop
  endfacet
  facet normal 0.848941 0 -0.528488
    outer loop
      vertex 102.157 -16 -35.4722
      vertex 102.33 -40 -35.1943
      vertex 102.157 -40 -35.4722
    endloop
  endfacet
  facet normal 0.974071 0 -0.226244
    outer loop
      vertex 102.904 -40 -33.6698
      vertex 102.83 -16 -33.9884
      vertex 102.904 -16 -33.6698
    endloop
  endfacet
  facet normal 0.974071 0 -0.226244
    outer loop
      vertex 102.83 -16 -33.9884
      vertex 102.904 -40 -33.6698
      vertex 102.83 -40 -33.9884
    endloop
  endfacet
  facet normal -0.227046 0 -0.973884
    outer loop
      vertex 96.7059 -40 -37.524
      vertex 97.0246 -16 -37.5983
      vertex 97.0246 -40 -37.5983
    endloop
  endfacet
  facet normal -0.227046 0 -0.973884
    outer loop
      vertex 97.0246 -16 -37.5983
      vertex 96.7059 -40 -37.524
      vertex 96.7059 -16 -37.524
    endloop
  endfacet
  facet normal -0.956922 0 -0.290347
    outer loop
      vertex 93.2654 -40 -34.3015
      vertex 93.1704 -16 -33.9884
      vertex 93.2654 -16 -34.3015
    endloop
  endfacet
  facet normal -0.956922 -0 -0.290347
    outer loop
      vertex 93.1704 -16 -33.9884
      vertex 93.2654 -40 -34.3015
      vertex 93.1704 -40 -33.9884
    endloop
  endfacet
  facet normal -0.995175 0 -0.0981116
    outer loop
      vertex 93.0428 -40 -33.347
      vertex 93.0107 -16 -33.0214
      vertex 93.0428 -16 -33.347
    endloop
  endfacet
  facet normal -0.995175 -0 -0.0981116
    outer loop
      vertex 93.0107 -16 -33.0214
      vertex 93.0428 -40 -33.347
      vertex 93.0107 -40 -33.0214
    endloop
  endfacet
  facet normal -0.999457 0 -0.0329388
    outer loop
      vertex 99.625 -40 -32.6943
      vertex 99.6215 -16 -32.5881
      vertex 99.625 -16 -32.6943
    endloop
  endfacet
  facet normal -0.999457 -0 -0.0329388
    outer loop
      vertex 99.6215 -16 -32.5881
      vertex 99.625 -40 -32.6943
      vertex 99.6215 -40 -32.5881
    endloop
  endfacet
  facet normal 0.999457 0 -0.0329388
    outer loop
      vertex 96.3785 -40 -32.5881
      vertex 96.375 -16 -32.6943
      vertex 96.3785 -16 -32.5881
    endloop
  endfacet
  facet normal 0.999457 0 -0.0329388
    outer loop
      vertex 96.375 -16 -32.6943
      vertex 96.3785 -40 -32.5881
      vertex 96.375 -40 -32.6943
    endloop
  endfacet
  facet normal -0.0329078 0 -0.999458
    outer loop
      vertex 98 -40 -31.0693
      vertex 98.1063 -16 -31.0728
      vertex 98.1063 -40 -31.0728
    endloop
  endfacet
  facet normal -0.0329078 0 -0.999458
    outer loop
      vertex 98.1063 -16 -31.0728
      vertex 98 -40 -31.0693
      vertex 98 -16 -31.0693
    endloop
  endfacet
  facet normal 0.0319686 0 0.999489
    outer loop
      vertex 97.8937 -16 -34.3159
      vertex 98 -40 -34.3193
      vertex 98 -16 -34.3193
    endloop
  endfacet
  facet normal 0.0319686 0 0.999489
    outer loop
      vertex 98 -40 -34.3193
      vertex 97.8937 -16 -34.3159
      vertex 97.8937 -40 -34.3159
    endloop
  endfacet
  facet normal -0.683691 0 -0.729772
    outer loop
      vertex 99.0714 -40 -31.4726
      vertex 99.149 -16 -31.5453
      vertex 99.149 -40 -31.5453
    endloop
  endfacet
  facet normal -0.683691 0 -0.729772
    outer loop
      vertex 99.149 -16 -31.5453
      vertex 99.0714 -40 -31.4726
      vertex 99.0714 -16 -31.4726
    endloop
  endfacet
  facet normal 0.683691 0 -0.729772
    outer loop
      vertex 96.851 -40 -31.5453
      vertex 96.9286 -16 -31.4726
      vertex 96.9286 -40 -31.4726
    endloop
  endfacet
  facet normal 0.683691 0 -0.729772
    outer loop
      vertex 96.9286 -16 -31.4726
      vertex 96.851 -40 -31.5453
      vertex 96.851 -16 -31.5453
    endloop
  endfacet
  facet normal 0.351535 0 -0.936175
    outer loop
      vertex 97.3781 -40 -31.193
      vertex 97.4777 -16 -31.1556
      vertex 97.4777 -40 -31.1556
    endloop
  endfacet
  facet normal 0.351535 0 -0.936175
    outer loop
      vertex 97.4777 -16 -31.1556
      vertex 97.3781 -40 -31.193
      vertex 97.3781 -16 -31.193
    endloop
  endfacet
  facet normal -0.910881 0 -0.412669
    outer loop
      vertex 99.5013 -40 -32.0725
      vertex 99.4574 -16 -31.9756
      vertex 99.5013 -16 -32.0725
    endloop
  endfacet
  facet normal -0.910881 -0 -0.412669
    outer loop
      vertex 99.4574 -16 -31.9756
      vertex 99.5013 -40 -32.0725
      vertex 99.4574 -40 -31.9756
    endloop
  endfacet
  facet normal -0.351535 0 -0.936175
    outer loop
      vertex 98.5223 -40 -31.1556
      vertex 98.6219 -16 -31.193
      vertex 98.6219 -40 -31.193
    endloop
  endfacet
  facet normal -0.351535 0 -0.936175
    outer loop
      vertex 98.6219 -16 -31.193
      vertex 98.5223 -40 -31.1556
      vertex 98.5223 -16 -31.1556
    endloop
  endfacet
  facet normal -0.528392 0 -0.849
    outer loop
      vertex 98.8125 -40 -31.287
      vertex 98.9028 -16 -31.3432
      vertex 98.9028 -40 -31.3432
    endloop
  endfacet
  facet normal -0.528392 0 -0.849
    outer loop
      vertex 98.9028 -16 -31.3432
      vertex 98.8125 -40 -31.287
      vertex 98.8125 -16 -31.287
    endloop
  endfacet
  facet normal 0.910881 0 -0.412669
    outer loop
      vertex 96.5426 -40 -31.9756
      vertex 96.4987 -16 -32.0725
      vertex 96.5426 -16 -31.9756
    endloop
  endfacet
  facet normal 0.910881 0 -0.412669
    outer loop
      vertex 96.4987 -16 -32.0725
      vertex 96.5426 -40 -31.9756
      vertex 96.4987 -40 -32.0725
    endloop
  endfacet
  facet normal 0.163636 0 -0.986521
    outer loop
      vertex 97.683 -40 -31.1006
      vertex 97.7879 -16 -31.0832
      vertex 97.7879 -40 -31.0832
    endloop
  endfacet
  facet normal 0.163636 0 -0.986521
    outer loop
      vertex 97.7879 -16 -31.0832
      vertex 97.683 -40 -31.1006
      vertex 97.683 -16 -31.1006
    endloop
  endfacet
  facet normal 0.729772 -0 0.683691
    outer loop
      vertex 96.7783 -40 -33.7658
      vertex 96.851 -16 -33.8434
      vertex 96.7783 -16 -33.7658
    endloop
  endfacet
  facet normal 0.729772 0 0.683691
    outer loop
      vertex 96.851 -16 -33.8434
      vertex 96.7783 -40 -33.7658
      vertex 96.851 -40 -33.8434
    endloop
  endfacet
  facet normal -0.973737 0 -0.227676
    outer loop
      vertex 99.5938 -40 -32.3773
      vertex 99.5696 -16 -32.2738
      vertex 99.5938 -16 -32.3773
    endloop
  endfacet
  facet normal -0.973737 -0 -0.227676
    outer loop
      vertex 99.5696 -16 -32.2738
      vertex 99.5938 -40 -32.3773
      vertex 99.5696 -40 -32.2738
    endloop
  endfacet
  facet normal -0.957151 0 -0.28959
    outer loop
      vertex 99.5696 -40 -32.2738
      vertex 99.5388 -16 -32.172
      vertex 99.5696 -16 -32.2738
    endloop
  endfacet
  facet normal -0.957151 -0 -0.28959
    outer loop
      vertex 99.5388 -16 -32.172
      vertex 99.5696 -40 -32.2738
      vertex 99.5388 -40 -32.172
    endloop
  endfacet
  facet normal -0.812906 0 -0.582395
    outer loop
      vertex 99.3511 -40 -31.7915
      vertex 99.2892 -16 -31.7051
      vertex 99.3511 -16 -31.7915
    endloop
  endfacet
  facet normal -0.812906 -0 -0.582395
    outer loop
      vertex 99.2892 -16 -31.7051
      vertex 99.3511 -40 -31.7915
      vertex 99.2892 -40 -31.7051
    endloop
  endfacet
  facet normal -0.772825 0 -0.634619
    outer loop
      vertex 99.2892 -40 -31.7051
      vertex 99.2217 -16 -31.6229
      vertex 99.2892 -16 -31.7051
    endloop
  endfacet
  facet normal -0.772825 -0 -0.634619
    outer loop
      vertex 99.2217 -16 -31.6229
      vertex 99.2892 -40 -31.7051
      vertex 99.2217 -40 -31.6229
    endloop
  endfacet
  facet normal -0.849 0 -0.528392
    outer loop
      vertex 99.4073 -40 -31.8818
      vertex 99.3511 -16 -31.7915
      vertex 99.4073 -16 -31.8818
    endloop
  endfacet
  facet normal -0.849 -0 -0.528392
    outer loop
      vertex 99.3511 -16 -31.7915
      vertex 99.4073 -40 -31.8818
      vertex 99.3511 -40 -31.7915
    endloop
  endfacet
  facet normal -0.226576 0 -0.973994
    outer loop
      vertex 98.317 -40 -31.1006
      vertex 98.4206 -16 -31.1247
      vertex 98.4206 -40 -31.1247
    endloop
  endfacet
  facet normal -0.226576 0 -0.973994
    outer loop
      vertex 98.4206 -16 -31.1247
      vertex 98.317 -40 -31.1006
      vertex 98.317 -16 -31.1006
    endloop
  endfacet
  facet normal -0.290712 0 -0.956811
    outer loop
      vertex 98.4206 -40 -31.1247
      vertex 98.5223 -16 -31.1556
      vertex 98.5223 -40 -31.1556
    endloop
  endfacet
  facet normal -0.290712 0 -0.956811
    outer loop
      vertex 98.5223 -16 -31.1556
      vertex 98.4206 -40 -31.1247
      vertex 98.4206 -16 -31.1247
    endloop
  endfacet
  facet normal -0.163636 0 -0.986521
    outer loop
      vertex 98.2121 -40 -31.0832
      vertex 98.317 -16 -31.1006
      vertex 98.317 -40 -31.1006
    endloop
  endfacet
  facet normal -0.163636 0 -0.986521
    outer loop
      vertex 98.317 -16 -31.1006
      vertex 98.2121 -40 -31.0832
      vertex 98.2121 -16 -31.0832
    endloop
  endfacet
  facet normal -0.413023 0 -0.910721
    outer loop
      vertex 98.6219 -40 -31.193
      vertex 98.7187 -16 -31.2369
      vertex 98.7187 -40 -31.2369
    endloop
  endfacet
  facet normal -0.413023 0 -0.910721
    outer loop
      vertex 98.7187 -16 -31.2369
      vertex 98.6219 -40 -31.193
      vertex 98.6219 -16 -31.193
    endloop
  endfacet
  facet normal -0.582395 0 -0.812906
    outer loop
      vertex 98.9028 -40 -31.3432
      vertex 98.9892 -16 -31.4051
      vertex 98.9892 -40 -31.4051
    endloop
  endfacet
  facet normal -0.582395 0 -0.812906
    outer loop
      vertex 98.9892 -16 -31.4051
      vertex 98.9028 -40 -31.3432
      vertex 98.9028 -16 -31.3432
    endloop
  endfacet
  facet normal 0.957151 0 -0.28959
    outer loop
      vertex 96.4612 -40 -32.172
      vertex 96.4304 -16 -32.2738
      vertex 96.4612 -16 -32.172
    endloop
  endfacet
  facet normal 0.957151 0 -0.28959
    outer loop
      vertex 96.4304 -16 -32.2738
      vertex 96.4612 -40 -32.172
      vertex 96.4304 -40 -32.2738
    endloop
  endfacet
  facet normal 0.772825 0 -0.634619
    outer loop
      vertex 96.7783 -40 -31.6229
      vertex 96.7108 -16 -31.7051
      vertex 96.7783 -16 -31.6229
    endloop
  endfacet
  facet normal 0.772825 0 -0.634619
    outer loop
      vertex 96.7108 -16 -31.7051
      vertex 96.7783 -40 -31.6229
      vertex 96.7108 -40 -31.7051
    endloop
  endfacet
  facet normal 0.729772 0 -0.683691
    outer loop
      vertex 96.851 -40 -31.5453
      vertex 96.7783 -16 -31.6229
      vertex 96.851 -16 -31.5453
    endloop
  endfacet
  facet normal 0.729772 0 -0.683691
    outer loop
      vertex 96.7783 -16 -31.6229
      vertex 96.851 -40 -31.5453
      vertex 96.7783 -40 -31.6229
    endloop
  endfacet
  facet normal 0.849 0 -0.528392
    outer loop
      vertex 96.6489 -40 -31.7915
      vertex 96.5927 -16 -31.8818
      vertex 96.6489 -16 -31.7915
    endloop
  endfacet
  facet normal 0.849 0 -0.528392
    outer loop
      vertex 96.5927 -16 -31.8818
      vertex 96.6489 -40 -31.7915
      vertex 96.5927 -40 -31.8818
    endloop
  endfacet
  facet normal 0.935748 0 -0.352669
    outer loop
      vertex 96.4987 -40 -32.0725
      vertex 96.4612 -16 -32.172
      vertex 96.4987 -16 -32.0725
    endloop
  endfacet
  facet normal 0.935748 0 -0.352669
    outer loop
      vertex 96.4612 -16 -32.172
      vertex 96.4987 -40 -32.0725
      vertex 96.4612 -40 -32.172
    endloop
  endfacet
  facet normal 0.986672 0 -0.162721
    outer loop
      vertex 96.4062 -40 -32.3773
      vertex 96.3889 -16 -32.4822
      vertex 96.4062 -16 -32.3773
    endloop
  endfacet
  facet normal 0.986672 0 -0.162721
    outer loop
      vertex 96.3889 -16 -32.4822
      vertex 96.4062 -40 -32.3773
      vertex 96.3889 -40 -32.4822
    endloop
  endfacet
  facet normal 0.528392 0 -0.849
    outer loop
      vertex 97.0972 -40 -31.3432
      vertex 97.1875 -16 -31.287
      vertex 97.1875 -40 -31.287
    endloop
  endfacet
  facet normal 0.528392 0 -0.849
    outer loop
      vertex 97.1875 -16 -31.287
      vertex 97.0972 -40 -31.3432
      vertex 97.0972 -16 -31.3432
    endloop
  endfacet
  facet normal 0.471125 0 -0.882066
    outer loop
      vertex 97.1875 -40 -31.287
      vertex 97.2813 -16 -31.2369
      vertex 97.2813 -40 -31.2369
    endloop
  endfacet
  facet normal 0.471125 0 -0.882066
    outer loop
      vertex 97.2813 -16 -31.2369
      vertex 97.1875 -40 -31.287
      vertex 97.1875 -16 -31.287
    endloop
  endfacet
  facet normal 0.634619 0 -0.772825
    outer loop
      vertex 96.9286 -40 -31.4726
      vertex 97.0108 -16 -31.4051
      vertex 97.0108 -40 -31.4051
    endloop
  endfacet
  facet normal 0.634619 0 -0.772825
    outer loop
      vertex 97.0108 -16 -31.4051
      vertex 96.9286 -40 -31.4726
      vertex 96.9286 -16 -31.4726
    endloop
  endfacet
  facet normal 0.290712 0 -0.956811
    outer loop
      vertex 97.4777 -40 -31.1556
      vertex 97.5794 -16 -31.1247
      vertex 97.5794 -40 -31.1247
    endloop
  endfacet
  facet normal 0.290712 0 -0.956811
    outer loop
      vertex 97.5794 -16 -31.1247
      vertex 97.4777 -40 -31.1556
      vertex 97.4777 -16 -31.1556
    endloop
  endfacet
  facet normal 0.0978272 0 -0.995203
    outer loop
      vertex 97.7879 -40 -31.0832
      vertex 97.8937 -16 -31.0728
      vertex 97.8937 -40 -31.0728
    endloop
  endfacet
  facet normal 0.0978272 0 -0.995203
    outer loop
      vertex 97.8937 -16 -31.0728
      vertex 97.7879 -40 -31.0832
      vertex 97.7879 -16 -31.0832
    endloop
  endfacet
  facet normal -0.729772 0 0.683691
    outer loop
      vertex 99.149 -40 -33.8434
      vertex 99.2217 -16 -33.7658
      vertex 99.149 -16 -33.8434
    endloop
  endfacet
  facet normal -0.729772 0 0.683691
    outer loop
      vertex 99.2217 -16 -33.7658
      vertex 99.149 -40 -33.8434
      vertex 99.2217 -40 -33.7658
    endloop
  endfacet
  facet normal -0.412242 0 0.911074
    outer loop
      vertex 98.6219 -16 -34.1956
      vertex 98.7187 -40 -34.1518
      vertex 98.7187 -16 -34.1518
    endloop
  endfacet
  facet normal -0.412242 0 0.911074
    outer loop
      vertex 98.7187 -40 -34.1518
      vertex 98.6219 -16 -34.1956
      vertex 98.6219 -40 -34.1956
    endloop
  endfacet
  facet normal -0.957151 0 0.28959
    outer loop
      vertex 99.5388 -40 -33.2167
      vertex 99.5696 -16 -33.1149
      vertex 99.5388 -16 -33.2167
    endloop
  endfacet
  facet normal -0.957151 0 0.28959
    outer loop
      vertex 99.5696 -16 -33.1149
      vertex 99.5388 -40 -33.2167
      vertex 99.5696 -40 -33.1149
    endloop
  endfacet
  facet normal 0.290712 0 0.956811
    outer loop
      vertex 97.4777 -16 -34.2331
      vertex 97.5794 -40 -34.264
      vertex 97.5794 -16 -34.264
    endloop
  endfacet
  facet normal 0.290712 0 0.956811
    outer loop
      vertex 97.5794 -40 -34.264
      vertex 97.4777 -16 -34.2331
      vertex 97.4777 -40 -34.2331
    endloop
  endfacet
  facet normal 0.634057 0 0.773286
    outer loop
      vertex 96.9286 -16 -33.9161
      vertex 97.0108 -40 -33.9835
      vertex 97.0108 -16 -33.9835
    endloop
  endfacet
  facet normal 0.634057 0 0.773286
    outer loop
      vertex 97.0108 -40 -33.9835
      vertex 96.9286 -16 -33.9161
      vertex 96.9286 -40 -33.9161
    endloop
  endfacet
  facet normal 0.683691 0 0.729772
    outer loop
      vertex 96.851 -16 -33.8434
      vertex 96.9286 -40 -33.9161
      vertex 96.9286 -16 -33.9161
    endloop
  endfacet
  facet normal 0.683691 0 0.729772
    outer loop
      vertex 96.9286 -40 -33.9161
      vertex 96.851 -16 -33.8434
      vertex 96.851 -40 -33.8434
    endloop
  endfacet
  facet normal 0.412242 0 0.911074
    outer loop
      vertex 97.2813 -16 -34.1518
      vertex 97.3781 -40 -34.1956
      vertex 97.3781 -16 -34.1956
    endloop
  endfacet
  facet normal 0.412242 0 0.911074
    outer loop
      vertex 97.3781 -40 -34.1956
      vertex 97.2813 -16 -34.1518
      vertex 97.2813 -40 -34.1518
    endloop
  endfacet
  facet normal 0.527714 0 0.849422
    outer loop
      vertex 97.0972 -16 -34.0455
      vertex 97.1875 -40 -34.1016
      vertex 97.1875 -16 -34.1016
    endloop
  endfacet
  facet normal 0.527714 0 0.849422
    outer loop
      vertex 97.1875 -40 -34.1016
      vertex 97.0972 -16 -34.0455
      vertex 97.0972 -40 -34.0455
    endloop
  endfacet
  facet normal 0.352359 0 0.935865
    outer loop
      vertex 97.3781 -16 -34.1956
      vertex 97.4777 -40 -34.2331
      vertex 97.4777 -16 -34.2331
    endloop
  endfacet
  facet normal 0.352359 0 0.935865
    outer loop
      vertex 97.4777 -40 -34.2331
      vertex 97.3781 -16 -34.1956
      vertex 97.3781 -40 -34.1956
    endloop
  endfacet
  facet normal 0.162721 0 0.986672
    outer loop
      vertex 97.683 -16 -34.2881
      vertex 97.7879 -40 -34.3054
      vertex 97.7879 -16 -34.3054
    endloop
  endfacet
  facet normal 0.162721 0 0.986672
    outer loop
      vertex 97.7879 -40 -34.3054
      vertex 97.683 -16 -34.2881
      vertex 97.683 -40 -34.2881
    endloop
  endfacet
  facet normal 0.849 -0 0.528392
    outer loop
      vertex 96.5927 -40 -33.5068
      vertex 96.6489 -16 -33.5971
      vertex 96.5927 -16 -33.5068
    endloop
  endfacet
  facet normal 0.849 0 0.528392
    outer loop
      vertex 96.6489 -16 -33.5971
      vertex 96.5927 -40 -33.5068
      vertex 96.6489 -40 -33.5971
    endloop
  endfacet
  facet normal 0.935748 -0 0.352669
    outer loop
      vertex 96.4612 -40 -33.2167
      vertex 96.4987 -16 -33.3162
      vertex 96.4612 -16 -33.2167
    endloop
  endfacet
  facet normal 0.935748 0 0.352669
    outer loop
      vertex 96.4987 -16 -33.3162
      vertex 96.4612 -40 -33.2167
      vertex 96.4987 -40 -33.3162
    endloop
  endfacet
  facet normal -0.986672 0 -0.162721
    outer loop
      vertex 99.6111 -40 -32.4822
      vertex 99.5938 -16 -32.3773
      vertex 99.6111 -16 -32.4822
    endloop
  endfacet
  facet normal -0.986672 -0 -0.162721
    outer loop
      vertex 99.5938 -16 -32.3773
      vertex 99.6111 -40 -32.4822
      vertex 99.5938 -40 -32.3773
    endloop
  endfacet
  facet normal -0.995212 0 -0.0977357
    outer loop
      vertex 99.6215 -40 -32.5881
      vertex 99.6111 -16 -32.4822
      vertex 99.6215 -16 -32.5881
    endloop
  endfacet
  facet normal -0.995212 -0 -0.0977357
    outer loop
      vertex 99.6111 -16 -32.4822
      vertex 99.6215 -40 -32.5881
      vertex 99.6111 -40 -32.4822
    endloop
  endfacet
  facet normal -0.935748 0 -0.352669
    outer loop
      vertex 99.5388 -40 -32.172
      vertex 99.5013 -16 -32.0725
      vertex 99.5388 -16 -32.172
    endloop
  endfacet
  facet normal -0.935748 -0 -0.352669
    outer loop
      vertex 99.5013 -16 -32.0725
      vertex 99.5388 -40 -32.172
      vertex 99.5013 -40 -32.0725
    endloop
  endfacet
  facet normal -0.729772 0 -0.683691
    outer loop
      vertex 99.2217 -40 -31.6229
      vertex 99.149 -16 -31.5453
      vertex 99.2217 -16 -31.6229
    endloop
  endfacet
  facet normal -0.729772 -0 -0.683691
    outer loop
      vertex 99.149 -16 -31.5453
      vertex 99.2217 -40 -31.6229
      vertex 99.149 -40 -31.5453
    endloop
  endfacet
  facet normal -0.882066 0 -0.471125
    outer loop
      vertex 99.4574 -40 -31.9756
      vertex 99.4073 -16 -31.8818
      vertex 99.4574 -16 -31.9756
    endloop
  endfacet
  facet normal -0.882066 -0 -0.471125
    outer loop
      vertex 99.4073 -16 -31.8818
      vertex 99.4574 -40 -31.9756
      vertex 99.4073 -40 -31.8818
    endloop
  endfacet
  facet normal -0.0978272 0 -0.995203
    outer loop
      vertex 98.1063 -40 -31.0728
      vertex 98.2121 -16 -31.0832
      vertex 98.2121 -40 -31.0832
    endloop
  endfacet
  facet normal -0.0978272 0 -0.995203
    outer loop
      vertex 98.2121 -16 -31.0832
      vertex 98.1063 -40 -31.0728
      vertex 98.1063 -16 -31.0728
    endloop
  endfacet
  facet normal -0.471125 0 -0.882066
    outer loop
      vertex 98.7187 -40 -31.2369
      vertex 98.8125 -16 -31.287
      vertex 98.8125 -40 -31.287
    endloop
  endfacet
  facet normal -0.471125 0 -0.882066
    outer loop
      vertex 98.8125 -16 -31.287
      vertex 98.7187 -40 -31.2369
      vertex 98.7187 -16 -31.2369
    endloop
  endfacet
  facet normal -0.634619 0 -0.772825
    outer loop
      vertex 98.9892 -40 -31.4051
      vertex 99.0714 -16 -31.4726
      vertex 99.0714 -40 -31.4726
    endloop
  endfacet
  facet normal -0.634619 0 -0.772825
    outer loop
      vertex 99.0714 -16 -31.4726
      vertex 98.9892 -40 -31.4051
      vertex 98.9892 -16 -31.4051
    endloop
  endfacet
  facet normal 0.812906 0 -0.582395
    outer loop
      vertex 96.7108 -40 -31.7051
      vertex 96.6489 -16 -31.7915
      vertex 96.7108 -16 -31.7051
    endloop
  endfacet
  facet normal 0.812906 0 -0.582395
    outer loop
      vertex 96.6489 -16 -31.7915
      vertex 96.7108 -40 -31.7051
      vertex 96.6489 -40 -31.7915
    endloop
  endfacet
  facet normal 0.973737 0 -0.227676
    outer loop
      vertex 96.4304 -40 -32.2738
      vertex 96.4062 -16 -32.3773
      vertex 96.4304 -16 -32.2738
    endloop
  endfacet
  facet normal 0.973737 0 -0.227676
    outer loop
      vertex 96.4062 -16 -32.3773
      vertex 96.4304 -40 -32.2738
      vertex 96.4062 -40 -32.3773
    endloop
  endfacet
  facet normal 0.995212 0 -0.0977357
    outer loop
      vertex 96.3889 -40 -32.4822
      vertex 96.3785 -16 -32.5881
      vertex 96.3889 -16 -32.4822
    endloop
  endfacet
  facet normal 0.995212 0 -0.0977357
    outer loop
      vertex 96.3785 -16 -32.5881
      vertex 96.3889 -40 -32.4822
      vertex 96.3785 -40 -32.5881
    endloop
  endfacet
  facet normal 0.0329078 0 -0.999458
    outer loop
      vertex 97.8937 -40 -31.0728
      vertex 98 -16 -31.0693
      vertex 98 -40 -31.0693
    endloop
  endfacet
  facet normal 0.0329078 0 -0.999458
    outer loop
      vertex 98 -16 -31.0693
      vertex 97.8937 -40 -31.0728
      vertex 97.8937 -16 -31.0728
    endloop
  endfacet
  facet normal -0.0319686 0 0.999489
    outer loop
      vertex 98 -16 -34.3193
      vertex 98.1063 -40 -34.3159
      vertex 98.1063 -16 -34.3159
    endloop
  endfacet
  facet normal -0.0319686 0 0.999489
    outer loop
      vertex 98.1063 -40 -34.3159
      vertex 98 -16 -34.3193
      vertex 98 -40 -34.3193
    endloop
  endfacet
  facet normal -0.162721 0 0.986672
    outer loop
      vertex 98.2121 -16 -34.3054
      vertex 98.317 -40 -34.2881
      vertex 98.317 -16 -34.2881
    endloop
  endfacet
  facet normal -0.162721 0 0.986672
    outer loop
      vertex 98.317 -40 -34.2881
      vertex 98.2121 -16 -34.3054
      vertex 98.2121 -40 -34.3054
    endloop
  endfacet
  facet normal -0.226576 0 0.973994
    outer loop
      vertex 98.317 -16 -34.2881
      vertex 98.4206 -40 -34.264
      vertex 98.4206 -16 -34.264
    endloop
  endfacet
  facet normal -0.226576 0 0.973994
    outer loop
      vertex 98.4206 -40 -34.264
      vertex 98.317 -16 -34.2881
      vertex 98.317 -40 -34.2881
    endloop
  endfacet
  facet normal -0.352359 0 0.935865
    outer loop
      vertex 98.5223 -16 -34.2331
      vertex 98.6219 -40 -34.1956
      vertex 98.6219 -16 -34.1956
    endloop
  endfacet
  facet normal -0.352359 0 0.935865
    outer loop
      vertex 98.6219 -40 -34.1956
      vertex 98.5223 -16 -34.2331
      vertex 98.5223 -40 -34.2331
    endloop
  endfacet
  facet normal -0.290712 0 0.956811
    outer loop
      vertex 98.4206 -16 -34.264
      vertex 98.5223 -40 -34.2331
      vertex 98.5223 -16 -34.2331
    endloop
  endfacet
  facet normal -0.290712 0 0.956811
    outer loop
      vertex 98.5223 -40 -34.2331
      vertex 98.4206 -16 -34.264
      vertex 98.4206 -40 -34.264
    endloop
  endfacet
  facet normal -0.634057 0 0.773286
    outer loop
      vertex 98.9892 -16 -33.9835
      vertex 99.0714 -40 -33.9161
      vertex 99.0714 -16 -33.9161
    endloop
  endfacet
  facet normal -0.634057 0 0.773286
    outer loop
      vertex 99.0714 -40 -33.9161
      vertex 98.9892 -16 -33.9835
      vertex 98.9892 -40 -33.9835
    endloop
  endfacet
  facet normal -0.583016 0 0.812461
    outer loop
      vertex 98.9028 -16 -34.0455
      vertex 98.9892 -40 -33.9835
      vertex 98.9892 -16 -33.9835
    endloop
  endfacet
  facet normal -0.583016 0 0.812461
    outer loop
      vertex 98.9892 -40 -33.9835
      vertex 98.9028 -16 -34.0455
      vertex 98.9028 -40 -34.0455
    endloop
  endfacet
  facet normal -0.683691 0 0.729772
    outer loop
      vertex 99.0714 -16 -33.9161
      vertex 99.149 -40 -33.8434
      vertex 99.149 -16 -33.8434
    endloop
  endfacet
  facet normal -0.683691 0 0.729772
    outer loop
      vertex 99.149 -40 -33.8434
      vertex 99.0714 -16 -33.9161
      vertex 99.0714 -40 -33.9161
    endloop
  endfacet
  facet normal -0.527714 0 0.849422
    outer loop
      vertex 98.8125 -16 -34.1016
      vertex 98.9028 -40 -34.0455
      vertex 98.9028 -16 -34.0455
    endloop
  endfacet
  facet normal -0.527714 0 0.849422
    outer loop
      vertex 98.9028 -40 -34.0455
      vertex 98.8125 -16 -34.1016
      vertex 98.8125 -40 -34.1016
    endloop
  endfacet
  facet normal -0.471856 0 0.881676
    outer loop
      vertex 98.7187 -16 -34.1518
      vertex 98.8125 -40 -34.1016
      vertex 98.8125 -16 -34.1016
    endloop
  endfacet
  facet normal -0.471856 0 0.881676
    outer loop
      vertex 98.8125 -40 -34.1016
      vertex 98.7187 -16 -34.1518
      vertex 98.7187 -40 -34.1518
    endloop
  endfacet
  facet normal -0.849 0 0.528392
    outer loop
      vertex 99.3511 -40 -33.5971
      vertex 99.4073 -16 -33.5068
      vertex 99.3511 -16 -33.5971
    endloop
  endfacet
  facet normal -0.849 0 0.528392
    outer loop
      vertex 99.4073 -16 -33.5068
      vertex 99.3511 -40 -33.5971
      vertex 99.4073 -40 -33.5068
    endloop
  endfacet
  facet normal -0.772825 0 0.634619
    outer loop
      vertex 99.2217 -40 -33.7658
      vertex 99.2892 -16 -33.6836
      vertex 99.2217 -16 -33.7658
    endloop
  endfacet
  facet normal -0.772825 0 0.634619
    outer loop
      vertex 99.2892 -16 -33.6836
      vertex 99.2217 -40 -33.7658
      vertex 99.2892 -40 -33.6836
    endloop
  endfacet
  facet normal -0.813225 0 0.581949
    outer loop
      vertex 99.2892 -40 -33.6836
      vertex 99.3511 -16 -33.5971
      vertex 99.2892 -16 -33.6836
    endloop
  endfacet
  facet normal -0.813225 0 0.581949
    outer loop
      vertex 99.3511 -16 -33.5971
      vertex 99.2892 -40 -33.6836
      vertex 99.3511 -40 -33.5971
    endloop
  endfacet
  facet normal -0.881857 0 0.471516
    outer loop
      vertex 99.4073 -40 -33.5068
      vertex 99.4574 -16 -33.4131
      vertex 99.4073 -16 -33.5068
    endloop
  endfacet
  facet normal -0.881857 0 0.471516
    outer loop
      vertex 99.4574 -16 -33.4131
      vertex 99.4073 -40 -33.5068
      vertex 99.4574 -40 -33.4131
    endloop
  endfacet
  facet normal -0.935748 0 0.352669
    outer loop
      vertex 99.5013 -40 -33.3162
      vertex 99.5388 -16 -33.2167
      vertex 99.5013 -16 -33.3162
    endloop
  endfacet
  facet normal -0.935748 0 0.352669
    outer loop
      vertex 99.5388 -16 -33.2167
      vertex 99.5013 -40 -33.3162
      vertex 99.5388 -40 -33.2167
    endloop
  endfacet
  facet normal -0.910881 0 0.412669
    outer loop
      vertex 99.4574 -40 -33.4131
      vertex 99.5013 -16 -33.3162
      vertex 99.4574 -16 -33.4131
    endloop
  endfacet
  facet normal -0.910881 0 0.412669
    outer loop
      vertex 99.5013 -16 -33.3162
      vertex 99.4574 -40 -33.4131
      vertex 99.5013 -40 -33.3162
    endloop
  endfacet
  facet normal -0.986697 0 0.16257
    outer loop
      vertex 99.5938 -40 -33.0114
      vertex 99.6111 -16 -32.9064
      vertex 99.5938 -16 -33.0114
    endloop
  endfacet
  facet normal -0.986697 0 0.16257
    outer loop
      vertex 99.6111 -16 -32.9064
      vertex 99.5938 -40 -33.0114
      vertex 99.6111 -40 -32.9064
    endloop
  endfacet
  facet normal -0.973737 0 0.227676
    outer loop
      vertex 99.5696 -40 -33.1149
      vertex 99.5938 -16 -33.0114
      vertex 99.5696 -16 -33.1149
    endloop
  endfacet
  facet normal -0.973737 0 0.227676
    outer loop
      vertex 99.5938 -16 -33.0114
      vertex 99.5696 -40 -33.1149
      vertex 99.5938 -40 -33.0114
    endloop
  endfacet
  facet normal 0.471856 0 0.881676
    outer loop
      vertex 97.1875 -16 -34.1016
      vertex 97.2813 -40 -34.1518
      vertex 97.2813 -16 -34.1518
    endloop
  endfacet
  facet normal 0.471856 0 0.881676
    outer loop
      vertex 97.2813 -40 -34.1518
      vertex 97.1875 -16 -34.1016
      vertex 97.1875 -40 -34.1016
    endloop
  endfacet
  facet normal 0.0987587 0 0.995111
    outer loop
      vertex 97.7879 -16 -34.3054
      vertex 97.8937 -40 -34.3159
      vertex 97.8937 -16 -34.3159
    endloop
  endfacet
  facet normal 0.0987587 0 0.995111
    outer loop
      vertex 97.8937 -40 -34.3159
      vertex 97.7879 -16 -34.3054
      vertex 97.7879 -40 -34.3054
    endloop
  endfacet
  facet normal 0.910881 -0 0.412669
    outer loop
      vertex 96.4987 -40 -33.3162
      vertex 96.5426 -16 -33.4131
      vertex 96.4987 -16 -33.3162
    endloop
  endfacet
  facet normal 0.910881 0 0.412669
    outer loop
      vertex 96.5426 -16 -33.4131
      vertex 96.4987 -40 -33.3162
      vertex 96.5426 -40 -33.4131
    endloop
  endfacet
  facet normal 0.881857 -0 0.471516
    outer loop
      vertex 96.5426 -40 -33.4131
      vertex 96.5927 -16 -33.5068
      vertex 96.5426 -16 -33.4131
    endloop
  endfacet
  facet normal 0.881857 0 0.471516
    outer loop
      vertex 96.5927 -16 -33.5068
      vertex 96.5426 -40 -33.4131
      vertex 96.5927 -40 -33.5068
    endloop
  endfacet
  facet normal 0.813225 -0 0.581949
    outer loop
      vertex 96.6489 -40 -33.5971
      vertex 96.7108 -16 -33.6836
      vertex 96.6489 -16 -33.5971
    endloop
  endfacet
  facet normal 0.813225 0 0.581949
    outer loop
      vertex 96.7108 -16 -33.6836
      vertex 96.6489 -40 -33.5971
      vertex 96.7108 -40 -33.6836
    endloop
  endfacet
  facet normal 0.973737 -0 0.227676
    outer loop
      vertex 96.4062 -40 -33.0114
      vertex 96.4304 -16 -33.1149
      vertex 96.4062 -16 -33.0114
    endloop
  endfacet
  facet normal 0.973737 0 0.227676
    outer loop
      vertex 96.4304 -16 -33.1149
      vertex 96.4062 -40 -33.0114
      vertex 96.4304 -40 -33.1149
    endloop
  endfacet
  facet normal 0.986697 -0 0.16257
    outer loop
      vertex 96.3889 -40 -32.9064
      vertex 96.4062 -16 -33.0114
      vertex 96.3889 -16 -32.9064
    endloop
  endfacet
  facet normal 0.986697 0 0.16257
    outer loop
      vertex 96.4062 -16 -33.0114
      vertex 96.3889 -40 -32.9064
      vertex 96.4062 -40 -33.0114
    endloop
  endfacet
  facet normal 0.999458 -0 0.0329078
    outer loop
      vertex 96.375 -40 -32.6943
      vertex 96.3785 -16 -32.8006
      vertex 96.375 -16 -32.6943
    endloop
  endfacet
  facet normal 0.999458 0 0.0329078
    outer loop
      vertex 96.3785 -16 -32.8006
      vertex 96.375 -40 -32.6943
      vertex 96.3785 -40 -32.8006
    endloop
  endfacet
  facet normal 0.882066 0 -0.471125
    outer loop
      vertex 96.5927 -40 -31.8818
      vertex 96.5426 -16 -31.9756
      vertex 96.5927 -16 -31.8818
    endloop
  endfacet
  facet normal 0.882066 0 -0.471125
    outer loop
      vertex 96.5426 -16 -31.9756
      vertex 96.5927 -40 -31.8818
      vertex 96.5426 -40 -31.9756
    endloop
  endfacet
  facet normal 0.413023 0 -0.910721
    outer loop
      vertex 97.2813 -40 -31.2369
      vertex 97.3781 -16 -31.193
      vertex 97.3781 -40 -31.193
    endloop
  endfacet
  facet normal 0.413023 0 -0.910721
    outer loop
      vertex 97.3781 -16 -31.193
      vertex 97.2813 -40 -31.2369
      vertex 97.2813 -16 -31.2369
    endloop
  endfacet
  facet normal 0.582395 0 -0.812906
    outer loop
      vertex 97.0108 -40 -31.4051
      vertex 97.0972 -16 -31.3432
      vertex 97.0972 -40 -31.3432
    endloop
  endfacet
  facet normal 0.582395 0 -0.812906
    outer loop
      vertex 97.0972 -16 -31.3432
      vertex 97.0108 -40 -31.4051
      vertex 97.0108 -16 -31.4051
    endloop
  endfacet
  facet normal 0.226576 0 -0.973994
    outer loop
      vertex 97.5794 -40 -31.1247
      vertex 97.683 -16 -31.1006
      vertex 97.683 -40 -31.1006
    endloop
  endfacet
  facet normal 0.226576 0 -0.973994
    outer loop
      vertex 97.683 -16 -31.1006
      vertex 97.5794 -40 -31.1247
      vertex 97.5794 -16 -31.1247
    endloop
  endfacet
  facet normal -0.0987587 0 0.995111
    outer loop
      vertex 98.1063 -16 -34.3159
      vertex 98.2121 -40 -34.3054
      vertex 98.2121 -16 -34.3054
    endloop
  endfacet
  facet normal -0.0987587 0 0.995111
    outer loop
      vertex 98.2121 -40 -34.3054
      vertex 98.1063 -16 -34.3159
      vertex 98.1063 -40 -34.3159
    endloop
  endfacet
  facet normal -0.995203 0 0.0978272
    outer loop
      vertex 99.6111 -40 -32.9064
      vertex 99.6215 -16 -32.8006
      vertex 99.6111 -16 -32.9064
    endloop
  endfacet
  facet normal -0.995203 0 0.0978272
    outer loop
      vertex 99.6215 -16 -32.8006
      vertex 99.6111 -40 -32.9064
      vertex 99.6215 -40 -32.8006
    endloop
  endfacet
  facet normal 0.583016 0 0.812461
    outer loop
      vertex 97.0108 -16 -33.9835
      vertex 97.0972 -40 -34.0455
      vertex 97.0972 -16 -34.0455
    endloop
  endfacet
  facet normal 0.583016 0 0.812461
    outer loop
      vertex 97.0972 -40 -34.0455
      vertex 97.0108 -16 -33.9835
      vertex 97.0108 -40 -33.9835
    endloop
  endfacet
  facet normal 0.226576 0 0.973994
    outer loop
      vertex 97.5794 -16 -34.264
      vertex 97.683 -40 -34.2881
      vertex 97.683 -16 -34.2881
    endloop
  endfacet
  facet normal 0.226576 0 0.973994
    outer loop
      vertex 97.683 -40 -34.2881
      vertex 97.5794 -16 -34.264
      vertex 97.5794 -40 -34.264
    endloop
  endfacet
  facet normal 0.772825 -0 0.634619
    outer loop
      vertex 96.7108 -40 -33.6836
      vertex 96.7783 -16 -33.7658
      vertex 96.7108 -16 -33.6836
    endloop
  endfacet
  facet normal 0.772825 0 0.634619
    outer loop
      vertex 96.7783 -16 -33.7658
      vertex 96.7108 -40 -33.6836
      vertex 96.7783 -40 -33.7658
    endloop
  endfacet
  facet normal 0.957151 -0 0.28959
    outer loop
      vertex 96.4304 -40 -33.1149
      vertex 96.4612 -16 -33.2167
      vertex 96.4304 -16 -33.1149
    endloop
  endfacet
  facet normal 0.957151 0 0.28959
    outer loop
      vertex 96.4612 -16 -33.2167
      vertex 96.4304 -40 -33.1149
      vertex 96.4612 -40 -33.2167
    endloop
  endfacet
  facet normal 0.995203 -0 0.0978272
    outer loop
      vertex 96.3785 -40 -32.8006
      vertex 96.3889 -16 -32.9064
      vertex 96.3785 -16 -32.8006
    endloop
  endfacet
  facet normal 0.995203 0 0.0978272
    outer loop
      vertex 96.3889 -16 -32.9064
      vertex 96.3785 -40 -32.8006
      vertex 96.3889 -40 -32.9064
    endloop
  endfacet
  facet normal -0.999458 0 0.0329078
    outer loop
      vertex 99.6215 -40 -32.8006
      vertex 99.625 -16 -32.6943
      vertex 99.6215 -16 -32.8006
    endloop
  endfacet
  facet normal -0.999458 0 0.0329078
    outer loop
      vertex 99.625 -16 -32.6943
      vertex 99.6215 -40 -32.8006
      vertex 99.625 -40 -32.6943
    endloop
  endfacet
  facet normal 0.999435 -0 0.0336201
    outer loop
      vertex 102.989 -40 69.1572
      vertex 103 -16 68.8302
      vertex 102.989 -16 69.1572
    endloop
  endfacet
  facet normal 0.999435 0 0.0336201
    outer loop
      vertex 103 -16 68.8302
      vertex 102.989 -40 69.1572
      vertex 103 -40 68.8302
    endloop
  endfacet
  facet normal -0.999465 0 0.0327042
    outer loop
      vertex 93 -40 68.8302
      vertex 93.0107 -16 69.1572
      vertex 93 -16 68.8302
    endloop
  endfacet
  facet normal -0.999465 0 0.0327042
    outer loop
      vertex 93.0107 -16 69.1572
      vertex 93 -40 68.8302
      vertex 93.0107 -40 69.1572
    endloop
  endfacet
  facet normal 0.0327042 0 0.999465
    outer loop
      vertex 98 -16 73.8302
      vertex 98.327 -40 73.8195
      vertex 98.327 -16 73.8195
    endloop
  endfacet
  facet normal 0.0327042 0 0.999465
    outer loop
      vertex 98.327 -40 73.8195
      vertex 98 -16 73.8302
      vertex 98 -40 73.8302
    endloop
  endfacet
  facet normal 0.730872 -0 0.682515
    outer loop
      vertex 101.536 -40 72.3657
      vertex 101.759 -16 72.1269
      vertex 101.536 -16 72.3657
    endloop
  endfacet
  facet normal 0.730872 0 0.682515
    outer loop
      vertex 101.759 -16 72.1269
      vertex 101.536 -40 72.3657
      vertex 101.759 -40 72.1269
    endloop
  endfacet
  facet normal -0.683656 0 0.729804
    outer loop
      vertex 94.4645 -16 72.3657
      vertex 94.7033 -40 72.5894
      vertex 94.7033 -16 72.5894
    endloop
  endfacet
  facet normal -0.683656 0 0.729804
    outer loop
      vertex 94.7033 -40 72.5894
      vertex 94.4645 -16 72.3657
      vertex 94.4645 -40 72.3657
    endloop
  endfacet
  facet normal -0.352128 0 0.935952
    outer loop
      vertex 96.0866 -16 73.4496
      vertex 96.3928 -40 73.5648
      vertex 96.3928 -16 73.5648
    endloop
  endfacet
  facet normal -0.352128 0 0.935952
    outer loop
      vertex 96.3928 -40 73.5648
      vertex 96.0866 -16 73.4496
      vertex 96.0866 -40 73.4496
    endloop
  endfacet
  facet normal 0.910889 -0 0.412651
    outer loop
      vertex 102.484 -40 71.0416
      vertex 102.619 -16 70.7436
      vertex 102.484 -16 71.0416
    endloop
  endfacet
  facet normal 0.910889 0 0.412651
    outer loop
      vertex 102.619 -16 70.7436
      vertex 102.484 -40 71.0416
      vertex 102.619 -40 70.7436
    endloop
  endfacet
  facet normal 0.413111 0 0.910681
    outer loop
      vertex 99.9134 -16 73.4496
      vertex 100.211 -40 73.3146
      vertex 100.211 -16 73.3146
    endloop
  endfacet
  facet normal 0.413111 0 0.910681
    outer loop
      vertex 100.211 -40 73.3146
      vertex 99.9134 -16 73.4496
      vertex 99.9134 -40 73.4496
    endloop
  endfacet
  facet normal 0.58225 0 0.81301
    outer loop
      vertex 100.778 -16 72.9875
      vertex 101.044 -40 72.797
      vertex 101.044 -16 72.797
    endloop
  endfacet
  facet normal 0.58225 0 0.81301
    outer loop
      vertex 101.044 -40 72.797
      vertex 100.778 -16 72.9875
      vertex 100.778 -40 72.9875
    endloop
  endfacet
  facet normal -0.910889 0 0.412651
    outer loop
      vertex 93.3806 -40 70.7436
      vertex 93.5156 -16 71.0416
      vertex 93.3806 -16 70.7436
    endloop
  endfacet
  facet normal -0.910889 0 0.412651
    outer loop
      vertex 93.5156 -16 71.0416
      vertex 93.3806 -40 70.7436
      vertex 93.5156 -40 71.0416
    endloop
  endfacet
  facet normal -0.772935 0 0.634485
    outer loop
      vertex 94.0332 -40 71.874
      vertex 94.2408 -16 72.1269
      vertex 94.0332 -16 71.874
    endloop
  endfacet
  facet normal -0.772935 0 0.634485
    outer loop
      vertex 94.2408 -16 72.1269
      vertex 94.0332 -40 71.874
      vertex 94.2408 -40 72.1269
    endloop
  endfacet
  facet normal -0.162912 0 0.986641
    outer loop
      vertex 97.0246 -16 73.7341
      vertex 97.3474 -40 73.7874
      vertex 97.3474 -16 73.7874
    endloop
  endfacet
  facet normal -0.162912 0 0.986641
    outer loop
      vertex 97.3474 -40 73.7874
      vertex 97.0246 -16 73.7341
      vertex 97.0246 -40 73.7341
    endloop
  endfacet
  facet normal 0.956922 0 -0.290347
    outer loop
      vertex 102.83 -40 67.5361
      vertex 102.735 -16 67.223
      vertex 102.83 -16 67.5361
    endloop
  endfacet
  facet normal 0.956922 0 -0.290347
    outer loop
      vertex 102.735 -16 67.223
      vertex 102.83 -40 67.5361
      vertex 102.735 -40 67.223
    endloop
  endfacet
  facet normal -0.772935 0 -0.634485
    outer loop
      vertex 94.2408 -40 65.5335
      vertex 94.0332 -16 65.7864
      vertex 94.2408 -16 65.5335
    endloop
  endfacet
  facet normal -0.772935 -0 -0.634485
    outer loop
      vertex 94.0332 -16 65.7864
      vertex 94.2408 -40 65.5335
      vertex 94.0332 -40 65.7864
    endloop
  endfacet
  facet normal -0.935952 0 -0.352128
    outer loop
      vertex 93.3806 -40 66.9168
      vertex 93.2654 -16 67.223
      vertex 93.3806 -16 66.9168
    endloop
  endfacet
  facet normal -0.935952 -0 -0.352128
    outer loop
      vertex 93.2654 -16 67.223
      vertex 93.3806 -40 66.9168
      vertex 93.2654 -40 67.223
    endloop
  endfacet
  facet normal 0.986788 -0 0.162019
    outer loop
      vertex 102.904 -40 69.8056
      vertex 102.957 -16 69.4828
      vertex 102.904 -16 69.8056
    endloop
  endfacet
  facet normal 0.986788 0 0.162019
    outer loop
      vertex 102.957 -16 69.4828
      vertex 102.904 -40 69.8056
      vertex 102.957 -40 69.4828
    endloop
  endfacet
  facet normal 0.995205 -0 0.0978089
    outer loop
      vertex 102.957 -40 69.4828
      vertex 102.989 -16 69.1572
      vertex 102.957 -16 69.4828
    endloop
  endfacet
  facet normal 0.995205 0 0.0978089
    outer loop
      vertex 102.989 -16 69.1572
      vertex 102.957 -40 69.4828
      vertex 102.989 -40 69.1572
    endloop
  endfacet
  facet normal 0.956922 -0 0.290347
    outer loop
      vertex 102.735 -40 70.4374
      vertex 102.83 -16 70.1243
      vertex 102.735 -16 70.4374
    endloop
  endfacet
  facet normal 0.956922 0 0.290347
    outer loop
      vertex 102.83 -16 70.1243
      vertex 102.735 -40 70.4374
      vertex 102.83 -40 70.1243
    endloop
  endfacet
  facet normal 0.848856 -0 0.528625
    outer loop
      vertex 102.157 -40 71.608
      vertex 102.33 -16 71.3302
      vertex 102.157 -16 71.608
    endloop
  endfacet
  facet normal 0.848856 0 0.528625
    outer loop
      vertex 102.33 -16 71.3302
      vertex 102.157 -40 71.608
      vertex 102.33 -40 71.3302
    endloop
  endfacet
  facet normal 0.813733 -0 0.581238
    outer loop
      vertex 101.967 -40 71.874
      vertex 102.157 -16 71.608
      vertex 101.967 -16 71.874
    endloop
  endfacet
  facet normal 0.813733 0 0.581238
    outer loop
      vertex 102.157 -16 71.608
      vertex 101.967 -40 71.874
      vertex 102.157 -40 71.608
    endloop
  endfacet
  facet normal 0.882251 -0 0.470779
    outer loop
      vertex 102.33 -40 71.3302
      vertex 102.484 -16 71.0416
      vertex 102.33 -16 71.3302
    endloop
  endfacet
  facet normal 0.882251 0 0.470779
    outer loop
      vertex 102.484 -16 71.0416
      vertex 102.33 -40 71.3302
      vertex 102.484 -40 71.0416
    endloop
  endfacet
  facet normal 0.290347 0 0.956922
    outer loop
      vertex 99.2941 -16 73.6598
      vertex 99.6072 -40 73.5648
      vertex 99.6072 -16 73.5648
    endloop
  endfacet
  facet normal 0.290347 0 0.956922
    outer loop
      vertex 99.6072 -40 73.5648
      vertex 99.2941 -16 73.6598
      vertex 99.2941 -40 73.6598
    endloop
  endfacet
  facet normal 0.352128 0 0.935952
    outer loop
      vertex 99.6072 -16 73.5648
      vertex 99.9134 -40 73.4496
      vertex 99.9134 -16 73.4496
    endloop
  endfacet
  facet normal 0.352128 0 0.935952
    outer loop
      vertex 99.9134 -40 73.4496
      vertex 99.6072 -16 73.5648
      vertex 99.6072 -40 73.5648
    endloop
  endfacet
  facet normal 0.162912 0 0.986641
    outer loop
      vertex 98.6526 -16 73.7874
      vertex 98.9754 -40 73.7341
      vertex 98.9754 -16 73.7341
    endloop
  endfacet
  facet normal 0.162912 0 0.986641
    outer loop
      vertex 98.9754 -40 73.7341
      vertex 98.6526 -16 73.7874
      vertex 98.6526 -40 73.7874
    endloop
  endfacet
  facet normal 0.52791 0 0.8493
    outer loop
      vertex 100.5 -16 73.1603
      vertex 100.778 -40 72.9875
      vertex 100.778 -16 72.9875
    endloop
  endfacet
  facet normal 0.52791 0 0.8493
    outer loop
      vertex 100.778 -40 72.9875
      vertex 100.5 -16 73.1603
      vertex 100.5 -40 73.1603
    endloop
  endfacet
  facet normal 0.683352 0 0.730089
    outer loop
      vertex 101.297 -16 72.5894
      vertex 101.536 -40 72.3657
      vertex 101.536 -16 72.3657
    endloop
  endfacet
  facet normal 0.683352 0 0.730089
    outer loop
      vertex 101.536 -40 72.3657
      vertex 101.297 -16 72.5894
      vertex 101.297 -40 72.5894
    endloop
  endfacet
  facet normal -0.956922 0 0.290347
    outer loop
      vertex 93.1704 -40 70.1243
      vertex 93.2654 -16 70.4374
      vertex 93.1704 -16 70.1243
    endloop
  endfacet
  facet normal -0.956922 0 0.290347
    outer loop
      vertex 93.2654 -16 70.4374
      vertex 93.1704 -40 70.1243
      vertex 93.2654 -40 70.4374
    endloop
  endfacet
  facet normal -0.81301 0 0.58225
    outer loop
      vertex 93.8427 -40 71.608
      vertex 94.0332 -16 71.874
      vertex 93.8427 -16 71.608
    endloop
  endfacet
  facet normal -0.81301 0 0.58225
    outer loop
      vertex 94.0332 -16 71.874
      vertex 93.8427 -40 71.608
      vertex 94.0332 -40 71.874
    endloop
  endfacet
  facet normal -0.84913 0 0.528184
    outer loop
      vertex 93.6699 -40 71.3302
      vertex 93.8427 -16 71.608
      vertex 93.6699 -16 71.3302
    endloop
  endfacet
  facet normal -0.84913 0 0.528184
    outer loop
      vertex 93.8427 -16 71.608
      vertex 93.6699 -40 71.3302
      vertex 93.8427 -40 71.608
    endloop
  endfacet
  facet normal -0.935952 0 0.352128
    outer loop
      vertex 93.2654 -40 70.4374
      vertex 93.3806 -16 70.7436
      vertex 93.2654 -16 70.4374
    endloop
  endfacet
  facet normal -0.935952 0 0.352128
    outer loop
      vertex 93.3806 -16 70.7436
      vertex 93.2654 -40 70.4374
      vertex 93.3806 -40 70.7436
    endloop
  endfacet
  facet normal -0.986641 0 0.162912
    outer loop
      vertex 93.0428 -40 69.4828
      vertex 93.0961 -16 69.8056
      vertex 93.0428 -16 69.4828
    endloop
  endfacet
  facet normal -0.986641 0 0.162912
    outer loop
      vertex 93.0961 -16 69.8056
      vertex 93.0428 -40 69.4828
      vertex 93.0961 -40 69.8056
    endloop
  endfacet
  facet normal -0.528184 0 0.84913
    outer loop
      vertex 95.2222 -16 72.9875
      vertex 95.5 -40 73.1603
      vertex 95.5 -16 73.1603
    endloop
  endfacet
  facet normal -0.528184 0 0.84913
    outer loop
      vertex 95.5 -40 73.1603
      vertex 95.2222 -16 72.9875
      vertex 95.2222 -40 72.9875
    endloop
  endfacet
  facet normal -0.471492 0 0.88187
    outer loop
      vertex 95.5 -16 73.1603
      vertex 95.7886 -40 73.3146
      vertex 95.7886 -16 73.3146
    endloop
  endfacet
  facet normal -0.471492 0 0.88187
    outer loop
      vertex 95.7886 -40 73.3146
      vertex 95.5 -16 73.1603
      vertex 95.5 -40 73.1603
    endloop
  endfacet
  facet normal -0.58225 0 0.81301
    outer loop
      vertex 94.9562 -16 72.797
      vertex 95.2222 -40 72.9875
      vertex 95.2222 -16 72.9875
    endloop
  endfacet
  facet normal -0.58225 0 0.81301
    outer loop
      vertex 95.2222 -40 72.9875
      vertex 94.9562 -16 72.797
      vertex 94.9562 -40 72.797
    endloop
  endfacet
  facet normal -0.290347 0 0.956922
    outer loop
      vertex 96.3928 -16 73.5648
      vertex 96.7059 -40 73.6598
      vertex 96.7059 -16 73.6598
    endloop
  endfacet
  facet normal -0.290347 0 0.956922
    outer loop
      vertex 96.7059 -40 73.6598
      vertex 96.3928 -16 73.5648
      vertex 96.3928 -40 73.5648
    endloop
  endfacet
  facet normal -0.0327042 0 0.999465
    outer loop
      vertex 97.673 -16 73.8195
      vertex 98 -40 73.8302
      vertex 98 -16 73.8302
    endloop
  endfacet
  facet normal -0.0327042 0 0.999465
    outer loop
      vertex 98 -40 73.8302
      vertex 97.673 -16 73.8195
      vertex 97.673 -40 73.8195
    endloop
  endfacet
  facet normal 0.582452 0 -0.812865
    outer loop
      vertex 100.778 -40 64.6728
      vertex 101.044 -16 64.8634
      vertex 101.044 -40 64.8634
    endloop
  endfacet
  facet normal 0.582452 0 -0.812865
    outer loop
      vertex 101.044 -16 64.8634
      vertex 100.778 -40 64.6728
      vertex 100.778 -16 64.6728
    endloop
  endfacet
  facet normal 0.683352 0 -0.730089
    outer loop
      vertex 101.297 -40 65.071
      vertex 101.536 -16 65.2947
      vertex 101.536 -40 65.2947
    endloop
  endfacet
  facet normal 0.683352 0 -0.730089
    outer loop
      vertex 101.536 -16 65.2947
      vertex 101.297 -40 65.071
      vertex 101.297 -16 65.071
    endloop
  endfacet
  facet normal 0.413111 0 -0.910681
    outer loop
      vertex 99.9134 -40 64.2108
      vertex 100.211 -16 64.3458
      vertex 100.211 -40 64.3458
    endloop
  endfacet
  facet normal 0.413111 0 -0.910681
    outer loop
      vertex 100.211 -16 64.3458
      vertex 99.9134 -40 64.2108
      vertex 99.9134 -16 64.2108
    endloop
  endfacet
  facet normal 0.81363 0 -0.581383
    outer loop
      vertex 102.157 -40 66.0523
      vertex 101.967 -16 65.7864
      vertex 102.157 -16 66.0523
    endloop
  endfacet
  facet normal 0.81363 0 -0.581383
    outer loop
      vertex 101.967 -16 65.7864
      vertex 102.157 -40 66.0523
      vertex 101.967 -40 65.7864
    endloop
  endfacet
  facet normal 0.935144 0 -0.354268
    outer loop
      vertex 102.735 -40 67.223
      vertex 102.619 -16 66.9168
      vertex 102.735 -16 67.223
    endloop
  endfacet
  facet normal 0.935144 0 -0.354268
    outer loop
      vertex 102.619 -16 66.9168
      vertex 102.735 -40 67.223
      vertex 102.619 -40 66.9168
    endloop
  endfacet
  facet normal 0.882184 0 -0.470906
    outer loop
      vertex 102.484 -40 66.6187
      vertex 102.33 -16 66.3302
      vertex 102.484 -16 66.6187
    endloop
  endfacet
  facet normal 0.882184 0 -0.470906
    outer loop
      vertex 102.33 -16 66.3302
      vertex 102.484 -40 66.6187
      vertex 102.33 -40 66.3302
    endloop
  endfacet
  facet normal 0.999435 0 -0.0336201
    outer loop
      vertex 103 -40 68.8302
      vertex 102.989 -16 68.5032
      vertex 103 -16 68.8302
    endloop
  endfacet
  facet normal 0.999435 0 -0.0336201
    outer loop
      vertex 102.989 -16 68.5032
      vertex 103 -40 68.8302
      vertex 102.989 -40 68.5032
    endloop
  endfacet
  facet normal -0.290067 0 -0.957006
    outer loop
      vertex 96.3928 -40 64.0955
      vertex 96.7059 -16 64.0006
      vertex 96.7059 -40 64.0006
    endloop
  endfacet
  facet normal -0.290067 0 -0.957006
    outer loop
      vertex 96.7059 -16 64.0006
      vertex 96.3928 -40 64.0955
      vertex 96.3928 -16 64.0955
    endloop
  endfacet
  facet normal -0.412651 0 -0.910889
    outer loop
      vertex 95.7886 -40 64.3458
      vertex 96.0866 -16 64.2108
      vertex 96.0866 -40 64.2108
    endloop
  endfacet
  facet normal -0.412651 0 -0.910889
    outer loop
      vertex 96.0866 -16 64.2108
      vertex 95.7886 -40 64.3458
      vertex 95.7886 -16 64.3458
    endloop
  endfacet
  facet normal -0.527964 0 -0.849267
    outer loop
      vertex 95.2222 -40 64.6728
      vertex 95.5 -16 64.5001
      vertex 95.5 -40 64.5001
    endloop
  endfacet
  facet normal -0.527964 0 -0.849267
    outer loop
      vertex 95.5 -16 64.5001
      vertex 95.2222 -40 64.6728
      vertex 95.2222 -16 64.6728
    endloop
  endfacet
  facet normal -0.352396 0 -0.935851
    outer loop
      vertex 96.0866 -40 64.2108
      vertex 96.3928 -16 64.0955
      vertex 96.3928 -40 64.0955
    endloop
  endfacet
  facet normal -0.352396 0 -0.935851
    outer loop
      vertex 96.3928 -16 64.0955
      vertex 96.0866 -40 64.2108
      vertex 96.0866 -16 64.2108
    endloop
  endfacet
  facet normal -0.162912 0 -0.986641
    outer loop
      vertex 97.0246 -40 63.9263
      vertex 97.3474 -16 63.873
      vertex 97.3474 -40 63.873
    endloop
  endfacet
  facet normal -0.162912 0 -0.986641
    outer loop
      vertex 97.3474 -16 63.873
      vertex 97.0246 -40 63.9263
      vertex 97.0246 -16 63.9263
    endloop
  endfacet
  facet normal -0.0327042 0 -0.999465
    outer loop
      vertex 97.673 -40 63.8409
      vertex 98 -16 63.8302
      vertex 98 -40 63.8302
    endloop
  endfacet
  facet normal -0.0327042 0 -0.999465
    outer loop
      vertex 98 -16 63.8302
      vertex 97.673 -40 63.8409
      vertex 97.673 -16 63.8409
    endloop
  endfacet
  facet normal -0.849215 0 -0.528047
    outer loop
      vertex 93.8427 -40 66.0523
      vertex 93.6699 -16 66.3302
      vertex 93.8427 -16 66.0523
    endloop
  endfacet
  facet normal -0.849215 -0 -0.528047
    outer loop
      vertex 93.6699 -16 66.3302
      vertex 93.8427 -40 66.0523
      vertex 93.6699 -40 66.3302
    endloop
  endfacet
  facet normal -0.812906 0 -0.582394
    outer loop
      vertex 94.0332 -40 65.7864
      vertex 93.8427 -16 66.0523
      vertex 94.0332 -16 65.7864
    endloop
  endfacet
  facet normal -0.812906 -0 -0.582394
    outer loop
      vertex 93.8427 -16 66.0523
      vertex 94.0332 -40 65.7864
      vertex 93.8427 -40 66.0523
    endloop
  endfacet
  facet normal 0 1 0
    outer loop
      vertex 98 -16 70.4552
      vertex 98 -16 73.8302
      vertex 98.327 -16 73.8195
    endloop
  endfacet
  facet normal 0 1 0
    outer loop
      vertex 98.1063 -16 70.4517
      vertex 98.327 -16 73.8195
      vertex 98.6526 -16 73.7874
    endloop
  endfacet
  facet normal 0 1 0
    outer loop
      vertex 98 -16 73.8302
      vertex 98 -16 70.4552
      vertex 97.673 -16 73.8195
    endloop
  endfacet
  facet normal 0 1 0
    outer loop
      vertex 98.2121 -16 70.4413
      vertex 98.6526 -16 73.7874
      vertex 98.9754 -16 73.7341
    endloop
  endfacet
  facet normal 0 1 -0
    outer loop
      vertex 97.8937 -16 70.4517
      vertex 97.673 -16 73.8195
      vertex 98 -16 70.4552
    endloop
  endfacet
  facet normal 0 1 0
    outer loop
      vertex 98.317 -16 70.424
      vertex 98.9754 -16 73.7341
      vertex 99.2941 -16 73.6598
    endloop
  endfacet
  facet normal 0 1 0
    outer loop
      vertex 97.673 -16 73.8195
      vertex 97.8937 -16 70.4517
      vertex 97.3474 -16 73.7874
    endloop
  endfacet
  facet normal 0 1 0
    outer loop
      vertex 98.4206 -16 70.3998
      vertex 99.2941 -16 73.6598
      vertex 99.6072 -16 73.5648
    endloop
  endfacet
  facet normal 0 1 -0
    outer loop
      vertex 97.7879 -16 70.4413
      vertex 97.3474 -16 73.7874
      vertex 97.8937 -16 70.4517
    endloop
  endfacet
  facet normal 0 1 0
    outer loop
      vertex 98.5223 -16 70.3689
      vertex 99.6072 -16 73.5648
      vertex 99.9134 -16 73.4496
    endloop
  endfacet
  facet normal 0 1 0
    outer loop
      vertex 97.3474 -16 73.7874
      vertex 97.7879 -16 70.4413
      vertex 97.0246 -16 73.7341
    endloop
  endfacet
  facet normal 0 1 0
    outer loop
      vertex 98.6219 -16 70.3315
      vertex 99.9134 -16 73.4496
      vertex 100.211 -16 73.3146
    endloop
  endfacet
  facet normal 0 1 -0
    outer loop
      vertex 97.683 -16 70.424
      vertex 97.0246 -16 73.7341
      vertex 97.7879 -16 70.4413
    endloop
  endfacet
  facet normal 0 1 0
    outer loop
      vertex 98.7187 -16 70.2876
      vertex 100.211 -16 73.3146
      vertex 100.5 -16 73.1603
    endloop
  endfacet
  facet normal 0 1 0
    outer loop
      vertex 97.0246 -16 73.7341
      vertex 97.683 -16 70.424
      vertex 96.7059 -16 73.6598
    endloop
  endfacet
  facet normal 0 1 0
    outer loop
      vertex 98.8125 -16 70.2375
      vertex 100.5 -16 73.1603
      vertex 100.778 -16 72.9875
    endloop
  endfacet
  facet normal 0 1 -0
    outer loop
      vertex 97.5794 -16 70.3998
      vertex 96.7059 -16 73.6598
      vertex 97.683 -16 70.424
    endloop
  endfacet
  facet normal 0 1 0
    outer loop
      vertex 98.9028 -16 70.1813
      vertex 100.778 -16 72.9875
      vertex 101.044 -16 72.797
    endloop
  endfacet
  facet normal 0 1 0
    outer loop
      vertex 96.7059 -16 73.6598
      vertex 97.5794 -16 70.3998
      vertex 96.3928 -16 73.5648
    endloop
  endfacet
  facet normal 0 1 0
    outer loop
      vertex 98.9892 -16 70.1194
      vertex 101.044 -16 72.797
      vertex 101.297 -16 72.5894
    endloop
  endfacet
  facet normal 0 1 -0
    outer loop
      vertex 97.4777 -16 70.3689
      vertex 96.3928 -16 73.5648
      vertex 97.5794 -16 70.3998
    endloop
  endfacet
  facet normal 0 1 0
    outer loop
      vertex 99.0714 -16 70.0519
      vertex 101.297 -16 72.5894
      vertex 101.536 -16 72.3657
    endloop
  endfacet
  facet normal 0 1 0
    outer loop
      vertex 96.3928 -16 73.5648
      vertex 97.4777 -16 70.3689
      vertex 96.0866 -16 73.4496
    endloop
  endfacet
  facet normal 0 1 0
    outer loop
      vertex 99.149 -16 69.9792
      vertex 101.536 -16 72.3657
      vertex 101.759 -16 72.1269
    endloop
  endfacet
  facet normal 0 1 -0
    outer loop
      vertex 97.3781 -16 70.3315
      vertex 96.0866 -16 73.4496
      vertex 97.4777 -16 70.3689
    endloop
  endfacet
  facet normal 0 1 0
    outer loop
      vertex 99.2217 -16 69.9016
      vertex 101.759 -16 72.1269
      vertex 101.967 -16 71.874
    endloop
  endfacet
  facet normal 0 1 0
    outer loop
      vertex 96.0866 -16 73.4496
      vertex 97.3781 -16 70.3315
      vertex 95.7886 -16 73.3146
    endloop
  endfacet
  facet normal 0 1 0
    outer loop
      vertex 99.2892 -16 69.8194
      vertex 101.967 -16 71.874
      vertex 102.157 -16 71.608
    endloop
  endfacet
  facet normal 0 1 -0
    outer loop
      vertex 97.2813 -16 70.2876
      vertex 95.7886 -16 73.3146
      vertex 97.3781 -16 70.3315
    endloop
  endfacet
  facet normal 0 1 0
    outer loop
      vertex 99.3511 -16 69.733
      vertex 102.157 -16 71.608
      vertex 102.33 -16 71.3302
    endloop
  endfacet
  facet normal 0 1 0
    outer loop
      vertex 95.7886 -16 73.3146
      vertex 97.2813 -16 70.2876
      vertex 95.5 -16 73.1603
    endloop
  endfacet
  facet normal 0 1 0
    outer loop
      vertex 99.4073 -16 69.6427
      vertex 102.33 -16 71.3302
      vertex 102.484 -16 71.0416
    endloop
  endfacet
  facet normal 0 1 -0
    outer loop
      vertex 97.1875 -16 70.2375
      vertex 95.5 -16 73.1603
      vertex 97.2813 -16 70.2876
    endloop
  endfacet
  facet normal 0 1 0
    outer loop
      vertex 99.4574 -16 69.5489
      vertex 102.484 -16 71.0416
      vertex 102.619 -16 70.7436
    endloop
  endfacet
  facet normal 0 1 0
    outer loop
      vertex 95.5 -16 73.1603
      vertex 97.1875 -16 70.2375
      vertex 95.2222 -16 72.9875
    endloop
  endfacet
  facet normal 0 1 -0
    outer loop
      vertex 97.0972 -16 70.1813
      vertex 95.2222 -16 72.9875
      vertex 97.1875 -16 70.2375
    endloop
  endfacet
  facet normal 0 1 0
    outer loop
      vertex 98.327 -16 73.8195
      vertex 98.1063 -16 70.4517
      vertex 98 -16 70.4552
    endloop
  endfacet
  facet normal 0 1 0
    outer loop
      vertex 98.6526 -16 73.7874
      vertex 98.2121 -16 70.4413
      vertex 98.1063 -16 70.4517
    endloop
  endfacet
  facet normal 0 1 0
    outer loop
      vertex 99.5013 -16 69.452
      vertex 102.619 -16 70.7436
      vertex 102.735 -16 70.4374
    endloop
  endfacet
  facet normal 0 1 0
    outer loop
      vertex 98.9754 -16 73.7341
      vertex 98.317 -16 70.424
      vertex 98.2121 -16 70.4413
    endloop
  endfacet
  facet normal 0 1 0
    outer loop
      vertex 99.2941 -16 73.6598
      vertex 98.4206 -16 70.3998
      vertex 98.317 -16 70.424
    endloop
  endfacet
  facet normal 0 1 0
    outer loop
      vertex 99.6072 -16 73.5648
      vertex 98.5223 -16 70.3689
      vertex 98.4206 -16 70.3998
    endloop
  endfacet
  facet normal 0 1 0
    outer loop
      vertex 99.9134 -16 73.4496
      vertex 98.6219 -16 70.3315
      vertex 98.5223 -16 70.3689
    endloop
  endfacet
  facet normal 0 1 0
    outer loop
      vertex 100.211 -16 73.3146
      vertex 98.7187 -16 70.2876
      vertex 98.6219 -16 70.3315
    endloop
  endfacet
  facet normal 0 1 0
    outer loop
      vertex 100.5 -16 73.1603
      vertex 98.8125 -16 70.2375
      vertex 98.7187 -16 70.2876
    endloop
  endfacet
  facet normal 0 1 0
    outer loop
      vertex 100.778 -16 72.9875
      vertex 98.9028 -16 70.1813
      vertex 98.8125 -16 70.2375
    endloop
  endfacet
  facet normal 0 1 0
    outer loop
      vertex 99.5388 -16 69.3525
      vertex 102.735 -16 70.4374
      vertex 102.83 -16 70.1243
    endloop
  endfacet
  facet normal 0 1 0
    outer loop
      vertex 101.044 -16 72.797
      vertex 98.9892 -16 70.1194
      vertex 98.9028 -16 70.1813
    endloop
  endfacet
  facet normal 0 1 0
    outer loop
      vertex 101.297 -16 72.5894
      vertex 99.0714 -16 70.0519
      vertex 98.9892 -16 70.1194
    endloop
  endfacet
  facet normal 0 1 0
    outer loop
      vertex 101.536 -16 72.3657
      vertex 99.149 -16 69.9792
      vertex 99.0714 -16 70.0519
    endloop
  endfacet
  facet normal 0 1 0
    outer loop
      vertex 101.759 -16 72.1269
      vertex 99.2217 -16 69.9016
      vertex 99.149 -16 69.9792
    endloop
  endfacet
  facet normal 0 1 0
    outer loop
      vertex 101.967 -16 71.874
      vertex 99.2892 -16 69.8194
      vertex 99.2217 -16 69.9016
    endloop
  endfacet
  facet normal 0 1 0
    outer loop
      vertex 99.5696 -16 69.2508
      vertex 102.83 -16 70.1243
      vertex 102.904 -16 69.8056
    endloop
  endfacet
  facet normal 0 1 0
    outer loop
      vertex 102.157 -16 71.608
      vertex 99.3511 -16 69.733
      vertex 99.2892 -16 69.8194
    endloop
  endfacet
  facet normal 0 1 0
    outer loop
      vertex 102.33 -16 71.3302
      vertex 99.4073 -16 69.6427
      vertex 99.3511 -16 69.733
    endloop
  endfacet
  facet normal 0 1 0
    outer loop
      vertex 102.484 -16 71.0416
      vertex 99.4574 -16 69.5489
      vertex 99.4073 -16 69.6427
    endloop
  endfacet
  facet normal 0 1 0
    outer loop
      vertex 99.5938 -16 69.1472
      vertex 102.904 -16 69.8056
      vertex 102.957 -16 69.4828
    endloop
  endfacet
  facet normal 0 1 0
    outer loop
      vertex 102.619 -16 70.7436
      vertex 99.5013 -16 69.452
      vertex 99.4574 -16 69.5489
    endloop
  endfacet
  facet normal 0 1 0
    outer loop
      vertex 102.735 -16 70.4374
      vertex 99.5388 -16 69.3525
      vertex 99.5013 -16 69.452
    endloop
  endfacet
  facet normal 0 1 0
    outer loop
      vertex 102.83 -16 70.1243
      vertex 99.5696 -16 69.2508
      vertex 99.5388 -16 69.3525
    endloop
  endfacet
  facet normal 0 1 0
    outer loop
      vertex 99.6111 -16 69.0423
      vertex 102.957 -16 69.4828
      vertex 102.989 -16 69.1572
    endloop
  endfacet
  facet normal 0 1 0
    outer loop
      vertex 102.904 -16 69.8056
      vertex 99.5938 -16 69.1472
      vertex 99.5696 -16 69.2508
    endloop
  endfacet
  facet normal 0 1 0
    outer loop
      vertex 102.957 -16 69.4828
      vertex 99.6111 -16 69.0423
      vertex 99.5938 -16 69.1472
    endloop
  endfacet
  facet normal 0 1 0
    outer loop
      vertex 102.989 -16 69.1572
      vertex 99.6215 -16 68.9365
      vertex 99.6111 -16 69.0423
    endloop
  endfacet
  facet normal 0 1 0
    outer loop
      vertex 103 -16 68.8302
      vertex 99.6215 -16 68.9365
      vertex 102.989 -16 69.1572
    endloop
  endfacet
  facet normal 0 1 0
    outer loop
      vertex 103 -16 68.8302
      vertex 99.625 -16 68.8302
      vertex 99.6215 -16 68.9365
    endloop
  endfacet
  facet normal 0 1 0
    outer loop
      vertex 103 -16 68.8302
      vertex 99.6215 -16 68.7239
      vertex 99.625 -16 68.8302
    endloop
  endfacet
  facet normal 0 1 -0
    outer loop
      vertex 102.989 -16 68.5032
      vertex 99.6215 -16 68.7239
      vertex 103 -16 68.8302
    endloop
  endfacet
  facet normal 0 1 0
    outer loop
      vertex 99.6215 -16 68.7239
      vertex 102.989 -16 68.5032
      vertex 99.6111 -16 68.6181
    endloop
  endfacet
  facet normal 0 1 -0
    outer loop
      vertex 102.957 -16 68.1776
      vertex 99.6111 -16 68.6181
      vertex 102.989 -16 68.5032
    endloop
  endfacet
  facet normal 0 1 0
    outer loop
      vertex 99.6111 -16 68.6181
      vertex 102.957 -16 68.1776
      vertex 99.5938 -16 68.5132
    endloop
  endfacet
  facet normal 0 1 -0
    outer loop
      vertex 102.904 -16 67.8547
      vertex 99.5938 -16 68.5132
      vertex 102.957 -16 68.1776
    endloop
  endfacet
  facet normal 0 1 0
    outer loop
      vertex 99.5938 -16 68.5132
      vertex 102.904 -16 67.8547
      vertex 99.5696 -16 68.4096
    endloop
  endfacet
  facet normal 0 1 -0
    outer loop
      vertex 102.83 -16 67.5361
      vertex 99.5696 -16 68.4096
      vertex 102.904 -16 67.8547
    endloop
  endfacet
  facet normal 0 1 0
    outer loop
      vertex 99.5696 -16 68.4096
      vertex 102.83 -16 67.5361
      vertex 99.5388 -16 68.3078
    endloop
  endfacet
  facet normal 0 1 -0
    outer loop
      vertex 102.735 -16 67.223
      vertex 99.5388 -16 68.3078
      vertex 102.83 -16 67.5361
    endloop
  endfacet
  facet normal 0 1 0
    outer loop
      vertex 99.5388 -16 68.3078
      vertex 102.735 -16 67.223
      vertex 99.5013 -16 68.2083
    endloop
  endfacet
  facet normal 0 1 -0
    outer loop
      vertex 102.619 -16 66.9168
      vertex 99.5013 -16 68.2083
      vertex 102.735 -16 67.223
    endloop
  endfacet
  facet normal 0 1 0
    outer loop
      vertex 99.5013 -16 68.2083
      vertex 102.619 -16 66.9168
      vertex 99.4574 -16 68.1115
    endloop
  endfacet
  facet normal 0 1 -0
    outer loop
      vertex 102.484 -16 66.6187
      vertex 99.4574 -16 68.1115
      vertex 102.619 -16 66.9168
    endloop
  endfacet
  facet normal 0 1 0
    outer loop
      vertex 99.4574 -16 68.1115
      vertex 102.484 -16 66.6187
      vertex 99.4073 -16 68.0177
    endloop
  endfacet
  facet normal 0 1 -0
    outer loop
      vertex 102.33 -16 66.3302
      vertex 99.4073 -16 68.0177
      vertex 102.484 -16 66.6187
    endloop
  endfacet
  facet normal 0 1 0
    outer loop
      vertex 99.4073 -16 68.0177
      vertex 102.33 -16 66.3302
      vertex 99.3511 -16 67.9274
    endloop
  endfacet
  facet normal 0 1 -0
    outer loop
      vertex 102.157 -16 66.0523
      vertex 99.3511 -16 67.9274
      vertex 102.33 -16 66.3302
    endloop
  endfacet
  facet normal 0 1 0
    outer loop
      vertex 99.3511 -16 67.9274
      vertex 102.157 -16 66.0523
      vertex 99.2892 -16 67.841
    endloop
  endfacet
  facet normal 0 1 -0
    outer loop
      vertex 101.967 -16 65.7864
      vertex 99.2892 -16 67.841
      vertex 102.157 -16 66.0523
    endloop
  endfacet
  facet normal 0 1 0
    outer loop
      vertex 99.2892 -16 67.841
      vertex 101.967 -16 65.7864
      vertex 99.2217 -16 67.7588
    endloop
  endfacet
  facet normal 0 1 -0
    outer loop
      vertex 101.759 -16 65.5335
      vertex 99.2217 -16 67.7588
      vertex 101.967 -16 65.7864
    endloop
  endfacet
  facet normal 0 1 0
    outer loop
      vertex 99.2217 -16 67.7588
      vertex 101.759 -16 65.5335
      vertex 99.149 -16 67.6811
    endloop
  endfacet
  facet normal 0 1 -0
    outer loop
      vertex 101.536 -16 65.2947
      vertex 99.149 -16 67.6811
      vertex 101.759 -16 65.5335
    endloop
  endfacet
  facet normal 0 1 0
    outer loop
      vertex 99.149 -16 67.6811
      vertex 101.536 -16 65.2947
      vertex 99.0714 -16 67.6085
    endloop
  endfacet
  facet normal 0 1 -0
    outer loop
      vertex 101.297 -16 65.071
      vertex 99.0714 -16 67.6085
      vertex 101.536 -16 65.2947
    endloop
  endfacet
  facet normal 0 1 0
    outer loop
      vertex 99.0714 -16 67.6085
      vertex 101.297 -16 65.071
      vertex 98.9892 -16 67.541
    endloop
  endfacet
  facet normal 0 1 -0
    outer loop
      vertex 101.044 -16 64.8634
      vertex 98.9892 -16 67.541
      vertex 101.297 -16 65.071
    endloop
  endfacet
  facet normal 0 1 0
    outer loop
      vertex 98.9892 -16 67.541
      vertex 101.044 -16 64.8634
      vertex 98.9028 -16 67.479
    endloop
  endfacet
  facet normal 0 1 -0
    outer loop
      vertex 100.778 -16 64.6728
      vertex 98.9028 -16 67.479
      vertex 101.044 -16 64.8634
    endloop
  endfacet
  facet normal 0 1 0
    outer loop
      vertex 95.2222 -16 72.9875
      vertex 97.0972 -16 70.1813
      vertex 94.9562 -16 72.797
    endloop
  endfacet
  facet normal 0 1 -0
    outer loop
      vertex 97.0108 -16 70.1194
      vertex 94.9562 -16 72.797
      vertex 97.0972 -16 70.1813
    endloop
  endfacet
  facet normal 0 1 0
    outer loop
      vertex 94.9562 -16 72.797
      vertex 97.0108 -16 70.1194
      vertex 94.7033 -16 72.5894
    endloop
  endfacet
  facet normal 0 1 -0
    outer loop
      vertex 96.9286 -16 70.0519
      vertex 94.7033 -16 72.5894
      vertex 97.0108 -16 70.1194
    endloop
  endfacet
  facet normal 0 1 0
    outer loop
      vertex 94.7033 -16 72.5894
      vertex 96.9286 -16 70.0519
      vertex 94.4645 -16 72.3657
    endloop
  endfacet
  facet normal 0 1 -0
    outer loop
      vertex 96.851 -16 69.9792
      vertex 94.4645 -16 72.3657
      vertex 96.9286 -16 70.0519
    endloop
  endfacet
  facet normal 0 1 0
    outer loop
      vertex 94.4645 -16 72.3657
      vertex 96.851 -16 69.9792
      vertex 94.2408 -16 72.1269
    endloop
  endfacet
  facet normal 0 1 -0
    outer loop
      vertex 96.7783 -16 69.9016
      vertex 94.2408 -16 72.1269
      vertex 96.851 -16 69.9792
    endloop
  endfacet
  facet normal 0 1 0
    outer loop
      vertex 94.2408 -16 72.1269
      vertex 96.7783 -16 69.9016
      vertex 94.0332 -16 71.874
    endloop
  endfacet
  facet normal 0 1 -0
    outer loop
      vertex 96.7108 -16 69.8194
      vertex 94.0332 -16 71.874
      vertex 96.7783 -16 69.9016
    endloop
  endfacet
  facet normal 0 1 0
    outer loop
      vertex 94.0332 -16 71.874
      vertex 96.7108 -16 69.8194
      vertex 93.8427 -16 71.608
    endloop
  endfacet
  facet normal 0 1 -0
    outer loop
      vertex 96.6489 -16 69.733
      vertex 93.8427 -16 71.608
      vertex 96.7108 -16 69.8194
    endloop
  endfacet
  facet normal 0 1 0
    outer loop
      vertex 93.8427 -16 71.608
      vertex 96.6489 -16 69.733
      vertex 93.6699 -16 71.3302
    endloop
  endfacet
  facet normal 0 1 -0
    outer loop
      vertex 96.5927 -16 69.6427
      vertex 93.6699 -16 71.3302
      vertex 96.6489 -16 69.733
    endloop
  endfacet
  facet normal 0 1 0
    outer loop
      vertex 93.6699 -16 71.3302
      vertex 96.5927 -16 69.6427
      vertex 93.5156 -16 71.0416
    endloop
  endfacet
  facet normal 0 1 -0
    outer loop
      vertex 96.5426 -16 69.5489
      vertex 93.5156 -16 71.0416
      vertex 96.5927 -16 69.6427
    endloop
  endfacet
  facet normal 0 1 0
    outer loop
      vertex 93.5156 -16 71.0416
      vertex 96.5426 -16 69.5489
      vertex 93.3806 -16 70.7436
    endloop
  endfacet
  facet normal 0 1 -0
    outer loop
      vertex 96.4987 -16 69.452
      vertex 93.3806 -16 70.7436
      vertex 96.5426 -16 69.5489
    endloop
  endfacet
  facet normal 0 1 0
    outer loop
      vertex 93.3806 -16 70.7436
      vertex 96.4987 -16 69.452
      vertex 93.2654 -16 70.4374
    endloop
  endfacet
  facet normal 0 1 -0
    outer loop
      vertex 96.4612 -16 69.3525
      vertex 93.2654 -16 70.4374
      vertex 96.4987 -16 69.452
    endloop
  endfacet
  facet normal 0 1 0
    outer loop
      vertex 93.2654 -16 70.4374
      vertex 96.4612 -16 69.3525
      vertex 93.1704 -16 70.1243
    endloop
  endfacet
  facet normal 0 1 -0
    outer loop
      vertex 96.4304 -16 69.2508
      vertex 93.1704 -16 70.1243
      vertex 96.4612 -16 69.3525
    endloop
  endfacet
  facet normal 0 1 0
    outer loop
      vertex 93.1704 -16 70.1243
      vertex 96.4304 -16 69.2508
      vertex 93.0961 -16 69.8056
    endloop
  endfacet
  facet normal 0 1 -0
    outer loop
      vertex 96.4062 -16 69.1472
      vertex 93.0961 -16 69.8056
      vertex 96.4304 -16 69.2508
    endloop
  endfacet
  facet normal 0 1 0
    outer loop
      vertex 93.0961 -16 69.8056
      vertex 96.4062 -16 69.1472
      vertex 93.0428 -16 69.4828
    endloop
  endfacet
  facet normal 0 1 -0
    outer loop
      vertex 96.3889 -16 69.0423
      vertex 93.0428 -16 69.4828
      vertex 96.4062 -16 69.1472
    endloop
  endfacet
  facet normal 0 1 0
    outer loop
      vertex 93.0428 -16 69.4828
      vertex 96.3889 -16 69.0423
      vertex 93.0107 -16 69.1572
    endloop
  endfacet
  facet normal 0 1 -0
    outer loop
      vertex 96.3785 -16 68.9365
      vertex 93.0107 -16 69.1572
      vertex 96.3889 -16 69.0423
    endloop
  endfacet
  facet normal 0 1 -0
    outer loop
      vertex 96.375 -16 68.8302
      vertex 93.0107 -16 69.1572
      vertex 96.3785 -16 68.9365
    endloop
  endfacet
  facet normal 0 1 0
    outer loop
      vertex 96.375 -16 68.8302
      vertex 93 -16 68.8302
      vertex 93.0107 -16 69.1572
    endloop
  endfacet
  facet normal 0 1 0
    outer loop
      vertex 96.3785 -16 68.7239
      vertex 93 -16 68.8302
      vertex 96.375 -16 68.8302
    endloop
  endfacet
  facet normal 0 1 0
    outer loop
      vertex 93.0107 -16 68.5032
      vertex 96.3785 -16 68.7239
      vertex 96.3889 -16 68.6181
    endloop
  endfacet
  facet normal 0 1 0
    outer loop
      vertex 93.0428 -16 68.1776
      vertex 96.3889 -16 68.6181
      vertex 96.4062 -16 68.5132
    endloop
  endfacet
  facet normal 0 1 0
    outer loop
      vertex 96.3785 -16 68.7239
      vertex 93.0107 -16 68.5032
      vertex 93 -16 68.8302
    endloop
  endfacet
  facet normal 0 1 0
    outer loop
      vertex 93.0961 -16 67.8547
      vertex 96.4062 -16 68.5132
      vertex 96.4304 -16 68.4096
    endloop
  endfacet
  facet normal 0 1 0
    outer loop
      vertex 93.1704 -16 67.5361
      vertex 96.4304 -16 68.4096
      vertex 96.4612 -16 68.3078
    endloop
  endfacet
  facet normal 0 1 0
    outer loop
      vertex 93.2654 -16 67.223
      vertex 96.4612 -16 68.3078
      vertex 96.4987 -16 68.2083
    endloop
  endfacet
  facet normal 0 1 0
    outer loop
      vertex 96.3889 -16 68.6181
      vertex 93.0428 -16 68.1776
      vertex 93.0107 -16 68.5032
    endloop
  endfacet
  facet normal 0 1 0
    outer loop
      vertex 93.3806 -16 66.9168
      vertex 96.4987 -16 68.2083
      vertex 96.5426 -16 68.1115
    endloop
  endfacet
  facet normal 0 1 0
    outer loop
      vertex 93.5156 -16 66.6187
      vertex 96.5426 -16 68.1115
      vertex 96.5927 -16 68.0177
    endloop
  endfacet
  facet normal 0 1 0
    outer loop
      vertex 93.6699 -16 66.3302
      vertex 96.5927 -16 68.0177
      vertex 96.6489 -16 67.9274
    endloop
  endfacet
  facet normal 0 1 0
    outer loop
      vertex 96.4062 -16 68.5132
      vertex 93.0961 -16 67.8547
      vertex 93.0428 -16 68.1776
    endloop
  endfacet
  facet normal 0 1 0
    outer loop
      vertex 93.8427 -16 66.0523
      vertex 96.6489 -16 67.9274
      vertex 96.7108 -16 67.841
    endloop
  endfacet
  facet normal 0 1 0
    outer loop
      vertex 94.0332 -16 65.7864
      vertex 96.7108 -16 67.841
      vertex 96.7783 -16 67.7588
    endloop
  endfacet
  facet normal 0 1 0
    outer loop
      vertex 94.2408 -16 65.5335
      vertex 96.7783 -16 67.7588
      vertex 96.851 -16 67.6811
    endloop
  endfacet
  facet normal 0 1 0
    outer loop
      vertex 94.4645 -16 65.2947
      vertex 96.851 -16 67.6811
      vertex 96.9286 -16 67.6085
    endloop
  endfacet
  facet normal 0 1 0
    outer loop
      vertex 94.7033 -16 65.071
      vertex 96.9286 -16 67.6085
      vertex 97.0108 -16 67.541
    endloop
  endfacet
  facet normal 0 1 0
    outer loop
      vertex 96.4304 -16 68.4096
      vertex 93.1704 -16 67.5361
      vertex 93.0961 -16 67.8547
    endloop
  endfacet
  facet normal 0 1 0
    outer loop
      vertex 94.9562 -16 64.8634
      vertex 97.0108 -16 67.541
      vertex 97.0972 -16 67.479
    endloop
  endfacet
  facet normal 0 1 0
    outer loop
      vertex 95.2222 -16 64.6728
      vertex 97.0972 -16 67.479
      vertex 97.1875 -16 67.4229
    endloop
  endfacet
  facet normal 0 1 0
    outer loop
      vertex 95.5 -16 64.5001
      vertex 97.1875 -16 67.4229
      vertex 97.2813 -16 67.3728
    endloop
  endfacet
  facet normal 0 1 0
    outer loop
      vertex 95.7886 -16 64.3458
      vertex 97.2813 -16 67.3728
      vertex 97.3781 -16 67.3289
    endloop
  endfacet
  facet normal 0 1 0
    outer loop
      vertex 96.0866 -16 64.2108
      vertex 97.3781 -16 67.3289
      vertex 97.4777 -16 67.2914
    endloop
  endfacet
  facet normal 0 1 0
    outer loop
      vertex 96.3928 -16 64.0955
      vertex 97.4777 -16 67.2914
      vertex 97.5794 -16 67.2606
    endloop
  endfacet
  facet normal 0 1 0
    outer loop
      vertex 96.7059 -16 64.0006
      vertex 97.5794 -16 67.2606
      vertex 97.683 -16 67.2364
    endloop
  endfacet
  facet normal 0 1 0
    outer loop
      vertex 96.4612 -16 68.3078
      vertex 93.2654 -16 67.223
      vertex 93.1704 -16 67.5361
    endloop
  endfacet
  facet normal 0 1 0
    outer loop
      vertex 97.0246 -16 63.9263
      vertex 97.683 -16 67.2364
      vertex 97.7879 -16 67.2191
    endloop
  endfacet
  facet normal 0 1 0
    outer loop
      vertex 97.3474 -16 63.873
      vertex 97.7879 -16 67.2191
      vertex 97.8937 -16 67.2087
    endloop
  endfacet
  facet normal 0 1 0
    outer loop
      vertex 97.673 -16 63.8409
      vertex 97.8937 -16 67.2087
      vertex 98 -16 67.2052
    endloop
  endfacet
  facet normal 0 1 0
    outer loop
      vertex 98.9028 -16 67.479
      vertex 100.778 -16 64.6728
      vertex 98.8125 -16 67.4229
    endloop
  endfacet
  facet normal 0 1 0
    outer loop
      vertex 96.4987 -16 68.2083
      vertex 93.3806 -16 66.9168
      vertex 93.2654 -16 67.223
    endloop
  endfacet
  facet normal 0 1 -0
    outer loop
      vertex 100.5 -16 64.5001
      vertex 98.8125 -16 67.4229
      vertex 100.778 -16 64.6728
    endloop
  endfacet
  facet normal 0 1 0
    outer loop
      vertex 96.5426 -16 68.1115
      vertex 93.5156 -16 66.6187
      vertex 93.3806 -16 66.9168
    endloop
  endfacet
  facet normal 0 1 0
    outer loop
      vertex 98.8125 -16 67.4229
      vertex 100.5 -16 64.5001
      vertex 98.7187 -16 67.3728
    endloop
  endfacet
  facet normal 0 1 0
    outer loop
      vertex 96.5927 -16 68.0177
      vertex 93.6699 -16 66.3302
      vertex 93.5156 -16 66.6187
    endloop
  endfacet
  facet normal 0 1 -0
    outer loop
      vertex 100.211 -16 64.3458
      vertex 98.7187 -16 67.3728
      vertex 100.5 -16 64.5001
    endloop
  endfacet
  facet normal 0 1 0
    outer loop
      vertex 96.6489 -16 67.9274
      vertex 93.8427 -16 66.0523
      vertex 93.6699 -16 66.3302
    endloop
  endfacet
  facet normal 0 1 0
    outer loop
      vertex 98.7187 -16 67.3728
      vertex 100.211 -16 64.3458
      vertex 98.6219 -16 67.3289
    endloop
  endfacet
  facet normal 0 1 0
    outer loop
      vertex 96.7108 -16 67.841
      vertex 94.0332 -16 65.7864
      vertex 93.8427 -16 66.0523
    endloop
  endfacet
  facet normal 0 1 -0
    outer loop
      vertex 99.9134 -16 64.2108
      vertex 98.6219 -16 67.3289
      vertex 100.211 -16 64.3458
    endloop
  endfacet
  facet normal 0 1 0
    outer loop
      vertex 96.7783 -16 67.7588
      vertex 94.2408 -16 65.5335
      vertex 94.0332 -16 65.7864
    endloop
  endfacet
  facet normal 0 1 0
    outer loop
      vertex 98.6219 -16 67.3289
      vertex 99.9134 -16 64.2108
      vertex 98.5223 -16 67.2914
    endloop
  endfacet
  facet normal 0 1 0
    outer loop
      vertex 96.851 -16 67.6811
      vertex 94.4645 -16 65.2947
      vertex 94.2408 -16 65.5335
    endloop
  endfacet
  facet normal 0 1 -0
    outer loop
      vertex 99.6072 -16 64.0955
      vertex 98.5223 -16 67.2914
      vertex 99.9134 -16 64.2108
    endloop
  endfacet
  facet normal 0 1 0
    outer loop
      vertex 96.9286 -16 67.6085
      vertex 94.7033 -16 65.071
      vertex 94.4645 -16 65.2947
    endloop
  endfacet
  facet normal 0 1 0
    outer loop
      vertex 98.5223 -16 67.2914
      vertex 99.6072 -16 64.0955
      vertex 98.4206 -16 67.2606
    endloop
  endfacet
  facet normal 0 1 0
    outer loop
      vertex 97.0108 -16 67.541
      vertex 94.9562 -16 64.8634
      vertex 94.7033 -16 65.071
    endloop
  endfacet
  facet normal 0 1 -0
    outer loop
      vertex 99.2941 -16 64.0006
      vertex 98.4206 -16 67.2606
      vertex 99.6072 -16 64.0955
    endloop
  endfacet
  facet normal 0 1 0
    outer loop
      vertex 97.0972 -16 67.479
      vertex 95.2222 -16 64.6728
      vertex 94.9562 -16 64.8634
    endloop
  endfacet
  facet normal 0 1 0
    outer loop
      vertex 98.4206 -16 67.2606
      vertex 99.2941 -16 64.0006
      vertex 98.317 -16 67.2364
    endloop
  endfacet
  facet normal 0 1 0
    outer loop
      vertex 97.1875 -16 67.4229
      vertex 95.5 -16 64.5001
      vertex 95.2222 -16 64.6728
    endloop
  endfacet
  facet normal 0 1 -0
    outer loop
      vertex 98.9754 -16 63.9263
      vertex 98.317 -16 67.2364
      vertex 99.2941 -16 64.0006
    endloop
  endfacet
  facet normal 0 1 0
    outer loop
      vertex 97.2813 -16 67.3728
      vertex 95.7886 -16 64.3458
      vertex 95.5 -16 64.5001
    endloop
  endfacet
  facet normal 0 1 0
    outer loop
      vertex 98.317 -16 67.2364
      vertex 98.9754 -16 63.9263
      vertex 98.2121 -16 67.2191
    endloop
  endfacet
  facet normal 0 1 0
    outer loop
      vertex 97.3781 -16 67.3289
      vertex 96.0866 -16 64.2108
      vertex 95.7886 -16 64.3458
    endloop
  endfacet
  facet normal 0 1 -0
    outer loop
      vertex 98.6526 -16 63.873
      vertex 98.2121 -16 67.2191
      vertex 98.9754 -16 63.9263
    endloop
  endfacet
  facet normal 0 1 0
    outer loop
      vertex 97.4777 -16 67.2914
      vertex 96.3928 -16 64.0955
      vertex 96.0866 -16 64.2108
    endloop
  endfacet
  facet normal 0 1 0
    outer loop
      vertex 98.2121 -16 67.2191
      vertex 98.6526 -16 63.873
      vertex 98.1063 -16 67.2087
    endloop
  endfacet
  facet normal 0 1 0
    outer loop
      vertex 97.5794 -16 67.2606
      vertex 96.7059 -16 64.0006
      vertex 96.3928 -16 64.0955
    endloop
  endfacet
  facet normal 0 1 -0
    outer loop
      vertex 98.327 -16 63.8409
      vertex 98.1063 -16 67.2087
      vertex 98.6526 -16 63.873
    endloop
  endfacet
  facet normal 0 1 0
    outer loop
      vertex 97.683 -16 67.2364
      vertex 97.0246 -16 63.9263
      vertex 96.7059 -16 64.0006
    endloop
  endfacet
  facet normal 0 1 0
    outer loop
      vertex 98.1063 -16 67.2087
      vertex 98.327 -16 63.8409
      vertex 98 -16 67.2052
    endloop
  endfacet
  facet normal 0 1 0
    outer loop
      vertex 97.7879 -16 67.2191
      vertex 97.3474 -16 63.873
      vertex 97.0246 -16 63.9263
    endloop
  endfacet
  facet normal 0 1 0
    outer loop
      vertex 98 -16 63.8302
      vertex 98 -16 67.2052
      vertex 98.327 -16 63.8409
    endloop
  endfacet
  facet normal 0 1 0
    outer loop
      vertex 97.8937 -16 67.2087
      vertex 97.673 -16 63.8409
      vertex 97.3474 -16 63.873
    endloop
  endfacet
  facet normal 0 1 0
    outer loop
      vertex 98 -16 67.2052
      vertex 98 -16 63.8302
      vertex 97.673 -16 63.8409
    endloop
  endfacet
  facet normal 0.974086 -0 0.226176
    outer loop
      vertex 102.83 -40 70.1243
      vertex 102.904 -16 69.8056
      vertex 102.83 -16 70.1243
    endloop
  endfacet
  facet normal 0.974086 0 0.226176
    outer loop
      vertex 102.904 -16 69.8056
      vertex 102.83 -40 70.1243
      vertex 102.904 -40 69.8056
    endloop
  endfacet
  facet normal 0.935144 -0 0.354268
    outer loop
      vertex 102.619 -40 70.7436
      vertex 102.735 -16 70.4374
      vertex 102.619 -16 70.7436
    endloop
  endfacet
  facet normal 0.935144 0 0.354268
    outer loop
      vertex 102.735 -16 70.4374
      vertex 102.619 -40 70.7436
      vertex 102.735 -40 70.4374
    endloop
  endfacet
  facet normal 0.227046 0 0.973884
    outer loop
      vertex 98.9754 -16 73.7341
      vertex 99.2941 -40 73.6598
      vertex 99.2941 -16 73.6598
    endloop
  endfacet
  facet normal 0.227046 0 0.973884
    outer loop
      vertex 99.2941 -40 73.6598
      vertex 98.9754 -16 73.7341
      vertex 98.9754 -40 73.7341
    endloop
  endfacet
  facet normal 0.470984 0 0.882142
    outer loop
      vertex 100.211 -16 73.3146
      vertex 100.5 -40 73.1603
      vertex 100.5 -16 73.1603
    endloop
  endfacet
  facet normal 0.470984 0 0.882142
    outer loop
      vertex 100.5 -40 73.1603
      vertex 100.211 -16 73.3146
      vertex 100.211 -40 73.3146
    endloop
  endfacet
  facet normal 0.634335 0 0.773058
    outer loop
      vertex 101.044 -16 72.797
      vertex 101.297 -40 72.5894
      vertex 101.297 -16 72.5894
    endloop
  endfacet
  facet normal 0.634335 0 0.773058
    outer loop
      vertex 101.297 -40 72.5894
      vertex 101.044 -16 72.797
      vertex 101.044 -40 72.797
    endloop
  endfacet
  facet normal -0.729804 0 0.683656
    outer loop
      vertex 94.2408 -40 72.1269
      vertex 94.4645 -16 72.3657
      vertex 94.2408 -16 72.1269
    endloop
  endfacet
  facet normal -0.729804 0 0.683656
    outer loop
      vertex 94.4645 -16 72.3657
      vertex 94.2408 -40 72.1269
      vertex 94.4645 -40 72.3657
    endloop
  endfacet
  facet normal -0.88187 0 0.471492
    outer loop
      vertex 93.5156 -40 71.0416
      vertex 93.6699 -16 71.3302
      vertex 93.5156 -16 71.0416
    endloop
  endfacet
  facet normal -0.88187 0 0.471492
    outer loop
      vertex 93.6699 -16 71.3302
      vertex 93.5156 -40 71.0416
      vertex 93.6699 -40 71.3302
    endloop
  endfacet
  facet normal -0.973884 0 0.227046
    outer loop
      vertex 93.0961 -40 69.8056
      vertex 93.1704 -16 70.1243
      vertex 93.0961 -16 69.8056
    endloop
  endfacet
  facet normal -0.973884 0 0.227046
    outer loop
      vertex 93.1704 -16 70.1243
      vertex 93.0961 -40 69.8056
      vertex 93.1704 -40 70.1243
    endloop
  endfacet
  facet normal -0.412651 0 0.910889
    outer loop
      vertex 95.7886 -16 73.3146
      vertex 96.0866 -40 73.4496
      vertex 96.0866 -16 73.4496
    endloop
  endfacet
  facet normal -0.412651 0 0.910889
    outer loop
      vertex 96.0866 -40 73.4496
      vertex 95.7886 -16 73.3146
      vertex 95.7886 -40 73.3146
    endloop
  endfacet
  facet normal -0.0981116 0 0.995175
    outer loop
      vertex 97.3474 -16 73.7874
      vertex 97.673 -40 73.8195
      vertex 97.673 -16 73.8195
    endloop
  endfacet
  facet normal -0.0981116 0 0.995175
    outer loop
      vertex 97.673 -40 73.8195
      vertex 97.3474 -16 73.7874
      vertex 97.3474 -40 73.7874
    endloop
  endfacet
  facet normal 0.162912 0 -0.986641
    outer loop
      vertex 98.6526 -40 63.873
      vertex 98.9754 -16 63.9263
      vertex 98.9754 -40 63.9263
    endloop
  endfacet
  facet normal 0.162912 0 -0.986641
    outer loop
      vertex 98.9754 -16 63.9263
      vertex 98.6526 -40 63.873
      vertex 98.6526 -16 63.873
    endloop
  endfacet
  facet normal 0.0327042 0 -0.999465
    outer loop
      vertex 98 -40 63.8302
      vertex 98.327 -16 63.8409
      vertex 98.327 -40 63.8409
    endloop
  endfacet
  facet normal 0.0327042 0 -0.999465
    outer loop
      vertex 98.327 -16 63.8409
      vertex 98 -40 63.8302
      vertex 98 -16 63.8302
    endloop
  endfacet
  facet normal 0.0981116 0 -0.995175
    outer loop
      vertex 98.327 -40 63.8409
      vertex 98.6526 -16 63.873
      vertex 98.6526 -40 63.873
    endloop
  endfacet
  facet normal 0.0981116 0 -0.995175
    outer loop
      vertex 98.6526 -16 63.873
      vertex 98.327 -40 63.8409
      vertex 98.327 -16 63.8409
    endloop
  endfacet
  facet normal 0.227046 0 -0.973884
    outer loop
      vertex 98.9754 -40 63.9263
      vertex 99.2941 -16 64.0006
      vertex 99.2941 -40 64.0006
    endloop
  endfacet
  facet normal 0.227046 0 -0.973884
    outer loop
      vertex 99.2941 -16 64.0006
      vertex 98.9754 -40 63.9263
      vertex 98.9754 -16 63.9263
    endloop
  endfacet
  facet normal 0.352396 0 -0.935851
    outer loop
      vertex 99.6072 -40 64.0955
      vertex 99.9134 -16 64.2108
      vertex 99.9134 -40 64.2108
    endloop
  endfacet
  facet normal 0.352396 0 -0.935851
    outer loop
      vertex 99.9134 -16 64.2108
      vertex 99.6072 -40 64.0955
      vertex 99.6072 -16 64.0955
    endloop
  endfacet
  facet normal 0.290067 0 -0.957006
    outer loop
      vertex 99.2941 -40 64.0006
      vertex 99.6072 -16 64.0955
      vertex 99.6072 -40 64.0955
    endloop
  endfacet
  facet normal 0.290067 0 -0.957006
    outer loop
      vertex 99.6072 -16 64.0955
      vertex 99.2941 -40 64.0006
      vertex 99.2941 -16 64.0006
    endloop
  endfacet
  facet normal 0.634335 0 -0.773058
    outer loop
      vertex 101.044 -40 64.8634
      vertex 101.297 -16 65.071
      vertex 101.297 -40 65.071
    endloop
  endfacet
  facet normal 0.634335 0 -0.773058
    outer loop
      vertex 101.297 -16 65.071
      vertex 101.044 -40 64.8634
      vertex 101.044 -16 64.8634
    endloop
  endfacet
  facet normal 0.52769 0 -0.849437
    outer loop
      vertex 100.5 -40 64.5001
      vertex 100.778 -16 64.6728
      vertex 100.778 -40 64.6728
    endloop
  endfacet
  facet normal 0.52769 0 -0.849437
    outer loop
      vertex 100.778 -16 64.6728
      vertex 100.5 -40 64.5001
      vertex 100.5 -16 64.5001
    endloop
  endfacet
  facet normal 0.470984 0 -0.882142
    outer loop
      vertex 100.211 -40 64.3458
      vertex 100.5 -16 64.5001
      vertex 100.5 -40 64.5001
    endloop
  endfacet
  facet normal 0.470984 0 -0.882142
    outer loop
      vertex 100.5 -16 64.5001
      vertex 100.211 -40 64.3458
      vertex 100.211 -16 64.3458
    endloop
  endfacet
  facet normal 0.730872 0 -0.682515
    outer loop
      vertex 101.759 -40 65.5335
      vertex 101.536 -16 65.2947
      vertex 101.759 -16 65.5335
    endloop
  endfacet
  facet normal 0.730872 0 -0.682515
    outer loop
      vertex 101.536 -16 65.2947
      vertex 101.759 -40 65.5335
      vertex 101.536 -40 65.2947
    endloop
  endfacet
  facet normal 0.772336 0 -0.635215
    outer loop
      vertex 101.967 -40 65.7864
      vertex 101.759 -16 65.5335
      vertex 101.967 -16 65.7864
    endloop
  endfacet
  facet normal 0.772336 0 -0.635215
    outer loop
      vertex 101.759 -16 65.5335
      vertex 101.967 -40 65.7864
      vertex 101.759 -40 65.5335
    endloop
  endfacet
  facet normal 0.910941 0 -0.412536
    outer loop
      vertex 102.619 -40 66.9168
      vertex 102.484 -16 66.6187
      vertex 102.619 -16 66.9168
    endloop
  endfacet
  facet normal 0.910941 0 -0.412536
    outer loop
      vertex 102.484 -16 66.6187
      vertex 102.619 -40 66.9168
      vertex 102.484 -40 66.6187
    endloop
  endfacet
  facet normal 0.986796 0 -0.16197
    outer loop
      vertex 102.957 -40 68.1776
      vertex 102.904 -16 67.8547
      vertex 102.957 -16 68.1776
    endloop
  endfacet
  facet normal 0.986796 0 -0.16197
    outer loop
      vertex 102.904 -16 67.8547
      vertex 102.957 -40 68.1776
      vertex 102.904 -40 67.8547
    endloop
  endfacet
  facet normal 0.995205 0 -0.0978089
    outer loop
      vertex 102.989 -40 68.5032
      vertex 102.957 -16 68.1776
      vertex 102.989 -16 68.5032
    endloop
  endfacet
  facet normal 0.995205 0 -0.0978089
    outer loop
      vertex 102.957 -16 68.1776
      vertex 102.989 -40 68.5032
      vertex 102.957 -40 68.1776
    endloop
  endfacet
  facet normal -0.582452 0 -0.812865
    outer loop
      vertex 94.9562 -40 64.8634
      vertex 95.2222 -16 64.6728
      vertex 95.2222 -40 64.6728
    endloop
  endfacet
  facet normal -0.582452 0 -0.812865
    outer loop
      vertex 95.2222 -16 64.6728
      vertex 94.9562 -40 64.8634
      vertex 94.9562 -16 64.8634
    endloop
  endfacet
  facet normal -0.683656 0 -0.729804
    outer loop
      vertex 94.4645 -40 65.2947
      vertex 94.7033 -16 65.071
      vertex 94.7033 -40 65.071
    endloop
  endfacet
  facet normal -0.683656 0 -0.729804
    outer loop
      vertex 94.7033 -16 65.071
      vertex 94.4645 -40 65.2947
      vertex 94.4645 -16 65.2947
    endloop
  endfacet
  facet normal -0.634485 0 -0.772935
    outer loop
      vertex 94.7033 -40 65.071
      vertex 94.9562 -16 64.8634
      vertex 94.9562 -40 64.8634
    endloop
  endfacet
  facet normal -0.634485 0 -0.772935
    outer loop
      vertex 94.9562 -16 64.8634
      vertex 94.7033 -40 65.071
      vertex 94.7033 -16 65.071
    endloop
  endfacet
  facet normal -0.471492 0 -0.88187
    outer loop
      vertex 95.5 -40 64.5001
      vertex 95.7886 -16 64.3458
      vertex 95.7886 -40 64.3458
    endloop
  endfacet
  facet normal -0.471492 0 -0.88187
    outer loop
      vertex 95.7886 -16 64.3458
      vertex 95.5 -40 64.5001
      vertex 95.5 -16 64.5001
    endloop
  endfacet
  facet normal -0.0981116 0 -0.995175
    outer loop
      vertex 97.3474 -40 63.873
      vertex 97.673 -16 63.8409
      vertex 97.673 -40 63.8409
    endloop
  endfacet
  facet normal -0.0981116 0 -0.995175
    outer loop
      vertex 97.673 -16 63.8409
      vertex 97.3474 -40 63.873
      vertex 97.3474 -16 63.873
    endloop
  endfacet
  facet normal -0.729804 0 -0.683656
    outer loop
      vertex 94.4645 -40 65.2947
      vertex 94.2408 -16 65.5335
      vertex 94.4645 -16 65.2947
    endloop
  endfacet
  facet normal -0.729804 -0 -0.683656
    outer loop
      vertex 94.2408 -16 65.5335
      vertex 94.4645 -40 65.2947
      vertex 94.2408 -40 65.5335
    endloop
  endfacet
  facet normal -0.910941 0 -0.412536
    outer loop
      vertex 93.5156 -40 66.6187
      vertex 93.3806 -16 66.9168
      vertex 93.5156 -16 66.6187
    endloop
  endfacet
  facet normal -0.910941 -0 -0.412536
    outer loop
      vertex 93.3806 -16 66.9168
      vertex 93.5156 -40 66.6187
      vertex 93.3806 -40 66.9168
    endloop
  endfacet
  facet normal -0.881802 0 -0.471619
    outer loop
      vertex 93.6699 -40 66.3302
      vertex 93.5156 -16 66.6187
      vertex 93.6699 -16 66.3302
    endloop
  endfacet
  facet normal -0.881802 -0 -0.471619
    outer loop
      vertex 93.5156 -16 66.6187
      vertex 93.6699 -40 66.3302
      vertex 93.5156 -40 66.6187
    endloop
  endfacet
  facet normal -0.973868 0 -0.227114
    outer loop
      vertex 93.1704 -40 67.5361
      vertex 93.0961 -16 67.8547
      vertex 93.1704 -16 67.5361
    endloop
  endfacet
  facet normal -0.973868 -0 -0.227114
    outer loop
      vertex 93.0961 -16 67.8547
      vertex 93.1704 -40 67.5361
      vertex 93.0961 -40 67.8547
    endloop
  endfacet
  facet normal -0.986649 0 -0.162863
    outer loop
      vertex 93.0961 -40 67.8547
      vertex 93.0428 -16 68.1776
      vertex 93.0961 -16 67.8547
    endloop
  endfacet
  facet normal -0.986649 -0 -0.162863
    outer loop
      vertex 93.0428 -16 68.1776
      vertex 93.0961 -40 67.8547
      vertex 93.0428 -40 68.1776
    endloop
  endfacet
  facet normal -0.999465 0 -0.0327042
    outer loop
      vertex 93.0107 -40 68.5032
      vertex 93 -16 68.8302
      vertex 93.0107 -16 68.5032
    endloop
  endfacet
  facet normal -0.999465 -0 -0.0327042
    outer loop
      vertex 93 -16 68.8302
      vertex 93.0107 -40 68.5032
      vertex 93 -40 68.8302
    endloop
  endfacet
  facet normal 0.772336 -0 0.635215
    outer loop
      vertex 101.759 -40 72.1269
      vertex 101.967 -16 71.874
      vertex 101.759 -16 72.1269
    endloop
  endfacet
  facet normal 0.772336 0 0.635215
    outer loop
      vertex 101.967 -16 71.874
      vertex 101.759 -40 72.1269
      vertex 101.967 -40 71.874
    endloop
  endfacet
  facet normal 0.0981116 0 0.995175
    outer loop
      vertex 98.327 -16 73.8195
      vertex 98.6526 -40 73.7874
      vertex 98.6526 -16 73.7874
    endloop
  endfacet
  facet normal 0.0981116 0 0.995175
    outer loop
      vertex 98.6526 -40 73.7874
      vertex 98.327 -16 73.8195
      vertex 98.327 -40 73.8195
    endloop
  endfacet
  facet normal 0 -1 0
    outer loop
      vertex 98 -40 70.4552
      vertex 98 -40 73.8302
      vertex 97.673 -40 73.8195
    endloop
  endfacet
  facet normal 0 -1 0
    outer loop
      vertex 97.8937 -40 70.4517
      vertex 97.673 -40 73.8195
      vertex 97.3474 -40 73.7874
    endloop
  endfacet
  facet normal 0 -1 0
    outer loop
      vertex 98 -40 73.8302
      vertex 98 -40 70.4552
      vertex 98.327 -40 73.8195
    endloop
  endfacet
  facet normal 0 -1 0
    outer loop
      vertex 97.7879 -40 70.4413
      vertex 97.3474 -40 73.7874
      vertex 97.0246 -40 73.7341
    endloop
  endfacet
  facet normal 0 -1 0
    outer loop
      vertex 98.1063 -40 70.4517
      vertex 98.327 -40 73.8195
      vertex 98 -40 70.4552
    endloop
  endfacet
  facet normal 0 -1 0
    outer loop
      vertex 97.683 -40 70.424
      vertex 97.0246 -40 73.7341
      vertex 96.7059 -40 73.6598
    endloop
  endfacet
  facet normal 0 -1 -0
    outer loop
      vertex 98.327 -40 73.8195
      vertex 98.1063 -40 70.4517
      vertex 98.6526 -40 73.7874
    endloop
  endfacet
  facet normal 0 -1 0
    outer loop
      vertex 97.5794 -40 70.3998
      vertex 96.7059 -40 73.6598
      vertex 96.3928 -40 73.5648
    endloop
  endfacet
  facet normal 0 -1 0
    outer loop
      vertex 98.2121 -40 70.4413
      vertex 98.6526 -40 73.7874
      vertex 98.1063 -40 70.4517
    endloop
  endfacet
  facet normal 0 -1 0
    outer loop
      vertex 97.4777 -40 70.3689
      vertex 96.3928 -40 73.5648
      vertex 96.0866 -40 73.4496
    endloop
  endfacet
  facet normal 0 -1 -0
    outer loop
      vertex 98.6526 -40 73.7874
      vertex 98.2121 -40 70.4413
      vertex 98.9754 -40 73.7341
    endloop
  endfacet
  facet normal 0 -1 0
    outer loop
      vertex 97.3781 -40 70.3315
      vertex 96.0866 -40 73.4496
      vertex 95.7886 -40 73.3146
    endloop
  endfacet
  facet normal 0 -1 0
    outer loop
      vertex 98.317 -40 70.424
      vertex 98.9754 -40 73.7341
      vertex 98.2121 -40 70.4413
    endloop
  endfacet
  facet normal 0 -1 0
    outer loop
      vertex 97.2813 -40 70.2876
      vertex 95.7886 -40 73.3146
      vertex 95.5 -40 73.1603
    endloop
  endfacet
  facet normal 0 -1 -0
    outer loop
      vertex 98.9754 -40 73.7341
      vertex 98.317 -40 70.424
      vertex 99.2941 -40 73.6598
    endloop
  endfacet
  facet normal 0 -1 0
    outer loop
      vertex 97.1875 -40 70.2375
      vertex 95.5 -40 73.1603
      vertex 95.2222 -40 72.9875
    endloop
  endfacet
  facet normal 0 -1 0
    outer loop
      vertex 98.4206 -40 70.3998
      vertex 99.2941 -40 73.6598
      vertex 98.317 -40 70.424
    endloop
  endfacet
  facet normal 0 -1 0
    outer loop
      vertex 97.0972 -40 70.1813
      vertex 95.2222 -40 72.9875
      vertex 94.9562 -40 72.797
    endloop
  endfacet
  facet normal 0 -1 -0
    outer loop
      vertex 99.2941 -40 73.6598
      vertex 98.4206 -40 70.3998
      vertex 99.6072 -40 73.5648
    endloop
  endfacet
  facet normal 0 -1 0
    outer loop
      vertex 97.0108 -40 70.1194
      vertex 94.9562 -40 72.797
      vertex 94.7033 -40 72.5894
    endloop
  endfacet
  facet normal 0 -1 0
    outer loop
      vertex 98.5223 -40 70.3689
      vertex 99.6072 -40 73.5648
      vertex 98.4206 -40 70.3998
    endloop
  endfacet
  facet normal 0 -1 0
    outer loop
      vertex 96.9286 -40 70.0519
      vertex 94.7033 -40 72.5894
      vertex 94.4645 -40 72.3657
    endloop
  endfacet
  facet normal 0 -1 -0
    outer loop
      vertex 99.6072 -40 73.5648
      vertex 98.5223 -40 70.3689
      vertex 99.9134 -40 73.4496
    endloop
  endfacet
  facet normal 0 -1 0
    outer loop
      vertex 96.851 -40 69.9792
      vertex 94.4645 -40 72.3657
      vertex 94.2408 -40 72.1269
    endloop
  endfacet
  facet normal 0 -1 0
    outer loop
      vertex 98.6219 -40 70.3315
      vertex 99.9134 -40 73.4496
      vertex 98.5223 -40 70.3689
    endloop
  endfacet
  facet normal 0 -1 0
    outer loop
      vertex 96.7783 -40 69.9016
      vertex 94.2408 -40 72.1269
      vertex 94.0332 -40 71.874
    endloop
  endfacet
  facet normal 0 -1 -0
    outer loop
      vertex 99.9134 -40 73.4496
      vertex 98.6219 -40 70.3315
      vertex 100.211 -40 73.3146
    endloop
  endfacet
  facet normal 0 -1 0
    outer loop
      vertex 96.7108 -40 69.8194
      vertex 94.0332 -40 71.874
      vertex 93.8427 -40 71.608
    endloop
  endfacet
  facet normal 0 -1 0
    outer loop
      vertex 98.7187 -40 70.2876
      vertex 100.211 -40 73.3146
      vertex 98.6219 -40 70.3315
    endloop
  endfacet
  facet normal 0 -1 0
    outer loop
      vertex 96.6489 -40 69.733
      vertex 93.8427 -40 71.608
      vertex 93.6699 -40 71.3302
    endloop
  endfacet
  facet normal 0 -1 -0
    outer loop
      vertex 100.211 -40 73.3146
      vertex 98.7187 -40 70.2876
      vertex 100.5 -40 73.1603
    endloop
  endfacet
  facet normal 0 -1 0
    outer loop
      vertex 96.5927 -40 69.6427
      vertex 93.6699 -40 71.3302
      vertex 93.5156 -40 71.0416
    endloop
  endfacet
  facet normal 0 -1 0
    outer loop
      vertex 98.8125 -40 70.2375
      vertex 100.5 -40 73.1603
      vertex 98.7187 -40 70.2876
    endloop
  endfacet
  facet normal 0 -1 0
    outer loop
      vertex 96.5426 -40 69.5489
      vertex 93.5156 -40 71.0416
      vertex 93.3806 -40 70.7436
    endloop
  endfacet
  facet normal 0 -1 -0
    outer loop
      vertex 100.5 -40 73.1603
      vertex 98.8125 -40 70.2375
      vertex 100.778 -40 72.9875
    endloop
  endfacet
  facet normal 0 -1 0
    outer loop
      vertex 98.9028 -40 70.1813
      vertex 100.778 -40 72.9875
      vertex 98.8125 -40 70.2375
    endloop
  endfacet
  facet normal 0 -1 0
    outer loop
      vertex 97.673 -40 73.8195
      vertex 97.8937 -40 70.4517
      vertex 98 -40 70.4552
    endloop
  endfacet
  facet normal 0 -1 0
    outer loop
      vertex 97.3474 -40 73.7874
      vertex 97.7879 -40 70.4413
      vertex 97.8937 -40 70.4517
    endloop
  endfacet
  facet normal 0 -1 0
    outer loop
      vertex 96.4987 -40 69.452
      vertex 93.3806 -40 70.7436
      vertex 93.2654 -40 70.4374
    endloop
  endfacet
  facet normal 0 -1 0
    outer loop
      vertex 97.0246 -40 73.7341
      vertex 97.683 -40 70.424
      vertex 97.7879 -40 70.4413
    endloop
  endfacet
  facet normal 0 -1 0
    outer loop
      vertex 96.7059 -40 73.6598
      vertex 97.5794 -40 70.3998
      vertex 97.683 -40 70.424
    endloop
  endfacet
  facet normal 0 -1 0
    outer loop
      vertex 96.3928 -40 73.5648
      vertex 97.4777 -40 70.3689
      vertex 97.5794 -40 70.3998
    endloop
  endfacet
  facet normal 0 -1 0
    outer loop
      vertex 96.0866 -40 73.4496
      vertex 97.3781 -40 70.3315
      vertex 97.4777 -40 70.3689
    endloop
  endfacet
  facet normal 0 -1 0
    outer loop
      vertex 95.7886 -40 73.3146
      vertex 97.2813 -40 70.2876
      vertex 97.3781 -40 70.3315
    endloop
  endfacet
  facet normal 0 -1 0
    outer loop
      vertex 95.5 -40 73.1603
      vertex 97.1875 -40 70.2375
      vertex 97.2813 -40 70.2876
    endloop
  endfacet
  facet normal 0 -1 0
    outer loop
      vertex 95.2222 -40 72.9875
      vertex 97.0972 -40 70.1813
      vertex 97.1875 -40 70.2375
    endloop
  endfacet
  facet normal 0 -1 0
    outer loop
      vertex 96.4612 -40 69.3525
      vertex 93.2654 -40 70.4374
      vertex 93.1704 -40 70.1243
    endloop
  endfacet
  facet normal 0 -1 0
    outer loop
      vertex 94.9562 -40 72.797
      vertex 97.0108 -40 70.1194
      vertex 97.0972 -40 70.1813
    endloop
  endfacet
  facet normal 0 -1 0
    outer loop
      vertex 94.7033 -40 72.5894
      vertex 96.9286 -40 70.0519
      vertex 97.0108 -40 70.1194
    endloop
  endfacet
  facet normal 0 -1 0
    outer loop
      vertex 94.4645 -40 72.3657
      vertex 96.851 -40 69.9792
      vertex 96.9286 -40 70.0519
    endloop
  endfacet
  facet normal 0 -1 0
    outer loop
      vertex 94.2408 -40 72.1269
      vertex 96.7783 -40 69.9016
      vertex 96.851 -40 69.9792
    endloop
  endfacet
  facet normal 0 -1 0
    outer loop
      vertex 94.0332 -40 71.874
      vertex 96.7108 -40 69.8194
      vertex 96.7783 -40 69.9016
    endloop
  endfacet
  facet normal 0 -1 0
    outer loop
      vertex 96.4304 -40 69.2508
      vertex 93.1704 -40 70.1243
      vertex 93.0961 -40 69.8056
    endloop
  endfacet
  facet normal 0 -1 0
    outer loop
      vertex 93.8427 -40 71.608
      vertex 96.6489 -40 69.733
      vertex 96.7108 -40 69.8194
    endloop
  endfacet
  facet normal 0 -1 0
    outer loop
      vertex 93.6699 -40 71.3302
      vertex 96.5927 -40 69.6427
      vertex 96.6489 -40 69.733
    endloop
  endfacet
  facet normal 0 -1 0
    outer loop
      vertex 93.5156 -40 71.0416
      vertex 96.5426 -40 69.5489
      vertex 96.5927 -40 69.6427
    endloop
  endfacet
  facet normal 0 -1 0
    outer loop
      vertex 96.4062 -40 69.1472
      vertex 93.0961 -40 69.8056
      vertex 93.0428 -40 69.4828
    endloop
  endfacet
  facet normal 0 -1 0
    outer loop
      vertex 93.3806 -40 70.7436
      vertex 96.4987 -40 69.452
      vertex 96.5426 -40 69.5489
    endloop
  endfacet
  facet normal 0 -1 0
    outer loop
      vertex 93.2654 -40 70.4374
      vertex 96.4612 -40 69.3525
      vertex 96.4987 -40 69.452
    endloop
  endfacet
  facet normal 0 -1 0
    outer loop
      vertex 93.1704 -40 70.1243
      vertex 96.4304 -40 69.2508
      vertex 96.4612 -40 69.3525
    endloop
  endfacet
  facet normal 0 -1 0
    outer loop
      vertex 96.3889 -40 69.0423
      vertex 93.0428 -40 69.4828
      vertex 93.0107 -40 69.1572
    endloop
  endfacet
  facet normal 0 -1 0
    outer loop
      vertex 93.0961 -40 69.8056
      vertex 96.4062 -40 69.1472
      vertex 96.4304 -40 69.2508
    endloop
  endfacet
  facet normal 0 -1 0
    outer loop
      vertex 93.0428 -40 69.4828
      vertex 96.3889 -40 69.0423
      vertex 96.4062 -40 69.1472
    endloop
  endfacet
  facet normal 0 -1 0
    outer loop
      vertex 93.0107 -40 69.1572
      vertex 96.3785 -40 68.9365
      vertex 96.3889 -40 69.0423
    endloop
  endfacet
  facet normal 0 -1 0
    outer loop
      vertex 93 -40 68.8302
      vertex 96.3785 -40 68.9365
      vertex 93.0107 -40 69.1572
    endloop
  endfacet
  facet normal 0 -1 0
    outer loop
      vertex 93 -40 68.8302
      vertex 96.375 -40 68.8302
      vertex 96.3785 -40 68.9365
    endloop
  endfacet
  facet normal 0 -1 0
    outer loop
      vertex 93 -40 68.8302
      vertex 96.3785 -40 68.7239
      vertex 96.375 -40 68.8302
    endloop
  endfacet
  facet normal 0 -1 0
    outer loop
      vertex 93.0107 -40 68.5032
      vertex 96.3785 -40 68.7239
      vertex 93 -40 68.8302
    endloop
  endfacet
  facet normal 0 -1 -0
    outer loop
      vertex 96.3785 -40 68.7239
      vertex 93.0107 -40 68.5032
      vertex 96.3889 -40 68.6181
    endloop
  endfacet
  facet normal 0 -1 0
    outer loop
      vertex 93.0428 -40 68.1776
      vertex 96.3889 -40 68.6181
      vertex 93.0107 -40 68.5032
    endloop
  endfacet
  facet normal 0 -1 -0
    outer loop
      vertex 96.3889 -40 68.6181
      vertex 93.0428 -40 68.1776
      vertex 96.4062 -40 68.5132
    endloop
  endfacet
  facet normal 0 -1 0
    outer loop
      vertex 93.0961 -40 67.8547
      vertex 96.4062 -40 68.5132
      vertex 93.0428 -40 68.1776
    endloop
  endfacet
  facet normal 0 -1 -0
    outer loop
      vertex 96.4062 -40 68.5132
      vertex 93.0961 -40 67.8547
      vertex 96.4304 -40 68.4096
    endloop
  endfacet
  facet normal 0 -1 0
    outer loop
      vertex 93.1704 -40 67.5361
      vertex 96.4304 -40 68.4096
      vertex 93.0961 -40 67.8547
    endloop
  endfacet
  facet normal 0 -1 -0
    outer loop
      vertex 96.4304 -40 68.4096
      vertex 93.1704 -40 67.5361
      vertex 96.4612 -40 68.3078
    endloop
  endfacet
  facet normal 0 -1 0
    outer loop
      vertex 93.2654 -40 67.223
      vertex 96.4612 -40 68.3078
      vertex 93.1704 -40 67.5361
    endloop
  endfacet
  facet normal 0 -1 -0
    outer loop
      vertex 96.4612 -40 68.3078
      vertex 93.2654 -40 67.223
      vertex 96.4987 -40 68.2083
    endloop
  endfacet
  facet normal 0 -1 0
    outer loop
      vertex 93.3806 -40 66.9168
      vertex 96.4987 -40 68.2083
      vertex 93.2654 -40 67.223
    endloop
  endfacet
  facet normal 0 -1 -0
    outer loop
      vertex 96.4987 -40 68.2083
      vertex 93.3806 -40 66.9168
      vertex 96.5426 -40 68.1115
    endloop
  endfacet
  facet normal 0 -1 0
    outer loop
      vertex 93.5156 -40 66.6187
      vertex 96.5426 -40 68.1115
      vertex 93.3806 -40 66.9168
    endloop
  endfacet
  facet normal 0 -1 -0
    outer loop
      vertex 96.5426 -40 68.1115
      vertex 93.5156 -40 66.6187
      vertex 96.5927 -40 68.0177
    endloop
  endfacet
  facet normal 0 -1 0
    outer loop
      vertex 93.6699 -40 66.3302
      vertex 96.5927 -40 68.0177
      vertex 93.5156 -40 66.6187
    endloop
  endfacet
  facet normal 0 -1 -0
    outer loop
      vertex 96.5927 -40 68.0177
      vertex 93.6699 -40 66.3302
      vertex 96.6489 -40 67.9274
    endloop
  endfacet
  facet normal 0 -1 0
    outer loop
      vertex 93.8427 -40 66.0523
      vertex 96.6489 -40 67.9274
      vertex 93.6699 -40 66.3302
    endloop
  endfacet
  facet normal 0 -1 -0
    outer loop
      vertex 96.6489 -40 67.9274
      vertex 93.8427 -40 66.0523
      vertex 96.7108 -40 67.841
    endloop
  endfacet
  facet normal 0 -1 0
    outer loop
      vertex 94.0332 -40 65.7864
      vertex 96.7108 -40 67.841
      vertex 93.8427 -40 66.0523
    endloop
  endfacet
  facet normal 0 -1 -0
    outer loop
      vertex 96.7108 -40 67.841
      vertex 94.0332 -40 65.7864
      vertex 96.7783 -40 67.7588
    endloop
  endfacet
  facet normal 0 -1 0
    outer loop
      vertex 94.2408 -40 65.5335
      vertex 96.7783 -40 67.7588
      vertex 94.0332 -40 65.7864
    endloop
  endfacet
  facet normal 0 -1 -0
    outer loop
      vertex 96.7783 -40 67.7588
      vertex 94.2408 -40 65.5335
      vertex 96.851 -40 67.6811
    endloop
  endfacet
  facet normal 0 -1 0
    outer loop
      vertex 94.4645 -40 65.2947
      vertex 96.851 -40 67.6811
      vertex 94.2408 -40 65.5335
    endloop
  endfacet
  facet normal 0 -1 -0
    outer loop
      vertex 96.851 -40 67.6811
      vertex 94.4645 -40 65.2947
      vertex 96.9286 -40 67.6085
    endloop
  endfacet
  facet normal 0 -1 0
    outer loop
      vertex 94.7033 -40 65.071
      vertex 96.9286 -40 67.6085
      vertex 94.4645 -40 65.2947
    endloop
  endfacet
  facet normal 0 -1 -0
    outer loop
      vertex 96.9286 -40 67.6085
      vertex 94.7033 -40 65.071
      vertex 97.0108 -40 67.541
    endloop
  endfacet
  facet normal 0 -1 0
    outer loop
      vertex 94.9562 -40 64.8634
      vertex 97.0108 -40 67.541
      vertex 94.7033 -40 65.071
    endloop
  endfacet
  facet normal 0 -1 -0
    outer loop
      vertex 97.0108 -40 67.541
      vertex 94.9562 -40 64.8634
      vertex 97.0972 -40 67.479
    endloop
  endfacet
  facet normal 0 -1 0
    outer loop
      vertex 95.2222 -40 64.6728
      vertex 97.0972 -40 67.479
      vertex 94.9562 -40 64.8634
    endloop
  endfacet
  facet normal 0 -1 -0
    outer loop
      vertex 100.778 -40 72.9875
      vertex 98.9028 -40 70.1813
      vertex 101.044 -40 72.797
    endloop
  endfacet
  facet normal 0 -1 0
    outer loop
      vertex 98.9892 -40 70.1194
      vertex 101.044 -40 72.797
      vertex 98.9028 -40 70.1813
    endloop
  endfacet
  facet normal 0 -1 -0
    outer loop
      vertex 101.044 -40 72.797
      vertex 98.9892 -40 70.1194
      vertex 101.297 -40 72.5894
    endloop
  endfacet
  facet normal 0 -1 0
    outer loop
      vertex 99.0714 -40 70.0519
      vertex 101.297 -40 72.5894
      vertex 98.9892 -40 70.1194
    endloop
  endfacet
  facet normal 0 -1 -0
    outer loop
      vertex 101.297 -40 72.5894
      vertex 99.0714 -40 70.0519
      vertex 101.536 -40 72.3657
    endloop
  endfacet
  facet normal 0 -1 0
    outer loop
      vertex 99.149 -40 69.9792
      vertex 101.536 -40 72.3657
      vertex 99.0714 -40 70.0519
    endloop
  endfacet
  facet normal 0 -1 -0
    outer loop
      vertex 101.536 -40 72.3657
      vertex 99.149 -40 69.9792
      vertex 101.759 -40 72.1269
    endloop
  endfacet
  facet normal 0 -1 0
    outer loop
      vertex 99.2217 -40 69.9016
      vertex 101.759 -40 72.1269
      vertex 99.149 -40 69.9792
    endloop
  endfacet
  facet normal 0 -1 -0
    outer loop
      vertex 101.759 -40 72.1269
      vertex 99.2217 -40 69.9016
      vertex 101.967 -40 71.874
    endloop
  endfacet
  facet normal 0 -1 0
    outer loop
      vertex 99.2892 -40 69.8194
      vertex 101.967 -40 71.874
      vertex 99.2217 -40 69.9016
    endloop
  endfacet
  facet normal 0 -1 -0
    outer loop
      vertex 101.967 -40 71.874
      vertex 99.2892 -40 69.8194
      vertex 102.157 -40 71.608
    endloop
  endfacet
  facet normal 0 -1 0
    outer loop
      vertex 99.3511 -40 69.733
      vertex 102.157 -40 71.608
      vertex 99.2892 -40 69.8194
    endloop
  endfacet
  facet normal 0 -1 -0
    outer loop
      vertex 102.157 -40 71.608
      vertex 99.3511 -40 69.733
      vertex 102.33 -40 71.3302
    endloop
  endfacet
  facet normal 0 -1 0
    outer loop
      vertex 99.4073 -40 69.6427
      vertex 102.33 -40 71.3302
      vertex 99.3511 -40 69.733
    endloop
  endfacet
  facet normal 0 -1 -0
    outer loop
      vertex 102.33 -40 71.3302
      vertex 99.4073 -40 69.6427
      vertex 102.484 -40 71.0416
    endloop
  endfacet
  facet normal 0 -1 0
    outer loop
      vertex 99.4574 -40 69.5489
      vertex 102.484 -40 71.0416
      vertex 99.4073 -40 69.6427
    endloop
  endfacet
  facet normal 0 -1 -0
    outer loop
      vertex 102.484 -40 71.0416
      vertex 99.4574 -40 69.5489
      vertex 102.619 -40 70.7436
    endloop
  endfacet
  facet normal 0 -1 0
    outer loop
      vertex 99.5013 -40 69.452
      vertex 102.619 -40 70.7436
      vertex 99.4574 -40 69.5489
    endloop
  endfacet
  facet normal 0 -1 -0
    outer loop
      vertex 102.619 -40 70.7436
      vertex 99.5013 -40 69.452
      vertex 102.735 -40 70.4374
    endloop
  endfacet
  facet normal 0 -1 0
    outer loop
      vertex 99.5388 -40 69.3525
      vertex 102.735 -40 70.4374
      vertex 99.5013 -40 69.452
    endloop
  endfacet
  facet normal 0 -1 -0
    outer loop
      vertex 102.735 -40 70.4374
      vertex 99.5388 -40 69.3525
      vertex 102.83 -40 70.1243
    endloop
  endfacet
  facet normal 0 -1 0
    outer loop
      vertex 99.5696 -40 69.2508
      vertex 102.83 -40 70.1243
      vertex 99.5388 -40 69.3525
    endloop
  endfacet
  facet normal 0 -1 -0
    outer loop
      vertex 102.83 -40 70.1243
      vertex 99.5696 -40 69.2508
      vertex 102.904 -40 69.8056
    endloop
  endfacet
  facet normal 0 -1 0
    outer loop
      vertex 99.5938 -40 69.1472
      vertex 102.904 -40 69.8056
      vertex 99.5696 -40 69.2508
    endloop
  endfacet
  facet normal 0 -1 -0
    outer loop
      vertex 102.904 -40 69.8056
      vertex 99.5938 -40 69.1472
      vertex 102.957 -40 69.4828
    endloop
  endfacet
  facet normal 0 -1 0
    outer loop
      vertex 99.6111 -40 69.0423
      vertex 102.957 -40 69.4828
      vertex 99.5938 -40 69.1472
    endloop
  endfacet
  facet normal 0 -1 -0
    outer loop
      vertex 102.957 -40 69.4828
      vertex 99.6111 -40 69.0423
      vertex 102.989 -40 69.1572
    endloop
  endfacet
  facet normal 0 -1 0
    outer loop
      vertex 99.6215 -40 68.9365
      vertex 102.989 -40 69.1572
      vertex 99.6111 -40 69.0423
    endloop
  endfacet
  facet normal 0 -1 0
    outer loop
      vertex 99.625 -40 68.8302
      vertex 102.989 -40 69.1572
      vertex 99.6215 -40 68.9365
    endloop
  endfacet
  facet normal 0 -1 0
    outer loop
      vertex 99.625 -40 68.8302
      vertex 103 -40 68.8302
      vertex 102.989 -40 69.1572
    endloop
  endfacet
  facet normal 0 -1 0
    outer loop
      vertex 99.6215 -40 68.7239
      vertex 103 -40 68.8302
      vertex 99.625 -40 68.8302
    endloop
  endfacet
  facet normal 0 -1 0
    outer loop
      vertex 102.989 -40 68.5032
      vertex 99.6215 -40 68.7239
      vertex 99.6111 -40 68.6181
    endloop
  endfacet
  facet normal 0 -1 0
    outer loop
      vertex 102.957 -40 68.1776
      vertex 99.6111 -40 68.6181
      vertex 99.5938 -40 68.5132
    endloop
  endfacet
  facet normal 0 -1 0
    outer loop
      vertex 99.6215 -40 68.7239
      vertex 102.989 -40 68.5032
      vertex 103 -40 68.8302
    endloop
  endfacet
  facet normal 0 -1 0
    outer loop
      vertex 102.904 -40 67.8547
      vertex 99.5938 -40 68.5132
      vertex 99.5696 -40 68.4096
    endloop
  endfacet
  facet normal 0 -1 0
    outer loop
      vertex 102.83 -40 67.5361
      vertex 99.5696 -40 68.4096
      vertex 99.5388 -40 68.3078
    endloop
  endfacet
  facet normal 0 -1 0
    outer loop
      vertex 102.735 -40 67.223
      vertex 99.5388 -40 68.3078
      vertex 99.5013 -40 68.2083
    endloop
  endfacet
  facet normal 0 -1 0
    outer loop
      vertex 99.6111 -40 68.6181
      vertex 102.957 -40 68.1776
      vertex 102.989 -40 68.5032
    endloop
  endfacet
  facet normal 0 -1 0
    outer loop
      vertex 102.619 -40 66.9168
      vertex 99.5013 -40 68.2083
      vertex 99.4574 -40 68.1115
    endloop
  endfacet
  facet normal 0 -1 0
    outer loop
      vertex 102.484 -40 66.6187
      vertex 99.4574 -40 68.1115
      vertex 99.4073 -40 68.0177
    endloop
  endfacet
  facet normal 0 -1 0
    outer loop
      vertex 102.33 -40 66.3302
      vertex 99.4073 -40 68.0177
      vertex 99.3511 -40 67.9274
    endloop
  endfacet
  facet normal 0 -1 0
    outer loop
      vertex 99.5938 -40 68.5132
      vertex 102.904 -40 67.8547
      vertex 102.957 -40 68.1776
    endloop
  endfacet
  facet normal 0 -1 0
    outer loop
      vertex 102.157 -40 66.0523
      vertex 99.3511 -40 67.9274
      vertex 99.2892 -40 67.841
    endloop
  endfacet
  facet normal 0 -1 0
    outer loop
      vertex 101.967 -40 65.7864
      vertex 99.2892 -40 67.841
      vertex 99.2217 -40 67.7588
    endloop
  endfacet
  facet normal 0 -1 0
    outer loop
      vertex 101.759 -40 65.5335
      vertex 99.2217 -40 67.7588
      vertex 99.149 -40 67.6811
    endloop
  endfacet
  facet normal 0 -1 0
    outer loop
      vertex 101.536 -40 65.2947
      vertex 99.149 -40 67.6811
      vertex 99.0714 -40 67.6085
    endloop
  endfacet
  facet normal 0 -1 0
    outer loop
      vertex 101.297 -40 65.071
      vertex 99.0714 -40 67.6085
      vertex 98.9892 -40 67.541
    endloop
  endfacet
  facet normal 0 -1 0
    outer loop
      vertex 99.5696 -40 68.4096
      vertex 102.83 -40 67.5361
      vertex 102.904 -40 67.8547
    endloop
  endfacet
  facet normal 0 -1 0
    outer loop
      vertex 101.044 -40 64.8634
      vertex 98.9892 -40 67.541
      vertex 98.9028 -40 67.479
    endloop
  endfacet
  facet normal 0 -1 0
    outer loop
      vertex 100.778 -40 64.6728
      vertex 98.9028 -40 67.479
      vertex 98.8125 -40 67.4229
    endloop
  endfacet
  facet normal 0 -1 0
    outer loop
      vertex 100.5 -40 64.5001
      vertex 98.8125 -40 67.4229
      vertex 98.7187 -40 67.3728
    endloop
  endfacet
  facet normal 0 -1 0
    outer loop
      vertex 100.211 -40 64.3458
      vertex 98.7187 -40 67.3728
      vertex 98.6219 -40 67.3289
    endloop
  endfacet
  facet normal 0 -1 0
    outer loop
      vertex 99.9134 -40 64.2108
      vertex 98.6219 -40 67.3289
      vertex 98.5223 -40 67.2914
    endloop
  endfacet
  facet normal 0 -1 0
    outer loop
      vertex 99.6072 -40 64.0955
      vertex 98.5223 -40 67.2914
      vertex 98.4206 -40 67.2606
    endloop
  endfacet
  facet normal 0 -1 0
    outer loop
      vertex 99.2941 -40 64.0006
      vertex 98.4206 -40 67.2606
      vertex 98.317 -40 67.2364
    endloop
  endfacet
  facet normal 0 -1 0
    outer loop
      vertex 99.5388 -40 68.3078
      vertex 102.735 -40 67.223
      vertex 102.83 -40 67.5361
    endloop
  endfacet
  facet normal 0 -1 0
    outer loop
      vertex 98.9754 -40 63.9263
      vertex 98.317 -40 67.2364
      vertex 98.2121 -40 67.2191
    endloop
  endfacet
  facet normal 0 -1 0
    outer loop
      vertex 98.6526 -40 63.873
      vertex 98.2121 -40 67.2191
      vertex 98.1063 -40 67.2087
    endloop
  endfacet
  facet normal 0 -1 0
    outer loop
      vertex 98.327 -40 63.8409
      vertex 98.1063 -40 67.2087
      vertex 98 -40 67.2052
    endloop
  endfacet
  facet normal 0 -1 -0
    outer loop
      vertex 97.0972 -40 67.479
      vertex 95.2222 -40 64.6728
      vertex 97.1875 -40 67.4229
    endloop
  endfacet
  facet normal 0 -1 0
    outer loop
      vertex 99.5013 -40 68.2083
      vertex 102.619 -40 66.9168
      vertex 102.735 -40 67.223
    endloop
  endfacet
  facet normal 0 -1 0
    outer loop
      vertex 95.5 -40 64.5001
      vertex 97.1875 -40 67.4229
      vertex 95.2222 -40 64.6728
    endloop
  endfacet
  facet normal 0 -1 0
    outer loop
      vertex 99.4574 -40 68.1115
      vertex 102.484 -40 66.6187
      vertex 102.619 -40 66.9168
    endloop
  endfacet
  facet normal 0 -1 -0
    outer loop
      vertex 97.1875 -40 67.4229
      vertex 95.5 -40 64.5001
      vertex 97.2813 -40 67.3728
    endloop
  endfacet
  facet normal 0 -1 0
    outer loop
      vertex 99.4073 -40 68.0177
      vertex 102.33 -40 66.3302
      vertex 102.484 -40 66.6187
    endloop
  endfacet
  facet normal 0 -1 0
    outer loop
      vertex 95.7886 -40 64.3458
      vertex 97.2813 -40 67.3728
      vertex 95.5 -40 64.5001
    endloop
  endfacet
  facet normal 0 -1 0
    outer loop
      vertex 99.3511 -40 67.9274
      vertex 102.157 -40 66.0523
      vertex 102.33 -40 66.3302
    endloop
  endfacet
  facet normal 0 -1 -0
    outer loop
      vertex 97.2813 -40 67.3728
      vertex 95.7886 -40 64.3458
      vertex 97.3781 -40 67.3289
    endloop
  endfacet
  facet normal 0 -1 0
    outer loop
      vertex 99.2892 -40 67.841
      vertex 101.967 -40 65.7864
      vertex 102.157 -40 66.0523
    endloop
  endfacet
  facet normal 0 -1 0
    outer loop
      vertex 96.0866 -40 64.2108
      vertex 97.3781 -40 67.3289
      vertex 95.7886 -40 64.3458
    endloop
  endfacet
  facet normal 0 -1 0
    outer loop
      vertex 99.2217 -40 67.7588
      vertex 101.759 -40 65.5335
      vertex 101.967 -40 65.7864
    endloop
  endfacet
  facet normal 0 -1 -0
    outer loop
      vertex 97.3781 -40 67.3289
      vertex 96.0866 -40 64.2108
      vertex 97.4777 -40 67.2914
    endloop
  endfacet
  facet normal 0 -1 0
    outer loop
      vertex 99.149 -40 67.6811
      vertex 101.536 -40 65.2947
      vertex 101.759 -40 65.5335
    endloop
  endfacet
  facet normal 0 -1 0
    outer loop
      vertex 96.3928 -40 64.0955
      vertex 97.4777 -40 67.2914
      vertex 96.0866 -40 64.2108
    endloop
  endfacet
  facet normal 0 -1 0
    outer loop
      vertex 99.0714 -40 67.6085
      vertex 101.297 -40 65.071
      vertex 101.536 -40 65.2947
    endloop
  endfacet
  facet normal 0 -1 -0
    outer loop
      vertex 97.4777 -40 67.2914
      vertex 96.3928 -40 64.0955
      vertex 97.5794 -40 67.2606
    endloop
  endfacet
  facet normal 0 -1 0
    outer loop
      vertex 98.9892 -40 67.541
      vertex 101.044 -40 64.8634
      vertex 101.297 -40 65.071
    endloop
  endfacet
  facet normal 0 -1 0
    outer loop
      vertex 96.7059 -40 64.0006
      vertex 97.5794 -40 67.2606
      vertex 96.3928 -40 64.0955
    endloop
  endfacet
  facet normal 0 -1 0
    outer loop
      vertex 98.9028 -40 67.479
      vertex 100.778 -40 64.6728
      vertex 101.044 -40 64.8634
    endloop
  endfacet
  facet normal 0 -1 -0
    outer loop
      vertex 97.5794 -40 67.2606
      vertex 96.7059 -40 64.0006
      vertex 97.683 -40 67.2364
    endloop
  endfacet
  facet normal 0 -1 0
    outer loop
      vertex 98.8125 -40 67.4229
      vertex 100.5 -40 64.5001
      vertex 100.778 -40 64.6728
    endloop
  endfacet
  facet normal 0 -1 0
    outer loop
      vertex 97.0246 -40 63.9263
      vertex 97.683 -40 67.2364
      vertex 96.7059 -40 64.0006
    endloop
  endfacet
  facet normal 0 -1 0
    outer loop
      vertex 98.7187 -40 67.3728
      vertex 100.211 -40 64.3458
      vertex 100.5 -40 64.5001
    endloop
  endfacet
  facet normal 0 -1 -0
    outer loop
      vertex 97.683 -40 67.2364
      vertex 97.0246 -40 63.9263
      vertex 97.7879 -40 67.2191
    endloop
  endfacet
  facet normal 0 -1 0
    outer loop
      vertex 98.6219 -40 67.3289
      vertex 99.9134 -40 64.2108
      vertex 100.211 -40 64.3458
    endloop
  endfacet
  facet normal 0 -1 0
    outer loop
      vertex 97.3474 -40 63.873
      vertex 97.7879 -40 67.2191
      vertex 97.0246 -40 63.9263
    endloop
  endfacet
  facet normal 0 -1 0
    outer loop
      vertex 98.5223 -40 67.2914
      vertex 99.6072 -40 64.0955
      vertex 99.9134 -40 64.2108
    endloop
  endfacet
  facet normal 0 -1 -0
    outer loop
      vertex 97.7879 -40 67.2191
      vertex 97.3474 -40 63.873
      vertex 97.8937 -40 67.2087
    endloop
  endfacet
  facet normal 0 -1 0
    outer loop
      vertex 98.4206 -40 67.2606
      vertex 99.2941 -40 64.0006
      vertex 99.6072 -40 64.0955
    endloop
  endfacet
  facet normal 0 -1 0
    outer loop
      vertex 97.673 -40 63.8409
      vertex 97.8937 -40 67.2087
      vertex 97.3474 -40 63.873
    endloop
  endfacet
  facet normal 0 -1 0
    outer loop
      vertex 98.317 -40 67.2364
      vertex 98.9754 -40 63.9263
      vertex 99.2941 -40 64.0006
    endloop
  endfacet
  facet normal 0 -1 -0
    outer loop
      vertex 97.8937 -40 67.2087
      vertex 97.673 -40 63.8409
      vertex 98 -40 67.2052
    endloop
  endfacet
  facet normal 0 -1 0
    outer loop
      vertex 98.2121 -40 67.2191
      vertex 98.6526 -40 63.873
      vertex 98.9754 -40 63.9263
    endloop
  endfacet
  facet normal 0 -1 0
    outer loop
      vertex 98 -40 63.8302
      vertex 98 -40 67.2052
      vertex 97.673 -40 63.8409
    endloop
  endfacet
  facet normal 0 -1 0
    outer loop
      vertex 98.1063 -40 67.2087
      vertex 98.327 -40 63.8409
      vertex 98.6526 -40 63.873
    endloop
  endfacet
  facet normal 0 -1 0
    outer loop
      vertex 98 -40 67.2052
      vertex 98 -40 63.8302
      vertex 98.327 -40 63.8409
    endloop
  endfacet
  facet normal -0.995175 0 0.0981116
    outer loop
      vertex 93.0107 -40 69.1572
      vertex 93.0428 -16 69.4828
      vertex 93.0107 -16 69.1572
    endloop
  endfacet
  facet normal -0.995175 0 0.0981116
    outer loop
      vertex 93.0428 -16 69.4828
      vertex 93.0107 -40 69.1572
      vertex 93.0428 -40 69.4828
    endloop
  endfacet
  facet normal -0.634485 0 0.772935
    outer loop
      vertex 94.7033 -16 72.5894
      vertex 94.9562 -40 72.797
      vertex 94.9562 -16 72.797
    endloop
  endfacet
  facet normal -0.634485 0 0.772935
    outer loop
      vertex 94.9562 -40 72.797
      vertex 94.7033 -16 72.5894
      vertex 94.7033 -40 72.5894
    endloop
  endfacet
  facet normal -0.227046 0 0.973884
    outer loop
      vertex 96.7059 -16 73.6598
      vertex 97.0246 -40 73.7341
      vertex 97.0246 -16 73.7341
    endloop
  endfacet
  facet normal -0.227046 0 0.973884
    outer loop
      vertex 97.0246 -40 73.7341
      vertex 96.7059 -16 73.6598
      vertex 96.7059 -40 73.6598
    endloop
  endfacet
  facet normal 0.848941 0 -0.528488
    outer loop
      vertex 102.33 -40 66.3302
      vertex 102.157 -16 66.0523
      vertex 102.33 -16 66.3302
    endloop
  endfacet
  facet normal 0.848941 0 -0.528488
    outer loop
      vertex 102.157 -16 66.0523
      vertex 102.33 -40 66.3302
      vertex 102.157 -40 66.0523
    endloop
  endfacet
  facet normal 0.974071 0 -0.226244
    outer loop
      vertex 102.904 -40 67.8547
      vertex 102.83 -16 67.5361
      vertex 102.904 -16 67.8547
    endloop
  endfacet
  facet normal 0.974071 0 -0.226244
    outer loop
      vertex 102.83 -16 67.5361
      vertex 102.904 -40 67.8547
      vertex 102.83 -40 67.5361
    endloop
  endfacet
  facet normal -0.227046 0 -0.973884
    outer loop
      vertex 96.7059 -40 64.0006
      vertex 97.0246 -16 63.9263
      vertex 97.0246 -40 63.9263
    endloop
  endfacet
  facet normal -0.227046 0 -0.973884
    outer loop
      vertex 97.0246 -16 63.9263
      vertex 96.7059 -40 64.0006
      vertex 96.7059 -16 64.0006
    endloop
  endfacet
  facet normal -0.956922 0 -0.290347
    outer loop
      vertex 93.2654 -40 67.223
      vertex 93.1704 -16 67.5361
      vertex 93.2654 -16 67.223
    endloop
  endfacet
  facet normal -0.956922 -0 -0.290347
    outer loop
      vertex 93.1704 -16 67.5361
      vertex 93.2654 -40 67.223
      vertex 93.1704 -40 67.5361
    endloop
  endfacet
  facet normal -0.995175 0 -0.0981116
    outer loop
      vertex 93.0428 -40 68.1776
      vertex 93.0107 -16 68.5032
      vertex 93.0428 -16 68.1776
    endloop
  endfacet
  facet normal -0.995175 -0 -0.0981116
    outer loop
      vertex 93.0107 -16 68.5032
      vertex 93.0428 -40 68.1776
      vertex 93.0107 -40 68.5032
    endloop
  endfacet
  facet normal -0.999458 0 -0.0329078
    outer loop
      vertex 99.625 -40 68.8302
      vertex 99.6215 -16 68.9365
      vertex 99.625 -16 68.8302
    endloop
  endfacet
  facet normal -0.999458 -0 -0.0329078
    outer loop
      vertex 99.6215 -16 68.9365
      vertex 99.625 -40 68.8302
      vertex 99.6215 -40 68.9365
    endloop
  endfacet
  facet normal 0.999458 0 -0.0329078
    outer loop
      vertex 96.3785 -40 68.9365
      vertex 96.375 -16 68.8302
      vertex 96.3785 -16 68.9365
    endloop
  endfacet
  facet normal 0.999458 0 -0.0329078
    outer loop
      vertex 96.375 -16 68.8302
      vertex 96.3785 -40 68.9365
      vertex 96.375 -40 68.8302
    endloop
  endfacet
  facet normal -0.0329078 0 -0.999458
    outer loop
      vertex 98 -40 70.4552
      vertex 98.1063 -16 70.4517
      vertex 98.1063 -40 70.4517
    endloop
  endfacet
  facet normal -0.0329078 0 -0.999458
    outer loop
      vertex 98.1063 -16 70.4517
      vertex 98 -40 70.4552
      vertex 98 -16 70.4552
    endloop
  endfacet
  facet normal 0.0329078 0 0.999458
    outer loop
      vertex 97.8937 -16 67.2087
      vertex 98 -40 67.2052
      vertex 98 -16 67.2052
    endloop
  endfacet
  facet normal 0.0329078 0 0.999458
    outer loop
      vertex 98 -40 67.2052
      vertex 97.8937 -16 67.2087
      vertex 97.8937 -40 67.2087
    endloop
  endfacet
  facet normal -0.683691 0 -0.729772
    outer loop
      vertex 99.0714 -40 70.0519
      vertex 99.149 -16 69.9792
      vertex 99.149 -40 69.9792
    endloop
  endfacet
  facet normal -0.683691 0 -0.729772
    outer loop
      vertex 99.149 -16 69.9792
      vertex 99.0714 -40 70.0519
      vertex 99.0714 -16 70.0519
    endloop
  endfacet
  facet normal 0.683691 0 -0.729772
    outer loop
      vertex 96.851 -40 69.9792
      vertex 96.9286 -16 70.0519
      vertex 96.9286 -40 70.0519
    endloop
  endfacet
  facet normal 0.683691 0 -0.729772
    outer loop
      vertex 96.9286 -16 70.0519
      vertex 96.851 -40 69.9792
      vertex 96.851 -16 69.9792
    endloop
  endfacet
  facet normal 0.351535 0 -0.936175
    outer loop
      vertex 97.3781 -40 70.3315
      vertex 97.4777 -16 70.3689
      vertex 97.4777 -40 70.3689
    endloop
  endfacet
  facet normal 0.351535 0 -0.936175
    outer loop
      vertex 97.4777 -16 70.3689
      vertex 97.3781 -40 70.3315
      vertex 97.3781 -16 70.3315
    endloop
  endfacet
  facet normal -0.910881 0 -0.412669
    outer loop
      vertex 99.5013 -40 69.452
      vertex 99.4574 -16 69.5489
      vertex 99.5013 -16 69.452
    endloop
  endfacet
  facet normal -0.910881 -0 -0.412669
    outer loop
      vertex 99.4574 -16 69.5489
      vertex 99.5013 -40 69.452
      vertex 99.4574 -40 69.5489
    endloop
  endfacet
  facet normal -0.351535 0 -0.936175
    outer loop
      vertex 98.5223 -40 70.3689
      vertex 98.6219 -16 70.3315
      vertex 98.6219 -40 70.3315
    endloop
  endfacet
  facet normal -0.351535 0 -0.936175
    outer loop
      vertex 98.6219 -16 70.3315
      vertex 98.5223 -40 70.3689
      vertex 98.5223 -16 70.3689
    endloop
  endfacet
  facet normal -0.528392 0 -0.849
    outer loop
      vertex 98.8125 -40 70.2375
      vertex 98.9028 -16 70.1813
      vertex 98.9028 -40 70.1813
    endloop
  endfacet
  facet normal -0.528392 0 -0.849
    outer loop
      vertex 98.9028 -16 70.1813
      vertex 98.8125 -40 70.2375
      vertex 98.8125 -16 70.2375
    endloop
  endfacet
  facet normal 0.910881 0 -0.412669
    outer loop
      vertex 96.5426 -40 69.5489
      vertex 96.4987 -16 69.452
      vertex 96.5426 -16 69.5489
    endloop
  endfacet
  facet normal 0.910881 0 -0.412669
    outer loop
      vertex 96.4987 -16 69.452
      vertex 96.5426 -40 69.5489
      vertex 96.4987 -40 69.452
    endloop
  endfacet
  facet normal 0.162721 0 -0.986672
    outer loop
      vertex 97.683 -40 70.424
      vertex 97.7879 -16 70.4413
      vertex 97.7879 -40 70.4413
    endloop
  endfacet
  facet normal 0.162721 0 -0.986672
    outer loop
      vertex 97.7879 -16 70.4413
      vertex 97.683 -40 70.424
      vertex 97.683 -16 70.424
    endloop
  endfacet
  facet normal 0.730211 -0 0.683222
    outer loop
      vertex 96.7783 -40 67.7588
      vertex 96.851 -16 67.6811
      vertex 96.7783 -16 67.7588
    endloop
  endfacet
  facet normal 0.730211 0 0.683222
    outer loop
      vertex 96.851 -16 67.6811
      vertex 96.7783 -40 67.7588
      vertex 96.851 -40 67.6811
    endloop
  endfacet
  facet normal -0.973786 0 -0.227467
    outer loop
      vertex 99.5938 -40 69.1472
      vertex 99.5696 -16 69.2508
      vertex 99.5938 -16 69.1472
    endloop
  endfacet
  facet normal -0.973786 -0 -0.227467
    outer loop
      vertex 99.5696 -16 69.2508
      vertex 99.5938 -40 69.1472
      vertex 99.5696 -40 69.2508
    endloop
  endfacet
  facet normal -0.957072 0 -0.289851
    outer loop
      vertex 99.5696 -40 69.2508
      vertex 99.5388 -16 69.3525
      vertex 99.5696 -16 69.2508
    endloop
  endfacet
  facet normal -0.957072 -0 -0.289851
    outer loop
      vertex 99.5388 -16 69.3525
      vertex 99.5696 -40 69.2508
      vertex 99.5388 -40 69.3525
    endloop
  endfacet
  facet normal -0.812906 0 -0.582395
    outer loop
      vertex 99.3511 -40 69.733
      vertex 99.2892 -16 69.8194
      vertex 99.3511 -16 69.733
    endloop
  endfacet
  facet normal -0.812906 -0 -0.582395
    outer loop
      vertex 99.2892 -16 69.8194
      vertex 99.3511 -40 69.733
      vertex 99.2892 -40 69.8194
    endloop
  endfacet
  facet normal -0.772825 0 -0.634619
    outer loop
      vertex 99.2892 -40 69.8194
      vertex 99.2217 -16 69.9016
      vertex 99.2892 -16 69.8194
    endloop
  endfacet
  facet normal -0.772825 -0 -0.634619
    outer loop
      vertex 99.2217 -16 69.9016
      vertex 99.2892 -40 69.8194
      vertex 99.2217 -40 69.9016
    endloop
  endfacet
  facet normal -0.849 0 -0.528392
    outer loop
      vertex 99.4073 -40 69.6427
      vertex 99.3511 -16 69.733
      vertex 99.4073 -16 69.6427
    endloop
  endfacet
  facet normal -0.849 -0 -0.528392
    outer loop
      vertex 99.3511 -16 69.733
      vertex 99.4073 -40 69.6427
      vertex 99.3511 -40 69.733
    endloop
  endfacet
  facet normal -0.227467 0 -0.973786
    outer loop
      vertex 98.317 -40 70.424
      vertex 98.4206 -16 70.3998
      vertex 98.4206 -40 70.3998
    endloop
  endfacet
  facet normal -0.227467 0 -0.973786
    outer loop
      vertex 98.4206 -16 70.3998
      vertex 98.317 -40 70.424
      vertex 98.317 -16 70.424
    endloop
  endfacet
  facet normal -0.290712 0 -0.956811
    outer loop
      vertex 98.4206 -40 70.3998
      vertex 98.5223 -16 70.3689
      vertex 98.5223 -40 70.3689
    endloop
  endfacet
  facet normal -0.290712 0 -0.956811
    outer loop
      vertex 98.5223 -16 70.3689
      vertex 98.4206 -40 70.3998
      vertex 98.4206 -16 70.3998
    endloop
  endfacet
  facet normal -0.162721 0 -0.986672
    outer loop
      vertex 98.2121 -40 70.4413
      vertex 98.317 -16 70.424
      vertex 98.317 -40 70.424
    endloop
  endfacet
  facet normal -0.162721 0 -0.986672
    outer loop
      vertex 98.317 -16 70.424
      vertex 98.2121 -40 70.4413
      vertex 98.2121 -16 70.4413
    endloop
  endfacet
  facet normal -0.413023 0 -0.910721
    outer loop
      vertex 98.6219 -40 70.3315
      vertex 98.7187 -16 70.2876
      vertex 98.7187 -40 70.2876
    endloop
  endfacet
  facet normal -0.413023 0 -0.910721
    outer loop
      vertex 98.7187 -16 70.2876
      vertex 98.6219 -40 70.3315
      vertex 98.6219 -16 70.3315
    endloop
  endfacet
  facet normal -0.582395 0 -0.812906
    outer loop
      vertex 98.9028 -40 70.1813
      vertex 98.9892 -16 70.1194
      vertex 98.9892 -40 70.1194
    endloop
  endfacet
  facet normal -0.582395 0 -0.812906
    outer loop
      vertex 98.9892 -16 70.1194
      vertex 98.9028 -40 70.1813
      vertex 98.9028 -16 70.1813
    endloop
  endfacet
  facet normal 0.957072 0 -0.289851
    outer loop
      vertex 96.4612 -40 69.3525
      vertex 96.4304 -16 69.2508
      vertex 96.4612 -16 69.3525
    endloop
  endfacet
  facet normal 0.957072 0 -0.289851
    outer loop
      vertex 96.4304 -16 69.2508
      vertex 96.4612 -40 69.3525
      vertex 96.4304 -40 69.2508
    endloop
  endfacet
  facet normal 0.772825 0 -0.634619
    outer loop
      vertex 96.7783 -40 69.9016
      vertex 96.7108 -16 69.8194
      vertex 96.7783 -16 69.9016
    endloop
  endfacet
  facet normal 0.772825 0 -0.634619
    outer loop
      vertex 96.7108 -16 69.8194
      vertex 96.7783 -40 69.9016
      vertex 96.7108 -40 69.8194
    endloop
  endfacet
  facet normal 0.729772 0 -0.683691
    outer loop
      vertex 96.851 -40 69.9792
      vertex 96.7783 -16 69.9016
      vertex 96.851 -16 69.9792
    endloop
  endfacet
  facet normal 0.729772 0 -0.683691
    outer loop
      vertex 96.7783 -16 69.9016
      vertex 96.851 -40 69.9792
      vertex 96.7783 -40 69.9016
    endloop
  endfacet
  facet normal 0.849 0 -0.528392
    outer loop
      vertex 96.6489 -40 69.733
      vertex 96.5927 -16 69.6427
      vertex 96.6489 -16 69.733
    endloop
  endfacet
  facet normal 0.849 0 -0.528392
    outer loop
      vertex 96.5927 -16 69.6427
      vertex 96.6489 -40 69.733
      vertex 96.5927 -40 69.6427
    endloop
  endfacet
  facet normal 0.935748 0 -0.352669
    outer loop
      vertex 96.4987 -40 69.452
      vertex 96.4612 -16 69.3525
      vertex 96.4987 -16 69.452
    endloop
  endfacet
  facet normal 0.935748 0 -0.352669
    outer loop
      vertex 96.4612 -16 69.3525
      vertex 96.4987 -40 69.452
      vertex 96.4612 -40 69.3525
    endloop
  endfacet
  facet normal 0.986672 0 -0.162721
    outer loop
      vertex 96.4062 -40 69.1472
      vertex 96.3889 -16 69.0423
      vertex 96.4062 -16 69.1472
    endloop
  endfacet
  facet normal 0.986672 0 -0.162721
    outer loop
      vertex 96.3889 -16 69.0423
      vertex 96.4062 -40 69.1472
      vertex 96.3889 -40 69.0423
    endloop
  endfacet
  facet normal 0.528392 0 -0.849
    outer loop
      vertex 97.0972 -40 70.1813
      vertex 97.1875 -16 70.2375
      vertex 97.1875 -40 70.2375
    endloop
  endfacet
  facet normal 0.528392 0 -0.849
    outer loop
      vertex 97.1875 -16 70.2375
      vertex 97.0972 -40 70.1813
      vertex 97.0972 -16 70.1813
    endloop
  endfacet
  facet normal 0.471125 0 -0.882066
    outer loop
      vertex 97.1875 -40 70.2375
      vertex 97.2813 -16 70.2876
      vertex 97.2813 -40 70.2876
    endloop
  endfacet
  facet normal 0.471125 0 -0.882066
    outer loop
      vertex 97.2813 -16 70.2876
      vertex 97.1875 -40 70.2375
      vertex 97.1875 -16 70.2375
    endloop
  endfacet
  facet normal 0.634619 0 -0.772825
    outer loop
      vertex 96.9286 -40 70.0519
      vertex 97.0108 -16 70.1194
      vertex 97.0108 -40 70.1194
    endloop
  endfacet
  facet normal 0.634619 0 -0.772825
    outer loop
      vertex 97.0108 -16 70.1194
      vertex 96.9286 -40 70.0519
      vertex 96.9286 -16 70.0519
    endloop
  endfacet
  facet normal 0.290712 0 -0.956811
    outer loop
      vertex 97.4777 -40 70.3689
      vertex 97.5794 -16 70.3998
      vertex 97.5794 -40 70.3998
    endloop
  endfacet
  facet normal 0.290712 0 -0.956811
    outer loop
      vertex 97.5794 -16 70.3998
      vertex 97.4777 -40 70.3689
      vertex 97.4777 -16 70.3689
    endloop
  endfacet
  facet normal 0.0978272 0 -0.995203
    outer loop
      vertex 97.7879 -40 70.4413
      vertex 97.8937 -16 70.4517
      vertex 97.8937 -40 70.4517
    endloop
  endfacet
  facet normal 0.0978272 0 -0.995203
    outer loop
      vertex 97.8937 -16 70.4517
      vertex 97.7879 -40 70.4413
      vertex 97.7879 -16 70.4413
    endloop
  endfacet
  facet normal -0.730211 0 0.683222
    outer loop
      vertex 99.149 -40 67.6811
      vertex 99.2217 -16 67.7588
      vertex 99.149 -16 67.6811
    endloop
  endfacet
  facet normal -0.730211 0 0.683222
    outer loop
      vertex 99.2217 -16 67.7588
      vertex 99.149 -40 67.6811
      vertex 99.2217 -40 67.7588
    endloop
  endfacet
  facet normal -0.413023 0 0.910721
    outer loop
      vertex 98.6219 -16 67.3289
      vertex 98.7187 -40 67.3728
      vertex 98.7187 -16 67.3728
    endloop
  endfacet
  facet normal -0.413023 0 0.910721
    outer loop
      vertex 98.7187 -40 67.3728
      vertex 98.6219 -16 67.3289
      vertex 98.6219 -40 67.3289
    endloop
  endfacet
  facet normal -0.957151 0 0.28959
    outer loop
      vertex 99.5388 -40 68.3078
      vertex 99.5696 -16 68.4096
      vertex 99.5388 -16 68.3078
    endloop
  endfacet
  facet normal -0.957151 0 0.28959
    outer loop
      vertex 99.5696 -16 68.4096
      vertex 99.5388 -40 68.3078
      vertex 99.5696 -40 68.4096
    endloop
  endfacet
  facet normal 0.289851 0 0.957072
    outer loop
      vertex 97.4777 -16 67.2914
      vertex 97.5794 -40 67.2606
      vertex 97.5794 -16 67.2606
    endloop
  endfacet
  facet normal 0.289851 0 0.957072
    outer loop
      vertex 97.5794 -40 67.2606
      vertex 97.4777 -16 67.2914
      vertex 97.4777 -40 67.2914
    endloop
  endfacet
  facet normal 0.634619 0 0.772825
    outer loop
      vertex 96.9286 -16 67.6085
      vertex 97.0108 -40 67.541
      vertex 97.0108 -16 67.541
    endloop
  endfacet
  facet normal 0.634619 0 0.772825
    outer loop
      vertex 97.0108 -40 67.541
      vertex 96.9286 -16 67.6085
      vertex 96.9286 -40 67.6085
    endloop
  endfacet
  facet normal 0.68319 0 0.730241
    outer loop
      vertex 96.851 -16 67.6811
      vertex 96.9286 -40 67.6085
      vertex 96.9286 -16 67.6085
    endloop
  endfacet
  facet normal 0.68319 0 0.730241
    outer loop
      vertex 96.9286 -40 67.6085
      vertex 96.851 -16 67.6811
      vertex 96.851 -40 67.6811
    endloop
  endfacet
  facet normal 0.413023 0 0.910721
    outer loop
      vertex 97.2813 -16 67.3728
      vertex 97.3781 -40 67.3289
      vertex 97.3781 -16 67.3289
    endloop
  endfacet
  facet normal 0.413023 0 0.910721
    outer loop
      vertex 97.3781 -40 67.3289
      vertex 97.2813 -16 67.3728
      vertex 97.2813 -40 67.3728
    endloop
  endfacet
  facet normal 0.527714 0 0.849422
    outer loop
      vertex 97.0972 -16 67.479
      vertex 97.1875 -40 67.4229
      vertex 97.1875 -16 67.4229
    endloop
  endfacet
  facet normal 0.527714 0 0.849422
    outer loop
      vertex 97.1875 -40 67.4229
      vertex 97.0972 -16 67.479
      vertex 97.0972 -40 67.479
    endloop
  endfacet
  facet normal 0.352359 0 0.935865
    outer loop
      vertex 97.3781 -16 67.3289
      vertex 97.4777 -40 67.2914
      vertex 97.4777 -16 67.2914
    endloop
  endfacet
  facet normal 0.352359 0 0.935865
    outer loop
      vertex 97.4777 -40 67.2914
      vertex 97.3781 -16 67.3289
      vertex 97.3781 -40 67.3289
    endloop
  endfacet
  facet normal 0.162721 0 0.986672
    outer loop
      vertex 97.683 -16 67.2364
      vertex 97.7879 -40 67.2191
      vertex 97.7879 -16 67.2191
    endloop
  endfacet
  facet normal 0.162721 0 0.986672
    outer loop
      vertex 97.7879 -40 67.2191
      vertex 97.683 -16 67.2364
      vertex 97.683 -40 67.2364
    endloop
  endfacet
  facet normal 0.849 -0 0.528392
    outer loop
      vertex 96.5927 -40 68.0177
      vertex 96.6489 -16 67.9274
      vertex 96.5927 -16 68.0177
    endloop
  endfacet
  facet normal 0.849 0 0.528392
    outer loop
      vertex 96.6489 -16 67.9274
      vertex 96.5927 -40 68.0177
      vertex 96.6489 -40 67.9274
    endloop
  endfacet
  facet normal 0.935748 -0 0.352669
    outer loop
      vertex 96.4612 -40 68.3078
      vertex 96.4987 -16 68.2083
      vertex 96.4612 -16 68.3078
    endloop
  endfacet
  facet normal 0.935748 0 0.352669
    outer loop
      vertex 96.4987 -16 68.2083
      vertex 96.4612 -40 68.3078
      vertex 96.4987 -40 68.2083
    endloop
  endfacet
  facet normal -0.986672 0 -0.162721
    outer loop
      vertex 99.6111 -40 69.0423
      vertex 99.5938 -16 69.1472
      vertex 99.6111 -16 69.0423
    endloop
  endfacet
  facet normal -0.986672 -0 -0.162721
    outer loop
      vertex 99.5938 -16 69.1472
      vertex 99.6111 -40 69.0423
      vertex 99.5938 -40 69.1472
    endloop
  endfacet
  facet normal -0.995203 0 -0.0978272
    outer loop
      vertex 99.6215 -40 68.9365
      vertex 99.6111 -16 69.0423
      vertex 99.6215 -16 68.9365
    endloop
  endfacet
  facet normal -0.995203 -0 -0.0978272
    outer loop
      vertex 99.6111 -16 69.0423
      vertex 99.6215 -40 68.9365
      vertex 99.6111 -40 69.0423
    endloop
  endfacet
  facet normal -0.935748 0 -0.352669
    outer loop
      vertex 99.5388 -40 69.3525
      vertex 99.5013 -16 69.452
      vertex 99.5388 -16 69.3525
    endloop
  endfacet
  facet normal -0.935748 -0 -0.352669
    outer loop
      vertex 99.5013 -16 69.452
      vertex 99.5388 -40 69.3525
      vertex 99.5013 -40 69.452
    endloop
  endfacet
  facet normal -0.729772 0 -0.683691
    outer loop
      vertex 99.2217 -40 69.9016
      vertex 99.149 -16 69.9792
      vertex 99.2217 -16 69.9016
    endloop
  endfacet
  facet normal -0.729772 -0 -0.683691
    outer loop
      vertex 99.149 -16 69.9792
      vertex 99.2217 -40 69.9016
      vertex 99.149 -40 69.9792
    endloop
  endfacet
  facet normal -0.882066 0 -0.471125
    outer loop
      vertex 99.4574 -40 69.5489
      vertex 99.4073 -16 69.6427
      vertex 99.4574 -16 69.5489
    endloop
  endfacet
  facet normal -0.882066 -0 -0.471125
    outer loop
      vertex 99.4073 -16 69.6427
      vertex 99.4574 -40 69.5489
      vertex 99.4073 -40 69.6427
    endloop
  endfacet
  facet normal -0.0978272 0 -0.995203
    outer loop
      vertex 98.1063 -40 70.4517
      vertex 98.2121 -16 70.4413
      vertex 98.2121 -40 70.4413
    endloop
  endfacet
  facet normal -0.0978272 0 -0.995203
    outer loop
      vertex 98.2121 -16 70.4413
      vertex 98.1063 -40 70.4517
      vertex 98.1063 -16 70.4517
    endloop
  endfacet
  facet normal -0.471125 0 -0.882066
    outer loop
      vertex 98.7187 -40 70.2876
      vertex 98.8125 -16 70.2375
      vertex 98.8125 -40 70.2375
    endloop
  endfacet
  facet normal -0.471125 0 -0.882066
    outer loop
      vertex 98.8125 -16 70.2375
      vertex 98.7187 -40 70.2876
      vertex 98.7187 -16 70.2876
    endloop
  endfacet
  facet normal -0.634619 0 -0.772825
    outer loop
      vertex 98.9892 -40 70.1194
      vertex 99.0714 -16 70.0519
      vertex 99.0714 -40 70.0519
    endloop
  endfacet
  facet normal -0.634619 0 -0.772825
    outer loop
      vertex 99.0714 -16 70.0519
      vertex 98.9892 -40 70.1194
      vertex 98.9892 -16 70.1194
    endloop
  endfacet
  facet normal 0.812906 0 -0.582395
    outer loop
      vertex 96.7108 -40 69.8194
      vertex 96.6489 -16 69.733
      vertex 96.7108 -16 69.8194
    endloop
  endfacet
  facet normal 0.812906 0 -0.582395
    outer loop
      vertex 96.6489 -16 69.733
      vertex 96.7108 -40 69.8194
      vertex 96.6489 -40 69.733
    endloop
  endfacet
  facet normal 0.973786 0 -0.227467
    outer loop
      vertex 96.4304 -40 69.2508
      vertex 96.4062 -16 69.1472
      vertex 96.4304 -16 69.2508
    endloop
  endfacet
  facet normal 0.973786 0 -0.227467
    outer loop
      vertex 96.4062 -16 69.1472
      vertex 96.4304 -40 69.2508
      vertex 96.4062 -40 69.1472
    endloop
  endfacet
  facet normal 0.995203 0 -0.0978272
    outer loop
      vertex 96.3889 -40 69.0423
      vertex 96.3785 -16 68.9365
      vertex 96.3889 -16 69.0423
    endloop
  endfacet
  facet normal 0.995203 0 -0.0978272
    outer loop
      vertex 96.3785 -16 68.9365
      vertex 96.3889 -40 69.0423
      vertex 96.3785 -40 68.9365
    endloop
  endfacet
  facet normal 0.0329078 0 -0.999458
    outer loop
      vertex 97.8937 -40 70.4517
      vertex 98 -16 70.4552
      vertex 98 -40 70.4552
    endloop
  endfacet
  facet normal 0.0329078 0 -0.999458
    outer loop
      vertex 98 -16 70.4552
      vertex 97.8937 -40 70.4517
      vertex 97.8937 -16 70.4517
    endloop
  endfacet
  facet normal -0.0329078 0 0.999458
    outer loop
      vertex 98 -16 67.2052
      vertex 98.1063 -40 67.2087
      vertex 98.1063 -16 67.2087
    endloop
  endfacet
  facet normal -0.0329078 0 0.999458
    outer loop
      vertex 98.1063 -40 67.2087
      vertex 98 -16 67.2052
      vertex 98 -40 67.2052
    endloop
  endfacet
  facet normal -0.162721 0 0.986672
    outer loop
      vertex 98.2121 -16 67.2191
      vertex 98.317 -40 67.2364
      vertex 98.317 -16 67.2364
    endloop
  endfacet
  facet normal -0.162721 0 0.986672
    outer loop
      vertex 98.317 -40 67.2364
      vertex 98.2121 -16 67.2191
      vertex 98.2121 -40 67.2191
    endloop
  endfacet
  facet normal -0.227467 0 0.973786
    outer loop
      vertex 98.317 -16 67.2364
      vertex 98.4206 -40 67.2606
      vertex 98.4206 -16 67.2606
    endloop
  endfacet
  facet normal -0.227467 0 0.973786
    outer loop
      vertex 98.4206 -40 67.2606
      vertex 98.317 -16 67.2364
      vertex 98.317 -40 67.2364
    endloop
  endfacet
  facet normal -0.352359 0 0.935865
    outer loop
      vertex 98.5223 -16 67.2914
      vertex 98.6219 -40 67.3289
      vertex 98.6219 -16 67.3289
    endloop
  endfacet
  facet normal -0.352359 0 0.935865
    outer loop
      vertex 98.6219 -40 67.3289
      vertex 98.5223 -16 67.2914
      vertex 98.5223 -40 67.2914
    endloop
  endfacet
  facet normal -0.289851 0 0.957072
    outer loop
      vertex 98.4206 -16 67.2606
      vertex 98.5223 -40 67.2914
      vertex 98.5223 -16 67.2914
    endloop
  endfacet
  facet normal -0.289851 0 0.957072
    outer loop
      vertex 98.5223 -40 67.2914
      vertex 98.4206 -16 67.2606
      vertex 98.4206 -40 67.2606
    endloop
  endfacet
  facet normal -0.634619 0 0.772825
    outer loop
      vertex 98.9892 -16 67.541
      vertex 99.0714 -40 67.6085
      vertex 99.0714 -16 67.6085
    endloop
  endfacet
  facet normal -0.634619 0 0.772825
    outer loop
      vertex 99.0714 -40 67.6085
      vertex 98.9892 -16 67.541
      vertex 98.9892 -40 67.541
    endloop
  endfacet
  facet normal -0.583016 0 0.812461
    outer loop
      vertex 98.9028 -16 67.479
      vertex 98.9892 -40 67.541
      vertex 98.9892 -16 67.541
    endloop
  endfacet
  facet normal -0.583016 0 0.812461
    outer loop
      vertex 98.9892 -40 67.541
      vertex 98.9028 -16 67.479
      vertex 98.9028 -40 67.479
    endloop
  endfacet
  facet normal -0.68319 0 0.730241
    outer loop
      vertex 99.0714 -16 67.6085
      vertex 99.149 -40 67.6811
      vertex 99.149 -16 67.6811
    endloop
  endfacet
  facet normal -0.68319 0 0.730241
    outer loop
      vertex 99.149 -40 67.6811
      vertex 99.0714 -16 67.6085
      vertex 99.0714 -40 67.6085
    endloop
  endfacet
  facet normal -0.527714 0 0.849422
    outer loop
      vertex 98.8125 -16 67.4229
      vertex 98.9028 -40 67.479
      vertex 98.9028 -16 67.479
    endloop
  endfacet
  facet normal -0.527714 0 0.849422
    outer loop
      vertex 98.9028 -40 67.479
      vertex 98.8125 -16 67.4229
      vertex 98.8125 -40 67.4229
    endloop
  endfacet
  facet normal -0.471125 0 0.882066
    outer loop
      vertex 98.7187 -16 67.3728
      vertex 98.8125 -40 67.4229
      vertex 98.8125 -16 67.4229
    endloop
  endfacet
  facet normal -0.471125 0 0.882066
    outer loop
      vertex 98.8125 -40 67.4229
      vertex 98.7187 -16 67.3728
      vertex 98.7187 -40 67.3728
    endloop
  endfacet
  facet normal -0.849 0 0.528392
    outer loop
      vertex 99.3511 -40 67.9274
      vertex 99.4073 -16 68.0177
      vertex 99.3511 -16 67.9274
    endloop
  endfacet
  facet normal -0.849 0 0.528392
    outer loop
      vertex 99.4073 -16 68.0177
      vertex 99.3511 -40 67.9274
      vertex 99.4073 -40 68.0177
    endloop
  endfacet
  facet normal -0.772825 0 0.634619
    outer loop
      vertex 99.2217 -40 67.7588
      vertex 99.2892 -16 67.841
      vertex 99.2217 -16 67.7588
    endloop
  endfacet
  facet normal -0.772825 0 0.634619
    outer loop
      vertex 99.2892 -16 67.841
      vertex 99.2217 -40 67.7588
      vertex 99.2892 -40 67.841
    endloop
  endfacet
  facet normal -0.812906 0 0.582395
    outer loop
      vertex 99.2892 -40 67.841
      vertex 99.3511 -16 67.9274
      vertex 99.2892 -16 67.841
    endloop
  endfacet
  facet normal -0.812906 0 0.582395
    outer loop
      vertex 99.3511 -16 67.9274
      vertex 99.2892 -40 67.841
      vertex 99.3511 -40 67.9274
    endloop
  endfacet
  facet normal -0.882066 0 0.471125
    outer loop
      vertex 99.4073 -40 68.0177
      vertex 99.4574 -16 68.1115
      vertex 99.4073 -16 68.0177
    endloop
  endfacet
  facet normal -0.882066 0 0.471125
    outer loop
      vertex 99.4574 -16 68.1115
      vertex 99.4073 -40 68.0177
      vertex 99.4574 -40 68.1115
    endloop
  endfacet
  facet normal -0.935748 0 0.352669
    outer loop
      vertex 99.5013 -40 68.2083
      vertex 99.5388 -16 68.3078
      vertex 99.5013 -16 68.2083
    endloop
  endfacet
  facet normal -0.935748 0 0.352669
    outer loop
      vertex 99.5388 -16 68.3078
      vertex 99.5013 -40 68.2083
      vertex 99.5388 -40 68.3078
    endloop
  endfacet
  facet normal -0.910721 0 0.413023
    outer loop
      vertex 99.4574 -40 68.1115
      vertex 99.5013 -16 68.2083
      vertex 99.4574 -16 68.1115
    endloop
  endfacet
  facet normal -0.910721 0 0.413023
    outer loop
      vertex 99.5013 -16 68.2083
      vertex 99.4574 -40 68.1115
      vertex 99.5013 -40 68.2083
    endloop
  endfacet
  facet normal -0.986672 0 0.162721
    outer loop
      vertex 99.5938 -40 68.5132
      vertex 99.6111 -16 68.6181
      vertex 99.5938 -16 68.5132
    endloop
  endfacet
  facet normal -0.986672 0 0.162721
    outer loop
      vertex 99.6111 -16 68.6181
      vertex 99.5938 -40 68.5132
      vertex 99.6111 -40 68.6181
    endloop
  endfacet
  facet normal -0.973786 0 0.227467
    outer loop
      vertex 99.5696 -40 68.4096
      vertex 99.5938 -16 68.5132
      vertex 99.5696 -16 68.4096
    endloop
  endfacet
  facet normal -0.973786 0 0.227467
    outer loop
      vertex 99.5938 -16 68.5132
      vertex 99.5696 -40 68.4096
      vertex 99.5938 -40 68.5132
    endloop
  endfacet
  facet normal 0.471125 0 0.882066
    outer loop
      vertex 97.1875 -16 67.4229
      vertex 97.2813 -40 67.3728
      vertex 97.2813 -16 67.3728
    endloop
  endfacet
  facet normal 0.471125 0 0.882066
    outer loop
      vertex 97.2813 -40 67.3728
      vertex 97.1875 -16 67.4229
      vertex 97.1875 -40 67.4229
    endloop
  endfacet
  facet normal 0.0978272 0 0.995203
    outer loop
      vertex 97.7879 -16 67.2191
      vertex 97.8937 -40 67.2087
      vertex 97.8937 -16 67.2087
    endloop
  endfacet
  facet normal 0.0978272 0 0.995203
    outer loop
      vertex 97.8937 -40 67.2087
      vertex 97.7879 -16 67.2191
      vertex 97.7879 -40 67.2191
    endloop
  endfacet
  facet normal 0.910721 -0 0.413023
    outer loop
      vertex 96.4987 -40 68.2083
      vertex 96.5426 -16 68.1115
      vertex 96.4987 -16 68.2083
    endloop
  endfacet
  facet normal 0.910721 0 0.413023
    outer loop
      vertex 96.5426 -16 68.1115
      vertex 96.4987 -40 68.2083
      vertex 96.5426 -40 68.1115
    endloop
  endfacet
  facet normal 0.882066 -0 0.471125
    outer loop
      vertex 96.5426 -40 68.1115
      vertex 96.5927 -16 68.0177
      vertex 96.5426 -16 68.1115
    endloop
  endfacet
  facet normal 0.882066 0 0.471125
    outer loop
      vertex 96.5927 -16 68.0177
      vertex 96.5426 -40 68.1115
      vertex 96.5927 -40 68.0177
    endloop
  endfacet
  facet normal 0.812906 -0 0.582395
    outer loop
      vertex 96.6489 -40 67.9274
      vertex 96.7108 -16 67.841
      vertex 96.6489 -16 67.9274
    endloop
  endfacet
  facet normal 0.812906 0 0.582395
    outer loop
      vertex 96.7108 -16 67.841
      vertex 96.6489 -40 67.9274
      vertex 96.7108 -40 67.841
    endloop
  endfacet
  facet normal 0.973786 -0 0.227467
    outer loop
      vertex 96.4062 -40 68.5132
      vertex 96.4304 -16 68.4096
      vertex 96.4062 -16 68.5132
    endloop
  endfacet
  facet normal 0.973786 0 0.227467
    outer loop
      vertex 96.4304 -16 68.4096
      vertex 96.4062 -40 68.5132
      vertex 96.4304 -40 68.4096
    endloop
  endfacet
  facet normal 0.986672 -0 0.162721
    outer loop
      vertex 96.3889 -40 68.6181
      vertex 96.4062 -16 68.5132
      vertex 96.3889 -16 68.6181
    endloop
  endfacet
  facet normal 0.986672 0 0.162721
    outer loop
      vertex 96.4062 -16 68.5132
      vertex 96.3889 -40 68.6181
      vertex 96.4062 -40 68.5132
    endloop
  endfacet
  facet normal 0.999458 -0 0.0329078
    outer loop
      vertex 96.375 -40 68.8302
      vertex 96.3785 -16 68.7239
      vertex 96.375 -16 68.8302
    endloop
  endfacet
  facet normal 0.999458 0 0.0329078
    outer loop
      vertex 96.3785 -16 68.7239
      vertex 96.375 -40 68.8302
      vertex 96.3785 -40 68.7239
    endloop
  endfacet
  facet normal 0.882066 0 -0.471125
    outer loop
      vertex 96.5927 -40 69.6427
      vertex 96.5426 -16 69.5489
      vertex 96.5927 -16 69.6427
    endloop
  endfacet
  facet normal 0.882066 0 -0.471125
    outer loop
      vertex 96.5426 -16 69.5489
      vertex 96.5927 -40 69.6427
      vertex 96.5426 -40 69.5489
    endloop
  endfacet
  facet normal 0.413023 0 -0.910721
    outer loop
      vertex 97.2813 -40 70.2876
      vertex 97.3781 -16 70.3315
      vertex 97.3781 -40 70.3315
    endloop
  endfacet
  facet normal 0.413023 0 -0.910721
    outer loop
      vertex 97.3781 -16 70.3315
      vertex 97.2813 -40 70.2876
      vertex 97.2813 -16 70.2876
    endloop
  endfacet
  facet normal 0.582395 0 -0.812906
    outer loop
      vertex 97.0108 -40 70.1194
      vertex 97.0972 -16 70.1813
      vertex 97.0972 -40 70.1813
    endloop
  endfacet
  facet normal 0.582395 0 -0.812906
    outer loop
      vertex 97.0972 -16 70.1813
      vertex 97.0108 -40 70.1194
      vertex 97.0108 -16 70.1194
    endloop
  endfacet
  facet normal 0.227467 0 -0.973786
    outer loop
      vertex 97.5794 -40 70.3998
      vertex 97.683 -16 70.424
      vertex 97.683 -40 70.424
    endloop
  endfacet
  facet normal 0.227467 0 -0.973786
    outer loop
      vertex 97.683 -16 70.424
      vertex 97.5794 -40 70.3998
      vertex 97.5794 -16 70.3998
    endloop
  endfacet
  facet normal -0.0978272 0 0.995203
    outer loop
      vertex 98.1063 -16 67.2087
      vertex 98.2121 -40 67.2191
      vertex 98.2121 -16 67.2191
    endloop
  endfacet
  facet normal -0.0978272 0 0.995203
    outer loop
      vertex 98.2121 -40 67.2191
      vertex 98.1063 -16 67.2087
      vertex 98.1063 -40 67.2087
    endloop
  endfacet
  facet normal -0.995203 0 0.0978272
    outer loop
      vertex 99.6111 -40 68.6181
      vertex 99.6215 -16 68.7239
      vertex 99.6111 -16 68.6181
    endloop
  endfacet
  facet normal -0.995203 0 0.0978272
    outer loop
      vertex 99.6215 -16 68.7239
      vertex 99.6111 -40 68.6181
      vertex 99.6215 -40 68.7239
    endloop
  endfacet
  facet normal 0.583016 0 0.812461
    outer loop
      vertex 97.0108 -16 67.541
      vertex 97.0972 -40 67.479
      vertex 97.0972 -16 67.479
    endloop
  endfacet
  facet normal 0.583016 0 0.812461
    outer loop
      vertex 97.0972 -40 67.479
      vertex 97.0108 -16 67.541
      vertex 97.0108 -40 67.541
    endloop
  endfacet
  facet normal 0.227467 0 0.973786
    outer loop
      vertex 97.5794 -16 67.2606
      vertex 97.683 -40 67.2364
      vertex 97.683 -16 67.2364
    endloop
  endfacet
  facet normal 0.227467 0 0.973786
    outer loop
      vertex 97.683 -40 67.2364
      vertex 97.5794 -16 67.2606
      vertex 97.5794 -40 67.2606
    endloop
  endfacet
  facet normal 0.772825 -0 0.634619
    outer loop
      vertex 96.7108 -40 67.841
      vertex 96.7783 -16 67.7588
      vertex 96.7108 -16 67.841
    endloop
  endfacet
  facet normal 0.772825 0 0.634619
    outer loop
      vertex 96.7783 -16 67.7588
      vertex 96.7108 -40 67.841
      vertex 96.7783 -40 67.7588
    endloop
  endfacet
  facet normal 0.957151 -0 0.28959
    outer loop
      vertex 96.4304 -40 68.4096
      vertex 96.4612 -16 68.3078
      vertex 96.4304 -16 68.4096
    endloop
  endfacet
  facet normal 0.957151 0 0.28959
    outer loop
      vertex 96.4612 -16 68.3078
      vertex 96.4304 -40 68.4096
      vertex 96.4612 -40 68.3078
    endloop
  endfacet
  facet normal 0.995203 -0 0.0978272
    outer loop
      vertex 96.3785 -40 68.7239
      vertex 96.3889 -16 68.6181
      vertex 96.3785 -16 68.7239
    endloop
  endfacet
  facet normal 0.995203 0 0.0978272
    outer loop
      vertex 96.3889 -16 68.6181
      vertex 96.3785 -40 68.7239
      vertex 96.3889 -40 68.6181
    endloop
  endfacet
  facet normal -0.999458 0 0.0329078
    outer loop
      vertex 99.6215 -40 68.7239
      vertex 99.625 -16 68.8302
      vertex 99.6215 -16 68.7239
    endloop
  endfacet
  facet normal -0.999458 0 0.0329078
    outer loop
      vertex 99.625 -16 68.8302
      vertex 99.6215 -40 68.7239
      vertex 99.625 -40 68.8302
    endloop
  endfacet
endsolid OpenSCAD_Model
