solid OpenSCAD_Model
  facet normal 0 0 -1
    outer loop
      vertex 90 -60 -56
      vertex 110 -40 -56
      vertex 109.924 -41.7431 -56
    endloop
  endfacet
  facet normal 0 0 -1
    outer loop
      vertex 90 -60 -56
      vertex 109.924 -41.7431 -56
      vertex 109.696 -43.473 -56
    endloop
  endfacet
  facet normal 0 0 -1
    outer loop
      vertex 90 -60 -56
      vertex 109.696 -43.473 -56
      vertex 109.319 -45.1764 -56
    endloop
  endfacet
  facet normal 0 0 -1
    outer loop
      vertex 90 -60 -56
      vertex 109.319 -45.1764 -56
      vertex 108.794 -46.8404 -56
    endloop
  endfacet
  facet normal 0 0 -1
    outer loop
      vertex 90 -60 -56
      vertex 108.794 -46.8404 -56
      vertex 108.126 -48.4524 -56
    endloop
  endfacet
  facet normal 0 0 -1
    outer loop
      vertex 90 -60 -56
      vertex 108.126 -48.4524 -56
      vertex 107.321 -50 -56
    endloop
  endfacet
  facet normal 0 0 -1
    outer loop
      vertex 90 -60 -56
      vertex 107.321 -50 -56
      vertex 106.383 -51.4715 -56
    endloop
  endfacet
  facet normal 0 0 -1
    outer loop
      vertex 90 -60 -56
      vertex 106.383 -51.4715 -56
      vertex 105.321 -52.8558 -56
    endloop
  endfacet
  facet normal 0 0 -1
    outer loop
      vertex 90 -60 -56
      vertex 105.321 -52.8558 -56
      vertex 104.142 -54.1421 -56
    endloop
  endfacet
  facet normal 0 0 -1
    outer loop
      vertex 90 -60 -56
      vertex 104.142 -54.1421 -56
      vertex 102.856 -55.3209 -56
    endloop
  endfacet
  facet normal 0 0 -1
    outer loop
      vertex 90 -60 -56
      vertex 102.856 -55.3209 -56
      vertex 101.472 -56.383 -56
    endloop
  endfacet
  facet normal 0 0 -1
    outer loop
      vertex 90 -60 -56
      vertex 101.472 -56.383 -56
      vertex 100 -57.3205 -56
    endloop
  endfacet
  facet normal 0 0 -1
    outer loop
      vertex 90 -60 -56
      vertex 100 -57.3205 -56
      vertex 98.4524 -58.1262 -56
    endloop
  endfacet
  facet normal 0 0 -1
    outer loop
      vertex 90 -60 -56
      vertex 98.4524 -58.1262 -56
      vertex 96.8404 -58.7939 -56
    endloop
  endfacet
  facet normal 0 0 -1
    outer loop
      vertex 90 -60 -56
      vertex 96.8404 -58.7939 -56
      vertex 95.1764 -59.3185 -56
    endloop
  endfacet
  facet normal 0 0 -1
    outer loop
      vertex 90 -60 -56
      vertex 95.1764 -59.3185 -56
      vertex 93.473 -59.6962 -56
    endloop
  endfacet
  facet normal 0 0 -1
    outer loop
      vertex 90 -60 -56
      vertex 93.473 -59.6962 -56
      vertex 91.7431 -59.9239 -56
    endloop
  endfacet
  facet normal -0 0 -1
    outer loop
      vertex 110 -40 -56
      vertex 90 -60 -56
      vertex 110 0 -56
    endloop
  endfacet
  facet normal 0 0 -1
    outer loop
      vertex -90 -60 -56
      vertex 110 0 -56
      vertex 90 -60 -56
    endloop
  endfacet
  facet normal 0 0 -1
    outer loop
      vertex -110 -40 -56
      vertex -90 -60 -56
      vertex -91.7431 -59.9239 -56
    endloop
  endfacet
  facet normal 0 0 -1
    outer loop
      vertex -110 -40 -56
      vertex -91.7431 -59.9239 -56
      vertex -93.473 -59.6962 -56
    endloop
  endfacet
  facet normal 0 0 -1
    outer loop
      vertex -110 -40 -56
      vertex -93.473 -59.6962 -56
      vertex -95.1764 -59.3185 -56
    endloop
  endfacet
  facet normal 0 0 -1
    outer loop
      vertex -110 -40 -56
      vertex -95.1764 -59.3185 -56
      vertex -96.8404 -58.7939 -56
    endloop
  endfacet
  facet normal 0 0 -1
    outer loop
      vertex -110 -40 -56
      vertex -96.8404 -58.7939 -56
      vertex -98.4524 -58.1262 -56
    endloop
  endfacet
  facet normal 0 0 -1
    outer loop
      vertex -110 -40 -56
      vertex -98.4524 -58.1262 -56
      vertex -100 -57.3205 -56
    endloop
  endfacet
  facet normal 0 0 -1
    outer loop
      vertex -110 -40 -56
      vertex -100 -57.3205 -56
      vertex -101.472 -56.383 -56
    endloop
  endfacet
  facet normal 0 0 -1
    outer loop
      vertex -110 -40 -56
      vertex -101.472 -56.383 -56
      vertex -102.856 -55.3209 -56
    endloop
  endfacet
  facet normal 0 0 -1
    outer loop
      vertex -110 -40 -56
      vertex -102.856 -55.3209 -56
      vertex -104.142 -54.1421 -56
    endloop
  endfacet
  facet normal 0 0 -1
    outer loop
      vertex -110 -40 -56
      vertex -104.142 -54.1421 -56
      vertex -105.321 -52.8558 -56
    endloop
  endfacet
  facet normal 0 0 -1
    outer loop
      vertex -110 -40 -56
      vertex -105.321 -52.8558 -56
      vertex -106.383 -51.4715 -56
    endloop
  endfacet
  facet normal 0 0 -1
    outer loop
      vertex -110 -40 -56
      vertex -106.383 -51.4715 -56
      vertex -107.321 -50 -56
    endloop
  endfacet
  facet normal 0 0 -1
    outer loop
      vertex -110 -40 -56
      vertex -107.321 -50 -56
      vertex -108.126 -48.4524 -56
    endloop
  endfacet
  facet normal 0 0 -1
    outer loop
      vertex -110 -40 -56
      vertex -108.126 -48.4524 -56
      vertex -108.794 -46.8404 -56
    endloop
  endfacet
  facet normal 0 0 -1
    outer loop
      vertex -110 -40 -56
      vertex -108.794 -46.8404 -56
      vertex -109.319 -45.1764 -56
    endloop
  endfacet
  facet normal 0 0 -1
    outer loop
      vertex -110 -40 -56
      vertex -109.319 -45.1764 -56
      vertex -109.696 -43.473 -56
    endloop
  endfacet
  facet normal 0 0 -1
    outer loop
      vertex -110 -40 -56
      vertex -109.696 -43.473 -56
      vertex -109.924 -41.7431 -56
    endloop
  endfacet
  facet normal 0 0 -1
    outer loop
      vertex -90 -60 -56
      vertex -110 -40 -56
      vertex -110 0 -56
    endloop
  endfacet
  facet normal 0 0 -1
    outer loop
      vertex -90 -60 -56
      vertex -110 0 -56
      vertex 110 0 -56
    endloop
  endfacet
  facet normal -0.991426 -0.130669 0
    outer loop
      vertex -109.696 -43.473 -56
      vertex -109.924 -41.7431 56
      vertex -109.924 -41.7431 -56
    endloop
  endfacet
  facet normal -0.991426 -0.130669 0
    outer loop
      vertex -109.924 -41.7431 56
      vertex -109.696 -43.473 -56
      vertex -109.696 -43.473 56
    endloop
  endfacet
  facet normal -1 0 0
    outer loop
      vertex -110 -40 -56
      vertex -110 0 56
      vertex -110 0 -56
    endloop
  endfacet
  facet normal -1 -0 0
    outer loop
      vertex -110 0 56
      vertex -110 -40 -56
      vertex -110 -40 56
    endloop
  endfacet
  facet normal -0.999051 -0.0435591 0
    outer loop
      vertex -109.924 -41.7431 -56
      vertex -110 -40 56
      vertex -110 -40 -56
    endloop
  endfacet
  facet normal -0.999051 -0.0435591 0
    outer loop
      vertex -110 -40 56
      vertex -109.924 -41.7431 -56
      vertex -109.924 -41.7431 56
    endloop
  endfacet
  facet normal 0 0 1
    outer loop
      vertex 90 -60 56
      vertex 110 -40 56
      vertex 110 0 56
    endloop
  endfacet
  facet normal 0 0 1
    outer loop
      vertex 110 -40 56
      vertex 90 -60 56
      vertex 109.924 -41.7431 56
    endloop
  endfacet
  facet normal 0 0 1
    outer loop
      vertex 109.924 -41.7431 56
      vertex 90 -60 56
      vertex 109.696 -43.473 56
    endloop
  endfacet
  facet normal 0 0 1
    outer loop
      vertex 109.696 -43.473 56
      vertex 90 -60 56
      vertex 109.319 -45.1764 56
    endloop
  endfacet
  facet normal 0 0 1
    outer loop
      vertex 109.319 -45.1764 56
      vertex 90 -60 56
      vertex 108.794 -46.8404 56
    endloop
  endfacet
  facet normal 0 0 1
    outer loop
      vertex 108.794 -46.8404 56
      vertex 90 -60 56
      vertex 108.126 -48.4524 56
    endloop
  endfacet
  facet normal 0 0 1
    outer loop
      vertex 108.126 -48.4524 56
      vertex 90 -60 56
      vertex 107.321 -50 56
    endloop
  endfacet
  facet normal 0 0 1
    outer loop
      vertex 107.321 -50 56
      vertex 90 -60 56
      vertex 106.383 -51.4715 56
    endloop
  endfacet
  facet normal 0 0 1
    outer loop
      vertex 106.383 -51.4715 56
      vertex 90 -60 56
      vertex 105.321 -52.8558 56
    endloop
  endfacet
  facet normal 0 0 1
    outer loop
      vertex 105.321 -52.8558 56
      vertex 90 -60 56
      vertex 104.142 -54.1421 56
    endloop
  endfacet
  facet normal 0 0 1
    outer loop
      vertex 104.142 -54.1421 56
      vertex 90 -60 56
      vertex 102.856 -55.3209 56
    endloop
  endfacet
  facet normal 0 0 1
    outer loop
      vertex 102.856 -55.3209 56
      vertex 90 -60 56
      vertex 101.472 -56.383 56
    endloop
  endfacet
  facet normal 0 0 1
    outer loop
      vertex 101.472 -56.383 56
      vertex 90 -60 56
      vertex 100 -57.3205 56
    endloop
  endfacet
  facet normal 0 0 1
    outer loop
      vertex 100 -57.3205 56
      vertex 90 -60 56
      vertex 98.4524 -58.1262 56
    endloop
  endfacet
  facet normal 0 0 1
    outer loop
      vertex 98.4524 -58.1262 56
      vertex 90 -60 56
      vertex 96.8404 -58.7939 56
    endloop
  endfacet
  facet normal 0 0 1
    outer loop
      vertex 96.8404 -58.7939 56
      vertex 90 -60 56
      vertex 95.1764 -59.3185 56
    endloop
  endfacet
  facet normal 0 0 1
    outer loop
      vertex 95.1764 -59.3185 56
      vertex 90 -60 56
      vertex 93.473 -59.6962 56
    endloop
  endfacet
  facet normal 0 0 1
    outer loop
      vertex 93.473 -59.6962 56
      vertex 90 -60 56
      vertex 91.7431 -59.9239 56
    endloop
  endfacet
  facet normal 0 0 1
    outer loop
      vertex 110 0 56
      vertex -90 -60 56
      vertex 90 -60 56
    endloop
  endfacet
  facet normal -0 0 1
    outer loop
      vertex -110 0 56
      vertex -90 -60 56
      vertex 110 0 56
    endloop
  endfacet
  facet normal -0 0 1
    outer loop
      vertex -110 -40 56
      vertex -90 -60 56
      vertex -110 0 56
    endloop
  endfacet
  facet normal 0 0 1
    outer loop
      vertex -90 -60 56
      vertex -110 -40 56
      vertex -91.7431 -59.9239 56
    endloop
  endfacet
  facet normal 0 0 1
    outer loop
      vertex -91.7431 -59.9239 56
      vertex -110 -40 56
      vertex -93.473 -59.6962 56
    endloop
  endfacet
  facet normal 0 0 1
    outer loop
      vertex -93.473 -59.6962 56
      vertex -110 -40 56
      vertex -95.1764 -59.3185 56
    endloop
  endfacet
  facet normal 0 0 1
    outer loop
      vertex -95.1764 -59.3185 56
      vertex -110 -40 56
      vertex -96.8404 -58.7939 56
    endloop
  endfacet
  facet normal 0 0 1
    outer loop
      vertex -96.8404 -58.7939 56
      vertex -110 -40 56
      vertex -98.4524 -58.1262 56
    endloop
  endfacet
  facet normal 0 0 1
    outer loop
      vertex -98.4524 -58.1262 56
      vertex -110 -40 56
      vertex -100 -57.3205 56
    endloop
  endfacet
  facet normal 0 0 1
    outer loop
      vertex -100 -57.3205 56
      vertex -110 -40 56
      vertex -101.472 -56.383 56
    endloop
  endfacet
  facet normal 0 0 1
    outer loop
      vertex -101.472 -56.383 56
      vertex -110 -40 56
      vertex -102.856 -55.3209 56
    endloop
  endfacet
  facet normal 0 0 1
    outer loop
      vertex -102.856 -55.3209 56
      vertex -110 -40 56
      vertex -104.142 -54.1421 56
    endloop
  endfacet
  facet normal 0 0 1
    outer loop
      vertex -104.142 -54.1421 56
      vertex -110 -40 56
      vertex -105.321 -52.8558 56
    endloop
  endfacet
  facet normal 0 0 1
    outer loop
      vertex -105.321 -52.8558 56
      vertex -110 -40 56
      vertex -106.383 -51.4715 56
    endloop
  endfacet
  facet normal 0 0 1
    outer loop
      vertex -107.321 -50 56
      vertex -110 -40 56
      vertex -108.126 -48.4524 56
    endloop
  endfacet
  facet normal 0 0 1
    outer loop
      vertex -108.126 -48.4524 56
      vertex -110 -40 56
      vertex -108.794 -46.8404 56
    endloop
  endfacet
  facet normal 0 0 1
    outer loop
      vertex -108.794 -46.8404 56
      vertex -110 -40 56
      vertex -109.319 -45.1764 56
    endloop
  endfacet
  facet normal 0 0 1
    outer loop
      vertex -109.319 -45.1764 56
      vertex -110 -40 56
      vertex -109.696 -43.473 56
    endloop
  endfacet
  facet normal 0 0 1
    outer loop
      vertex -106.383 -51.4715 56
      vertex -110 -40 56
      vertex -107.321 -50 56
    endloop
  endfacet
  facet normal 0 0 1
    outer loop
      vertex -109.696 -43.473 56
      vertex -110 -40 56
      vertex -109.924 -41.7431 56
    endloop
  endfacet
  facet normal 0.999051 -0.0435591 0
    outer loop
      vertex 109.924 -41.7431 56
      vertex 110 -40 -56
      vertex 110 -40 56
    endloop
  endfacet
  facet normal 0.999051 -0.0435591 0
    outer loop
      vertex 110 -40 -56
      vertex 109.924 -41.7431 56
      vertex 109.924 -41.7431 -56
    endloop
  endfacet
  facet normal 1 -0 0
    outer loop
      vertex 110 -40 56
      vertex 110 0 -56
      vertex 110 0 56
    endloop
  endfacet
  facet normal 1 0 0
    outer loop
      vertex 110 0 -56
      vertex 110 -40 56
      vertex 110 -40 -56
    endloop
  endfacet
  facet normal -0.0436163 -0.999048 0
    outer loop
      vertex -91.7431 -59.9239 -56
      vertex -90 -60 56
      vertex -91.7431 -59.9239 56
    endloop
  endfacet
  facet normal -0.0436163 -0.999048 -0
    outer loop
      vertex -90 -60 56
      vertex -91.7431 -59.9239 -56
      vertex -90 -60 -56
    endloop
  endfacet
  facet normal 0 -1 0
    outer loop
      vertex -73.6508 -60 -24.1449
      vertex 73.7108 -60 -24
      vertex -73.7108 -60 -24
    endloop
  endfacet
  facet normal 0 -1 0
    outer loop
      vertex -73.6508 -60 -24.1449
      vertex 73.6508 -60 -24.1449
      vertex 73.7108 -60 -24
    endloop
  endfacet
  facet normal 0 -1 0
    outer loop
      vertex -73.5852 -60 -24.353
      vertex 73.6508 -60 -24.1449
      vertex -73.6508 -60 -24.1449
    endloop
  endfacet
  facet normal 0 -1 0
    outer loop
      vertex -73.5852 -60 -24.353
      vertex 73.5852 -60 -24.353
      vertex 73.6508 -60 -24.1449
    endloop
  endfacet
  facet normal 0 -1 0
    outer loop
      vertex -73.538 -60 -24.5659
      vertex 73.5852 -60 -24.353
      vertex -73.5852 -60 -24.353
    endloop
  endfacet
  facet normal 0 -1 0
    outer loop
      vertex -73.538 -60 -24.5659
      vertex 73.538 -60 -24.5659
      vertex 73.5852 -60 -24.353
    endloop
  endfacet
  facet normal 0 -1 0
    outer loop
      vertex -73.5095 -60 -24.7821
      vertex 73.538 -60 -24.5659
      vertex -73.538 -60 -24.5659
    endloop
  endfacet
  facet normal 0 -1 0
    outer loop
      vertex -73.5095 -60 -24.7821
      vertex 73.5095 -60 -24.7821
      vertex 73.538 -60 -24.5659
    endloop
  endfacet
  facet normal 0 -1 0
    outer loop
      vertex -73.5 -60 -25
      vertex 73.5095 -60 -24.7821
      vertex -73.5095 -60 -24.7821
    endloop
  endfacet
  facet normal 0 -1 0
    outer loop
      vertex -73.5 -60 -25
      vertex 73.5 -60 -25
      vertex 73.5095 -60 -24.7821
    endloop
  endfacet
  facet normal 0 -1 0
    outer loop
      vertex -73.5095 -60 -25.2179
      vertex 73.5 -60 -25
      vertex -73.5 -60 -25
    endloop
  endfacet
  facet normal 0 -1 0
    outer loop
      vertex -73.5095 -60 -25.2179
      vertex 73.5095 -60 -25.2179
      vertex 73.5 -60 -25
    endloop
  endfacet
  facet normal 0 -1 0
    outer loop
      vertex -73.538 -60 -25.4341
      vertex 73.5095 -60 -25.2179
      vertex -73.5095 -60 -25.2179
    endloop
  endfacet
  facet normal 0 -1 0
    outer loop
      vertex -73.538 -60 -25.4341
      vertex 73.538 -60 -25.4341
      vertex 73.5095 -60 -25.2179
    endloop
  endfacet
  facet normal 0 -1 0
    outer loop
      vertex -73.5852 -60 -25.647
      vertex 73.538 -60 -25.4341
      vertex -73.538 -60 -25.4341
    endloop
  endfacet
  facet normal 0 -1 0
    outer loop
      vertex -73.5852 -60 -25.647
      vertex 73.5852 -60 -25.647
      vertex 73.538 -60 -25.4341
    endloop
  endfacet
  facet normal 0 -1 0
    outer loop
      vertex -73.6508 -60 -25.855
      vertex 73.5852 -60 -25.647
      vertex -73.5852 -60 -25.647
    endloop
  endfacet
  facet normal 0 -1 0
    outer loop
      vertex -73.6508 -60 -25.855
      vertex 73.6508 -60 -25.855
      vertex 73.5852 -60 -25.647
    endloop
  endfacet
  facet normal 0 -1 0
    outer loop
      vertex -73.7342 -60 -26.0565
      vertex 73.6508 -60 -25.855
      vertex -73.6508 -60 -25.855
    endloop
  endfacet
  facet normal 0 -1 0
    outer loop
      vertex -73.7342 -60 -26.0565
      vertex 73.7342 -60 -26.0565
      vertex 73.6508 -60 -25.855
    endloop
  endfacet
  facet normal 0 -1 0
    outer loop
      vertex -73.8349 -60 -26.25
      vertex 73.7342 -60 -26.0565
      vertex -73.7342 -60 -26.0565
    endloop
  endfacet
  facet normal 0 -1 0
    outer loop
      vertex -73.8349 -60 -26.25
      vertex 73.8349 -60 -26.25
      vertex 73.7342 -60 -26.0565
    endloop
  endfacet
  facet normal 0 -1 0
    outer loop
      vertex -73.9521 -60 -26.4339
      vertex 73.8349 -60 -26.25
      vertex -73.8349 -60 -26.25
    endloop
  endfacet
  facet normal 0 -1 0
    outer loop
      vertex -73.9521 -60 -26.4339
      vertex 73.9521 -60 -26.4339
      vertex 73.8349 -60 -26.25
    endloop
  endfacet
  facet normal 0 -1 0
    outer loop
      vertex -74.0849 -60 -26.607
      vertex 73.9521 -60 -26.4339
      vertex -73.9521 -60 -26.4339
    endloop
  endfacet
  facet normal 0 -1 0
    outer loop
      vertex -74.0849 -60 -26.607
      vertex 74.0849 -60 -26.607
      vertex 73.9521 -60 -26.4339
    endloop
  endfacet
  facet normal 0 -1 0
    outer loop
      vertex -90 -60 -56
      vertex -74.0849 -60 -26.607
      vertex -74.2322 -60 -26.7678
    endloop
  endfacet
  facet normal 0 -1 -0
    outer loop
      vertex -74.0849 -60 -26.607
      vertex -90 -60 -56
      vertex 74.0849 -60 -26.607
    endloop
  endfacet
  facet normal 0 -1 0
    outer loop
      vertex -90 -60 -56
      vertex -74.2322 -60 -26.7678
      vertex -74.393 -60 -26.9151
    endloop
  endfacet
  facet normal 0 -1 0
    outer loop
      vertex 90 -60 -56
      vertex 74.0849 -60 -26.607
      vertex -90 -60 -56
    endloop
  endfacet
  facet normal 0 -1 0
    outer loop
      vertex -90 -60 -56
      vertex -74.393 -60 -26.9151
      vertex -74.5661 -60 -27.0479
    endloop
  endfacet
  facet normal 0 -1 0
    outer loop
      vertex 74.0849 -60 -26.607
      vertex 90 -60 -56
      vertex 74.2322 -60 -26.7678
    endloop
  endfacet
  facet normal 0 -1 0
    outer loop
      vertex -90 -60 -56
      vertex -74.5661 -60 -27.0479
      vertex -74.75 -60 -27.1651
    endloop
  endfacet
  facet normal 0 -1 0
    outer loop
      vertex 74.2322 -60 -26.7678
      vertex 90 -60 -56
      vertex 74.393 -60 -26.9151
    endloop
  endfacet
  facet normal 0 -1 0
    outer loop
      vertex -90 -60 -56
      vertex -74.75 -60 -27.1651
      vertex -74.9435 -60 -27.2658
    endloop
  endfacet
  facet normal 0 -1 0
    outer loop
      vertex 74.393 -60 -26.9151
      vertex 90 -60 -56
      vertex 74.5661 -60 -27.0479
    endloop
  endfacet
  facet normal 0 -1 0
    outer loop
      vertex -90 -60 -56
      vertex -74.9435 -60 -27.2658
      vertex -75.145 -60 -27.3492
    endloop
  endfacet
  facet normal 0 -1 0
    outer loop
      vertex 74.5661 -60 -27.0479
      vertex 90 -60 -56
      vertex 74.75 -60 -27.1651
    endloop
  endfacet
  facet normal 0 -1 0
    outer loop
      vertex -90 -60 -56
      vertex -75.145 -60 -27.3492
      vertex -75.353 -60 -27.4148
    endloop
  endfacet
  facet normal 0 -1 0
    outer loop
      vertex 74.75 -60 -27.1651
      vertex 90 -60 -56
      vertex 74.9435 -60 -27.2658
    endloop
  endfacet
  facet normal 0 -1 0
    outer loop
      vertex -90 -60 -56
      vertex -75.353 -60 -27.4148
      vertex -75.5659 -60 -27.462
    endloop
  endfacet
  facet normal 0 -1 0
    outer loop
      vertex 74.9435 -60 -27.2658
      vertex 90 -60 -56
      vertex 75.145 -60 -27.3492
    endloop
  endfacet
  facet normal 0 -1 0
    outer loop
      vertex -90 -60 -56
      vertex -75.5659 -60 -27.462
      vertex -75.7821 -60 -27.4905
    endloop
  endfacet
  facet normal 0 -1 0
    outer loop
      vertex 75.145 -60 -27.3492
      vertex 90 -60 -56
      vertex 75.353 -60 -27.4148
    endloop
  endfacet
  facet normal 0 -1 0
    outer loop
      vertex -90 -60 -56
      vertex -75.7821 -60 -27.4905
      vertex -76 -60 -27.5
    endloop
  endfacet
  facet normal 0 -1 0
    outer loop
      vertex 75.353 -60 -27.4148
      vertex 90 -60 -56
      vertex 75.5659 -60 -27.462
    endloop
  endfacet
  facet normal 0 -1 0
    outer loop
      vertex 78.2892 -60 -24
      vertex 78.3492 -60 -24.1449
      vertex 82.9956 -60 -24
    endloop
  endfacet
  facet normal 0 -1 0
    outer loop
      vertex -90 -60 56
      vertex -82.9956 -60 40
      vertex 90 -60 56
    endloop
  endfacet
  facet normal 0 -1 0
    outer loop
      vertex -90 -60 56
      vertex -82.9956 -60 -24
      vertex -82.9956 -60 40
    endloop
  endfacet
  facet normal 0 -1 0
    outer loop
      vertex -82.9956 -60 -24
      vertex -78.3492 -60 -24.1449
      vertex -78.2892 -60 -24
    endloop
  endfacet
  facet normal 0 -1 0
    outer loop
      vertex -82.9956 -60 -24
      vertex -78.4148 -60 -24.353
      vertex -78.3492 -60 -24.1449
    endloop
  endfacet
  facet normal 0 -1 0
    outer loop
      vertex -82.9956 -60 -24
      vertex -78.462 -60 -24.5659
      vertex -78.4148 -60 -24.353
    endloop
  endfacet
  facet normal 0 -1 0
    outer loop
      vertex -82.9956 -60 -24
      vertex -78.4905 -60 -24.7821
      vertex -78.462 -60 -24.5659
    endloop
  endfacet
  facet normal 0 -1 0
    outer loop
      vertex -82.9956 -60 -24
      vertex -78.5 -60 -25
      vertex -78.4905 -60 -24.7821
    endloop
  endfacet
  facet normal 0 -1 0
    outer loop
      vertex -82.9956 -60 -24
      vertex -78.4905 -60 -25.2179
      vertex -78.5 -60 -25
    endloop
  endfacet
  facet normal 0 -1 0
    outer loop
      vertex -82.9956 -60 -24
      vertex -78.462 -60 -25.4341
      vertex -78.4905 -60 -25.2179
    endloop
  endfacet
  facet normal 0 -1 0
    outer loop
      vertex -82.9956 -60 -24
      vertex -78.4148 -60 -25.647
      vertex -78.462 -60 -25.4341
    endloop
  endfacet
  facet normal 0 -1 0
    outer loop
      vertex -82.9956 -60 -24
      vertex -78.3492 -60 -25.855
      vertex -78.4148 -60 -25.647
    endloop
  endfacet
  facet normal 0 -1 0
    outer loop
      vertex -82.9956 -60 -24
      vertex -78.2658 -60 -26.0565
      vertex -78.3492 -60 -25.855
    endloop
  endfacet
  facet normal 0 -1 0
    outer loop
      vertex -82.9956 -60 -24
      vertex -78.1651 -60 -26.25
      vertex -78.2658 -60 -26.0565
    endloop
  endfacet
  facet normal 0 -1 0
    outer loop
      vertex -82.9956 -60 -24
      vertex -78.0479 -60 -26.4339
      vertex -78.1651 -60 -26.25
    endloop
  endfacet
  facet normal 0 -1 0
    outer loop
      vertex -82.9956 -60 -24
      vertex -77.9151 -60 -26.607
      vertex -78.0479 -60 -26.4339
    endloop
  endfacet
  facet normal 0 -1 0
    outer loop
      vertex -82.9956 -60 -24
      vertex -77.7678 -60 -26.7678
      vertex -77.9151 -60 -26.607
    endloop
  endfacet
  facet normal 0 -1 0
    outer loop
      vertex -82.9956 -60 -24
      vertex -77.607 -60 -26.9151
      vertex -77.7678 -60 -26.7678
    endloop
  endfacet
  facet normal 0 -1 0
    outer loop
      vertex -90 -60 -56
      vertex -77.607 -60 -26.9151
      vertex -82.9956 -60 -24
    endloop
  endfacet
  facet normal 0 -1 -0
    outer loop
      vertex -77.607 -60 -26.9151
      vertex -90 -60 -56
      vertex -77.4339 -60 -27.0479
    endloop
  endfacet
  facet normal 0 -1 0
    outer loop
      vertex 75.5659 -60 -27.462
      vertex 90 -60 -56
      vertex 75.7821 -60 -27.4905
    endloop
  endfacet
  facet normal 0 -1 -0
    outer loop
      vertex -76.2179 -60 -27.4905
      vertex -90 -60 -56
      vertex -76 -60 -27.5
    endloop
  endfacet
  facet normal 0 -1 -0
    outer loop
      vertex -76.4341 -60 -27.462
      vertex -90 -60 -56
      vertex -76.2179 -60 -27.4905
    endloop
  endfacet
  facet normal 0 -1 -0
    outer loop
      vertex -76.647 -60 -27.4148
      vertex -90 -60 -56
      vertex -76.4341 -60 -27.462
    endloop
  endfacet
  facet normal 0 -1 -0
    outer loop
      vertex -76.855 -60 -27.3492
      vertex -90 -60 -56
      vertex -76.647 -60 -27.4148
    endloop
  endfacet
  facet normal 0 -1 -0
    outer loop
      vertex -77.0565 -60 -27.2658
      vertex -90 -60 -56
      vertex -76.855 -60 -27.3492
    endloop
  endfacet
  facet normal 0 -1 -0
    outer loop
      vertex -77.25 -60 -27.1651
      vertex -90 -60 -56
      vertex -77.0565 -60 -27.2658
    endloop
  endfacet
  facet normal 0 -1 -0
    outer loop
      vertex -77.4339 -60 -27.0479
      vertex -90 -60 -56
      vertex -77.25 -60 -27.1651
    endloop
  endfacet
  facet normal 0 -1 0
    outer loop
      vertex -90 -60 -56
      vertex -82.9956 -60 -24
      vertex -90 -60 56
    endloop
  endfacet
  facet normal 0 -1 0
    outer loop
      vertex 82.9956 -60 40
      vertex 90 -60 56
      vertex -82.9956 -60 40
    endloop
  endfacet
  facet normal 0 -1 0
    outer loop
      vertex 82.9956 -60 -24
      vertex 90 -60 56
      vertex 82.9956 -60 40
    endloop
  endfacet
  facet normal 0 -1 0
    outer loop
      vertex 78.4148 -60 -24.353
      vertex 82.9956 -60 -24
      vertex 78.3492 -60 -24.1449
    endloop
  endfacet
  facet normal 0 -1 0
    outer loop
      vertex 78.462 -60 -24.5659
      vertex 82.9956 -60 -24
      vertex 78.4148 -60 -24.353
    endloop
  endfacet
  facet normal 0 -1 0
    outer loop
      vertex 78.4905 -60 -24.7821
      vertex 82.9956 -60 -24
      vertex 78.462 -60 -24.5659
    endloop
  endfacet
  facet normal 0 -1 0
    outer loop
      vertex 78.5 -60 -25
      vertex 82.9956 -60 -24
      vertex 78.4905 -60 -24.7821
    endloop
  endfacet
  facet normal 0 -1 0
    outer loop
      vertex 78.4905 -60 -25.2179
      vertex 82.9956 -60 -24
      vertex 78.5 -60 -25
    endloop
  endfacet
  facet normal 0 -1 0
    outer loop
      vertex 78.462 -60 -25.4341
      vertex 82.9956 -60 -24
      vertex 78.4905 -60 -25.2179
    endloop
  endfacet
  facet normal 0 -1 0
    outer loop
      vertex 78.4148 -60 -25.647
      vertex 82.9956 -60 -24
      vertex 78.462 -60 -25.4341
    endloop
  endfacet
  facet normal 0 -1 0
    outer loop
      vertex 78.3492 -60 -25.855
      vertex 82.9956 -60 -24
      vertex 78.4148 -60 -25.647
    endloop
  endfacet
  facet normal 0 -1 0
    outer loop
      vertex 78.2658 -60 -26.0565
      vertex 82.9956 -60 -24
      vertex 78.3492 -60 -25.855
    endloop
  endfacet
  facet normal 0 -1 0
    outer loop
      vertex 78.1651 -60 -26.25
      vertex 82.9956 -60 -24
      vertex 78.2658 -60 -26.0565
    endloop
  endfacet
  facet normal 0 -1 0
    outer loop
      vertex 78.0479 -60 -26.4339
      vertex 82.9956 -60 -24
      vertex 78.1651 -60 -26.25
    endloop
  endfacet
  facet normal 0 -1 0
    outer loop
      vertex 77.9151 -60 -26.607
      vertex 82.9956 -60 -24
      vertex 78.0479 -60 -26.4339
    endloop
  endfacet
  facet normal 0 -1 0
    outer loop
      vertex 77.7678 -60 -26.7678
      vertex 82.9956 -60 -24
      vertex 77.9151 -60 -26.607
    endloop
  endfacet
  facet normal 0 -1 0
    outer loop
      vertex 77.607 -60 -26.9151
      vertex 82.9956 -60 -24
      vertex 77.7678 -60 -26.7678
    endloop
  endfacet
  facet normal 0 -1 0
    outer loop
      vertex 90 -60 -56
      vertex 77.607 -60 -26.9151
      vertex 77.4339 -60 -27.0479
    endloop
  endfacet
  facet normal 0 -1 0
    outer loop
      vertex 90 -60 -56
      vertex 77.4339 -60 -27.0479
      vertex 77.25 -60 -27.1651
    endloop
  endfacet
  facet normal 0 -1 0
    outer loop
      vertex 75.7821 -60 -27.4905
      vertex 90 -60 -56
      vertex 76 -60 -27.5
    endloop
  endfacet
  facet normal 0 -1 0
    outer loop
      vertex 76 -60 -27.5
      vertex 90 -60 -56
      vertex 76.2179 -60 -27.4905
    endloop
  endfacet
  facet normal 0 -1 0
    outer loop
      vertex 82.9956 -60 -24
      vertex 90 -60 -56
      vertex 90 -60 56
    endloop
  endfacet
  facet normal 0 -1 0
    outer loop
      vertex 77.607 -60 -26.9151
      vertex 90 -60 -56
      vertex 82.9956 -60 -24
    endloop
  endfacet
  facet normal 0 -1 0
    outer loop
      vertex 77.0565 -60 -27.2658
      vertex 90 -60 -56
      vertex 77.25 -60 -27.1651
    endloop
  endfacet
  facet normal 0 -1 0
    outer loop
      vertex 76.855 -60 -27.3492
      vertex 90 -60 -56
      vertex 77.0565 -60 -27.2658
    endloop
  endfacet
  facet normal 0 -1 0
    outer loop
      vertex 76.647 -60 -27.4148
      vertex 90 -60 -56
      vertex 76.855 -60 -27.3492
    endloop
  endfacet
  facet normal 0 -1 0
    outer loop
      vertex 76.4341 -60 -27.462
      vertex 90 -60 -56
      vertex 76.647 -60 -27.4148
    endloop
  endfacet
  facet normal 0 -1 0
    outer loop
      vertex 76.2179 -60 -27.4905
      vertex 90 -60 -56
      vertex 76.4341 -60 -27.462
    endloop
  endfacet
  facet normal 0.0436163 -0.999048 0
    outer loop
      vertex 90 -60 -56
      vertex 91.7431 -59.9239 56
      vertex 90 -60 56
    endloop
  endfacet
  facet normal 0.0436163 -0.999048 0
    outer loop
      vertex 91.7431 -59.9239 56
      vertex 90 -60 -56
      vertex 91.7431 -59.9239 -56
    endloop
  endfacet
  facet normal 0.216475 -0.976288 0
    outer loop
      vertex 93.473 -59.6962 -56
      vertex 95.1764 -59.3185 56
      vertex 93.473 -59.6962 56
    endloop
  endfacet
  facet normal 0.216475 -0.976288 0
    outer loop
      vertex 95.1764 -59.3185 56
      vertex 93.473 -59.6962 -56
      vertex 95.1764 -59.3185 -56
    endloop
  endfacet
  facet normal 0.382677 -0.923882 0
    outer loop
      vertex 96.8404 -58.7939 -56
      vertex 98.4524 -58.1262 56
      vertex 96.8404 -58.7939 56
    endloop
  endfacet
  facet normal 0.382677 -0.923882 0
    outer loop
      vertex 98.4524 -58.1262 56
      vertex 96.8404 -58.7939 -56
      vertex 98.4524 -58.1262 -56
    endloop
  endfacet
  facet normal 0.537191 -0.843461 0
    outer loop
      vertex 100 -57.3205 -56
      vertex 101.472 -56.383 56
      vertex 100 -57.3205 56
    endloop
  endfacet
  facet normal 0.537191 -0.843461 0
    outer loop
      vertex 101.472 -56.383 56
      vertex 100 -57.3205 -56
      vertex 101.472 -56.383 -56
    endloop
  endfacet
  facet normal 0.737185 -0.675691 0
    outer loop
      vertex 104.142 -54.1421 56
      vertex 105.321 -52.8558 -56
      vertex 105.321 -52.8558 56
    endloop
  endfacet
  facet normal 0.737185 -0.675691 0
    outer loop
      vertex 105.321 -52.8558 -56
      vertex 104.142 -54.1421 56
      vertex 104.142 -54.1421 -56
    endloop
  endfacet
  facet normal 0.608805 -0.79332 0
    outer loop
      vertex 101.472 -56.383 -56
      vertex 102.856 -55.3209 56
      vertex 101.472 -56.383 56
    endloop
  endfacet
  facet normal 0.608805 -0.79332 0
    outer loop
      vertex 102.856 -55.3209 56
      vertex 101.472 -56.383 -56
      vertex 102.856 -55.3209 -56
    endloop
  endfacet
  facet normal 0.953661 -0.300885 0
    outer loop
      vertex 108.794 -46.8404 56
      vertex 109.319 -45.1764 -56
      vertex 109.319 -45.1764 56
    endloop
  endfacet
  facet normal 0.953661 -0.300885 0
    outer loop
      vertex 109.319 -45.1764 -56
      vertex 108.794 -46.8404 56
      vertex 108.794 -46.8404 -56
    endloop
  endfacet
  facet normal 0.991426 -0.130669 0
    outer loop
      vertex 109.696 -43.473 56
      vertex 109.924 -41.7431 -56
      vertex 109.924 -41.7431 56
    endloop
  endfacet
  facet normal 0.991426 -0.130669 0
    outer loop
      vertex 109.924 -41.7431 -56
      vertex 109.696 -43.473 56
      vertex 109.696 -43.473 -56
    endloop
  endfacet
  facet normal 0.887159 -0.461465 0
    outer loop
      vertex 107.321 -50 56
      vertex 108.126 -48.4524 -56
      vertex 108.126 -48.4524 56
    endloop
  endfacet
  facet normal 0.887159 -0.461465 0
    outer loop
      vertex 108.126 -48.4524 -56
      vertex 107.321 -50 56
      vertex 107.321 -50 -56
    endloop
  endfacet
  facet normal 0.793412 -0.608685 0
    outer loop
      vertex 105.321 -52.8558 56
      vertex 106.383 -51.4715 -56
      vertex 106.383 -51.4715 56
    endloop
  endfacet
  facet normal 0.793412 -0.608685 0
    outer loop
      vertex 106.383 -51.4715 -56
      vertex 105.321 -52.8558 56
      vertex 105.321 -52.8558 -56
    endloop
  endfacet
  facet normal 0.1305 -0.991448 0
    outer loop
      vertex 91.7431 -59.9239 -56
      vertex 93.473 -59.6962 56
      vertex 91.7431 -59.9239 56
    endloop
  endfacet
  facet normal 0.1305 -0.991448 0
    outer loop
      vertex 93.473 -59.6962 56
      vertex 91.7431 -59.9239 -56
      vertex 93.473 -59.6962 -56
    endloop
  endfacet
  facet normal 0.300676 -0.953726 0
    outer loop
      vertex 95.1764 -59.3185 -56
      vertex 96.8404 -58.7939 56
      vertex 95.1764 -59.3185 56
    endloop
  endfacet
  facet normal 0.300676 -0.953726 0
    outer loop
      vertex 96.8404 -58.7939 56
      vertex 95.1764 -59.3185 -56
      vertex 96.8404 -58.7939 -56
    endloop
  endfacet
  facet normal -0.675714 -0.737164 0
    outer loop
      vertex -104.142 -54.1421 -56
      vertex -102.856 -55.3209 56
      vertex -104.142 -54.1421 56
    endloop
  endfacet
  facet normal -0.675714 -0.737164 -0
    outer loop
      vertex -102.856 -55.3209 56
      vertex -104.142 -54.1421 -56
      vertex -102.856 -55.3209 -56
    endloop
  endfacet
  facet normal -0.537191 -0.843461 0
    outer loop
      vertex -101.472 -56.383 -56
      vertex -100 -57.3205 56
      vertex -101.472 -56.383 56
    endloop
  endfacet
  facet normal -0.537191 -0.843461 -0
    outer loop
      vertex -100 -57.3205 56
      vertex -101.472 -56.383 -56
      vertex -100 -57.3205 -56
    endloop
  endfacet
  facet normal -0.382677 -0.923882 0
    outer loop
      vertex -98.4524 -58.1262 -56
      vertex -96.8404 -58.7939 56
      vertex -98.4524 -58.1262 56
    endloop
  endfacet
  facet normal -0.382677 -0.923882 -0
    outer loop
      vertex -96.8404 -58.7939 56
      vertex -98.4524 -58.1262 -56
      vertex -96.8404 -58.7939 -56
    endloop
  endfacet
  facet normal -0.216475 -0.976288 0
    outer loop
      vertex -95.1764 -59.3185 -56
      vertex -93.473 -59.6962 56
      vertex -95.1764 -59.3185 56
    endloop
  endfacet
  facet normal -0.216475 -0.976288 -0
    outer loop
      vertex -93.473 -59.6962 56
      vertex -95.1764 -59.3185 -56
      vertex -93.473 -59.6962 -56
    endloop
  endfacet
  facet normal -0.843248 -0.537524 0
    outer loop
      vertex -106.383 -51.4715 -56
      vertex -107.321 -50 56
      vertex -107.321 -50 -56
    endloop
  endfacet
  facet normal -0.843248 -0.537524 0
    outer loop
      vertex -107.321 -50 56
      vertex -106.383 -51.4715 -56
      vertex -106.383 -51.4715 56
    endloop
  endfacet
  facet normal -0.737185 -0.675691 0
    outer loop
      vertex -104.142 -54.1421 -56
      vertex -105.321 -52.8558 56
      vertex -105.321 -52.8558 -56
    endloop
  endfacet
  facet normal -0.737185 -0.675691 0
    outer loop
      vertex -105.321 -52.8558 56
      vertex -104.142 -54.1421 -56
      vertex -104.142 -54.1421 56
    endloop
  endfacet
  facet normal -0.923821 -0.382824 0
    outer loop
      vertex -108.126 -48.4524 -56
      vertex -108.794 -46.8404 56
      vertex -108.794 -46.8404 -56
    endloop
  endfacet
  facet normal -0.923821 -0.382824 0
    outer loop
      vertex -108.794 -46.8404 56
      vertex -108.126 -48.4524 -56
      vertex -108.126 -48.4524 56
    endloop
  endfacet
  facet normal -0.976373 -0.216093 0
    outer loop
      vertex -109.319 -45.1764 -56
      vertex -109.696 -43.473 56
      vertex -109.696 -43.473 -56
    endloop
  endfacet
  facet normal -0.976373 -0.216093 0
    outer loop
      vertex -109.696 -43.473 56
      vertex -109.319 -45.1764 -56
      vertex -109.319 -45.1764 56
    endloop
  endfacet
  facet normal 0.46178 -0.886994 0
    outer loop
      vertex 98.4524 -58.1262 -56
      vertex 100 -57.3205 56
      vertex 98.4524 -58.1262 56
    endloop
  endfacet
  facet normal 0.46178 -0.886994 0
    outer loop
      vertex 100 -57.3205 56
      vertex 98.4524 -58.1262 -56
      vertex 100 -57.3205 -56
    endloop
  endfacet
  facet normal 0.675714 -0.737164 0
    outer loop
      vertex 102.856 -55.3209 -56
      vertex 104.142 -54.1421 56
      vertex 102.856 -55.3209 56
    endloop
  endfacet
  facet normal 0.675714 -0.737164 0
    outer loop
      vertex 104.142 -54.1421 56
      vertex 102.856 -55.3209 -56
      vertex 104.142 -54.1421 -56
    endloop
  endfacet
  facet normal 0.976373 -0.216093 0
    outer loop
      vertex 109.319 -45.1764 56
      vertex 109.696 -43.473 -56
      vertex 109.696 -43.473 56
    endloop
  endfacet
  facet normal 0.976373 -0.216093 0
    outer loop
      vertex 109.696 -43.473 -56
      vertex 109.319 -45.1764 56
      vertex 109.319 -45.1764 -56
    endloop
  endfacet
  facet normal 0.923821 -0.382824 0
    outer loop
      vertex 108.126 -48.4524 56
      vertex 108.794 -46.8404 -56
      vertex 108.794 -46.8404 56
    endloop
  endfacet
  facet normal 0.923821 -0.382824 0
    outer loop
      vertex 108.794 -46.8404 -56
      vertex 108.126 -48.4524 56
      vertex 108.126 -48.4524 -56
    endloop
  endfacet
  facet normal 0.843248 -0.537524 0
    outer loop
      vertex 106.383 -51.4715 56
      vertex 107.321 -50 -56
      vertex 107.321 -50 56
    endloop
  endfacet
  facet normal 0.843248 -0.537524 0
    outer loop
      vertex 107.321 -50 -56
      vertex 106.383 -51.4715 56
      vertex 106.383 -51.4715 -56
    endloop
  endfacet
  facet normal -0.608805 -0.79332 0
    outer loop
      vertex -102.856 -55.3209 -56
      vertex -101.472 -56.383 56
      vertex -102.856 -55.3209 56
    endloop
  endfacet
  facet normal -0.608805 -0.79332 -0
    outer loop
      vertex -101.472 -56.383 56
      vertex -102.856 -55.3209 -56
      vertex -101.472 -56.383 -56
    endloop
  endfacet
  facet normal -0.46178 -0.886994 0
    outer loop
      vertex -100 -57.3205 -56
      vertex -98.4524 -58.1262 56
      vertex -100 -57.3205 56
    endloop
  endfacet
  facet normal -0.46178 -0.886994 -0
    outer loop
      vertex -98.4524 -58.1262 56
      vertex -100 -57.3205 -56
      vertex -98.4524 -58.1262 -56
    endloop
  endfacet
  facet normal -0.300676 -0.953726 0
    outer loop
      vertex -96.8404 -58.7939 -56
      vertex -95.1764 -59.3185 56
      vertex -96.8404 -58.7939 56
    endloop
  endfacet
  facet normal -0.300676 -0.953726 -0
    outer loop
      vertex -95.1764 -59.3185 56
      vertex -96.8404 -58.7939 -56
      vertex -95.1764 -59.3185 -56
    endloop
  endfacet
  facet normal -0.1305 -0.991448 0
    outer loop
      vertex -93.473 -59.6962 -56
      vertex -91.7431 -59.9239 56
      vertex -93.473 -59.6962 56
    endloop
  endfacet
  facet normal -0.1305 -0.991448 -0
    outer loop
      vertex -91.7431 -59.9239 56
      vertex -93.473 -59.6962 -56
      vertex -91.7431 -59.9239 -56
    endloop
  endfacet
  facet normal -0.793412 -0.608685 0
    outer loop
      vertex -105.321 -52.8558 -56
      vertex -106.383 -51.4715 56
      vertex -106.383 -51.4715 -56
    endloop
  endfacet
  facet normal -0.793412 -0.608685 0
    outer loop
      vertex -106.383 -51.4715 56
      vertex -105.321 -52.8558 -56
      vertex -105.321 -52.8558 56
    endloop
  endfacet
  facet normal -0.887159 -0.461465 0
    outer loop
      vertex -107.321 -50 -56
      vertex -108.126 -48.4524 56
      vertex -108.126 -48.4524 -56
    endloop
  endfacet
  facet normal -0.887159 -0.461465 0
    outer loop
      vertex -108.126 -48.4524 56
      vertex -107.321 -50 -56
      vertex -107.321 -50 56
    endloop
  endfacet
  facet normal -0.953661 -0.300885 0
    outer loop
      vertex -108.794 -46.8404 -56
      vertex -109.319 -45.1764 56
      vertex -109.319 -45.1764 -56
    endloop
  endfacet
  facet normal -0.953661 -0.300885 0
    outer loop
      vertex -109.319 -45.1764 56
      vertex -108.794 -46.8404 -56
      vertex -108.794 -46.8404 56
    endloop
  endfacet
  facet normal 0 0 1
    outer loop
      vertex 90 -57 -53
      vertex 107 -40 -53
      vertex 107 0 -53
    endloop
  endfacet
  facet normal 0 0 1
    outer loop
      vertex 107 -40 -53
      vertex 90 -57 -53
      vertex 106.935 -41.4816 -53
    endloop
  endfacet
  facet normal 0 0 1
    outer loop
      vertex 106.935 -41.4816 -53
      vertex 90 -57 -53
      vertex 106.742 -42.952 -53
    endloop
  endfacet
  facet normal 0 0 1
    outer loop
      vertex 106.742 -42.952 -53
      vertex 90 -57 -53
      vertex 106.421 -44.3999 -53
    endloop
  endfacet
  facet normal 0 0 1
    outer loop
      vertex 106.421 -44.3999 -53
      vertex 90 -57 -53
      vertex 105.975 -45.8143 -53
    endloop
  endfacet
  facet normal 0 0 1
    outer loop
      vertex 105.975 -45.8143 -53
      vertex 90 -57 -53
      vertex 105.407 -47.1845 -53
    endloop
  endfacet
  facet normal 0 0 1
    outer loop
      vertex 105.407 -47.1845 -53
      vertex 90 -57 -53
      vertex 104.722 -48.5 -53
    endloop
  endfacet
  facet normal 0 0 1
    outer loop
      vertex 104.722 -48.5 -53
      vertex 90 -57 -53
      vertex 103.926 -49.7508 -53
    endloop
  endfacet
  facet normal 0 0 1
    outer loop
      vertex 103.926 -49.7508 -53
      vertex 90 -57 -53
      vertex 103.023 -50.9274 -53
    endloop
  endfacet
  facet normal 0 0 1
    outer loop
      vertex 103.023 -50.9274 -53
      vertex 90 -57 -53
      vertex 102.021 -52.0208 -53
    endloop
  endfacet
  facet normal 0 0 1
    outer loop
      vertex 102.021 -52.0208 -53
      vertex 90 -57 -53
      vertex 100.927 -53.0228 -53
    endloop
  endfacet
  facet normal 0 0 1
    outer loop
      vertex 100.927 -53.0228 -53
      vertex 90 -57 -53
      vertex 99.7508 -53.9256 -53
    endloop
  endfacet
  facet normal 0 0 1
    outer loop
      vertex 99.7508 -53.9256 -53
      vertex 90 -57 -53
      vertex 98.5 -54.7224 -53
    endloop
  endfacet
  facet normal 0 0 1
    outer loop
      vertex 98.5 -54.7224 -53
      vertex 90 -57 -53
      vertex 97.1845 -55.4072 -53
    endloop
  endfacet
  facet normal 0 0 1
    outer loop
      vertex 97.1845 -55.4072 -53
      vertex 90 -57 -53
      vertex 95.8143 -55.9748 -53
    endloop
  endfacet
  facet normal 0 0 1
    outer loop
      vertex 95.8143 -55.9748 -53
      vertex 90 -57 -53
      vertex 94.3999 -56.4207 -53
    endloop
  endfacet
  facet normal 0 0 1
    outer loop
      vertex 94.3999 -56.4207 -53
      vertex 90 -57 -53
      vertex 92.952 -56.7417 -53
    endloop
  endfacet
  facet normal 0 0 1
    outer loop
      vertex 92.952 -56.7417 -53
      vertex 90 -57 -53
      vertex 91.4816 -56.9353 -53
    endloop
  endfacet
  facet normal 0 0 1
    outer loop
      vertex 107 0 -53
      vertex -90 -57 -53
      vertex 90 -57 -53
    endloop
  endfacet
  facet normal -0 0 1
    outer loop
      vertex -107 0 -53
      vertex -90 -57 -53
      vertex 107 0 -53
    endloop
  endfacet
  facet normal -0 0 1
    outer loop
      vertex -107 -40 -53
      vertex -90 -57 -53
      vertex -107 0 -53
    endloop
  endfacet
  facet normal 0 0 1
    outer loop
      vertex -90 -57 -53
      vertex -107 -40 -53
      vertex -91.4816 -56.9353 -53
    endloop
  endfacet
  facet normal 0 0 1
    outer loop
      vertex -91.4816 -56.9353 -53
      vertex -107 -40 -53
      vertex -92.952 -56.7417 -53
    endloop
  endfacet
  facet normal 0 0 1
    outer loop
      vertex -92.952 -56.7417 -53
      vertex -107 -40 -53
      vertex -94.3999 -56.4207 -53
    endloop
  endfacet
  facet normal 0 0 1
    outer loop
      vertex -94.3999 -56.4207 -53
      vertex -107 -40 -53
      vertex -95.8143 -55.9748 -53
    endloop
  endfacet
  facet normal 0 0 1
    outer loop
      vertex -95.8143 -55.9748 -53
      vertex -107 -40 -53
      vertex -97.1845 -55.4072 -53
    endloop
  endfacet
  facet normal 0 0 1
    outer loop
      vertex -97.1845 -55.4072 -53
      vertex -107 -40 -53
      vertex -98.5 -54.7224 -53
    endloop
  endfacet
  facet normal 0 0 1
    outer loop
      vertex -98.5 -54.7224 -53
      vertex -107 -40 -53
      vertex -99.7508 -53.9256 -53
    endloop
  endfacet
  facet normal 0 0 1
    outer loop
      vertex -99.7508 -53.9256 -53
      vertex -107 -40 -53
      vertex -100.927 -53.0228 -53
    endloop
  endfacet
  facet normal 0 0 1
    outer loop
      vertex -100.927 -53.0228 -53
      vertex -107 -40 -53
      vertex -102.021 -52.0208 -53
    endloop
  endfacet
  facet normal 0 0 1
    outer loop
      vertex -102.021 -52.0208 -53
      vertex -107 -40 -53
      vertex -103.023 -50.9274 -53
    endloop
  endfacet
  facet normal 0 0 1
    outer loop
      vertex -103.023 -50.9274 -53
      vertex -107 -40 -53
      vertex -103.926 -49.7508 -53
    endloop
  endfacet
  facet normal 0 0 1
    outer loop
      vertex -104.722 -48.5 -53
      vertex -107 -40 -53
      vertex -105.407 -47.1845 -53
    endloop
  endfacet
  facet normal 0 0 1
    outer loop
      vertex -105.407 -47.1845 -53
      vertex -107 -40 -53
      vertex -105.975 -45.8143 -53
    endloop
  endfacet
  facet normal 0 0 1
    outer loop
      vertex -105.975 -45.8143 -53
      vertex -107 -40 -53
      vertex -106.421 -44.3999 -53
    endloop
  endfacet
  facet normal 0 0 1
    outer loop
      vertex -106.421 -44.3999 -53
      vertex -107 -40 -53
      vertex -106.742 -42.952 -53
    endloop
  endfacet
  facet normal 0 0 1
    outer loop
      vertex -103.926 -49.7508 -53
      vertex -107 -40 -53
      vertex -104.722 -48.5 -53
    endloop
  endfacet
  facet normal 0 0 1
    outer loop
      vertex -106.742 -42.952 -53
      vertex -107 -40 -53
      vertex -106.935 -41.4816 -53
    endloop
  endfacet
  facet normal 0.991496 0.130141 0
    outer loop
      vertex -106.742 -42.952 53
      vertex -106.935 -41.4816 -53
      vertex -106.935 -41.4816 53
    endloop
  endfacet
  facet normal 0.991496 0.130141 0
    outer loop
      vertex -106.935 -41.4816 -53
      vertex -106.742 -42.952 53
      vertex -106.742 -42.952 -53
    endloop
  endfacet
  facet normal 1 -0 0
    outer loop
      vertex -107 -40 53
      vertex -107 0 -53
      vertex -107 0 53
    endloop
  endfacet
  facet normal 1 0 0
    outer loop
      vertex -107 0 -53
      vertex -107 -40 53
      vertex -107 -40 -53
    endloop
  endfacet
  facet normal 0.999039 0.0438293 0
    outer loop
      vertex -106.935 -41.4816 53
      vertex -107 -40 -53
      vertex -107 -40 53
    endloop
  endfacet
  facet normal 0.999039 0.0438293 0
    outer loop
      vertex -107 -40 -53
      vertex -106.935 -41.4816 53
      vertex -106.935 -41.4816 -53
    endloop
  endfacet
  facet normal -0.30067 0.953728 0
    outer loop
      vertex 95.8143 -55.9748 -53
      vertex 94.3999 -56.4207 53
      vertex 95.8143 -55.9748 53
    endloop
  endfacet
  facet normal -0.30067 0.953728 0
    outer loop
      vertex 94.3999 -56.4207 53
      vertex 95.8143 -55.9748 -53
      vertex 94.3999 -56.4207 -53
    endloop
  endfacet
  facet normal 0.130538 0.991443 -0
    outer loop
      vertex -91.4816 -56.9353 -53
      vertex -92.952 -56.7417 53
      vertex -91.4816 -56.9353 53
    endloop
  endfacet
  facet normal 0.130538 0.991443 0
    outer loop
      vertex -92.952 -56.7417 53
      vertex -91.4816 -56.9353 -53
      vertex -92.952 -56.7417 -53
    endloop
  endfacet
  facet normal 0 0 -1
    outer loop
      vertex 90 -57 53
      vertex 107 -40 53
      vertex 106.935 -41.4816 53
    endloop
  endfacet
  facet normal 0 0 -1
    outer loop
      vertex 90 -57 53
      vertex 106.935 -41.4816 53
      vertex 106.742 -42.952 53
    endloop
  endfacet
  facet normal 0 0 -1
    outer loop
      vertex 90 -57 53
      vertex 106.742 -42.952 53
      vertex 106.421 -44.3999 53
    endloop
  endfacet
  facet normal 0 0 -1
    outer loop
      vertex 90 -57 53
      vertex 106.421 -44.3999 53
      vertex 105.975 -45.8143 53
    endloop
  endfacet
  facet normal 0 0 -1
    outer loop
      vertex 90 -57 53
      vertex 105.975 -45.8143 53
      vertex 105.407 -47.1845 53
    endloop
  endfacet
  facet normal 0 0 -1
    outer loop
      vertex 90 -57 53
      vertex 105.407 -47.1845 53
      vertex 104.722 -48.5 53
    endloop
  endfacet
  facet normal 0 0 -1
    outer loop
      vertex 90 -57 53
      vertex 104.722 -48.5 53
      vertex 103.926 -49.7508 53
    endloop
  endfacet
  facet normal 0 0 -1
    outer loop
      vertex 90 -57 53
      vertex 103.926 -49.7508 53
      vertex 103.023 -50.9274 53
    endloop
  endfacet
  facet normal 0 0 -1
    outer loop
      vertex 90 -57 53
      vertex 103.023 -50.9274 53
      vertex 102.021 -52.0208 53
    endloop
  endfacet
  facet normal 0 0 -1
    outer loop
      vertex 90 -57 53
      vertex 102.021 -52.0208 53
      vertex 100.927 -53.0228 53
    endloop
  endfacet
  facet normal 0 0 -1
    outer loop
      vertex 90 -57 53
      vertex 100.927 -53.0228 53
      vertex 99.7508 -53.9256 53
    endloop
  endfacet
  facet normal 0 0 -1
    outer loop
      vertex 90 -57 53
      vertex 99.7508 -53.9256 53
      vertex 98.5 -54.7224 53
    endloop
  endfacet
  facet normal 0 0 -1
    outer loop
      vertex 90 -57 53
      vertex 98.5 -54.7224 53
      vertex 97.1845 -55.4072 53
    endloop
  endfacet
  facet normal 0 0 -1
    outer loop
      vertex 90 -57 53
      vertex 97.1845 -55.4072 53
      vertex 95.8143 -55.9748 53
    endloop
  endfacet
  facet normal 0 0 -1
    outer loop
      vertex 90 -57 53
      vertex 95.8143 -55.9748 53
      vertex 94.3999 -56.4207 53
    endloop
  endfacet
  facet normal 0 0 -1
    outer loop
      vertex 90 -57 53
      vertex 94.3999 -56.4207 53
      vertex 92.952 -56.7417 53
    endloop
  endfacet
  facet normal 0 0 -1
    outer loop
      vertex 90 -57 53
      vertex 92.952 -56.7417 53
      vertex 91.4816 -56.9353 53
    endloop
  endfacet
  facet normal -0 0 -1
    outer loop
      vertex 107 -40 53
      vertex 90 -57 53
      vertex 107 0 53
    endloop
  endfacet
  facet normal 0 0 -1
    outer loop
      vertex -90 -57 53
      vertex 107 0 53
      vertex 90 -57 53
    endloop
  endfacet
  facet normal 0 0 -1
    outer loop
      vertex -107 -40 53
      vertex -90 -57 53
      vertex -91.4816 -56.9353 53
    endloop
  endfacet
  facet normal 0 0 -1
    outer loop
      vertex -107 -40 53
      vertex -91.4816 -56.9353 53
      vertex -92.952 -56.7417 53
    endloop
  endfacet
  facet normal 0 0 -1
    outer loop
      vertex -107 -40 53
      vertex -92.952 -56.7417 53
      vertex -94.3999 -56.4207 53
    endloop
  endfacet
  facet normal 0 0 -1
    outer loop
      vertex -107 -40 53
      vertex -94.3999 -56.4207 53
      vertex -95.8143 -55.9748 53
    endloop
  endfacet
  facet normal 0 0 -1
    outer loop
      vertex -107 -40 53
      vertex -95.8143 -55.9748 53
      vertex -97.1845 -55.4072 53
    endloop
  endfacet
  facet normal 0 0 -1
    outer loop
      vertex -107 -40 53
      vertex -97.1845 -55.4072 53
      vertex -98.5 -54.7224 53
    endloop
  endfacet
  facet normal 0 0 -1
    outer loop
      vertex -107 -40 53
      vertex -98.5 -54.7224 53
      vertex -99.7508 -53.9256 53
    endloop
  endfacet
  facet normal 0 0 -1
    outer loop
      vertex -107 -40 53
      vertex -99.7508 -53.9256 53
      vertex -100.927 -53.0228 53
    endloop
  endfacet
  facet normal 0 0 -1
    outer loop
      vertex -107 -40 53
      vertex -100.927 -53.0228 53
      vertex -102.021 -52.0208 53
    endloop
  endfacet
  facet normal 0 0 -1
    outer loop
      vertex -107 -40 53
      vertex -102.021 -52.0208 53
      vertex -103.023 -50.9274 53
    endloop
  endfacet
  facet normal 0 0 -1
    outer loop
      vertex -107 -40 53
      vertex -103.023 -50.9274 53
      vertex -103.926 -49.7508 53
    endloop
  endfacet
  facet normal 0 0 -1
    outer loop
      vertex -107 -40 53
      vertex -103.926 -49.7508 53
      vertex -104.722 -48.5 53
    endloop
  endfacet
  facet normal 0 0 -1
    outer loop
      vertex -107 -40 53
      vertex -104.722 -48.5 53
      vertex -105.407 -47.1845 53
    endloop
  endfacet
  facet normal 0 0 -1
    outer loop
      vertex -107 -40 53
      vertex -105.407 -47.1845 53
      vertex -105.975 -45.8143 53
    endloop
  endfacet
  facet normal 0 0 -1
    outer loop
      vertex -107 -40 53
      vertex -105.975 -45.8143 53
      vertex -106.421 -44.3999 53
    endloop
  endfacet
  facet normal 0 0 -1
    outer loop
      vertex -107 -40 53
      vertex -106.421 -44.3999 53
      vertex -106.742 -42.952 53
    endloop
  endfacet
  facet normal 0 0 -1
    outer loop
      vertex -107 -40 53
      vertex -106.742 -42.952 53
      vertex -106.935 -41.4816 53
    endloop
  endfacet
  facet normal 0 0 -1
    outer loop
      vertex -90 -57 53
      vertex -107 -40 53
      vertex -107 0 53
    endloop
  endfacet
  facet normal 0 0 -1
    outer loop
      vertex -90 -57 53
      vertex -107 0 53
      vertex 107 0 53
    endloop
  endfacet
  facet normal -0.999039 0.0438293 0
    outer loop
      vertex 106.935 -41.4816 -53
      vertex 107 -40 53
      vertex 107 -40 -53
    endloop
  endfacet
  facet normal -0.999039 0.0438293 0
    outer loop
      vertex 107 -40 53
      vertex 106.935 -41.4816 -53
      vertex 106.935 -41.4816 53
    endloop
  endfacet
  facet normal 0.737249 0.675621 0
    outer loop
      vertex -102.021 -52.0208 53
      vertex -103.023 -50.9274 -53
      vertex -103.023 -50.9274 53
    endloop
  endfacet
  facet normal 0.737249 0.675621 0
    outer loop
      vertex -103.023 -50.9274 -53
      vertex -102.021 -52.0208 53
      vertex -102.021 -52.0208 -53
    endloop
  endfacet
  facet normal -1 0 0
    outer loop
      vertex 107 -40 -53
      vertex 107 0 53
      vertex 107 0 -53
    endloop
  endfacet
  facet normal -1 -0 0
    outer loop
      vertex 107 0 53
      vertex 107 -40 -53
      vertex 107 -40 53
    endloop
  endfacet
  facet normal 0.0436274 0.999048 -0
    outer loop
      vertex -90 -57 -53
      vertex -91.4816 -56.9353 53
      vertex -90 -57 53
    endloop
  endfacet
  facet normal 0.0436274 0.999048 0
    outer loop
      vertex -91.4816 -56.9353 53
      vertex -90 -57 -53
      vertex -91.4816 -56.9353 -53
    endloop
  endfacet
  facet normal -0.382709 0.923869 0
    outer loop
      vertex 97.1845 -55.4072 -53
      vertex 95.8143 -55.9748 53
      vertex 97.1845 -55.4072 53
    endloop
  endfacet
  facet normal -0.382709 0.923869 0
    outer loop
      vertex 95.8143 -55.9748 53
      vertex 97.1845 -55.4072 -53
      vertex 95.8143 -55.9748 -53
    endloop
  endfacet
  facet normal 0 1 0
    outer loop
      vertex 90 -57 53
      vertex 82.114 -57 40
      vertex -90 -57 53
    endloop
  endfacet
  facet normal 0 1 0
    outer loop
      vertex 90 -57 53
      vertex 82.114 -57 -24
      vertex 82.114 -57 40
    endloop
  endfacet
  facet normal 0 1 0
    outer loop
      vertex 82.114 -57 -24
      vertex 78.3492 -57 -24.1449
      vertex 78.2892 -57 -24
    endloop
  endfacet
  facet normal 0 1 0
    outer loop
      vertex 82.114 -57 -24
      vertex 78.4148 -57 -24.353
      vertex 78.3492 -57 -24.1449
    endloop
  endfacet
  facet normal 0 1 0
    outer loop
      vertex 82.114 -57 -24
      vertex 78.462 -57 -24.5659
      vertex 78.4148 -57 -24.353
    endloop
  endfacet
  facet normal 0 1 0
    outer loop
      vertex 82.114 -57 -24
      vertex 78.4905 -57 -24.7821
      vertex 78.462 -57 -24.5659
    endloop
  endfacet
  facet normal 0 1 0
    outer loop
      vertex 82.114 -57 -24
      vertex 78.5 -57 -25
      vertex 78.4905 -57 -24.7821
    endloop
  endfacet
  facet normal 0 1 0
    outer loop
      vertex 82.114 -57 -24
      vertex 78.4905 -57 -25.2179
      vertex 78.5 -57 -25
    endloop
  endfacet
  facet normal 0 1 0
    outer loop
      vertex 82.114 -57 -24
      vertex 78.462 -57 -25.4341
      vertex 78.4905 -57 -25.2179
    endloop
  endfacet
  facet normal 0 1 0
    outer loop
      vertex 82.114 -57 -24
      vertex 78.4148 -57 -25.647
      vertex 78.462 -57 -25.4341
    endloop
  endfacet
  facet normal 0 1 0
    outer loop
      vertex 82.114 -57 -24
      vertex 78.3492 -57 -25.855
      vertex 78.4148 -57 -25.647
    endloop
  endfacet
  facet normal 0 1 0
    outer loop
      vertex 82.114 -57 -24
      vertex 78.2658 -57 -26.0565
      vertex 78.3492 -57 -25.855
    endloop
  endfacet
  facet normal 0 1 0
    outer loop
      vertex 82.114 -57 -24
      vertex 78.1651 -57 -26.25
      vertex 78.2658 -57 -26.0565
    endloop
  endfacet
  facet normal 0 1 0
    outer loop
      vertex 82.114 -57 -24
      vertex 78.0479 -57 -26.4339
      vertex 78.1651 -57 -26.25
    endloop
  endfacet
  facet normal 0 1 0
    outer loop
      vertex 82.114 -57 -24
      vertex 77.9151 -57 -26.607
      vertex 78.0479 -57 -26.4339
    endloop
  endfacet
  facet normal 0 1 0
    outer loop
      vertex 82.114 -57 -24
      vertex 77.7678 -57 -26.7678
      vertex 77.9151 -57 -26.607
    endloop
  endfacet
  facet normal 0 1 0
    outer loop
      vertex 82.114 -57 -24
      vertex 77.607 -57 -26.9151
      vertex 77.7678 -57 -26.7678
    endloop
  endfacet
  facet normal 0 1 0
    outer loop
      vertex 90 -57 -53
      vertex 77.607 -57 -26.9151
      vertex 82.114 -57 -24
    endloop
  endfacet
  facet normal 0 1 0
    outer loop
      vertex -75.5659 -57 -27.462
      vertex -90 -57 -53
      vertex -75.7821 -57 -27.4905
    endloop
  endfacet
  facet normal 0 1 0
    outer loop
      vertex 76.2179 -57 -27.4905
      vertex 90 -57 -53
      vertex 76 -57 -27.5
    endloop
  endfacet
  facet normal 0 1 0
    outer loop
      vertex 76.4341 -57 -27.462
      vertex 90 -57 -53
      vertex 76.2179 -57 -27.4905
    endloop
  endfacet
  facet normal 0 1 0
    outer loop
      vertex 76.647 -57 -27.4148
      vertex 90 -57 -53
      vertex 76.4341 -57 -27.462
    endloop
  endfacet
  facet normal 0 1 0
    outer loop
      vertex 76.855 -57 -27.3492
      vertex 90 -57 -53
      vertex 76.647 -57 -27.4148
    endloop
  endfacet
  facet normal 0 1 0
    outer loop
      vertex 77.0565 -57 -27.2658
      vertex 90 -57 -53
      vertex 76.855 -57 -27.3492
    endloop
  endfacet
  facet normal 0 1 0
    outer loop
      vertex 77.25 -57 -27.1651
      vertex 90 -57 -53
      vertex 77.0565 -57 -27.2658
    endloop
  endfacet
  facet normal 0 1 0
    outer loop
      vertex 77.4339 -57 -27.0479
      vertex 90 -57 -53
      vertex 77.25 -57 -27.1651
    endloop
  endfacet
  facet normal 0 1 0
    outer loop
      vertex 77.607 -57 -26.9151
      vertex 90 -57 -53
      vertex 77.4339 -57 -27.0479
    endloop
  endfacet
  facet normal 0 1 -0
    outer loop
      vertex 90 -57 -53
      vertex 82.114 -57 -24
      vertex 90 -57 53
    endloop
  endfacet
  facet normal 0 1 -0
    outer loop
      vertex -82.114 -57 40
      vertex -90 -57 53
      vertex 82.114 -57 40
    endloop
  endfacet
  facet normal 0 1 -0
    outer loop
      vertex -82.114 -57 -24
      vertex -90 -57 53
      vertex -82.114 -57 40
    endloop
  endfacet
  facet normal 0 1 -0
    outer loop
      vertex -78.4148 -57 -24.353
      vertex -82.114 -57 -24
      vertex -78.3492 -57 -24.1449
    endloop
  endfacet
  facet normal 0 1 -0
    outer loop
      vertex -78.462 -57 -24.5659
      vertex -82.114 -57 -24
      vertex -78.4148 -57 -24.353
    endloop
  endfacet
  facet normal 0 1 -0
    outer loop
      vertex -78.4905 -57 -24.7821
      vertex -82.114 -57 -24
      vertex -78.462 -57 -24.5659
    endloop
  endfacet
  facet normal 0 1 -0
    outer loop
      vertex -78.5 -57 -25
      vertex -82.114 -57 -24
      vertex -78.4905 -57 -24.7821
    endloop
  endfacet
  facet normal 0 1 0
    outer loop
      vertex -78.4905 -57 -25.2179
      vertex -82.114 -57 -24
      vertex -78.5 -57 -25
    endloop
  endfacet
  facet normal 0 1 0
    outer loop
      vertex -78.462 -57 -25.4341
      vertex -82.114 -57 -24
      vertex -78.4905 -57 -25.2179
    endloop
  endfacet
  facet normal 0 1 0
    outer loop
      vertex -78.4148 -57 -25.647
      vertex -82.114 -57 -24
      vertex -78.462 -57 -25.4341
    endloop
  endfacet
  facet normal 0 1 0
    outer loop
      vertex -78.3492 -57 -25.855
      vertex -82.114 -57 -24
      vertex -78.4148 -57 -25.647
    endloop
  endfacet
  facet normal 0 1 0
    outer loop
      vertex -78.2658 -57 -26.0565
      vertex -82.114 -57 -24
      vertex -78.3492 -57 -25.855
    endloop
  endfacet
  facet normal 0 1 0
    outer loop
      vertex -78.1651 -57 -26.25
      vertex -82.114 -57 -24
      vertex -78.2658 -57 -26.0565
    endloop
  endfacet
  facet normal 0 1 0
    outer loop
      vertex -78.0479 -57 -26.4339
      vertex -82.114 -57 -24
      vertex -78.1651 -57 -26.25
    endloop
  endfacet
  facet normal 0 1 0
    outer loop
      vertex -77.9151 -57 -26.607
      vertex -82.114 -57 -24
      vertex -78.0479 -57 -26.4339
    endloop
  endfacet
  facet normal 0 1 0
    outer loop
      vertex -77.7678 -57 -26.7678
      vertex -82.114 -57 -24
      vertex -77.9151 -57 -26.607
    endloop
  endfacet
  facet normal 0 1 0
    outer loop
      vertex -77.607 -57 -26.9151
      vertex -82.114 -57 -24
      vertex -77.7678 -57 -26.7678
    endloop
  endfacet
  facet normal 0 1 0
    outer loop
      vertex -90 -57 -53
      vertex -77.607 -57 -26.9151
      vertex -77.4339 -57 -27.0479
    endloop
  endfacet
  facet normal 0 1 0
    outer loop
      vertex -75.7821 -57 -27.4905
      vertex -90 -57 -53
      vertex -76 -57 -27.5
    endloop
  endfacet
  facet normal 0 1 0
    outer loop
      vertex -76 -57 -27.5
      vertex -90 -57 -53
      vertex -76.2179 -57 -27.4905
    endloop
  endfacet
  facet normal 0 1 0
    outer loop
      vertex -82.114 -57 -24
      vertex -90 -57 -53
      vertex -90 -57 53
    endloop
  endfacet
  facet normal 0 1 0
    outer loop
      vertex -77.607 -57 -26.9151
      vertex -90 -57 -53
      vertex -82.114 -57 -24
    endloop
  endfacet
  facet normal 0 1 0
    outer loop
      vertex -77.25 -57 -27.1651
      vertex -90 -57 -53
      vertex -77.4339 -57 -27.0479
    endloop
  endfacet
  facet normal 0 1 0
    outer loop
      vertex -77.0565 -57 -27.2658
      vertex -90 -57 -53
      vertex -77.25 -57 -27.1651
    endloop
  endfacet
  facet normal 0 1 0
    outer loop
      vertex -76.855 -57 -27.3492
      vertex -90 -57 -53
      vertex -77.0565 -57 -27.2658
    endloop
  endfacet
  facet normal 0 1 0
    outer loop
      vertex -76.647 -57 -27.4148
      vertex -90 -57 -53
      vertex -76.855 -57 -27.3492
    endloop
  endfacet
  facet normal 0 1 0
    outer loop
      vertex -76.4341 -57 -27.462
      vertex -90 -57 -53
      vertex -76.647 -57 -27.4148
    endloop
  endfacet
  facet normal 0 1 0
    outer loop
      vertex -76.2179 -57 -27.4905
      vertex -90 -57 -53
      vertex -76.4341 -57 -27.462
    endloop
  endfacet
  facet normal 0 1 0
    outer loop
      vertex -78.2892 -57 -24
      vertex -78.3492 -57 -24.1449
      vertex -82.114 -57 -24
    endloop
  endfacet
  facet normal 0 1 -0
    outer loop
      vertex 73.6508 -57 -24.1449
      vertex -73.7108 -57 -24
      vertex 73.7108 -57 -24
    endloop
  endfacet
  facet normal 0 1 0
    outer loop
      vertex 73.6508 -57 -24.1449
      vertex -73.6508 -57 -24.1449
      vertex -73.7108 -57 -24
    endloop
  endfacet
  facet normal 0 1 -0
    outer loop
      vertex 73.5852 -57 -24.353
      vertex -73.6508 -57 -24.1449
      vertex 73.6508 -57 -24.1449
    endloop
  endfacet
  facet normal 0 1 0
    outer loop
      vertex 73.5852 -57 -24.353
      vertex -73.5852 -57 -24.353
      vertex -73.6508 -57 -24.1449
    endloop
  endfacet
  facet normal 0 1 -0
    outer loop
      vertex 73.538 -57 -24.5659
      vertex -73.5852 -57 -24.353
      vertex 73.5852 -57 -24.353
    endloop
  endfacet
  facet normal 0 1 0
    outer loop
      vertex 73.538 -57 -24.5659
      vertex -73.538 -57 -24.5659
      vertex -73.5852 -57 -24.353
    endloop
  endfacet
  facet normal 0 1 -0
    outer loop
      vertex 73.5095 -57 -24.7821
      vertex -73.538 -57 -24.5659
      vertex 73.538 -57 -24.5659
    endloop
  endfacet
  facet normal 0 1 0
    outer loop
      vertex 73.5095 -57 -24.7821
      vertex -73.5095 -57 -24.7821
      vertex -73.538 -57 -24.5659
    endloop
  endfacet
  facet normal 0 1 -0
    outer loop
      vertex 73.5 -57 -25
      vertex -73.5095 -57 -24.7821
      vertex 73.5095 -57 -24.7821
    endloop
  endfacet
  facet normal 0 1 0
    outer loop
      vertex 73.5 -57 -25
      vertex -73.5 -57 -25
      vertex -73.5095 -57 -24.7821
    endloop
  endfacet
  facet normal 0 1 0
    outer loop
      vertex 73.5095 -57 -25.2179
      vertex -73.5 -57 -25
      vertex 73.5 -57 -25
    endloop
  endfacet
  facet normal 0 1 0
    outer loop
      vertex 73.5095 -57 -25.2179
      vertex -73.5095 -57 -25.2179
      vertex -73.5 -57 -25
    endloop
  endfacet
  facet normal 0 1 0
    outer loop
      vertex 73.538 -57 -25.4341
      vertex -73.5095 -57 -25.2179
      vertex 73.5095 -57 -25.2179
    endloop
  endfacet
  facet normal 0 1 0
    outer loop
      vertex 73.538 -57 -25.4341
      vertex -73.538 -57 -25.4341
      vertex -73.5095 -57 -25.2179
    endloop
  endfacet
  facet normal 0 1 0
    outer loop
      vertex 73.5852 -57 -25.647
      vertex -73.538 -57 -25.4341
      vertex 73.538 -57 -25.4341
    endloop
  endfacet
  facet normal 0 1 0
    outer loop
      vertex 73.5852 -57 -25.647
      vertex -73.5852 -57 -25.647
      vertex -73.538 -57 -25.4341
    endloop
  endfacet
  facet normal 0 1 0
    outer loop
      vertex 73.6508 -57 -25.855
      vertex -73.5852 -57 -25.647
      vertex 73.5852 -57 -25.647
    endloop
  endfacet
  facet normal 0 1 0
    outer loop
      vertex 73.6508 -57 -25.855
      vertex -73.6508 -57 -25.855
      vertex -73.5852 -57 -25.647
    endloop
  endfacet
  facet normal 0 1 0
    outer loop
      vertex 73.7342 -57 -26.0565
      vertex -73.6508 -57 -25.855
      vertex 73.6508 -57 -25.855
    endloop
  endfacet
  facet normal 0 1 0
    outer loop
      vertex 73.7342 -57 -26.0565
      vertex -73.7342 -57 -26.0565
      vertex -73.6508 -57 -25.855
    endloop
  endfacet
  facet normal 0 1 0
    outer loop
      vertex 73.8349 -57 -26.25
      vertex -73.7342 -57 -26.0565
      vertex 73.7342 -57 -26.0565
    endloop
  endfacet
  facet normal 0 1 0
    outer loop
      vertex 73.8349 -57 -26.25
      vertex -73.8349 -57 -26.25
      vertex -73.7342 -57 -26.0565
    endloop
  endfacet
  facet normal 0 1 0
    outer loop
      vertex 73.9521 -57 -26.4339
      vertex -73.8349 -57 -26.25
      vertex 73.8349 -57 -26.25
    endloop
  endfacet
  facet normal 0 1 0
    outer loop
      vertex 73.9521 -57 -26.4339
      vertex -73.9521 -57 -26.4339
      vertex -73.8349 -57 -26.25
    endloop
  endfacet
  facet normal 0 1 0
    outer loop
      vertex 74.0849 -57 -26.607
      vertex -73.9521 -57 -26.4339
      vertex 73.9521 -57 -26.4339
    endloop
  endfacet
  facet normal 0 1 0
    outer loop
      vertex 74.0849 -57 -26.607
      vertex -74.0849 -57 -26.607
      vertex -73.9521 -57 -26.4339
    endloop
  endfacet
  facet normal 0 1 0
    outer loop
      vertex 90 -57 -53
      vertex 74.0849 -57 -26.607
      vertex 74.2322 -57 -26.7678
    endloop
  endfacet
  facet normal 0 1 0
    outer loop
      vertex 74.0849 -57 -26.607
      vertex 90 -57 -53
      vertex -74.0849 -57 -26.607
    endloop
  endfacet
  facet normal 0 1 0
    outer loop
      vertex 90 -57 -53
      vertex 74.2322 -57 -26.7678
      vertex 74.393 -57 -26.9151
    endloop
  endfacet
  facet normal 0 1 0
    outer loop
      vertex -90 -57 -53
      vertex -74.0849 -57 -26.607
      vertex 90 -57 -53
    endloop
  endfacet
  facet normal 0 1 0
    outer loop
      vertex 90 -57 -53
      vertex 74.393 -57 -26.9151
      vertex 74.5661 -57 -27.0479
    endloop
  endfacet
  facet normal 0 1 0
    outer loop
      vertex -74.0849 -57 -26.607
      vertex -90 -57 -53
      vertex -74.2322 -57 -26.7678
    endloop
  endfacet
  facet normal 0 1 0
    outer loop
      vertex 90 -57 -53
      vertex 74.5661 -57 -27.0479
      vertex 74.75 -57 -27.1651
    endloop
  endfacet
  facet normal 0 1 0
    outer loop
      vertex -74.2322 -57 -26.7678
      vertex -90 -57 -53
      vertex -74.393 -57 -26.9151
    endloop
  endfacet
  facet normal 0 1 0
    outer loop
      vertex 90 -57 -53
      vertex 74.75 -57 -27.1651
      vertex 74.9435 -57 -27.2658
    endloop
  endfacet
  facet normal 0 1 0
    outer loop
      vertex -74.393 -57 -26.9151
      vertex -90 -57 -53
      vertex -74.5661 -57 -27.0479
    endloop
  endfacet
  facet normal 0 1 0
    outer loop
      vertex 90 -57 -53
      vertex 74.9435 -57 -27.2658
      vertex 75.145 -57 -27.3492
    endloop
  endfacet
  facet normal 0 1 0
    outer loop
      vertex -74.5661 -57 -27.0479
      vertex -90 -57 -53
      vertex -74.75 -57 -27.1651
    endloop
  endfacet
  facet normal 0 1 0
    outer loop
      vertex 90 -57 -53
      vertex 75.145 -57 -27.3492
      vertex 75.353 -57 -27.4148
    endloop
  endfacet
  facet normal 0 1 0
    outer loop
      vertex -74.75 -57 -27.1651
      vertex -90 -57 -53
      vertex -74.9435 -57 -27.2658
    endloop
  endfacet
  facet normal 0 1 0
    outer loop
      vertex 90 -57 -53
      vertex 75.353 -57 -27.4148
      vertex 75.5659 -57 -27.462
    endloop
  endfacet
  facet normal 0 1 0
    outer loop
      vertex -74.9435 -57 -27.2658
      vertex -90 -57 -53
      vertex -75.145 -57 -27.3492
    endloop
  endfacet
  facet normal 0 1 0
    outer loop
      vertex 90 -57 -53
      vertex 75.5659 -57 -27.462
      vertex 75.7821 -57 -27.4905
    endloop
  endfacet
  facet normal 0 1 0
    outer loop
      vertex -75.145 -57 -27.3492
      vertex -90 -57 -53
      vertex -75.353 -57 -27.4148
    endloop
  endfacet
  facet normal 0 1 0
    outer loop
      vertex 90 -57 -53
      vertex 75.7821 -57 -27.4905
      vertex 76 -57 -27.5
    endloop
  endfacet
  facet normal 0 1 0
    outer loop
      vertex -75.353 -57 -27.4148
      vertex -90 -57 -53
      vertex -75.5659 -57 -27.462
    endloop
  endfacet
  facet normal -0.0436274 0.999048 0
    outer loop
      vertex 91.4816 -56.9353 -53
      vertex 90 -57 53
      vertex 91.4816 -56.9353 53
    endloop
  endfacet
  facet normal -0.0436274 0.999048 0
    outer loop
      vertex 90 -57 53
      vertex 91.4816 -56.9353 -53
      vertex 90 -57 -53
    endloop
  endfacet
  facet normal -0.216445 0.976295 0
    outer loop
      vertex 94.3999 -56.4207 -53
      vertex 92.952 -56.7417 53
      vertex 94.3999 -56.4207 53
    endloop
  endfacet
  facet normal -0.216445 0.976295 0
    outer loop
      vertex 92.952 -56.7417 53
      vertex 94.3999 -56.4207 -53
      vertex 92.952 -56.7417 -53
    endloop
  endfacet
  facet normal -0.461745 0.887012 0
    outer loop
      vertex 98.5 -54.7224 -53
      vertex 97.1845 -55.4072 53
      vertex 98.5 -54.7224 53
    endloop
  endfacet
  facet normal -0.461745 0.887012 0
    outer loop
      vertex 97.1845 -55.4072 53
      vertex 98.5 -54.7224 -53
      vertex 97.1845 -55.4072 -53
    endloop
  endfacet
  facet normal -0.737249 0.675621 0
    outer loop
      vertex 102.021 -52.0208 -53
      vertex 103.023 -50.9274 53
      vertex 103.023 -50.9274 -53
    endloop
  endfacet
  facet normal -0.737249 0.675621 0
    outer loop
      vertex 103.023 -50.9274 53
      vertex 102.021 -52.0208 -53
      vertex 102.021 -52.0208 53
    endloop
  endfacet
  facet normal -0.608876 0.793265 0
    outer loop
      vertex 100.927 -53.0228 -53
      vertex 99.7508 -53.9256 53
      vertex 100.927 -53.0228 53
    endloop
  endfacet
  facet normal -0.608876 0.793265 0
    outer loop
      vertex 99.7508 -53.9256 53
      vertex 100.927 -53.0228 -53
      vertex 99.7508 -53.9256 -53
    endloop
  endfacet
  facet normal -0.923774 0.382939 0
    outer loop
      vertex 105.407 -47.1845 -53
      vertex 105.975 -45.8143 53
      vertex 105.975 -45.8143 -53
    endloop
  endfacet
  facet normal -0.923774 0.382939 0
    outer loop
      vertex 105.975 -45.8143 53
      vertex 105.407 -47.1845 -53
      vertex 105.407 -47.1845 53
    endloop
  endfacet
  facet normal -0.976295 0.216445 0
    outer loop
      vertex 106.421 -44.3999 -53
      vertex 106.742 -42.952 53
      vertex 106.742 -42.952 -53
    endloop
  endfacet
  facet normal -0.976295 0.216445 0
    outer loop
      vertex 106.742 -42.952 53
      vertex 106.421 -44.3999 -53
      vertex 106.421 -44.3999 53
    endloop
  endfacet
  facet normal -0.886957 0.461852 0
    outer loop
      vertex 104.722 -48.5 -53
      vertex 105.407 -47.1845 53
      vertex 105.407 -47.1845 -53
    endloop
  endfacet
  facet normal -0.886957 0.461852 0
    outer loop
      vertex 105.407 -47.1845 53
      vertex 104.722 -48.5 -53
      vertex 104.722 -48.5 53
    endloop
  endfacet
  facet normal -0.7933 0.608831 0
    outer loop
      vertex 103.023 -50.9274 -53
      vertex 103.926 -49.7508 53
      vertex 103.926 -49.7508 -53
    endloop
  endfacet
  facet normal -0.7933 0.608831 0
    outer loop
      vertex 103.926 -49.7508 53
      vertex 103.023 -50.9274 -53
      vertex 103.023 -50.9274 53
    endloop
  endfacet
  facet normal -0.130538 0.991443 0
    outer loop
      vertex 92.952 -56.7417 -53
      vertex 91.4816 -56.9353 53
      vertex 92.952 -56.7417 53
    endloop
  endfacet
  facet normal -0.130538 0.991443 0
    outer loop
      vertex 91.4816 -56.9353 53
      vertex 92.952 -56.7417 -53
      vertex 91.4816 -56.9353 -53
    endloop
  endfacet
  facet normal 0.675419 0.737434 -0
    outer loop
      vertex -100.927 -53.0228 -53
      vertex -102.021 -52.0208 53
      vertex -100.927 -53.0228 53
    endloop
  endfacet
  facet normal 0.675419 0.737434 0
    outer loop
      vertex -102.021 -52.0208 53
      vertex -100.927 -53.0228 -53
      vertex -102.021 -52.0208 -53
    endloop
  endfacet
  facet normal 0.537277 0.843406 -0
    outer loop
      vertex -98.5 -54.7224 -53
      vertex -99.7508 -53.9256 53
      vertex -98.5 -54.7224 53
    endloop
  endfacet
  facet normal 0.537277 0.843406 0
    outer loop
      vertex -99.7508 -53.9256 53
      vertex -98.5 -54.7224 -53
      vertex -99.7508 -53.9256 -53
    endloop
  endfacet
  facet normal 0.382709 0.923869 -0
    outer loop
      vertex -95.8143 -55.9748 -53
      vertex -97.1845 -55.4072 53
      vertex -95.8143 -55.9748 53
    endloop
  endfacet
  facet normal 0.382709 0.923869 0
    outer loop
      vertex -97.1845 -55.4072 53
      vertex -95.8143 -55.9748 -53
      vertex -97.1845 -55.4072 -53
    endloop
  endfacet
  facet normal 0.216445 0.976295 -0
    outer loop
      vertex -92.952 -56.7417 -53
      vertex -94.3999 -56.4207 53
      vertex -92.952 -56.7417 53
    endloop
  endfacet
  facet normal 0.216445 0.976295 0
    outer loop
      vertex -94.3999 -56.4207 53
      vertex -92.952 -56.7417 -53
      vertex -94.3999 -56.4207 -53
    endloop
  endfacet
  facet normal 0.886957 0.461852 0
    outer loop
      vertex -104.722 -48.5 53
      vertex -105.407 -47.1845 -53
      vertex -105.407 -47.1845 53
    endloop
  endfacet
  facet normal 0.886957 0.461852 0
    outer loop
      vertex -105.407 -47.1845 -53
      vertex -104.722 -48.5 53
      vertex -104.722 -48.5 -53
    endloop
  endfacet
  facet normal 0.7933 0.608831 0
    outer loop
      vertex -103.023 -50.9274 53
      vertex -103.926 -49.7508 -53
      vertex -103.926 -49.7508 53
    endloop
  endfacet
  facet normal 0.7933 0.608831 0
    outer loop
      vertex -103.926 -49.7508 -53
      vertex -103.023 -50.9274 53
      vertex -103.023 -50.9274 -53
    endloop
  endfacet
  facet normal 0.923774 0.382939 0
    outer loop
      vertex -105.407 -47.1845 53
      vertex -105.975 -45.8143 -53
      vertex -105.975 -45.8143 53
    endloop
  endfacet
  facet normal 0.923774 0.382939 0
    outer loop
      vertex -105.975 -45.8143 -53
      vertex -105.407 -47.1845 53
      vertex -105.407 -47.1845 -53
    endloop
  endfacet
  facet normal 0.976295 0.216445 0
    outer loop
      vertex -106.421 -44.3999 53
      vertex -106.742 -42.952 -53
      vertex -106.742 -42.952 53
    endloop
  endfacet
  facet normal 0.976295 0.216445 0
    outer loop
      vertex -106.742 -42.952 -53
      vertex -106.421 -44.3999 53
      vertex -106.421 -44.3999 -53
    endloop
  endfacet
  facet normal -0.537277 0.843406 0
    outer loop
      vertex 99.7508 -53.9256 -53
      vertex 98.5 -54.7224 53
      vertex 99.7508 -53.9256 53
    endloop
  endfacet
  facet normal -0.537277 0.843406 0
    outer loop
      vertex 98.5 -54.7224 53
      vertex 99.7508 -53.9256 -53
      vertex 98.5 -54.7224 -53
    endloop
  endfacet
  facet normal -0.675419 0.737434 0
    outer loop
      vertex 102.021 -52.0208 -53
      vertex 100.927 -53.0228 53
      vertex 102.021 -52.0208 53
    endloop
  endfacet
  facet normal -0.675419 0.737434 0
    outer loop
      vertex 100.927 -53.0228 53
      vertex 102.021 -52.0208 -53
      vertex 100.927 -53.0228 -53
    endloop
  endfacet
  facet normal -0.953709 0.300731 0
    outer loop
      vertex 105.975 -45.8143 -53
      vertex 106.421 -44.3999 53
      vertex 106.421 -44.3999 -53
    endloop
  endfacet
  facet normal -0.953709 0.300731 0
    outer loop
      vertex 106.421 -44.3999 53
      vertex 105.975 -45.8143 -53
      vertex 105.975 -45.8143 53
    endloop
  endfacet
  facet normal -0.991496 0.130141 0
    outer loop
      vertex 106.742 -42.952 -53
      vertex 106.935 -41.4816 53
      vertex 106.935 -41.4816 -53
    endloop
  endfacet
  facet normal -0.991496 0.130141 0
    outer loop
      vertex 106.935 -41.4816 53
      vertex 106.742 -42.952 -53
      vertex 106.742 -42.952 53
    endloop
  endfacet
  facet normal -0.84365 0.536893 0
    outer loop
      vertex 103.926 -49.7508 -53
      vertex 104.722 -48.5 53
      vertex 104.722 -48.5 -53
    endloop
  endfacet
  facet normal -0.84365 0.536893 0
    outer loop
      vertex 104.722 -48.5 53
      vertex 103.926 -49.7508 -53
      vertex 103.926 -49.7508 53
    endloop
  endfacet
  facet normal 0.608876 0.793265 -0
    outer loop
      vertex -99.7508 -53.9256 -53
      vertex -100.927 -53.0228 53
      vertex -99.7508 -53.9256 53
    endloop
  endfacet
  facet normal 0.608876 0.793265 0
    outer loop
      vertex -100.927 -53.0228 53
      vertex -99.7508 -53.9256 -53
      vertex -100.927 -53.0228 -53
    endloop
  endfacet
  facet normal 0.461745 0.887012 -0
    outer loop
      vertex -97.1845 -55.4072 -53
      vertex -98.5 -54.7224 53
      vertex -97.1845 -55.4072 53
    endloop
  endfacet
  facet normal 0.461745 0.887012 0
    outer loop
      vertex -98.5 -54.7224 53
      vertex -97.1845 -55.4072 -53
      vertex -98.5 -54.7224 -53
    endloop
  endfacet
  facet normal 0.30067 0.953728 -0
    outer loop
      vertex -94.3999 -56.4207 -53
      vertex -95.8143 -55.9748 53
      vertex -94.3999 -56.4207 53
    endloop
  endfacet
  facet normal 0.30067 0.953728 0
    outer loop
      vertex -95.8143 -55.9748 53
      vertex -94.3999 -56.4207 -53
      vertex -95.8143 -55.9748 -53
    endloop
  endfacet
  facet normal 0.84365 0.536893 0
    outer loop
      vertex -103.926 -49.7508 53
      vertex -104.722 -48.5 -53
      vertex -104.722 -48.5 53
    endloop
  endfacet
  facet normal 0.84365 0.536893 0
    outer loop
      vertex -104.722 -48.5 -53
      vertex -103.926 -49.7508 53
      vertex -103.926 -49.7508 -53
    endloop
  endfacet
  facet normal 0.953709 0.300731 0
    outer loop
      vertex -105.975 -45.8143 53
      vertex -106.421 -44.3999 -53
      vertex -106.421 -44.3999 53
    endloop
  endfacet
  facet normal 0.953709 0.300731 0
    outer loop
      vertex -106.421 -44.3999 -53
      vertex -105.975 -45.8143 53
      vertex -105.975 -45.8143 -53
    endloop
  endfacet
  facet normal 0 1 0
    outer loop
      vertex 110 0 56
      vertex 107 0 53
      vertex -110 0 56
    endloop
  endfacet
  facet normal 0 1 0
    outer loop
      vertex 110 0 56
      vertex 107 0 -53
      vertex 107 0 53
    endloop
  endfacet
  facet normal 0 1 0
    outer loop
      vertex 107 0 -53
      vertex 110 0 -56
      vertex -107 0 -53
    endloop
  endfacet
  facet normal 0 1 -0
    outer loop
      vertex 110 0 -56
      vertex 107 0 -53
      vertex 110 0 56
    endloop
  endfacet
  facet normal 0 1 -0
    outer loop
      vertex -107 0 53
      vertex -110 0 56
      vertex 107 0 53
    endloop
  endfacet
  facet normal 0 1 -0
    outer loop
      vertex -107 0 -53
      vertex -110 0 56
      vertex -107 0 53
    endloop
  endfacet
  facet normal 0 1 0
    outer loop
      vertex -107 0 -53
      vertex -110 0 -56
      vertex -110 0 56
    endloop
  endfacet
  facet normal 0 1 0
    outer loop
      vertex -110 0 -56
      vertex -107 0 -53
      vertex 110 0 -56
    endloop
  endfacet
  facet normal -0.999051 0 -0.0435566
    outer loop
      vertex -73.5 -60 -25
      vertex -73.5095 -57 -24.7821
      vertex -73.5 -57 -25
    endloop
  endfacet
  facet normal -0.999051 -0 -0.0435566
    outer loop
      vertex -73.5095 -57 -24.7821
      vertex -73.5 -60 -25
      vertex -73.5095 -60 -24.7821
    endloop
  endfacet
  facet normal -0.999051 0 0.0435566
    outer loop
      vertex -73.5095 -60 -25.2179
      vertex -73.5 -57 -25
      vertex -73.5095 -57 -25.2179
    endloop
  endfacet
  facet normal -0.999051 0 0.0435566
    outer loop
      vertex -73.5 -57 -25
      vertex -73.5095 -60 -25.2179
      vertex -73.5 -60 -25
    endloop
  endfacet
  facet normal -0.923924 0 -0.382577
    outer loop
      vertex -73.6508 -60 -24.1449
      vertex -73.7108 -57 -24
      vertex -73.6508 -57 -24.1449
    endloop
  endfacet
  facet normal -0.923924 -0 -0.382577
    outer loop
      vertex -73.7108 -57 -24
      vertex -73.6508 -60 -24.1449
      vertex -73.7108 -60 -24
    endloop
  endfacet
  facet normal -0.976295 0 -0.216445
    outer loop
      vertex -73.538 -60 -24.5659
      vertex -73.5852 -57 -24.353
      vertex -73.538 -57 -24.5659
    endloop
  endfacet
  facet normal -0.976295 -0 -0.216445
    outer loop
      vertex -73.5852 -57 -24.353
      vertex -73.538 -60 -24.5659
      vertex -73.5852 -60 -24.353
    endloop
  endfacet
  facet normal 0.999051 0 -0.0435566
    outer loop
      vertex -78.4905 -60 -24.7821
      vertex -78.5 -57 -25
      vertex -78.4905 -57 -24.7821
    endloop
  endfacet
  facet normal 0.999051 0 -0.0435566
    outer loop
      vertex -78.5 -57 -25
      vertex -78.4905 -60 -24.7821
      vertex -78.5 -60 -25
    endloop
  endfacet
  facet normal 0.923924 0 -0.382577
    outer loop
      vertex -78.2892 -60 -24
      vertex -78.3492 -57 -24.1449
      vertex -78.2892 -57 -24
    endloop
  endfacet
  facet normal 0.923924 0 -0.382577
    outer loop
      vertex -78.3492 -57 -24.1449
      vertex -78.2892 -60 -24
      vertex -78.3492 -60 -24.1449
    endloop
  endfacet
  facet normal 0.976295 0 -0.216445
    outer loop
      vertex -78.4148 -60 -24.353
      vertex -78.462 -57 -24.5659
      vertex -78.4148 -57 -24.353
    endloop
  endfacet
  facet normal 0.976295 0 -0.216445
    outer loop
      vertex -78.462 -57 -24.5659
      vertex -78.4148 -60 -24.353
      vertex -78.462 -60 -24.5659
    endloop
  endfacet
  facet normal -0.0435566 0 0.999051
    outer loop
      vertex -76 -57 -27.5
      vertex -75.7821 -60 -27.4905
      vertex -75.7821 -57 -27.4905
    endloop
  endfacet
  facet normal -0.0435566 0 0.999051
    outer loop
      vertex -75.7821 -60 -27.4905
      vertex -76 -57 -27.5
      vertex -76 -60 -27.5
    endloop
  endfacet
  facet normal -0.953693 0 0.30078
    outer loop
      vertex -73.6508 -60 -25.855
      vertex -73.5852 -57 -25.647
      vertex -73.6508 -57 -25.855
    endloop
  endfacet
  facet normal -0.953693 0 0.30078
    outer loop
      vertex -73.5852 -57 -25.647
      vertex -73.6508 -60 -25.855
      vertex -73.5852 -60 -25.647
    endloop
  endfacet
  facet normal -0.737383 0 0.675475
    outer loop
      vertex -74.2322 -60 -26.7678
      vertex -74.0849 -57 -26.607
      vertex -74.2322 -57 -26.7678
    endloop
  endfacet
  facet normal -0.737383 0 0.675475
    outer loop
      vertex -74.0849 -57 -26.607
      vertex -74.2322 -60 -26.7678
      vertex -74.0849 -60 -26.607
    endloop
  endfacet
  facet normal -0.130692 0 0.991423
    outer loop
      vertex -75.7821 -57 -27.4905
      vertex -75.5659 -60 -27.462
      vertex -75.5659 -57 -27.462
    endloop
  endfacet
  facet normal -0.130692 0 0.991423
    outer loop
      vertex -75.5659 -60 -27.462
      vertex -75.7821 -57 -27.4905
      vertex -75.7821 -60 -27.4905
    endloop
  endfacet
  facet normal -0.461641 0 0.887067
    outer loop
      vertex -74.9435 -57 -27.2658
      vertex -74.75 -60 -27.1651
      vertex -74.75 -57 -27.1651
    endloop
  endfacet
  facet normal -0.461641 0 0.887067
    outer loop
      vertex -74.75 -60 -27.1651
      vertex -74.9435 -57 -27.2658
      vertex -74.9435 -60 -27.2658
    endloop
  endfacet
  facet normal 0.0435566 0 0.999051
    outer loop
      vertex -76.2179 -57 -27.4905
      vertex -76 -60 -27.5
      vertex -76 -57 -27.5
    endloop
  endfacet
  facet normal 0.0435566 0 0.999051
    outer loop
      vertex -76 -60 -27.5
      vertex -76.2179 -57 -27.4905
      vertex -76.2179 -60 -27.4905
    endloop
  endfacet
  facet normal 0.382433 0 0.923983
    outer loop
      vertex -77.0565 -57 -27.2658
      vertex -76.855 -60 -27.3492
      vertex -76.855 -57 -27.3492
    endloop
  endfacet
  facet normal 0.382433 0 0.923983
    outer loop
      vertex -76.855 -60 -27.3492
      vertex -77.0565 -57 -27.2658
      vertex -77.0565 -60 -27.2658
    endloop
  endfacet
  facet normal 0.675475 0 0.737383
    outer loop
      vertex -77.7678 -57 -26.7678
      vertex -77.607 -60 -26.9151
      vertex -77.607 -57 -26.9151
    endloop
  endfacet
  facet normal 0.675475 0 0.737383
    outer loop
      vertex -77.607 -60 -26.9151
      vertex -77.7678 -57 -26.7678
      vertex -77.7678 -60 -26.7678
    endloop
  endfacet
  facet normal 0.887067 -0 0.461641
    outer loop
      vertex -78.2658 -60 -26.0565
      vertex -78.1651 -57 -26.25
      vertex -78.2658 -57 -26.0565
    endloop
  endfacet
  facet normal 0.887067 0 0.461641
    outer loop
      vertex -78.1651 -57 -26.25
      vertex -78.2658 -60 -26.0565
      vertex -78.1651 -60 -26.25
    endloop
  endfacet
  facet normal -0.991423 0 -0.130692
    outer loop
      vertex -73.5095 -60 -24.7821
      vertex -73.538 -57 -24.5659
      vertex -73.5095 -57 -24.7821
    endloop
  endfacet
  facet normal -0.991423 -0 -0.130692
    outer loop
      vertex -73.538 -57 -24.5659
      vertex -73.5095 -60 -24.7821
      vertex -73.538 -60 -24.5659
    endloop
  endfacet
  facet normal -0.953735 0 -0.300649
    outer loop
      vertex -73.5852 -60 -24.353
      vertex -73.6508 -57 -24.1449
      vertex -73.5852 -57 -24.353
    endloop
  endfacet
  facet normal -0.953735 -0 -0.300649
    outer loop
      vertex -73.6508 -57 -24.1449
      vertex -73.5852 -60 -24.353
      vertex -73.6508 -60 -24.1449
    endloop
  endfacet
  facet normal 0.953735 0 -0.300649
    outer loop
      vertex -78.3492 -60 -24.1449
      vertex -78.4148 -57 -24.353
      vertex -78.3492 -57 -24.1449
    endloop
  endfacet
  facet normal 0.953735 0 -0.300649
    outer loop
      vertex -78.4148 -57 -24.353
      vertex -78.3492 -60 -24.1449
      vertex -78.4148 -60 -24.353
    endloop
  endfacet
  facet normal 0.991423 0 -0.130692
    outer loop
      vertex -78.462 -60 -24.5659
      vertex -78.4905 -57 -24.7821
      vertex -78.462 -57 -24.5659
    endloop
  endfacet
  facet normal 0.991423 0 -0.130692
    outer loop
      vertex -78.4905 -57 -24.7821
      vertex -78.462 -60 -24.5659
      vertex -78.4905 -60 -24.7821
    endloop
  endfacet
  facet normal -0.991423 0 0.130692
    outer loop
      vertex -73.538 -60 -25.4341
      vertex -73.5095 -57 -25.2179
      vertex -73.538 -57 -25.4341
    endloop
  endfacet
  facet normal -0.991423 0 0.130692
    outer loop
      vertex -73.5095 -57 -25.2179
      vertex -73.538 -60 -25.4341
      vertex -73.5095 -60 -25.2179
    endloop
  endfacet
  facet normal -0.923983 0 0.382433
    outer loop
      vertex -73.7342 -60 -26.0565
      vertex -73.6508 -57 -25.855
      vertex -73.7342 -57 -26.0565
    endloop
  endfacet
  facet normal -0.923983 0 0.382433
    outer loop
      vertex -73.6508 -57 -25.855
      vertex -73.7342 -60 -26.0565
      vertex -73.6508 -60 -25.855
    endloop
  endfacet
  facet normal -0.793407 0 0.608691
    outer loop
      vertex -74.0849 -60 -26.607
      vertex -73.9521 -57 -26.4339
      vertex -74.0849 -57 -26.607
    endloop
  endfacet
  facet normal -0.793407 0 0.608691
    outer loop
      vertex -73.9521 -57 -26.4339
      vertex -74.0849 -60 -26.607
      vertex -73.9521 -60 -26.4339
    endloop
  endfacet
  facet normal -0.216445 0 0.976295
    outer loop
      vertex -75.5659 -57 -27.462
      vertex -75.353 -60 -27.4148
      vertex -75.353 -57 -27.4148
    endloop
  endfacet
  facet normal -0.216445 0 0.976295
    outer loop
      vertex -75.353 -60 -27.4148
      vertex -75.5659 -57 -27.462
      vertex -75.5659 -60 -27.462
    endloop
  endfacet
  facet normal -0.608691 0 0.793407
    outer loop
      vertex -74.5661 -57 -27.0479
      vertex -74.393 -60 -26.9151
      vertex -74.393 -57 -26.9151
    endloop
  endfacet
  facet normal -0.608691 0 0.793407
    outer loop
      vertex -74.393 -60 -26.9151
      vertex -74.5661 -57 -27.0479
      vertex -74.5661 -60 -27.0479
    endloop
  endfacet
  facet normal -0.675475 0 0.737383
    outer loop
      vertex -74.393 -57 -26.9151
      vertex -74.2322 -60 -26.7678
      vertex -74.2322 -57 -26.7678
    endloop
  endfacet
  facet normal -0.675475 0 0.737383
    outer loop
      vertex -74.2322 -60 -26.7678
      vertex -74.393 -57 -26.9151
      vertex -74.393 -60 -26.9151
    endloop
  endfacet
  facet normal -0.537439 0 0.843303
    outer loop
      vertex -74.75 -57 -27.1651
      vertex -74.5661 -60 -27.0479
      vertex -74.5661 -57 -27.0479
    endloop
  endfacet
  facet normal -0.537439 0 0.843303
    outer loop
      vertex -74.5661 -60 -27.0479
      vertex -74.75 -57 -27.1651
      vertex -74.75 -60 -27.1651
    endloop
  endfacet
  facet normal 0.130692 0 0.991423
    outer loop
      vertex -76.4341 -57 -27.462
      vertex -76.2179 -60 -27.4905
      vertex -76.2179 -57 -27.4905
    endloop
  endfacet
  facet normal 0.130692 0 0.991423
    outer loop
      vertex -76.2179 -60 -27.4905
      vertex -76.4341 -57 -27.462
      vertex -76.4341 -60 -27.462
    endloop
  endfacet
  facet normal 0.216445 0 0.976295
    outer loop
      vertex -76.647 -57 -27.4148
      vertex -76.4341 -60 -27.462
      vertex -76.4341 -57 -27.462
    endloop
  endfacet
  facet normal 0.216445 0 0.976295
    outer loop
      vertex -76.4341 -60 -27.462
      vertex -76.647 -57 -27.4148
      vertex -76.647 -60 -27.4148
    endloop
  endfacet
  facet normal 0.537439 0 0.843303
    outer loop
      vertex -77.4339 -57 -27.0479
      vertex -77.25 -60 -27.1651
      vertex -77.25 -57 -27.1651
    endloop
  endfacet
  facet normal 0.537439 0 0.843303
    outer loop
      vertex -77.25 -60 -27.1651
      vertex -77.4339 -57 -27.0479
      vertex -77.4339 -60 -27.0479
    endloop
  endfacet
  facet normal 0.461641 0 0.887067
    outer loop
      vertex -77.25 -57 -27.1651
      vertex -77.0565 -60 -27.2658
      vertex -77.0565 -57 -27.2658
    endloop
  endfacet
  facet normal 0.461641 0 0.887067
    outer loop
      vertex -77.0565 -60 -27.2658
      vertex -77.25 -57 -27.1651
      vertex -77.25 -60 -27.1651
    endloop
  endfacet
  facet normal 0.608691 0 0.793407
    outer loop
      vertex -77.607 -57 -26.9151
      vertex -77.4339 -60 -27.0479
      vertex -77.4339 -57 -27.0479
    endloop
  endfacet
  facet normal 0.608691 0 0.793407
    outer loop
      vertex -77.4339 -60 -27.0479
      vertex -77.607 -57 -26.9151
      vertex -77.607 -60 -26.9151
    endloop
  endfacet
  facet normal 0.976295 -0 0.216445
    outer loop
      vertex -78.462 -60 -25.4341
      vertex -78.4148 -57 -25.647
      vertex -78.462 -57 -25.4341
    endloop
  endfacet
  facet normal 0.976295 0 0.216445
    outer loop
      vertex -78.4148 -57 -25.647
      vertex -78.462 -60 -25.4341
      vertex -78.4148 -60 -25.647
    endloop
  endfacet
  facet normal 0.999051 -0 0.0435566
    outer loop
      vertex -78.5 -60 -25
      vertex -78.4905 -57 -25.2179
      vertex -78.5 -57 -25
    endloop
  endfacet
  facet normal 0.999051 0 0.0435566
    outer loop
      vertex -78.4905 -57 -25.2179
      vertex -78.5 -60 -25
      vertex -78.4905 -60 -25.2179
    endloop
  endfacet
  facet normal 0.991423 -0 0.130692
    outer loop
      vertex -78.4905 -60 -25.2179
      vertex -78.462 -57 -25.4341
      vertex -78.4905 -57 -25.2179
    endloop
  endfacet
  facet normal 0.991423 0 0.130692
    outer loop
      vertex -78.462 -57 -25.4341
      vertex -78.4905 -60 -25.2179
      vertex -78.462 -60 -25.4341
    endloop
  endfacet
  facet normal 0.843303 -0 0.537439
    outer loop
      vertex -78.1651 -60 -26.25
      vertex -78.0479 -57 -26.4339
      vertex -78.1651 -57 -26.25
    endloop
  endfacet
  facet normal 0.843303 0 0.537439
    outer loop
      vertex -78.0479 -57 -26.4339
      vertex -78.1651 -60 -26.25
      vertex -78.0479 -60 -26.4339
    endloop
  endfacet
  facet normal 0.793407 -0 0.608691
    outer loop
      vertex -78.0479 -60 -26.4339
      vertex -77.9151 -57 -26.607
      vertex -78.0479 -57 -26.4339
    endloop
  endfacet
  facet normal 0.793407 0 0.608691
    outer loop
      vertex -77.9151 -57 -26.607
      vertex -78.0479 -60 -26.4339
      vertex -77.9151 -60 -26.607
    endloop
  endfacet
  facet normal 0.737383 -0 0.675475
    outer loop
      vertex -77.9151 -60 -26.607
      vertex -77.7678 -57 -26.7678
      vertex -77.9151 -57 -26.607
    endloop
  endfacet
  facet normal 0.737383 0 0.675475
    outer loop
      vertex -77.7678 -57 -26.7678
      vertex -77.9151 -60 -26.607
      vertex -77.7678 -60 -26.7678
    endloop
  endfacet
  facet normal -0.976295 0 0.216445
    outer loop
      vertex -73.5852 -60 -25.647
      vertex -73.538 -57 -25.4341
      vertex -73.5852 -57 -25.647
    endloop
  endfacet
  facet normal -0.976295 0 0.216445
    outer loop
      vertex -73.538 -57 -25.4341
      vertex -73.5852 -60 -25.647
      vertex -73.538 -60 -25.4341
    endloop
  endfacet
  facet normal -0.887067 0 0.461641
    outer loop
      vertex -73.8349 -60 -26.25
      vertex -73.7342 -57 -26.0565
      vertex -73.8349 -57 -26.25
    endloop
  endfacet
  facet normal -0.887067 0 0.461641
    outer loop
      vertex -73.7342 -57 -26.0565
      vertex -73.8349 -60 -26.25
      vertex -73.7342 -60 -26.0565
    endloop
  endfacet
  facet normal -0.30078 0 0.953693
    outer loop
      vertex -75.353 -57 -27.4148
      vertex -75.145 -60 -27.3492
      vertex -75.145 -57 -27.3492
    endloop
  endfacet
  facet normal -0.30078 0 0.953693
    outer loop
      vertex -75.145 -60 -27.3492
      vertex -75.353 -57 -27.4148
      vertex -75.353 -60 -27.4148
    endloop
  endfacet
  facet normal -0.382433 0 0.923983
    outer loop
      vertex -75.145 -57 -27.3492
      vertex -74.9435 -60 -27.2658
      vertex -74.9435 -57 -27.2658
    endloop
  endfacet
  facet normal -0.382433 0 0.923983
    outer loop
      vertex -74.9435 -60 -27.2658
      vertex -75.145 -57 -27.3492
      vertex -75.145 -60 -27.3492
    endloop
  endfacet
  facet normal 0.30078 0 0.953693
    outer loop
      vertex -76.855 -57 -27.3492
      vertex -76.647 -60 -27.4148
      vertex -76.647 -57 -27.4148
    endloop
  endfacet
  facet normal 0.30078 0 0.953693
    outer loop
      vertex -76.647 -60 -27.4148
      vertex -76.855 -57 -27.3492
      vertex -76.855 -60 -27.3492
    endloop
  endfacet
  facet normal 0.953693 -0 0.30078
    outer loop
      vertex -78.4148 -60 -25.647
      vertex -78.3492 -57 -25.855
      vertex -78.4148 -57 -25.647
    endloop
  endfacet
  facet normal 0.953693 0 0.30078
    outer loop
      vertex -78.3492 -57 -25.855
      vertex -78.4148 -60 -25.647
      vertex -78.3492 -60 -25.855
    endloop
  endfacet
  facet normal 0.923983 -0 0.382433
    outer loop
      vertex -78.3492 -60 -25.855
      vertex -78.2658 -57 -26.0565
      vertex -78.3492 -57 -25.855
    endloop
  endfacet
  facet normal 0.923983 0 0.382433
    outer loop
      vertex -78.2658 -57 -26.0565
      vertex -78.3492 -60 -25.855
      vertex -78.2658 -60 -26.0565
    endloop
  endfacet
  facet normal -0.843303 0 0.537439
    outer loop
      vertex -73.9521 -60 -26.4339
      vertex -73.8349 -57 -26.25
      vertex -73.9521 -57 -26.4339
    endloop
  endfacet
  facet normal -0.843303 0 0.537439
    outer loop
      vertex -73.8349 -57 -26.25
      vertex -73.9521 -60 -26.4339
      vertex -73.8349 -60 -26.25
    endloop
  endfacet
  facet normal -0.999051 0 -0.0435566
    outer loop
      vertex 78.5 -60 -25
      vertex 78.4905 -57 -24.7821
      vertex 78.5 -57 -25
    endloop
  endfacet
  facet normal -0.999051 -0 -0.0435566
    outer loop
      vertex 78.4905 -57 -24.7821
      vertex 78.5 -60 -25
      vertex 78.4905 -60 -24.7821
    endloop
  endfacet
  facet normal -0.991423 0 -0.130692
    outer loop
      vertex 78.4905 -60 -24.7821
      vertex 78.462 -57 -24.5659
      vertex 78.4905 -57 -24.7821
    endloop
  endfacet
  facet normal -0.991423 -0 -0.130692
    outer loop
      vertex 78.462 -57 -24.5659
      vertex 78.4905 -60 -24.7821
      vertex 78.462 -60 -24.5659
    endloop
  endfacet
  facet normal -0.923924 0 -0.382577
    outer loop
      vertex 78.3492 -60 -24.1449
      vertex 78.2892 -57 -24
      vertex 78.3492 -57 -24.1449
    endloop
  endfacet
  facet normal -0.923924 -0 -0.382577
    outer loop
      vertex 78.2892 -57 -24
      vertex 78.3492 -60 -24.1449
      vertex 78.2892 -60 -24
    endloop
  endfacet
  facet normal -0.976295 0 -0.216445
    outer loop
      vertex 78.462 -60 -24.5659
      vertex 78.4148 -57 -24.353
      vertex 78.462 -57 -24.5659
    endloop
  endfacet
  facet normal -0.976295 -0 -0.216445
    outer loop
      vertex 78.4148 -57 -24.353
      vertex 78.462 -60 -24.5659
      vertex 78.4148 -60 -24.353
    endloop
  endfacet
  facet normal 0.991423 0 -0.130692
    outer loop
      vertex 73.538 -60 -24.5659
      vertex 73.5095 -57 -24.7821
      vertex 73.538 -57 -24.5659
    endloop
  endfacet
  facet normal 0.991423 0 -0.130692
    outer loop
      vertex 73.5095 -57 -24.7821
      vertex 73.538 -60 -24.5659
      vertex 73.5095 -60 -24.7821
    endloop
  endfacet
  facet normal 0.953735 0 -0.300649
    outer loop
      vertex 73.6508 -60 -24.1449
      vertex 73.5852 -57 -24.353
      vertex 73.6508 -57 -24.1449
    endloop
  endfacet
  facet normal 0.953735 0 -0.300649
    outer loop
      vertex 73.5852 -57 -24.353
      vertex 73.6508 -60 -24.1449
      vertex 73.5852 -60 -24.353
    endloop
  endfacet
  facet normal 0.923924 0 -0.382577
    outer loop
      vertex 73.7108 -60 -24
      vertex 73.6508 -57 -24.1449
      vertex 73.7108 -57 -24
    endloop
  endfacet
  facet normal 0.923924 0 -0.382577
    outer loop
      vertex 73.6508 -57 -24.1449
      vertex 73.7108 -60 -24
      vertex 73.6508 -60 -24.1449
    endloop
  endfacet
  facet normal -0.999051 0 0.0435566
    outer loop
      vertex 78.4905 -60 -25.2179
      vertex 78.5 -57 -25
      vertex 78.4905 -57 -25.2179
    endloop
  endfacet
  facet normal -0.999051 0 0.0435566
    outer loop
      vertex 78.5 -57 -25
      vertex 78.4905 -60 -25.2179
      vertex 78.5 -60 -25
    endloop
  endfacet
  facet normal 0.675475 0 0.737383
    outer loop
      vertex 74.2322 -57 -26.7678
      vertex 74.393 -60 -26.9151
      vertex 74.393 -57 -26.9151
    endloop
  endfacet
  facet normal 0.675475 0 0.737383
    outer loop
      vertex 74.393 -60 -26.9151
      vertex 74.2322 -57 -26.7678
      vertex 74.2322 -60 -26.7678
    endloop
  endfacet
  facet normal -0.130692 0 0.991423
    outer loop
      vertex 76.2179 -57 -27.4905
      vertex 76.4341 -60 -27.462
      vertex 76.4341 -57 -27.462
    endloop
  endfacet
  facet normal -0.130692 0 0.991423
    outer loop
      vertex 76.4341 -60 -27.462
      vertex 76.2179 -57 -27.4905
      vertex 76.2179 -60 -27.4905
    endloop
  endfacet
  facet normal -0.461641 0 0.887067
    outer loop
      vertex 77.0565 -57 -27.2658
      vertex 77.25 -60 -27.1651
      vertex 77.25 -57 -27.1651
    endloop
  endfacet
  facet normal -0.461641 0 0.887067
    outer loop
      vertex 77.25 -60 -27.1651
      vertex 77.0565 -57 -27.2658
      vertex 77.0565 -60 -27.2658
    endloop
  endfacet
  facet normal -0.953735 0 -0.300649
    outer loop
      vertex 78.4148 -60 -24.353
      vertex 78.3492 -57 -24.1449
      vertex 78.4148 -57 -24.353
    endloop
  endfacet
  facet normal -0.953735 -0 -0.300649
    outer loop
      vertex 78.3492 -57 -24.1449
      vertex 78.4148 -60 -24.353
      vertex 78.3492 -60 -24.1449
    endloop
  endfacet
  facet normal 0.976295 0 -0.216445
    outer loop
      vertex 73.5852 -60 -24.353
      vertex 73.538 -57 -24.5659
      vertex 73.5852 -57 -24.353
    endloop
  endfacet
  facet normal 0.976295 0 -0.216445
    outer loop
      vertex 73.538 -57 -24.5659
      vertex 73.5852 -60 -24.353
      vertex 73.538 -60 -24.5659
    endloop
  endfacet
  facet normal 0.999051 0 -0.0435566
    outer loop
      vertex 73.5095 -60 -24.7821
      vertex 73.5 -57 -25
      vertex 73.5095 -57 -24.7821
    endloop
  endfacet
  facet normal 0.999051 0 -0.0435566
    outer loop
      vertex 73.5 -57 -25
      vertex 73.5095 -60 -24.7821
      vertex 73.5 -60 -25
    endloop
  endfacet
  facet normal 0.999051 -0 0.0435566
    outer loop
      vertex 73.5 -60 -25
      vertex 73.5095 -57 -25.2179
      vertex 73.5 -57 -25
    endloop
  endfacet
  facet normal 0.999051 0 0.0435566
    outer loop
      vertex 73.5095 -57 -25.2179
      vertex 73.5 -60 -25
      vertex 73.5095 -60 -25.2179
    endloop
  endfacet
  facet normal -0.737383 0 0.675475
    outer loop
      vertex 77.7678 -60 -26.7678
      vertex 77.9151 -57 -26.607
      vertex 77.7678 -57 -26.7678
    endloop
  endfacet
  facet normal -0.737383 0 0.675475
    outer loop
      vertex 77.9151 -57 -26.607
      vertex 77.7678 -60 -26.7678
      vertex 77.9151 -60 -26.607
    endloop
  endfacet
  facet normal -0.537439 0 0.843303
    outer loop
      vertex 77.25 -57 -27.1651
      vertex 77.4339 -60 -27.0479
      vertex 77.4339 -57 -27.0479
    endloop
  endfacet
  facet normal -0.537439 0 0.843303
    outer loop
      vertex 77.4339 -60 -27.0479
      vertex 77.25 -57 -27.1651
      vertex 77.25 -60 -27.1651
    endloop
  endfacet
  facet normal -0.675475 0 0.737383
    outer loop
      vertex 77.607 -57 -26.9151
      vertex 77.7678 -60 -26.7678
      vertex 77.7678 -57 -26.7678
    endloop
  endfacet
  facet normal -0.675475 0 0.737383
    outer loop
      vertex 77.7678 -60 -26.7678
      vertex 77.607 -57 -26.9151
      vertex 77.607 -60 -26.9151
    endloop
  endfacet
  facet normal -0.887067 0 0.461641
    outer loop
      vertex 78.1651 -60 -26.25
      vertex 78.2658 -57 -26.0565
      vertex 78.1651 -57 -26.25
    endloop
  endfacet
  facet normal -0.887067 0 0.461641
    outer loop
      vertex 78.2658 -57 -26.0565
      vertex 78.1651 -60 -26.25
      vertex 78.2658 -60 -26.0565
    endloop
  endfacet
  facet normal 0.843303 -0 0.537439
    outer loop
      vertex 73.8349 -60 -26.25
      vertex 73.9521 -57 -26.4339
      vertex 73.8349 -57 -26.25
    endloop
  endfacet
  facet normal 0.843303 0 0.537439
    outer loop
      vertex 73.9521 -57 -26.4339
      vertex 73.8349 -60 -26.25
      vertex 73.9521 -60 -26.4339
    endloop
  endfacet
  facet normal 0.953693 -0 0.30078
    outer loop
      vertex 73.5852 -60 -25.647
      vertex 73.6508 -57 -25.855
      vertex 73.5852 -57 -25.647
    endloop
  endfacet
  facet normal 0.953693 0 0.30078
    outer loop
      vertex 73.6508 -57 -25.855
      vertex 73.5852 -60 -25.647
      vertex 73.6508 -60 -25.855
    endloop
  endfacet
  facet normal 0.976295 -0 0.216445
    outer loop
      vertex 73.538 -60 -25.4341
      vertex 73.5852 -57 -25.647
      vertex 73.538 -57 -25.4341
    endloop
  endfacet
  facet normal 0.976295 0 0.216445
    outer loop
      vertex 73.5852 -57 -25.647
      vertex 73.538 -60 -25.4341
      vertex 73.5852 -60 -25.647
    endloop
  endfacet
  facet normal 0.991423 -0 0.130692
    outer loop
      vertex 73.5095 -60 -25.2179
      vertex 73.538 -57 -25.4341
      vertex 73.5095 -57 -25.2179
    endloop
  endfacet
  facet normal 0.991423 0 0.130692
    outer loop
      vertex 73.538 -57 -25.4341
      vertex 73.5095 -60 -25.2179
      vertex 73.538 -60 -25.4341
    endloop
  endfacet
  facet normal -0.0435566 0 0.999051
    outer loop
      vertex 76 -57 -27.5
      vertex 76.2179 -60 -27.4905
      vertex 76.2179 -57 -27.4905
    endloop
  endfacet
  facet normal -0.0435566 0 0.999051
    outer loop
      vertex 76.2179 -60 -27.4905
      vertex 76 -57 -27.5
      vertex 76 -60 -27.5
    endloop
  endfacet
  facet normal -0.382433 0 0.923983
    outer loop
      vertex 76.855 -57 -27.3492
      vertex 77.0565 -60 -27.2658
      vertex 77.0565 -57 -27.2658
    endloop
  endfacet
  facet normal -0.382433 0 0.923983
    outer loop
      vertex 77.0565 -60 -27.2658
      vertex 76.855 -57 -27.3492
      vertex 76.855 -60 -27.3492
    endloop
  endfacet
  facet normal -0.216445 0 0.976295
    outer loop
      vertex 76.4341 -57 -27.462
      vertex 76.647 -60 -27.4148
      vertex 76.647 -57 -27.4148
    endloop
  endfacet
  facet normal -0.216445 0 0.976295
    outer loop
      vertex 76.647 -60 -27.4148
      vertex 76.4341 -57 -27.462
      vertex 76.4341 -60 -27.462
    endloop
  endfacet
  facet normal -0.976295 0 0.216445
    outer loop
      vertex 78.4148 -60 -25.647
      vertex 78.462 -57 -25.4341
      vertex 78.4148 -57 -25.647
    endloop
  endfacet
  facet normal -0.976295 0 0.216445
    outer loop
      vertex 78.462 -57 -25.4341
      vertex 78.4148 -60 -25.647
      vertex 78.462 -60 -25.4341
    endloop
  endfacet
  facet normal -0.991423 0 0.130692
    outer loop
      vertex 78.462 -60 -25.4341
      vertex 78.4905 -57 -25.2179
      vertex 78.462 -57 -25.4341
    endloop
  endfacet
  facet normal -0.991423 0 0.130692
    outer loop
      vertex 78.4905 -57 -25.2179
      vertex 78.462 -60 -25.4341
      vertex 78.4905 -60 -25.2179
    endloop
  endfacet
  facet normal -0.608691 0 0.793407
    outer loop
      vertex 77.4339 -57 -27.0479
      vertex 77.607 -60 -26.9151
      vertex 77.607 -57 -26.9151
    endloop
  endfacet
  facet normal -0.608691 0 0.793407
    outer loop
      vertex 77.607 -60 -26.9151
      vertex 77.4339 -57 -27.0479
      vertex 77.4339 -60 -27.0479
    endloop
  endfacet
  facet normal -0.793407 0 0.608691
    outer loop
      vertex 77.9151 -60 -26.607
      vertex 78.0479 -57 -26.4339
      vertex 77.9151 -57 -26.607
    endloop
  endfacet
  facet normal -0.793407 0 0.608691
    outer loop
      vertex 78.0479 -57 -26.4339
      vertex 77.9151 -60 -26.607
      vertex 78.0479 -60 -26.4339
    endloop
  endfacet
  facet normal -0.843303 0 0.537439
    outer loop
      vertex 78.0479 -60 -26.4339
      vertex 78.1651 -57 -26.25
      vertex 78.0479 -57 -26.4339
    endloop
  endfacet
  facet normal -0.843303 0 0.537439
    outer loop
      vertex 78.1651 -57 -26.25
      vertex 78.0479 -60 -26.4339
      vertex 78.1651 -60 -26.25
    endloop
  endfacet
  facet normal 0.0435566 0 0.999051
    outer loop
      vertex 75.7821 -57 -27.4905
      vertex 76 -60 -27.5
      vertex 76 -57 -27.5
    endloop
  endfacet
  facet normal 0.0435566 0 0.999051
    outer loop
      vertex 76 -60 -27.5
      vertex 75.7821 -57 -27.4905
      vertex 75.7821 -60 -27.4905
    endloop
  endfacet
  facet normal 0.793407 -0 0.608691
    outer loop
      vertex 73.9521 -60 -26.4339
      vertex 74.0849 -57 -26.607
      vertex 73.9521 -57 -26.4339
    endloop
  endfacet
  facet normal 0.793407 0 0.608691
    outer loop
      vertex 74.0849 -57 -26.607
      vertex 73.9521 -60 -26.4339
      vertex 74.0849 -60 -26.607
    endloop
  endfacet
  facet normal 0.737383 -0 0.675475
    outer loop
      vertex 74.0849 -60 -26.607
      vertex 74.2322 -57 -26.7678
      vertex 74.0849 -57 -26.607
    endloop
  endfacet
  facet normal 0.737383 0 0.675475
    outer loop
      vertex 74.2322 -57 -26.7678
      vertex 74.0849 -60 -26.607
      vertex 74.2322 -60 -26.7678
    endloop
  endfacet
  facet normal 0.887067 -0 0.461641
    outer loop
      vertex 73.7342 -60 -26.0565
      vertex 73.8349 -57 -26.25
      vertex 73.7342 -57 -26.0565
    endloop
  endfacet
  facet normal 0.887067 0 0.461641
    outer loop
      vertex 73.8349 -57 -26.25
      vertex 73.7342 -60 -26.0565
      vertex 73.8349 -60 -26.25
    endloop
  endfacet
  facet normal 0.923983 -0 0.382433
    outer loop
      vertex 73.6508 -60 -25.855
      vertex 73.7342 -57 -26.0565
      vertex 73.6508 -57 -25.855
    endloop
  endfacet
  facet normal 0.923983 0 0.382433
    outer loop
      vertex 73.7342 -57 -26.0565
      vertex 73.6508 -60 -25.855
      vertex 73.7342 -60 -26.0565
    endloop
  endfacet
  facet normal -0.30078 0 0.953693
    outer loop
      vertex 76.647 -57 -27.4148
      vertex 76.855 -60 -27.3492
      vertex 76.855 -57 -27.3492
    endloop
  endfacet
  facet normal -0.30078 0 0.953693
    outer loop
      vertex 76.855 -60 -27.3492
      vertex 76.647 -57 -27.4148
      vertex 76.647 -60 -27.4148
    endloop
  endfacet
  facet normal -0.923983 0 0.382433
    outer loop
      vertex 78.2658 -60 -26.0565
      vertex 78.3492 -57 -25.855
      vertex 78.2658 -57 -26.0565
    endloop
  endfacet
  facet normal -0.923983 0 0.382433
    outer loop
      vertex 78.3492 -57 -25.855
      vertex 78.2658 -60 -26.0565
      vertex 78.3492 -60 -25.855
    endloop
  endfacet
  facet normal -0.953693 0 0.30078
    outer loop
      vertex 78.3492 -60 -25.855
      vertex 78.4148 -57 -25.647
      vertex 78.3492 -57 -25.855
    endloop
  endfacet
  facet normal -0.953693 0 0.30078
    outer loop
      vertex 78.4148 -57 -25.647
      vertex 78.3492 -60 -25.855
      vertex 78.4148 -60 -25.647
    endloop
  endfacet
  facet normal 0.382433 0 0.923983
    outer loop
      vertex 74.9435 -57 -27.2658
      vertex 75.145 -60 -27.3492
      vertex 75.145 -57 -27.3492
    endloop
  endfacet
  facet normal 0.382433 0 0.923983
    outer loop
      vertex 75.145 -60 -27.3492
      vertex 74.9435 -57 -27.2658
      vertex 74.9435 -60 -27.2658
    endloop
  endfacet
  facet normal 0.608691 0 0.793407
    outer loop
      vertex 74.393 -57 -26.9151
      vertex 74.5661 -60 -27.0479
      vertex 74.5661 -57 -27.0479
    endloop
  endfacet
  facet normal 0.608691 0 0.793407
    outer loop
      vertex 74.5661 -60 -27.0479
      vertex 74.393 -57 -26.9151
      vertex 74.393 -60 -26.9151
    endloop
  endfacet
  facet normal 0.216445 0 0.976295
    outer loop
      vertex 75.353 -57 -27.4148
      vertex 75.5659 -60 -27.462
      vertex 75.5659 -57 -27.462
    endloop
  endfacet
  facet normal 0.216445 0 0.976295
    outer loop
      vertex 75.5659 -60 -27.462
      vertex 75.353 -57 -27.4148
      vertex 75.353 -60 -27.4148
    endloop
  endfacet
  facet normal 0.130692 0 0.991423
    outer loop
      vertex 75.5659 -57 -27.462
      vertex 75.7821 -60 -27.4905
      vertex 75.7821 -57 -27.4905
    endloop
  endfacet
  facet normal 0.130692 0 0.991423
    outer loop
      vertex 75.7821 -60 -27.4905
      vertex 75.5659 -57 -27.462
      vertex 75.5659 -60 -27.462
    endloop
  endfacet
  facet normal 0.30078 0 0.953693
    outer loop
      vertex 75.145 -57 -27.3492
      vertex 75.353 -60 -27.4148
      vertex 75.353 -57 -27.4148
    endloop
  endfacet
  facet normal 0.30078 0 0.953693
    outer loop
      vertex 75.353 -60 -27.4148
      vertex 75.145 -57 -27.3492
      vertex 75.145 -60 -27.3492
    endloop
  endfacet
  facet normal 0.537439 0 0.843303
    outer loop
      vertex 74.5661 -57 -27.0479
      vertex 74.75 -60 -27.1651
      vertex 74.75 -57 -27.1651
    endloop
  endfacet
  facet normal 0.537439 0 0.843303
    outer loop
      vertex 74.75 -60 -27.1651
      vertex 74.5661 -57 -27.0479
      vertex 74.5661 -60 -27.0479
    endloop
  endfacet
  facet normal 0.461641 0 0.887067
    outer loop
      vertex 74.75 -57 -27.1651
      vertex 74.9435 -60 -27.2658
      vertex 74.9435 -57 -27.2658
    endloop
  endfacet
  facet normal 0.461641 0 0.887067
    outer loop
      vertex 74.9435 -60 -27.2658
      vertex 74.75 -57 -27.1651
      vertex 74.75 -60 -27.1651
    endloop
  endfacet
  facet normal 0 0 1
    outer loop
      vertex -82.2095 -57.15 -24
      vertex -78.2892 -57 -24
      vertex -82.114 -57 -24
    endloop
  endfacet
  facet normal 0 0 1
    outer loop
      vertex -78.2892 -57 -24
      vertex -82.2095 -57.15 -24
      vertex -78.2892 -60 -24
    endloop
  endfacet
  facet normal -0 0 1
    outer loop
      vertex -82.4472 -57.6066 -24
      vertex -78.2892 -60 -24
      vertex -82.2095 -57.15 -24
    endloop
  endfacet
  facet normal -0 0 1
    outer loop
      vertex -82.6442 -58.0821 -24
      vertex -78.2892 -60 -24
      vertex -82.4472 -57.6066 -24
    endloop
  endfacet
  facet normal -0 0 1
    outer loop
      vertex -82.799 -58.573 -24
      vertex -78.2892 -60 -24
      vertex -82.6442 -58.0821 -24
    endloop
  endfacet
  facet normal -0 0 1
    outer loop
      vertex -82.9104 -59.0755 -24
      vertex -78.2892 -60 -24
      vertex -82.799 -58.573 -24
    endloop
  endfacet
  facet normal -0 0 1
    outer loop
      vertex -82.9775 -59.5858 -24
      vertex -78.2892 -60 -24
      vertex -82.9104 -59.0755 -24
    endloop
  endfacet
  facet normal 0 0 1
    outer loop
      vertex -78.2892 -60 -24
      vertex -82.9775 -59.5858 -24
      vertex -82.9956 -60 -24
    endloop
  endfacet
  facet normal 0 0 1
    outer loop
      vertex 78.2892 -60 -24
      vertex 82.9775 -59.5858 -24
      vertex 82.9104 -59.0755 -24
    endloop
  endfacet
  facet normal 0 0 1
    outer loop
      vertex 78.2892 -60 -24
      vertex 82.9104 -59.0755 -24
      vertex 82.799 -58.573 -24
    endloop
  endfacet
  facet normal 0 0 1
    outer loop
      vertex 78.2892 -60 -24
      vertex 82.799 -58.573 -24
      vertex 82.6442 -58.0821 -24
    endloop
  endfacet
  facet normal 0 0 1
    outer loop
      vertex 78.2892 -60 -24
      vertex 82.6442 -58.0821 -24
      vertex 82.4472 -57.6066 -24
    endloop
  endfacet
  facet normal 0 0 1
    outer loop
      vertex 78.2892 -60 -24
      vertex 82.4472 -57.6066 -24
      vertex 82.2095 -57.15 -24
    endloop
  endfacet
  facet normal -0 0 1
    outer loop
      vertex 78.2892 -57 -24
      vertex 82.2095 -57.15 -24
      vertex 82.114 -57 -24
    endloop
  endfacet
  facet normal 0 0 1
    outer loop
      vertex 82.2095 -57.15 -24
      vertex 78.2892 -57 -24
      vertex 78.2892 -60 -24
    endloop
  endfacet
  facet normal 0 0 1
    outer loop
      vertex 82.9775 -59.5858 -24
      vertex 78.2892 -60 -24
      vertex 82.9956 -60 -24
    endloop
  endfacet
  facet normal -0 0 1
    outer loop
      vertex -73.7108 -57 -24
      vertex 73.7108 -60 -24
      vertex 73.7108 -57 -24
    endloop
  endfacet
  facet normal 0 0 1
    outer loop
      vertex 73.7108 -60 -24
      vertex -73.7108 -57 -24
      vertex -73.7108 -60 -24
    endloop
  endfacet
  facet normal 0.923851 -0.382752 0
    outer loop
      vertex -82.6442 -58.0821 40
      vertex -82.4472 -57.6066 -24
      vertex -82.4472 -57.6066 40
    endloop
  endfacet
  facet normal 0.923851 -0.382752 0
    outer loop
      vertex -82.4472 -57.6066 -24
      vertex -82.6442 -58.0821 40
      vertex -82.6442 -58.0821 -24
    endloop
  endfacet
  facet normal -0.887004 -0.461762 0
    outer loop
      vertex 82.4472 -57.6066 -24
      vertex 82.2095 -57.15 40
      vertex 82.2095 -57.15 -24
    endloop
  endfacet
  facet normal -0.887004 -0.461762 0
    outer loop
      vertex 82.2095 -57.15 40
      vertex 82.4472 -57.6066 -24
      vertex 82.4472 -57.6066 40
    endloop
  endfacet
  facet normal 0.999047 -0.043657 0
    outer loop
      vertex -82.9956 -60 40
      vertex -82.9775 -59.5858 -24
      vertex -82.9775 -59.5858 40
    endloop
  endfacet
  facet normal 0.999047 -0.043657 0
    outer loop
      vertex -82.9775 -59.5858 -24
      vertex -82.9956 -60 40
      vertex -82.9956 -60 -24
    endloop
  endfacet
  facet normal 0.953706 -0.300741 0
    outer loop
      vertex -82.799 -58.573 40
      vertex -82.6442 -58.0821 -24
      vertex -82.6442 -58.0821 40
    endloop
  endfacet
  facet normal 0.953706 -0.300741 0
    outer loop
      vertex -82.6442 -58.0821 -24
      vertex -82.799 -58.573 40
      vertex -82.799 -58.573 -24
    endloop
  endfacet
  facet normal 0.976297 -0.216437 0
    outer loop
      vertex -82.9104 -59.0755 40
      vertex -82.799 -58.573 -24
      vertex -82.799 -58.573 40
    endloop
  endfacet
  facet normal 0.976297 -0.216437 0
    outer loop
      vertex -82.799 -58.573 -24
      vertex -82.9104 -59.0755 40
      vertex -82.9104 -59.0755 -24
    endloop
  endfacet
  facet normal 0.991466 -0.130369 0
    outer loop
      vertex -82.9775 -59.5858 40
      vertex -82.9104 -59.0755 -24
      vertex -82.9104 -59.0755 40
    endloop
  endfacet
  facet normal 0.991466 -0.130369 0
    outer loop
      vertex -82.9104 -59.0755 -24
      vertex -82.9775 -59.5858 40
      vertex -82.9775 -59.5858 -24
    endloop
  endfacet
  facet normal 0.843546 -0.537057 0
    outer loop
      vertex -82.2095 -57.15 40
      vertex -82.114 -57 -24
      vertex -82.114 -57 40
    endloop
  endfacet
  facet normal 0.843546 -0.537057 0
    outer loop
      vertex -82.114 -57 -24
      vertex -82.2095 -57.15 40
      vertex -82.2095 -57.15 -24
    endloop
  endfacet
  facet normal 0.887004 -0.461762 0
    outer loop
      vertex -82.4472 -57.6066 40
      vertex -82.2095 -57.15 -24
      vertex -82.2095 -57.15 40
    endloop
  endfacet
  facet normal 0.887004 -0.461762 0
    outer loop
      vertex -82.2095 -57.15 -24
      vertex -82.4472 -57.6066 40
      vertex -82.4472 -57.6066 -24
    endloop
  endfacet
  facet normal -0.999047 -0.043657 0
    outer loop
      vertex 82.9956 -60 -24
      vertex 82.9775 -59.5858 40
      vertex 82.9775 -59.5858 -24
    endloop
  endfacet
  facet normal -0.999047 -0.043657 0
    outer loop
      vertex 82.9775 -59.5858 40
      vertex 82.9956 -60 -24
      vertex 82.9956 -60 40
    endloop
  endfacet
  facet normal -0.953706 -0.300741 0
    outer loop
      vertex 82.799 -58.573 -24
      vertex 82.6442 -58.0821 40
      vertex 82.6442 -58.0821 -24
    endloop
  endfacet
  facet normal -0.953706 -0.300741 0
    outer loop
      vertex 82.6442 -58.0821 40
      vertex 82.799 -58.573 -24
      vertex 82.799 -58.573 40
    endloop
  endfacet
  facet normal -0.923851 -0.382752 0
    outer loop
      vertex 82.6442 -58.0821 -24
      vertex 82.4472 -57.6066 40
      vertex 82.4472 -57.6066 -24
    endloop
  endfacet
  facet normal -0.923851 -0.382752 0
    outer loop
      vertex 82.4472 -57.6066 40
      vertex 82.6442 -58.0821 -24
      vertex 82.6442 -58.0821 40
    endloop
  endfacet
  facet normal 0 0 -1
    outer loop
      vertex 82.9956 -60 40
      vertex 82.9104 -59.0755 40
      vertex 82.9775 -59.5858 40
    endloop
  endfacet
  facet normal 0 0 -1
    outer loop
      vertex 82.9956 -60 40
      vertex 82.799 -58.573 40
      vertex 82.9104 -59.0755 40
    endloop
  endfacet
  facet normal 0 0 -1
    outer loop
      vertex 82.9956 -60 40
      vertex 82.6442 -58.0821 40
      vertex 82.799 -58.573 40
    endloop
  endfacet
  facet normal 0 0 -1
    outer loop
      vertex 82.9956 -60 40
      vertex 82.4472 -57.6066 40
      vertex 82.6442 -58.0821 40
    endloop
  endfacet
  facet normal 0 0 -1
    outer loop
      vertex 82.114 -57 40
      vertex 82.4472 -57.6066 40
      vertex 82.9956 -60 40
    endloop
  endfacet
  facet normal 0 0 -1
    outer loop
      vertex 82.4472 -57.6066 40
      vertex 82.114 -57 40
      vertex 82.2095 -57.15 40
    endloop
  endfacet
  facet normal 0 0 -1
    outer loop
      vertex 82.9956 -60 40
      vertex -82.114 -57 40
      vertex 82.114 -57 40
    endloop
  endfacet
  facet normal 0 0 -1
    outer loop
      vertex -82.9956 -60 40
      vertex -82.114 -57 40
      vertex 82.9956 -60 40
    endloop
  endfacet
  facet normal 0 -0 -1
    outer loop
      vertex -82.4472 -57.6066 40
      vertex -82.114 -57 40
      vertex -82.9956 -60 40
    endloop
  endfacet
  facet normal 0 0 -1
    outer loop
      vertex -82.114 -57 40
      vertex -82.4472 -57.6066 40
      vertex -82.2095 -57.15 40
    endloop
  endfacet
  facet normal 0 0 -1
    outer loop
      vertex -82.4472 -57.6066 40
      vertex -82.9956 -60 40
      vertex -82.6442 -58.0821 40
    endloop
  endfacet
  facet normal 0 0 -1
    outer loop
      vertex -82.6442 -58.0821 40
      vertex -82.9956 -60 40
      vertex -82.799 -58.573 40
    endloop
  endfacet
  facet normal 0 0 -1
    outer loop
      vertex -82.799 -58.573 40
      vertex -82.9956 -60 40
      vertex -82.9104 -59.0755 40
    endloop
  endfacet
  facet normal 0 0 -1
    outer loop
      vertex -82.9104 -59.0755 40
      vertex -82.9956 -60 40
      vertex -82.9775 -59.5858 40
    endloop
  endfacet
  facet normal -0.843546 -0.537057 0
    outer loop
      vertex 82.2095 -57.15 -24
      vertex 82.114 -57 40
      vertex 82.114 -57 -24
    endloop
  endfacet
  facet normal -0.843546 -0.537057 0
    outer loop
      vertex 82.114 -57 40
      vertex 82.2095 -57.15 -24
      vertex 82.2095 -57.15 40
    endloop
  endfacet
  facet normal -0.976297 -0.216437 0
    outer loop
      vertex 82.9104 -59.0755 -24
      vertex 82.799 -58.573 40
      vertex 82.799 -58.573 -24
    endloop
  endfacet
  facet normal -0.976297 -0.216437 0
    outer loop
      vertex 82.799 -58.573 40
      vertex 82.9104 -59.0755 -24
      vertex 82.9104 -59.0755 40
    endloop
  endfacet
  facet normal -0.991466 -0.130369 0
    outer loop
      vertex 82.9775 -59.5858 -24
      vertex 82.9104 -59.0755 40
      vertex 82.9104 -59.0755 -24
    endloop
  endfacet
  facet normal -0.991466 -0.130369 0
    outer loop
      vertex 82.9104 -59.0755 40
      vertex 82.9775 -59.5858 -24
      vertex 82.9775 -59.5858 40
    endloop
  endfacet
  facet normal 0.999051 -0 0.0435588
    outer loop
      vertex -83.5171 -27 -37.6078
      vertex -83.5 -9 -38
      vertex -83.5171 -9 -37.6078
    endloop
  endfacet
  facet normal 0.999051 0 0.0435588
    outer loop
      vertex -83.5 -9 -38
      vertex -83.5171 -27 -37.6078
      vertex -83.5 -27 -38
    endloop
  endfacet
  facet normal -0.999051 0 0.0435588
    outer loop
      vertex -92.5 -27 -38
      vertex -92.4829 -9 -37.6078
      vertex -92.5 -9 -38
    endloop
  endfacet
  facet normal -0.999051 0 0.0435588
    outer loop
      vertex -92.4829 -9 -37.6078
      vertex -92.5 -27 -38
      vertex -92.4829 -27 -37.6078
    endloop
  endfacet
  facet normal 0.0435588 0 0.999051
    outer loop
      vertex -88 -9 -33.5
      vertex -87.6078 -27 -33.5171
      vertex -87.6078 -9 -33.5171
    endloop
  endfacet
  facet normal 0.0435588 0 0.999051
    outer loop
      vertex -87.6078 -27 -33.5171
      vertex -88 -9 -33.5
      vertex -88 -27 -33.5
    endloop
  endfacet
  facet normal 0.675482 0 0.737376
    outer loop
      vertex -85.1075 -9 -34.5528
      vertex -84.818 -27 -34.818
      vertex -84.818 -9 -34.818
    endloop
  endfacet
  facet normal 0.675482 0 0.737376
    outer loop
      vertex -84.818 -27 -34.818
      vertex -85.1075 -9 -34.5528
      vertex -85.1075 -27 -34.5528
    endloop
  endfacet
  facet normal -0.675482 0 0.737376
    outer loop
      vertex -91.182 -9 -34.818
      vertex -90.8925 -27 -34.5528
      vertex -90.8925 -9 -34.5528
    endloop
  endfacet
  facet normal -0.675482 0 0.737376
    outer loop
      vertex -90.8925 -27 -34.5528
      vertex -91.182 -9 -34.818
      vertex -91.182 -27 -34.818
    endloop
  endfacet
  facet normal -0.300827 0 0.953679
    outer loop
      vertex -89.5391 -9 -33.7714
      vertex -89.1647 -27 -33.6533
      vertex -89.1647 -9 -33.6533
    endloop
  endfacet
  facet normal -0.300827 0 0.953679
    outer loop
      vertex -89.1647 -27 -33.6533
      vertex -89.5391 -9 -33.7714
      vertex -89.5391 -27 -33.7714
    endloop
  endfacet
  facet normal -0.976337 0 -0.216256
    outer loop
      vertex -92.3467 -27 -39.1647
      vertex -92.4316 -9 -38.7814
      vertex -92.3467 -9 -39.1647
    endloop
  endfacet
  facet normal -0.976337 -0 -0.216256
    outer loop
      vertex -92.4316 -9 -38.7814
      vertex -92.3467 -27 -39.1647
      vertex -92.4316 -27 -38.7814
    endloop
  endfacet
  facet normal 0.886971 -0 0.461826
    outer loop
      vertex -84.1029 -27 -35.75
      vertex -83.9216 -9 -36.0982
      vertex -84.1029 -9 -35.75
    endloop
  endfacet
  facet normal 0.886971 0 0.461826
    outer loop
      vertex -83.9216 -9 -36.0982
      vertex -84.1029 -27 -35.75
      vertex -83.9216 -27 -36.0982
    endloop
  endfacet
  facet normal 0.382607 0 0.923911
    outer loop
      vertex -86.4609 -9 -33.7714
      vertex -86.0982 -27 -33.9216
      vertex -86.0982 -9 -33.9216
    endloop
  endfacet
  facet normal 0.382607 0 0.923911
    outer loop
      vertex -86.0982 -27 -33.9216
      vertex -86.4609 -9 -33.7714
      vertex -86.4609 -27 -33.7714
    endloop
  endfacet
  facet normal -0.843431 0 0.537238
    outer loop
      vertex -91.8971 -27 -35.75
      vertex -91.6862 -9 -35.4189
      vertex -91.8971 -9 -35.75
    endloop
  endfacet
  facet normal -0.843431 0 0.537238
    outer loop
      vertex -91.6862 -9 -35.4189
      vertex -91.8971 -27 -35.75
      vertex -91.6862 -27 -35.4189
    endloop
  endfacet
  facet normal -0.793286 0 0.608849
    outer loop
      vertex -91.6862 -27 -35.4189
      vertex -91.4472 -9 -35.1075
      vertex -91.6862 -9 -35.4189
    endloop
  endfacet
  facet normal -0.793286 0 0.608849
    outer loop
      vertex -91.4472 -9 -35.1075
      vertex -91.6862 -27 -35.4189
      vertex -91.4472 -27 -35.1075
    endloop
  endfacet
  facet normal -0.130679 0 0.991425
    outer loop
      vertex -88.7814 -9 -33.5684
      vertex -88.3922 -27 -33.5171
      vertex -88.3922 -9 -33.5171
    endloop
  endfacet
  facet normal -0.130679 0 0.991425
    outer loop
      vertex -88.3922 -27 -33.5171
      vertex -88.7814 -9 -33.5684
      vertex -88.7814 -27 -33.5684
    endloop
  endfacet
  facet normal 0.886971 0 -0.461826
    outer loop
      vertex -83.9216 -27 -39.9018
      vertex -84.1029 -9 -40.25
      vertex -83.9216 -9 -39.9018
    endloop
  endfacet
  facet normal 0.886971 0 -0.461826
    outer loop
      vertex -84.1029 -9 -40.25
      vertex -83.9216 -27 -39.9018
      vertex -84.1029 -27 -40.25
    endloop
  endfacet
  facet normal 0.300827 0 -0.953679
    outer loop
      vertex -86.8353 -27 -42.3467
      vertex -86.4609 -9 -42.2286
      vertex -86.4609 -27 -42.2286
    endloop
  endfacet
  facet normal 0.300827 0 -0.953679
    outer loop
      vertex -86.4609 -9 -42.2286
      vertex -86.8353 -27 -42.3467
      vertex -86.8353 -9 -42.3467
    endloop
  endfacet
  facet normal 0.675482 0 -0.737376
    outer loop
      vertex -85.1075 -27 -41.4472
      vertex -84.818 -9 -41.182
      vertex -84.818 -27 -41.182
    endloop
  endfacet
  facet normal 0.675482 0 -0.737376
    outer loop
      vertex -84.818 -9 -41.182
      vertex -85.1075 -27 -41.4472
      vertex -85.1075 -9 -41.4472
    endloop
  endfacet
  facet normal 0.953679 0 -0.300827
    outer loop
      vertex -83.6533 -27 -39.1647
      vertex -83.7714 -9 -39.5391
      vertex -83.6533 -9 -39.1647
    endloop
  endfacet
  facet normal 0.953679 0 -0.300827
    outer loop
      vertex -83.7714 -9 -39.5391
      vertex -83.6533 -27 -39.1647
      vertex -83.7714 -27 -39.5391
    endloop
  endfacet
  facet normal -0.300827 0 -0.953679
    outer loop
      vertex -89.5391 -27 -42.2286
      vertex -89.1647 -9 -42.3467
      vertex -89.1647 -27 -42.3467
    endloop
  endfacet
  facet normal -0.300827 0 -0.953679
    outer loop
      vertex -89.1647 -9 -42.3467
      vertex -89.5391 -27 -42.2286
      vertex -89.5391 -9 -42.2286
    endloop
  endfacet
  facet normal -0.737376 0 -0.675482
    outer loop
      vertex -91.182 -27 -41.182
      vertex -91.4472 -9 -40.8925
      vertex -91.182 -9 -41.182
    endloop
  endfacet
  facet normal -0.737376 -0 -0.675482
    outer loop
      vertex -91.4472 -9 -40.8925
      vertex -91.182 -27 -41.182
      vertex -91.4472 -27 -40.8925
    endloop
  endfacet
  facet normal -0.793286 0 -0.608849
    outer loop
      vertex -91.4472 -27 -40.8925
      vertex -91.6862 -9 -40.5811
      vertex -91.4472 -9 -40.8925
    endloop
  endfacet
  facet normal -0.793286 -0 -0.608849
    outer loop
      vertex -91.6862 -9 -40.5811
      vertex -91.4472 -27 -40.8925
      vertex -91.6862 -27 -40.5811
    endloop
  endfacet
  facet normal 0 1 0
    outer loop
      vertex -88 -9 -36.45
      vertex -88 -9 -33.5
      vertex -87.6078 -9 -33.5171
    endloop
  endfacet
  facet normal 0 1 0
    outer loop
      vertex -87.8649 -9 -36.4559
      vertex -87.6078 -9 -33.5171
      vertex -87.2186 -9 -33.5684
    endloop
  endfacet
  facet normal 0 1 0
    outer loop
      vertex -88 -9 -33.5
      vertex -88 -9 -36.45
      vertex -88.3922 -9 -33.5171
    endloop
  endfacet
  facet normal 0 1 0
    outer loop
      vertex -87.7308 -9 -36.4735
      vertex -87.2186 -9 -33.5684
      vertex -86.8353 -9 -33.6533
    endloop
  endfacet
  facet normal 0 1 -0
    outer loop
      vertex -88.1351 -9 -36.4559
      vertex -88.3922 -9 -33.5171
      vertex -88 -9 -36.45
    endloop
  endfacet
  facet normal 0 1 0
    outer loop
      vertex -87.5988 -9 -36.5028
      vertex -86.8353 -9 -33.6533
      vertex -86.4609 -9 -33.7714
    endloop
  endfacet
  facet normal 0 1 0
    outer loop
      vertex -88.3922 -9 -33.5171
      vertex -88.1351 -9 -36.4559
      vertex -88.7814 -9 -33.5684
    endloop
  endfacet
  facet normal 0 1 0
    outer loop
      vertex -87.4699 -9 -36.5435
      vertex -86.4609 -9 -33.7714
      vertex -86.0982 -9 -33.9216
    endloop
  endfacet
  facet normal 0 1 -0
    outer loop
      vertex -88.2692 -9 -36.4735
      vertex -88.7814 -9 -33.5684
      vertex -88.1351 -9 -36.4559
    endloop
  endfacet
  facet normal 0 1 0
    outer loop
      vertex -87.3449 -9 -36.5952
      vertex -86.0982 -9 -33.9216
      vertex -85.75 -9 -34.1029
    endloop
  endfacet
  facet normal 0 1 0
    outer loop
      vertex -88.7814 -9 -33.5684
      vertex -88.2692 -9 -36.4735
      vertex -89.1647 -9 -33.6533
    endloop
  endfacet
  facet normal 0 1 0
    outer loop
      vertex -87.225 -9 -36.6577
      vertex -85.75 -9 -34.1029
      vertex -85.4189 -9 -34.3138
    endloop
  endfacet
  facet normal 0 1 -0
    outer loop
      vertex -88.4012 -9 -36.5028
      vertex -89.1647 -9 -33.6533
      vertex -88.2692 -9 -36.4735
    endloop
  endfacet
  facet normal 0 1 0
    outer loop
      vertex -87.111 -9 -36.7303
      vertex -85.4189 -9 -34.3138
      vertex -85.1075 -9 -34.5528
    endloop
  endfacet
  facet normal 0 1 0
    outer loop
      vertex -89.1647 -9 -33.6533
      vertex -88.4012 -9 -36.5028
      vertex -89.5391 -9 -33.7714
    endloop
  endfacet
  facet normal 0 1 0
    outer loop
      vertex -87.0037 -9 -36.8126
      vertex -85.1075 -9 -34.5528
      vertex -84.818 -9 -34.818
    endloop
  endfacet
  facet normal 0 1 -0
    outer loop
      vertex -88.5301 -9 -36.5435
      vertex -89.5391 -9 -33.7714
      vertex -88.4012 -9 -36.5028
    endloop
  endfacet
  facet normal 0 1 0
    outer loop
      vertex -86.904 -9 -36.904
      vertex -84.818 -9 -34.818
      vertex -84.5528 -9 -35.1075
    endloop
  endfacet
  facet normal 0 1 0
    outer loop
      vertex -89.5391 -9 -33.7714
      vertex -88.5301 -9 -36.5435
      vertex -89.9018 -9 -33.9216
    endloop
  endfacet
  facet normal 0 1 0
    outer loop
      vertex -86.8126 -9 -37.0037
      vertex -84.5528 -9 -35.1075
      vertex -84.3138 -9 -35.4189
    endloop
  endfacet
  facet normal 0 1 -0
    outer loop
      vertex -88.6551 -9 -36.5952
      vertex -89.9018 -9 -33.9216
      vertex -88.5301 -9 -36.5435
    endloop
  endfacet
  facet normal 0 1 0
    outer loop
      vertex -86.7303 -9 -37.111
      vertex -84.3138 -9 -35.4189
      vertex -84.1029 -9 -35.75
    endloop
  endfacet
  facet normal 0 1 0
    outer loop
      vertex -89.9018 -9 -33.9216
      vertex -88.6551 -9 -36.5952
      vertex -90.25 -9 -34.1029
    endloop
  endfacet
  facet normal 0 1 0
    outer loop
      vertex -86.6577 -9 -37.225
      vertex -84.1029 -9 -35.75
      vertex -83.9216 -9 -36.0982
    endloop
  endfacet
  facet normal 0 1 -0
    outer loop
      vertex -88.775 -9 -36.6577
      vertex -90.25 -9 -34.1029
      vertex -88.6551 -9 -36.5952
    endloop
  endfacet
  facet normal 0 1 0
    outer loop
      vertex -90.25 -9 -34.1029
      vertex -88.775 -9 -36.6577
      vertex -90.5811 -9 -34.3138
    endloop
  endfacet
  facet normal 0 1 0
    outer loop
      vertex -87.6078 -9 -33.5171
      vertex -87.8649 -9 -36.4559
      vertex -88 -9 -36.45
    endloop
  endfacet
  facet normal 0 1 0
    outer loop
      vertex -86.5952 -9 -37.3449
      vertex -83.9216 -9 -36.0982
      vertex -83.7714 -9 -36.4609
    endloop
  endfacet
  facet normal 0 1 0
    outer loop
      vertex -87.2186 -9 -33.5684
      vertex -87.7308 -9 -36.4735
      vertex -87.8649 -9 -36.4559
    endloop
  endfacet
  facet normal 0 1 0
    outer loop
      vertex -86.8353 -9 -33.6533
      vertex -87.5988 -9 -36.5028
      vertex -87.7308 -9 -36.4735
    endloop
  endfacet
  facet normal 0 1 0
    outer loop
      vertex -86.4609 -9 -33.7714
      vertex -87.4699 -9 -36.5435
      vertex -87.5988 -9 -36.5028
    endloop
  endfacet
  facet normal 0 1 0
    outer loop
      vertex -86.0982 -9 -33.9216
      vertex -87.3449 -9 -36.5952
      vertex -87.4699 -9 -36.5435
    endloop
  endfacet
  facet normal 0 1 0
    outer loop
      vertex -85.75 -9 -34.1029
      vertex -87.225 -9 -36.6577
      vertex -87.3449 -9 -36.5952
    endloop
  endfacet
  facet normal 0 1 0
    outer loop
      vertex -85.4189 -9 -34.3138
      vertex -87.111 -9 -36.7303
      vertex -87.225 -9 -36.6577
    endloop
  endfacet
  facet normal 0 1 0
    outer loop
      vertex -85.1075 -9 -34.5528
      vertex -87.0037 -9 -36.8126
      vertex -87.111 -9 -36.7303
    endloop
  endfacet
  facet normal 0 1 0
    outer loop
      vertex -86.5435 -9 -37.4699
      vertex -83.7714 -9 -36.4609
      vertex -83.6533 -9 -36.8353
    endloop
  endfacet
  facet normal 0 1 0
    outer loop
      vertex -84.818 -9 -34.818
      vertex -86.904 -9 -36.904
      vertex -87.0037 -9 -36.8126
    endloop
  endfacet
  facet normal 0 1 0
    outer loop
      vertex -84.5528 -9 -35.1075
      vertex -86.8126 -9 -37.0037
      vertex -86.904 -9 -36.904
    endloop
  endfacet
  facet normal 0 1 0
    outer loop
      vertex -84.3138 -9 -35.4189
      vertex -86.7303 -9 -37.111
      vertex -86.8126 -9 -37.0037
    endloop
  endfacet
  facet normal 0 1 0
    outer loop
      vertex -86.5028 -9 -37.5988
      vertex -83.6533 -9 -36.8353
      vertex -83.5684 -9 -37.2186
    endloop
  endfacet
  facet normal 0 1 0
    outer loop
      vertex -84.1029 -9 -35.75
      vertex -86.6577 -9 -37.225
      vertex -86.7303 -9 -37.111
    endloop
  endfacet
  facet normal 0 1 0
    outer loop
      vertex -83.9216 -9 -36.0982
      vertex -86.5952 -9 -37.3449
      vertex -86.6577 -9 -37.225
    endloop
  endfacet
  facet normal 0 1 0
    outer loop
      vertex -83.7714 -9 -36.4609
      vertex -86.5435 -9 -37.4699
      vertex -86.5952 -9 -37.3449
    endloop
  endfacet
  facet normal 0 1 0
    outer loop
      vertex -83.6533 -9 -36.8353
      vertex -86.5028 -9 -37.5988
      vertex -86.5435 -9 -37.4699
    endloop
  endfacet
  facet normal 0 1 0
    outer loop
      vertex -86.4735 -9 -37.7308
      vertex -83.5684 -9 -37.2186
      vertex -83.5171 -9 -37.6078
    endloop
  endfacet
  facet normal 0 1 0
    outer loop
      vertex -83.5684 -9 -37.2186
      vertex -86.4735 -9 -37.7308
      vertex -86.5028 -9 -37.5988
    endloop
  endfacet
  facet normal 0 1 0
    outer loop
      vertex -83.5171 -9 -37.6078
      vertex -86.4559 -9 -37.8649
      vertex -86.4735 -9 -37.7308
    endloop
  endfacet
  facet normal 0 1 0
    outer loop
      vertex -83.5 -9 -38
      vertex -86.4559 -9 -37.8649
      vertex -83.5171 -9 -37.6078
    endloop
  endfacet
  facet normal 0 1 0
    outer loop
      vertex -83.5 -9 -38
      vertex -86.45 -9 -38
      vertex -86.4559 -9 -37.8649
    endloop
  endfacet
  facet normal 0 1 0
    outer loop
      vertex -83.5 -9 -38
      vertex -86.4559 -9 -38.1351
      vertex -86.45 -9 -38
    endloop
  endfacet
  facet normal 0 1 -0
    outer loop
      vertex -83.5171 -9 -38.3922
      vertex -86.4559 -9 -38.1351
      vertex -83.5 -9 -38
    endloop
  endfacet
  facet normal 0 1 0
    outer loop
      vertex -86.4559 -9 -38.1351
      vertex -83.5171 -9 -38.3922
      vertex -86.4735 -9 -38.2692
    endloop
  endfacet
  facet normal 0 1 -0
    outer loop
      vertex -83.5684 -9 -38.7814
      vertex -86.4735 -9 -38.2692
      vertex -83.5171 -9 -38.3922
    endloop
  endfacet
  facet normal 0 1 0
    outer loop
      vertex -86.4735 -9 -38.2692
      vertex -83.5684 -9 -38.7814
      vertex -86.5028 -9 -38.4012
    endloop
  endfacet
  facet normal 0 1 -0
    outer loop
      vertex -83.6533 -9 -39.1647
      vertex -86.5028 -9 -38.4012
      vertex -83.5684 -9 -38.7814
    endloop
  endfacet
  facet normal 0 1 0
    outer loop
      vertex -86.5028 -9 -38.4012
      vertex -83.6533 -9 -39.1647
      vertex -86.5435 -9 -38.5301
    endloop
  endfacet
  facet normal 0 1 -0
    outer loop
      vertex -83.7714 -9 -39.5391
      vertex -86.5435 -9 -38.5301
      vertex -83.6533 -9 -39.1647
    endloop
  endfacet
  facet normal 0 1 0
    outer loop
      vertex -86.5435 -9 -38.5301
      vertex -83.7714 -9 -39.5391
      vertex -86.5952 -9 -38.6551
    endloop
  endfacet
  facet normal 0 1 -0
    outer loop
      vertex -83.9216 -9 -39.9018
      vertex -86.5952 -9 -38.6551
      vertex -83.7714 -9 -39.5391
    endloop
  endfacet
  facet normal 0 1 0
    outer loop
      vertex -86.5952 -9 -38.6551
      vertex -83.9216 -9 -39.9018
      vertex -86.6577 -9 -38.775
    endloop
  endfacet
  facet normal 0 1 -0
    outer loop
      vertex -84.1029 -9 -40.25
      vertex -86.6577 -9 -38.775
      vertex -83.9216 -9 -39.9018
    endloop
  endfacet
  facet normal 0 1 0
    outer loop
      vertex -86.6577 -9 -38.775
      vertex -84.1029 -9 -40.25
      vertex -86.7303 -9 -38.889
    endloop
  endfacet
  facet normal 0 1 -0
    outer loop
      vertex -84.3138 -9 -40.5811
      vertex -86.7303 -9 -38.889
      vertex -84.1029 -9 -40.25
    endloop
  endfacet
  facet normal 0 1 0
    outer loop
      vertex -86.7303 -9 -38.889
      vertex -84.3138 -9 -40.5811
      vertex -86.8126 -9 -38.9963
    endloop
  endfacet
  facet normal 0 1 -0
    outer loop
      vertex -84.5528 -9 -40.8925
      vertex -86.8126 -9 -38.9963
      vertex -84.3138 -9 -40.5811
    endloop
  endfacet
  facet normal 0 1 0
    outer loop
      vertex -86.8126 -9 -38.9963
      vertex -84.5528 -9 -40.8925
      vertex -86.904 -9 -39.096
    endloop
  endfacet
  facet normal 0 1 -0
    outer loop
      vertex -84.818 -9 -41.182
      vertex -86.904 -9 -39.096
      vertex -84.5528 -9 -40.8925
    endloop
  endfacet
  facet normal 0 1 0
    outer loop
      vertex -86.904 -9 -39.096
      vertex -84.818 -9 -41.182
      vertex -87.0037 -9 -39.1874
    endloop
  endfacet
  facet normal 0 1 -0
    outer loop
      vertex -85.1075 -9 -41.4472
      vertex -87.0037 -9 -39.1874
      vertex -84.818 -9 -41.182
    endloop
  endfacet
  facet normal 0 1 0
    outer loop
      vertex -87.0037 -9 -39.1874
      vertex -85.1075 -9 -41.4472
      vertex -87.111 -9 -39.2697
    endloop
  endfacet
  facet normal 0 1 -0
    outer loop
      vertex -85.4189 -9 -41.6862
      vertex -87.111 -9 -39.2697
      vertex -85.1075 -9 -41.4472
    endloop
  endfacet
  facet normal 0 1 0
    outer loop
      vertex -87.111 -9 -39.2697
      vertex -85.4189 -9 -41.6862
      vertex -87.225 -9 -39.3423
    endloop
  endfacet
  facet normal 0 1 -0
    outer loop
      vertex -88.889 -9 -36.7303
      vertex -90.5811 -9 -34.3138
      vertex -88.775 -9 -36.6577
    endloop
  endfacet
  facet normal 0 1 0
    outer loop
      vertex -90.5811 -9 -34.3138
      vertex -88.889 -9 -36.7303
      vertex -90.8925 -9 -34.5528
    endloop
  endfacet
  facet normal 0 1 -0
    outer loop
      vertex -88.9963 -9 -36.8126
      vertex -90.8925 -9 -34.5528
      vertex -88.889 -9 -36.7303
    endloop
  endfacet
  facet normal 0 1 0
    outer loop
      vertex -90.8925 -9 -34.5528
      vertex -88.9963 -9 -36.8126
      vertex -91.182 -9 -34.818
    endloop
  endfacet
  facet normal 0 1 -0
    outer loop
      vertex -89.096 -9 -36.904
      vertex -91.182 -9 -34.818
      vertex -88.9963 -9 -36.8126
    endloop
  endfacet
  facet normal 0 1 0
    outer loop
      vertex -91.182 -9 -34.818
      vertex -89.096 -9 -36.904
      vertex -91.4472 -9 -35.1075
    endloop
  endfacet
  facet normal 0 1 -0
    outer loop
      vertex -89.1874 -9 -37.0037
      vertex -91.4472 -9 -35.1075
      vertex -89.096 -9 -36.904
    endloop
  endfacet
  facet normal 0 1 0
    outer loop
      vertex -91.4472 -9 -35.1075
      vertex -89.1874 -9 -37.0037
      vertex -91.6862 -9 -35.4189
    endloop
  endfacet
  facet normal 0 1 -0
    outer loop
      vertex -89.2697 -9 -37.111
      vertex -91.6862 -9 -35.4189
      vertex -89.1874 -9 -37.0037
    endloop
  endfacet
  facet normal 0 1 0
    outer loop
      vertex -91.6862 -9 -35.4189
      vertex -89.2697 -9 -37.111
      vertex -91.8971 -9 -35.75
    endloop
  endfacet
  facet normal 0 1 -0
    outer loop
      vertex -89.3423 -9 -37.225
      vertex -91.8971 -9 -35.75
      vertex -89.2697 -9 -37.111
    endloop
  endfacet
  facet normal 0 1 0
    outer loop
      vertex -91.8971 -9 -35.75
      vertex -89.3423 -9 -37.225
      vertex -92.0784 -9 -36.0982
    endloop
  endfacet
  facet normal 0 1 -0
    outer loop
      vertex -89.4048 -9 -37.3449
      vertex -92.0784 -9 -36.0982
      vertex -89.3423 -9 -37.225
    endloop
  endfacet
  facet normal 0 1 0
    outer loop
      vertex -92.0784 -9 -36.0982
      vertex -89.4048 -9 -37.3449
      vertex -92.2286 -9 -36.4609
    endloop
  endfacet
  facet normal 0 1 -0
    outer loop
      vertex -89.4565 -9 -37.4699
      vertex -92.2286 -9 -36.4609
      vertex -89.4048 -9 -37.3449
    endloop
  endfacet
  facet normal 0 1 0
    outer loop
      vertex -92.2286 -9 -36.4609
      vertex -89.4565 -9 -37.4699
      vertex -92.3467 -9 -36.8353
    endloop
  endfacet
  facet normal 0 1 -0
    outer loop
      vertex -89.4972 -9 -37.5988
      vertex -92.3467 -9 -36.8353
      vertex -89.4565 -9 -37.4699
    endloop
  endfacet
  facet normal 0 1 0
    outer loop
      vertex -92.3467 -9 -36.8353
      vertex -89.4972 -9 -37.5988
      vertex -92.4316 -9 -37.2186
    endloop
  endfacet
  facet normal 0 1 -0
    outer loop
      vertex -89.5265 -9 -37.7308
      vertex -92.4316 -9 -37.2186
      vertex -89.4972 -9 -37.5988
    endloop
  endfacet
  facet normal 0 1 0
    outer loop
      vertex -92.4316 -9 -37.2186
      vertex -89.5265 -9 -37.7308
      vertex -92.4829 -9 -37.6078
    endloop
  endfacet
  facet normal 0 1 -0
    outer loop
      vertex -89.5441 -9 -37.8649
      vertex -92.4829 -9 -37.6078
      vertex -89.5265 -9 -37.7308
    endloop
  endfacet
  facet normal 0 1 -0
    outer loop
      vertex -89.55 -9 -38
      vertex -92.4829 -9 -37.6078
      vertex -89.5441 -9 -37.8649
    endloop
  endfacet
  facet normal 0 1 0
    outer loop
      vertex -89.55 -9 -38
      vertex -92.5 -9 -38
      vertex -92.4829 -9 -37.6078
    endloop
  endfacet
  facet normal 0 1 0
    outer loop
      vertex -89.5441 -9 -38.1351
      vertex -92.5 -9 -38
      vertex -89.55 -9 -38
    endloop
  endfacet
  facet normal 0 1 0
    outer loop
      vertex -92.4829 -9 -38.3922
      vertex -89.5441 -9 -38.1351
      vertex -89.5265 -9 -38.2692
    endloop
  endfacet
  facet normal 0 1 0
    outer loop
      vertex -89.5441 -9 -38.1351
      vertex -92.4829 -9 -38.3922
      vertex -92.5 -9 -38
    endloop
  endfacet
  facet normal 0 1 0
    outer loop
      vertex -92.4316 -9 -38.7814
      vertex -89.5265 -9 -38.2692
      vertex -89.4972 -9 -38.4012
    endloop
  endfacet
  facet normal 0 1 0
    outer loop
      vertex -92.3467 -9 -39.1647
      vertex -89.4972 -9 -38.4012
      vertex -89.4565 -9 -38.5301
    endloop
  endfacet
  facet normal 0 1 0
    outer loop
      vertex -92.2286 -9 -39.5391
      vertex -89.4565 -9 -38.5301
      vertex -89.4048 -9 -38.6551
    endloop
  endfacet
  facet normal 0 1 0
    outer loop
      vertex -92.0784 -9 -39.9018
      vertex -89.4048 -9 -38.6551
      vertex -89.3423 -9 -38.775
    endloop
  endfacet
  facet normal 0 1 0
    outer loop
      vertex -89.5265 -9 -38.2692
      vertex -92.4316 -9 -38.7814
      vertex -92.4829 -9 -38.3922
    endloop
  endfacet
  facet normal 0 1 0
    outer loop
      vertex -91.8971 -9 -40.25
      vertex -89.3423 -9 -38.775
      vertex -89.2697 -9 -38.889
    endloop
  endfacet
  facet normal 0 1 0
    outer loop
      vertex -91.6862 -9 -40.5811
      vertex -89.2697 -9 -38.889
      vertex -89.1874 -9 -38.9963
    endloop
  endfacet
  facet normal 0 1 0
    outer loop
      vertex -91.4472 -9 -40.8925
      vertex -89.1874 -9 -38.9963
      vertex -89.096 -9 -39.096
    endloop
  endfacet
  facet normal 0 1 0
    outer loop
      vertex -89.4972 -9 -38.4012
      vertex -92.3467 -9 -39.1647
      vertex -92.4316 -9 -38.7814
    endloop
  endfacet
  facet normal 0 1 0
    outer loop
      vertex -91.182 -9 -41.182
      vertex -89.096 -9 -39.096
      vertex -88.9963 -9 -39.1874
    endloop
  endfacet
  facet normal 0 1 0
    outer loop
      vertex -90.8925 -9 -41.4472
      vertex -88.9963 -9 -39.1874
      vertex -88.889 -9 -39.2697
    endloop
  endfacet
  facet normal 0 1 0
    outer loop
      vertex -90.5811 -9 -41.6862
      vertex -88.889 -9 -39.2697
      vertex -88.775 -9 -39.3423
    endloop
  endfacet
  facet normal 0 1 0
    outer loop
      vertex -90.25 -9 -41.8971
      vertex -88.775 -9 -39.3423
      vertex -88.6551 -9 -39.4048
    endloop
  endfacet
  facet normal 0 1 0
    outer loop
      vertex -89.9018 -9 -42.0784
      vertex -88.6551 -9 -39.4048
      vertex -88.5301 -9 -39.4565
    endloop
  endfacet
  facet normal 0 1 0
    outer loop
      vertex -89.5391 -9 -42.2286
      vertex -88.5301 -9 -39.4565
      vertex -88.4012 -9 -39.4972
    endloop
  endfacet
  facet normal 0 1 0
    outer loop
      vertex -89.1647 -9 -42.3467
      vertex -88.4012 -9 -39.4972
      vertex -88.2692 -9 -39.5265
    endloop
  endfacet
  facet normal 0 1 0
    outer loop
      vertex -89.4565 -9 -38.5301
      vertex -92.2286 -9 -39.5391
      vertex -92.3467 -9 -39.1647
    endloop
  endfacet
  facet normal 0 1 0
    outer loop
      vertex -88.7814 -9 -42.4316
      vertex -88.2692 -9 -39.5265
      vertex -88.1351 -9 -39.5441
    endloop
  endfacet
  facet normal 0 1 0
    outer loop
      vertex -88.3922 -9 -42.4829
      vertex -88.1351 -9 -39.5441
      vertex -88 -9 -39.55
    endloop
  endfacet
  facet normal 0 1 -0
    outer loop
      vertex -85.75 -9 -41.8971
      vertex -87.225 -9 -39.3423
      vertex -85.4189 -9 -41.6862
    endloop
  endfacet
  facet normal 0 1 0
    outer loop
      vertex -89.4048 -9 -38.6551
      vertex -92.0784 -9 -39.9018
      vertex -92.2286 -9 -39.5391
    endloop
  endfacet
  facet normal 0 1 0
    outer loop
      vertex -87.225 -9 -39.3423
      vertex -85.75 -9 -41.8971
      vertex -87.3449 -9 -39.4048
    endloop
  endfacet
  facet normal 0 1 0
    outer loop
      vertex -89.3423 -9 -38.775
      vertex -91.8971 -9 -40.25
      vertex -92.0784 -9 -39.9018
    endloop
  endfacet
  facet normal 0 1 -0
    outer loop
      vertex -86.0982 -9 -42.0784
      vertex -87.3449 -9 -39.4048
      vertex -85.75 -9 -41.8971
    endloop
  endfacet
  facet normal 0 1 0
    outer loop
      vertex -89.2697 -9 -38.889
      vertex -91.6862 -9 -40.5811
      vertex -91.8971 -9 -40.25
    endloop
  endfacet
  facet normal 0 1 0
    outer loop
      vertex -87.3449 -9 -39.4048
      vertex -86.0982 -9 -42.0784
      vertex -87.4699 -9 -39.4565
    endloop
  endfacet
  facet normal 0 1 0
    outer loop
      vertex -89.1874 -9 -38.9963
      vertex -91.4472 -9 -40.8925
      vertex -91.6862 -9 -40.5811
    endloop
  endfacet
  facet normal 0 1 -0
    outer loop
      vertex -86.4609 -9 -42.2286
      vertex -87.4699 -9 -39.4565
      vertex -86.0982 -9 -42.0784
    endloop
  endfacet
  facet normal 0 1 0
    outer loop
      vertex -89.096 -9 -39.096
      vertex -91.182 -9 -41.182
      vertex -91.4472 -9 -40.8925
    endloop
  endfacet
  facet normal 0 1 0
    outer loop
      vertex -87.4699 -9 -39.4565
      vertex -86.4609 -9 -42.2286
      vertex -87.5988 -9 -39.4972
    endloop
  endfacet
  facet normal 0 1 0
    outer loop
      vertex -88.9963 -9 -39.1874
      vertex -90.8925 -9 -41.4472
      vertex -91.182 -9 -41.182
    endloop
  endfacet
  facet normal 0 1 -0
    outer loop
      vertex -86.8353 -9 -42.3467
      vertex -87.5988 -9 -39.4972
      vertex -86.4609 -9 -42.2286
    endloop
  endfacet
  facet normal 0 1 0
    outer loop
      vertex -88.889 -9 -39.2697
      vertex -90.5811 -9 -41.6862
      vertex -90.8925 -9 -41.4472
    endloop
  endfacet
  facet normal 0 1 0
    outer loop
      vertex -87.5988 -9 -39.4972
      vertex -86.8353 -9 -42.3467
      vertex -87.7308 -9 -39.5265
    endloop
  endfacet
  facet normal 0 1 0
    outer loop
      vertex -88.775 -9 -39.3423
      vertex -90.25 -9 -41.8971
      vertex -90.5811 -9 -41.6862
    endloop
  endfacet
  facet normal 0 1 -0
    outer loop
      vertex -87.2186 -9 -42.4316
      vertex -87.7308 -9 -39.5265
      vertex -86.8353 -9 -42.3467
    endloop
  endfacet
  facet normal 0 1 0
    outer loop
      vertex -88.6551 -9 -39.4048
      vertex -89.9018 -9 -42.0784
      vertex -90.25 -9 -41.8971
    endloop
  endfacet
  facet normal 0 1 0
    outer loop
      vertex -87.7308 -9 -39.5265
      vertex -87.2186 -9 -42.4316
      vertex -87.8649 -9 -39.5441
    endloop
  endfacet
  facet normal 0 1 0
    outer loop
      vertex -88.5301 -9 -39.4565
      vertex -89.5391 -9 -42.2286
      vertex -89.9018 -9 -42.0784
    endloop
  endfacet
  facet normal 0 1 -0
    outer loop
      vertex -87.6078 -9 -42.4829
      vertex -87.8649 -9 -39.5441
      vertex -87.2186 -9 -42.4316
    endloop
  endfacet
  facet normal 0 1 0
    outer loop
      vertex -88.4012 -9 -39.4972
      vertex -89.1647 -9 -42.3467
      vertex -89.5391 -9 -42.2286
    endloop
  endfacet
  facet normal 0 1 0
    outer loop
      vertex -87.8649 -9 -39.5441
      vertex -87.6078 -9 -42.4829
      vertex -88 -9 -39.55
    endloop
  endfacet
  facet normal 0 1 0
    outer loop
      vertex -88.2692 -9 -39.5265
      vertex -88.7814 -9 -42.4316
      vertex -89.1647 -9 -42.3467
    endloop
  endfacet
  facet normal 0 1 0
    outer loop
      vertex -88 -9 -42.5
      vertex -88 -9 -39.55
      vertex -87.6078 -9 -42.4829
    endloop
  endfacet
  facet normal 0 1 0
    outer loop
      vertex -88.1351 -9 -39.5441
      vertex -88.3922 -9 -42.4829
      vertex -88.7814 -9 -42.4316
    endloop
  endfacet
  facet normal 0 1 0
    outer loop
      vertex -88 -9 -39.55
      vertex -88 -9 -42.5
      vertex -88.3922 -9 -42.4829
    endloop
  endfacet
  facet normal 0.953679 -0 0.300827
    outer loop
      vertex -83.7714 -27 -36.4609
      vertex -83.6533 -9 -36.8353
      vertex -83.7714 -9 -36.4609
    endloop
  endfacet
  facet normal 0.953679 0 0.300827
    outer loop
      vertex -83.6533 -9 -36.8353
      vertex -83.7714 -27 -36.4609
      vertex -83.6533 -27 -36.8353
    endloop
  endfacet
  facet normal 0.923911 -0 0.382607
    outer loop
      vertex -83.9216 -27 -36.0982
      vertex -83.7714 -9 -36.4609
      vertex -83.9216 -9 -36.0982
    endloop
  endfacet
  facet normal 0.923911 0 0.382607
    outer loop
      vertex -83.7714 -9 -36.4609
      vertex -83.9216 -27 -36.0982
      vertex -83.7714 -27 -36.4609
    endloop
  endfacet
  facet normal 0.793286 -0 0.608849
    outer loop
      vertex -84.5528 -27 -35.1075
      vertex -84.3138 -9 -35.4189
      vertex -84.5528 -9 -35.1075
    endloop
  endfacet
  facet normal 0.793286 0 0.608849
    outer loop
      vertex -84.3138 -9 -35.4189
      vertex -84.5528 -27 -35.1075
      vertex -84.3138 -27 -35.4189
    endloop
  endfacet
  facet normal 0.843431 -0 0.537238
    outer loop
      vertex -84.3138 -27 -35.4189
      vertex -84.1029 -9 -35.75
      vertex -84.3138 -9 -35.4189
    endloop
  endfacet
  facet normal 0.843431 0 0.537238
    outer loop
      vertex -84.1029 -9 -35.75
      vertex -84.3138 -27 -35.4189
      vertex -84.1029 -27 -35.75
    endloop
  endfacet
  facet normal 0.216256 0 0.976337
    outer loop
      vertex -87.2186 -9 -33.5684
      vertex -86.8353 -27 -33.6533
      vertex -86.8353 -9 -33.6533
    endloop
  endfacet
  facet normal 0.216256 0 0.976337
    outer loop
      vertex -86.8353 -27 -33.6533
      vertex -87.2186 -9 -33.5684
      vertex -87.2186 -27 -33.5684
    endloop
  endfacet
  facet normal 0.130679 0 0.991425
    outer loop
      vertex -87.6078 -9 -33.5171
      vertex -87.2186 -27 -33.5684
      vertex -87.2186 -9 -33.5684
    endloop
  endfacet
  facet normal 0.130679 0 0.991425
    outer loop
      vertex -87.2186 -27 -33.5684
      vertex -87.6078 -9 -33.5171
      vertex -87.6078 -27 -33.5171
    endloop
  endfacet
  facet normal 0.537238 0 0.843431
    outer loop
      vertex -85.75 -9 -34.1029
      vertex -85.4189 -27 -34.3138
      vertex -85.4189 -9 -34.3138
    endloop
  endfacet
  facet normal 0.537238 0 0.843431
    outer loop
      vertex -85.4189 -27 -34.3138
      vertex -85.75 -9 -34.1029
      vertex -85.75 -27 -34.1029
    endloop
  endfacet
  facet normal 0.608849 0 0.793286
    outer loop
      vertex -85.4189 -9 -34.3138
      vertex -85.1075 -27 -34.5528
      vertex -85.1075 -9 -34.5528
    endloop
  endfacet
  facet normal 0.608849 0 0.793286
    outer loop
      vertex -85.1075 -27 -34.5528
      vertex -85.4189 -9 -34.3138
      vertex -85.4189 -27 -34.3138
    endloop
  endfacet
  facet normal -0.976337 0 0.216256
    outer loop
      vertex -92.4316 -27 -37.2186
      vertex -92.3467 -9 -36.8353
      vertex -92.4316 -9 -37.2186
    endloop
  endfacet
  facet normal -0.976337 0 0.216256
    outer loop
      vertex -92.3467 -9 -36.8353
      vertex -92.4316 -27 -37.2186
      vertex -92.3467 -27 -36.8353
    endloop
  endfacet
  facet normal -0.953679 0 0.300827
    outer loop
      vertex -92.3467 -27 -36.8353
      vertex -92.2286 -9 -36.4609
      vertex -92.3467 -9 -36.8353
    endloop
  endfacet
  facet normal -0.953679 0 0.300827
    outer loop
      vertex -92.2286 -9 -36.4609
      vertex -92.3467 -27 -36.8353
      vertex -92.2286 -27 -36.4609
    endloop
  endfacet
  facet normal -0.991425 0 0.130679
    outer loop
      vertex -92.4829 -27 -37.6078
      vertex -92.4316 -9 -37.2186
      vertex -92.4829 -9 -37.6078
    endloop
  endfacet
  facet normal -0.991425 0 0.130679
    outer loop
      vertex -92.4316 -9 -37.2186
      vertex -92.4829 -27 -37.6078
      vertex -92.4316 -27 -37.2186
    endloop
  endfacet
  facet normal 0 -1 0
    outer loop
      vertex -88 -27 -36.45
      vertex -88 -27 -33.5
      vertex -88.3922 -27 -33.5171
    endloop
  endfacet
  facet normal 0 -1 0
    outer loop
      vertex -88.1351 -27 -36.4559
      vertex -88.3922 -27 -33.5171
      vertex -88.7814 -27 -33.5684
    endloop
  endfacet
  facet normal 0 -1 0
    outer loop
      vertex -88 -27 -33.5
      vertex -88 -27 -36.45
      vertex -87.6078 -27 -33.5171
    endloop
  endfacet
  facet normal 0 -1 0
    outer loop
      vertex -88.2692 -27 -36.4735
      vertex -88.7814 -27 -33.5684
      vertex -89.1647 -27 -33.6533
    endloop
  endfacet
  facet normal 0 -1 0
    outer loop
      vertex -87.8649 -27 -36.4559
      vertex -87.6078 -27 -33.5171
      vertex -88 -27 -36.45
    endloop
  endfacet
  facet normal 0 -1 0
    outer loop
      vertex -88.4012 -27 -36.5028
      vertex -89.1647 -27 -33.6533
      vertex -89.5391 -27 -33.7714
    endloop
  endfacet
  facet normal 0 -1 -0
    outer loop
      vertex -87.6078 -27 -33.5171
      vertex -87.8649 -27 -36.4559
      vertex -87.2186 -27 -33.5684
    endloop
  endfacet
  facet normal 0 -1 0
    outer loop
      vertex -88.5301 -27 -36.5435
      vertex -89.5391 -27 -33.7714
      vertex -89.9018 -27 -33.9216
    endloop
  endfacet
  facet normal 0 -1 0
    outer loop
      vertex -87.7308 -27 -36.4735
      vertex -87.2186 -27 -33.5684
      vertex -87.8649 -27 -36.4559
    endloop
  endfacet
  facet normal 0 -1 0
    outer loop
      vertex -88.6551 -27 -36.5952
      vertex -89.9018 -27 -33.9216
      vertex -90.25 -27 -34.1029
    endloop
  endfacet
  facet normal 0 -1 -0
    outer loop
      vertex -87.2186 -27 -33.5684
      vertex -87.7308 -27 -36.4735
      vertex -86.8353 -27 -33.6533
    endloop
  endfacet
  facet normal 0 -1 0
    outer loop
      vertex -88.775 -27 -36.6577
      vertex -90.25 -27 -34.1029
      vertex -90.5811 -27 -34.3138
    endloop
  endfacet
  facet normal 0 -1 0
    outer loop
      vertex -87.5988 -27 -36.5028
      vertex -86.8353 -27 -33.6533
      vertex -87.7308 -27 -36.4735
    endloop
  endfacet
  facet normal 0 -1 0
    outer loop
      vertex -88.889 -27 -36.7303
      vertex -90.5811 -27 -34.3138
      vertex -90.8925 -27 -34.5528
    endloop
  endfacet
  facet normal 0 -1 -0
    outer loop
      vertex -86.8353 -27 -33.6533
      vertex -87.5988 -27 -36.5028
      vertex -86.4609 -27 -33.7714
    endloop
  endfacet
  facet normal 0 -1 0
    outer loop
      vertex -88.9963 -27 -36.8126
      vertex -90.8925 -27 -34.5528
      vertex -91.182 -27 -34.818
    endloop
  endfacet
  facet normal 0 -1 0
    outer loop
      vertex -87.4699 -27 -36.5435
      vertex -86.4609 -27 -33.7714
      vertex -87.5988 -27 -36.5028
    endloop
  endfacet
  facet normal 0 -1 0
    outer loop
      vertex -89.096 -27 -36.904
      vertex -91.182 -27 -34.818
      vertex -91.4472 -27 -35.1075
    endloop
  endfacet
  facet normal 0 -1 -0
    outer loop
      vertex -86.4609 -27 -33.7714
      vertex -87.4699 -27 -36.5435
      vertex -86.0982 -27 -33.9216
    endloop
  endfacet
  facet normal 0 -1 0
    outer loop
      vertex -89.1874 -27 -37.0037
      vertex -91.4472 -27 -35.1075
      vertex -91.6862 -27 -35.4189
    endloop
  endfacet
  facet normal 0 -1 0
    outer loop
      vertex -87.3449 -27 -36.5952
      vertex -86.0982 -27 -33.9216
      vertex -87.4699 -27 -36.5435
    endloop
  endfacet
  facet normal 0 -1 0
    outer loop
      vertex -89.2697 -27 -37.111
      vertex -91.6862 -27 -35.4189
      vertex -91.8971 -27 -35.75
    endloop
  endfacet
  facet normal 0 -1 -0
    outer loop
      vertex -86.0982 -27 -33.9216
      vertex -87.3449 -27 -36.5952
      vertex -85.75 -27 -34.1029
    endloop
  endfacet
  facet normal 0 -1 0
    outer loop
      vertex -89.3423 -27 -37.225
      vertex -91.8971 -27 -35.75
      vertex -92.0784 -27 -36.0982
    endloop
  endfacet
  facet normal 0 -1 0
    outer loop
      vertex -87.225 -27 -36.6577
      vertex -85.75 -27 -34.1029
      vertex -87.3449 -27 -36.5952
    endloop
  endfacet
  facet normal 0 -1 -0
    outer loop
      vertex -85.75 -27 -34.1029
      vertex -87.225 -27 -36.6577
      vertex -85.4189 -27 -34.3138
    endloop
  endfacet
  facet normal 0 -1 0
    outer loop
      vertex -88.3922 -27 -33.5171
      vertex -88.1351 -27 -36.4559
      vertex -88 -27 -36.45
    endloop
  endfacet
  facet normal 0 -1 0
    outer loop
      vertex -89.4048 -27 -37.3449
      vertex -92.0784 -27 -36.0982
      vertex -92.2286 -27 -36.4609
    endloop
  endfacet
  facet normal 0 -1 0
    outer loop
      vertex -88.7814 -27 -33.5684
      vertex -88.2692 -27 -36.4735
      vertex -88.1351 -27 -36.4559
    endloop
  endfacet
  facet normal 0 -1 0
    outer loop
      vertex -89.1647 -27 -33.6533
      vertex -88.4012 -27 -36.5028
      vertex -88.2692 -27 -36.4735
    endloop
  endfacet
  facet normal 0 -1 0
    outer loop
      vertex -89.5391 -27 -33.7714
      vertex -88.5301 -27 -36.5435
      vertex -88.4012 -27 -36.5028
    endloop
  endfacet
  facet normal 0 -1 0
    outer loop
      vertex -89.9018 -27 -33.9216
      vertex -88.6551 -27 -36.5952
      vertex -88.5301 -27 -36.5435
    endloop
  endfacet
  facet normal 0 -1 0
    outer loop
      vertex -90.25 -27 -34.1029
      vertex -88.775 -27 -36.6577
      vertex -88.6551 -27 -36.5952
    endloop
  endfacet
  facet normal 0 -1 0
    outer loop
      vertex -90.5811 -27 -34.3138
      vertex -88.889 -27 -36.7303
      vertex -88.775 -27 -36.6577
    endloop
  endfacet
  facet normal 0 -1 0
    outer loop
      vertex -90.8925 -27 -34.5528
      vertex -88.9963 -27 -36.8126
      vertex -88.889 -27 -36.7303
    endloop
  endfacet
  facet normal 0 -1 0
    outer loop
      vertex -89.4565 -27 -37.4699
      vertex -92.2286 -27 -36.4609
      vertex -92.3467 -27 -36.8353
    endloop
  endfacet
  facet normal 0 -1 0
    outer loop
      vertex -91.182 -27 -34.818
      vertex -89.096 -27 -36.904
      vertex -88.9963 -27 -36.8126
    endloop
  endfacet
  facet normal 0 -1 0
    outer loop
      vertex -91.4472 -27 -35.1075
      vertex -89.1874 -27 -37.0037
      vertex -89.096 -27 -36.904
    endloop
  endfacet
  facet normal 0 -1 0
    outer loop
      vertex -91.6862 -27 -35.4189
      vertex -89.2697 -27 -37.111
      vertex -89.1874 -27 -37.0037
    endloop
  endfacet
  facet normal 0 -1 0
    outer loop
      vertex -89.4972 -27 -37.5988
      vertex -92.3467 -27 -36.8353
      vertex -92.4316 -27 -37.2186
    endloop
  endfacet
  facet normal 0 -1 0
    outer loop
      vertex -91.8971 -27 -35.75
      vertex -89.3423 -27 -37.225
      vertex -89.2697 -27 -37.111
    endloop
  endfacet
  facet normal 0 -1 0
    outer loop
      vertex -92.0784 -27 -36.0982
      vertex -89.4048 -27 -37.3449
      vertex -89.3423 -27 -37.225
    endloop
  endfacet
  facet normal 0 -1 0
    outer loop
      vertex -92.2286 -27 -36.4609
      vertex -89.4565 -27 -37.4699
      vertex -89.4048 -27 -37.3449
    endloop
  endfacet
  facet normal 0 -1 0
    outer loop
      vertex -92.3467 -27 -36.8353
      vertex -89.4972 -27 -37.5988
      vertex -89.4565 -27 -37.4699
    endloop
  endfacet
  facet normal 0 -1 0
    outer loop
      vertex -89.5265 -27 -37.7308
      vertex -92.4316 -27 -37.2186
      vertex -92.4829 -27 -37.6078
    endloop
  endfacet
  facet normal 0 -1 0
    outer loop
      vertex -92.4316 -27 -37.2186
      vertex -89.5265 -27 -37.7308
      vertex -89.4972 -27 -37.5988
    endloop
  endfacet
  facet normal 0 -1 0
    outer loop
      vertex -92.4829 -27 -37.6078
      vertex -89.5441 -27 -37.8649
      vertex -89.5265 -27 -37.7308
    endloop
  endfacet
  facet normal 0 -1 0
    outer loop
      vertex -92.5 -27 -38
      vertex -89.5441 -27 -37.8649
      vertex -92.4829 -27 -37.6078
    endloop
  endfacet
  facet normal 0 -1 0
    outer loop
      vertex -92.5 -27 -38
      vertex -89.55 -27 -38
      vertex -89.5441 -27 -37.8649
    endloop
  endfacet
  facet normal 0 -1 0
    outer loop
      vertex -92.5 -27 -38
      vertex -89.5441 -27 -38.1351
      vertex -89.55 -27 -38
    endloop
  endfacet
  facet normal 0 -1 0
    outer loop
      vertex -92.4829 -27 -38.3922
      vertex -89.5441 -27 -38.1351
      vertex -92.5 -27 -38
    endloop
  endfacet
  facet normal 0 -1 -0
    outer loop
      vertex -89.5441 -27 -38.1351
      vertex -92.4829 -27 -38.3922
      vertex -89.5265 -27 -38.2692
    endloop
  endfacet
  facet normal 0 -1 0
    outer loop
      vertex -92.4316 -27 -38.7814
      vertex -89.5265 -27 -38.2692
      vertex -92.4829 -27 -38.3922
    endloop
  endfacet
  facet normal 0 -1 -0
    outer loop
      vertex -89.5265 -27 -38.2692
      vertex -92.4316 -27 -38.7814
      vertex -89.4972 -27 -38.4012
    endloop
  endfacet
  facet normal 0 -1 0
    outer loop
      vertex -92.3467 -27 -39.1647
      vertex -89.4972 -27 -38.4012
      vertex -92.4316 -27 -38.7814
    endloop
  endfacet
  facet normal 0 -1 -0
    outer loop
      vertex -89.4972 -27 -38.4012
      vertex -92.3467 -27 -39.1647
      vertex -89.4565 -27 -38.5301
    endloop
  endfacet
  facet normal 0 -1 0
    outer loop
      vertex -92.2286 -27 -39.5391
      vertex -89.4565 -27 -38.5301
      vertex -92.3467 -27 -39.1647
    endloop
  endfacet
  facet normal 0 -1 -0
    outer loop
      vertex -89.4565 -27 -38.5301
      vertex -92.2286 -27 -39.5391
      vertex -89.4048 -27 -38.6551
    endloop
  endfacet
  facet normal 0 -1 0
    outer loop
      vertex -92.0784 -27 -39.9018
      vertex -89.4048 -27 -38.6551
      vertex -92.2286 -27 -39.5391
    endloop
  endfacet
  facet normal 0 -1 -0
    outer loop
      vertex -89.4048 -27 -38.6551
      vertex -92.0784 -27 -39.9018
      vertex -89.3423 -27 -38.775
    endloop
  endfacet
  facet normal 0 -1 0
    outer loop
      vertex -91.8971 -27 -40.25
      vertex -89.3423 -27 -38.775
      vertex -92.0784 -27 -39.9018
    endloop
  endfacet
  facet normal 0 -1 -0
    outer loop
      vertex -89.3423 -27 -38.775
      vertex -91.8971 -27 -40.25
      vertex -89.2697 -27 -38.889
    endloop
  endfacet
  facet normal 0 -1 0
    outer loop
      vertex -91.6862 -27 -40.5811
      vertex -89.2697 -27 -38.889
      vertex -91.8971 -27 -40.25
    endloop
  endfacet
  facet normal 0 -1 -0
    outer loop
      vertex -89.2697 -27 -38.889
      vertex -91.6862 -27 -40.5811
      vertex -89.1874 -27 -38.9963
    endloop
  endfacet
  facet normal 0 -1 0
    outer loop
      vertex -91.4472 -27 -40.8925
      vertex -89.1874 -27 -38.9963
      vertex -91.6862 -27 -40.5811
    endloop
  endfacet
  facet normal 0 -1 -0
    outer loop
      vertex -89.1874 -27 -38.9963
      vertex -91.4472 -27 -40.8925
      vertex -89.096 -27 -39.096
    endloop
  endfacet
  facet normal 0 -1 0
    outer loop
      vertex -91.182 -27 -41.182
      vertex -89.096 -27 -39.096
      vertex -91.4472 -27 -40.8925
    endloop
  endfacet
  facet normal 0 -1 -0
    outer loop
      vertex -89.096 -27 -39.096
      vertex -91.182 -27 -41.182
      vertex -88.9963 -27 -39.1874
    endloop
  endfacet
  facet normal 0 -1 0
    outer loop
      vertex -90.8925 -27 -41.4472
      vertex -88.9963 -27 -39.1874
      vertex -91.182 -27 -41.182
    endloop
  endfacet
  facet normal 0 -1 -0
    outer loop
      vertex -88.9963 -27 -39.1874
      vertex -90.8925 -27 -41.4472
      vertex -88.889 -27 -39.2697
    endloop
  endfacet
  facet normal 0 -1 0
    outer loop
      vertex -90.5811 -27 -41.6862
      vertex -88.889 -27 -39.2697
      vertex -90.8925 -27 -41.4472
    endloop
  endfacet
  facet normal 0 -1 -0
    outer loop
      vertex -88.889 -27 -39.2697
      vertex -90.5811 -27 -41.6862
      vertex -88.775 -27 -39.3423
    endloop
  endfacet
  facet normal 0 -1 0
    outer loop
      vertex -87.111 -27 -36.7303
      vertex -85.4189 -27 -34.3138
      vertex -87.225 -27 -36.6577
    endloop
  endfacet
  facet normal 0 -1 -0
    outer loop
      vertex -85.4189 -27 -34.3138
      vertex -87.111 -27 -36.7303
      vertex -85.1075 -27 -34.5528
    endloop
  endfacet
  facet normal 0 -1 0
    outer loop
      vertex -87.0037 -27 -36.8126
      vertex -85.1075 -27 -34.5528
      vertex -87.111 -27 -36.7303
    endloop
  endfacet
  facet normal 0 -1 -0
    outer loop
      vertex -85.1075 -27 -34.5528
      vertex -87.0037 -27 -36.8126
      vertex -84.818 -27 -34.818
    endloop
  endfacet
  facet normal 0 -1 0
    outer loop
      vertex -86.904 -27 -36.904
      vertex -84.818 -27 -34.818
      vertex -87.0037 -27 -36.8126
    endloop
  endfacet
  facet normal 0 -1 -0
    outer loop
      vertex -84.818 -27 -34.818
      vertex -86.904 -27 -36.904
      vertex -84.5528 -27 -35.1075
    endloop
  endfacet
  facet normal 0 -1 0
    outer loop
      vertex -86.8126 -27 -37.0037
      vertex -84.5528 -27 -35.1075
      vertex -86.904 -27 -36.904
    endloop
  endfacet
  facet normal 0 -1 -0
    outer loop
      vertex -84.5528 -27 -35.1075
      vertex -86.8126 -27 -37.0037
      vertex -84.3138 -27 -35.4189
    endloop
  endfacet
  facet normal 0 -1 0
    outer loop
      vertex -86.7303 -27 -37.111
      vertex -84.3138 -27 -35.4189
      vertex -86.8126 -27 -37.0037
    endloop
  endfacet
  facet normal 0 -1 -0
    outer loop
      vertex -84.3138 -27 -35.4189
      vertex -86.7303 -27 -37.111
      vertex -84.1029 -27 -35.75
    endloop
  endfacet
  facet normal 0 -1 0
    outer loop
      vertex -86.6577 -27 -37.225
      vertex -84.1029 -27 -35.75
      vertex -86.7303 -27 -37.111
    endloop
  endfacet
  facet normal 0 -1 -0
    outer loop
      vertex -84.1029 -27 -35.75
      vertex -86.6577 -27 -37.225
      vertex -83.9216 -27 -36.0982
    endloop
  endfacet
  facet normal 0 -1 0
    outer loop
      vertex -86.5952 -27 -37.3449
      vertex -83.9216 -27 -36.0982
      vertex -86.6577 -27 -37.225
    endloop
  endfacet
  facet normal 0 -1 -0
    outer loop
      vertex -83.9216 -27 -36.0982
      vertex -86.5952 -27 -37.3449
      vertex -83.7714 -27 -36.4609
    endloop
  endfacet
  facet normal 0 -1 0
    outer loop
      vertex -86.5435 -27 -37.4699
      vertex -83.7714 -27 -36.4609
      vertex -86.5952 -27 -37.3449
    endloop
  endfacet
  facet normal 0 -1 -0
    outer loop
      vertex -83.7714 -27 -36.4609
      vertex -86.5435 -27 -37.4699
      vertex -83.6533 -27 -36.8353
    endloop
  endfacet
  facet normal 0 -1 0
    outer loop
      vertex -86.5028 -27 -37.5988
      vertex -83.6533 -27 -36.8353
      vertex -86.5435 -27 -37.4699
    endloop
  endfacet
  facet normal 0 -1 -0
    outer loop
      vertex -83.6533 -27 -36.8353
      vertex -86.5028 -27 -37.5988
      vertex -83.5684 -27 -37.2186
    endloop
  endfacet
  facet normal 0 -1 0
    outer loop
      vertex -86.4735 -27 -37.7308
      vertex -83.5684 -27 -37.2186
      vertex -86.5028 -27 -37.5988
    endloop
  endfacet
  facet normal 0 -1 -0
    outer loop
      vertex -83.5684 -27 -37.2186
      vertex -86.4735 -27 -37.7308
      vertex -83.5171 -27 -37.6078
    endloop
  endfacet
  facet normal 0 -1 0
    outer loop
      vertex -86.4559 -27 -37.8649
      vertex -83.5171 -27 -37.6078
      vertex -86.4735 -27 -37.7308
    endloop
  endfacet
  facet normal 0 -1 0
    outer loop
      vertex -86.45 -27 -38
      vertex -83.5171 -27 -37.6078
      vertex -86.4559 -27 -37.8649
    endloop
  endfacet
  facet normal 0 -1 0
    outer loop
      vertex -86.45 -27 -38
      vertex -83.5 -27 -38
      vertex -83.5171 -27 -37.6078
    endloop
  endfacet
  facet normal 0 -1 0
    outer loop
      vertex -86.4559 -27 -38.1351
      vertex -83.5 -27 -38
      vertex -86.45 -27 -38
    endloop
  endfacet
  facet normal 0 -1 0
    outer loop
      vertex -83.5171 -27 -38.3922
      vertex -86.4559 -27 -38.1351
      vertex -86.4735 -27 -38.2692
    endloop
  endfacet
  facet normal 0 -1 0
    outer loop
      vertex -86.4559 -27 -38.1351
      vertex -83.5171 -27 -38.3922
      vertex -83.5 -27 -38
    endloop
  endfacet
  facet normal 0 -1 0
    outer loop
      vertex -83.5684 -27 -38.7814
      vertex -86.4735 -27 -38.2692
      vertex -86.5028 -27 -38.4012
    endloop
  endfacet
  facet normal 0 -1 0
    outer loop
      vertex -83.6533 -27 -39.1647
      vertex -86.5028 -27 -38.4012
      vertex -86.5435 -27 -38.5301
    endloop
  endfacet
  facet normal 0 -1 0
    outer loop
      vertex -83.7714 -27 -39.5391
      vertex -86.5435 -27 -38.5301
      vertex -86.5952 -27 -38.6551
    endloop
  endfacet
  facet normal 0 -1 0
    outer loop
      vertex -83.9216 -27 -39.9018
      vertex -86.5952 -27 -38.6551
      vertex -86.6577 -27 -38.775
    endloop
  endfacet
  facet normal 0 -1 0
    outer loop
      vertex -86.4735 -27 -38.2692
      vertex -83.5684 -27 -38.7814
      vertex -83.5171 -27 -38.3922
    endloop
  endfacet
  facet normal 0 -1 0
    outer loop
      vertex -84.1029 -27 -40.25
      vertex -86.6577 -27 -38.775
      vertex -86.7303 -27 -38.889
    endloop
  endfacet
  facet normal 0 -1 0
    outer loop
      vertex -84.3138 -27 -40.5811
      vertex -86.7303 -27 -38.889
      vertex -86.8126 -27 -38.9963
    endloop
  endfacet
  facet normal 0 -1 0
    outer loop
      vertex -84.5528 -27 -40.8925
      vertex -86.8126 -27 -38.9963
      vertex -86.904 -27 -39.096
    endloop
  endfacet
  facet normal 0 -1 0
    outer loop
      vertex -86.5028 -27 -38.4012
      vertex -83.6533 -27 -39.1647
      vertex -83.5684 -27 -38.7814
    endloop
  endfacet
  facet normal 0 -1 0
    outer loop
      vertex -84.818 -27 -41.182
      vertex -86.904 -27 -39.096
      vertex -87.0037 -27 -39.1874
    endloop
  endfacet
  facet normal 0 -1 0
    outer loop
      vertex -85.1075 -27 -41.4472
      vertex -87.0037 -27 -39.1874
      vertex -87.111 -27 -39.2697
    endloop
  endfacet
  facet normal 0 -1 0
    outer loop
      vertex -85.4189 -27 -41.6862
      vertex -87.111 -27 -39.2697
      vertex -87.225 -27 -39.3423
    endloop
  endfacet
  facet normal 0 -1 0
    outer loop
      vertex -85.75 -27 -41.8971
      vertex -87.225 -27 -39.3423
      vertex -87.3449 -27 -39.4048
    endloop
  endfacet
  facet normal 0 -1 0
    outer loop
      vertex -86.0982 -27 -42.0784
      vertex -87.3449 -27 -39.4048
      vertex -87.4699 -27 -39.4565
    endloop
  endfacet
  facet normal 0 -1 0
    outer loop
      vertex -86.4609 -27 -42.2286
      vertex -87.4699 -27 -39.4565
      vertex -87.5988 -27 -39.4972
    endloop
  endfacet
  facet normal 0 -1 0
    outer loop
      vertex -86.8353 -27 -42.3467
      vertex -87.5988 -27 -39.4972
      vertex -87.7308 -27 -39.5265
    endloop
  endfacet
  facet normal 0 -1 0
    outer loop
      vertex -86.5435 -27 -38.5301
      vertex -83.7714 -27 -39.5391
      vertex -83.6533 -27 -39.1647
    endloop
  endfacet
  facet normal 0 -1 0
    outer loop
      vertex -87.2186 -27 -42.4316
      vertex -87.7308 -27 -39.5265
      vertex -87.8649 -27 -39.5441
    endloop
  endfacet
  facet normal 0 -1 0
    outer loop
      vertex -87.6078 -27 -42.4829
      vertex -87.8649 -27 -39.5441
      vertex -88 -27 -39.55
    endloop
  endfacet
  facet normal 0 -1 0
    outer loop
      vertex -90.25 -27 -41.8971
      vertex -88.775 -27 -39.3423
      vertex -90.5811 -27 -41.6862
    endloop
  endfacet
  facet normal 0 -1 0
    outer loop
      vertex -86.5952 -27 -38.6551
      vertex -83.9216 -27 -39.9018
      vertex -83.7714 -27 -39.5391
    endloop
  endfacet
  facet normal 0 -1 -0
    outer loop
      vertex -88.775 -27 -39.3423
      vertex -90.25 -27 -41.8971
      vertex -88.6551 -27 -39.4048
    endloop
  endfacet
  facet normal 0 -1 0
    outer loop
      vertex -86.6577 -27 -38.775
      vertex -84.1029 -27 -40.25
      vertex -83.9216 -27 -39.9018
    endloop
  endfacet
  facet normal 0 -1 0
    outer loop
      vertex -89.9018 -27 -42.0784
      vertex -88.6551 -27 -39.4048
      vertex -90.25 -27 -41.8971
    endloop
  endfacet
  facet normal 0 -1 0
    outer loop
      vertex -86.7303 -27 -38.889
      vertex -84.3138 -27 -40.5811
      vertex -84.1029 -27 -40.25
    endloop
  endfacet
  facet normal 0 -1 -0
    outer loop
      vertex -88.6551 -27 -39.4048
      vertex -89.9018 -27 -42.0784
      vertex -88.5301 -27 -39.4565
    endloop
  endfacet
  facet normal 0 -1 0
    outer loop
      vertex -86.8126 -27 -38.9963
      vertex -84.5528 -27 -40.8925
      vertex -84.3138 -27 -40.5811
    endloop
  endfacet
  facet normal 0 -1 0
    outer loop
      vertex -89.5391 -27 -42.2286
      vertex -88.5301 -27 -39.4565
      vertex -89.9018 -27 -42.0784
    endloop
  endfacet
  facet normal 0 -1 0
    outer loop
      vertex -86.904 -27 -39.096
      vertex -84.818 -27 -41.182
      vertex -84.5528 -27 -40.8925
    endloop
  endfacet
  facet normal 0 -1 -0
    outer loop
      vertex -88.5301 -27 -39.4565
      vertex -89.5391 -27 -42.2286
      vertex -88.4012 -27 -39.4972
    endloop
  endfacet
  facet normal 0 -1 0
    outer loop
      vertex -87.0037 -27 -39.1874
      vertex -85.1075 -27 -41.4472
      vertex -84.818 -27 -41.182
    endloop
  endfacet
  facet normal 0 -1 0
    outer loop
      vertex -89.1647 -27 -42.3467
      vertex -88.4012 -27 -39.4972
      vertex -89.5391 -27 -42.2286
    endloop
  endfacet
  facet normal 0 -1 0
    outer loop
      vertex -87.111 -27 -39.2697
      vertex -85.4189 -27 -41.6862
      vertex -85.1075 -27 -41.4472
    endloop
  endfacet
  facet normal 0 -1 -0
    outer loop
      vertex -88.4012 -27 -39.4972
      vertex -89.1647 -27 -42.3467
      vertex -88.2692 -27 -39.5265
    endloop
  endfacet
  facet normal 0 -1 0
    outer loop
      vertex -87.225 -27 -39.3423
      vertex -85.75 -27 -41.8971
      vertex -85.4189 -27 -41.6862
    endloop
  endfacet
  facet normal 0 -1 0
    outer loop
      vertex -88.7814 -27 -42.4316
      vertex -88.2692 -27 -39.5265
      vertex -89.1647 -27 -42.3467
    endloop
  endfacet
  facet normal 0 -1 0
    outer loop
      vertex -87.3449 -27 -39.4048
      vertex -86.0982 -27 -42.0784
      vertex -85.75 -27 -41.8971
    endloop
  endfacet
  facet normal 0 -1 -0
    outer loop
      vertex -88.2692 -27 -39.5265
      vertex -88.7814 -27 -42.4316
      vertex -88.1351 -27 -39.5441
    endloop
  endfacet
  facet normal 0 -1 0
    outer loop
      vertex -87.4699 -27 -39.4565
      vertex -86.4609 -27 -42.2286
      vertex -86.0982 -27 -42.0784
    endloop
  endfacet
  facet normal 0 -1 0
    outer loop
      vertex -88.3922 -27 -42.4829
      vertex -88.1351 -27 -39.5441
      vertex -88.7814 -27 -42.4316
    endloop
  endfacet
  facet normal 0 -1 0
    outer loop
      vertex -87.5988 -27 -39.4972
      vertex -86.8353 -27 -42.3467
      vertex -86.4609 -27 -42.2286
    endloop
  endfacet
  facet normal 0 -1 -0
    outer loop
      vertex -88.1351 -27 -39.5441
      vertex -88.3922 -27 -42.4829
      vertex -88 -27 -39.55
    endloop
  endfacet
  facet normal 0 -1 0
    outer loop
      vertex -87.7308 -27 -39.5265
      vertex -87.2186 -27 -42.4316
      vertex -86.8353 -27 -42.3467
    endloop
  endfacet
  facet normal 0 -1 0
    outer loop
      vertex -88 -27 -42.5
      vertex -88 -27 -39.55
      vertex -88.3922 -27 -42.4829
    endloop
  endfacet
  facet normal 0 -1 0
    outer loop
      vertex -87.8649 -27 -39.5441
      vertex -87.6078 -27 -42.4829
      vertex -87.2186 -27 -42.4316
    endloop
  endfacet
  facet normal 0 -1 0
    outer loop
      vertex -88 -27 -39.55
      vertex -88 -27 -42.5
      vertex -87.6078 -27 -42.4829
    endloop
  endfacet
  facet normal -0.537238 0 0.843431
    outer loop
      vertex -90.5811 -9 -34.3138
      vertex -90.25 -27 -34.1029
      vertex -90.25 -9 -34.1029
    endloop
  endfacet
  facet normal -0.537238 0 0.843431
    outer loop
      vertex -90.25 -27 -34.1029
      vertex -90.5811 -9 -34.3138
      vertex -90.5811 -27 -34.3138
    endloop
  endfacet
  facet normal -0.0435588 0 0.999051
    outer loop
      vertex -88.3922 -9 -33.5171
      vertex -88 -27 -33.5
      vertex -88 -9 -33.5
    endloop
  endfacet
  facet normal -0.0435588 0 0.999051
    outer loop
      vertex -88 -27 -33.5
      vertex -88.3922 -9 -33.5171
      vertex -88.3922 -27 -33.5171
    endloop
  endfacet
  facet normal 0.0435588 0 -0.999051
    outer loop
      vertex -88 -27 -42.5
      vertex -87.6078 -9 -42.4829
      vertex -87.6078 -27 -42.4829
    endloop
  endfacet
  facet normal 0.0435588 0 -0.999051
    outer loop
      vertex -87.6078 -9 -42.4829
      vertex -88 -27 -42.5
      vertex -88 -9 -42.5
    endloop
  endfacet
  facet normal 0.461826 0 -0.886971
    outer loop
      vertex -86.0982 -27 -42.0784
      vertex -85.75 -9 -41.8971
      vertex -85.75 -27 -41.8971
    endloop
  endfacet
  facet normal 0.461826 0 -0.886971
    outer loop
      vertex -85.75 -9 -41.8971
      vertex -86.0982 -27 -42.0784
      vertex -86.0982 -9 -42.0784
    endloop
  endfacet
  facet normal 0.608849 0 -0.793286
    outer loop
      vertex -85.4189 -27 -41.6862
      vertex -85.1075 -9 -41.4472
      vertex -85.1075 -27 -41.4472
    endloop
  endfacet
  facet normal 0.608849 0 -0.793286
    outer loop
      vertex -85.1075 -9 -41.4472
      vertex -85.4189 -27 -41.6862
      vertex -85.4189 -9 -41.6862
    endloop
  endfacet
  facet normal 0.537238 0 -0.843431
    outer loop
      vertex -85.75 -27 -41.8971
      vertex -85.4189 -9 -41.6862
      vertex -85.4189 -27 -41.6862
    endloop
  endfacet
  facet normal 0.537238 0 -0.843431
    outer loop
      vertex -85.4189 -9 -41.6862
      vertex -85.75 -27 -41.8971
      vertex -85.75 -9 -41.8971
    endloop
  endfacet
  facet normal 0.793286 0 -0.608849
    outer loop
      vertex -84.3138 -27 -40.5811
      vertex -84.5528 -9 -40.8925
      vertex -84.3138 -9 -40.5811
    endloop
  endfacet
  facet normal 0.793286 0 -0.608849
    outer loop
      vertex -84.5528 -9 -40.8925
      vertex -84.3138 -27 -40.5811
      vertex -84.5528 -27 -40.8925
    endloop
  endfacet
  facet normal 0.843431 0 -0.537238
    outer loop
      vertex -84.1029 -27 -40.25
      vertex -84.3138 -9 -40.5811
      vertex -84.1029 -9 -40.25
    endloop
  endfacet
  facet normal 0.843431 0 -0.537238
    outer loop
      vertex -84.3138 -9 -40.5811
      vertex -84.1029 -27 -40.25
      vertex -84.3138 -27 -40.5811
    endloop
  endfacet
  facet normal -0.675482 0 -0.737376
    outer loop
      vertex -91.182 -27 -41.182
      vertex -90.8925 -9 -41.4472
      vertex -90.8925 -27 -41.4472
    endloop
  endfacet
  facet normal -0.675482 0 -0.737376
    outer loop
      vertex -90.8925 -9 -41.4472
      vertex -91.182 -27 -41.182
      vertex -91.182 -9 -41.182
    endloop
  endfacet
  facet normal -0.608849 0 -0.793286
    outer loop
      vertex -90.8925 -27 -41.4472
      vertex -90.5811 -9 -41.6862
      vertex -90.5811 -27 -41.6862
    endloop
  endfacet
  facet normal -0.608849 0 -0.793286
    outer loop
      vertex -90.5811 -9 -41.6862
      vertex -90.8925 -27 -41.4472
      vertex -90.8925 -9 -41.4472
    endloop
  endfacet
  facet normal -0.537238 0 -0.843431
    outer loop
      vertex -90.5811 -27 -41.6862
      vertex -90.25 -9 -41.8971
      vertex -90.25 -27 -41.8971
    endloop
  endfacet
  facet normal -0.537238 0 -0.843431
    outer loop
      vertex -90.25 -9 -41.8971
      vertex -90.5811 -27 -41.6862
      vertex -90.5811 -9 -41.6862
    endloop
  endfacet
  facet normal -0.130679 0 -0.991425
    outer loop
      vertex -88.7814 -27 -42.4316
      vertex -88.3922 -9 -42.4829
      vertex -88.3922 -27 -42.4829
    endloop
  endfacet
  facet normal -0.130679 0 -0.991425
    outer loop
      vertex -88.3922 -9 -42.4829
      vertex -88.7814 -27 -42.4316
      vertex -88.7814 -9 -42.4316
    endloop
  endfacet
  facet normal -0.923911 0 -0.382607
    outer loop
      vertex -92.0784 -27 -39.9018
      vertex -92.2286 -9 -39.5391
      vertex -92.0784 -9 -39.9018
    endloop
  endfacet
  facet normal -0.923911 -0 -0.382607
    outer loop
      vertex -92.2286 -9 -39.5391
      vertex -92.0784 -27 -39.9018
      vertex -92.2286 -27 -39.5391
    endloop
  endfacet
  facet normal -0.999051 0 -0.0435588
    outer loop
      vertex -92.4829 -27 -38.3922
      vertex -92.5 -9 -38
      vertex -92.4829 -9 -38.3922
    endloop
  endfacet
  facet normal -0.999051 -0 -0.0435588
    outer loop
      vertex -92.5 -9 -38
      vertex -92.4829 -27 -38.3922
      vertex -92.5 -27 -38
    endloop
  endfacet
  facet normal 0.976337 -0 0.216256
    outer loop
      vertex -83.6533 -27 -36.8353
      vertex -83.5684 -9 -37.2186
      vertex -83.6533 -9 -36.8353
    endloop
  endfacet
  facet normal 0.976337 0 0.216256
    outer loop
      vertex -83.5684 -9 -37.2186
      vertex -83.6533 -27 -36.8353
      vertex -83.5684 -27 -37.2186
    endloop
  endfacet
  facet normal 0.991425 -0 0.130679
    outer loop
      vertex -83.5684 -27 -37.2186
      vertex -83.5171 -9 -37.6078
      vertex -83.5684 -9 -37.2186
    endloop
  endfacet
  facet normal 0.991425 0 0.130679
    outer loop
      vertex -83.5171 -9 -37.6078
      vertex -83.5684 -27 -37.2186
      vertex -83.5171 -27 -37.6078
    endloop
  endfacet
  facet normal 0.737376 -0 0.675482
    outer loop
      vertex -84.818 -27 -34.818
      vertex -84.5528 -9 -35.1075
      vertex -84.818 -9 -34.818
    endloop
  endfacet
  facet normal 0.737376 0 0.675482
    outer loop
      vertex -84.5528 -9 -35.1075
      vertex -84.818 -27 -34.818
      vertex -84.5528 -27 -35.1075
    endloop
  endfacet
  facet normal 0.300827 0 0.953679
    outer loop
      vertex -86.8353 -9 -33.6533
      vertex -86.4609 -27 -33.7714
      vertex -86.4609 -9 -33.7714
    endloop
  endfacet
  facet normal 0.300827 0 0.953679
    outer loop
      vertex -86.4609 -27 -33.7714
      vertex -86.8353 -9 -33.6533
      vertex -86.8353 -27 -33.6533
    endloop
  endfacet
  facet normal 0.461826 0 0.886971
    outer loop
      vertex -86.0982 -9 -33.9216
      vertex -85.75 -27 -34.1029
      vertex -85.75 -9 -34.1029
    endloop
  endfacet
  facet normal 0.461826 0 0.886971
    outer loop
      vertex -85.75 -27 -34.1029
      vertex -86.0982 -9 -33.9216
      vertex -86.0982 -27 -33.9216
    endloop
  endfacet
  facet normal -0.737376 0 0.675482
    outer loop
      vertex -91.4472 -27 -35.1075
      vertex -91.182 -9 -34.818
      vertex -91.4472 -9 -35.1075
    endloop
  endfacet
  facet normal -0.737376 0 0.675482
    outer loop
      vertex -91.182 -9 -34.818
      vertex -91.4472 -27 -35.1075
      vertex -91.182 -27 -34.818
    endloop
  endfacet
  facet normal -0.923911 0 0.382607
    outer loop
      vertex -92.2286 -27 -36.4609
      vertex -92.0784 -9 -36.0982
      vertex -92.2286 -9 -36.4609
    endloop
  endfacet
  facet normal -0.923911 0 0.382607
    outer loop
      vertex -92.0784 -9 -36.0982
      vertex -92.2286 -27 -36.4609
      vertex -92.0784 -27 -36.0982
    endloop
  endfacet
  facet normal -0.886971 0 0.461826
    outer loop
      vertex -92.0784 -27 -36.0982
      vertex -91.8971 -9 -35.75
      vertex -92.0784 -9 -36.0982
    endloop
  endfacet
  facet normal -0.886971 0 0.461826
    outer loop
      vertex -91.8971 -9 -35.75
      vertex -92.0784 -27 -36.0982
      vertex -91.8971 -27 -35.75
    endloop
  endfacet
  facet normal -0.608849 0 0.793286
    outer loop
      vertex -90.8925 -9 -34.5528
      vertex -90.5811 -27 -34.3138
      vertex -90.5811 -9 -34.3138
    endloop
  endfacet
  facet normal -0.608849 0 0.793286
    outer loop
      vertex -90.5811 -27 -34.3138
      vertex -90.8925 -9 -34.5528
      vertex -90.8925 -27 -34.5528
    endloop
  endfacet
  facet normal -0.461826 0 0.886971
    outer loop
      vertex -90.25 -9 -34.1029
      vertex -89.9018 -27 -33.9216
      vertex -89.9018 -9 -33.9216
    endloop
  endfacet
  facet normal -0.461826 0 0.886971
    outer loop
      vertex -89.9018 -27 -33.9216
      vertex -90.25 -9 -34.1029
      vertex -90.25 -27 -34.1029
    endloop
  endfacet
  facet normal -0.216256 0 0.976337
    outer loop
      vertex -89.1647 -9 -33.6533
      vertex -88.7814 -27 -33.5684
      vertex -88.7814 -9 -33.5684
    endloop
  endfacet
  facet normal -0.216256 0 0.976337
    outer loop
      vertex -88.7814 -27 -33.5684
      vertex -89.1647 -9 -33.6533
      vertex -89.1647 -27 -33.6533
    endloop
  endfacet
  facet normal 0.130679 0 -0.991425
    outer loop
      vertex -87.6078 -27 -42.4829
      vertex -87.2186 -9 -42.4316
      vertex -87.2186 -27 -42.4316
    endloop
  endfacet
  facet normal 0.130679 0 -0.991425
    outer loop
      vertex -87.2186 -9 -42.4316
      vertex -87.6078 -27 -42.4829
      vertex -87.6078 -9 -42.4829
    endloop
  endfacet
  facet normal 0.382607 0 -0.923911
    outer loop
      vertex -86.4609 -27 -42.2286
      vertex -86.0982 -9 -42.0784
      vertex -86.0982 -27 -42.0784
    endloop
  endfacet
  facet normal 0.382607 0 -0.923911
    outer loop
      vertex -86.0982 -9 -42.0784
      vertex -86.4609 -27 -42.2286
      vertex -86.4609 -9 -42.2286
    endloop
  endfacet
  facet normal 0.737376 0 -0.675482
    outer loop
      vertex -84.5528 -27 -40.8925
      vertex -84.818 -9 -41.182
      vertex -84.5528 -9 -40.8925
    endloop
  endfacet
  facet normal 0.737376 0 -0.675482
    outer loop
      vertex -84.818 -9 -41.182
      vertex -84.5528 -27 -40.8925
      vertex -84.818 -27 -41.182
    endloop
  endfacet
  facet normal 0.923911 0 -0.382607
    outer loop
      vertex -83.7714 -27 -39.5391
      vertex -83.9216 -9 -39.9018
      vertex -83.7714 -9 -39.5391
    endloop
  endfacet
  facet normal 0.923911 0 -0.382607
    outer loop
      vertex -83.9216 -9 -39.9018
      vertex -83.7714 -27 -39.5391
      vertex -83.9216 -27 -39.9018
    endloop
  endfacet
  facet normal 0.976337 0 -0.216256
    outer loop
      vertex -83.5684 -27 -38.7814
      vertex -83.6533 -9 -39.1647
      vertex -83.5684 -9 -38.7814
    endloop
  endfacet
  facet normal 0.976337 0 -0.216256
    outer loop
      vertex -83.6533 -9 -39.1647
      vertex -83.5684 -27 -38.7814
      vertex -83.6533 -27 -39.1647
    endloop
  endfacet
  facet normal 0.999051 0 -0.0435588
    outer loop
      vertex -83.5 -27 -38
      vertex -83.5171 -9 -38.3922
      vertex -83.5 -9 -38
    endloop
  endfacet
  facet normal 0.999051 0 -0.0435588
    outer loop
      vertex -83.5171 -9 -38.3922
      vertex -83.5 -27 -38
      vertex -83.5171 -27 -38.3922
    endloop
  endfacet
  facet normal -0.461826 0 -0.886971
    outer loop
      vertex -90.25 -27 -41.8971
      vertex -89.9018 -9 -42.0784
      vertex -89.9018 -27 -42.0784
    endloop
  endfacet
  facet normal -0.461826 0 -0.886971
    outer loop
      vertex -89.9018 -9 -42.0784
      vertex -90.25 -27 -41.8971
      vertex -90.25 -9 -41.8971
    endloop
  endfacet
  facet normal -0.216256 0 -0.976337
    outer loop
      vertex -89.1647 -27 -42.3467
      vertex -88.7814 -9 -42.4316
      vertex -88.7814 -27 -42.4316
    endloop
  endfacet
  facet normal -0.216256 0 -0.976337
    outer loop
      vertex -88.7814 -9 -42.4316
      vertex -89.1647 -27 -42.3467
      vertex -89.1647 -9 -42.3467
    endloop
  endfacet
  facet normal -0.0435588 0 -0.999051
    outer loop
      vertex -88.3922 -27 -42.4829
      vertex -88 -9 -42.5
      vertex -88 -27 -42.5
    endloop
  endfacet
  facet normal -0.0435588 0 -0.999051
    outer loop
      vertex -88 -9 -42.5
      vertex -88.3922 -27 -42.4829
      vertex -88.3922 -9 -42.4829
    endloop
  endfacet
  facet normal -0.843431 0 -0.537238
    outer loop
      vertex -91.6862 -27 -40.5811
      vertex -91.8971 -9 -40.25
      vertex -91.6862 -9 -40.5811
    endloop
  endfacet
  facet normal -0.843431 -0 -0.537238
    outer loop
      vertex -91.8971 -9 -40.25
      vertex -91.6862 -27 -40.5811
      vertex -91.8971 -27 -40.25
    endloop
  endfacet
  facet normal -0.953679 0 -0.300827
    outer loop
      vertex -92.2286 -27 -39.5391
      vertex -92.3467 -9 -39.1647
      vertex -92.2286 -9 -39.5391
    endloop
  endfacet
  facet normal -0.953679 -0 -0.300827
    outer loop
      vertex -92.3467 -9 -39.1647
      vertex -92.2286 -27 -39.5391
      vertex -92.3467 -27 -39.1647
    endloop
  endfacet
  facet normal -0.991425 0 -0.130679
    outer loop
      vertex -92.4316 -27 -38.7814
      vertex -92.4829 -9 -38.3922
      vertex -92.4316 -9 -38.7814
    endloop
  endfacet
  facet normal -0.991425 -0 -0.130679
    outer loop
      vertex -92.4829 -9 -38.3922
      vertex -92.4316 -27 -38.7814
      vertex -92.4829 -27 -38.3922
    endloop
  endfacet
  facet normal -0.382607 0 0.923911
    outer loop
      vertex -89.9018 -9 -33.9216
      vertex -89.5391 -27 -33.7714
      vertex -89.5391 -9 -33.7714
    endloop
  endfacet
  facet normal -0.382607 0 0.923911
    outer loop
      vertex -89.5391 -27 -33.7714
      vertex -89.9018 -9 -33.9216
      vertex -89.9018 -27 -33.9216
    endloop
  endfacet
  facet normal 0.216256 0 -0.976337
    outer loop
      vertex -87.2186 -27 -42.4316
      vertex -86.8353 -9 -42.3467
      vertex -86.8353 -27 -42.3467
    endloop
  endfacet
  facet normal 0.216256 0 -0.976337
    outer loop
      vertex -86.8353 -9 -42.3467
      vertex -87.2186 -27 -42.4316
      vertex -87.2186 -9 -42.4316
    endloop
  endfacet
  facet normal -0.382607 0 -0.923911
    outer loop
      vertex -89.9018 -27 -42.0784
      vertex -89.5391 -9 -42.2286
      vertex -89.5391 -27 -42.2286
    endloop
  endfacet
  facet normal -0.382607 0 -0.923911
    outer loop
      vertex -89.5391 -9 -42.2286
      vertex -89.9018 -27 -42.0784
      vertex -89.9018 -9 -42.0784
    endloop
  endfacet
  facet normal -0.886971 0 -0.461826
    outer loop
      vertex -91.8971 -27 -40.25
      vertex -92.0784 -9 -39.9018
      vertex -91.8971 -9 -40.25
    endloop
  endfacet
  facet normal -0.886971 -0 -0.461826
    outer loop
      vertex -92.0784 -9 -39.9018
      vertex -91.8971 -27 -40.25
      vertex -92.0784 -27 -39.9018
    endloop
  endfacet
  facet normal 0.991425 0 -0.130679
    outer loop
      vertex -83.5171 -27 -38.3922
      vertex -83.5684 -9 -38.7814
      vertex -83.5171 -9 -38.3922
    endloop
  endfacet
  facet normal 0.991425 0 -0.130679
    outer loop
      vertex -83.5684 -9 -38.7814
      vertex -83.5171 -27 -38.3922
      vertex -83.5684 -27 -38.7814
    endloop
  endfacet
  facet normal -0.886756 0 -0.462237
    outer loop
      vertex -86.5952 -27 -37.3449
      vertex -86.6577 -9 -37.225
      vertex -86.5952 -9 -37.3449
    endloop
  endfacet
  facet normal -0.886756 -0 -0.462237
    outer loop
      vertex -86.6577 -9 -37.225
      vertex -86.5952 -27 -37.3449
      vertex -86.6577 -27 -37.225
    endloop
  endfacet
  facet normal -0.301096 0 -0.953594
    outer loop
      vertex -87.5988 -27 -36.5028
      vertex -87.4699 -9 -36.5435
      vertex -87.4699 -27 -36.5435
    endloop
  endfacet
  facet normal -0.301096 0 -0.953594
    outer loop
      vertex -87.4699 -9 -36.5435
      vertex -87.5988 -27 -36.5028
      vertex -87.5988 -9 -36.5028
    endloop
  endfacet
  facet normal 0.382199 0 -0.92408
    outer loop
      vertex -88.6551 -27 -36.5952
      vertex -88.5301 -9 -36.5435
      vertex -88.5301 -27 -36.5435
    endloop
  endfacet
  facet normal 0.382199 0 -0.92408
    outer loop
      vertex -88.5301 -9 -36.5435
      vertex -88.6551 -27 -36.5952
      vertex -88.6551 -9 -36.5952
    endloop
  endfacet
  facet normal 0.92408 0 -0.382199
    outer loop
      vertex -89.4048 -27 -37.3449
      vertex -89.4565 -9 -37.4699
      vertex -89.4048 -9 -37.3449
    endloop
  endfacet
  facet normal 0.92408 0 -0.382199
    outer loop
      vertex -89.4565 -9 -37.4699
      vertex -89.4048 -27 -37.3449
      vertex -89.4565 -27 -37.4699
    endloop
  endfacet
  facet normal -0.999048 0 0.0436298
    outer loop
      vertex -86.4559 -27 -38.1351
      vertex -86.45 -9 -38
      vertex -86.4559 -9 -38.1351
    endloop
  endfacet
  facet normal -0.999048 0 0.0436298
    outer loop
      vertex -86.45 -9 -38
      vertex -86.4559 -27 -38.1351
      vertex -86.45 -27 -38
    endloop
  endfacet
  facet normal -0.0436298 0 -0.999048
    outer loop
      vertex -88 -27 -36.45
      vertex -87.8649 -9 -36.4559
      vertex -87.8649 -27 -36.4559
    endloop
  endfacet
  facet normal -0.0436298 0 -0.999048
    outer loop
      vertex -87.8649 -9 -36.4559
      vertex -88 -27 -36.45
      vertex -88 -9 -36.45
    endloop
  endfacet
  facet normal -0.462237 0 -0.886756
    outer loop
      vertex -87.3449 -27 -36.5952
      vertex -87.225 -9 -36.6577
      vertex -87.225 -27 -36.6577
    endloop
  endfacet
  facet normal -0.462237 0 -0.886756
    outer loop
      vertex -87.225 -9 -36.6577
      vertex -87.3449 -27 -36.5952
      vertex -87.3449 -9 -36.5952
    endloop
  endfacet
  facet normal 0.991497 0 -0.130129
    outer loop
      vertex -89.5265 -27 -37.7308
      vertex -89.5441 -9 -37.8649
      vertex -89.5265 -9 -37.7308
    endloop
  endfacet
  facet normal 0.991497 0 -0.130129
    outer loop
      vertex -89.5441 -9 -37.8649
      vertex -89.5265 -27 -37.7308
      vertex -89.5441 -27 -37.8649
    endloop
  endfacet
  facet normal 0.793475 0 -0.608602
    outer loop
      vertex -89.1874 -27 -37.0037
      vertex -89.2697 -9 -37.111
      vertex -89.1874 -9 -37.0037
    endloop
  endfacet
  facet normal 0.793475 0 -0.608602
    outer loop
      vertex -89.2697 -9 -37.111
      vertex -89.1874 -27 -37.0037
      vertex -89.2697 -27 -37.111
    endloop
  endfacet
  facet normal 0.216696 0 -0.976239
    outer loop
      vertex -88.4012 -27 -36.5028
      vertex -88.2692 -9 -36.4735
      vertex -88.2692 -27 -36.4735
    endloop
  endfacet
  facet normal 0.216696 0 -0.976239
    outer loop
      vertex -88.2692 -9 -36.4735
      vertex -88.4012 -27 -36.5028
      vertex -88.4012 -9 -36.5028
    endloop
  endfacet
  facet normal -0.793475 0 -0.608602
    outer loop
      vertex -86.7303 -27 -37.111
      vertex -86.8126 -9 -37.0037
      vertex -86.7303 -9 -37.111
    endloop
  endfacet
  facet normal -0.793475 -0 -0.608602
    outer loop
      vertex -86.8126 -9 -37.0037
      vertex -86.7303 -27 -37.111
      vertex -86.8126 -27 -37.0037
    endloop
  endfacet
  facet normal -0.675758 0 -0.737123
    outer loop
      vertex -87.0037 -27 -36.8126
      vertex -86.904 -9 -36.904
      vertex -86.904 -27 -36.904
    endloop
  endfacet
  facet normal -0.675758 0 -0.737123
    outer loop
      vertex -86.904 -9 -36.904
      vertex -87.0037 -27 -36.8126
      vertex -87.0037 -9 -36.8126
    endloop
  endfacet
  facet normal -0.737123 0 -0.675758
    outer loop
      vertex -86.8126 -27 -37.0037
      vertex -86.904 -9 -36.904
      vertex -86.8126 -9 -37.0037
    endloop
  endfacet
  facet normal -0.737123 -0 -0.675758
    outer loop
      vertex -86.904 -9 -36.904
      vertex -86.8126 -27 -37.0037
      vertex -86.904 -27 -36.904
    endloop
  endfacet
  facet normal 0.0436298 0 -0.999048
    outer loop
      vertex -88.1351 -27 -36.4559
      vertex -88 -9 -36.45
      vertex -88 -27 -36.45
    endloop
  endfacet
  facet normal 0.0436298 0 -0.999048
    outer loop
      vertex -88 -9 -36.45
      vertex -88.1351 -27 -36.4559
      vertex -88.1351 -9 -36.4559
    endloop
  endfacet
  facet normal -0.216696 0 -0.976239
    outer loop
      vertex -87.7308 -27 -36.4735
      vertex -87.5988 -9 -36.5028
      vertex -87.5988 -27 -36.5028
    endloop
  endfacet
  facet normal -0.216696 0 -0.976239
    outer loop
      vertex -87.5988 -9 -36.5028
      vertex -87.7308 -27 -36.4735
      vertex -87.7308 -9 -36.4735
    endloop
  endfacet
  facet normal -0.130129 0 -0.991497
    outer loop
      vertex -87.8649 -27 -36.4559
      vertex -87.7308 -9 -36.4735
      vertex -87.7308 -27 -36.4735
    endloop
  endfacet
  facet normal -0.130129 0 -0.991497
    outer loop
      vertex -87.7308 -9 -36.4735
      vertex -87.8649 -27 -36.4559
      vertex -87.8649 -9 -36.4559
    endloop
  endfacet
  facet normal -0.537163 0 -0.843479
    outer loop
      vertex -87.225 -27 -36.6577
      vertex -87.111 -9 -36.7303
      vertex -87.111 -27 -36.7303
    endloop
  endfacet
  facet normal -0.537163 0 -0.843479
    outer loop
      vertex -87.111 -9 -36.7303
      vertex -87.225 -27 -36.6577
      vertex -87.225 -9 -36.6577
    endloop
  endfacet
  facet normal -0.382199 0 -0.92408
    outer loop
      vertex -87.4699 -27 -36.5435
      vertex -87.3449 -9 -36.5952
      vertex -87.3449 -27 -36.5952
    endloop
  endfacet
  facet normal -0.382199 0 -0.92408
    outer loop
      vertex -87.3449 -9 -36.5952
      vertex -87.4699 -27 -36.5435
      vertex -87.4699 -9 -36.5435
    endloop
  endfacet
  facet normal 0.999048 0 -0.0436298
    outer loop
      vertex -89.5441 -27 -37.8649
      vertex -89.55 -9 -38
      vertex -89.5441 -9 -37.8649
    endloop
  endfacet
  facet normal 0.999048 0 -0.0436298
    outer loop
      vertex -89.55 -9 -38
      vertex -89.5441 -27 -37.8649
      vertex -89.55 -27 -38
    endloop
  endfacet
  facet normal 0.953594 0 -0.301096
    outer loop
      vertex -89.4565 -27 -37.4699
      vertex -89.4972 -9 -37.5988
      vertex -89.4565 -9 -37.4699
    endloop
  endfacet
  facet normal 0.953594 0 -0.301096
    outer loop
      vertex -89.4972 -9 -37.5988
      vertex -89.4565 -27 -37.4699
      vertex -89.4972 -27 -37.5988
    endloop
  endfacet
  facet normal 0.976239 0 -0.216696
    outer loop
      vertex -89.4972 -27 -37.5988
      vertex -89.5265 -9 -37.7308
      vertex -89.4972 -9 -37.5988
    endloop
  endfacet
  facet normal 0.976239 0 -0.216696
    outer loop
      vertex -89.5265 -9 -37.7308
      vertex -89.4972 -27 -37.5988
      vertex -89.5265 -27 -37.7308
    endloop
  endfacet
  facet normal 0.886756 0 -0.462237
    outer loop
      vertex -89.3423 -27 -37.225
      vertex -89.4048 -9 -37.3449
      vertex -89.3423 -9 -37.225
    endloop
  endfacet
  facet normal 0.886756 0 -0.462237
    outer loop
      vertex -89.4048 -9 -37.3449
      vertex -89.3423 -27 -37.225
      vertex -89.4048 -27 -37.3449
    endloop
  endfacet
  facet normal 0.843479 0 -0.537163
    outer loop
      vertex -89.2697 -27 -37.111
      vertex -89.3423 -9 -37.225
      vertex -89.2697 -9 -37.111
    endloop
  endfacet
  facet normal 0.843479 0 -0.537163
    outer loop
      vertex -89.3423 -9 -37.225
      vertex -89.2697 -27 -37.111
      vertex -89.3423 -27 -37.225
    endloop
  endfacet
  facet normal 0.301096 0 -0.953594
    outer loop
      vertex -88.5301 -27 -36.5435
      vertex -88.4012 -9 -36.5028
      vertex -88.4012 -27 -36.5028
    endloop
  endfacet
  facet normal 0.301096 0 -0.953594
    outer loop
      vertex -88.4012 -9 -36.5028
      vertex -88.5301 -27 -36.5435
      vertex -88.5301 -9 -36.5435
    endloop
  endfacet
  facet normal 0.130129 0 -0.991497
    outer loop
      vertex -88.2692 -27 -36.4735
      vertex -88.1351 -9 -36.4559
      vertex -88.1351 -27 -36.4559
    endloop
  endfacet
  facet normal 0.130129 0 -0.991497
    outer loop
      vertex -88.1351 -9 -36.4559
      vertex -88.2692 -27 -36.4735
      vertex -88.2692 -9 -36.4735
    endloop
  endfacet
  facet normal 0.608602 0 -0.793475
    outer loop
      vertex -88.9963 -27 -36.8126
      vertex -88.889 -9 -36.7303
      vertex -88.889 -27 -36.7303
    endloop
  endfacet
  facet normal 0.608602 0 -0.793475
    outer loop
      vertex -88.889 -9 -36.7303
      vertex -88.9963 -27 -36.8126
      vertex -88.9963 -9 -36.8126
    endloop
  endfacet
  facet normal 0.675758 0 -0.737123
    outer loop
      vertex -89.096 -27 -36.904
      vertex -88.9963 -9 -36.8126
      vertex -88.9963 -27 -36.8126
    endloop
  endfacet
  facet normal 0.675758 0 -0.737123
    outer loop
      vertex -88.9963 -9 -36.8126
      vertex -89.096 -27 -36.904
      vertex -89.096 -9 -36.904
    endloop
  endfacet
  facet normal 0.462237 0 -0.886756
    outer loop
      vertex -88.775 -27 -36.6577
      vertex -88.6551 -9 -36.5952
      vertex -88.6551 -27 -36.5952
    endloop
  endfacet
  facet normal 0.462237 0 -0.886756
    outer loop
      vertex -88.6551 -9 -36.5952
      vertex -88.775 -27 -36.6577
      vertex -88.775 -9 -36.6577
    endloop
  endfacet
  facet normal 0.737123 0 -0.675758
    outer loop
      vertex -89.096 -27 -36.904
      vertex -89.1874 -9 -37.0037
      vertex -89.096 -9 -36.904
    endloop
  endfacet
  facet normal 0.737123 0 -0.675758
    outer loop
      vertex -89.1874 -9 -37.0037
      vertex -89.096 -27 -36.904
      vertex -89.1874 -27 -37.0037
    endloop
  endfacet
  facet normal -0.999048 0 -0.0436298
    outer loop
      vertex -86.45 -27 -38
      vertex -86.4559 -9 -37.8649
      vertex -86.45 -9 -38
    endloop
  endfacet
  facet normal -0.999048 -0 -0.0436298
    outer loop
      vertex -86.4559 -9 -37.8649
      vertex -86.45 -27 -38
      vertex -86.4559 -27 -37.8649
    endloop
  endfacet
  facet normal -0.976239 0 0.216696
    outer loop
      vertex -86.5028 -27 -38.4012
      vertex -86.4735 -9 -38.2692
      vertex -86.5028 -9 -38.4012
    endloop
  endfacet
  facet normal -0.976239 0 0.216696
    outer loop
      vertex -86.4735 -9 -38.2692
      vertex -86.5028 -27 -38.4012
      vertex -86.4735 -27 -38.2692
    endloop
  endfacet
  facet normal -0.793475 0 0.608602
    outer loop
      vertex -86.8126 -27 -38.9963
      vertex -86.7303 -9 -38.889
      vertex -86.8126 -9 -38.9963
    endloop
  endfacet
  facet normal -0.793475 0 0.608602
    outer loop
      vertex -86.7303 -9 -38.889
      vertex -86.8126 -27 -38.9963
      vertex -86.7303 -27 -38.889
    endloop
  endfacet
  facet normal -0.0436298 0 0.999048
    outer loop
      vertex -88 -9 -39.55
      vertex -87.8649 -27 -39.5441
      vertex -87.8649 -9 -39.5441
    endloop
  endfacet
  facet normal -0.0436298 0 0.999048
    outer loop
      vertex -87.8649 -27 -39.5441
      vertex -88 -9 -39.55
      vertex -88 -27 -39.55
    endloop
  endfacet
  facet normal 0.953594 -0 0.301096
    outer loop
      vertex -89.4972 -27 -38.4012
      vertex -89.4565 -9 -38.5301
      vertex -89.4972 -9 -38.4012
    endloop
  endfacet
  facet normal 0.953594 0 0.301096
    outer loop
      vertex -89.4565 -9 -38.5301
      vertex -89.4972 -27 -38.4012
      vertex -89.4565 -27 -38.5301
    endloop
  endfacet
  facet normal 0.886756 -0 0.462237
    outer loop
      vertex -89.4048 -27 -38.6551
      vertex -89.3423 -9 -38.775
      vertex -89.4048 -9 -38.6551
    endloop
  endfacet
  facet normal 0.886756 0 0.462237
    outer loop
      vertex -89.3423 -9 -38.775
      vertex -89.4048 -27 -38.6551
      vertex -89.3423 -27 -38.775
    endloop
  endfacet
  facet normal -0.92408 0 -0.382199
    outer loop
      vertex -86.5435 -27 -37.4699
      vertex -86.5952 -9 -37.3449
      vertex -86.5435 -9 -37.4699
    endloop
  endfacet
  facet normal -0.92408 -0 -0.382199
    outer loop
      vertex -86.5952 -9 -37.3449
      vertex -86.5435 -27 -37.4699
      vertex -86.5952 -27 -37.3449
    endloop
  endfacet
  facet normal -0.953594 0 -0.301096
    outer loop
      vertex -86.5028 -27 -37.5988
      vertex -86.5435 -9 -37.4699
      vertex -86.5028 -9 -37.5988
    endloop
  endfacet
  facet normal -0.953594 -0 -0.301096
    outer loop
      vertex -86.5435 -9 -37.4699
      vertex -86.5028 -27 -37.5988
      vertex -86.5435 -27 -37.4699
    endloop
  endfacet
  facet normal -0.976239 0 -0.216696
    outer loop
      vertex -86.4735 -27 -37.7308
      vertex -86.5028 -9 -37.5988
      vertex -86.4735 -9 -37.7308
    endloop
  endfacet
  facet normal -0.976239 -0 -0.216696
    outer loop
      vertex -86.5028 -9 -37.5988
      vertex -86.4735 -27 -37.7308
      vertex -86.5028 -27 -37.5988
    endloop
  endfacet
  facet normal -0.843479 0 -0.537163
    outer loop
      vertex -86.6577 -27 -37.225
      vertex -86.7303 -9 -37.111
      vertex -86.6577 -9 -37.225
    endloop
  endfacet
  facet normal -0.843479 -0 -0.537163
    outer loop
      vertex -86.7303 -9 -37.111
      vertex -86.6577 -27 -37.225
      vertex -86.7303 -27 -37.111
    endloop
  endfacet
  facet normal -0.608602 0 -0.793475
    outer loop
      vertex -87.111 -27 -36.7303
      vertex -87.0037 -9 -36.8126
      vertex -87.0037 -27 -36.8126
    endloop
  endfacet
  facet normal -0.608602 0 -0.793475
    outer loop
      vertex -87.0037 -9 -36.8126
      vertex -87.111 -27 -36.7303
      vertex -87.111 -9 -36.7303
    endloop
  endfacet
  facet normal 0.537163 0 -0.843479
    outer loop
      vertex -88.889 -27 -36.7303
      vertex -88.775 -9 -36.6577
      vertex -88.775 -27 -36.6577
    endloop
  endfacet
  facet normal 0.537163 0 -0.843479
    outer loop
      vertex -88.775 -9 -36.6577
      vertex -88.889 -27 -36.7303
      vertex -88.889 -9 -36.7303
    endloop
  endfacet
  facet normal -0.991497 0 0.130129
    outer loop
      vertex -86.4735 -27 -38.2692
      vertex -86.4559 -9 -38.1351
      vertex -86.4735 -9 -38.2692
    endloop
  endfacet
  facet normal -0.991497 0 0.130129
    outer loop
      vertex -86.4559 -9 -38.1351
      vertex -86.4735 -27 -38.2692
      vertex -86.4559 -27 -38.1351
    endloop
  endfacet
  facet normal -0.737123 0 0.675758
    outer loop
      vertex -86.904 -27 -39.096
      vertex -86.8126 -9 -38.9963
      vertex -86.904 -9 -39.096
    endloop
  endfacet
  facet normal -0.737123 0 0.675758
    outer loop
      vertex -86.8126 -9 -38.9963
      vertex -86.904 -27 -39.096
      vertex -86.8126 -27 -38.9963
    endloop
  endfacet
  facet normal -0.92408 0 0.382199
    outer loop
      vertex -86.5952 -27 -38.6551
      vertex -86.5435 -9 -38.5301
      vertex -86.5952 -9 -38.6551
    endloop
  endfacet
  facet normal -0.92408 0 0.382199
    outer loop
      vertex -86.5435 -9 -38.5301
      vertex -86.5952 -27 -38.6551
      vertex -86.5435 -27 -38.5301
    endloop
  endfacet
  facet normal 0.976239 -0 0.216696
    outer loop
      vertex -89.5265 -27 -38.2692
      vertex -89.4972 -9 -38.4012
      vertex -89.5265 -9 -38.2692
    endloop
  endfacet
  facet normal 0.976239 0 0.216696
    outer loop
      vertex -89.4972 -9 -38.4012
      vertex -89.5265 -27 -38.2692
      vertex -89.4972 -27 -38.4012
    endloop
  endfacet
  facet normal -0.382199 0 0.92408
    outer loop
      vertex -87.4699 -9 -39.4565
      vertex -87.3449 -27 -39.4048
      vertex -87.3449 -9 -39.4048
    endloop
  endfacet
  facet normal -0.382199 0 0.92408
    outer loop
      vertex -87.3449 -27 -39.4048
      vertex -87.4699 -9 -39.4565
      vertex -87.4699 -27 -39.4565
    endloop
  endfacet
  facet normal -0.301096 0 0.953594
    outer loop
      vertex -87.5988 -9 -39.4972
      vertex -87.4699 -27 -39.4565
      vertex -87.4699 -9 -39.4565
    endloop
  endfacet
  facet normal -0.301096 0 0.953594
    outer loop
      vertex -87.4699 -27 -39.4565
      vertex -87.5988 -9 -39.4972
      vertex -87.5988 -27 -39.4972
    endloop
  endfacet
  facet normal -0.991497 0 -0.130129
    outer loop
      vertex -86.4559 -27 -37.8649
      vertex -86.4735 -9 -37.7308
      vertex -86.4559 -9 -37.8649
    endloop
  endfacet
  facet normal -0.991497 -0 -0.130129
    outer loop
      vertex -86.4735 -9 -37.7308
      vertex -86.4559 -27 -37.8649
      vertex -86.4735 -27 -37.7308
    endloop
  endfacet
  facet normal -0.608602 0 0.793475
    outer loop
      vertex -87.111 -9 -39.2697
      vertex -87.0037 -27 -39.1874
      vertex -87.0037 -9 -39.1874
    endloop
  endfacet
  facet normal -0.608602 0 0.793475
    outer loop
      vertex -87.0037 -27 -39.1874
      vertex -87.111 -9 -39.2697
      vertex -87.111 -27 -39.2697
    endloop
  endfacet
  facet normal -0.886756 0 0.462237
    outer loop
      vertex -86.6577 -27 -38.775
      vertex -86.5952 -9 -38.6551
      vertex -86.6577 -9 -38.775
    endloop
  endfacet
  facet normal -0.886756 0 0.462237
    outer loop
      vertex -86.5952 -9 -38.6551
      vertex -86.6577 -27 -38.775
      vertex -86.5952 -27 -38.6551
    endloop
  endfacet
  facet normal -0.953594 0 0.301096
    outer loop
      vertex -86.5435 -27 -38.5301
      vertex -86.5028 -9 -38.4012
      vertex -86.5435 -9 -38.5301
    endloop
  endfacet
  facet normal -0.953594 0 0.301096
    outer loop
      vertex -86.5028 -9 -38.4012
      vertex -86.5435 -27 -38.5301
      vertex -86.5028 -27 -38.4012
    endloop
  endfacet
  facet normal 0.382199 0 0.92408
    outer loop
      vertex -88.6551 -9 -39.4048
      vertex -88.5301 -27 -39.4565
      vertex -88.5301 -9 -39.4565
    endloop
  endfacet
  facet normal 0.382199 0 0.92408
    outer loop
      vertex -88.5301 -27 -39.4565
      vertex -88.6551 -9 -39.4048
      vertex -88.6551 -27 -39.4048
    endloop
  endfacet
  facet normal 0.462237 0 0.886756
    outer loop
      vertex -88.775 -9 -39.3423
      vertex -88.6551 -27 -39.4048
      vertex -88.6551 -9 -39.4048
    endloop
  endfacet
  facet normal 0.462237 0 0.886756
    outer loop
      vertex -88.6551 -27 -39.4048
      vertex -88.775 -9 -39.3423
      vertex -88.775 -27 -39.3423
    endloop
  endfacet
  facet normal 0.0436298 0 0.999048
    outer loop
      vertex -88.1351 -9 -39.5441
      vertex -88 -27 -39.55
      vertex -88 -9 -39.55
    endloop
  endfacet
  facet normal 0.0436298 0 0.999048
    outer loop
      vertex -88 -27 -39.55
      vertex -88.1351 -9 -39.5441
      vertex -88.1351 -27 -39.5441
    endloop
  endfacet
  facet normal 0.793475 -0 0.608602
    outer loop
      vertex -89.2697 -27 -38.889
      vertex -89.1874 -9 -38.9963
      vertex -89.2697 -9 -38.889
    endloop
  endfacet
  facet normal 0.793475 0 0.608602
    outer loop
      vertex -89.1874 -9 -38.9963
      vertex -89.2697 -27 -38.889
      vertex -89.1874 -27 -38.9963
    endloop
  endfacet
  facet normal 0.92408 -0 0.382199
    outer loop
      vertex -89.4565 -27 -38.5301
      vertex -89.4048 -9 -38.6551
      vertex -89.4565 -9 -38.5301
    endloop
  endfacet
  facet normal 0.92408 0 0.382199
    outer loop
      vertex -89.4048 -9 -38.6551
      vertex -89.4565 -27 -38.5301
      vertex -89.4048 -27 -38.6551
    endloop
  endfacet
  facet normal 0.991497 -0 0.130129
    outer loop
      vertex -89.5441 -27 -38.1351
      vertex -89.5265 -9 -38.2692
      vertex -89.5441 -9 -38.1351
    endloop
  endfacet
  facet normal 0.991497 0 0.130129
    outer loop
      vertex -89.5265 -9 -38.2692
      vertex -89.5441 -27 -38.1351
      vertex -89.5265 -27 -38.2692
    endloop
  endfacet
  facet normal 0.999048 -0 0.0436298
    outer loop
      vertex -89.55 -27 -38
      vertex -89.5441 -9 -38.1351
      vertex -89.55 -9 -38
    endloop
  endfacet
  facet normal 0.999048 0 0.0436298
    outer loop
      vertex -89.5441 -9 -38.1351
      vertex -89.55 -27 -38
      vertex -89.5441 -27 -38.1351
    endloop
  endfacet
  facet normal -0.216696 0 0.976239
    outer loop
      vertex -87.7308 -9 -39.5265
      vertex -87.5988 -27 -39.4972
      vertex -87.5988 -9 -39.4972
    endloop
  endfacet
  facet normal -0.216696 0 0.976239
    outer loop
      vertex -87.5988 -27 -39.4972
      vertex -87.7308 -9 -39.5265
      vertex -87.7308 -27 -39.5265
    endloop
  endfacet
  facet normal -0.130129 0 0.991497
    outer loop
      vertex -87.8649 -9 -39.5441
      vertex -87.7308 -27 -39.5265
      vertex -87.7308 -9 -39.5265
    endloop
  endfacet
  facet normal -0.130129 0 0.991497
    outer loop
      vertex -87.7308 -27 -39.5265
      vertex -87.8649 -9 -39.5441
      vertex -87.8649 -27 -39.5441
    endloop
  endfacet
  facet normal -0.675758 0 0.737123
    outer loop
      vertex -87.0037 -9 -39.1874
      vertex -86.904 -27 -39.096
      vertex -86.904 -9 -39.096
    endloop
  endfacet
  facet normal -0.675758 0 0.737123
    outer loop
      vertex -86.904 -27 -39.096
      vertex -87.0037 -9 -39.1874
      vertex -87.0037 -27 -39.1874
    endloop
  endfacet
  facet normal -0.843479 0 0.537163
    outer loop
      vertex -86.7303 -27 -38.889
      vertex -86.6577 -9 -38.775
      vertex -86.7303 -9 -38.889
    endloop
  endfacet
  facet normal -0.843479 0 0.537163
    outer loop
      vertex -86.6577 -9 -38.775
      vertex -86.7303 -27 -38.889
      vertex -86.6577 -27 -38.775
    endloop
  endfacet
  facet normal 0.216696 0 0.976239
    outer loop
      vertex -88.4012 -9 -39.4972
      vertex -88.2692 -27 -39.5265
      vertex -88.2692 -9 -39.5265
    endloop
  endfacet
  facet normal 0.216696 0 0.976239
    outer loop
      vertex -88.2692 -27 -39.5265
      vertex -88.4012 -9 -39.4972
      vertex -88.4012 -27 -39.4972
    endloop
  endfacet
  facet normal 0.843479 -0 0.537163
    outer loop
      vertex -89.3423 -27 -38.775
      vertex -89.2697 -9 -38.889
      vertex -89.3423 -9 -38.775
    endloop
  endfacet
  facet normal 0.843479 0 0.537163
    outer loop
      vertex -89.2697 -9 -38.889
      vertex -89.3423 -27 -38.775
      vertex -89.2697 -27 -38.889
    endloop
  endfacet
  facet normal 0.737123 -0 0.675758
    outer loop
      vertex -89.1874 -27 -38.9963
      vertex -89.096 -9 -39.096
      vertex -89.1874 -9 -38.9963
    endloop
  endfacet
  facet normal 0.737123 0 0.675758
    outer loop
      vertex -89.096 -9 -39.096
      vertex -89.1874 -27 -38.9963
      vertex -89.096 -27 -39.096
    endloop
  endfacet
  facet normal 0.675758 0 0.737123
    outer loop
      vertex -89.096 -9 -39.096
      vertex -88.9963 -27 -39.1874
      vertex -88.9963 -9 -39.1874
    endloop
  endfacet
  facet normal 0.675758 0 0.737123
    outer loop
      vertex -88.9963 -27 -39.1874
      vertex -89.096 -9 -39.096
      vertex -89.096 -27 -39.096
    endloop
  endfacet
  facet normal -0.537163 0 0.843479
    outer loop
      vertex -87.225 -9 -39.3423
      vertex -87.111 -27 -39.2697
      vertex -87.111 -9 -39.2697
    endloop
  endfacet
  facet normal -0.537163 0 0.843479
    outer loop
      vertex -87.111 -27 -39.2697
      vertex -87.225 -9 -39.3423
      vertex -87.225 -27 -39.3423
    endloop
  endfacet
  facet normal -0.462237 0 0.886756
    outer loop
      vertex -87.3449 -9 -39.4048
      vertex -87.225 -27 -39.3423
      vertex -87.225 -9 -39.3423
    endloop
  endfacet
  facet normal -0.462237 0 0.886756
    outer loop
      vertex -87.225 -27 -39.3423
      vertex -87.3449 -9 -39.4048
      vertex -87.3449 -27 -39.4048
    endloop
  endfacet
  facet normal 0.301096 0 0.953594
    outer loop
      vertex -88.5301 -9 -39.4565
      vertex -88.4012 -27 -39.4972
      vertex -88.4012 -9 -39.4972
    endloop
  endfacet
  facet normal 0.301096 0 0.953594
    outer loop
      vertex -88.4012 -27 -39.4972
      vertex -88.5301 -9 -39.4565
      vertex -88.5301 -27 -39.4565
    endloop
  endfacet
  facet normal 0.537163 0 0.843479
    outer loop
      vertex -88.889 -9 -39.2697
      vertex -88.775 -27 -39.3423
      vertex -88.775 -9 -39.3423
    endloop
  endfacet
  facet normal 0.537163 0 0.843479
    outer loop
      vertex -88.775 -27 -39.3423
      vertex -88.889 -9 -39.2697
      vertex -88.889 -27 -39.2697
    endloop
  endfacet
  facet normal 0.608602 0 0.793475
    outer loop
      vertex -88.9963 -9 -39.1874
      vertex -88.889 -27 -39.2697
      vertex -88.889 -9 -39.2697
    endloop
  endfacet
  facet normal 0.608602 0 0.793475
    outer loop
      vertex -88.889 -27 -39.2697
      vertex -88.9963 -9 -39.1874
      vertex -88.9963 -27 -39.1874
    endloop
  endfacet
  facet normal 0.130129 0 0.991497
    outer loop
      vertex -88.2692 -9 -39.5265
      vertex -88.1351 -27 -39.5441
      vertex -88.1351 -9 -39.5441
    endloop
  endfacet
  facet normal 0.130129 0 0.991497
    outer loop
      vertex -88.1351 -27 -39.5441
      vertex -88.2692 -9 -39.5265
      vertex -88.2692 -27 -39.5265
    endloop
  endfacet
  facet normal 0.999051 -0 0.0435588
    outer loop
      vertex -83.5171 -27 42.3922
      vertex -83.5 -9 42
      vertex -83.5171 -9 42.3922
    endloop
  endfacet
  facet normal 0.999051 0 0.0435588
    outer loop
      vertex -83.5 -9 42
      vertex -83.5171 -27 42.3922
      vertex -83.5 -27 42
    endloop
  endfacet
  facet normal -0.999051 0 0.0435588
    outer loop
      vertex -92.5 -27 42
      vertex -92.4829 -9 42.3922
      vertex -92.5 -9 42
    endloop
  endfacet
  facet normal -0.999051 0 0.0435588
    outer loop
      vertex -92.4829 -9 42.3922
      vertex -92.5 -27 42
      vertex -92.4829 -27 42.3922
    endloop
  endfacet
  facet normal 0.0435588 0 0.999051
    outer loop
      vertex -88 -9 46.5
      vertex -87.6078 -27 46.4829
      vertex -87.6078 -9 46.4829
    endloop
  endfacet
  facet normal 0.0435588 0 0.999051
    outer loop
      vertex -87.6078 -27 46.4829
      vertex -88 -9 46.5
      vertex -88 -27 46.5
    endloop
  endfacet
  facet normal 0.675482 0 0.737376
    outer loop
      vertex -85.1075 -9 45.4472
      vertex -84.818 -27 45.182
      vertex -84.818 -9 45.182
    endloop
  endfacet
  facet normal 0.675482 0 0.737376
    outer loop
      vertex -84.818 -27 45.182
      vertex -85.1075 -9 45.4472
      vertex -85.1075 -27 45.4472
    endloop
  endfacet
  facet normal -0.675482 0 0.737376
    outer loop
      vertex -91.182 -9 45.182
      vertex -90.8925 -27 45.4472
      vertex -90.8925 -9 45.4472
    endloop
  endfacet
  facet normal -0.675482 0 0.737376
    outer loop
      vertex -90.8925 -27 45.4472
      vertex -91.182 -9 45.182
      vertex -91.182 -27 45.182
    endloop
  endfacet
  facet normal -0.300827 0 0.953679
    outer loop
      vertex -89.5391 -9 46.2286
      vertex -89.1647 -27 46.3467
      vertex -89.1647 -9 46.3467
    endloop
  endfacet
  facet normal -0.300827 0 0.953679
    outer loop
      vertex -89.1647 -27 46.3467
      vertex -89.5391 -9 46.2286
      vertex -89.5391 -27 46.2286
    endloop
  endfacet
  facet normal -0.976337 0 -0.216256
    outer loop
      vertex -92.3467 -27 40.8353
      vertex -92.4316 -9 41.2186
      vertex -92.3467 -9 40.8353
    endloop
  endfacet
  facet normal -0.976337 -0 -0.216256
    outer loop
      vertex -92.4316 -9 41.2186
      vertex -92.3467 -27 40.8353
      vertex -92.4316 -27 41.2186
    endloop
  endfacet
  facet normal 0.886971 -0 0.461826
    outer loop
      vertex -84.1029 -27 44.25
      vertex -83.9216 -9 43.9018
      vertex -84.1029 -9 44.25
    endloop
  endfacet
  facet normal 0.886971 0 0.461826
    outer loop
      vertex -83.9216 -9 43.9018
      vertex -84.1029 -27 44.25
      vertex -83.9216 -27 43.9018
    endloop
  endfacet
  facet normal 0.382607 0 0.923911
    outer loop
      vertex -86.4609 -9 46.2286
      vertex -86.0982 -27 46.0784
      vertex -86.0982 -9 46.0784
    endloop
  endfacet
  facet normal 0.382607 0 0.923911
    outer loop
      vertex -86.0982 -27 46.0784
      vertex -86.4609 -9 46.2286
      vertex -86.4609 -27 46.2286
    endloop
  endfacet
  facet normal -0.843431 0 0.537238
    outer loop
      vertex -91.8971 -27 44.25
      vertex -91.6862 -9 44.5811
      vertex -91.8971 -9 44.25
    endloop
  endfacet
  facet normal -0.843431 0 0.537238
    outer loop
      vertex -91.6862 -9 44.5811
      vertex -91.8971 -27 44.25
      vertex -91.6862 -27 44.5811
    endloop
  endfacet
  facet normal -0.793286 0 0.608849
    outer loop
      vertex -91.6862 -27 44.5811
      vertex -91.4472 -9 44.8925
      vertex -91.6862 -9 44.5811
    endloop
  endfacet
  facet normal -0.793286 0 0.608849
    outer loop
      vertex -91.4472 -9 44.8925
      vertex -91.6862 -27 44.5811
      vertex -91.4472 -27 44.8925
    endloop
  endfacet
  facet normal -0.130679 0 0.991425
    outer loop
      vertex -88.7814 -9 46.4316
      vertex -88.3922 -27 46.4829
      vertex -88.3922 -9 46.4829
    endloop
  endfacet
  facet normal -0.130679 0 0.991425
    outer loop
      vertex -88.3922 -27 46.4829
      vertex -88.7814 -9 46.4316
      vertex -88.7814 -27 46.4316
    endloop
  endfacet
  facet normal 0.886971 0 -0.461826
    outer loop
      vertex -83.9216 -27 40.0982
      vertex -84.1029 -9 39.75
      vertex -83.9216 -9 40.0982
    endloop
  endfacet
  facet normal 0.886971 0 -0.461826
    outer loop
      vertex -84.1029 -9 39.75
      vertex -83.9216 -27 40.0982
      vertex -84.1029 -27 39.75
    endloop
  endfacet
  facet normal 0.300827 0 -0.953679
    outer loop
      vertex -86.8353 -27 37.6533
      vertex -86.4609 -9 37.7714
      vertex -86.4609 -27 37.7714
    endloop
  endfacet
  facet normal 0.300827 0 -0.953679
    outer loop
      vertex -86.4609 -9 37.7714
      vertex -86.8353 -27 37.6533
      vertex -86.8353 -9 37.6533
    endloop
  endfacet
  facet normal 0.675482 0 -0.737376
    outer loop
      vertex -85.1075 -27 38.5528
      vertex -84.818 -9 38.818
      vertex -84.818 -27 38.818
    endloop
  endfacet
  facet normal 0.675482 0 -0.737376
    outer loop
      vertex -84.818 -9 38.818
      vertex -85.1075 -27 38.5528
      vertex -85.1075 -9 38.5528
    endloop
  endfacet
  facet normal 0.953679 0 -0.300827
    outer loop
      vertex -83.6533 -27 40.8353
      vertex -83.7714 -9 40.4609
      vertex -83.6533 -9 40.8353
    endloop
  endfacet
  facet normal 0.953679 0 -0.300827
    outer loop
      vertex -83.7714 -9 40.4609
      vertex -83.6533 -27 40.8353
      vertex -83.7714 -27 40.4609
    endloop
  endfacet
  facet normal -0.300827 0 -0.953679
    outer loop
      vertex -89.5391 -27 37.7714
      vertex -89.1647 -9 37.6533
      vertex -89.1647 -27 37.6533
    endloop
  endfacet
  facet normal -0.300827 0 -0.953679
    outer loop
      vertex -89.1647 -9 37.6533
      vertex -89.5391 -27 37.7714
      vertex -89.5391 -9 37.7714
    endloop
  endfacet
  facet normal -0.737376 0 -0.675482
    outer loop
      vertex -91.182 -27 38.818
      vertex -91.4472 -9 39.1075
      vertex -91.182 -9 38.818
    endloop
  endfacet
  facet normal -0.737376 -0 -0.675482
    outer loop
      vertex -91.4472 -9 39.1075
      vertex -91.182 -27 38.818
      vertex -91.4472 -27 39.1075
    endloop
  endfacet
  facet normal -0.793286 0 -0.608849
    outer loop
      vertex -91.4472 -27 39.1075
      vertex -91.6862 -9 39.4189
      vertex -91.4472 -9 39.1075
    endloop
  endfacet
  facet normal -0.793286 -0 -0.608849
    outer loop
      vertex -91.6862 -9 39.4189
      vertex -91.4472 -27 39.1075
      vertex -91.6862 -27 39.4189
    endloop
  endfacet
  facet normal 0 1 0
    outer loop
      vertex -88 -9 43.55
      vertex -88 -9 46.5
      vertex -87.6078 -9 46.4829
    endloop
  endfacet
  facet normal 0 1 0
    outer loop
      vertex -87.8649 -9 43.5441
      vertex -87.6078 -9 46.4829
      vertex -87.2186 -9 46.4316
    endloop
  endfacet
  facet normal 0 1 0
    outer loop
      vertex -88 -9 46.5
      vertex -88 -9 43.55
      vertex -88.3922 -9 46.4829
    endloop
  endfacet
  facet normal 0 1 0
    outer loop
      vertex -87.7308 -9 43.5265
      vertex -87.2186 -9 46.4316
      vertex -86.8353 -9 46.3467
    endloop
  endfacet
  facet normal 0 1 -0
    outer loop
      vertex -88.1351 -9 43.5441
      vertex -88.3922 -9 46.4829
      vertex -88 -9 43.55
    endloop
  endfacet
  facet normal 0 1 0
    outer loop
      vertex -87.5988 -9 43.4972
      vertex -86.8353 -9 46.3467
      vertex -86.4609 -9 46.2286
    endloop
  endfacet
  facet normal 0 1 0
    outer loop
      vertex -88.3922 -9 46.4829
      vertex -88.1351 -9 43.5441
      vertex -88.7814 -9 46.4316
    endloop
  endfacet
  facet normal 0 1 0
    outer loop
      vertex -87.4699 -9 43.4565
      vertex -86.4609 -9 46.2286
      vertex -86.0982 -9 46.0784
    endloop
  endfacet
  facet normal 0 1 -0
    outer loop
      vertex -88.2692 -9 43.5265
      vertex -88.7814 -9 46.4316
      vertex -88.1351 -9 43.5441
    endloop
  endfacet
  facet normal 0 1 0
    outer loop
      vertex -87.3449 -9 43.4048
      vertex -86.0982 -9 46.0784
      vertex -85.75 -9 45.8971
    endloop
  endfacet
  facet normal 0 1 0
    outer loop
      vertex -88.7814 -9 46.4316
      vertex -88.2692 -9 43.5265
      vertex -89.1647 -9 46.3467
    endloop
  endfacet
  facet normal 0 1 0
    outer loop
      vertex -87.225 -9 43.3423
      vertex -85.75 -9 45.8971
      vertex -85.4189 -9 45.6862
    endloop
  endfacet
  facet normal 0 1 -0
    outer loop
      vertex -88.4012 -9 43.4972
      vertex -89.1647 -9 46.3467
      vertex -88.2692 -9 43.5265
    endloop
  endfacet
  facet normal 0 1 0
    outer loop
      vertex -87.111 -9 43.2697
      vertex -85.4189 -9 45.6862
      vertex -85.1075 -9 45.4472
    endloop
  endfacet
  facet normal 0 1 0
    outer loop
      vertex -89.1647 -9 46.3467
      vertex -88.4012 -9 43.4972
      vertex -89.5391 -9 46.2286
    endloop
  endfacet
  facet normal 0 1 0
    outer loop
      vertex -87.0037 -9 43.1874
      vertex -85.1075 -9 45.4472
      vertex -84.818 -9 45.182
    endloop
  endfacet
  facet normal 0 1 -0
    outer loop
      vertex -88.5301 -9 43.4565
      vertex -89.5391 -9 46.2286
      vertex -88.4012 -9 43.4972
    endloop
  endfacet
  facet normal 0 1 0
    outer loop
      vertex -86.904 -9 43.096
      vertex -84.818 -9 45.182
      vertex -84.5528 -9 44.8925
    endloop
  endfacet
  facet normal 0 1 0
    outer loop
      vertex -89.5391 -9 46.2286
      vertex -88.5301 -9 43.4565
      vertex -89.9018 -9 46.0784
    endloop
  endfacet
  facet normal 0 1 0
    outer loop
      vertex -86.8126 -9 42.9963
      vertex -84.5528 -9 44.8925
      vertex -84.3138 -9 44.5811
    endloop
  endfacet
  facet normal 0 1 -0
    outer loop
      vertex -88.6551 -9 43.4048
      vertex -89.9018 -9 46.0784
      vertex -88.5301 -9 43.4565
    endloop
  endfacet
  facet normal 0 1 0
    outer loop
      vertex -86.7303 -9 42.889
      vertex -84.3138 -9 44.5811
      vertex -84.1029 -9 44.25
    endloop
  endfacet
  facet normal 0 1 0
    outer loop
      vertex -89.9018 -9 46.0784
      vertex -88.6551 -9 43.4048
      vertex -90.25 -9 45.8971
    endloop
  endfacet
  facet normal 0 1 0
    outer loop
      vertex -86.6577 -9 42.775
      vertex -84.1029 -9 44.25
      vertex -83.9216 -9 43.9018
    endloop
  endfacet
  facet normal 0 1 -0
    outer loop
      vertex -88.775 -9 43.3423
      vertex -90.25 -9 45.8971
      vertex -88.6551 -9 43.4048
    endloop
  endfacet
  facet normal 0 1 0
    outer loop
      vertex -90.25 -9 45.8971
      vertex -88.775 -9 43.3423
      vertex -90.5811 -9 45.6862
    endloop
  endfacet
  facet normal 0 1 0
    outer loop
      vertex -87.6078 -9 46.4829
      vertex -87.8649 -9 43.5441
      vertex -88 -9 43.55
    endloop
  endfacet
  facet normal 0 1 0
    outer loop
      vertex -86.5952 -9 42.6551
      vertex -83.9216 -9 43.9018
      vertex -83.7714 -9 43.5391
    endloop
  endfacet
  facet normal 0 1 0
    outer loop
      vertex -87.2186 -9 46.4316
      vertex -87.7308 -9 43.5265
      vertex -87.8649 -9 43.5441
    endloop
  endfacet
  facet normal 0 1 0
    outer loop
      vertex -86.8353 -9 46.3467
      vertex -87.5988 -9 43.4972
      vertex -87.7308 -9 43.5265
    endloop
  endfacet
  facet normal 0 1 0
    outer loop
      vertex -86.4609 -9 46.2286
      vertex -87.4699 -9 43.4565
      vertex -87.5988 -9 43.4972
    endloop
  endfacet
  facet normal 0 1 0
    outer loop
      vertex -86.0982 -9 46.0784
      vertex -87.3449 -9 43.4048
      vertex -87.4699 -9 43.4565
    endloop
  endfacet
  facet normal 0 1 0
    outer loop
      vertex -85.75 -9 45.8971
      vertex -87.225 -9 43.3423
      vertex -87.3449 -9 43.4048
    endloop
  endfacet
  facet normal 0 1 0
    outer loop
      vertex -85.4189 -9 45.6862
      vertex -87.111 -9 43.2697
      vertex -87.225 -9 43.3423
    endloop
  endfacet
  facet normal 0 1 0
    outer loop
      vertex -85.1075 -9 45.4472
      vertex -87.0037 -9 43.1874
      vertex -87.111 -9 43.2697
    endloop
  endfacet
  facet normal 0 1 0
    outer loop
      vertex -86.5435 -9 42.5301
      vertex -83.7714 -9 43.5391
      vertex -83.6533 -9 43.1647
    endloop
  endfacet
  facet normal 0 1 0
    outer loop
      vertex -84.818 -9 45.182
      vertex -86.904 -9 43.096
      vertex -87.0037 -9 43.1874
    endloop
  endfacet
  facet normal 0 1 0
    outer loop
      vertex -84.5528 -9 44.8925
      vertex -86.8126 -9 42.9963
      vertex -86.904 -9 43.096
    endloop
  endfacet
  facet normal 0 1 0
    outer loop
      vertex -84.3138 -9 44.5811
      vertex -86.7303 -9 42.889
      vertex -86.8126 -9 42.9963
    endloop
  endfacet
  facet normal 0 1 0
    outer loop
      vertex -86.5028 -9 42.4012
      vertex -83.6533 -9 43.1647
      vertex -83.5684 -9 42.7814
    endloop
  endfacet
  facet normal 0 1 0
    outer loop
      vertex -84.1029 -9 44.25
      vertex -86.6577 -9 42.775
      vertex -86.7303 -9 42.889
    endloop
  endfacet
  facet normal 0 1 0
    outer loop
      vertex -83.9216 -9 43.9018
      vertex -86.5952 -9 42.6551
      vertex -86.6577 -9 42.775
    endloop
  endfacet
  facet normal 0 1 0
    outer loop
      vertex -83.7714 -9 43.5391
      vertex -86.5435 -9 42.5301
      vertex -86.5952 -9 42.6551
    endloop
  endfacet
  facet normal 0 1 0
    outer loop
      vertex -83.6533 -9 43.1647
      vertex -86.5028 -9 42.4012
      vertex -86.5435 -9 42.5301
    endloop
  endfacet
  facet normal 0 1 0
    outer loop
      vertex -86.4735 -9 42.2692
      vertex -83.5684 -9 42.7814
      vertex -83.5171 -9 42.3922
    endloop
  endfacet
  facet normal 0 1 0
    outer loop
      vertex -83.5684 -9 42.7814
      vertex -86.4735 -9 42.2692
      vertex -86.5028 -9 42.4012
    endloop
  endfacet
  facet normal 0 1 0
    outer loop
      vertex -83.5171 -9 42.3922
      vertex -86.4559 -9 42.1351
      vertex -86.4735 -9 42.2692
    endloop
  endfacet
  facet normal 0 1 0
    outer loop
      vertex -83.5 -9 42
      vertex -86.4559 -9 42.1351
      vertex -83.5171 -9 42.3922
    endloop
  endfacet
  facet normal 0 1 0
    outer loop
      vertex -83.5 -9 42
      vertex -86.45 -9 42
      vertex -86.4559 -9 42.1351
    endloop
  endfacet
  facet normal 0 1 0
    outer loop
      vertex -83.5 -9 42
      vertex -86.4559 -9 41.8649
      vertex -86.45 -9 42
    endloop
  endfacet
  facet normal 0 1 -0
    outer loop
      vertex -83.5171 -9 41.6078
      vertex -86.4559 -9 41.8649
      vertex -83.5 -9 42
    endloop
  endfacet
  facet normal 0 1 0
    outer loop
      vertex -86.4559 -9 41.8649
      vertex -83.5171 -9 41.6078
      vertex -86.4735 -9 41.7308
    endloop
  endfacet
  facet normal 0 1 -0
    outer loop
      vertex -83.5684 -9 41.2186
      vertex -86.4735 -9 41.7308
      vertex -83.5171 -9 41.6078
    endloop
  endfacet
  facet normal 0 1 0
    outer loop
      vertex -86.4735 -9 41.7308
      vertex -83.5684 -9 41.2186
      vertex -86.5028 -9 41.5988
    endloop
  endfacet
  facet normal 0 1 -0
    outer loop
      vertex -83.6533 -9 40.8353
      vertex -86.5028 -9 41.5988
      vertex -83.5684 -9 41.2186
    endloop
  endfacet
  facet normal 0 1 0
    outer loop
      vertex -86.5028 -9 41.5988
      vertex -83.6533 -9 40.8353
      vertex -86.5435 -9 41.4699
    endloop
  endfacet
  facet normal 0 1 -0
    outer loop
      vertex -83.7714 -9 40.4609
      vertex -86.5435 -9 41.4699
      vertex -83.6533 -9 40.8353
    endloop
  endfacet
  facet normal 0 1 0
    outer loop
      vertex -86.5435 -9 41.4699
      vertex -83.7714 -9 40.4609
      vertex -86.5952 -9 41.3449
    endloop
  endfacet
  facet normal 0 1 -0
    outer loop
      vertex -83.9216 -9 40.0982
      vertex -86.5952 -9 41.3449
      vertex -83.7714 -9 40.4609
    endloop
  endfacet
  facet normal 0 1 0
    outer loop
      vertex -86.5952 -9 41.3449
      vertex -83.9216 -9 40.0982
      vertex -86.6577 -9 41.225
    endloop
  endfacet
  facet normal 0 1 -0
    outer loop
      vertex -84.1029 -9 39.75
      vertex -86.6577 -9 41.225
      vertex -83.9216 -9 40.0982
    endloop
  endfacet
  facet normal 0 1 0
    outer loop
      vertex -86.6577 -9 41.225
      vertex -84.1029 -9 39.75
      vertex -86.7303 -9 41.111
    endloop
  endfacet
  facet normal 0 1 -0
    outer loop
      vertex -84.3138 -9 39.4189
      vertex -86.7303 -9 41.111
      vertex -84.1029 -9 39.75
    endloop
  endfacet
  facet normal 0 1 0
    outer loop
      vertex -86.7303 -9 41.111
      vertex -84.3138 -9 39.4189
      vertex -86.8126 -9 41.0037
    endloop
  endfacet
  facet normal 0 1 -0
    outer loop
      vertex -84.5528 -9 39.1075
      vertex -86.8126 -9 41.0037
      vertex -84.3138 -9 39.4189
    endloop
  endfacet
  facet normal 0 1 0
    outer loop
      vertex -86.8126 -9 41.0037
      vertex -84.5528 -9 39.1075
      vertex -86.904 -9 40.904
    endloop
  endfacet
  facet normal 0 1 -0
    outer loop
      vertex -84.818 -9 38.818
      vertex -86.904 -9 40.904
      vertex -84.5528 -9 39.1075
    endloop
  endfacet
  facet normal 0 1 0
    outer loop
      vertex -86.904 -9 40.904
      vertex -84.818 -9 38.818
      vertex -87.0037 -9 40.8126
    endloop
  endfacet
  facet normal 0 1 -0
    outer loop
      vertex -85.1075 -9 38.5528
      vertex -87.0037 -9 40.8126
      vertex -84.818 -9 38.818
    endloop
  endfacet
  facet normal 0 1 0
    outer loop
      vertex -87.0037 -9 40.8126
      vertex -85.1075 -9 38.5528
      vertex -87.111 -9 40.7303
    endloop
  endfacet
  facet normal 0 1 -0
    outer loop
      vertex -85.4189 -9 38.3138
      vertex -87.111 -9 40.7303
      vertex -85.1075 -9 38.5528
    endloop
  endfacet
  facet normal 0 1 0
    outer loop
      vertex -87.111 -9 40.7303
      vertex -85.4189 -9 38.3138
      vertex -87.225 -9 40.6577
    endloop
  endfacet
  facet normal 0 1 -0
    outer loop
      vertex -88.889 -9 43.2697
      vertex -90.5811 -9 45.6862
      vertex -88.775 -9 43.3423
    endloop
  endfacet
  facet normal 0 1 0
    outer loop
      vertex -90.5811 -9 45.6862
      vertex -88.889 -9 43.2697
      vertex -90.8925 -9 45.4472
    endloop
  endfacet
  facet normal 0 1 -0
    outer loop
      vertex -88.9963 -9 43.1874
      vertex -90.8925 -9 45.4472
      vertex -88.889 -9 43.2697
    endloop
  endfacet
  facet normal 0 1 0
    outer loop
      vertex -90.8925 -9 45.4472
      vertex -88.9963 -9 43.1874
      vertex -91.182 -9 45.182
    endloop
  endfacet
  facet normal 0 1 -0
    outer loop
      vertex -89.096 -9 43.096
      vertex -91.182 -9 45.182
      vertex -88.9963 -9 43.1874
    endloop
  endfacet
  facet normal 0 1 0
    outer loop
      vertex -91.182 -9 45.182
      vertex -89.096 -9 43.096
      vertex -91.4472 -9 44.8925
    endloop
  endfacet
  facet normal 0 1 -0
    outer loop
      vertex -89.1874 -9 42.9963
      vertex -91.4472 -9 44.8925
      vertex -89.096 -9 43.096
    endloop
  endfacet
  facet normal 0 1 0
    outer loop
      vertex -91.4472 -9 44.8925
      vertex -89.1874 -9 42.9963
      vertex -91.6862 -9 44.5811
    endloop
  endfacet
  facet normal 0 1 -0
    outer loop
      vertex -89.2697 -9 42.889
      vertex -91.6862 -9 44.5811
      vertex -89.1874 -9 42.9963
    endloop
  endfacet
  facet normal 0 1 0
    outer loop
      vertex -91.6862 -9 44.5811
      vertex -89.2697 -9 42.889
      vertex -91.8971 -9 44.25
    endloop
  endfacet
  facet normal 0 1 -0
    outer loop
      vertex -89.3423 -9 42.775
      vertex -91.8971 -9 44.25
      vertex -89.2697 -9 42.889
    endloop
  endfacet
  facet normal 0 1 0
    outer loop
      vertex -91.8971 -9 44.25
      vertex -89.3423 -9 42.775
      vertex -92.0784 -9 43.9018
    endloop
  endfacet
  facet normal 0 1 -0
    outer loop
      vertex -89.4048 -9 42.6551
      vertex -92.0784 -9 43.9018
      vertex -89.3423 -9 42.775
    endloop
  endfacet
  facet normal 0 1 0
    outer loop
      vertex -92.0784 -9 43.9018
      vertex -89.4048 -9 42.6551
      vertex -92.2286 -9 43.5391
    endloop
  endfacet
  facet normal 0 1 -0
    outer loop
      vertex -89.4565 -9 42.5301
      vertex -92.2286 -9 43.5391
      vertex -89.4048 -9 42.6551
    endloop
  endfacet
  facet normal 0 1 0
    outer loop
      vertex -92.2286 -9 43.5391
      vertex -89.4565 -9 42.5301
      vertex -92.3467 -9 43.1647
    endloop
  endfacet
  facet normal 0 1 -0
    outer loop
      vertex -89.4972 -9 42.4012
      vertex -92.3467 -9 43.1647
      vertex -89.4565 -9 42.5301
    endloop
  endfacet
  facet normal 0 1 0
    outer loop
      vertex -92.3467 -9 43.1647
      vertex -89.4972 -9 42.4012
      vertex -92.4316 -9 42.7814
    endloop
  endfacet
  facet normal 0 1 -0
    outer loop
      vertex -89.5265 -9 42.2692
      vertex -92.4316 -9 42.7814
      vertex -89.4972 -9 42.4012
    endloop
  endfacet
  facet normal 0 1 0
    outer loop
      vertex -92.4316 -9 42.7814
      vertex -89.5265 -9 42.2692
      vertex -92.4829 -9 42.3922
    endloop
  endfacet
  facet normal 0 1 -0
    outer loop
      vertex -89.5441 -9 42.1351
      vertex -92.4829 -9 42.3922
      vertex -89.5265 -9 42.2692
    endloop
  endfacet
  facet normal 0 1 -0
    outer loop
      vertex -89.55 -9 42
      vertex -92.4829 -9 42.3922
      vertex -89.5441 -9 42.1351
    endloop
  endfacet
  facet normal 0 1 0
    outer loop
      vertex -89.55 -9 42
      vertex -92.5 -9 42
      vertex -92.4829 -9 42.3922
    endloop
  endfacet
  facet normal 0 1 0
    outer loop
      vertex -89.5441 -9 41.8649
      vertex -92.5 -9 42
      vertex -89.55 -9 42
    endloop
  endfacet
  facet normal 0 1 0
    outer loop
      vertex -92.4829 -9 41.6078
      vertex -89.5441 -9 41.8649
      vertex -89.5265 -9 41.7308
    endloop
  endfacet
  facet normal 0 1 0
    outer loop
      vertex -89.5441 -9 41.8649
      vertex -92.4829 -9 41.6078
      vertex -92.5 -9 42
    endloop
  endfacet
  facet normal 0 1 0
    outer loop
      vertex -92.4316 -9 41.2186
      vertex -89.5265 -9 41.7308
      vertex -89.4972 -9 41.5988
    endloop
  endfacet
  facet normal 0 1 0
    outer loop
      vertex -92.3467 -9 40.8353
      vertex -89.4972 -9 41.5988
      vertex -89.4565 -9 41.4699
    endloop
  endfacet
  facet normal 0 1 0
    outer loop
      vertex -92.2286 -9 40.4609
      vertex -89.4565 -9 41.4699
      vertex -89.4048 -9 41.3449
    endloop
  endfacet
  facet normal 0 1 0
    outer loop
      vertex -92.0784 -9 40.0982
      vertex -89.4048 -9 41.3449
      vertex -89.3423 -9 41.225
    endloop
  endfacet
  facet normal 0 1 0
    outer loop
      vertex -89.5265 -9 41.7308
      vertex -92.4316 -9 41.2186
      vertex -92.4829 -9 41.6078
    endloop
  endfacet
  facet normal 0 1 0
    outer loop
      vertex -91.8971 -9 39.75
      vertex -89.3423 -9 41.225
      vertex -89.2697 -9 41.111
    endloop
  endfacet
  facet normal 0 1 0
    outer loop
      vertex -91.6862 -9 39.4189
      vertex -89.2697 -9 41.111
      vertex -89.1874 -9 41.0037
    endloop
  endfacet
  facet normal 0 1 0
    outer loop
      vertex -91.4472 -9 39.1075
      vertex -89.1874 -9 41.0037
      vertex -89.096 -9 40.904
    endloop
  endfacet
  facet normal 0 1 0
    outer loop
      vertex -89.4972 -9 41.5988
      vertex -92.3467 -9 40.8353
      vertex -92.4316 -9 41.2186
    endloop
  endfacet
  facet normal 0 1 0
    outer loop
      vertex -91.182 -9 38.818
      vertex -89.096 -9 40.904
      vertex -88.9963 -9 40.8126
    endloop
  endfacet
  facet normal 0 1 0
    outer loop
      vertex -90.8925 -9 38.5528
      vertex -88.9963 -9 40.8126
      vertex -88.889 -9 40.7303
    endloop
  endfacet
  facet normal 0 1 0
    outer loop
      vertex -90.5811 -9 38.3138
      vertex -88.889 -9 40.7303
      vertex -88.775 -9 40.6577
    endloop
  endfacet
  facet normal 0 1 0
    outer loop
      vertex -90.25 -9 38.1029
      vertex -88.775 -9 40.6577
      vertex -88.6551 -9 40.5952
    endloop
  endfacet
  facet normal 0 1 0
    outer loop
      vertex -89.9018 -9 37.9216
      vertex -88.6551 -9 40.5952
      vertex -88.5301 -9 40.5435
    endloop
  endfacet
  facet normal 0 1 0
    outer loop
      vertex -89.5391 -9 37.7714
      vertex -88.5301 -9 40.5435
      vertex -88.4012 -9 40.5028
    endloop
  endfacet
  facet normal 0 1 0
    outer loop
      vertex -89.1647 -9 37.6533
      vertex -88.4012 -9 40.5028
      vertex -88.2692 -9 40.4735
    endloop
  endfacet
  facet normal 0 1 0
    outer loop
      vertex -89.4565 -9 41.4699
      vertex -92.2286 -9 40.4609
      vertex -92.3467 -9 40.8353
    endloop
  endfacet
  facet normal 0 1 0
    outer loop
      vertex -88.7814 -9 37.5684
      vertex -88.2692 -9 40.4735
      vertex -88.1351 -9 40.4559
    endloop
  endfacet
  facet normal 0 1 0
    outer loop
      vertex -88.3922 -9 37.5171
      vertex -88.1351 -9 40.4559
      vertex -88 -9 40.45
    endloop
  endfacet
  facet normal 0 1 -0
    outer loop
      vertex -85.75 -9 38.1029
      vertex -87.225 -9 40.6577
      vertex -85.4189 -9 38.3138
    endloop
  endfacet
  facet normal 0 1 0
    outer loop
      vertex -89.4048 -9 41.3449
      vertex -92.0784 -9 40.0982
      vertex -92.2286 -9 40.4609
    endloop
  endfacet
  facet normal 0 1 0
    outer loop
      vertex -87.225 -9 40.6577
      vertex -85.75 -9 38.1029
      vertex -87.3449 -9 40.5952
    endloop
  endfacet
  facet normal 0 1 0
    outer loop
      vertex -89.3423 -9 41.225
      vertex -91.8971 -9 39.75
      vertex -92.0784 -9 40.0982
    endloop
  endfacet
  facet normal 0 1 -0
    outer loop
      vertex -86.0982 -9 37.9216
      vertex -87.3449 -9 40.5952
      vertex -85.75 -9 38.1029
    endloop
  endfacet
  facet normal 0 1 0
    outer loop
      vertex -89.2697 -9 41.111
      vertex -91.6862 -9 39.4189
      vertex -91.8971 -9 39.75
    endloop
  endfacet
  facet normal 0 1 0
    outer loop
      vertex -87.3449 -9 40.5952
      vertex -86.0982 -9 37.9216
      vertex -87.4699 -9 40.5435
    endloop
  endfacet
  facet normal 0 1 0
    outer loop
      vertex -89.1874 -9 41.0037
      vertex -91.4472 -9 39.1075
      vertex -91.6862 -9 39.4189
    endloop
  endfacet
  facet normal 0 1 -0
    outer loop
      vertex -86.4609 -9 37.7714
      vertex -87.4699 -9 40.5435
      vertex -86.0982 -9 37.9216
    endloop
  endfacet
  facet normal 0 1 0
    outer loop
      vertex -89.096 -9 40.904
      vertex -91.182 -9 38.818
      vertex -91.4472 -9 39.1075
    endloop
  endfacet
  facet normal 0 1 0
    outer loop
      vertex -87.4699 -9 40.5435
      vertex -86.4609 -9 37.7714
      vertex -87.5988 -9 40.5028
    endloop
  endfacet
  facet normal 0 1 0
    outer loop
      vertex -88.9963 -9 40.8126
      vertex -90.8925 -9 38.5528
      vertex -91.182 -9 38.818
    endloop
  endfacet
  facet normal 0 1 -0
    outer loop
      vertex -86.8353 -9 37.6533
      vertex -87.5988 -9 40.5028
      vertex -86.4609 -9 37.7714
    endloop
  endfacet
  facet normal 0 1 0
    outer loop
      vertex -88.889 -9 40.7303
      vertex -90.5811 -9 38.3138
      vertex -90.8925 -9 38.5528
    endloop
  endfacet
  facet normal 0 1 0
    outer loop
      vertex -87.5988 -9 40.5028
      vertex -86.8353 -9 37.6533
      vertex -87.7308 -9 40.4735
    endloop
  endfacet
  facet normal 0 1 0
    outer loop
      vertex -88.775 -9 40.6577
      vertex -90.25 -9 38.1029
      vertex -90.5811 -9 38.3138
    endloop
  endfacet
  facet normal 0 1 -0
    outer loop
      vertex -87.2186 -9 37.5684
      vertex -87.7308 -9 40.4735
      vertex -86.8353 -9 37.6533
    endloop
  endfacet
  facet normal 0 1 0
    outer loop
      vertex -88.6551 -9 40.5952
      vertex -89.9018 -9 37.9216
      vertex -90.25 -9 38.1029
    endloop
  endfacet
  facet normal 0 1 0
    outer loop
      vertex -87.7308 -9 40.4735
      vertex -87.2186 -9 37.5684
      vertex -87.8649 -9 40.4559
    endloop
  endfacet
  facet normal 0 1 0
    outer loop
      vertex -88.5301 -9 40.5435
      vertex -89.5391 -9 37.7714
      vertex -89.9018 -9 37.9216
    endloop
  endfacet
  facet normal 0 1 -0
    outer loop
      vertex -87.6078 -9 37.5171
      vertex -87.8649 -9 40.4559
      vertex -87.2186 -9 37.5684
    endloop
  endfacet
  facet normal 0 1 0
    outer loop
      vertex -88.4012 -9 40.5028
      vertex -89.1647 -9 37.6533
      vertex -89.5391 -9 37.7714
    endloop
  endfacet
  facet normal 0 1 0
    outer loop
      vertex -87.8649 -9 40.4559
      vertex -87.6078 -9 37.5171
      vertex -88 -9 40.45
    endloop
  endfacet
  facet normal 0 1 0
    outer loop
      vertex -88.2692 -9 40.4735
      vertex -88.7814 -9 37.5684
      vertex -89.1647 -9 37.6533
    endloop
  endfacet
  facet normal 0 1 0
    outer loop
      vertex -88 -9 37.5
      vertex -88 -9 40.45
      vertex -87.6078 -9 37.5171
    endloop
  endfacet
  facet normal 0 1 0
    outer loop
      vertex -88.1351 -9 40.4559
      vertex -88.3922 -9 37.5171
      vertex -88.7814 -9 37.5684
    endloop
  endfacet
  facet normal 0 1 0
    outer loop
      vertex -88 -9 40.45
      vertex -88 -9 37.5
      vertex -88.3922 -9 37.5171
    endloop
  endfacet
  facet normal 0.953679 -0 0.300827
    outer loop
      vertex -83.7714 -27 43.5391
      vertex -83.6533 -9 43.1647
      vertex -83.7714 -9 43.5391
    endloop
  endfacet
  facet normal 0.953679 0 0.300827
    outer loop
      vertex -83.6533 -9 43.1647
      vertex -83.7714 -27 43.5391
      vertex -83.6533 -27 43.1647
    endloop
  endfacet
  facet normal 0.923911 -0 0.382607
    outer loop
      vertex -83.9216 -27 43.9018
      vertex -83.7714 -9 43.5391
      vertex -83.9216 -9 43.9018
    endloop
  endfacet
  facet normal 0.923911 0 0.382607
    outer loop
      vertex -83.7714 -9 43.5391
      vertex -83.9216 -27 43.9018
      vertex -83.7714 -27 43.5391
    endloop
  endfacet
  facet normal 0.793286 -0 0.608849
    outer loop
      vertex -84.5528 -27 44.8925
      vertex -84.3138 -9 44.5811
      vertex -84.5528 -9 44.8925
    endloop
  endfacet
  facet normal 0.793286 0 0.608849
    outer loop
      vertex -84.3138 -9 44.5811
      vertex -84.5528 -27 44.8925
      vertex -84.3138 -27 44.5811
    endloop
  endfacet
  facet normal 0.843431 -0 0.537238
    outer loop
      vertex -84.3138 -27 44.5811
      vertex -84.1029 -9 44.25
      vertex -84.3138 -9 44.5811
    endloop
  endfacet
  facet normal 0.843431 0 0.537238
    outer loop
      vertex -84.1029 -9 44.25
      vertex -84.3138 -27 44.5811
      vertex -84.1029 -27 44.25
    endloop
  endfacet
  facet normal 0.216256 0 0.976337
    outer loop
      vertex -87.2186 -9 46.4316
      vertex -86.8353 -27 46.3467
      vertex -86.8353 -9 46.3467
    endloop
  endfacet
  facet normal 0.216256 0 0.976337
    outer loop
      vertex -86.8353 -27 46.3467
      vertex -87.2186 -9 46.4316
      vertex -87.2186 -27 46.4316
    endloop
  endfacet
  facet normal 0.130679 0 0.991425
    outer loop
      vertex -87.6078 -9 46.4829
      vertex -87.2186 -27 46.4316
      vertex -87.2186 -9 46.4316
    endloop
  endfacet
  facet normal 0.130679 0 0.991425
    outer loop
      vertex -87.2186 -27 46.4316
      vertex -87.6078 -9 46.4829
      vertex -87.6078 -27 46.4829
    endloop
  endfacet
  facet normal 0.537238 0 0.843431
    outer loop
      vertex -85.75 -9 45.8971
      vertex -85.4189 -27 45.6862
      vertex -85.4189 -9 45.6862
    endloop
  endfacet
  facet normal 0.537238 0 0.843431
    outer loop
      vertex -85.4189 -27 45.6862
      vertex -85.75 -9 45.8971
      vertex -85.75 -27 45.8971
    endloop
  endfacet
  facet normal 0.608849 0 0.793286
    outer loop
      vertex -85.4189 -9 45.6862
      vertex -85.1075 -27 45.4472
      vertex -85.1075 -9 45.4472
    endloop
  endfacet
  facet normal 0.608849 0 0.793286
    outer loop
      vertex -85.1075 -27 45.4472
      vertex -85.4189 -9 45.6862
      vertex -85.4189 -27 45.6862
    endloop
  endfacet
  facet normal -0.976337 0 0.216256
    outer loop
      vertex -92.4316 -27 42.7814
      vertex -92.3467 -9 43.1647
      vertex -92.4316 -9 42.7814
    endloop
  endfacet
  facet normal -0.976337 0 0.216256
    outer loop
      vertex -92.3467 -9 43.1647
      vertex -92.4316 -27 42.7814
      vertex -92.3467 -27 43.1647
    endloop
  endfacet
  facet normal -0.953679 0 0.300827
    outer loop
      vertex -92.3467 -27 43.1647
      vertex -92.2286 -9 43.5391
      vertex -92.3467 -9 43.1647
    endloop
  endfacet
  facet normal -0.953679 0 0.300827
    outer loop
      vertex -92.2286 -9 43.5391
      vertex -92.3467 -27 43.1647
      vertex -92.2286 -27 43.5391
    endloop
  endfacet
  facet normal -0.991425 0 0.130679
    outer loop
      vertex -92.4829 -27 42.3922
      vertex -92.4316 -9 42.7814
      vertex -92.4829 -9 42.3922
    endloop
  endfacet
  facet normal -0.991425 0 0.130679
    outer loop
      vertex -92.4316 -9 42.7814
      vertex -92.4829 -27 42.3922
      vertex -92.4316 -27 42.7814
    endloop
  endfacet
  facet normal 0 -1 0
    outer loop
      vertex -88 -27 43.55
      vertex -88 -27 46.5
      vertex -88.3922 -27 46.4829
    endloop
  endfacet
  facet normal 0 -1 0
    outer loop
      vertex -88.1351 -27 43.5441
      vertex -88.3922 -27 46.4829
      vertex -88.7814 -27 46.4316
    endloop
  endfacet
  facet normal 0 -1 0
    outer loop
      vertex -88 -27 46.5
      vertex -88 -27 43.55
      vertex -87.6078 -27 46.4829
    endloop
  endfacet
  facet normal 0 -1 0
    outer loop
      vertex -88.2692 -27 43.5265
      vertex -88.7814 -27 46.4316
      vertex -89.1647 -27 46.3467
    endloop
  endfacet
  facet normal 0 -1 0
    outer loop
      vertex -87.8649 -27 43.5441
      vertex -87.6078 -27 46.4829
      vertex -88 -27 43.55
    endloop
  endfacet
  facet normal 0 -1 0
    outer loop
      vertex -88.4012 -27 43.4972
      vertex -89.1647 -27 46.3467
      vertex -89.5391 -27 46.2286
    endloop
  endfacet
  facet normal 0 -1 -0
    outer loop
      vertex -87.6078 -27 46.4829
      vertex -87.8649 -27 43.5441
      vertex -87.2186 -27 46.4316
    endloop
  endfacet
  facet normal 0 -1 0
    outer loop
      vertex -88.5301 -27 43.4565
      vertex -89.5391 -27 46.2286
      vertex -89.9018 -27 46.0784
    endloop
  endfacet
  facet normal 0 -1 0
    outer loop
      vertex -87.7308 -27 43.5265
      vertex -87.2186 -27 46.4316
      vertex -87.8649 -27 43.5441
    endloop
  endfacet
  facet normal 0 -1 0
    outer loop
      vertex -88.6551 -27 43.4048
      vertex -89.9018 -27 46.0784
      vertex -90.25 -27 45.8971
    endloop
  endfacet
  facet normal 0 -1 -0
    outer loop
      vertex -87.2186 -27 46.4316
      vertex -87.7308 -27 43.5265
      vertex -86.8353 -27 46.3467
    endloop
  endfacet
  facet normal 0 -1 0
    outer loop
      vertex -88.775 -27 43.3423
      vertex -90.25 -27 45.8971
      vertex -90.5811 -27 45.6862
    endloop
  endfacet
  facet normal 0 -1 0
    outer loop
      vertex -87.5988 -27 43.4972
      vertex -86.8353 -27 46.3467
      vertex -87.7308 -27 43.5265
    endloop
  endfacet
  facet normal 0 -1 0
    outer loop
      vertex -88.889 -27 43.2697
      vertex -90.5811 -27 45.6862
      vertex -90.8925 -27 45.4472
    endloop
  endfacet
  facet normal 0 -1 -0
    outer loop
      vertex -86.8353 -27 46.3467
      vertex -87.5988 -27 43.4972
      vertex -86.4609 -27 46.2286
    endloop
  endfacet
  facet normal 0 -1 0
    outer loop
      vertex -88.9963 -27 43.1874
      vertex -90.8925 -27 45.4472
      vertex -91.182 -27 45.182
    endloop
  endfacet
  facet normal 0 -1 0
    outer loop
      vertex -87.4699 -27 43.4565
      vertex -86.4609 -27 46.2286
      vertex -87.5988 -27 43.4972
    endloop
  endfacet
  facet normal 0 -1 0
    outer loop
      vertex -89.096 -27 43.096
      vertex -91.182 -27 45.182
      vertex -91.4472 -27 44.8925
    endloop
  endfacet
  facet normal 0 -1 -0
    outer loop
      vertex -86.4609 -27 46.2286
      vertex -87.4699 -27 43.4565
      vertex -86.0982 -27 46.0784
    endloop
  endfacet
  facet normal 0 -1 0
    outer loop
      vertex -89.1874 -27 42.9963
      vertex -91.4472 -27 44.8925
      vertex -91.6862 -27 44.5811
    endloop
  endfacet
  facet normal 0 -1 0
    outer loop
      vertex -87.3449 -27 43.4048
      vertex -86.0982 -27 46.0784
      vertex -87.4699 -27 43.4565
    endloop
  endfacet
  facet normal 0 -1 0
    outer loop
      vertex -89.2697 -27 42.889
      vertex -91.6862 -27 44.5811
      vertex -91.8971 -27 44.25
    endloop
  endfacet
  facet normal 0 -1 -0
    outer loop
      vertex -86.0982 -27 46.0784
      vertex -87.3449 -27 43.4048
      vertex -85.75 -27 45.8971
    endloop
  endfacet
  facet normal 0 -1 0
    outer loop
      vertex -89.3423 -27 42.775
      vertex -91.8971 -27 44.25
      vertex -92.0784 -27 43.9018
    endloop
  endfacet
  facet normal 0 -1 0
    outer loop
      vertex -87.225 -27 43.3423
      vertex -85.75 -27 45.8971
      vertex -87.3449 -27 43.4048
    endloop
  endfacet
  facet normal 0 -1 -0
    outer loop
      vertex -85.75 -27 45.8971
      vertex -87.225 -27 43.3423
      vertex -85.4189 -27 45.6862
    endloop
  endfacet
  facet normal 0 -1 0
    outer loop
      vertex -88.3922 -27 46.4829
      vertex -88.1351 -27 43.5441
      vertex -88 -27 43.55
    endloop
  endfacet
  facet normal 0 -1 0
    outer loop
      vertex -89.4048 -27 42.6551
      vertex -92.0784 -27 43.9018
      vertex -92.2286 -27 43.5391
    endloop
  endfacet
  facet normal 0 -1 0
    outer loop
      vertex -88.7814 -27 46.4316
      vertex -88.2692 -27 43.5265
      vertex -88.1351 -27 43.5441
    endloop
  endfacet
  facet normal 0 -1 0
    outer loop
      vertex -89.1647 -27 46.3467
      vertex -88.4012 -27 43.4972
      vertex -88.2692 -27 43.5265
    endloop
  endfacet
  facet normal 0 -1 0
    outer loop
      vertex -89.5391 -27 46.2286
      vertex -88.5301 -27 43.4565
      vertex -88.4012 -27 43.4972
    endloop
  endfacet
  facet normal 0 -1 0
    outer loop
      vertex -89.9018 -27 46.0784
      vertex -88.6551 -27 43.4048
      vertex -88.5301 -27 43.4565
    endloop
  endfacet
  facet normal 0 -1 0
    outer loop
      vertex -90.25 -27 45.8971
      vertex -88.775 -27 43.3423
      vertex -88.6551 -27 43.4048
    endloop
  endfacet
  facet normal 0 -1 0
    outer loop
      vertex -90.5811 -27 45.6862
      vertex -88.889 -27 43.2697
      vertex -88.775 -27 43.3423
    endloop
  endfacet
  facet normal 0 -1 0
    outer loop
      vertex -90.8925 -27 45.4472
      vertex -88.9963 -27 43.1874
      vertex -88.889 -27 43.2697
    endloop
  endfacet
  facet normal 0 -1 0
    outer loop
      vertex -89.4565 -27 42.5301
      vertex -92.2286 -27 43.5391
      vertex -92.3467 -27 43.1647
    endloop
  endfacet
  facet normal 0 -1 0
    outer loop
      vertex -91.182 -27 45.182
      vertex -89.096 -27 43.096
      vertex -88.9963 -27 43.1874
    endloop
  endfacet
  facet normal 0 -1 0
    outer loop
      vertex -91.4472 -27 44.8925
      vertex -89.1874 -27 42.9963
      vertex -89.096 -27 43.096
    endloop
  endfacet
  facet normal 0 -1 0
    outer loop
      vertex -91.6862 -27 44.5811
      vertex -89.2697 -27 42.889
      vertex -89.1874 -27 42.9963
    endloop
  endfacet
  facet normal 0 -1 0
    outer loop
      vertex -89.4972 -27 42.4012
      vertex -92.3467 -27 43.1647
      vertex -92.4316 -27 42.7814
    endloop
  endfacet
  facet normal 0 -1 0
    outer loop
      vertex -91.8971 -27 44.25
      vertex -89.3423 -27 42.775
      vertex -89.2697 -27 42.889
    endloop
  endfacet
  facet normal 0 -1 0
    outer loop
      vertex -92.0784 -27 43.9018
      vertex -89.4048 -27 42.6551
      vertex -89.3423 -27 42.775
    endloop
  endfacet
  facet normal 0 -1 0
    outer loop
      vertex -92.2286 -27 43.5391
      vertex -89.4565 -27 42.5301
      vertex -89.4048 -27 42.6551
    endloop
  endfacet
  facet normal 0 -1 0
    outer loop
      vertex -92.3467 -27 43.1647
      vertex -89.4972 -27 42.4012
      vertex -89.4565 -27 42.5301
    endloop
  endfacet
  facet normal 0 -1 0
    outer loop
      vertex -89.5265 -27 42.2692
      vertex -92.4316 -27 42.7814
      vertex -92.4829 -27 42.3922
    endloop
  endfacet
  facet normal 0 -1 0
    outer loop
      vertex -92.4316 -27 42.7814
      vertex -89.5265 -27 42.2692
      vertex -89.4972 -27 42.4012
    endloop
  endfacet
  facet normal 0 -1 0
    outer loop
      vertex -92.4829 -27 42.3922
      vertex -89.5441 -27 42.1351
      vertex -89.5265 -27 42.2692
    endloop
  endfacet
  facet normal 0 -1 0
    outer loop
      vertex -92.5 -27 42
      vertex -89.5441 -27 42.1351
      vertex -92.4829 -27 42.3922
    endloop
  endfacet
  facet normal 0 -1 0
    outer loop
      vertex -92.5 -27 42
      vertex -89.55 -27 42
      vertex -89.5441 -27 42.1351
    endloop
  endfacet
  facet normal 0 -1 0
    outer loop
      vertex -92.5 -27 42
      vertex -89.5441 -27 41.8649
      vertex -89.55 -27 42
    endloop
  endfacet
  facet normal 0 -1 0
    outer loop
      vertex -92.4829 -27 41.6078
      vertex -89.5441 -27 41.8649
      vertex -92.5 -27 42
    endloop
  endfacet
  facet normal 0 -1 -0
    outer loop
      vertex -89.5441 -27 41.8649
      vertex -92.4829 -27 41.6078
      vertex -89.5265 -27 41.7308
    endloop
  endfacet
  facet normal 0 -1 0
    outer loop
      vertex -92.4316 -27 41.2186
      vertex -89.5265 -27 41.7308
      vertex -92.4829 -27 41.6078
    endloop
  endfacet
  facet normal 0 -1 -0
    outer loop
      vertex -89.5265 -27 41.7308
      vertex -92.4316 -27 41.2186
      vertex -89.4972 -27 41.5988
    endloop
  endfacet
  facet normal 0 -1 0
    outer loop
      vertex -92.3467 -27 40.8353
      vertex -89.4972 -27 41.5988
      vertex -92.4316 -27 41.2186
    endloop
  endfacet
  facet normal 0 -1 -0
    outer loop
      vertex -89.4972 -27 41.5988
      vertex -92.3467 -27 40.8353
      vertex -89.4565 -27 41.4699
    endloop
  endfacet
  facet normal 0 -1 0
    outer loop
      vertex -92.2286 -27 40.4609
      vertex -89.4565 -27 41.4699
      vertex -92.3467 -27 40.8353
    endloop
  endfacet
  facet normal 0 -1 -0
    outer loop
      vertex -89.4565 -27 41.4699
      vertex -92.2286 -27 40.4609
      vertex -89.4048 -27 41.3449
    endloop
  endfacet
  facet normal 0 -1 0
    outer loop
      vertex -92.0784 -27 40.0982
      vertex -89.4048 -27 41.3449
      vertex -92.2286 -27 40.4609
    endloop
  endfacet
  facet normal 0 -1 -0
    outer loop
      vertex -89.4048 -27 41.3449
      vertex -92.0784 -27 40.0982
      vertex -89.3423 -27 41.225
    endloop
  endfacet
  facet normal 0 -1 0
    outer loop
      vertex -91.8971 -27 39.75
      vertex -89.3423 -27 41.225
      vertex -92.0784 -27 40.0982
    endloop
  endfacet
  facet normal 0 -1 -0
    outer loop
      vertex -89.3423 -27 41.225
      vertex -91.8971 -27 39.75
      vertex -89.2697 -27 41.111
    endloop
  endfacet
  facet normal 0 -1 0
    outer loop
      vertex -91.6862 -27 39.4189
      vertex -89.2697 -27 41.111
      vertex -91.8971 -27 39.75
    endloop
  endfacet
  facet normal 0 -1 -0
    outer loop
      vertex -89.2697 -27 41.111
      vertex -91.6862 -27 39.4189
      vertex -89.1874 -27 41.0037
    endloop
  endfacet
  facet normal 0 -1 0
    outer loop
      vertex -91.4472 -27 39.1075
      vertex -89.1874 -27 41.0037
      vertex -91.6862 -27 39.4189
    endloop
  endfacet
  facet normal 0 -1 -0
    outer loop
      vertex -89.1874 -27 41.0037
      vertex -91.4472 -27 39.1075
      vertex -89.096 -27 40.904
    endloop
  endfacet
  facet normal 0 -1 0
    outer loop
      vertex -91.182 -27 38.818
      vertex -89.096 -27 40.904
      vertex -91.4472 -27 39.1075
    endloop
  endfacet
  facet normal 0 -1 -0
    outer loop
      vertex -89.096 -27 40.904
      vertex -91.182 -27 38.818
      vertex -88.9963 -27 40.8126
    endloop
  endfacet
  facet normal 0 -1 0
    outer loop
      vertex -90.8925 -27 38.5528
      vertex -88.9963 -27 40.8126
      vertex -91.182 -27 38.818
    endloop
  endfacet
  facet normal 0 -1 -0
    outer loop
      vertex -88.9963 -27 40.8126
      vertex -90.8925 -27 38.5528
      vertex -88.889 -27 40.7303
    endloop
  endfacet
  facet normal 0 -1 0
    outer loop
      vertex -90.5811 -27 38.3138
      vertex -88.889 -27 40.7303
      vertex -90.8925 -27 38.5528
    endloop
  endfacet
  facet normal 0 -1 -0
    outer loop
      vertex -88.889 -27 40.7303
      vertex -90.5811 -27 38.3138
      vertex -88.775 -27 40.6577
    endloop
  endfacet
  facet normal 0 -1 0
    outer loop
      vertex -87.111 -27 43.2697
      vertex -85.4189 -27 45.6862
      vertex -87.225 -27 43.3423
    endloop
  endfacet
  facet normal 0 -1 -0
    outer loop
      vertex -85.4189 -27 45.6862
      vertex -87.111 -27 43.2697
      vertex -85.1075 -27 45.4472
    endloop
  endfacet
  facet normal 0 -1 0
    outer loop
      vertex -87.0037 -27 43.1874
      vertex -85.1075 -27 45.4472
      vertex -87.111 -27 43.2697
    endloop
  endfacet
  facet normal 0 -1 -0
    outer loop
      vertex -85.1075 -27 45.4472
      vertex -87.0037 -27 43.1874
      vertex -84.818 -27 45.182
    endloop
  endfacet
  facet normal 0 -1 0
    outer loop
      vertex -86.904 -27 43.096
      vertex -84.818 -27 45.182
      vertex -87.0037 -27 43.1874
    endloop
  endfacet
  facet normal 0 -1 -0
    outer loop
      vertex -84.818 -27 45.182
      vertex -86.904 -27 43.096
      vertex -84.5528 -27 44.8925
    endloop
  endfacet
  facet normal 0 -1 0
    outer loop
      vertex -86.8126 -27 42.9963
      vertex -84.5528 -27 44.8925
      vertex -86.904 -27 43.096
    endloop
  endfacet
  facet normal 0 -1 -0
    outer loop
      vertex -84.5528 -27 44.8925
      vertex -86.8126 -27 42.9963
      vertex -84.3138 -27 44.5811
    endloop
  endfacet
  facet normal 0 -1 0
    outer loop
      vertex -86.7303 -27 42.889
      vertex -84.3138 -27 44.5811
      vertex -86.8126 -27 42.9963
    endloop
  endfacet
  facet normal 0 -1 -0
    outer loop
      vertex -84.3138 -27 44.5811
      vertex -86.7303 -27 42.889
      vertex -84.1029 -27 44.25
    endloop
  endfacet
  facet normal 0 -1 0
    outer loop
      vertex -86.6577 -27 42.775
      vertex -84.1029 -27 44.25
      vertex -86.7303 -27 42.889
    endloop
  endfacet
  facet normal 0 -1 -0
    outer loop
      vertex -84.1029 -27 44.25
      vertex -86.6577 -27 42.775
      vertex -83.9216 -27 43.9018
    endloop
  endfacet
  facet normal 0 -1 0
    outer loop
      vertex -86.5952 -27 42.6551
      vertex -83.9216 -27 43.9018
      vertex -86.6577 -27 42.775
    endloop
  endfacet
  facet normal 0 -1 -0
    outer loop
      vertex -83.9216 -27 43.9018
      vertex -86.5952 -27 42.6551
      vertex -83.7714 -27 43.5391
    endloop
  endfacet
  facet normal 0 -1 0
    outer loop
      vertex -86.5435 -27 42.5301
      vertex -83.7714 -27 43.5391
      vertex -86.5952 -27 42.6551
    endloop
  endfacet
  facet normal 0 -1 -0
    outer loop
      vertex -83.7714 -27 43.5391
      vertex -86.5435 -27 42.5301
      vertex -83.6533 -27 43.1647
    endloop
  endfacet
  facet normal 0 -1 0
    outer loop
      vertex -86.5028 -27 42.4012
      vertex -83.6533 -27 43.1647
      vertex -86.5435 -27 42.5301
    endloop
  endfacet
  facet normal 0 -1 -0
    outer loop
      vertex -83.6533 -27 43.1647
      vertex -86.5028 -27 42.4012
      vertex -83.5684 -27 42.7814
    endloop
  endfacet
  facet normal 0 -1 0
    outer loop
      vertex -86.4735 -27 42.2692
      vertex -83.5684 -27 42.7814
      vertex -86.5028 -27 42.4012
    endloop
  endfacet
  facet normal 0 -1 -0
    outer loop
      vertex -83.5684 -27 42.7814
      vertex -86.4735 -27 42.2692
      vertex -83.5171 -27 42.3922
    endloop
  endfacet
  facet normal 0 -1 0
    outer loop
      vertex -86.4559 -27 42.1351
      vertex -83.5171 -27 42.3922
      vertex -86.4735 -27 42.2692
    endloop
  endfacet
  facet normal 0 -1 0
    outer loop
      vertex -86.45 -27 42
      vertex -83.5171 -27 42.3922
      vertex -86.4559 -27 42.1351
    endloop
  endfacet
  facet normal 0 -1 0
    outer loop
      vertex -86.45 -27 42
      vertex -83.5 -27 42
      vertex -83.5171 -27 42.3922
    endloop
  endfacet
  facet normal 0 -1 0
    outer loop
      vertex -86.4559 -27 41.8649
      vertex -83.5 -27 42
      vertex -86.45 -27 42
    endloop
  endfacet
  facet normal 0 -1 0
    outer loop
      vertex -83.5171 -27 41.6078
      vertex -86.4559 -27 41.8649
      vertex -86.4735 -27 41.7308
    endloop
  endfacet
  facet normal 0 -1 0
    outer loop
      vertex -86.4559 -27 41.8649
      vertex -83.5171 -27 41.6078
      vertex -83.5 -27 42
    endloop
  endfacet
  facet normal 0 -1 0
    outer loop
      vertex -83.5684 -27 41.2186
      vertex -86.4735 -27 41.7308
      vertex -86.5028 -27 41.5988
    endloop
  endfacet
  facet normal 0 -1 0
    outer loop
      vertex -83.6533 -27 40.8353
      vertex -86.5028 -27 41.5988
      vertex -86.5435 -27 41.4699
    endloop
  endfacet
  facet normal 0 -1 0
    outer loop
      vertex -83.7714 -27 40.4609
      vertex -86.5435 -27 41.4699
      vertex -86.5952 -27 41.3449
    endloop
  endfacet
  facet normal 0 -1 0
    outer loop
      vertex -83.9216 -27 40.0982
      vertex -86.5952 -27 41.3449
      vertex -86.6577 -27 41.225
    endloop
  endfacet
  facet normal 0 -1 0
    outer loop
      vertex -86.4735 -27 41.7308
      vertex -83.5684 -27 41.2186
      vertex -83.5171 -27 41.6078
    endloop
  endfacet
  facet normal 0 -1 0
    outer loop
      vertex -84.1029 -27 39.75
      vertex -86.6577 -27 41.225
      vertex -86.7303 -27 41.111
    endloop
  endfacet
  facet normal 0 -1 0
    outer loop
      vertex -84.3138 -27 39.4189
      vertex -86.7303 -27 41.111
      vertex -86.8126 -27 41.0037
    endloop
  endfacet
  facet normal 0 -1 0
    outer loop
      vertex -84.5528 -27 39.1075
      vertex -86.8126 -27 41.0037
      vertex -86.904 -27 40.904
    endloop
  endfacet
  facet normal 0 -1 0
    outer loop
      vertex -86.5028 -27 41.5988
      vertex -83.6533 -27 40.8353
      vertex -83.5684 -27 41.2186
    endloop
  endfacet
  facet normal 0 -1 0
    outer loop
      vertex -84.818 -27 38.818
      vertex -86.904 -27 40.904
      vertex -87.0037 -27 40.8126
    endloop
  endfacet
  facet normal 0 -1 0
    outer loop
      vertex -85.1075 -27 38.5528
      vertex -87.0037 -27 40.8126
      vertex -87.111 -27 40.7303
    endloop
  endfacet
  facet normal 0 -1 0
    outer loop
      vertex -85.4189 -27 38.3138
      vertex -87.111 -27 40.7303
      vertex -87.225 -27 40.6577
    endloop
  endfacet
  facet normal 0 -1 0
    outer loop
      vertex -85.75 -27 38.1029
      vertex -87.225 -27 40.6577
      vertex -87.3449 -27 40.5952
    endloop
  endfacet
  facet normal 0 -1 0
    outer loop
      vertex -86.0982 -27 37.9216
      vertex -87.3449 -27 40.5952
      vertex -87.4699 -27 40.5435
    endloop
  endfacet
  facet normal 0 -1 0
    outer loop
      vertex -86.4609 -27 37.7714
      vertex -87.4699 -27 40.5435
      vertex -87.5988 -27 40.5028
    endloop
  endfacet
  facet normal 0 -1 0
    outer loop
      vertex -86.8353 -27 37.6533
      vertex -87.5988 -27 40.5028
      vertex -87.7308 -27 40.4735
    endloop
  endfacet
  facet normal 0 -1 0
    outer loop
      vertex -86.5435 -27 41.4699
      vertex -83.7714 -27 40.4609
      vertex -83.6533 -27 40.8353
    endloop
  endfacet
  facet normal 0 -1 0
    outer loop
      vertex -87.2186 -27 37.5684
      vertex -87.7308 -27 40.4735
      vertex -87.8649 -27 40.4559
    endloop
  endfacet
  facet normal 0 -1 0
    outer loop
      vertex -87.6078 -27 37.5171
      vertex -87.8649 -27 40.4559
      vertex -88 -27 40.45
    endloop
  endfacet
  facet normal 0 -1 0
    outer loop
      vertex -90.25 -27 38.1029
      vertex -88.775 -27 40.6577
      vertex -90.5811 -27 38.3138
    endloop
  endfacet
  facet normal 0 -1 0
    outer loop
      vertex -86.5952 -27 41.3449
      vertex -83.9216 -27 40.0982
      vertex -83.7714 -27 40.4609
    endloop
  endfacet
  facet normal 0 -1 -0
    outer loop
      vertex -88.775 -27 40.6577
      vertex -90.25 -27 38.1029
      vertex -88.6551 -27 40.5952
    endloop
  endfacet
  facet normal 0 -1 0
    outer loop
      vertex -86.6577 -27 41.225
      vertex -84.1029 -27 39.75
      vertex -83.9216 -27 40.0982
    endloop
  endfacet
  facet normal 0 -1 0
    outer loop
      vertex -89.9018 -27 37.9216
      vertex -88.6551 -27 40.5952
      vertex -90.25 -27 38.1029
    endloop
  endfacet
  facet normal 0 -1 0
    outer loop
      vertex -86.7303 -27 41.111
      vertex -84.3138 -27 39.4189
      vertex -84.1029 -27 39.75
    endloop
  endfacet
  facet normal 0 -1 -0
    outer loop
      vertex -88.6551 -27 40.5952
      vertex -89.9018 -27 37.9216
      vertex -88.5301 -27 40.5435
    endloop
  endfacet
  facet normal 0 -1 0
    outer loop
      vertex -86.8126 -27 41.0037
      vertex -84.5528 -27 39.1075
      vertex -84.3138 -27 39.4189
    endloop
  endfacet
  facet normal 0 -1 0
    outer loop
      vertex -89.5391 -27 37.7714
      vertex -88.5301 -27 40.5435
      vertex -89.9018 -27 37.9216
    endloop
  endfacet
  facet normal 0 -1 0
    outer loop
      vertex -86.904 -27 40.904
      vertex -84.818 -27 38.818
      vertex -84.5528 -27 39.1075
    endloop
  endfacet
  facet normal 0 -1 -0
    outer loop
      vertex -88.5301 -27 40.5435
      vertex -89.5391 -27 37.7714
      vertex -88.4012 -27 40.5028
    endloop
  endfacet
  facet normal 0 -1 0
    outer loop
      vertex -87.0037 -27 40.8126
      vertex -85.1075 -27 38.5528
      vertex -84.818 -27 38.818
    endloop
  endfacet
  facet normal 0 -1 0
    outer loop
      vertex -89.1647 -27 37.6533
      vertex -88.4012 -27 40.5028
      vertex -89.5391 -27 37.7714
    endloop
  endfacet
  facet normal 0 -1 0
    outer loop
      vertex -87.111 -27 40.7303
      vertex -85.4189 -27 38.3138
      vertex -85.1075 -27 38.5528
    endloop
  endfacet
  facet normal 0 -1 -0
    outer loop
      vertex -88.4012 -27 40.5028
      vertex -89.1647 -27 37.6533
      vertex -88.2692 -27 40.4735
    endloop
  endfacet
  facet normal 0 -1 0
    outer loop
      vertex -87.225 -27 40.6577
      vertex -85.75 -27 38.1029
      vertex -85.4189 -27 38.3138
    endloop
  endfacet
  facet normal 0 -1 0
    outer loop
      vertex -88.7814 -27 37.5684
      vertex -88.2692 -27 40.4735
      vertex -89.1647 -27 37.6533
    endloop
  endfacet
  facet normal 0 -1 0
    outer loop
      vertex -87.3449 -27 40.5952
      vertex -86.0982 -27 37.9216
      vertex -85.75 -27 38.1029
    endloop
  endfacet
  facet normal 0 -1 -0
    outer loop
      vertex -88.2692 -27 40.4735
      vertex -88.7814 -27 37.5684
      vertex -88.1351 -27 40.4559
    endloop
  endfacet
  facet normal 0 -1 0
    outer loop
      vertex -87.4699 -27 40.5435
      vertex -86.4609 -27 37.7714
      vertex -86.0982 -27 37.9216
    endloop
  endfacet
  facet normal 0 -1 0
    outer loop
      vertex -88.3922 -27 37.5171
      vertex -88.1351 -27 40.4559
      vertex -88.7814 -27 37.5684
    endloop
  endfacet
  facet normal 0 -1 0
    outer loop
      vertex -87.5988 -27 40.5028
      vertex -86.8353 -27 37.6533
      vertex -86.4609 -27 37.7714
    endloop
  endfacet
  facet normal 0 -1 -0
    outer loop
      vertex -88.1351 -27 40.4559
      vertex -88.3922 -27 37.5171
      vertex -88 -27 40.45
    endloop
  endfacet
  facet normal 0 -1 0
    outer loop
      vertex -87.7308 -27 40.4735
      vertex -87.2186 -27 37.5684
      vertex -86.8353 -27 37.6533
    endloop
  endfacet
  facet normal 0 -1 0
    outer loop
      vertex -88 -27 37.5
      vertex -88 -27 40.45
      vertex -88.3922 -27 37.5171
    endloop
  endfacet
  facet normal 0 -1 0
    outer loop
      vertex -87.8649 -27 40.4559
      vertex -87.6078 -27 37.5171
      vertex -87.2186 -27 37.5684
    endloop
  endfacet
  facet normal 0 -1 0
    outer loop
      vertex -88 -27 40.45
      vertex -88 -27 37.5
      vertex -87.6078 -27 37.5171
    endloop
  endfacet
  facet normal -0.537238 0 0.843431
    outer loop
      vertex -90.5811 -9 45.6862
      vertex -90.25 -27 45.8971
      vertex -90.25 -9 45.8971
    endloop
  endfacet
  facet normal -0.537238 0 0.843431
    outer loop
      vertex -90.25 -27 45.8971
      vertex -90.5811 -9 45.6862
      vertex -90.5811 -27 45.6862
    endloop
  endfacet
  facet normal -0.0435588 0 0.999051
    outer loop
      vertex -88.3922 -9 46.4829
      vertex -88 -27 46.5
      vertex -88 -9 46.5
    endloop
  endfacet
  facet normal -0.0435588 0 0.999051
    outer loop
      vertex -88 -27 46.5
      vertex -88.3922 -9 46.4829
      vertex -88.3922 -27 46.4829
    endloop
  endfacet
  facet normal 0.0435588 0 -0.999051
    outer loop
      vertex -88 -27 37.5
      vertex -87.6078 -9 37.5171
      vertex -87.6078 -27 37.5171
    endloop
  endfacet
  facet normal 0.0435588 0 -0.999051
    outer loop
      vertex -87.6078 -9 37.5171
      vertex -88 -27 37.5
      vertex -88 -9 37.5
    endloop
  endfacet
  facet normal 0.461826 0 -0.886971
    outer loop
      vertex -86.0982 -27 37.9216
      vertex -85.75 -9 38.1029
      vertex -85.75 -27 38.1029
    endloop
  endfacet
  facet normal 0.461826 0 -0.886971
    outer loop
      vertex -85.75 -9 38.1029
      vertex -86.0982 -27 37.9216
      vertex -86.0982 -9 37.9216
    endloop
  endfacet
  facet normal 0.608849 0 -0.793286
    outer loop
      vertex -85.4189 -27 38.3138
      vertex -85.1075 -9 38.5528
      vertex -85.1075 -27 38.5528
    endloop
  endfacet
  facet normal 0.608849 0 -0.793286
    outer loop
      vertex -85.1075 -9 38.5528
      vertex -85.4189 -27 38.3138
      vertex -85.4189 -9 38.3138
    endloop
  endfacet
  facet normal 0.537238 0 -0.843431
    outer loop
      vertex -85.75 -27 38.1029
      vertex -85.4189 -9 38.3138
      vertex -85.4189 -27 38.3138
    endloop
  endfacet
  facet normal 0.537238 0 -0.843431
    outer loop
      vertex -85.4189 -9 38.3138
      vertex -85.75 -27 38.1029
      vertex -85.75 -9 38.1029
    endloop
  endfacet
  facet normal 0.793286 0 -0.608849
    outer loop
      vertex -84.3138 -27 39.4189
      vertex -84.5528 -9 39.1075
      vertex -84.3138 -9 39.4189
    endloop
  endfacet
  facet normal 0.793286 0 -0.608849
    outer loop
      vertex -84.5528 -9 39.1075
      vertex -84.3138 -27 39.4189
      vertex -84.5528 -27 39.1075
    endloop
  endfacet
  facet normal 0.843431 0 -0.537238
    outer loop
      vertex -84.1029 -27 39.75
      vertex -84.3138 -9 39.4189
      vertex -84.1029 -9 39.75
    endloop
  endfacet
  facet normal 0.843431 0 -0.537238
    outer loop
      vertex -84.3138 -9 39.4189
      vertex -84.1029 -27 39.75
      vertex -84.3138 -27 39.4189
    endloop
  endfacet
  facet normal -0.675482 0 -0.737376
    outer loop
      vertex -91.182 -27 38.818
      vertex -90.8925 -9 38.5528
      vertex -90.8925 -27 38.5528
    endloop
  endfacet
  facet normal -0.675482 0 -0.737376
    outer loop
      vertex -90.8925 -9 38.5528
      vertex -91.182 -27 38.818
      vertex -91.182 -9 38.818
    endloop
  endfacet
  facet normal -0.608849 0 -0.793286
    outer loop
      vertex -90.8925 -27 38.5528
      vertex -90.5811 -9 38.3138
      vertex -90.5811 -27 38.3138
    endloop
  endfacet
  facet normal -0.608849 0 -0.793286
    outer loop
      vertex -90.5811 -9 38.3138
      vertex -90.8925 -27 38.5528
      vertex -90.8925 -9 38.5528
    endloop
  endfacet
  facet normal -0.537238 0 -0.843431
    outer loop
      vertex -90.5811 -27 38.3138
      vertex -90.25 -9 38.1029
      vertex -90.25 -27 38.1029
    endloop
  endfacet
  facet normal -0.537238 0 -0.843431
    outer loop
      vertex -90.25 -9 38.1029
      vertex -90.5811 -27 38.3138
      vertex -90.5811 -9 38.3138
    endloop
  endfacet
  facet normal -0.130679 0 -0.991425
    outer loop
      vertex -88.7814 -27 37.5684
      vertex -88.3922 -9 37.5171
      vertex -88.3922 -27 37.5171
    endloop
  endfacet
  facet normal -0.130679 0 -0.991425
    outer loop
      vertex -88.3922 -9 37.5171
      vertex -88.7814 -27 37.5684
      vertex -88.7814 -9 37.5684
    endloop
  endfacet
  facet normal -0.923911 0 -0.382607
    outer loop
      vertex -92.0784 -27 40.0982
      vertex -92.2286 -9 40.4609
      vertex -92.0784 -9 40.0982
    endloop
  endfacet
  facet normal -0.923911 -0 -0.382607
    outer loop
      vertex -92.2286 -9 40.4609
      vertex -92.0784 -27 40.0982
      vertex -92.2286 -27 40.4609
    endloop
  endfacet
  facet normal -0.999051 0 -0.0435588
    outer loop
      vertex -92.4829 -27 41.6078
      vertex -92.5 -9 42
      vertex -92.4829 -9 41.6078
    endloop
  endfacet
  facet normal -0.999051 -0 -0.0435588
    outer loop
      vertex -92.5 -9 42
      vertex -92.4829 -27 41.6078
      vertex -92.5 -27 42
    endloop
  endfacet
  facet normal 0.976337 -0 0.216256
    outer loop
      vertex -83.6533 -27 43.1647
      vertex -83.5684 -9 42.7814
      vertex -83.6533 -9 43.1647
    endloop
  endfacet
  facet normal 0.976337 0 0.216256
    outer loop
      vertex -83.5684 -9 42.7814
      vertex -83.6533 -27 43.1647
      vertex -83.5684 -27 42.7814
    endloop
  endfacet
  facet normal 0.991425 -0 0.130679
    outer loop
      vertex -83.5684 -27 42.7814
      vertex -83.5171 -9 42.3922
      vertex -83.5684 -9 42.7814
    endloop
  endfacet
  facet normal 0.991425 0 0.130679
    outer loop
      vertex -83.5171 -9 42.3922
      vertex -83.5684 -27 42.7814
      vertex -83.5171 -27 42.3922
    endloop
  endfacet
  facet normal 0.737376 -0 0.675482
    outer loop
      vertex -84.818 -27 45.182
      vertex -84.5528 -9 44.8925
      vertex -84.818 -9 45.182
    endloop
  endfacet
  facet normal 0.737376 0 0.675482
    outer loop
      vertex -84.5528 -9 44.8925
      vertex -84.818 -27 45.182
      vertex -84.5528 -27 44.8925
    endloop
  endfacet
  facet normal 0.300827 0 0.953679
    outer loop
      vertex -86.8353 -9 46.3467
      vertex -86.4609 -27 46.2286
      vertex -86.4609 -9 46.2286
    endloop
  endfacet
  facet normal 0.300827 0 0.953679
    outer loop
      vertex -86.4609 -27 46.2286
      vertex -86.8353 -9 46.3467
      vertex -86.8353 -27 46.3467
    endloop
  endfacet
  facet normal 0.461826 0 0.886971
    outer loop
      vertex -86.0982 -9 46.0784
      vertex -85.75 -27 45.8971
      vertex -85.75 -9 45.8971
    endloop
  endfacet
  facet normal 0.461826 0 0.886971
    outer loop
      vertex -85.75 -27 45.8971
      vertex -86.0982 -9 46.0784
      vertex -86.0982 -27 46.0784
    endloop
  endfacet
  facet normal -0.737376 0 0.675482
    outer loop
      vertex -91.4472 -27 44.8925
      vertex -91.182 -9 45.182
      vertex -91.4472 -9 44.8925
    endloop
  endfacet
  facet normal -0.737376 0 0.675482
    outer loop
      vertex -91.182 -9 45.182
      vertex -91.4472 -27 44.8925
      vertex -91.182 -27 45.182
    endloop
  endfacet
  facet normal -0.923911 0 0.382607
    outer loop
      vertex -92.2286 -27 43.5391
      vertex -92.0784 -9 43.9018
      vertex -92.2286 -9 43.5391
    endloop
  endfacet
  facet normal -0.923911 0 0.382607
    outer loop
      vertex -92.0784 -9 43.9018
      vertex -92.2286 -27 43.5391
      vertex -92.0784 -27 43.9018
    endloop
  endfacet
  facet normal -0.886971 0 0.461826
    outer loop
      vertex -92.0784 -27 43.9018
      vertex -91.8971 -9 44.25
      vertex -92.0784 -9 43.9018
    endloop
  endfacet
  facet normal -0.886971 0 0.461826
    outer loop
      vertex -91.8971 -9 44.25
      vertex -92.0784 -27 43.9018
      vertex -91.8971 -27 44.25
    endloop
  endfacet
  facet normal -0.608849 0 0.793286
    outer loop
      vertex -90.8925 -9 45.4472
      vertex -90.5811 -27 45.6862
      vertex -90.5811 -9 45.6862
    endloop
  endfacet
  facet normal -0.608849 0 0.793286
    outer loop
      vertex -90.5811 -27 45.6862
      vertex -90.8925 -9 45.4472
      vertex -90.8925 -27 45.4472
    endloop
  endfacet
  facet normal -0.461826 0 0.886971
    outer loop
      vertex -90.25 -9 45.8971
      vertex -89.9018 -27 46.0784
      vertex -89.9018 -9 46.0784
    endloop
  endfacet
  facet normal -0.461826 0 0.886971
    outer loop
      vertex -89.9018 -27 46.0784
      vertex -90.25 -9 45.8971
      vertex -90.25 -27 45.8971
    endloop
  endfacet
  facet normal -0.216256 0 0.976337
    outer loop
      vertex -89.1647 -9 46.3467
      vertex -88.7814 -27 46.4316
      vertex -88.7814 -9 46.4316
    endloop
  endfacet
  facet normal -0.216256 0 0.976337
    outer loop
      vertex -88.7814 -27 46.4316
      vertex -89.1647 -9 46.3467
      vertex -89.1647 -27 46.3467
    endloop
  endfacet
  facet normal 0.130679 0 -0.991425
    outer loop
      vertex -87.6078 -27 37.5171
      vertex -87.2186 -9 37.5684
      vertex -87.2186 -27 37.5684
    endloop
  endfacet
  facet normal 0.130679 0 -0.991425
    outer loop
      vertex -87.2186 -9 37.5684
      vertex -87.6078 -27 37.5171
      vertex -87.6078 -9 37.5171
    endloop
  endfacet
  facet normal 0.382607 0 -0.923911
    outer loop
      vertex -86.4609 -27 37.7714
      vertex -86.0982 -9 37.9216
      vertex -86.0982 -27 37.9216
    endloop
  endfacet
  facet normal 0.382607 0 -0.923911
    outer loop
      vertex -86.0982 -9 37.9216
      vertex -86.4609 -27 37.7714
      vertex -86.4609 -9 37.7714
    endloop
  endfacet
  facet normal 0.737376 0 -0.675482
    outer loop
      vertex -84.5528 -27 39.1075
      vertex -84.818 -9 38.818
      vertex -84.5528 -9 39.1075
    endloop
  endfacet
  facet normal 0.737376 0 -0.675482
    outer loop
      vertex -84.818 -9 38.818
      vertex -84.5528 -27 39.1075
      vertex -84.818 -27 38.818
    endloop
  endfacet
  facet normal 0.923911 0 -0.382607
    outer loop
      vertex -83.7714 -27 40.4609
      vertex -83.9216 -9 40.0982
      vertex -83.7714 -9 40.4609
    endloop
  endfacet
  facet normal 0.923911 0 -0.382607
    outer loop
      vertex -83.9216 -9 40.0982
      vertex -83.7714 -27 40.4609
      vertex -83.9216 -27 40.0982
    endloop
  endfacet
  facet normal 0.976337 0 -0.216256
    outer loop
      vertex -83.5684 -27 41.2186
      vertex -83.6533 -9 40.8353
      vertex -83.5684 -9 41.2186
    endloop
  endfacet
  facet normal 0.976337 0 -0.216256
    outer loop
      vertex -83.6533 -9 40.8353
      vertex -83.5684 -27 41.2186
      vertex -83.6533 -27 40.8353
    endloop
  endfacet
  facet normal 0.999051 0 -0.0435588
    outer loop
      vertex -83.5 -27 42
      vertex -83.5171 -9 41.6078
      vertex -83.5 -9 42
    endloop
  endfacet
  facet normal 0.999051 0 -0.0435588
    outer loop
      vertex -83.5171 -9 41.6078
      vertex -83.5 -27 42
      vertex -83.5171 -27 41.6078
    endloop
  endfacet
  facet normal -0.461826 0 -0.886971
    outer loop
      vertex -90.25 -27 38.1029
      vertex -89.9018 -9 37.9216
      vertex -89.9018 -27 37.9216
    endloop
  endfacet
  facet normal -0.461826 0 -0.886971
    outer loop
      vertex -89.9018 -9 37.9216
      vertex -90.25 -27 38.1029
      vertex -90.25 -9 38.1029
    endloop
  endfacet
  facet normal -0.216256 0 -0.976337
    outer loop
      vertex -89.1647 -27 37.6533
      vertex -88.7814 -9 37.5684
      vertex -88.7814 -27 37.5684
    endloop
  endfacet
  facet normal -0.216256 0 -0.976337
    outer loop
      vertex -88.7814 -9 37.5684
      vertex -89.1647 -27 37.6533
      vertex -89.1647 -9 37.6533
    endloop
  endfacet
  facet normal -0.0435588 0 -0.999051
    outer loop
      vertex -88.3922 -27 37.5171
      vertex -88 -9 37.5
      vertex -88 -27 37.5
    endloop
  endfacet
  facet normal -0.0435588 0 -0.999051
    outer loop
      vertex -88 -9 37.5
      vertex -88.3922 -27 37.5171
      vertex -88.3922 -9 37.5171
    endloop
  endfacet
  facet normal -0.843431 0 -0.537238
    outer loop
      vertex -91.6862 -27 39.4189
      vertex -91.8971 -9 39.75
      vertex -91.6862 -9 39.4189
    endloop
  endfacet
  facet normal -0.843431 -0 -0.537238
    outer loop
      vertex -91.8971 -9 39.75
      vertex -91.6862 -27 39.4189
      vertex -91.8971 -27 39.75
    endloop
  endfacet
  facet normal -0.953679 0 -0.300827
    outer loop
      vertex -92.2286 -27 40.4609
      vertex -92.3467 -9 40.8353
      vertex -92.2286 -9 40.4609
    endloop
  endfacet
  facet normal -0.953679 -0 -0.300827
    outer loop
      vertex -92.3467 -9 40.8353
      vertex -92.2286 -27 40.4609
      vertex -92.3467 -27 40.8353
    endloop
  endfacet
  facet normal -0.991425 0 -0.130679
    outer loop
      vertex -92.4316 -27 41.2186
      vertex -92.4829 -9 41.6078
      vertex -92.4316 -9 41.2186
    endloop
  endfacet
  facet normal -0.991425 -0 -0.130679
    outer loop
      vertex -92.4829 -9 41.6078
      vertex -92.4316 -27 41.2186
      vertex -92.4829 -27 41.6078
    endloop
  endfacet
  facet normal -0.382607 0 0.923911
    outer loop
      vertex -89.9018 -9 46.0784
      vertex -89.5391 -27 46.2286
      vertex -89.5391 -9 46.2286
    endloop
  endfacet
  facet normal -0.382607 0 0.923911
    outer loop
      vertex -89.5391 -27 46.2286
      vertex -89.9018 -9 46.0784
      vertex -89.9018 -27 46.0784
    endloop
  endfacet
  facet normal 0.216256 0 -0.976337
    outer loop
      vertex -87.2186 -27 37.5684
      vertex -86.8353 -9 37.6533
      vertex -86.8353 -27 37.6533
    endloop
  endfacet
  facet normal 0.216256 0 -0.976337
    outer loop
      vertex -86.8353 -9 37.6533
      vertex -87.2186 -27 37.5684
      vertex -87.2186 -9 37.5684
    endloop
  endfacet
  facet normal -0.382607 0 -0.923911
    outer loop
      vertex -89.9018 -27 37.9216
      vertex -89.5391 -9 37.7714
      vertex -89.5391 -27 37.7714
    endloop
  endfacet
  facet normal -0.382607 0 -0.923911
    outer loop
      vertex -89.5391 -9 37.7714
      vertex -89.9018 -27 37.9216
      vertex -89.9018 -9 37.9216
    endloop
  endfacet
  facet normal -0.886971 0 -0.461826
    outer loop
      vertex -91.8971 -27 39.75
      vertex -92.0784 -9 40.0982
      vertex -91.8971 -9 39.75
    endloop
  endfacet
  facet normal -0.886971 -0 -0.461826
    outer loop
      vertex -92.0784 -9 40.0982
      vertex -91.8971 -27 39.75
      vertex -92.0784 -27 40.0982
    endloop
  endfacet
  facet normal 0.991425 0 -0.130679
    outer loop
      vertex -83.5171 -27 41.6078
      vertex -83.5684 -9 41.2186
      vertex -83.5171 -9 41.6078
    endloop
  endfacet
  facet normal 0.991425 0 -0.130679
    outer loop
      vertex -83.5684 -9 41.2186
      vertex -83.5171 -27 41.6078
      vertex -83.5684 -27 41.2186
    endloop
  endfacet
  facet normal -0.886756 0 -0.462237
    outer loop
      vertex -86.5952 -27 42.6551
      vertex -86.6577 -9 42.775
      vertex -86.5952 -9 42.6551
    endloop
  endfacet
  facet normal -0.886756 -0 -0.462237
    outer loop
      vertex -86.6577 -9 42.775
      vertex -86.5952 -27 42.6551
      vertex -86.6577 -27 42.775
    endloop
  endfacet
  facet normal -0.301096 0 -0.953594
    outer loop
      vertex -87.5988 -27 43.4972
      vertex -87.4699 -9 43.4565
      vertex -87.4699 -27 43.4565
    endloop
  endfacet
  facet normal -0.301096 0 -0.953594
    outer loop
      vertex -87.4699 -9 43.4565
      vertex -87.5988 -27 43.4972
      vertex -87.5988 -9 43.4972
    endloop
  endfacet
  facet normal 0.382199 0 -0.92408
    outer loop
      vertex -88.6551 -27 43.4048
      vertex -88.5301 -9 43.4565
      vertex -88.5301 -27 43.4565
    endloop
  endfacet
  facet normal 0.382199 0 -0.92408
    outer loop
      vertex -88.5301 -9 43.4565
      vertex -88.6551 -27 43.4048
      vertex -88.6551 -9 43.4048
    endloop
  endfacet
  facet normal 0.92408 0 -0.382199
    outer loop
      vertex -89.4048 -27 42.6551
      vertex -89.4565 -9 42.5301
      vertex -89.4048 -9 42.6551
    endloop
  endfacet
  facet normal 0.92408 0 -0.382199
    outer loop
      vertex -89.4565 -9 42.5301
      vertex -89.4048 -27 42.6551
      vertex -89.4565 -27 42.5301
    endloop
  endfacet
  facet normal -0.999048 0 0.0436298
    outer loop
      vertex -86.4559 -27 41.8649
      vertex -86.45 -9 42
      vertex -86.4559 -9 41.8649
    endloop
  endfacet
  facet normal -0.999048 0 0.0436298
    outer loop
      vertex -86.45 -9 42
      vertex -86.4559 -27 41.8649
      vertex -86.45 -27 42
    endloop
  endfacet
  facet normal -0.0436298 0 -0.999048
    outer loop
      vertex -88 -27 43.55
      vertex -87.8649 -9 43.5441
      vertex -87.8649 -27 43.5441
    endloop
  endfacet
  facet normal -0.0436298 0 -0.999048
    outer loop
      vertex -87.8649 -9 43.5441
      vertex -88 -27 43.55
      vertex -88 -9 43.55
    endloop
  endfacet
  facet normal -0.462237 0 -0.886756
    outer loop
      vertex -87.3449 -27 43.4048
      vertex -87.225 -9 43.3423
      vertex -87.225 -27 43.3423
    endloop
  endfacet
  facet normal -0.462237 0 -0.886756
    outer loop
      vertex -87.225 -9 43.3423
      vertex -87.3449 -27 43.4048
      vertex -87.3449 -9 43.4048
    endloop
  endfacet
  facet normal 0.991497 0 -0.130129
    outer loop
      vertex -89.5265 -27 42.2692
      vertex -89.5441 -9 42.1351
      vertex -89.5265 -9 42.2692
    endloop
  endfacet
  facet normal 0.991497 0 -0.130129
    outer loop
      vertex -89.5441 -9 42.1351
      vertex -89.5265 -27 42.2692
      vertex -89.5441 -27 42.1351
    endloop
  endfacet
  facet normal 0.793475 0 -0.608602
    outer loop
      vertex -89.1874 -27 42.9963
      vertex -89.2697 -9 42.889
      vertex -89.1874 -9 42.9963
    endloop
  endfacet
  facet normal 0.793475 0 -0.608602
    outer loop
      vertex -89.2697 -9 42.889
      vertex -89.1874 -27 42.9963
      vertex -89.2697 -27 42.889
    endloop
  endfacet
  facet normal 0.216696 0 -0.976239
    outer loop
      vertex -88.4012 -27 43.4972
      vertex -88.2692 -9 43.5265
      vertex -88.2692 -27 43.5265
    endloop
  endfacet
  facet normal 0.216696 0 -0.976239
    outer loop
      vertex -88.2692 -9 43.5265
      vertex -88.4012 -27 43.4972
      vertex -88.4012 -9 43.4972
    endloop
  endfacet
  facet normal -0.793475 0 -0.608602
    outer loop
      vertex -86.7303 -27 42.889
      vertex -86.8126 -9 42.9963
      vertex -86.7303 -9 42.889
    endloop
  endfacet
  facet normal -0.793475 -0 -0.608602
    outer loop
      vertex -86.8126 -9 42.9963
      vertex -86.7303 -27 42.889
      vertex -86.8126 -27 42.9963
    endloop
  endfacet
  facet normal -0.675758 0 -0.737123
    outer loop
      vertex -87.0037 -27 43.1874
      vertex -86.904 -9 43.096
      vertex -86.904 -27 43.096
    endloop
  endfacet
  facet normal -0.675758 0 -0.737123
    outer loop
      vertex -86.904 -9 43.096
      vertex -87.0037 -27 43.1874
      vertex -87.0037 -9 43.1874
    endloop
  endfacet
  facet normal -0.737123 0 -0.675758
    outer loop
      vertex -86.8126 -27 42.9963
      vertex -86.904 -9 43.096
      vertex -86.8126 -9 42.9963
    endloop
  endfacet
  facet normal -0.737123 -0 -0.675758
    outer loop
      vertex -86.904 -9 43.096
      vertex -86.8126 -27 42.9963
      vertex -86.904 -27 43.096
    endloop
  endfacet
  facet normal 0.0436298 0 -0.999048
    outer loop
      vertex -88.1351 -27 43.5441
      vertex -88 -9 43.55
      vertex -88 -27 43.55
    endloop
  endfacet
  facet normal 0.0436298 0 -0.999048
    outer loop
      vertex -88 -9 43.55
      vertex -88.1351 -27 43.5441
      vertex -88.1351 -9 43.5441
    endloop
  endfacet
  facet normal -0.216696 0 -0.976239
    outer loop
      vertex -87.7308 -27 43.5265
      vertex -87.5988 -9 43.4972
      vertex -87.5988 -27 43.4972
    endloop
  endfacet
  facet normal -0.216696 0 -0.976239
    outer loop
      vertex -87.5988 -9 43.4972
      vertex -87.7308 -27 43.5265
      vertex -87.7308 -9 43.5265
    endloop
  endfacet
  facet normal -0.130129 0 -0.991497
    outer loop
      vertex -87.8649 -27 43.5441
      vertex -87.7308 -9 43.5265
      vertex -87.7308 -27 43.5265
    endloop
  endfacet
  facet normal -0.130129 0 -0.991497
    outer loop
      vertex -87.7308 -9 43.5265
      vertex -87.8649 -27 43.5441
      vertex -87.8649 -9 43.5441
    endloop
  endfacet
  facet normal -0.537163 0 -0.843479
    outer loop
      vertex -87.225 -27 43.3423
      vertex -87.111 -9 43.2697
      vertex -87.111 -27 43.2697
    endloop
  endfacet
  facet normal -0.537163 0 -0.843479
    outer loop
      vertex -87.111 -9 43.2697
      vertex -87.225 -27 43.3423
      vertex -87.225 -9 43.3423
    endloop
  endfacet
  facet normal -0.382199 0 -0.92408
    outer loop
      vertex -87.4699 -27 43.4565
      vertex -87.3449 -9 43.4048
      vertex -87.3449 -27 43.4048
    endloop
  endfacet
  facet normal -0.382199 0 -0.92408
    outer loop
      vertex -87.3449 -9 43.4048
      vertex -87.4699 -27 43.4565
      vertex -87.4699 -9 43.4565
    endloop
  endfacet
  facet normal 0.999048 0 -0.0436298
    outer loop
      vertex -89.5441 -27 42.1351
      vertex -89.55 -9 42
      vertex -89.5441 -9 42.1351
    endloop
  endfacet
  facet normal 0.999048 0 -0.0436298
    outer loop
      vertex -89.55 -9 42
      vertex -89.5441 -27 42.1351
      vertex -89.55 -27 42
    endloop
  endfacet
  facet normal 0.953594 0 -0.301096
    outer loop
      vertex -89.4565 -27 42.5301
      vertex -89.4972 -9 42.4012
      vertex -89.4565 -9 42.5301
    endloop
  endfacet
  facet normal 0.953594 0 -0.301096
    outer loop
      vertex -89.4972 -9 42.4012
      vertex -89.4565 -27 42.5301
      vertex -89.4972 -27 42.4012
    endloop
  endfacet
  facet normal 0.976239 0 -0.216696
    outer loop
      vertex -89.4972 -27 42.4012
      vertex -89.5265 -9 42.2692
      vertex -89.4972 -9 42.4012
    endloop
  endfacet
  facet normal 0.976239 0 -0.216696
    outer loop
      vertex -89.5265 -9 42.2692
      vertex -89.4972 -27 42.4012
      vertex -89.5265 -27 42.2692
    endloop
  endfacet
  facet normal 0.886756 0 -0.462237
    outer loop
      vertex -89.3423 -27 42.775
      vertex -89.4048 -9 42.6551
      vertex -89.3423 -9 42.775
    endloop
  endfacet
  facet normal 0.886756 0 -0.462237
    outer loop
      vertex -89.4048 -9 42.6551
      vertex -89.3423 -27 42.775
      vertex -89.4048 -27 42.6551
    endloop
  endfacet
  facet normal 0.843479 0 -0.537163
    outer loop
      vertex -89.2697 -27 42.889
      vertex -89.3423 -9 42.775
      vertex -89.2697 -9 42.889
    endloop
  endfacet
  facet normal 0.843479 0 -0.537163
    outer loop
      vertex -89.3423 -9 42.775
      vertex -89.2697 -27 42.889
      vertex -89.3423 -27 42.775
    endloop
  endfacet
  facet normal 0.301096 0 -0.953594
    outer loop
      vertex -88.5301 -27 43.4565
      vertex -88.4012 -9 43.4972
      vertex -88.4012 -27 43.4972
    endloop
  endfacet
  facet normal 0.301096 0 -0.953594
    outer loop
      vertex -88.4012 -9 43.4972
      vertex -88.5301 -27 43.4565
      vertex -88.5301 -9 43.4565
    endloop
  endfacet
  facet normal 0.130129 0 -0.991497
    outer loop
      vertex -88.2692 -27 43.5265
      vertex -88.1351 -9 43.5441
      vertex -88.1351 -27 43.5441
    endloop
  endfacet
  facet normal 0.130129 0 -0.991497
    outer loop
      vertex -88.1351 -9 43.5441
      vertex -88.2692 -27 43.5265
      vertex -88.2692 -9 43.5265
    endloop
  endfacet
  facet normal 0.608602 0 -0.793475
    outer loop
      vertex -88.9963 -27 43.1874
      vertex -88.889 -9 43.2697
      vertex -88.889 -27 43.2697
    endloop
  endfacet
  facet normal 0.608602 0 -0.793475
    outer loop
      vertex -88.889 -9 43.2697
      vertex -88.9963 -27 43.1874
      vertex -88.9963 -9 43.1874
    endloop
  endfacet
  facet normal 0.675758 0 -0.737123
    outer loop
      vertex -89.096 -27 43.096
      vertex -88.9963 -9 43.1874
      vertex -88.9963 -27 43.1874
    endloop
  endfacet
  facet normal 0.675758 0 -0.737123
    outer loop
      vertex -88.9963 -9 43.1874
      vertex -89.096 -27 43.096
      vertex -89.096 -9 43.096
    endloop
  endfacet
  facet normal 0.462237 0 -0.886756
    outer loop
      vertex -88.775 -27 43.3423
      vertex -88.6551 -9 43.4048
      vertex -88.6551 -27 43.4048
    endloop
  endfacet
  facet normal 0.462237 0 -0.886756
    outer loop
      vertex -88.6551 -9 43.4048
      vertex -88.775 -27 43.3423
      vertex -88.775 -9 43.3423
    endloop
  endfacet
  facet normal 0.737123 0 -0.675758
    outer loop
      vertex -89.096 -27 43.096
      vertex -89.1874 -9 42.9963
      vertex -89.096 -9 43.096
    endloop
  endfacet
  facet normal 0.737123 0 -0.675758
    outer loop
      vertex -89.1874 -9 42.9963
      vertex -89.096 -27 43.096
      vertex -89.1874 -27 42.9963
    endloop
  endfacet
  facet normal -0.999048 0 -0.0436298
    outer loop
      vertex -86.45 -27 42
      vertex -86.4559 -9 42.1351
      vertex -86.45 -9 42
    endloop
  endfacet
  facet normal -0.999048 -0 -0.0436298
    outer loop
      vertex -86.4559 -9 42.1351
      vertex -86.45 -27 42
      vertex -86.4559 -27 42.1351
    endloop
  endfacet
  facet normal -0.976239 0 0.216696
    outer loop
      vertex -86.5028 -27 41.5988
      vertex -86.4735 -9 41.7308
      vertex -86.5028 -9 41.5988
    endloop
  endfacet
  facet normal -0.976239 0 0.216696
    outer loop
      vertex -86.4735 -9 41.7308
      vertex -86.5028 -27 41.5988
      vertex -86.4735 -27 41.7308
    endloop
  endfacet
  facet normal -0.793475 0 0.608602
    outer loop
      vertex -86.8126 -27 41.0037
      vertex -86.7303 -9 41.111
      vertex -86.8126 -9 41.0037
    endloop
  endfacet
  facet normal -0.793475 0 0.608602
    outer loop
      vertex -86.7303 -9 41.111
      vertex -86.8126 -27 41.0037
      vertex -86.7303 -27 41.111
    endloop
  endfacet
  facet normal -0.0436298 0 0.999048
    outer loop
      vertex -88 -9 40.45
      vertex -87.8649 -27 40.4559
      vertex -87.8649 -9 40.4559
    endloop
  endfacet
  facet normal -0.0436298 0 0.999048
    outer loop
      vertex -87.8649 -27 40.4559
      vertex -88 -9 40.45
      vertex -88 -27 40.45
    endloop
  endfacet
  facet normal 0.953594 -0 0.301096
    outer loop
      vertex -89.4972 -27 41.5988
      vertex -89.4565 -9 41.4699
      vertex -89.4972 -9 41.5988
    endloop
  endfacet
  facet normal 0.953594 0 0.301096
    outer loop
      vertex -89.4565 -9 41.4699
      vertex -89.4972 -27 41.5988
      vertex -89.4565 -27 41.4699
    endloop
  endfacet
  facet normal 0.886756 -0 0.462237
    outer loop
      vertex -89.4048 -27 41.3449
      vertex -89.3423 -9 41.225
      vertex -89.4048 -9 41.3449
    endloop
  endfacet
  facet normal 0.886756 0 0.462237
    outer loop
      vertex -89.3423 -9 41.225
      vertex -89.4048 -27 41.3449
      vertex -89.3423 -27 41.225
    endloop
  endfacet
  facet normal -0.92408 0 -0.382199
    outer loop
      vertex -86.5435 -27 42.5301
      vertex -86.5952 -9 42.6551
      vertex -86.5435 -9 42.5301
    endloop
  endfacet
  facet normal -0.92408 -0 -0.382199
    outer loop
      vertex -86.5952 -9 42.6551
      vertex -86.5435 -27 42.5301
      vertex -86.5952 -27 42.6551
    endloop
  endfacet
  facet normal -0.953594 0 -0.301096
    outer loop
      vertex -86.5028 -27 42.4012
      vertex -86.5435 -9 42.5301
      vertex -86.5028 -9 42.4012
    endloop
  endfacet
  facet normal -0.953594 -0 -0.301096
    outer loop
      vertex -86.5435 -9 42.5301
      vertex -86.5028 -27 42.4012
      vertex -86.5435 -27 42.5301
    endloop
  endfacet
  facet normal -0.976239 0 -0.216696
    outer loop
      vertex -86.4735 -27 42.2692
      vertex -86.5028 -9 42.4012
      vertex -86.4735 -9 42.2692
    endloop
  endfacet
  facet normal -0.976239 -0 -0.216696
    outer loop
      vertex -86.5028 -9 42.4012
      vertex -86.4735 -27 42.2692
      vertex -86.5028 -27 42.4012
    endloop
  endfacet
  facet normal -0.843479 0 -0.537163
    outer loop
      vertex -86.6577 -27 42.775
      vertex -86.7303 -9 42.889
      vertex -86.6577 -9 42.775
    endloop
  endfacet
  facet normal -0.843479 -0 -0.537163
    outer loop
      vertex -86.7303 -9 42.889
      vertex -86.6577 -27 42.775
      vertex -86.7303 -27 42.889
    endloop
  endfacet
  facet normal -0.608602 0 -0.793475
    outer loop
      vertex -87.111 -27 43.2697
      vertex -87.0037 -9 43.1874
      vertex -87.0037 -27 43.1874
    endloop
  endfacet
  facet normal -0.608602 0 -0.793475
    outer loop
      vertex -87.0037 -9 43.1874
      vertex -87.111 -27 43.2697
      vertex -87.111 -9 43.2697
    endloop
  endfacet
  facet normal 0.537163 0 -0.843479
    outer loop
      vertex -88.889 -27 43.2697
      vertex -88.775 -9 43.3423
      vertex -88.775 -27 43.3423
    endloop
  endfacet
  facet normal 0.537163 0 -0.843479
    outer loop
      vertex -88.775 -9 43.3423
      vertex -88.889 -27 43.2697
      vertex -88.889 -9 43.2697
    endloop
  endfacet
  facet normal -0.991497 0 0.130129
    outer loop
      vertex -86.4735 -27 41.7308
      vertex -86.4559 -9 41.8649
      vertex -86.4735 -9 41.7308
    endloop
  endfacet
  facet normal -0.991497 0 0.130129
    outer loop
      vertex -86.4559 -9 41.8649
      vertex -86.4735 -27 41.7308
      vertex -86.4559 -27 41.8649
    endloop
  endfacet
  facet normal -0.737123 0 0.675758
    outer loop
      vertex -86.904 -27 40.904
      vertex -86.8126 -9 41.0037
      vertex -86.904 -9 40.904
    endloop
  endfacet
  facet normal -0.737123 0 0.675758
    outer loop
      vertex -86.8126 -9 41.0037
      vertex -86.904 -27 40.904
      vertex -86.8126 -27 41.0037
    endloop
  endfacet
  facet normal -0.92408 0 0.382199
    outer loop
      vertex -86.5952 -27 41.3449
      vertex -86.5435 -9 41.4699
      vertex -86.5952 -9 41.3449
    endloop
  endfacet
  facet normal -0.92408 0 0.382199
    outer loop
      vertex -86.5435 -9 41.4699
      vertex -86.5952 -27 41.3449
      vertex -86.5435 -27 41.4699
    endloop
  endfacet
  facet normal 0.976239 -0 0.216696
    outer loop
      vertex -89.5265 -27 41.7308
      vertex -89.4972 -9 41.5988
      vertex -89.5265 -9 41.7308
    endloop
  endfacet
  facet normal 0.976239 0 0.216696
    outer loop
      vertex -89.4972 -9 41.5988
      vertex -89.5265 -27 41.7308
      vertex -89.4972 -27 41.5988
    endloop
  endfacet
  facet normal -0.382199 0 0.92408
    outer loop
      vertex -87.4699 -9 40.5435
      vertex -87.3449 -27 40.5952
      vertex -87.3449 -9 40.5952
    endloop
  endfacet
  facet normal -0.382199 0 0.92408
    outer loop
      vertex -87.3449 -27 40.5952
      vertex -87.4699 -9 40.5435
      vertex -87.4699 -27 40.5435
    endloop
  endfacet
  facet normal -0.301096 0 0.953594
    outer loop
      vertex -87.5988 -9 40.5028
      vertex -87.4699 -27 40.5435
      vertex -87.4699 -9 40.5435
    endloop
  endfacet
  facet normal -0.301096 0 0.953594
    outer loop
      vertex -87.4699 -27 40.5435
      vertex -87.5988 -9 40.5028
      vertex -87.5988 -27 40.5028
    endloop
  endfacet
  facet normal -0.991497 0 -0.130129
    outer loop
      vertex -86.4559 -27 42.1351
      vertex -86.4735 -9 42.2692
      vertex -86.4559 -9 42.1351
    endloop
  endfacet
  facet normal -0.991497 -0 -0.130129
    outer loop
      vertex -86.4735 -9 42.2692
      vertex -86.4559 -27 42.1351
      vertex -86.4735 -27 42.2692
    endloop
  endfacet
  facet normal -0.608602 0 0.793475
    outer loop
      vertex -87.111 -9 40.7303
      vertex -87.0037 -27 40.8126
      vertex -87.0037 -9 40.8126
    endloop
  endfacet
  facet normal -0.608602 0 0.793475
    outer loop
      vertex -87.0037 -27 40.8126
      vertex -87.111 -9 40.7303
      vertex -87.111 -27 40.7303
    endloop
  endfacet
  facet normal -0.886756 0 0.462237
    outer loop
      vertex -86.6577 -27 41.225
      vertex -86.5952 -9 41.3449
      vertex -86.6577 -9 41.225
    endloop
  endfacet
  facet normal -0.886756 0 0.462237
    outer loop
      vertex -86.5952 -9 41.3449
      vertex -86.6577 -27 41.225
      vertex -86.5952 -27 41.3449
    endloop
  endfacet
  facet normal -0.953594 0 0.301096
    outer loop
      vertex -86.5435 -27 41.4699
      vertex -86.5028 -9 41.5988
      vertex -86.5435 -9 41.4699
    endloop
  endfacet
  facet normal -0.953594 0 0.301096
    outer loop
      vertex -86.5028 -9 41.5988
      vertex -86.5435 -27 41.4699
      vertex -86.5028 -27 41.5988
    endloop
  endfacet
  facet normal 0.382199 0 0.92408
    outer loop
      vertex -88.6551 -9 40.5952
      vertex -88.5301 -27 40.5435
      vertex -88.5301 -9 40.5435
    endloop
  endfacet
  facet normal 0.382199 0 0.92408
    outer loop
      vertex -88.5301 -27 40.5435
      vertex -88.6551 -9 40.5952
      vertex -88.6551 -27 40.5952
    endloop
  endfacet
  facet normal 0.462237 0 0.886756
    outer loop
      vertex -88.775 -9 40.6577
      vertex -88.6551 -27 40.5952
      vertex -88.6551 -9 40.5952
    endloop
  endfacet
  facet normal 0.462237 0 0.886756
    outer loop
      vertex -88.6551 -27 40.5952
      vertex -88.775 -9 40.6577
      vertex -88.775 -27 40.6577
    endloop
  endfacet
  facet normal 0.0436298 0 0.999048
    outer loop
      vertex -88.1351 -9 40.4559
      vertex -88 -27 40.45
      vertex -88 -9 40.45
    endloop
  endfacet
  facet normal 0.0436298 0 0.999048
    outer loop
      vertex -88 -27 40.45
      vertex -88.1351 -9 40.4559
      vertex -88.1351 -27 40.4559
    endloop
  endfacet
  facet normal 0.793475 -0 0.608602
    outer loop
      vertex -89.2697 -27 41.111
      vertex -89.1874 -9 41.0037
      vertex -89.2697 -9 41.111
    endloop
  endfacet
  facet normal 0.793475 0 0.608602
    outer loop
      vertex -89.1874 -9 41.0037
      vertex -89.2697 -27 41.111
      vertex -89.1874 -27 41.0037
    endloop
  endfacet
  facet normal 0.92408 -0 0.382199
    outer loop
      vertex -89.4565 -27 41.4699
      vertex -89.4048 -9 41.3449
      vertex -89.4565 -9 41.4699
    endloop
  endfacet
  facet normal 0.92408 0 0.382199
    outer loop
      vertex -89.4048 -9 41.3449
      vertex -89.4565 -27 41.4699
      vertex -89.4048 -27 41.3449
    endloop
  endfacet
  facet normal 0.991497 -0 0.130129
    outer loop
      vertex -89.5441 -27 41.8649
      vertex -89.5265 -9 41.7308
      vertex -89.5441 -9 41.8649
    endloop
  endfacet
  facet normal 0.991497 0 0.130129
    outer loop
      vertex -89.5265 -9 41.7308
      vertex -89.5441 -27 41.8649
      vertex -89.5265 -27 41.7308
    endloop
  endfacet
  facet normal 0.999048 -0 0.0436298
    outer loop
      vertex -89.55 -27 42
      vertex -89.5441 -9 41.8649
      vertex -89.55 -9 42
    endloop
  endfacet
  facet normal 0.999048 0 0.0436298
    outer loop
      vertex -89.5441 -9 41.8649
      vertex -89.55 -27 42
      vertex -89.5441 -27 41.8649
    endloop
  endfacet
  facet normal -0.216696 0 0.976239
    outer loop
      vertex -87.7308 -9 40.4735
      vertex -87.5988 -27 40.5028
      vertex -87.5988 -9 40.5028
    endloop
  endfacet
  facet normal -0.216696 0 0.976239
    outer loop
      vertex -87.5988 -27 40.5028
      vertex -87.7308 -9 40.4735
      vertex -87.7308 -27 40.4735
    endloop
  endfacet
  facet normal -0.130129 0 0.991497
    outer loop
      vertex -87.8649 -9 40.4559
      vertex -87.7308 -27 40.4735
      vertex -87.7308 -9 40.4735
    endloop
  endfacet
  facet normal -0.130129 0 0.991497
    outer loop
      vertex -87.7308 -27 40.4735
      vertex -87.8649 -9 40.4559
      vertex -87.8649 -27 40.4559
    endloop
  endfacet
  facet normal -0.675758 0 0.737123
    outer loop
      vertex -87.0037 -9 40.8126
      vertex -86.904 -27 40.904
      vertex -86.904 -9 40.904
    endloop
  endfacet
  facet normal -0.675758 0 0.737123
    outer loop
      vertex -86.904 -27 40.904
      vertex -87.0037 -9 40.8126
      vertex -87.0037 -27 40.8126
    endloop
  endfacet
  facet normal -0.843479 0 0.537163
    outer loop
      vertex -86.7303 -27 41.111
      vertex -86.6577 -9 41.225
      vertex -86.7303 -9 41.111
    endloop
  endfacet
  facet normal -0.843479 0 0.537163
    outer loop
      vertex -86.6577 -9 41.225
      vertex -86.7303 -27 41.111
      vertex -86.6577 -27 41.225
    endloop
  endfacet
  facet normal 0.216696 0 0.976239
    outer loop
      vertex -88.4012 -9 40.5028
      vertex -88.2692 -27 40.4735
      vertex -88.2692 -9 40.4735
    endloop
  endfacet
  facet normal 0.216696 0 0.976239
    outer loop
      vertex -88.2692 -27 40.4735
      vertex -88.4012 -9 40.5028
      vertex -88.4012 -27 40.5028
    endloop
  endfacet
  facet normal 0.843479 -0 0.537163
    outer loop
      vertex -89.3423 -27 41.225
      vertex -89.2697 -9 41.111
      vertex -89.3423 -9 41.225
    endloop
  endfacet
  facet normal 0.843479 0 0.537163
    outer loop
      vertex -89.2697 -9 41.111
      vertex -89.3423 -27 41.225
      vertex -89.2697 -27 41.111
    endloop
  endfacet
  facet normal 0.737123 -0 0.675758
    outer loop
      vertex -89.1874 -27 41.0037
      vertex -89.096 -9 40.904
      vertex -89.1874 -9 41.0037
    endloop
  endfacet
  facet normal 0.737123 0 0.675758
    outer loop
      vertex -89.096 -9 40.904
      vertex -89.1874 -27 41.0037
      vertex -89.096 -27 40.904
    endloop
  endfacet
  facet normal 0.675758 0 0.737123
    outer loop
      vertex -89.096 -9 40.904
      vertex -88.9963 -27 40.8126
      vertex -88.9963 -9 40.8126
    endloop
  endfacet
  facet normal 0.675758 0 0.737123
    outer loop
      vertex -88.9963 -27 40.8126
      vertex -89.096 -9 40.904
      vertex -89.096 -27 40.904
    endloop
  endfacet
  facet normal -0.537163 0 0.843479
    outer loop
      vertex -87.225 -9 40.6577
      vertex -87.111 -27 40.7303
      vertex -87.111 -9 40.7303
    endloop
  endfacet
  facet normal -0.537163 0 0.843479
    outer loop
      vertex -87.111 -27 40.7303
      vertex -87.225 -9 40.6577
      vertex -87.225 -27 40.6577
    endloop
  endfacet
  facet normal -0.462237 0 0.886756
    outer loop
      vertex -87.3449 -9 40.5952
      vertex -87.225 -27 40.6577
      vertex -87.225 -9 40.6577
    endloop
  endfacet
  facet normal -0.462237 0 0.886756
    outer loop
      vertex -87.225 -27 40.6577
      vertex -87.3449 -9 40.5952
      vertex -87.3449 -27 40.5952
    endloop
  endfacet
  facet normal 0.301096 0 0.953594
    outer loop
      vertex -88.5301 -9 40.5435
      vertex -88.4012 -27 40.5028
      vertex -88.4012 -9 40.5028
    endloop
  endfacet
  facet normal 0.301096 0 0.953594
    outer loop
      vertex -88.4012 -27 40.5028
      vertex -88.5301 -9 40.5435
      vertex -88.5301 -27 40.5435
    endloop
  endfacet
  facet normal 0.537163 0 0.843479
    outer loop
      vertex -88.889 -9 40.7303
      vertex -88.775 -27 40.6577
      vertex -88.775 -9 40.6577
    endloop
  endfacet
  facet normal 0.537163 0 0.843479
    outer loop
      vertex -88.775 -27 40.6577
      vertex -88.889 -9 40.7303
      vertex -88.889 -27 40.7303
    endloop
  endfacet
  facet normal 0.608602 0 0.793475
    outer loop
      vertex -88.9963 -9 40.8126
      vertex -88.889 -27 40.7303
      vertex -88.889 -9 40.7303
    endloop
  endfacet
  facet normal 0.608602 0 0.793475
    outer loop
      vertex -88.889 -27 40.7303
      vertex -88.9963 -9 40.8126
      vertex -88.9963 -27 40.8126
    endloop
  endfacet
  facet normal 0.130129 0 0.991497
    outer loop
      vertex -88.2692 -9 40.4735
      vertex -88.1351 -27 40.4559
      vertex -88.1351 -9 40.4559
    endloop
  endfacet
  facet normal 0.130129 0 0.991497
    outer loop
      vertex -88.1351 -27 40.4559
      vertex -88.2692 -9 40.4735
      vertex -88.2692 -27 40.4735
    endloop
  endfacet
  facet normal 0.999051 -0 0.0435588
    outer loop
      vertex 92.4829 -27 -37.6078
      vertex 92.5 -9 -38
      vertex 92.4829 -9 -37.6078
    endloop
  endfacet
  facet normal 0.999051 0 0.0435588
    outer loop
      vertex 92.5 -9 -38
      vertex 92.4829 -27 -37.6078
      vertex 92.5 -27 -38
    endloop
  endfacet
  facet normal -0.999051 0 0.0435588
    outer loop
      vertex 83.5 -27 -38
      vertex 83.5171 -9 -37.6078
      vertex 83.5 -9 -38
    endloop
  endfacet
  facet normal -0.999051 0 0.0435588
    outer loop
      vertex 83.5171 -9 -37.6078
      vertex 83.5 -27 -38
      vertex 83.5171 -27 -37.6078
    endloop
  endfacet
  facet normal 0.0435588 0 0.999051
    outer loop
      vertex 88 -9 -33.5
      vertex 88.3922 -27 -33.5171
      vertex 88.3922 -9 -33.5171
    endloop
  endfacet
  facet normal 0.0435588 0 0.999051
    outer loop
      vertex 88.3922 -27 -33.5171
      vertex 88 -9 -33.5
      vertex 88 -27 -33.5
    endloop
  endfacet
  facet normal 0.675482 0 0.737376
    outer loop
      vertex 90.8925 -9 -34.5528
      vertex 91.182 -27 -34.818
      vertex 91.182 -9 -34.818
    endloop
  endfacet
  facet normal 0.675482 0 0.737376
    outer loop
      vertex 91.182 -27 -34.818
      vertex 90.8925 -9 -34.5528
      vertex 90.8925 -27 -34.5528
    endloop
  endfacet
  facet normal -0.675482 0 0.737376
    outer loop
      vertex 84.818 -9 -34.818
      vertex 85.1075 -27 -34.5528
      vertex 85.1075 -9 -34.5528
    endloop
  endfacet
  facet normal -0.675482 0 0.737376
    outer loop
      vertex 85.1075 -27 -34.5528
      vertex 84.818 -9 -34.818
      vertex 84.818 -27 -34.818
    endloop
  endfacet
  facet normal -0.300827 0 0.953679
    outer loop
      vertex 86.4609 -9 -33.7714
      vertex 86.8353 -27 -33.6533
      vertex 86.8353 -9 -33.6533
    endloop
  endfacet
  facet normal -0.300827 0 0.953679
    outer loop
      vertex 86.8353 -27 -33.6533
      vertex 86.4609 -9 -33.7714
      vertex 86.4609 -27 -33.7714
    endloop
  endfacet
  facet normal -0.976337 0 -0.216256
    outer loop
      vertex 83.6533 -27 -39.1647
      vertex 83.5684 -9 -38.7814
      vertex 83.6533 -9 -39.1647
    endloop
  endfacet
  facet normal -0.976337 -0 -0.216256
    outer loop
      vertex 83.5684 -9 -38.7814
      vertex 83.6533 -27 -39.1647
      vertex 83.5684 -27 -38.7814
    endloop
  endfacet
  facet normal 0.886971 -0 0.461826
    outer loop
      vertex 91.8971 -27 -35.75
      vertex 92.0784 -9 -36.0982
      vertex 91.8971 -9 -35.75
    endloop
  endfacet
  facet normal 0.886971 0 0.461826
    outer loop
      vertex 92.0784 -9 -36.0982
      vertex 91.8971 -27 -35.75
      vertex 92.0784 -27 -36.0982
    endloop
  endfacet
  facet normal 0.382607 0 0.923911
    outer loop
      vertex 89.5391 -9 -33.7714
      vertex 89.9018 -27 -33.9216
      vertex 89.9018 -9 -33.9216
    endloop
  endfacet
  facet normal 0.382607 0 0.923911
    outer loop
      vertex 89.9018 -27 -33.9216
      vertex 89.5391 -9 -33.7714
      vertex 89.5391 -27 -33.7714
    endloop
  endfacet
  facet normal -0.843431 0 0.537238
    outer loop
      vertex 84.1029 -27 -35.75
      vertex 84.3138 -9 -35.4189
      vertex 84.1029 -9 -35.75
    endloop
  endfacet
  facet normal -0.843431 0 0.537238
    outer loop
      vertex 84.3138 -9 -35.4189
      vertex 84.1029 -27 -35.75
      vertex 84.3138 -27 -35.4189
    endloop
  endfacet
  facet normal -0.793286 0 0.608849
    outer loop
      vertex 84.3138 -27 -35.4189
      vertex 84.5528 -9 -35.1075
      vertex 84.3138 -9 -35.4189
    endloop
  endfacet
  facet normal -0.793286 0 0.608849
    outer loop
      vertex 84.5528 -9 -35.1075
      vertex 84.3138 -27 -35.4189
      vertex 84.5528 -27 -35.1075
    endloop
  endfacet
  facet normal -0.130679 0 0.991425
    outer loop
      vertex 87.2186 -9 -33.5684
      vertex 87.6078 -27 -33.5171
      vertex 87.6078 -9 -33.5171
    endloop
  endfacet
  facet normal -0.130679 0 0.991425
    outer loop
      vertex 87.6078 -27 -33.5171
      vertex 87.2186 -9 -33.5684
      vertex 87.2186 -27 -33.5684
    endloop
  endfacet
  facet normal 0.886971 0 -0.461826
    outer loop
      vertex 92.0784 -27 -39.9018
      vertex 91.8971 -9 -40.25
      vertex 92.0784 -9 -39.9018
    endloop
  endfacet
  facet normal 0.886971 0 -0.461826
    outer loop
      vertex 91.8971 -9 -40.25
      vertex 92.0784 -27 -39.9018
      vertex 91.8971 -27 -40.25
    endloop
  endfacet
  facet normal 0.300827 0 -0.953679
    outer loop
      vertex 89.1647 -27 -42.3467
      vertex 89.5391 -9 -42.2286
      vertex 89.5391 -27 -42.2286
    endloop
  endfacet
  facet normal 0.300827 0 -0.953679
    outer loop
      vertex 89.5391 -9 -42.2286
      vertex 89.1647 -27 -42.3467
      vertex 89.1647 -9 -42.3467
    endloop
  endfacet
  facet normal 0.675482 0 -0.737376
    outer loop
      vertex 90.8925 -27 -41.4472
      vertex 91.182 -9 -41.182
      vertex 91.182 -27 -41.182
    endloop
  endfacet
  facet normal 0.675482 0 -0.737376
    outer loop
      vertex 91.182 -9 -41.182
      vertex 90.8925 -27 -41.4472
      vertex 90.8925 -9 -41.4472
    endloop
  endfacet
  facet normal 0.953679 0 -0.300827
    outer loop
      vertex 92.3467 -27 -39.1647
      vertex 92.2286 -9 -39.5391
      vertex 92.3467 -9 -39.1647
    endloop
  endfacet
  facet normal 0.953679 0 -0.300827
    outer loop
      vertex 92.2286 -9 -39.5391
      vertex 92.3467 -27 -39.1647
      vertex 92.2286 -27 -39.5391
    endloop
  endfacet
  facet normal -0.300827 0 -0.953679
    outer loop
      vertex 86.4609 -27 -42.2286
      vertex 86.8353 -9 -42.3467
      vertex 86.8353 -27 -42.3467
    endloop
  endfacet
  facet normal -0.300827 0 -0.953679
    outer loop
      vertex 86.8353 -9 -42.3467
      vertex 86.4609 -27 -42.2286
      vertex 86.4609 -9 -42.2286
    endloop
  endfacet
  facet normal -0.737376 0 -0.675482
    outer loop
      vertex 84.818 -27 -41.182
      vertex 84.5528 -9 -40.8925
      vertex 84.818 -9 -41.182
    endloop
  endfacet
  facet normal -0.737376 -0 -0.675482
    outer loop
      vertex 84.5528 -9 -40.8925
      vertex 84.818 -27 -41.182
      vertex 84.5528 -27 -40.8925
    endloop
  endfacet
  facet normal -0.793286 0 -0.608849
    outer loop
      vertex 84.5528 -27 -40.8925
      vertex 84.3138 -9 -40.5811
      vertex 84.5528 -9 -40.8925
    endloop
  endfacet
  facet normal -0.793286 -0 -0.608849
    outer loop
      vertex 84.3138 -9 -40.5811
      vertex 84.5528 -27 -40.8925
      vertex 84.3138 -27 -40.5811
    endloop
  endfacet
  facet normal 0 1 0
    outer loop
      vertex 88 -9 -36.45
      vertex 88 -9 -33.5
      vertex 88.3922 -9 -33.5171
    endloop
  endfacet
  facet normal 0 1 0
    outer loop
      vertex 88.1351 -9 -36.4559
      vertex 88.3922 -9 -33.5171
      vertex 88.7814 -9 -33.5684
    endloop
  endfacet
  facet normal 0 1 0
    outer loop
      vertex 88 -9 -33.5
      vertex 88 -9 -36.45
      vertex 87.6078 -9 -33.5171
    endloop
  endfacet
  facet normal 0 1 0
    outer loop
      vertex 88.2692 -9 -36.4735
      vertex 88.7814 -9 -33.5684
      vertex 89.1647 -9 -33.6533
    endloop
  endfacet
  facet normal 0 1 -0
    outer loop
      vertex 87.8649 -9 -36.4559
      vertex 87.6078 -9 -33.5171
      vertex 88 -9 -36.45
    endloop
  endfacet
  facet normal 0 1 0
    outer loop
      vertex 88.4012 -9 -36.5028
      vertex 89.1647 -9 -33.6533
      vertex 89.5391 -9 -33.7714
    endloop
  endfacet
  facet normal 0 1 0
    outer loop
      vertex 87.6078 -9 -33.5171
      vertex 87.8649 -9 -36.4559
      vertex 87.2186 -9 -33.5684
    endloop
  endfacet
  facet normal 0 1 0
    outer loop
      vertex 88.5301 -9 -36.5435
      vertex 89.5391 -9 -33.7714
      vertex 89.9018 -9 -33.9216
    endloop
  endfacet
  facet normal 0 1 -0
    outer loop
      vertex 87.7308 -9 -36.4735
      vertex 87.2186 -9 -33.5684
      vertex 87.8649 -9 -36.4559
    endloop
  endfacet
  facet normal 0 1 0
    outer loop
      vertex 88.6551 -9 -36.5952
      vertex 89.9018 -9 -33.9216
      vertex 90.25 -9 -34.1029
    endloop
  endfacet
  facet normal 0 1 0
    outer loop
      vertex 87.2186 -9 -33.5684
      vertex 87.7308 -9 -36.4735
      vertex 86.8353 -9 -33.6533
    endloop
  endfacet
  facet normal 0 1 0
    outer loop
      vertex 88.775 -9 -36.6577
      vertex 90.25 -9 -34.1029
      vertex 90.5811 -9 -34.3138
    endloop
  endfacet
  facet normal 0 1 -0
    outer loop
      vertex 87.5988 -9 -36.5028
      vertex 86.8353 -9 -33.6533
      vertex 87.7308 -9 -36.4735
    endloop
  endfacet
  facet normal 0 1 0
    outer loop
      vertex 88.889 -9 -36.7303
      vertex 90.5811 -9 -34.3138
      vertex 90.8925 -9 -34.5528
    endloop
  endfacet
  facet normal 0 1 0
    outer loop
      vertex 86.8353 -9 -33.6533
      vertex 87.5988 -9 -36.5028
      vertex 86.4609 -9 -33.7714
    endloop
  endfacet
  facet normal 0 1 0
    outer loop
      vertex 88.9963 -9 -36.8126
      vertex 90.8925 -9 -34.5528
      vertex 91.182 -9 -34.818
    endloop
  endfacet
  facet normal 0 1 -0
    outer loop
      vertex 87.4699 -9 -36.5435
      vertex 86.4609 -9 -33.7714
      vertex 87.5988 -9 -36.5028
    endloop
  endfacet
  facet normal 0 1 0
    outer loop
      vertex 89.096 -9 -36.904
      vertex 91.182 -9 -34.818
      vertex 91.4472 -9 -35.1075
    endloop
  endfacet
  facet normal 0 1 0
    outer loop
      vertex 86.4609 -9 -33.7714
      vertex 87.4699 -9 -36.5435
      vertex 86.0982 -9 -33.9216
    endloop
  endfacet
  facet normal 0 1 0
    outer loop
      vertex 89.1874 -9 -37.0037
      vertex 91.4472 -9 -35.1075
      vertex 91.6862 -9 -35.4189
    endloop
  endfacet
  facet normal 0 1 -0
    outer loop
      vertex 87.3449 -9 -36.5952
      vertex 86.0982 -9 -33.9216
      vertex 87.4699 -9 -36.5435
    endloop
  endfacet
  facet normal 0 1 0
    outer loop
      vertex 89.2697 -9 -37.111
      vertex 91.6862 -9 -35.4189
      vertex 91.8971 -9 -35.75
    endloop
  endfacet
  facet normal 0 1 0
    outer loop
      vertex 86.0982 -9 -33.9216
      vertex 87.3449 -9 -36.5952
      vertex 85.75 -9 -34.1029
    endloop
  endfacet
  facet normal 0 1 0
    outer loop
      vertex 89.3423 -9 -37.225
      vertex 91.8971 -9 -35.75
      vertex 92.0784 -9 -36.0982
    endloop
  endfacet
  facet normal 0 1 -0
    outer loop
      vertex 87.225 -9 -36.6577
      vertex 85.75 -9 -34.1029
      vertex 87.3449 -9 -36.5952
    endloop
  endfacet
  facet normal 0 1 0
    outer loop
      vertex 85.75 -9 -34.1029
      vertex 87.225 -9 -36.6577
      vertex 85.4189 -9 -34.3138
    endloop
  endfacet
  facet normal 0 1 0
    outer loop
      vertex 88.3922 -9 -33.5171
      vertex 88.1351 -9 -36.4559
      vertex 88 -9 -36.45
    endloop
  endfacet
  facet normal 0 1 0
    outer loop
      vertex 89.4048 -9 -37.3449
      vertex 92.0784 -9 -36.0982
      vertex 92.2286 -9 -36.4609
    endloop
  endfacet
  facet normal 0 1 0
    outer loop
      vertex 88.7814 -9 -33.5684
      vertex 88.2692 -9 -36.4735
      vertex 88.1351 -9 -36.4559
    endloop
  endfacet
  facet normal 0 1 0
    outer loop
      vertex 89.1647 -9 -33.6533
      vertex 88.4012 -9 -36.5028
      vertex 88.2692 -9 -36.4735
    endloop
  endfacet
  facet normal 0 1 0
    outer loop
      vertex 89.5391 -9 -33.7714
      vertex 88.5301 -9 -36.5435
      vertex 88.4012 -9 -36.5028
    endloop
  endfacet
  facet normal 0 1 0
    outer loop
      vertex 89.9018 -9 -33.9216
      vertex 88.6551 -9 -36.5952
      vertex 88.5301 -9 -36.5435
    endloop
  endfacet
  facet normal 0 1 0
    outer loop
      vertex 90.25 -9 -34.1029
      vertex 88.775 -9 -36.6577
      vertex 88.6551 -9 -36.5952
    endloop
  endfacet
  facet normal 0 1 0
    outer loop
      vertex 90.5811 -9 -34.3138
      vertex 88.889 -9 -36.7303
      vertex 88.775 -9 -36.6577
    endloop
  endfacet
  facet normal 0 1 0
    outer loop
      vertex 90.8925 -9 -34.5528
      vertex 88.9963 -9 -36.8126
      vertex 88.889 -9 -36.7303
    endloop
  endfacet
  facet normal 0 1 0
    outer loop
      vertex 89.4565 -9 -37.4699
      vertex 92.2286 -9 -36.4609
      vertex 92.3467 -9 -36.8353
    endloop
  endfacet
  facet normal 0 1 0
    outer loop
      vertex 91.182 -9 -34.818
      vertex 89.096 -9 -36.904
      vertex 88.9963 -9 -36.8126
    endloop
  endfacet
  facet normal 0 1 0
    outer loop
      vertex 91.4472 -9 -35.1075
      vertex 89.1874 -9 -37.0037
      vertex 89.096 -9 -36.904
    endloop
  endfacet
  facet normal 0 1 0
    outer loop
      vertex 91.6862 -9 -35.4189
      vertex 89.2697 -9 -37.111
      vertex 89.1874 -9 -37.0037
    endloop
  endfacet
  facet normal 0 1 0
    outer loop
      vertex 89.4972 -9 -37.5988
      vertex 92.3467 -9 -36.8353
      vertex 92.4316 -9 -37.2186
    endloop
  endfacet
  facet normal 0 1 0
    outer loop
      vertex 91.8971 -9 -35.75
      vertex 89.3423 -9 -37.225
      vertex 89.2697 -9 -37.111
    endloop
  endfacet
  facet normal 0 1 0
    outer loop
      vertex 92.0784 -9 -36.0982
      vertex 89.4048 -9 -37.3449
      vertex 89.3423 -9 -37.225
    endloop
  endfacet
  facet normal 0 1 0
    outer loop
      vertex 92.2286 -9 -36.4609
      vertex 89.4565 -9 -37.4699
      vertex 89.4048 -9 -37.3449
    endloop
  endfacet
  facet normal 0 1 0
    outer loop
      vertex 92.3467 -9 -36.8353
      vertex 89.4972 -9 -37.5988
      vertex 89.4565 -9 -37.4699
    endloop
  endfacet
  facet normal 0 1 0
    outer loop
      vertex 89.5265 -9 -37.7308
      vertex 92.4316 -9 -37.2186
      vertex 92.4829 -9 -37.6078
    endloop
  endfacet
  facet normal 0 1 0
    outer loop
      vertex 92.4316 -9 -37.2186
      vertex 89.5265 -9 -37.7308
      vertex 89.4972 -9 -37.5988
    endloop
  endfacet
  facet normal 0 1 0
    outer loop
      vertex 92.4829 -9 -37.6078
      vertex 89.5441 -9 -37.8649
      vertex 89.5265 -9 -37.7308
    endloop
  endfacet
  facet normal 0 1 0
    outer loop
      vertex 92.5 -9 -38
      vertex 89.5441 -9 -37.8649
      vertex 92.4829 -9 -37.6078
    endloop
  endfacet
  facet normal 0 1 0
    outer loop
      vertex 92.5 -9 -38
      vertex 89.55 -9 -38
      vertex 89.5441 -9 -37.8649
    endloop
  endfacet
  facet normal 0 1 0
    outer loop
      vertex 92.5 -9 -38
      vertex 89.5441 -9 -38.1351
      vertex 89.55 -9 -38
    endloop
  endfacet
  facet normal 0 1 -0
    outer loop
      vertex 92.4829 -9 -38.3922
      vertex 89.5441 -9 -38.1351
      vertex 92.5 -9 -38
    endloop
  endfacet
  facet normal 0 1 0
    outer loop
      vertex 89.5441 -9 -38.1351
      vertex 92.4829 -9 -38.3922
      vertex 89.5265 -9 -38.2692
    endloop
  endfacet
  facet normal 0 1 -0
    outer loop
      vertex 92.4316 -9 -38.7814
      vertex 89.5265 -9 -38.2692
      vertex 92.4829 -9 -38.3922
    endloop
  endfacet
  facet normal 0 1 0
    outer loop
      vertex 89.5265 -9 -38.2692
      vertex 92.4316 -9 -38.7814
      vertex 89.4972 -9 -38.4012
    endloop
  endfacet
  facet normal 0 1 -0
    outer loop
      vertex 92.3467 -9 -39.1647
      vertex 89.4972 -9 -38.4012
      vertex 92.4316 -9 -38.7814
    endloop
  endfacet
  facet normal 0 1 0
    outer loop
      vertex 89.4972 -9 -38.4012
      vertex 92.3467 -9 -39.1647
      vertex 89.4565 -9 -38.5301
    endloop
  endfacet
  facet normal 0 1 -0
    outer loop
      vertex 92.2286 -9 -39.5391
      vertex 89.4565 -9 -38.5301
      vertex 92.3467 -9 -39.1647
    endloop
  endfacet
  facet normal 0 1 0
    outer loop
      vertex 89.4565 -9 -38.5301
      vertex 92.2286 -9 -39.5391
      vertex 89.4048 -9 -38.6551
    endloop
  endfacet
  facet normal 0 1 -0
    outer loop
      vertex 92.0784 -9 -39.9018
      vertex 89.4048 -9 -38.6551
      vertex 92.2286 -9 -39.5391
    endloop
  endfacet
  facet normal 0 1 0
    outer loop
      vertex 89.4048 -9 -38.6551
      vertex 92.0784 -9 -39.9018
      vertex 89.3423 -9 -38.775
    endloop
  endfacet
  facet normal 0 1 -0
    outer loop
      vertex 91.8971 -9 -40.25
      vertex 89.3423 -9 -38.775
      vertex 92.0784 -9 -39.9018
    endloop
  endfacet
  facet normal 0 1 0
    outer loop
      vertex 89.3423 -9 -38.775
      vertex 91.8971 -9 -40.25
      vertex 89.2697 -9 -38.889
    endloop
  endfacet
  facet normal 0 1 -0
    outer loop
      vertex 91.6862 -9 -40.5811
      vertex 89.2697 -9 -38.889
      vertex 91.8971 -9 -40.25
    endloop
  endfacet
  facet normal 0 1 0
    outer loop
      vertex 89.2697 -9 -38.889
      vertex 91.6862 -9 -40.5811
      vertex 89.1874 -9 -38.9963
    endloop
  endfacet
  facet normal 0 1 -0
    outer loop
      vertex 91.4472 -9 -40.8925
      vertex 89.1874 -9 -38.9963
      vertex 91.6862 -9 -40.5811
    endloop
  endfacet
  facet normal 0 1 0
    outer loop
      vertex 89.1874 -9 -38.9963
      vertex 91.4472 -9 -40.8925
      vertex 89.096 -9 -39.096
    endloop
  endfacet
  facet normal 0 1 -0
    outer loop
      vertex 91.182 -9 -41.182
      vertex 89.096 -9 -39.096
      vertex 91.4472 -9 -40.8925
    endloop
  endfacet
  facet normal 0 1 0
    outer loop
      vertex 89.096 -9 -39.096
      vertex 91.182 -9 -41.182
      vertex 88.9963 -9 -39.1874
    endloop
  endfacet
  facet normal 0 1 -0
    outer loop
      vertex 90.8925 -9 -41.4472
      vertex 88.9963 -9 -39.1874
      vertex 91.182 -9 -41.182
    endloop
  endfacet
  facet normal 0 1 0
    outer loop
      vertex 88.9963 -9 -39.1874
      vertex 90.8925 -9 -41.4472
      vertex 88.889 -9 -39.2697
    endloop
  endfacet
  facet normal 0 1 -0
    outer loop
      vertex 90.5811 -9 -41.6862
      vertex 88.889 -9 -39.2697
      vertex 90.8925 -9 -41.4472
    endloop
  endfacet
  facet normal 0 1 0
    outer loop
      vertex 88.889 -9 -39.2697
      vertex 90.5811 -9 -41.6862
      vertex 88.775 -9 -39.3423
    endloop
  endfacet
  facet normal 0 1 -0
    outer loop
      vertex 87.111 -9 -36.7303
      vertex 85.4189 -9 -34.3138
      vertex 87.225 -9 -36.6577
    endloop
  endfacet
  facet normal 0 1 0
    outer loop
      vertex 85.4189 -9 -34.3138
      vertex 87.111 -9 -36.7303
      vertex 85.1075 -9 -34.5528
    endloop
  endfacet
  facet normal 0 1 -0
    outer loop
      vertex 87.0037 -9 -36.8126
      vertex 85.1075 -9 -34.5528
      vertex 87.111 -9 -36.7303
    endloop
  endfacet
  facet normal 0 1 0
    outer loop
      vertex 85.1075 -9 -34.5528
      vertex 87.0037 -9 -36.8126
      vertex 84.818 -9 -34.818
    endloop
  endfacet
  facet normal 0 1 -0
    outer loop
      vertex 86.904 -9 -36.904
      vertex 84.818 -9 -34.818
      vertex 87.0037 -9 -36.8126
    endloop
  endfacet
  facet normal 0 1 0
    outer loop
      vertex 84.818 -9 -34.818
      vertex 86.904 -9 -36.904
      vertex 84.5528 -9 -35.1075
    endloop
  endfacet
  facet normal 0 1 -0
    outer loop
      vertex 86.8126 -9 -37.0037
      vertex 84.5528 -9 -35.1075
      vertex 86.904 -9 -36.904
    endloop
  endfacet
  facet normal 0 1 0
    outer loop
      vertex 84.5528 -9 -35.1075
      vertex 86.8126 -9 -37.0037
      vertex 84.3138 -9 -35.4189
    endloop
  endfacet
  facet normal 0 1 -0
    outer loop
      vertex 86.7303 -9 -37.111
      vertex 84.3138 -9 -35.4189
      vertex 86.8126 -9 -37.0037
    endloop
  endfacet
  facet normal 0 1 0
    outer loop
      vertex 84.3138 -9 -35.4189
      vertex 86.7303 -9 -37.111
      vertex 84.1029 -9 -35.75
    endloop
  endfacet
  facet normal 0 1 -0
    outer loop
      vertex 86.6577 -9 -37.225
      vertex 84.1029 -9 -35.75
      vertex 86.7303 -9 -37.111
    endloop
  endfacet
  facet normal 0 1 0
    outer loop
      vertex 84.1029 -9 -35.75
      vertex 86.6577 -9 -37.225
      vertex 83.9216 -9 -36.0982
    endloop
  endfacet
  facet normal 0 1 -0
    outer loop
      vertex 86.5952 -9 -37.3449
      vertex 83.9216 -9 -36.0982
      vertex 86.6577 -9 -37.225
    endloop
  endfacet
  facet normal 0 1 0
    outer loop
      vertex 83.9216 -9 -36.0982
      vertex 86.5952 -9 -37.3449
      vertex 83.7714 -9 -36.4609
    endloop
  endfacet
  facet normal 0 1 -0
    outer loop
      vertex 86.5435 -9 -37.4699
      vertex 83.7714 -9 -36.4609
      vertex 86.5952 -9 -37.3449
    endloop
  endfacet
  facet normal 0 1 0
    outer loop
      vertex 83.7714 -9 -36.4609
      vertex 86.5435 -9 -37.4699
      vertex 83.6533 -9 -36.8353
    endloop
  endfacet
  facet normal 0 1 -0
    outer loop
      vertex 86.5028 -9 -37.5988
      vertex 83.6533 -9 -36.8353
      vertex 86.5435 -9 -37.4699
    endloop
  endfacet
  facet normal 0 1 0
    outer loop
      vertex 83.6533 -9 -36.8353
      vertex 86.5028 -9 -37.5988
      vertex 83.5684 -9 -37.2186
    endloop
  endfacet
  facet normal 0 1 -0
    outer loop
      vertex 86.4735 -9 -37.7308
      vertex 83.5684 -9 -37.2186
      vertex 86.5028 -9 -37.5988
    endloop
  endfacet
  facet normal 0 1 0
    outer loop
      vertex 83.5684 -9 -37.2186
      vertex 86.4735 -9 -37.7308
      vertex 83.5171 -9 -37.6078
    endloop
  endfacet
  facet normal 0 1 -0
    outer loop
      vertex 86.4559 -9 -37.8649
      vertex 83.5171 -9 -37.6078
      vertex 86.4735 -9 -37.7308
    endloop
  endfacet
  facet normal 0 1 -0
    outer loop
      vertex 86.45 -9 -38
      vertex 83.5171 -9 -37.6078
      vertex 86.4559 -9 -37.8649
    endloop
  endfacet
  facet normal 0 1 0
    outer loop
      vertex 86.45 -9 -38
      vertex 83.5 -9 -38
      vertex 83.5171 -9 -37.6078
    endloop
  endfacet
  facet normal 0 1 0
    outer loop
      vertex 86.4559 -9 -38.1351
      vertex 83.5 -9 -38
      vertex 86.45 -9 -38
    endloop
  endfacet
  facet normal 0 1 0
    outer loop
      vertex 83.5171 -9 -38.3922
      vertex 86.4559 -9 -38.1351
      vertex 86.4735 -9 -38.2692
    endloop
  endfacet
  facet normal 0 1 0
    outer loop
      vertex 86.4559 -9 -38.1351
      vertex 83.5171 -9 -38.3922
      vertex 83.5 -9 -38
    endloop
  endfacet
  facet normal 0 1 0
    outer loop
      vertex 83.5684 -9 -38.7814
      vertex 86.4735 -9 -38.2692
      vertex 86.5028 -9 -38.4012
    endloop
  endfacet
  facet normal 0 1 0
    outer loop
      vertex 83.6533 -9 -39.1647
      vertex 86.5028 -9 -38.4012
      vertex 86.5435 -9 -38.5301
    endloop
  endfacet
  facet normal 0 1 0
    outer loop
      vertex 83.7714 -9 -39.5391
      vertex 86.5435 -9 -38.5301
      vertex 86.5952 -9 -38.6551
    endloop
  endfacet
  facet normal 0 1 0
    outer loop
      vertex 83.9216 -9 -39.9018
      vertex 86.5952 -9 -38.6551
      vertex 86.6577 -9 -38.775
    endloop
  endfacet
  facet normal 0 1 0
    outer loop
      vertex 86.4735 -9 -38.2692
      vertex 83.5684 -9 -38.7814
      vertex 83.5171 -9 -38.3922
    endloop
  endfacet
  facet normal 0 1 0
    outer loop
      vertex 84.1029 -9 -40.25
      vertex 86.6577 -9 -38.775
      vertex 86.7303 -9 -38.889
    endloop
  endfacet
  facet normal 0 1 0
    outer loop
      vertex 84.3138 -9 -40.5811
      vertex 86.7303 -9 -38.889
      vertex 86.8126 -9 -38.9963
    endloop
  endfacet
  facet normal 0 1 0
    outer loop
      vertex 84.5528 -9 -40.8925
      vertex 86.8126 -9 -38.9963
      vertex 86.904 -9 -39.096
    endloop
  endfacet
  facet normal 0 1 0
    outer loop
      vertex 86.5028 -9 -38.4012
      vertex 83.6533 -9 -39.1647
      vertex 83.5684 -9 -38.7814
    endloop
  endfacet
  facet normal 0 1 0
    outer loop
      vertex 84.818 -9 -41.182
      vertex 86.904 -9 -39.096
      vertex 87.0037 -9 -39.1874
    endloop
  endfacet
  facet normal 0 1 0
    outer loop
      vertex 85.1075 -9 -41.4472
      vertex 87.0037 -9 -39.1874
      vertex 87.111 -9 -39.2697
    endloop
  endfacet
  facet normal 0 1 0
    outer loop
      vertex 85.4189 -9 -41.6862
      vertex 87.111 -9 -39.2697
      vertex 87.225 -9 -39.3423
    endloop
  endfacet
  facet normal 0 1 0
    outer loop
      vertex 85.75 -9 -41.8971
      vertex 87.225 -9 -39.3423
      vertex 87.3449 -9 -39.4048
    endloop
  endfacet
  facet normal 0 1 0
    outer loop
      vertex 86.0982 -9 -42.0784
      vertex 87.3449 -9 -39.4048
      vertex 87.4699 -9 -39.4565
    endloop
  endfacet
  facet normal 0 1 0
    outer loop
      vertex 86.4609 -9 -42.2286
      vertex 87.4699 -9 -39.4565
      vertex 87.5988 -9 -39.4972
    endloop
  endfacet
  facet normal 0 1 0
    outer loop
      vertex 86.8353 -9 -42.3467
      vertex 87.5988 -9 -39.4972
      vertex 87.7308 -9 -39.5265
    endloop
  endfacet
  facet normal 0 1 0
    outer loop
      vertex 86.5435 -9 -38.5301
      vertex 83.7714 -9 -39.5391
      vertex 83.6533 -9 -39.1647
    endloop
  endfacet
  facet normal 0 1 0
    outer loop
      vertex 87.2186 -9 -42.4316
      vertex 87.7308 -9 -39.5265
      vertex 87.8649 -9 -39.5441
    endloop
  endfacet
  facet normal 0 1 0
    outer loop
      vertex 87.6078 -9 -42.4829
      vertex 87.8649 -9 -39.5441
      vertex 88 -9 -39.55
    endloop
  endfacet
  facet normal 0 1 -0
    outer loop
      vertex 90.25 -9 -41.8971
      vertex 88.775 -9 -39.3423
      vertex 90.5811 -9 -41.6862
    endloop
  endfacet
  facet normal 0 1 0
    outer loop
      vertex 86.5952 -9 -38.6551
      vertex 83.9216 -9 -39.9018
      vertex 83.7714 -9 -39.5391
    endloop
  endfacet
  facet normal 0 1 0
    outer loop
      vertex 88.775 -9 -39.3423
      vertex 90.25 -9 -41.8971
      vertex 88.6551 -9 -39.4048
    endloop
  endfacet
  facet normal 0 1 0
    outer loop
      vertex 86.6577 -9 -38.775
      vertex 84.1029 -9 -40.25
      vertex 83.9216 -9 -39.9018
    endloop
  endfacet
  facet normal 0 1 -0
    outer loop
      vertex 89.9018 -9 -42.0784
      vertex 88.6551 -9 -39.4048
      vertex 90.25 -9 -41.8971
    endloop
  endfacet
  facet normal 0 1 0
    outer loop
      vertex 86.7303 -9 -38.889
      vertex 84.3138 -9 -40.5811
      vertex 84.1029 -9 -40.25
    endloop
  endfacet
  facet normal 0 1 0
    outer loop
      vertex 88.6551 -9 -39.4048
      vertex 89.9018 -9 -42.0784
      vertex 88.5301 -9 -39.4565
    endloop
  endfacet
  facet normal 0 1 0
    outer loop
      vertex 86.8126 -9 -38.9963
      vertex 84.5528 -9 -40.8925
      vertex 84.3138 -9 -40.5811
    endloop
  endfacet
  facet normal 0 1 -0
    outer loop
      vertex 89.5391 -9 -42.2286
      vertex 88.5301 -9 -39.4565
      vertex 89.9018 -9 -42.0784
    endloop
  endfacet
  facet normal 0 1 0
    outer loop
      vertex 86.904 -9 -39.096
      vertex 84.818 -9 -41.182
      vertex 84.5528 -9 -40.8925
    endloop
  endfacet
  facet normal 0 1 0
    outer loop
      vertex 88.5301 -9 -39.4565
      vertex 89.5391 -9 -42.2286
      vertex 88.4012 -9 -39.4972
    endloop
  endfacet
  facet normal 0 1 0
    outer loop
      vertex 87.0037 -9 -39.1874
      vertex 85.1075 -9 -41.4472
      vertex 84.818 -9 -41.182
    endloop
  endfacet
  facet normal 0 1 -0
    outer loop
      vertex 89.1647 -9 -42.3467
      vertex 88.4012 -9 -39.4972
      vertex 89.5391 -9 -42.2286
    endloop
  endfacet
  facet normal 0 1 0
    outer loop
      vertex 87.111 -9 -39.2697
      vertex 85.4189 -9 -41.6862
      vertex 85.1075 -9 -41.4472
    endloop
  endfacet
  facet normal 0 1 0
    outer loop
      vertex 88.4012 -9 -39.4972
      vertex 89.1647 -9 -42.3467
      vertex 88.2692 -9 -39.5265
    endloop
  endfacet
  facet normal 0 1 0
    outer loop
      vertex 87.225 -9 -39.3423
      vertex 85.75 -9 -41.8971
      vertex 85.4189 -9 -41.6862
    endloop
  endfacet
  facet normal 0 1 -0
    outer loop
      vertex 88.7814 -9 -42.4316
      vertex 88.2692 -9 -39.5265
      vertex 89.1647 -9 -42.3467
    endloop
  endfacet
  facet normal 0 1 0
    outer loop
      vertex 87.3449 -9 -39.4048
      vertex 86.0982 -9 -42.0784
      vertex 85.75 -9 -41.8971
    endloop
  endfacet
  facet normal 0 1 0
    outer loop
      vertex 88.2692 -9 -39.5265
      vertex 88.7814 -9 -42.4316
      vertex 88.1351 -9 -39.5441
    endloop
  endfacet
  facet normal 0 1 0
    outer loop
      vertex 87.4699 -9 -39.4565
      vertex 86.4609 -9 -42.2286
      vertex 86.0982 -9 -42.0784
    endloop
  endfacet
  facet normal 0 1 -0
    outer loop
      vertex 88.3922 -9 -42.4829
      vertex 88.1351 -9 -39.5441
      vertex 88.7814 -9 -42.4316
    endloop
  endfacet
  facet normal 0 1 0
    outer loop
      vertex 87.5988 -9 -39.4972
      vertex 86.8353 -9 -42.3467
      vertex 86.4609 -9 -42.2286
    endloop
  endfacet
  facet normal 0 1 0
    outer loop
      vertex 88.1351 -9 -39.5441
      vertex 88.3922 -9 -42.4829
      vertex 88 -9 -39.55
    endloop
  endfacet
  facet normal 0 1 0
    outer loop
      vertex 87.7308 -9 -39.5265
      vertex 87.2186 -9 -42.4316
      vertex 86.8353 -9 -42.3467
    endloop
  endfacet
  facet normal 0 1 0
    outer loop
      vertex 88 -9 -42.5
      vertex 88 -9 -39.55
      vertex 88.3922 -9 -42.4829
    endloop
  endfacet
  facet normal 0 1 0
    outer loop
      vertex 87.8649 -9 -39.5441
      vertex 87.6078 -9 -42.4829
      vertex 87.2186 -9 -42.4316
    endloop
  endfacet
  facet normal 0 1 0
    outer loop
      vertex 88 -9 -39.55
      vertex 88 -9 -42.5
      vertex 87.6078 -9 -42.4829
    endloop
  endfacet
  facet normal 0.953679 -0 0.300827
    outer loop
      vertex 92.2286 -27 -36.4609
      vertex 92.3467 -9 -36.8353
      vertex 92.2286 -9 -36.4609
    endloop
  endfacet
  facet normal 0.953679 0 0.300827
    outer loop
      vertex 92.3467 -9 -36.8353
      vertex 92.2286 -27 -36.4609
      vertex 92.3467 -27 -36.8353
    endloop
  endfacet
  facet normal 0.923911 -0 0.382607
    outer loop
      vertex 92.0784 -27 -36.0982
      vertex 92.2286 -9 -36.4609
      vertex 92.0784 -9 -36.0982
    endloop
  endfacet
  facet normal 0.923911 0 0.382607
    outer loop
      vertex 92.2286 -9 -36.4609
      vertex 92.0784 -27 -36.0982
      vertex 92.2286 -27 -36.4609
    endloop
  endfacet
  facet normal 0.793286 -0 0.608849
    outer loop
      vertex 91.4472 -27 -35.1075
      vertex 91.6862 -9 -35.4189
      vertex 91.4472 -9 -35.1075
    endloop
  endfacet
  facet normal 0.793286 0 0.608849
    outer loop
      vertex 91.6862 -9 -35.4189
      vertex 91.4472 -27 -35.1075
      vertex 91.6862 -27 -35.4189
    endloop
  endfacet
  facet normal 0.843431 -0 0.537238
    outer loop
      vertex 91.6862 -27 -35.4189
      vertex 91.8971 -9 -35.75
      vertex 91.6862 -9 -35.4189
    endloop
  endfacet
  facet normal 0.843431 0 0.537238
    outer loop
      vertex 91.8971 -9 -35.75
      vertex 91.6862 -27 -35.4189
      vertex 91.8971 -27 -35.75
    endloop
  endfacet
  facet normal 0.216256 0 0.976337
    outer loop
      vertex 88.7814 -9 -33.5684
      vertex 89.1647 -27 -33.6533
      vertex 89.1647 -9 -33.6533
    endloop
  endfacet
  facet normal 0.216256 0 0.976337
    outer loop
      vertex 89.1647 -27 -33.6533
      vertex 88.7814 -9 -33.5684
      vertex 88.7814 -27 -33.5684
    endloop
  endfacet
  facet normal 0.130679 0 0.991425
    outer loop
      vertex 88.3922 -9 -33.5171
      vertex 88.7814 -27 -33.5684
      vertex 88.7814 -9 -33.5684
    endloop
  endfacet
  facet normal 0.130679 0 0.991425
    outer loop
      vertex 88.7814 -27 -33.5684
      vertex 88.3922 -9 -33.5171
      vertex 88.3922 -27 -33.5171
    endloop
  endfacet
  facet normal 0.537238 0 0.843431
    outer loop
      vertex 90.25 -9 -34.1029
      vertex 90.5811 -27 -34.3138
      vertex 90.5811 -9 -34.3138
    endloop
  endfacet
  facet normal 0.537238 0 0.843431
    outer loop
      vertex 90.5811 -27 -34.3138
      vertex 90.25 -9 -34.1029
      vertex 90.25 -27 -34.1029
    endloop
  endfacet
  facet normal 0.608849 0 0.793286
    outer loop
      vertex 90.5811 -9 -34.3138
      vertex 90.8925 -27 -34.5528
      vertex 90.8925 -9 -34.5528
    endloop
  endfacet
  facet normal 0.608849 0 0.793286
    outer loop
      vertex 90.8925 -27 -34.5528
      vertex 90.5811 -9 -34.3138
      vertex 90.5811 -27 -34.3138
    endloop
  endfacet
  facet normal -0.976337 0 0.216256
    outer loop
      vertex 83.5684 -27 -37.2186
      vertex 83.6533 -9 -36.8353
      vertex 83.5684 -9 -37.2186
    endloop
  endfacet
  facet normal -0.976337 0 0.216256
    outer loop
      vertex 83.6533 -9 -36.8353
      vertex 83.5684 -27 -37.2186
      vertex 83.6533 -27 -36.8353
    endloop
  endfacet
  facet normal -0.953679 0 0.300827
    outer loop
      vertex 83.6533 -27 -36.8353
      vertex 83.7714 -9 -36.4609
      vertex 83.6533 -9 -36.8353
    endloop
  endfacet
  facet normal -0.953679 0 0.300827
    outer loop
      vertex 83.7714 -9 -36.4609
      vertex 83.6533 -27 -36.8353
      vertex 83.7714 -27 -36.4609
    endloop
  endfacet
  facet normal -0.991425 0 0.130679
    outer loop
      vertex 83.5171 -27 -37.6078
      vertex 83.5684 -9 -37.2186
      vertex 83.5171 -9 -37.6078
    endloop
  endfacet
  facet normal -0.991425 0 0.130679
    outer loop
      vertex 83.5684 -9 -37.2186
      vertex 83.5171 -27 -37.6078
      vertex 83.5684 -27 -37.2186
    endloop
  endfacet
  facet normal 0 -1 0
    outer loop
      vertex 88 -27 -36.45
      vertex 88 -27 -33.5
      vertex 87.6078 -27 -33.5171
    endloop
  endfacet
  facet normal 0 -1 0
    outer loop
      vertex 87.8649 -27 -36.4559
      vertex 87.6078 -27 -33.5171
      vertex 87.2186 -27 -33.5684
    endloop
  endfacet
  facet normal 0 -1 0
    outer loop
      vertex 88 -27 -33.5
      vertex 88 -27 -36.45
      vertex 88.3922 -27 -33.5171
    endloop
  endfacet
  facet normal 0 -1 0
    outer loop
      vertex 87.7308 -27 -36.4735
      vertex 87.2186 -27 -33.5684
      vertex 86.8353 -27 -33.6533
    endloop
  endfacet
  facet normal 0 -1 0
    outer loop
      vertex 88.1351 -27 -36.4559
      vertex 88.3922 -27 -33.5171
      vertex 88 -27 -36.45
    endloop
  endfacet
  facet normal 0 -1 0
    outer loop
      vertex 87.5988 -27 -36.5028
      vertex 86.8353 -27 -33.6533
      vertex 86.4609 -27 -33.7714
    endloop
  endfacet
  facet normal 0 -1 -0
    outer loop
      vertex 88.3922 -27 -33.5171
      vertex 88.1351 -27 -36.4559
      vertex 88.7814 -27 -33.5684
    endloop
  endfacet
  facet normal 0 -1 0
    outer loop
      vertex 87.4699 -27 -36.5435
      vertex 86.4609 -27 -33.7714
      vertex 86.0982 -27 -33.9216
    endloop
  endfacet
  facet normal 0 -1 0
    outer loop
      vertex 88.2692 -27 -36.4735
      vertex 88.7814 -27 -33.5684
      vertex 88.1351 -27 -36.4559
    endloop
  endfacet
  facet normal 0 -1 0
    outer loop
      vertex 87.3449 -27 -36.5952
      vertex 86.0982 -27 -33.9216
      vertex 85.75 -27 -34.1029
    endloop
  endfacet
  facet normal 0 -1 -0
    outer loop
      vertex 88.7814 -27 -33.5684
      vertex 88.2692 -27 -36.4735
      vertex 89.1647 -27 -33.6533
    endloop
  endfacet
  facet normal 0 -1 0
    outer loop
      vertex 87.225 -27 -36.6577
      vertex 85.75 -27 -34.1029
      vertex 85.4189 -27 -34.3138
    endloop
  endfacet
  facet normal 0 -1 0
    outer loop
      vertex 88.4012 -27 -36.5028
      vertex 89.1647 -27 -33.6533
      vertex 88.2692 -27 -36.4735
    endloop
  endfacet
  facet normal 0 -1 0
    outer loop
      vertex 87.111 -27 -36.7303
      vertex 85.4189 -27 -34.3138
      vertex 85.1075 -27 -34.5528
    endloop
  endfacet
  facet normal 0 -1 -0
    outer loop
      vertex 89.1647 -27 -33.6533
      vertex 88.4012 -27 -36.5028
      vertex 89.5391 -27 -33.7714
    endloop
  endfacet
  facet normal 0 -1 0
    outer loop
      vertex 87.0037 -27 -36.8126
      vertex 85.1075 -27 -34.5528
      vertex 84.818 -27 -34.818
    endloop
  endfacet
  facet normal 0 -1 0
    outer loop
      vertex 88.5301 -27 -36.5435
      vertex 89.5391 -27 -33.7714
      vertex 88.4012 -27 -36.5028
    endloop
  endfacet
  facet normal 0 -1 0
    outer loop
      vertex 86.904 -27 -36.904
      vertex 84.818 -27 -34.818
      vertex 84.5528 -27 -35.1075
    endloop
  endfacet
  facet normal 0 -1 -0
    outer loop
      vertex 89.5391 -27 -33.7714
      vertex 88.5301 -27 -36.5435
      vertex 89.9018 -27 -33.9216
    endloop
  endfacet
  facet normal 0 -1 0
    outer loop
      vertex 86.8126 -27 -37.0037
      vertex 84.5528 -27 -35.1075
      vertex 84.3138 -27 -35.4189
    endloop
  endfacet
  facet normal 0 -1 0
    outer loop
      vertex 88.6551 -27 -36.5952
      vertex 89.9018 -27 -33.9216
      vertex 88.5301 -27 -36.5435
    endloop
  endfacet
  facet normal 0 -1 0
    outer loop
      vertex 86.7303 -27 -37.111
      vertex 84.3138 -27 -35.4189
      vertex 84.1029 -27 -35.75
    endloop
  endfacet
  facet normal 0 -1 -0
    outer loop
      vertex 89.9018 -27 -33.9216
      vertex 88.6551 -27 -36.5952
      vertex 90.25 -27 -34.1029
    endloop
  endfacet
  facet normal 0 -1 0
    outer loop
      vertex 86.6577 -27 -37.225
      vertex 84.1029 -27 -35.75
      vertex 83.9216 -27 -36.0982
    endloop
  endfacet
  facet normal 0 -1 0
    outer loop
      vertex 88.775 -27 -36.6577
      vertex 90.25 -27 -34.1029
      vertex 88.6551 -27 -36.5952
    endloop
  endfacet
  facet normal 0 -1 -0
    outer loop
      vertex 90.25 -27 -34.1029
      vertex 88.775 -27 -36.6577
      vertex 90.5811 -27 -34.3138
    endloop
  endfacet
  facet normal 0 -1 0
    outer loop
      vertex 87.6078 -27 -33.5171
      vertex 87.8649 -27 -36.4559
      vertex 88 -27 -36.45
    endloop
  endfacet
  facet normal 0 -1 0
    outer loop
      vertex 86.5952 -27 -37.3449
      vertex 83.9216 -27 -36.0982
      vertex 83.7714 -27 -36.4609
    endloop
  endfacet
  facet normal 0 -1 0
    outer loop
      vertex 87.2186 -27 -33.5684
      vertex 87.7308 -27 -36.4735
      vertex 87.8649 -27 -36.4559
    endloop
  endfacet
  facet normal 0 -1 0
    outer loop
      vertex 86.8353 -27 -33.6533
      vertex 87.5988 -27 -36.5028
      vertex 87.7308 -27 -36.4735
    endloop
  endfacet
  facet normal 0 -1 0
    outer loop
      vertex 86.4609 -27 -33.7714
      vertex 87.4699 -27 -36.5435
      vertex 87.5988 -27 -36.5028
    endloop
  endfacet
  facet normal 0 -1 0
    outer loop
      vertex 86.0982 -27 -33.9216
      vertex 87.3449 -27 -36.5952
      vertex 87.4699 -27 -36.5435
    endloop
  endfacet
  facet normal 0 -1 0
    outer loop
      vertex 85.75 -27 -34.1029
      vertex 87.225 -27 -36.6577
      vertex 87.3449 -27 -36.5952
    endloop
  endfacet
  facet normal 0 -1 0
    outer loop
      vertex 85.4189 -27 -34.3138
      vertex 87.111 -27 -36.7303
      vertex 87.225 -27 -36.6577
    endloop
  endfacet
  facet normal 0 -1 0
    outer loop
      vertex 85.1075 -27 -34.5528
      vertex 87.0037 -27 -36.8126
      vertex 87.111 -27 -36.7303
    endloop
  endfacet
  facet normal 0 -1 0
    outer loop
      vertex 86.5435 -27 -37.4699
      vertex 83.7714 -27 -36.4609
      vertex 83.6533 -27 -36.8353
    endloop
  endfacet
  facet normal 0 -1 0
    outer loop
      vertex 84.818 -27 -34.818
      vertex 86.904 -27 -36.904
      vertex 87.0037 -27 -36.8126
    endloop
  endfacet
  facet normal 0 -1 0
    outer loop
      vertex 84.5528 -27 -35.1075
      vertex 86.8126 -27 -37.0037
      vertex 86.904 -27 -36.904
    endloop
  endfacet
  facet normal 0 -1 0
    outer loop
      vertex 84.3138 -27 -35.4189
      vertex 86.7303 -27 -37.111
      vertex 86.8126 -27 -37.0037
    endloop
  endfacet
  facet normal 0 -1 0
    outer loop
      vertex 86.5028 -27 -37.5988
      vertex 83.6533 -27 -36.8353
      vertex 83.5684 -27 -37.2186
    endloop
  endfacet
  facet normal 0 -1 0
    outer loop
      vertex 84.1029 -27 -35.75
      vertex 86.6577 -27 -37.225
      vertex 86.7303 -27 -37.111
    endloop
  endfacet
  facet normal 0 -1 0
    outer loop
      vertex 83.9216 -27 -36.0982
      vertex 86.5952 -27 -37.3449
      vertex 86.6577 -27 -37.225
    endloop
  endfacet
  facet normal 0 -1 0
    outer loop
      vertex 83.7714 -27 -36.4609
      vertex 86.5435 -27 -37.4699
      vertex 86.5952 -27 -37.3449
    endloop
  endfacet
  facet normal 0 -1 0
    outer loop
      vertex 83.6533 -27 -36.8353
      vertex 86.5028 -27 -37.5988
      vertex 86.5435 -27 -37.4699
    endloop
  endfacet
  facet normal 0 -1 0
    outer loop
      vertex 86.4735 -27 -37.7308
      vertex 83.5684 -27 -37.2186
      vertex 83.5171 -27 -37.6078
    endloop
  endfacet
  facet normal 0 -1 0
    outer loop
      vertex 83.5684 -27 -37.2186
      vertex 86.4735 -27 -37.7308
      vertex 86.5028 -27 -37.5988
    endloop
  endfacet
  facet normal 0 -1 0
    outer loop
      vertex 83.5171 -27 -37.6078
      vertex 86.4559 -27 -37.8649
      vertex 86.4735 -27 -37.7308
    endloop
  endfacet
  facet normal 0 -1 0
    outer loop
      vertex 83.5 -27 -38
      vertex 86.4559 -27 -37.8649
      vertex 83.5171 -27 -37.6078
    endloop
  endfacet
  facet normal 0 -1 0
    outer loop
      vertex 83.5 -27 -38
      vertex 86.45 -27 -38
      vertex 86.4559 -27 -37.8649
    endloop
  endfacet
  facet normal 0 -1 0
    outer loop
      vertex 83.5 -27 -38
      vertex 86.4559 -27 -38.1351
      vertex 86.45 -27 -38
    endloop
  endfacet
  facet normal 0 -1 0
    outer loop
      vertex 83.5171 -27 -38.3922
      vertex 86.4559 -27 -38.1351
      vertex 83.5 -27 -38
    endloop
  endfacet
  facet normal 0 -1 -0
    outer loop
      vertex 86.4559 -27 -38.1351
      vertex 83.5171 -27 -38.3922
      vertex 86.4735 -27 -38.2692
    endloop
  endfacet
  facet normal 0 -1 0
    outer loop
      vertex 83.5684 -27 -38.7814
      vertex 86.4735 -27 -38.2692
      vertex 83.5171 -27 -38.3922
    endloop
  endfacet
  facet normal 0 -1 -0
    outer loop
      vertex 86.4735 -27 -38.2692
      vertex 83.5684 -27 -38.7814
      vertex 86.5028 -27 -38.4012
    endloop
  endfacet
  facet normal 0 -1 0
    outer loop
      vertex 83.6533 -27 -39.1647
      vertex 86.5028 -27 -38.4012
      vertex 83.5684 -27 -38.7814
    endloop
  endfacet
  facet normal 0 -1 -0
    outer loop
      vertex 86.5028 -27 -38.4012
      vertex 83.6533 -27 -39.1647
      vertex 86.5435 -27 -38.5301
    endloop
  endfacet
  facet normal 0 -1 0
    outer loop
      vertex 83.7714 -27 -39.5391
      vertex 86.5435 -27 -38.5301
      vertex 83.6533 -27 -39.1647
    endloop
  endfacet
  facet normal 0 -1 -0
    outer loop
      vertex 86.5435 -27 -38.5301
      vertex 83.7714 -27 -39.5391
      vertex 86.5952 -27 -38.6551
    endloop
  endfacet
  facet normal 0 -1 0
    outer loop
      vertex 83.9216 -27 -39.9018
      vertex 86.5952 -27 -38.6551
      vertex 83.7714 -27 -39.5391
    endloop
  endfacet
  facet normal 0 -1 -0
    outer loop
      vertex 86.5952 -27 -38.6551
      vertex 83.9216 -27 -39.9018
      vertex 86.6577 -27 -38.775
    endloop
  endfacet
  facet normal 0 -1 0
    outer loop
      vertex 84.1029 -27 -40.25
      vertex 86.6577 -27 -38.775
      vertex 83.9216 -27 -39.9018
    endloop
  endfacet
  facet normal 0 -1 -0
    outer loop
      vertex 86.6577 -27 -38.775
      vertex 84.1029 -27 -40.25
      vertex 86.7303 -27 -38.889
    endloop
  endfacet
  facet normal 0 -1 0
    outer loop
      vertex 84.3138 -27 -40.5811
      vertex 86.7303 -27 -38.889
      vertex 84.1029 -27 -40.25
    endloop
  endfacet
  facet normal 0 -1 -0
    outer loop
      vertex 86.7303 -27 -38.889
      vertex 84.3138 -27 -40.5811
      vertex 86.8126 -27 -38.9963
    endloop
  endfacet
  facet normal 0 -1 0
    outer loop
      vertex 84.5528 -27 -40.8925
      vertex 86.8126 -27 -38.9963
      vertex 84.3138 -27 -40.5811
    endloop
  endfacet
  facet normal 0 -1 -0
    outer loop
      vertex 86.8126 -27 -38.9963
      vertex 84.5528 -27 -40.8925
      vertex 86.904 -27 -39.096
    endloop
  endfacet
  facet normal 0 -1 0
    outer loop
      vertex 84.818 -27 -41.182
      vertex 86.904 -27 -39.096
      vertex 84.5528 -27 -40.8925
    endloop
  endfacet
  facet normal 0 -1 -0
    outer loop
      vertex 86.904 -27 -39.096
      vertex 84.818 -27 -41.182
      vertex 87.0037 -27 -39.1874
    endloop
  endfacet
  facet normal 0 -1 0
    outer loop
      vertex 85.1075 -27 -41.4472
      vertex 87.0037 -27 -39.1874
      vertex 84.818 -27 -41.182
    endloop
  endfacet
  facet normal 0 -1 -0
    outer loop
      vertex 87.0037 -27 -39.1874
      vertex 85.1075 -27 -41.4472
      vertex 87.111 -27 -39.2697
    endloop
  endfacet
  facet normal 0 -1 0
    outer loop
      vertex 85.4189 -27 -41.6862
      vertex 87.111 -27 -39.2697
      vertex 85.1075 -27 -41.4472
    endloop
  endfacet
  facet normal 0 -1 -0
    outer loop
      vertex 87.111 -27 -39.2697
      vertex 85.4189 -27 -41.6862
      vertex 87.225 -27 -39.3423
    endloop
  endfacet
  facet normal 0 -1 0
    outer loop
      vertex 88.889 -27 -36.7303
      vertex 90.5811 -27 -34.3138
      vertex 88.775 -27 -36.6577
    endloop
  endfacet
  facet normal 0 -1 -0
    outer loop
      vertex 90.5811 -27 -34.3138
      vertex 88.889 -27 -36.7303
      vertex 90.8925 -27 -34.5528
    endloop
  endfacet
  facet normal 0 -1 0
    outer loop
      vertex 88.9963 -27 -36.8126
      vertex 90.8925 -27 -34.5528
      vertex 88.889 -27 -36.7303
    endloop
  endfacet
  facet normal 0 -1 -0
    outer loop
      vertex 90.8925 -27 -34.5528
      vertex 88.9963 -27 -36.8126
      vertex 91.182 -27 -34.818
    endloop
  endfacet
  facet normal 0 -1 0
    outer loop
      vertex 89.096 -27 -36.904
      vertex 91.182 -27 -34.818
      vertex 88.9963 -27 -36.8126
    endloop
  endfacet
  facet normal 0 -1 -0
    outer loop
      vertex 91.182 -27 -34.818
      vertex 89.096 -27 -36.904
      vertex 91.4472 -27 -35.1075
    endloop
  endfacet
  facet normal 0 -1 0
    outer loop
      vertex 89.1874 -27 -37.0037
      vertex 91.4472 -27 -35.1075
      vertex 89.096 -27 -36.904
    endloop
  endfacet
  facet normal 0 -1 -0
    outer loop
      vertex 91.4472 -27 -35.1075
      vertex 89.1874 -27 -37.0037
      vertex 91.6862 -27 -35.4189
    endloop
  endfacet
  facet normal 0 -1 0
    outer loop
      vertex 89.2697 -27 -37.111
      vertex 91.6862 -27 -35.4189
      vertex 89.1874 -27 -37.0037
    endloop
  endfacet
  facet normal 0 -1 -0
    outer loop
      vertex 91.6862 -27 -35.4189
      vertex 89.2697 -27 -37.111
      vertex 91.8971 -27 -35.75
    endloop
  endfacet
  facet normal 0 -1 0
    outer loop
      vertex 89.3423 -27 -37.225
      vertex 91.8971 -27 -35.75
      vertex 89.2697 -27 -37.111
    endloop
  endfacet
  facet normal 0 -1 -0
    outer loop
      vertex 91.8971 -27 -35.75
      vertex 89.3423 -27 -37.225
      vertex 92.0784 -27 -36.0982
    endloop
  endfacet
  facet normal 0 -1 0
    outer loop
      vertex 89.4048 -27 -37.3449
      vertex 92.0784 -27 -36.0982
      vertex 89.3423 -27 -37.225
    endloop
  endfacet
  facet normal 0 -1 -0
    outer loop
      vertex 92.0784 -27 -36.0982
      vertex 89.4048 -27 -37.3449
      vertex 92.2286 -27 -36.4609
    endloop
  endfacet
  facet normal 0 -1 0
    outer loop
      vertex 89.4565 -27 -37.4699
      vertex 92.2286 -27 -36.4609
      vertex 89.4048 -27 -37.3449
    endloop
  endfacet
  facet normal 0 -1 -0
    outer loop
      vertex 92.2286 -27 -36.4609
      vertex 89.4565 -27 -37.4699
      vertex 92.3467 -27 -36.8353
    endloop
  endfacet
  facet normal 0 -1 0
    outer loop
      vertex 89.4972 -27 -37.5988
      vertex 92.3467 -27 -36.8353
      vertex 89.4565 -27 -37.4699
    endloop
  endfacet
  facet normal 0 -1 -0
    outer loop
      vertex 92.3467 -27 -36.8353
      vertex 89.4972 -27 -37.5988
      vertex 92.4316 -27 -37.2186
    endloop
  endfacet
  facet normal 0 -1 0
    outer loop
      vertex 89.5265 -27 -37.7308
      vertex 92.4316 -27 -37.2186
      vertex 89.4972 -27 -37.5988
    endloop
  endfacet
  facet normal 0 -1 -0
    outer loop
      vertex 92.4316 -27 -37.2186
      vertex 89.5265 -27 -37.7308
      vertex 92.4829 -27 -37.6078
    endloop
  endfacet
  facet normal 0 -1 0
    outer loop
      vertex 89.5441 -27 -37.8649
      vertex 92.4829 -27 -37.6078
      vertex 89.5265 -27 -37.7308
    endloop
  endfacet
  facet normal 0 -1 0
    outer loop
      vertex 89.55 -27 -38
      vertex 92.4829 -27 -37.6078
      vertex 89.5441 -27 -37.8649
    endloop
  endfacet
  facet normal 0 -1 0
    outer loop
      vertex 89.55 -27 -38
      vertex 92.5 -27 -38
      vertex 92.4829 -27 -37.6078
    endloop
  endfacet
  facet normal 0 -1 0
    outer loop
      vertex 89.5441 -27 -38.1351
      vertex 92.5 -27 -38
      vertex 89.55 -27 -38
    endloop
  endfacet
  facet normal 0 -1 0
    outer loop
      vertex 92.4829 -27 -38.3922
      vertex 89.5441 -27 -38.1351
      vertex 89.5265 -27 -38.2692
    endloop
  endfacet
  facet normal 0 -1 0
    outer loop
      vertex 89.5441 -27 -38.1351
      vertex 92.4829 -27 -38.3922
      vertex 92.5 -27 -38
    endloop
  endfacet
  facet normal 0 -1 0
    outer loop
      vertex 92.4316 -27 -38.7814
      vertex 89.5265 -27 -38.2692
      vertex 89.4972 -27 -38.4012
    endloop
  endfacet
  facet normal 0 -1 0
    outer loop
      vertex 92.3467 -27 -39.1647
      vertex 89.4972 -27 -38.4012
      vertex 89.4565 -27 -38.5301
    endloop
  endfacet
  facet normal 0 -1 0
    outer loop
      vertex 92.2286 -27 -39.5391
      vertex 89.4565 -27 -38.5301
      vertex 89.4048 -27 -38.6551
    endloop
  endfacet
  facet normal 0 -1 0
    outer loop
      vertex 92.0784 -27 -39.9018
      vertex 89.4048 -27 -38.6551
      vertex 89.3423 -27 -38.775
    endloop
  endfacet
  facet normal 0 -1 0
    outer loop
      vertex 89.5265 -27 -38.2692
      vertex 92.4316 -27 -38.7814
      vertex 92.4829 -27 -38.3922
    endloop
  endfacet
  facet normal 0 -1 0
    outer loop
      vertex 91.8971 -27 -40.25
      vertex 89.3423 -27 -38.775
      vertex 89.2697 -27 -38.889
    endloop
  endfacet
  facet normal 0 -1 0
    outer loop
      vertex 91.6862 -27 -40.5811
      vertex 89.2697 -27 -38.889
      vertex 89.1874 -27 -38.9963
    endloop
  endfacet
  facet normal 0 -1 0
    outer loop
      vertex 91.4472 -27 -40.8925
      vertex 89.1874 -27 -38.9963
      vertex 89.096 -27 -39.096
    endloop
  endfacet
  facet normal 0 -1 0
    outer loop
      vertex 89.4972 -27 -38.4012
      vertex 92.3467 -27 -39.1647
      vertex 92.4316 -27 -38.7814
    endloop
  endfacet
  facet normal 0 -1 0
    outer loop
      vertex 91.182 -27 -41.182
      vertex 89.096 -27 -39.096
      vertex 88.9963 -27 -39.1874
    endloop
  endfacet
  facet normal 0 -1 0
    outer loop
      vertex 90.8925 -27 -41.4472
      vertex 88.9963 -27 -39.1874
      vertex 88.889 -27 -39.2697
    endloop
  endfacet
  facet normal 0 -1 0
    outer loop
      vertex 90.5811 -27 -41.6862
      vertex 88.889 -27 -39.2697
      vertex 88.775 -27 -39.3423
    endloop
  endfacet
  facet normal 0 -1 0
    outer loop
      vertex 90.25 -27 -41.8971
      vertex 88.775 -27 -39.3423
      vertex 88.6551 -27 -39.4048
    endloop
  endfacet
  facet normal 0 -1 0
    outer loop
      vertex 89.9018 -27 -42.0784
      vertex 88.6551 -27 -39.4048
      vertex 88.5301 -27 -39.4565
    endloop
  endfacet
  facet normal 0 -1 0
    outer loop
      vertex 89.5391 -27 -42.2286
      vertex 88.5301 -27 -39.4565
      vertex 88.4012 -27 -39.4972
    endloop
  endfacet
  facet normal 0 -1 0
    outer loop
      vertex 89.1647 -27 -42.3467
      vertex 88.4012 -27 -39.4972
      vertex 88.2692 -27 -39.5265
    endloop
  endfacet
  facet normal 0 -1 0
    outer loop
      vertex 89.4565 -27 -38.5301
      vertex 92.2286 -27 -39.5391
      vertex 92.3467 -27 -39.1647
    endloop
  endfacet
  facet normal 0 -1 0
    outer loop
      vertex 88.7814 -27 -42.4316
      vertex 88.2692 -27 -39.5265
      vertex 88.1351 -27 -39.5441
    endloop
  endfacet
  facet normal 0 -1 0
    outer loop
      vertex 88.3922 -27 -42.4829
      vertex 88.1351 -27 -39.5441
      vertex 88 -27 -39.55
    endloop
  endfacet
  facet normal 0 -1 0
    outer loop
      vertex 85.75 -27 -41.8971
      vertex 87.225 -27 -39.3423
      vertex 85.4189 -27 -41.6862
    endloop
  endfacet
  facet normal 0 -1 0
    outer loop
      vertex 89.4048 -27 -38.6551
      vertex 92.0784 -27 -39.9018
      vertex 92.2286 -27 -39.5391
    endloop
  endfacet
  facet normal 0 -1 -0
    outer loop
      vertex 87.225 -27 -39.3423
      vertex 85.75 -27 -41.8971
      vertex 87.3449 -27 -39.4048
    endloop
  endfacet
  facet normal 0 -1 0
    outer loop
      vertex 89.3423 -27 -38.775
      vertex 91.8971 -27 -40.25
      vertex 92.0784 -27 -39.9018
    endloop
  endfacet
  facet normal 0 -1 0
    outer loop
      vertex 86.0982 -27 -42.0784
      vertex 87.3449 -27 -39.4048
      vertex 85.75 -27 -41.8971
    endloop
  endfacet
  facet normal 0 -1 0
    outer loop
      vertex 89.2697 -27 -38.889
      vertex 91.6862 -27 -40.5811
      vertex 91.8971 -27 -40.25
    endloop
  endfacet
  facet normal 0 -1 -0
    outer loop
      vertex 87.3449 -27 -39.4048
      vertex 86.0982 -27 -42.0784
      vertex 87.4699 -27 -39.4565
    endloop
  endfacet
  facet normal 0 -1 0
    outer loop
      vertex 89.1874 -27 -38.9963
      vertex 91.4472 -27 -40.8925
      vertex 91.6862 -27 -40.5811
    endloop
  endfacet
  facet normal 0 -1 0
    outer loop
      vertex 86.4609 -27 -42.2286
      vertex 87.4699 -27 -39.4565
      vertex 86.0982 -27 -42.0784
    endloop
  endfacet
  facet normal 0 -1 0
    outer loop
      vertex 89.096 -27 -39.096
      vertex 91.182 -27 -41.182
      vertex 91.4472 -27 -40.8925
    endloop
  endfacet
  facet normal 0 -1 -0
    outer loop
      vertex 87.4699 -27 -39.4565
      vertex 86.4609 -27 -42.2286
      vertex 87.5988 -27 -39.4972
    endloop
  endfacet
  facet normal 0 -1 0
    outer loop
      vertex 88.9963 -27 -39.1874
      vertex 90.8925 -27 -41.4472
      vertex 91.182 -27 -41.182
    endloop
  endfacet
  facet normal 0 -1 0
    outer loop
      vertex 86.8353 -27 -42.3467
      vertex 87.5988 -27 -39.4972
      vertex 86.4609 -27 -42.2286
    endloop
  endfacet
  facet normal 0 -1 0
    outer loop
      vertex 88.889 -27 -39.2697
      vertex 90.5811 -27 -41.6862
      vertex 90.8925 -27 -41.4472
    endloop
  endfacet
  facet normal 0 -1 -0
    outer loop
      vertex 87.5988 -27 -39.4972
      vertex 86.8353 -27 -42.3467
      vertex 87.7308 -27 -39.5265
    endloop
  endfacet
  facet normal 0 -1 0
    outer loop
      vertex 88.775 -27 -39.3423
      vertex 90.25 -27 -41.8971
      vertex 90.5811 -27 -41.6862
    endloop
  endfacet
  facet normal 0 -1 0
    outer loop
      vertex 87.2186 -27 -42.4316
      vertex 87.7308 -27 -39.5265
      vertex 86.8353 -27 -42.3467
    endloop
  endfacet
  facet normal 0 -1 0
    outer loop
      vertex 88.6551 -27 -39.4048
      vertex 89.9018 -27 -42.0784
      vertex 90.25 -27 -41.8971
    endloop
  endfacet
  facet normal 0 -1 -0
    outer loop
      vertex 87.7308 -27 -39.5265
      vertex 87.2186 -27 -42.4316
      vertex 87.8649 -27 -39.5441
    endloop
  endfacet
  facet normal 0 -1 0
    outer loop
      vertex 88.5301 -27 -39.4565
      vertex 89.5391 -27 -42.2286
      vertex 89.9018 -27 -42.0784
    endloop
  endfacet
  facet normal 0 -1 0
    outer loop
      vertex 87.6078 -27 -42.4829
      vertex 87.8649 -27 -39.5441
      vertex 87.2186 -27 -42.4316
    endloop
  endfacet
  facet normal 0 -1 0
    outer loop
      vertex 88.4012 -27 -39.4972
      vertex 89.1647 -27 -42.3467
      vertex 89.5391 -27 -42.2286
    endloop
  endfacet
  facet normal 0 -1 -0
    outer loop
      vertex 87.8649 -27 -39.5441
      vertex 87.6078 -27 -42.4829
      vertex 88 -27 -39.55
    endloop
  endfacet
  facet normal 0 -1 0
    outer loop
      vertex 88.2692 -27 -39.5265
      vertex 88.7814 -27 -42.4316
      vertex 89.1647 -27 -42.3467
    endloop
  endfacet
  facet normal 0 -1 0
    outer loop
      vertex 88 -27 -42.5
      vertex 88 -27 -39.55
      vertex 87.6078 -27 -42.4829
    endloop
  endfacet
  facet normal 0 -1 0
    outer loop
      vertex 88.1351 -27 -39.5441
      vertex 88.3922 -27 -42.4829
      vertex 88.7814 -27 -42.4316
    endloop
  endfacet
  facet normal 0 -1 0
    outer loop
      vertex 88 -27 -39.55
      vertex 88 -27 -42.5
      vertex 88.3922 -27 -42.4829
    endloop
  endfacet
  facet normal -0.537238 0 0.843431
    outer loop
      vertex 85.4189 -9 -34.3138
      vertex 85.75 -27 -34.1029
      vertex 85.75 -9 -34.1029
    endloop
  endfacet
  facet normal -0.537238 0 0.843431
    outer loop
      vertex 85.75 -27 -34.1029
      vertex 85.4189 -9 -34.3138
      vertex 85.4189 -27 -34.3138
    endloop
  endfacet
  facet normal -0.0435588 0 0.999051
    outer loop
      vertex 87.6078 -9 -33.5171
      vertex 88 -27 -33.5
      vertex 88 -9 -33.5
    endloop
  endfacet
  facet normal -0.0435588 0 0.999051
    outer loop
      vertex 88 -27 -33.5
      vertex 87.6078 -9 -33.5171
      vertex 87.6078 -27 -33.5171
    endloop
  endfacet
  facet normal 0.0435588 0 -0.999051
    outer loop
      vertex 88 -27 -42.5
      vertex 88.3922 -9 -42.4829
      vertex 88.3922 -27 -42.4829
    endloop
  endfacet
  facet normal 0.0435588 0 -0.999051
    outer loop
      vertex 88.3922 -9 -42.4829
      vertex 88 -27 -42.5
      vertex 88 -9 -42.5
    endloop
  endfacet
  facet normal 0.461826 0 -0.886971
    outer loop
      vertex 89.9018 -27 -42.0784
      vertex 90.25 -9 -41.8971
      vertex 90.25 -27 -41.8971
    endloop
  endfacet
  facet normal 0.461826 0 -0.886971
    outer loop
      vertex 90.25 -9 -41.8971
      vertex 89.9018 -27 -42.0784
      vertex 89.9018 -9 -42.0784
    endloop
  endfacet
  facet normal 0.608849 0 -0.793286
    outer loop
      vertex 90.5811 -27 -41.6862
      vertex 90.8925 -9 -41.4472
      vertex 90.8925 -27 -41.4472
    endloop
  endfacet
  facet normal 0.608849 0 -0.793286
    outer loop
      vertex 90.8925 -9 -41.4472
      vertex 90.5811 -27 -41.6862
      vertex 90.5811 -9 -41.6862
    endloop
  endfacet
  facet normal 0.537238 0 -0.843431
    outer loop
      vertex 90.25 -27 -41.8971
      vertex 90.5811 -9 -41.6862
      vertex 90.5811 -27 -41.6862
    endloop
  endfacet
  facet normal 0.537238 0 -0.843431
    outer loop
      vertex 90.5811 -9 -41.6862
      vertex 90.25 -27 -41.8971
      vertex 90.25 -9 -41.8971
    endloop
  endfacet
  facet normal 0.793286 0 -0.608849
    outer loop
      vertex 91.6862 -27 -40.5811
      vertex 91.4472 -9 -40.8925
      vertex 91.6862 -9 -40.5811
    endloop
  endfacet
  facet normal 0.793286 0 -0.608849
    outer loop
      vertex 91.4472 -9 -40.8925
      vertex 91.6862 -27 -40.5811
      vertex 91.4472 -27 -40.8925
    endloop
  endfacet
  facet normal 0.843431 0 -0.537238
    outer loop
      vertex 91.8971 -27 -40.25
      vertex 91.6862 -9 -40.5811
      vertex 91.8971 -9 -40.25
    endloop
  endfacet
  facet normal 0.843431 0 -0.537238
    outer loop
      vertex 91.6862 -9 -40.5811
      vertex 91.8971 -27 -40.25
      vertex 91.6862 -27 -40.5811
    endloop
  endfacet
  facet normal -0.675482 0 -0.737376
    outer loop
      vertex 84.818 -27 -41.182
      vertex 85.1075 -9 -41.4472
      vertex 85.1075 -27 -41.4472
    endloop
  endfacet
  facet normal -0.675482 0 -0.737376
    outer loop
      vertex 85.1075 -9 -41.4472
      vertex 84.818 -27 -41.182
      vertex 84.818 -9 -41.182
    endloop
  endfacet
  facet normal -0.608849 0 -0.793286
    outer loop
      vertex 85.1075 -27 -41.4472
      vertex 85.4189 -9 -41.6862
      vertex 85.4189 -27 -41.6862
    endloop
  endfacet
  facet normal -0.608849 0 -0.793286
    outer loop
      vertex 85.4189 -9 -41.6862
      vertex 85.1075 -27 -41.4472
      vertex 85.1075 -9 -41.4472
    endloop
  endfacet
  facet normal -0.537238 0 -0.843431
    outer loop
      vertex 85.4189 -27 -41.6862
      vertex 85.75 -9 -41.8971
      vertex 85.75 -27 -41.8971
    endloop
  endfacet
  facet normal -0.537238 0 -0.843431
    outer loop
      vertex 85.75 -9 -41.8971
      vertex 85.4189 -27 -41.6862
      vertex 85.4189 -9 -41.6862
    endloop
  endfacet
  facet normal -0.130679 0 -0.991425
    outer loop
      vertex 87.2186 -27 -42.4316
      vertex 87.6078 -9 -42.4829
      vertex 87.6078 -27 -42.4829
    endloop
  endfacet
  facet normal -0.130679 0 -0.991425
    outer loop
      vertex 87.6078 -9 -42.4829
      vertex 87.2186 -27 -42.4316
      vertex 87.2186 -9 -42.4316
    endloop
  endfacet
  facet normal -0.923911 0 -0.382607
    outer loop
      vertex 83.9216 -27 -39.9018
      vertex 83.7714 -9 -39.5391
      vertex 83.9216 -9 -39.9018
    endloop
  endfacet
  facet normal -0.923911 -0 -0.382607
    outer loop
      vertex 83.7714 -9 -39.5391
      vertex 83.9216 -27 -39.9018
      vertex 83.7714 -27 -39.5391
    endloop
  endfacet
  facet normal -0.999051 0 -0.0435588
    outer loop
      vertex 83.5171 -27 -38.3922
      vertex 83.5 -9 -38
      vertex 83.5171 -9 -38.3922
    endloop
  endfacet
  facet normal -0.999051 -0 -0.0435588
    outer loop
      vertex 83.5 -9 -38
      vertex 83.5171 -27 -38.3922
      vertex 83.5 -27 -38
    endloop
  endfacet
  facet normal 0.976337 -0 0.216256
    outer loop
      vertex 92.3467 -27 -36.8353
      vertex 92.4316 -9 -37.2186
      vertex 92.3467 -9 -36.8353
    endloop
  endfacet
  facet normal 0.976337 0 0.216256
    outer loop
      vertex 92.4316 -9 -37.2186
      vertex 92.3467 -27 -36.8353
      vertex 92.4316 -27 -37.2186
    endloop
  endfacet
  facet normal 0.991425 -0 0.130679
    outer loop
      vertex 92.4316 -27 -37.2186
      vertex 92.4829 -9 -37.6078
      vertex 92.4316 -9 -37.2186
    endloop
  endfacet
  facet normal 0.991425 0 0.130679
    outer loop
      vertex 92.4829 -9 -37.6078
      vertex 92.4316 -27 -37.2186
      vertex 92.4829 -27 -37.6078
    endloop
  endfacet
  facet normal 0.737376 -0 0.675482
    outer loop
      vertex 91.182 -27 -34.818
      vertex 91.4472 -9 -35.1075
      vertex 91.182 -9 -34.818
    endloop
  endfacet
  facet normal 0.737376 0 0.675482
    outer loop
      vertex 91.4472 -9 -35.1075
      vertex 91.182 -27 -34.818
      vertex 91.4472 -27 -35.1075
    endloop
  endfacet
  facet normal 0.300827 0 0.953679
    outer loop
      vertex 89.1647 -9 -33.6533
      vertex 89.5391 -27 -33.7714
      vertex 89.5391 -9 -33.7714
    endloop
  endfacet
  facet normal 0.300827 0 0.953679
    outer loop
      vertex 89.5391 -27 -33.7714
      vertex 89.1647 -9 -33.6533
      vertex 89.1647 -27 -33.6533
    endloop
  endfacet
  facet normal 0.461826 0 0.886971
    outer loop
      vertex 89.9018 -9 -33.9216
      vertex 90.25 -27 -34.1029
      vertex 90.25 -9 -34.1029
    endloop
  endfacet
  facet normal 0.461826 0 0.886971
    outer loop
      vertex 90.25 -27 -34.1029
      vertex 89.9018 -9 -33.9216
      vertex 89.9018 -27 -33.9216
    endloop
  endfacet
  facet normal -0.737376 0 0.675482
    outer loop
      vertex 84.5528 -27 -35.1075
      vertex 84.818 -9 -34.818
      vertex 84.5528 -9 -35.1075
    endloop
  endfacet
  facet normal -0.737376 0 0.675482
    outer loop
      vertex 84.818 -9 -34.818
      vertex 84.5528 -27 -35.1075
      vertex 84.818 -27 -34.818
    endloop
  endfacet
  facet normal -0.923911 0 0.382607
    outer loop
      vertex 83.7714 -27 -36.4609
      vertex 83.9216 -9 -36.0982
      vertex 83.7714 -9 -36.4609
    endloop
  endfacet
  facet normal -0.923911 0 0.382607
    outer loop
      vertex 83.9216 -9 -36.0982
      vertex 83.7714 -27 -36.4609
      vertex 83.9216 -27 -36.0982
    endloop
  endfacet
  facet normal -0.886971 0 0.461826
    outer loop
      vertex 83.9216 -27 -36.0982
      vertex 84.1029 -9 -35.75
      vertex 83.9216 -9 -36.0982
    endloop
  endfacet
  facet normal -0.886971 0 0.461826
    outer loop
      vertex 84.1029 -9 -35.75
      vertex 83.9216 -27 -36.0982
      vertex 84.1029 -27 -35.75
    endloop
  endfacet
  facet normal -0.608849 0 0.793286
    outer loop
      vertex 85.1075 -9 -34.5528
      vertex 85.4189 -27 -34.3138
      vertex 85.4189 -9 -34.3138
    endloop
  endfacet
  facet normal -0.608849 0 0.793286
    outer loop
      vertex 85.4189 -27 -34.3138
      vertex 85.1075 -9 -34.5528
      vertex 85.1075 -27 -34.5528
    endloop
  endfacet
  facet normal -0.461826 0 0.886971
    outer loop
      vertex 85.75 -9 -34.1029
      vertex 86.0982 -27 -33.9216
      vertex 86.0982 -9 -33.9216
    endloop
  endfacet
  facet normal -0.461826 0 0.886971
    outer loop
      vertex 86.0982 -27 -33.9216
      vertex 85.75 -9 -34.1029
      vertex 85.75 -27 -34.1029
    endloop
  endfacet
  facet normal -0.216256 0 0.976337
    outer loop
      vertex 86.8353 -9 -33.6533
      vertex 87.2186 -27 -33.5684
      vertex 87.2186 -9 -33.5684
    endloop
  endfacet
  facet normal -0.216256 0 0.976337
    outer loop
      vertex 87.2186 -27 -33.5684
      vertex 86.8353 -9 -33.6533
      vertex 86.8353 -27 -33.6533
    endloop
  endfacet
  facet normal 0.130679 0 -0.991425
    outer loop
      vertex 88.3922 -27 -42.4829
      vertex 88.7814 -9 -42.4316
      vertex 88.7814 -27 -42.4316
    endloop
  endfacet
  facet normal 0.130679 0 -0.991425
    outer loop
      vertex 88.7814 -9 -42.4316
      vertex 88.3922 -27 -42.4829
      vertex 88.3922 -9 -42.4829
    endloop
  endfacet
  facet normal 0.382607 0 -0.923911
    outer loop
      vertex 89.5391 -27 -42.2286
      vertex 89.9018 -9 -42.0784
      vertex 89.9018 -27 -42.0784
    endloop
  endfacet
  facet normal 0.382607 0 -0.923911
    outer loop
      vertex 89.9018 -9 -42.0784
      vertex 89.5391 -27 -42.2286
      vertex 89.5391 -9 -42.2286
    endloop
  endfacet
  facet normal 0.737376 0 -0.675482
    outer loop
      vertex 91.4472 -27 -40.8925
      vertex 91.182 -9 -41.182
      vertex 91.4472 -9 -40.8925
    endloop
  endfacet
  facet normal 0.737376 0 -0.675482
    outer loop
      vertex 91.182 -9 -41.182
      vertex 91.4472 -27 -40.8925
      vertex 91.182 -27 -41.182
    endloop
  endfacet
  facet normal 0.923911 0 -0.382607
    outer loop
      vertex 92.2286 -27 -39.5391
      vertex 92.0784 -9 -39.9018
      vertex 92.2286 -9 -39.5391
    endloop
  endfacet
  facet normal 0.923911 0 -0.382607
    outer loop
      vertex 92.0784 -9 -39.9018
      vertex 92.2286 -27 -39.5391
      vertex 92.0784 -27 -39.9018
    endloop
  endfacet
  facet normal 0.976337 0 -0.216256
    outer loop
      vertex 92.4316 -27 -38.7814
      vertex 92.3467 -9 -39.1647
      vertex 92.4316 -9 -38.7814
    endloop
  endfacet
  facet normal 0.976337 0 -0.216256
    outer loop
      vertex 92.3467 -9 -39.1647
      vertex 92.4316 -27 -38.7814
      vertex 92.3467 -27 -39.1647
    endloop
  endfacet
  facet normal 0.999051 0 -0.0435588
    outer loop
      vertex 92.5 -27 -38
      vertex 92.4829 -9 -38.3922
      vertex 92.5 -9 -38
    endloop
  endfacet
  facet normal 0.999051 0 -0.0435588
    outer loop
      vertex 92.4829 -9 -38.3922
      vertex 92.5 -27 -38
      vertex 92.4829 -27 -38.3922
    endloop
  endfacet
  facet normal -0.461826 0 -0.886971
    outer loop
      vertex 85.75 -27 -41.8971
      vertex 86.0982 -9 -42.0784
      vertex 86.0982 -27 -42.0784
    endloop
  endfacet
  facet normal -0.461826 0 -0.886971
    outer loop
      vertex 86.0982 -9 -42.0784
      vertex 85.75 -27 -41.8971
      vertex 85.75 -9 -41.8971
    endloop
  endfacet
  facet normal -0.216256 0 -0.976337
    outer loop
      vertex 86.8353 -27 -42.3467
      vertex 87.2186 -9 -42.4316
      vertex 87.2186 -27 -42.4316
    endloop
  endfacet
  facet normal -0.216256 0 -0.976337
    outer loop
      vertex 87.2186 -9 -42.4316
      vertex 86.8353 -27 -42.3467
      vertex 86.8353 -9 -42.3467
    endloop
  endfacet
  facet normal -0.0435588 0 -0.999051
    outer loop
      vertex 87.6078 -27 -42.4829
      vertex 88 -9 -42.5
      vertex 88 -27 -42.5
    endloop
  endfacet
  facet normal -0.0435588 0 -0.999051
    outer loop
      vertex 88 -9 -42.5
      vertex 87.6078 -27 -42.4829
      vertex 87.6078 -9 -42.4829
    endloop
  endfacet
  facet normal -0.843431 0 -0.537238
    outer loop
      vertex 84.3138 -27 -40.5811
      vertex 84.1029 -9 -40.25
      vertex 84.3138 -9 -40.5811
    endloop
  endfacet
  facet normal -0.843431 -0 -0.537238
    outer loop
      vertex 84.1029 -9 -40.25
      vertex 84.3138 -27 -40.5811
      vertex 84.1029 -27 -40.25
    endloop
  endfacet
  facet normal -0.953679 0 -0.300827
    outer loop
      vertex 83.7714 -27 -39.5391
      vertex 83.6533 -9 -39.1647
      vertex 83.7714 -9 -39.5391
    endloop
  endfacet
  facet normal -0.953679 -0 -0.300827
    outer loop
      vertex 83.6533 -9 -39.1647
      vertex 83.7714 -27 -39.5391
      vertex 83.6533 -27 -39.1647
    endloop
  endfacet
  facet normal -0.991425 0 -0.130679
    outer loop
      vertex 83.5684 -27 -38.7814
      vertex 83.5171 -9 -38.3922
      vertex 83.5684 -9 -38.7814
    endloop
  endfacet
  facet normal -0.991425 -0 -0.130679
    outer loop
      vertex 83.5171 -9 -38.3922
      vertex 83.5684 -27 -38.7814
      vertex 83.5171 -27 -38.3922
    endloop
  endfacet
  facet normal -0.382607 0 0.923911
    outer loop
      vertex 86.0982 -9 -33.9216
      vertex 86.4609 -27 -33.7714
      vertex 86.4609 -9 -33.7714
    endloop
  endfacet
  facet normal -0.382607 0 0.923911
    outer loop
      vertex 86.4609 -27 -33.7714
      vertex 86.0982 -9 -33.9216
      vertex 86.0982 -27 -33.9216
    endloop
  endfacet
  facet normal 0.216256 0 -0.976337
    outer loop
      vertex 88.7814 -27 -42.4316
      vertex 89.1647 -9 -42.3467
      vertex 89.1647 -27 -42.3467
    endloop
  endfacet
  facet normal 0.216256 0 -0.976337
    outer loop
      vertex 89.1647 -9 -42.3467
      vertex 88.7814 -27 -42.4316
      vertex 88.7814 -9 -42.4316
    endloop
  endfacet
  facet normal -0.382607 0 -0.923911
    outer loop
      vertex 86.0982 -27 -42.0784
      vertex 86.4609 -9 -42.2286
      vertex 86.4609 -27 -42.2286
    endloop
  endfacet
  facet normal -0.382607 0 -0.923911
    outer loop
      vertex 86.4609 -9 -42.2286
      vertex 86.0982 -27 -42.0784
      vertex 86.0982 -9 -42.0784
    endloop
  endfacet
  facet normal -0.886971 0 -0.461826
    outer loop
      vertex 84.1029 -27 -40.25
      vertex 83.9216 -9 -39.9018
      vertex 84.1029 -9 -40.25
    endloop
  endfacet
  facet normal -0.886971 -0 -0.461826
    outer loop
      vertex 83.9216 -9 -39.9018
      vertex 84.1029 -27 -40.25
      vertex 83.9216 -27 -39.9018
    endloop
  endfacet
  facet normal 0.991425 0 -0.130679
    outer loop
      vertex 92.4829 -27 -38.3922
      vertex 92.4316 -9 -38.7814
      vertex 92.4829 -9 -38.3922
    endloop
  endfacet
  facet normal 0.991425 0 -0.130679
    outer loop
      vertex 92.4316 -9 -38.7814
      vertex 92.4829 -27 -38.3922
      vertex 92.4316 -27 -38.7814
    endloop
  endfacet
  facet normal -0.886756 0 -0.462237
    outer loop
      vertex 89.4048 -27 -37.3449
      vertex 89.3423 -9 -37.225
      vertex 89.4048 -9 -37.3449
    endloop
  endfacet
  facet normal -0.886756 -0 -0.462237
    outer loop
      vertex 89.3423 -9 -37.225
      vertex 89.4048 -27 -37.3449
      vertex 89.3423 -27 -37.225
    endloop
  endfacet
  facet normal -0.301096 0 -0.953594
    outer loop
      vertex 88.4012 -27 -36.5028
      vertex 88.5301 -9 -36.5435
      vertex 88.5301 -27 -36.5435
    endloop
  endfacet
  facet normal -0.301096 0 -0.953594
    outer loop
      vertex 88.5301 -9 -36.5435
      vertex 88.4012 -27 -36.5028
      vertex 88.4012 -9 -36.5028
    endloop
  endfacet
  facet normal 0.382199 0 -0.92408
    outer loop
      vertex 87.3449 -27 -36.5952
      vertex 87.4699 -9 -36.5435
      vertex 87.4699 -27 -36.5435
    endloop
  endfacet
  facet normal 0.382199 0 -0.92408
    outer loop
      vertex 87.4699 -9 -36.5435
      vertex 87.3449 -27 -36.5952
      vertex 87.3449 -9 -36.5952
    endloop
  endfacet
  facet normal 0.92408 0 -0.382199
    outer loop
      vertex 86.5952 -27 -37.3449
      vertex 86.5435 -9 -37.4699
      vertex 86.5952 -9 -37.3449
    endloop
  endfacet
  facet normal 0.92408 0 -0.382199
    outer loop
      vertex 86.5435 -9 -37.4699
      vertex 86.5952 -27 -37.3449
      vertex 86.5435 -27 -37.4699
    endloop
  endfacet
  facet normal -0.999048 0 0.0436298
    outer loop
      vertex 89.5441 -27 -38.1351
      vertex 89.55 -9 -38
      vertex 89.5441 -9 -38.1351
    endloop
  endfacet
  facet normal -0.999048 0 0.0436298
    outer loop
      vertex 89.55 -9 -38
      vertex 89.5441 -27 -38.1351
      vertex 89.55 -27 -38
    endloop
  endfacet
  facet normal -0.0436298 0 -0.999048
    outer loop
      vertex 88 -27 -36.45
      vertex 88.1351 -9 -36.4559
      vertex 88.1351 -27 -36.4559
    endloop
  endfacet
  facet normal -0.0436298 0 -0.999048
    outer loop
      vertex 88.1351 -9 -36.4559
      vertex 88 -27 -36.45
      vertex 88 -9 -36.45
    endloop
  endfacet
  facet normal -0.462237 0 -0.886756
    outer loop
      vertex 88.6551 -27 -36.5952
      vertex 88.775 -9 -36.6577
      vertex 88.775 -27 -36.6577
    endloop
  endfacet
  facet normal -0.462237 0 -0.886756
    outer loop
      vertex 88.775 -9 -36.6577
      vertex 88.6551 -27 -36.5952
      vertex 88.6551 -9 -36.5952
    endloop
  endfacet
  facet normal 0.991497 0 -0.130129
    outer loop
      vertex 86.4735 -27 -37.7308
      vertex 86.4559 -9 -37.8649
      vertex 86.4735 -9 -37.7308
    endloop
  endfacet
  facet normal 0.991497 0 -0.130129
    outer loop
      vertex 86.4559 -9 -37.8649
      vertex 86.4735 -27 -37.7308
      vertex 86.4559 -27 -37.8649
    endloop
  endfacet
  facet normal 0.793475 0 -0.608602
    outer loop
      vertex 86.8126 -27 -37.0037
      vertex 86.7303 -9 -37.111
      vertex 86.8126 -9 -37.0037
    endloop
  endfacet
  facet normal 0.793475 0 -0.608602
    outer loop
      vertex 86.7303 -9 -37.111
      vertex 86.8126 -27 -37.0037
      vertex 86.7303 -27 -37.111
    endloop
  endfacet
  facet normal 0.216696 0 -0.976239
    outer loop
      vertex 87.5988 -27 -36.5028
      vertex 87.7308 -9 -36.4735
      vertex 87.7308 -27 -36.4735
    endloop
  endfacet
  facet normal 0.216696 0 -0.976239
    outer loop
      vertex 87.7308 -9 -36.4735
      vertex 87.5988 -27 -36.5028
      vertex 87.5988 -9 -36.5028
    endloop
  endfacet
  facet normal -0.793475 0 -0.608602
    outer loop
      vertex 89.2697 -27 -37.111
      vertex 89.1874 -9 -37.0037
      vertex 89.2697 -9 -37.111
    endloop
  endfacet
  facet normal -0.793475 -0 -0.608602
    outer loop
      vertex 89.1874 -9 -37.0037
      vertex 89.2697 -27 -37.111
      vertex 89.1874 -27 -37.0037
    endloop
  endfacet
  facet normal -0.675758 0 -0.737123
    outer loop
      vertex 88.9963 -27 -36.8126
      vertex 89.096 -9 -36.904
      vertex 89.096 -27 -36.904
    endloop
  endfacet
  facet normal -0.675758 0 -0.737123
    outer loop
      vertex 89.096 -9 -36.904
      vertex 88.9963 -27 -36.8126
      vertex 88.9963 -9 -36.8126
    endloop
  endfacet
  facet normal -0.737123 0 -0.675758
    outer loop
      vertex 89.1874 -27 -37.0037
      vertex 89.096 -9 -36.904
      vertex 89.1874 -9 -37.0037
    endloop
  endfacet
  facet normal -0.737123 -0 -0.675758
    outer loop
      vertex 89.096 -9 -36.904
      vertex 89.1874 -27 -37.0037
      vertex 89.096 -27 -36.904
    endloop
  endfacet
  facet normal 0.0436298 0 -0.999048
    outer loop
      vertex 87.8649 -27 -36.4559
      vertex 88 -9 -36.45
      vertex 88 -27 -36.45
    endloop
  endfacet
  facet normal 0.0436298 0 -0.999048
    outer loop
      vertex 88 -9 -36.45
      vertex 87.8649 -27 -36.4559
      vertex 87.8649 -9 -36.4559
    endloop
  endfacet
  facet normal -0.216696 0 -0.976239
    outer loop
      vertex 88.2692 -27 -36.4735
      vertex 88.4012 -9 -36.5028
      vertex 88.4012 -27 -36.5028
    endloop
  endfacet
  facet normal -0.216696 0 -0.976239
    outer loop
      vertex 88.4012 -9 -36.5028
      vertex 88.2692 -27 -36.4735
      vertex 88.2692 -9 -36.4735
    endloop
  endfacet
  facet normal -0.130129 0 -0.991497
    outer loop
      vertex 88.1351 -27 -36.4559
      vertex 88.2692 -9 -36.4735
      vertex 88.2692 -27 -36.4735
    endloop
  endfacet
  facet normal -0.130129 0 -0.991497
    outer loop
      vertex 88.2692 -9 -36.4735
      vertex 88.1351 -27 -36.4559
      vertex 88.1351 -9 -36.4559
    endloop
  endfacet
  facet normal -0.537163 0 -0.843479
    outer loop
      vertex 88.775 -27 -36.6577
      vertex 88.889 -9 -36.7303
      vertex 88.889 -27 -36.7303
    endloop
  endfacet
  facet normal -0.537163 0 -0.843479
    outer loop
      vertex 88.889 -9 -36.7303
      vertex 88.775 -27 -36.6577
      vertex 88.775 -9 -36.6577
    endloop
  endfacet
  facet normal -0.382199 0 -0.92408
    outer loop
      vertex 88.5301 -27 -36.5435
      vertex 88.6551 -9 -36.5952
      vertex 88.6551 -27 -36.5952
    endloop
  endfacet
  facet normal -0.382199 0 -0.92408
    outer loop
      vertex 88.6551 -9 -36.5952
      vertex 88.5301 -27 -36.5435
      vertex 88.5301 -9 -36.5435
    endloop
  endfacet
  facet normal 0.999048 0 -0.0436298
    outer loop
      vertex 86.4559 -27 -37.8649
      vertex 86.45 -9 -38
      vertex 86.4559 -9 -37.8649
    endloop
  endfacet
  facet normal 0.999048 0 -0.0436298
    outer loop
      vertex 86.45 -9 -38
      vertex 86.4559 -27 -37.8649
      vertex 86.45 -27 -38
    endloop
  endfacet
  facet normal 0.953594 0 -0.301096
    outer loop
      vertex 86.5435 -27 -37.4699
      vertex 86.5028 -9 -37.5988
      vertex 86.5435 -9 -37.4699
    endloop
  endfacet
  facet normal 0.953594 0 -0.301096
    outer loop
      vertex 86.5028 -9 -37.5988
      vertex 86.5435 -27 -37.4699
      vertex 86.5028 -27 -37.5988
    endloop
  endfacet
  facet normal 0.976239 0 -0.216696
    outer loop
      vertex 86.5028 -27 -37.5988
      vertex 86.4735 -9 -37.7308
      vertex 86.5028 -9 -37.5988
    endloop
  endfacet
  facet normal 0.976239 0 -0.216696
    outer loop
      vertex 86.4735 -9 -37.7308
      vertex 86.5028 -27 -37.5988
      vertex 86.4735 -27 -37.7308
    endloop
  endfacet
  facet normal 0.886756 0 -0.462237
    outer loop
      vertex 86.6577 -27 -37.225
      vertex 86.5952 -9 -37.3449
      vertex 86.6577 -9 -37.225
    endloop
  endfacet
  facet normal 0.886756 0 -0.462237
    outer loop
      vertex 86.5952 -9 -37.3449
      vertex 86.6577 -27 -37.225
      vertex 86.5952 -27 -37.3449
    endloop
  endfacet
  facet normal 0.843479 0 -0.537163
    outer loop
      vertex 86.7303 -27 -37.111
      vertex 86.6577 -9 -37.225
      vertex 86.7303 -9 -37.111
    endloop
  endfacet
  facet normal 0.843479 0 -0.537163
    outer loop
      vertex 86.6577 -9 -37.225
      vertex 86.7303 -27 -37.111
      vertex 86.6577 -27 -37.225
    endloop
  endfacet
  facet normal 0.301096 0 -0.953594
    outer loop
      vertex 87.4699 -27 -36.5435
      vertex 87.5988 -9 -36.5028
      vertex 87.5988 -27 -36.5028
    endloop
  endfacet
  facet normal 0.301096 0 -0.953594
    outer loop
      vertex 87.5988 -9 -36.5028
      vertex 87.4699 -27 -36.5435
      vertex 87.4699 -9 -36.5435
    endloop
  endfacet
  facet normal 0.130129 0 -0.991497
    outer loop
      vertex 87.7308 -27 -36.4735
      vertex 87.8649 -9 -36.4559
      vertex 87.8649 -27 -36.4559
    endloop
  endfacet
  facet normal 0.130129 0 -0.991497
    outer loop
      vertex 87.8649 -9 -36.4559
      vertex 87.7308 -27 -36.4735
      vertex 87.7308 -9 -36.4735
    endloop
  endfacet
  facet normal 0.608602 0 -0.793475
    outer loop
      vertex 87.0037 -27 -36.8126
      vertex 87.111 -9 -36.7303
      vertex 87.111 -27 -36.7303
    endloop
  endfacet
  facet normal 0.608602 0 -0.793475
    outer loop
      vertex 87.111 -9 -36.7303
      vertex 87.0037 -27 -36.8126
      vertex 87.0037 -9 -36.8126
    endloop
  endfacet
  facet normal 0.675758 0 -0.737123
    outer loop
      vertex 86.904 -27 -36.904
      vertex 87.0037 -9 -36.8126
      vertex 87.0037 -27 -36.8126
    endloop
  endfacet
  facet normal 0.675758 0 -0.737123
    outer loop
      vertex 87.0037 -9 -36.8126
      vertex 86.904 -27 -36.904
      vertex 86.904 -9 -36.904
    endloop
  endfacet
  facet normal 0.462237 0 -0.886756
    outer loop
      vertex 87.225 -27 -36.6577
      vertex 87.3449 -9 -36.5952
      vertex 87.3449 -27 -36.5952
    endloop
  endfacet
  facet normal 0.462237 0 -0.886756
    outer loop
      vertex 87.3449 -9 -36.5952
      vertex 87.225 -27 -36.6577
      vertex 87.225 -9 -36.6577
    endloop
  endfacet
  facet normal 0.737123 0 -0.675758
    outer loop
      vertex 86.904 -27 -36.904
      vertex 86.8126 -9 -37.0037
      vertex 86.904 -9 -36.904
    endloop
  endfacet
  facet normal 0.737123 0 -0.675758
    outer loop
      vertex 86.8126 -9 -37.0037
      vertex 86.904 -27 -36.904
      vertex 86.8126 -27 -37.0037
    endloop
  endfacet
  facet normal -0.999048 0 -0.0436298
    outer loop
      vertex 89.55 -27 -38
      vertex 89.5441 -9 -37.8649
      vertex 89.55 -9 -38
    endloop
  endfacet
  facet normal -0.999048 -0 -0.0436298
    outer loop
      vertex 89.5441 -9 -37.8649
      vertex 89.55 -27 -38
      vertex 89.5441 -27 -37.8649
    endloop
  endfacet
  facet normal -0.976239 0 0.216696
    outer loop
      vertex 89.4972 -27 -38.4012
      vertex 89.5265 -9 -38.2692
      vertex 89.4972 -9 -38.4012
    endloop
  endfacet
  facet normal -0.976239 0 0.216696
    outer loop
      vertex 89.5265 -9 -38.2692
      vertex 89.4972 -27 -38.4012
      vertex 89.5265 -27 -38.2692
    endloop
  endfacet
  facet normal -0.793475 0 0.608602
    outer loop
      vertex 89.1874 -27 -38.9963
      vertex 89.2697 -9 -38.889
      vertex 89.1874 -9 -38.9963
    endloop
  endfacet
  facet normal -0.793475 0 0.608602
    outer loop
      vertex 89.2697 -9 -38.889
      vertex 89.1874 -27 -38.9963
      vertex 89.2697 -27 -38.889
    endloop
  endfacet
  facet normal -0.0436298 0 0.999048
    outer loop
      vertex 88 -9 -39.55
      vertex 88.1351 -27 -39.5441
      vertex 88.1351 -9 -39.5441
    endloop
  endfacet
  facet normal -0.0436298 0 0.999048
    outer loop
      vertex 88.1351 -27 -39.5441
      vertex 88 -9 -39.55
      vertex 88 -27 -39.55
    endloop
  endfacet
  facet normal 0.953594 -0 0.301096
    outer loop
      vertex 86.5028 -27 -38.4012
      vertex 86.5435 -9 -38.5301
      vertex 86.5028 -9 -38.4012
    endloop
  endfacet
  facet normal 0.953594 0 0.301096
    outer loop
      vertex 86.5435 -9 -38.5301
      vertex 86.5028 -27 -38.4012
      vertex 86.5435 -27 -38.5301
    endloop
  endfacet
  facet normal 0.886756 -0 0.462237
    outer loop
      vertex 86.5952 -27 -38.6551
      vertex 86.6577 -9 -38.775
      vertex 86.5952 -9 -38.6551
    endloop
  endfacet
  facet normal 0.886756 0 0.462237
    outer loop
      vertex 86.6577 -9 -38.775
      vertex 86.5952 -27 -38.6551
      vertex 86.6577 -27 -38.775
    endloop
  endfacet
  facet normal -0.92408 0 -0.382199
    outer loop
      vertex 89.4565 -27 -37.4699
      vertex 89.4048 -9 -37.3449
      vertex 89.4565 -9 -37.4699
    endloop
  endfacet
  facet normal -0.92408 -0 -0.382199
    outer loop
      vertex 89.4048 -9 -37.3449
      vertex 89.4565 -27 -37.4699
      vertex 89.4048 -27 -37.3449
    endloop
  endfacet
  facet normal -0.953594 0 -0.301096
    outer loop
      vertex 89.4972 -27 -37.5988
      vertex 89.4565 -9 -37.4699
      vertex 89.4972 -9 -37.5988
    endloop
  endfacet
  facet normal -0.953594 -0 -0.301096
    outer loop
      vertex 89.4565 -9 -37.4699
      vertex 89.4972 -27 -37.5988
      vertex 89.4565 -27 -37.4699
    endloop
  endfacet
  facet normal -0.976239 0 -0.216696
    outer loop
      vertex 89.5265 -27 -37.7308
      vertex 89.4972 -9 -37.5988
      vertex 89.5265 -9 -37.7308
    endloop
  endfacet
  facet normal -0.976239 -0 -0.216696
    outer loop
      vertex 89.4972 -9 -37.5988
      vertex 89.5265 -27 -37.7308
      vertex 89.4972 -27 -37.5988
    endloop
  endfacet
  facet normal -0.843479 0 -0.537163
    outer loop
      vertex 89.3423 -27 -37.225
      vertex 89.2697 -9 -37.111
      vertex 89.3423 -9 -37.225
    endloop
  endfacet
  facet normal -0.843479 -0 -0.537163
    outer loop
      vertex 89.2697 -9 -37.111
      vertex 89.3423 -27 -37.225
      vertex 89.2697 -27 -37.111
    endloop
  endfacet
  facet normal -0.608602 0 -0.793475
    outer loop
      vertex 88.889 -27 -36.7303
      vertex 88.9963 -9 -36.8126
      vertex 88.9963 -27 -36.8126
    endloop
  endfacet
  facet normal -0.608602 0 -0.793475
    outer loop
      vertex 88.9963 -9 -36.8126
      vertex 88.889 -27 -36.7303
      vertex 88.889 -9 -36.7303
    endloop
  endfacet
  facet normal 0.537163 0 -0.843479
    outer loop
      vertex 87.111 -27 -36.7303
      vertex 87.225 -9 -36.6577
      vertex 87.225 -27 -36.6577
    endloop
  endfacet
  facet normal 0.537163 0 -0.843479
    outer loop
      vertex 87.225 -9 -36.6577
      vertex 87.111 -27 -36.7303
      vertex 87.111 -9 -36.7303
    endloop
  endfacet
  facet normal -0.991497 0 0.130129
    outer loop
      vertex 89.5265 -27 -38.2692
      vertex 89.5441 -9 -38.1351
      vertex 89.5265 -9 -38.2692
    endloop
  endfacet
  facet normal -0.991497 0 0.130129
    outer loop
      vertex 89.5441 -9 -38.1351
      vertex 89.5265 -27 -38.2692
      vertex 89.5441 -27 -38.1351
    endloop
  endfacet
  facet normal -0.737123 0 0.675758
    outer loop
      vertex 89.096 -27 -39.096
      vertex 89.1874 -9 -38.9963
      vertex 89.096 -9 -39.096
    endloop
  endfacet
  facet normal -0.737123 0 0.675758
    outer loop
      vertex 89.1874 -9 -38.9963
      vertex 89.096 -27 -39.096
      vertex 89.1874 -27 -38.9963
    endloop
  endfacet
  facet normal -0.92408 0 0.382199
    outer loop
      vertex 89.4048 -27 -38.6551
      vertex 89.4565 -9 -38.5301
      vertex 89.4048 -9 -38.6551
    endloop
  endfacet
  facet normal -0.92408 0 0.382199
    outer loop
      vertex 89.4565 -9 -38.5301
      vertex 89.4048 -27 -38.6551
      vertex 89.4565 -27 -38.5301
    endloop
  endfacet
  facet normal 0.976239 -0 0.216696
    outer loop
      vertex 86.4735 -27 -38.2692
      vertex 86.5028 -9 -38.4012
      vertex 86.4735 -9 -38.2692
    endloop
  endfacet
  facet normal 0.976239 0 0.216696
    outer loop
      vertex 86.5028 -9 -38.4012
      vertex 86.4735 -27 -38.2692
      vertex 86.5028 -27 -38.4012
    endloop
  endfacet
  facet normal -0.382199 0 0.92408
    outer loop
      vertex 88.5301 -9 -39.4565
      vertex 88.6551 -27 -39.4048
      vertex 88.6551 -9 -39.4048
    endloop
  endfacet
  facet normal -0.382199 0 0.92408
    outer loop
      vertex 88.6551 -27 -39.4048
      vertex 88.5301 -9 -39.4565
      vertex 88.5301 -27 -39.4565
    endloop
  endfacet
  facet normal -0.301096 0 0.953594
    outer loop
      vertex 88.4012 -9 -39.4972
      vertex 88.5301 -27 -39.4565
      vertex 88.5301 -9 -39.4565
    endloop
  endfacet
  facet normal -0.301096 0 0.953594
    outer loop
      vertex 88.5301 -27 -39.4565
      vertex 88.4012 -9 -39.4972
      vertex 88.4012 -27 -39.4972
    endloop
  endfacet
  facet normal -0.991497 0 -0.130129
    outer loop
      vertex 89.5441 -27 -37.8649
      vertex 89.5265 -9 -37.7308
      vertex 89.5441 -9 -37.8649
    endloop
  endfacet
  facet normal -0.991497 -0 -0.130129
    outer loop
      vertex 89.5265 -9 -37.7308
      vertex 89.5441 -27 -37.8649
      vertex 89.5265 -27 -37.7308
    endloop
  endfacet
  facet normal -0.608602 0 0.793475
    outer loop
      vertex 88.889 -9 -39.2697
      vertex 88.9963 -27 -39.1874
      vertex 88.9963 -9 -39.1874
    endloop
  endfacet
  facet normal -0.608602 0 0.793475
    outer loop
      vertex 88.9963 -27 -39.1874
      vertex 88.889 -9 -39.2697
      vertex 88.889 -27 -39.2697
    endloop
  endfacet
  facet normal -0.886756 0 0.462237
    outer loop
      vertex 89.3423 -27 -38.775
      vertex 89.4048 -9 -38.6551
      vertex 89.3423 -9 -38.775
    endloop
  endfacet
  facet normal -0.886756 0 0.462237
    outer loop
      vertex 89.4048 -9 -38.6551
      vertex 89.3423 -27 -38.775
      vertex 89.4048 -27 -38.6551
    endloop
  endfacet
  facet normal -0.953594 0 0.301096
    outer loop
      vertex 89.4565 -27 -38.5301
      vertex 89.4972 -9 -38.4012
      vertex 89.4565 -9 -38.5301
    endloop
  endfacet
  facet normal -0.953594 0 0.301096
    outer loop
      vertex 89.4972 -9 -38.4012
      vertex 89.4565 -27 -38.5301
      vertex 89.4972 -27 -38.4012
    endloop
  endfacet
  facet normal 0.382199 0 0.92408
    outer loop
      vertex 87.3449 -9 -39.4048
      vertex 87.4699 -27 -39.4565
      vertex 87.4699 -9 -39.4565
    endloop
  endfacet
  facet normal 0.382199 0 0.92408
    outer loop
      vertex 87.4699 -27 -39.4565
      vertex 87.3449 -9 -39.4048
      vertex 87.3449 -27 -39.4048
    endloop
  endfacet
  facet normal 0.462237 0 0.886756
    outer loop
      vertex 87.225 -9 -39.3423
      vertex 87.3449 -27 -39.4048
      vertex 87.3449 -9 -39.4048
    endloop
  endfacet
  facet normal 0.462237 0 0.886756
    outer loop
      vertex 87.3449 -27 -39.4048
      vertex 87.225 -9 -39.3423
      vertex 87.225 -27 -39.3423
    endloop
  endfacet
  facet normal 0.0436298 0 0.999048
    outer loop
      vertex 87.8649 -9 -39.5441
      vertex 88 -27 -39.55
      vertex 88 -9 -39.55
    endloop
  endfacet
  facet normal 0.0436298 0 0.999048
    outer loop
      vertex 88 -27 -39.55
      vertex 87.8649 -9 -39.5441
      vertex 87.8649 -27 -39.5441
    endloop
  endfacet
  facet normal 0.793475 -0 0.608602
    outer loop
      vertex 86.7303 -27 -38.889
      vertex 86.8126 -9 -38.9963
      vertex 86.7303 -9 -38.889
    endloop
  endfacet
  facet normal 0.793475 0 0.608602
    outer loop
      vertex 86.8126 -9 -38.9963
      vertex 86.7303 -27 -38.889
      vertex 86.8126 -27 -38.9963
    endloop
  endfacet
  facet normal 0.92408 -0 0.382199
    outer loop
      vertex 86.5435 -27 -38.5301
      vertex 86.5952 -9 -38.6551
      vertex 86.5435 -9 -38.5301
    endloop
  endfacet
  facet normal 0.92408 0 0.382199
    outer loop
      vertex 86.5952 -9 -38.6551
      vertex 86.5435 -27 -38.5301
      vertex 86.5952 -27 -38.6551
    endloop
  endfacet
  facet normal 0.991497 -0 0.130129
    outer loop
      vertex 86.4559 -27 -38.1351
      vertex 86.4735 -9 -38.2692
      vertex 86.4559 -9 -38.1351
    endloop
  endfacet
  facet normal 0.991497 0 0.130129
    outer loop
      vertex 86.4735 -9 -38.2692
      vertex 86.4559 -27 -38.1351
      vertex 86.4735 -27 -38.2692
    endloop
  endfacet
  facet normal 0.999048 -0 0.0436298
    outer loop
      vertex 86.45 -27 -38
      vertex 86.4559 -9 -38.1351
      vertex 86.45 -9 -38
    endloop
  endfacet
  facet normal 0.999048 0 0.0436298
    outer loop
      vertex 86.4559 -9 -38.1351
      vertex 86.45 -27 -38
      vertex 86.4559 -27 -38.1351
    endloop
  endfacet
  facet normal -0.216696 0 0.976239
    outer loop
      vertex 88.2692 -9 -39.5265
      vertex 88.4012 -27 -39.4972
      vertex 88.4012 -9 -39.4972
    endloop
  endfacet
  facet normal -0.216696 0 0.976239
    outer loop
      vertex 88.4012 -27 -39.4972
      vertex 88.2692 -9 -39.5265
      vertex 88.2692 -27 -39.5265
    endloop
  endfacet
  facet normal -0.130129 0 0.991497
    outer loop
      vertex 88.1351 -9 -39.5441
      vertex 88.2692 -27 -39.5265
      vertex 88.2692 -9 -39.5265
    endloop
  endfacet
  facet normal -0.130129 0 0.991497
    outer loop
      vertex 88.2692 -27 -39.5265
      vertex 88.1351 -9 -39.5441
      vertex 88.1351 -27 -39.5441
    endloop
  endfacet
  facet normal -0.675758 0 0.737123
    outer loop
      vertex 88.9963 -9 -39.1874
      vertex 89.096 -27 -39.096
      vertex 89.096 -9 -39.096
    endloop
  endfacet
  facet normal -0.675758 0 0.737123
    outer loop
      vertex 89.096 -27 -39.096
      vertex 88.9963 -9 -39.1874
      vertex 88.9963 -27 -39.1874
    endloop
  endfacet
  facet normal -0.843479 0 0.537163
    outer loop
      vertex 89.2697 -27 -38.889
      vertex 89.3423 -9 -38.775
      vertex 89.2697 -9 -38.889
    endloop
  endfacet
  facet normal -0.843479 0 0.537163
    outer loop
      vertex 89.3423 -9 -38.775
      vertex 89.2697 -27 -38.889
      vertex 89.3423 -27 -38.775
    endloop
  endfacet
  facet normal 0.216696 0 0.976239
    outer loop
      vertex 87.5988 -9 -39.4972
      vertex 87.7308 -27 -39.5265
      vertex 87.7308 -9 -39.5265
    endloop
  endfacet
  facet normal 0.216696 0 0.976239
    outer loop
      vertex 87.7308 -27 -39.5265
      vertex 87.5988 -9 -39.4972
      vertex 87.5988 -27 -39.4972
    endloop
  endfacet
  facet normal 0.843479 -0 0.537163
    outer loop
      vertex 86.6577 -27 -38.775
      vertex 86.7303 -9 -38.889
      vertex 86.6577 -9 -38.775
    endloop
  endfacet
  facet normal 0.843479 0 0.537163
    outer loop
      vertex 86.7303 -9 -38.889
      vertex 86.6577 -27 -38.775
      vertex 86.7303 -27 -38.889
    endloop
  endfacet
  facet normal 0.737123 -0 0.675758
    outer loop
      vertex 86.8126 -27 -38.9963
      vertex 86.904 -9 -39.096
      vertex 86.8126 -9 -38.9963
    endloop
  endfacet
  facet normal 0.737123 0 0.675758
    outer loop
      vertex 86.904 -9 -39.096
      vertex 86.8126 -27 -38.9963
      vertex 86.904 -27 -39.096
    endloop
  endfacet
  facet normal 0.675758 0 0.737123
    outer loop
      vertex 86.904 -9 -39.096
      vertex 87.0037 -27 -39.1874
      vertex 87.0037 -9 -39.1874
    endloop
  endfacet
  facet normal 0.675758 0 0.737123
    outer loop
      vertex 87.0037 -27 -39.1874
      vertex 86.904 -9 -39.096
      vertex 86.904 -27 -39.096
    endloop
  endfacet
  facet normal -0.537163 0 0.843479
    outer loop
      vertex 88.775 -9 -39.3423
      vertex 88.889 -27 -39.2697
      vertex 88.889 -9 -39.2697
    endloop
  endfacet
  facet normal -0.537163 0 0.843479
    outer loop
      vertex 88.889 -27 -39.2697
      vertex 88.775 -9 -39.3423
      vertex 88.775 -27 -39.3423
    endloop
  endfacet
  facet normal -0.462237 0 0.886756
    outer loop
      vertex 88.6551 -9 -39.4048
      vertex 88.775 -27 -39.3423
      vertex 88.775 -9 -39.3423
    endloop
  endfacet
  facet normal -0.462237 0 0.886756
    outer loop
      vertex 88.775 -27 -39.3423
      vertex 88.6551 -9 -39.4048
      vertex 88.6551 -27 -39.4048
    endloop
  endfacet
  facet normal 0.301096 0 0.953594
    outer loop
      vertex 87.4699 -9 -39.4565
      vertex 87.5988 -27 -39.4972
      vertex 87.5988 -9 -39.4972
    endloop
  endfacet
  facet normal 0.301096 0 0.953594
    outer loop
      vertex 87.5988 -27 -39.4972
      vertex 87.4699 -9 -39.4565
      vertex 87.4699 -27 -39.4565
    endloop
  endfacet
  facet normal 0.537163 0 0.843479
    outer loop
      vertex 87.111 -9 -39.2697
      vertex 87.225 -27 -39.3423
      vertex 87.225 -9 -39.3423
    endloop
  endfacet
  facet normal 0.537163 0 0.843479
    outer loop
      vertex 87.225 -27 -39.3423
      vertex 87.111 -9 -39.2697
      vertex 87.111 -27 -39.2697
    endloop
  endfacet
  facet normal 0.608602 0 0.793475
    outer loop
      vertex 87.0037 -9 -39.1874
      vertex 87.111 -27 -39.2697
      vertex 87.111 -9 -39.2697
    endloop
  endfacet
  facet normal 0.608602 0 0.793475
    outer loop
      vertex 87.111 -27 -39.2697
      vertex 87.0037 -9 -39.1874
      vertex 87.0037 -27 -39.1874
    endloop
  endfacet
  facet normal 0.130129 0 0.991497
    outer loop
      vertex 87.7308 -9 -39.5265
      vertex 87.8649 -27 -39.5441
      vertex 87.8649 -9 -39.5441
    endloop
  endfacet
  facet normal 0.130129 0 0.991497
    outer loop
      vertex 87.8649 -27 -39.5441
      vertex 87.7308 -9 -39.5265
      vertex 87.7308 -27 -39.5265
    endloop
  endfacet
  facet normal 0.999051 -0 0.0435588
    outer loop
      vertex 92.4829 -27 42.3922
      vertex 92.5 -9 42
      vertex 92.4829 -9 42.3922
    endloop
  endfacet
  facet normal 0.999051 0 0.0435588
    outer loop
      vertex 92.5 -9 42
      vertex 92.4829 -27 42.3922
      vertex 92.5 -27 42
    endloop
  endfacet
  facet normal -0.999051 0 0.0435588
    outer loop
      vertex 83.5 -27 42
      vertex 83.5171 -9 42.3922
      vertex 83.5 -9 42
    endloop
  endfacet
  facet normal -0.999051 0 0.0435588
    outer loop
      vertex 83.5171 -9 42.3922
      vertex 83.5 -27 42
      vertex 83.5171 -27 42.3922
    endloop
  endfacet
  facet normal 0.0435588 0 0.999051
    outer loop
      vertex 88 -9 46.5
      vertex 88.3922 -27 46.4829
      vertex 88.3922 -9 46.4829
    endloop
  endfacet
  facet normal 0.0435588 0 0.999051
    outer loop
      vertex 88.3922 -27 46.4829
      vertex 88 -9 46.5
      vertex 88 -27 46.5
    endloop
  endfacet
  facet normal 0.675482 0 0.737376
    outer loop
      vertex 90.8925 -9 45.4472
      vertex 91.182 -27 45.182
      vertex 91.182 -9 45.182
    endloop
  endfacet
  facet normal 0.675482 0 0.737376
    outer loop
      vertex 91.182 -27 45.182
      vertex 90.8925 -9 45.4472
      vertex 90.8925 -27 45.4472
    endloop
  endfacet
  facet normal -0.675482 0 0.737376
    outer loop
      vertex 84.818 -9 45.182
      vertex 85.1075 -27 45.4472
      vertex 85.1075 -9 45.4472
    endloop
  endfacet
  facet normal -0.675482 0 0.737376
    outer loop
      vertex 85.1075 -27 45.4472
      vertex 84.818 -9 45.182
      vertex 84.818 -27 45.182
    endloop
  endfacet
  facet normal -0.300827 0 0.953679
    outer loop
      vertex 86.4609 -9 46.2286
      vertex 86.8353 -27 46.3467
      vertex 86.8353 -9 46.3467
    endloop
  endfacet
  facet normal -0.300827 0 0.953679
    outer loop
      vertex 86.8353 -27 46.3467
      vertex 86.4609 -9 46.2286
      vertex 86.4609 -27 46.2286
    endloop
  endfacet
  facet normal -0.976337 0 -0.216256
    outer loop
      vertex 83.6533 -27 40.8353
      vertex 83.5684 -9 41.2186
      vertex 83.6533 -9 40.8353
    endloop
  endfacet
  facet normal -0.976337 -0 -0.216256
    outer loop
      vertex 83.5684 -9 41.2186
      vertex 83.6533 -27 40.8353
      vertex 83.5684 -27 41.2186
    endloop
  endfacet
  facet normal 0.886971 -0 0.461826
    outer loop
      vertex 91.8971 -27 44.25
      vertex 92.0784 -9 43.9018
      vertex 91.8971 -9 44.25
    endloop
  endfacet
  facet normal 0.886971 0 0.461826
    outer loop
      vertex 92.0784 -9 43.9018
      vertex 91.8971 -27 44.25
      vertex 92.0784 -27 43.9018
    endloop
  endfacet
  facet normal 0.382607 0 0.923911
    outer loop
      vertex 89.5391 -9 46.2286
      vertex 89.9018 -27 46.0784
      vertex 89.9018 -9 46.0784
    endloop
  endfacet
  facet normal 0.382607 0 0.923911
    outer loop
      vertex 89.9018 -27 46.0784
      vertex 89.5391 -9 46.2286
      vertex 89.5391 -27 46.2286
    endloop
  endfacet
  facet normal -0.843431 0 0.537238
    outer loop
      vertex 84.1029 -27 44.25
      vertex 84.3138 -9 44.5811
      vertex 84.1029 -9 44.25
    endloop
  endfacet
  facet normal -0.843431 0 0.537238
    outer loop
      vertex 84.3138 -9 44.5811
      vertex 84.1029 -27 44.25
      vertex 84.3138 -27 44.5811
    endloop
  endfacet
  facet normal -0.793286 0 0.608849
    outer loop
      vertex 84.3138 -27 44.5811
      vertex 84.5528 -9 44.8925
      vertex 84.3138 -9 44.5811
    endloop
  endfacet
  facet normal -0.793286 0 0.608849
    outer loop
      vertex 84.5528 -9 44.8925
      vertex 84.3138 -27 44.5811
      vertex 84.5528 -27 44.8925
    endloop
  endfacet
  facet normal -0.130679 0 0.991425
    outer loop
      vertex 87.2186 -9 46.4316
      vertex 87.6078 -27 46.4829
      vertex 87.6078 -9 46.4829
    endloop
  endfacet
  facet normal -0.130679 0 0.991425
    outer loop
      vertex 87.6078 -27 46.4829
      vertex 87.2186 -9 46.4316
      vertex 87.2186 -27 46.4316
    endloop
  endfacet
  facet normal 0.886971 0 -0.461826
    outer loop
      vertex 92.0784 -27 40.0982
      vertex 91.8971 -9 39.75
      vertex 92.0784 -9 40.0982
    endloop
  endfacet
  facet normal 0.886971 0 -0.461826
    outer loop
      vertex 91.8971 -9 39.75
      vertex 92.0784 -27 40.0982
      vertex 91.8971 -27 39.75
    endloop
  endfacet
  facet normal 0.300827 0 -0.953679
    outer loop
      vertex 89.1647 -27 37.6533
      vertex 89.5391 -9 37.7714
      vertex 89.5391 -27 37.7714
    endloop
  endfacet
  facet normal 0.300827 0 -0.953679
    outer loop
      vertex 89.5391 -9 37.7714
      vertex 89.1647 -27 37.6533
      vertex 89.1647 -9 37.6533
    endloop
  endfacet
  facet normal 0.675482 0 -0.737376
    outer loop
      vertex 90.8925 -27 38.5528
      vertex 91.182 -9 38.818
      vertex 91.182 -27 38.818
    endloop
  endfacet
  facet normal 0.675482 0 -0.737376
    outer loop
      vertex 91.182 -9 38.818
      vertex 90.8925 -27 38.5528
      vertex 90.8925 -9 38.5528
    endloop
  endfacet
  facet normal 0.953679 0 -0.300827
    outer loop
      vertex 92.3467 -27 40.8353
      vertex 92.2286 -9 40.4609
      vertex 92.3467 -9 40.8353
    endloop
  endfacet
  facet normal 0.953679 0 -0.300827
    outer loop
      vertex 92.2286 -9 40.4609
      vertex 92.3467 -27 40.8353
      vertex 92.2286 -27 40.4609
    endloop
  endfacet
  facet normal -0.300827 0 -0.953679
    outer loop
      vertex 86.4609 -27 37.7714
      vertex 86.8353 -9 37.6533
      vertex 86.8353 -27 37.6533
    endloop
  endfacet
  facet normal -0.300827 0 -0.953679
    outer loop
      vertex 86.8353 -9 37.6533
      vertex 86.4609 -27 37.7714
      vertex 86.4609 -9 37.7714
    endloop
  endfacet
  facet normal -0.737376 0 -0.675482
    outer loop
      vertex 84.818 -27 38.818
      vertex 84.5528 -9 39.1075
      vertex 84.818 -9 38.818
    endloop
  endfacet
  facet normal -0.737376 -0 -0.675482
    outer loop
      vertex 84.5528 -9 39.1075
      vertex 84.818 -27 38.818
      vertex 84.5528 -27 39.1075
    endloop
  endfacet
  facet normal -0.793286 0 -0.608849
    outer loop
      vertex 84.5528 -27 39.1075
      vertex 84.3138 -9 39.4189
      vertex 84.5528 -9 39.1075
    endloop
  endfacet
  facet normal -0.793286 -0 -0.608849
    outer loop
      vertex 84.3138 -9 39.4189
      vertex 84.5528 -27 39.1075
      vertex 84.3138 -27 39.4189
    endloop
  endfacet
  facet normal 0 1 0
    outer loop
      vertex 88 -9 43.55
      vertex 88 -9 46.5
      vertex 88.3922 -9 46.4829
    endloop
  endfacet
  facet normal 0 1 0
    outer loop
      vertex 88.1351 -9 43.5441
      vertex 88.3922 -9 46.4829
      vertex 88.7814 -9 46.4316
    endloop
  endfacet
  facet normal 0 1 0
    outer loop
      vertex 88 -9 46.5
      vertex 88 -9 43.55
      vertex 87.6078 -9 46.4829
    endloop
  endfacet
  facet normal 0 1 0
    outer loop
      vertex 88.2692 -9 43.5265
      vertex 88.7814 -9 46.4316
      vertex 89.1647 -9 46.3467
    endloop
  endfacet
  facet normal 0 1 -0
    outer loop
      vertex 87.8649 -9 43.5441
      vertex 87.6078 -9 46.4829
      vertex 88 -9 43.55
    endloop
  endfacet
  facet normal 0 1 0
    outer loop
      vertex 88.4012 -9 43.4972
      vertex 89.1647 -9 46.3467
      vertex 89.5391 -9 46.2286
    endloop
  endfacet
  facet normal 0 1 0
    outer loop
      vertex 87.6078 -9 46.4829
      vertex 87.8649 -9 43.5441
      vertex 87.2186 -9 46.4316
    endloop
  endfacet
  facet normal 0 1 0
    outer loop
      vertex 88.5301 -9 43.4565
      vertex 89.5391 -9 46.2286
      vertex 89.9018 -9 46.0784
    endloop
  endfacet
  facet normal 0 1 -0
    outer loop
      vertex 87.7308 -9 43.5265
      vertex 87.2186 -9 46.4316
      vertex 87.8649 -9 43.5441
    endloop
  endfacet
  facet normal 0 1 0
    outer loop
      vertex 88.6551 -9 43.4048
      vertex 89.9018 -9 46.0784
      vertex 90.25 -9 45.8971
    endloop
  endfacet
  facet normal 0 1 0
    outer loop
      vertex 87.2186 -9 46.4316
      vertex 87.7308 -9 43.5265
      vertex 86.8353 -9 46.3467
    endloop
  endfacet
  facet normal 0 1 0
    outer loop
      vertex 88.775 -9 43.3423
      vertex 90.25 -9 45.8971
      vertex 90.5811 -9 45.6862
    endloop
  endfacet
  facet normal 0 1 -0
    outer loop
      vertex 87.5988 -9 43.4972
      vertex 86.8353 -9 46.3467
      vertex 87.7308 -9 43.5265
    endloop
  endfacet
  facet normal 0 1 0
    outer loop
      vertex 88.889 -9 43.2697
      vertex 90.5811 -9 45.6862
      vertex 90.8925 -9 45.4472
    endloop
  endfacet
  facet normal 0 1 0
    outer loop
      vertex 86.8353 -9 46.3467
      vertex 87.5988 -9 43.4972
      vertex 86.4609 -9 46.2286
    endloop
  endfacet
  facet normal 0 1 0
    outer loop
      vertex 88.9963 -9 43.1874
      vertex 90.8925 -9 45.4472
      vertex 91.182 -9 45.182
    endloop
  endfacet
  facet normal 0 1 -0
    outer loop
      vertex 87.4699 -9 43.4565
      vertex 86.4609 -9 46.2286
      vertex 87.5988 -9 43.4972
    endloop
  endfacet
  facet normal 0 1 0
    outer loop
      vertex 89.096 -9 43.096
      vertex 91.182 -9 45.182
      vertex 91.4472 -9 44.8925
    endloop
  endfacet
  facet normal 0 1 0
    outer loop
      vertex 86.4609 -9 46.2286
      vertex 87.4699 -9 43.4565
      vertex 86.0982 -9 46.0784
    endloop
  endfacet
  facet normal 0 1 0
    outer loop
      vertex 89.1874 -9 42.9963
      vertex 91.4472 -9 44.8925
      vertex 91.6862 -9 44.5811
    endloop
  endfacet
  facet normal 0 1 -0
    outer loop
      vertex 87.3449 -9 43.4048
      vertex 86.0982 -9 46.0784
      vertex 87.4699 -9 43.4565
    endloop
  endfacet
  facet normal 0 1 0
    outer loop
      vertex 89.2697 -9 42.889
      vertex 91.6862 -9 44.5811
      vertex 91.8971 -9 44.25
    endloop
  endfacet
  facet normal 0 1 0
    outer loop
      vertex 86.0982 -9 46.0784
      vertex 87.3449 -9 43.4048
      vertex 85.75 -9 45.8971
    endloop
  endfacet
  facet normal 0 1 0
    outer loop
      vertex 89.3423 -9 42.775
      vertex 91.8971 -9 44.25
      vertex 92.0784 -9 43.9018
    endloop
  endfacet
  facet normal 0 1 -0
    outer loop
      vertex 87.225 -9 43.3423
      vertex 85.75 -9 45.8971
      vertex 87.3449 -9 43.4048
    endloop
  endfacet
  facet normal 0 1 0
    outer loop
      vertex 85.75 -9 45.8971
      vertex 87.225 -9 43.3423
      vertex 85.4189 -9 45.6862
    endloop
  endfacet
  facet normal 0 1 0
    outer loop
      vertex 88.3922 -9 46.4829
      vertex 88.1351 -9 43.5441
      vertex 88 -9 43.55
    endloop
  endfacet
  facet normal 0 1 0
    outer loop
      vertex 89.4048 -9 42.6551
      vertex 92.0784 -9 43.9018
      vertex 92.2286 -9 43.5391
    endloop
  endfacet
  facet normal 0 1 0
    outer loop
      vertex 88.7814 -9 46.4316
      vertex 88.2692 -9 43.5265
      vertex 88.1351 -9 43.5441
    endloop
  endfacet
  facet normal 0 1 0
    outer loop
      vertex 89.1647 -9 46.3467
      vertex 88.4012 -9 43.4972
      vertex 88.2692 -9 43.5265
    endloop
  endfacet
  facet normal 0 1 0
    outer loop
      vertex 89.5391 -9 46.2286
      vertex 88.5301 -9 43.4565
      vertex 88.4012 -9 43.4972
    endloop
  endfacet
  facet normal 0 1 0
    outer loop
      vertex 89.9018 -9 46.0784
      vertex 88.6551 -9 43.4048
      vertex 88.5301 -9 43.4565
    endloop
  endfacet
  facet normal 0 1 0
    outer loop
      vertex 90.25 -9 45.8971
      vertex 88.775 -9 43.3423
      vertex 88.6551 -9 43.4048
    endloop
  endfacet
  facet normal 0 1 0
    outer loop
      vertex 90.5811 -9 45.6862
      vertex 88.889 -9 43.2697
      vertex 88.775 -9 43.3423
    endloop
  endfacet
  facet normal 0 1 0
    outer loop
      vertex 90.8925 -9 45.4472
      vertex 88.9963 -9 43.1874
      vertex 88.889 -9 43.2697
    endloop
  endfacet
  facet normal 0 1 0
    outer loop
      vertex 89.4565 -9 42.5301
      vertex 92.2286 -9 43.5391
      vertex 92.3467 -9 43.1647
    endloop
  endfacet
  facet normal 0 1 0
    outer loop
      vertex 91.182 -9 45.182
      vertex 89.096 -9 43.096
      vertex 88.9963 -9 43.1874
    endloop
  endfacet
  facet normal 0 1 0
    outer loop
      vertex 91.4472 -9 44.8925
      vertex 89.1874 -9 42.9963
      vertex 89.096 -9 43.096
    endloop
  endfacet
  facet normal 0 1 0
    outer loop
      vertex 91.6862 -9 44.5811
      vertex 89.2697 -9 42.889
      vertex 89.1874 -9 42.9963
    endloop
  endfacet
  facet normal 0 1 0
    outer loop
      vertex 89.4972 -9 42.4012
      vertex 92.3467 -9 43.1647
      vertex 92.4316 -9 42.7814
    endloop
  endfacet
  facet normal 0 1 0
    outer loop
      vertex 91.8971 -9 44.25
      vertex 89.3423 -9 42.775
      vertex 89.2697 -9 42.889
    endloop
  endfacet
  facet normal 0 1 0
    outer loop
      vertex 92.0784 -9 43.9018
      vertex 89.4048 -9 42.6551
      vertex 89.3423 -9 42.775
    endloop
  endfacet
  facet normal 0 1 0
    outer loop
      vertex 92.2286 -9 43.5391
      vertex 89.4565 -9 42.5301
      vertex 89.4048 -9 42.6551
    endloop
  endfacet
  facet normal 0 1 0
    outer loop
      vertex 92.3467 -9 43.1647
      vertex 89.4972 -9 42.4012
      vertex 89.4565 -9 42.5301
    endloop
  endfacet
  facet normal 0 1 0
    outer loop
      vertex 89.5265 -9 42.2692
      vertex 92.4316 -9 42.7814
      vertex 92.4829 -9 42.3922
    endloop
  endfacet
  facet normal 0 1 0
    outer loop
      vertex 92.4316 -9 42.7814
      vertex 89.5265 -9 42.2692
      vertex 89.4972 -9 42.4012
    endloop
  endfacet
  facet normal 0 1 0
    outer loop
      vertex 92.4829 -9 42.3922
      vertex 89.5441 -9 42.1351
      vertex 89.5265 -9 42.2692
    endloop
  endfacet
  facet normal 0 1 0
    outer loop
      vertex 92.5 -9 42
      vertex 89.5441 -9 42.1351
      vertex 92.4829 -9 42.3922
    endloop
  endfacet
  facet normal 0 1 0
    outer loop
      vertex 92.5 -9 42
      vertex 89.55 -9 42
      vertex 89.5441 -9 42.1351
    endloop
  endfacet
  facet normal 0 1 0
    outer loop
      vertex 92.5 -9 42
      vertex 89.5441 -9 41.8649
      vertex 89.55 -9 42
    endloop
  endfacet
  facet normal 0 1 -0
    outer loop
      vertex 92.4829 -9 41.6078
      vertex 89.5441 -9 41.8649
      vertex 92.5 -9 42
    endloop
  endfacet
  facet normal 0 1 0
    outer loop
      vertex 89.5441 -9 41.8649
      vertex 92.4829 -9 41.6078
      vertex 89.5265 -9 41.7308
    endloop
  endfacet
  facet normal 0 1 -0
    outer loop
      vertex 92.4316 -9 41.2186
      vertex 89.5265 -9 41.7308
      vertex 92.4829 -9 41.6078
    endloop
  endfacet
  facet normal 0 1 0
    outer loop
      vertex 89.5265 -9 41.7308
      vertex 92.4316 -9 41.2186
      vertex 89.4972 -9 41.5988
    endloop
  endfacet
  facet normal 0 1 -0
    outer loop
      vertex 92.3467 -9 40.8353
      vertex 89.4972 -9 41.5988
      vertex 92.4316 -9 41.2186
    endloop
  endfacet
  facet normal 0 1 0
    outer loop
      vertex 89.4972 -9 41.5988
      vertex 92.3467 -9 40.8353
      vertex 89.4565 -9 41.4699
    endloop
  endfacet
  facet normal 0 1 -0
    outer loop
      vertex 92.2286 -9 40.4609
      vertex 89.4565 -9 41.4699
      vertex 92.3467 -9 40.8353
    endloop
  endfacet
  facet normal 0 1 0
    outer loop
      vertex 89.4565 -9 41.4699
      vertex 92.2286 -9 40.4609
      vertex 89.4048 -9 41.3449
    endloop
  endfacet
  facet normal 0 1 -0
    outer loop
      vertex 92.0784 -9 40.0982
      vertex 89.4048 -9 41.3449
      vertex 92.2286 -9 40.4609
    endloop
  endfacet
  facet normal 0 1 0
    outer loop
      vertex 89.4048 -9 41.3449
      vertex 92.0784 -9 40.0982
      vertex 89.3423 -9 41.225
    endloop
  endfacet
  facet normal 0 1 -0
    outer loop
      vertex 91.8971 -9 39.75
      vertex 89.3423 -9 41.225
      vertex 92.0784 -9 40.0982
    endloop
  endfacet
  facet normal 0 1 0
    outer loop
      vertex 89.3423 -9 41.225
      vertex 91.8971 -9 39.75
      vertex 89.2697 -9 41.111
    endloop
  endfacet
  facet normal 0 1 -0
    outer loop
      vertex 91.6862 -9 39.4189
      vertex 89.2697 -9 41.111
      vertex 91.8971 -9 39.75
    endloop
  endfacet
  facet normal 0 1 0
    outer loop
      vertex 89.2697 -9 41.111
      vertex 91.6862 -9 39.4189
      vertex 89.1874 -9 41.0037
    endloop
  endfacet
  facet normal 0 1 -0
    outer loop
      vertex 91.4472 -9 39.1075
      vertex 89.1874 -9 41.0037
      vertex 91.6862 -9 39.4189
    endloop
  endfacet
  facet normal 0 1 0
    outer loop
      vertex 89.1874 -9 41.0037
      vertex 91.4472 -9 39.1075
      vertex 89.096 -9 40.904
    endloop
  endfacet
  facet normal 0 1 -0
    outer loop
      vertex 91.182 -9 38.818
      vertex 89.096 -9 40.904
      vertex 91.4472 -9 39.1075
    endloop
  endfacet
  facet normal 0 1 0
    outer loop
      vertex 89.096 -9 40.904
      vertex 91.182 -9 38.818
      vertex 88.9963 -9 40.8126
    endloop
  endfacet
  facet normal 0 1 -0
    outer loop
      vertex 90.8925 -9 38.5528
      vertex 88.9963 -9 40.8126
      vertex 91.182 -9 38.818
    endloop
  endfacet
  facet normal 0 1 0
    outer loop
      vertex 88.9963 -9 40.8126
      vertex 90.8925 -9 38.5528
      vertex 88.889 -9 40.7303
    endloop
  endfacet
  facet normal 0 1 -0
    outer loop
      vertex 90.5811 -9 38.3138
      vertex 88.889 -9 40.7303
      vertex 90.8925 -9 38.5528
    endloop
  endfacet
  facet normal 0 1 0
    outer loop
      vertex 88.889 -9 40.7303
      vertex 90.5811 -9 38.3138
      vertex 88.775 -9 40.6577
    endloop
  endfacet
  facet normal 0 1 -0
    outer loop
      vertex 87.111 -9 43.2697
      vertex 85.4189 -9 45.6862
      vertex 87.225 -9 43.3423
    endloop
  endfacet
  facet normal 0 1 0
    outer loop
      vertex 85.4189 -9 45.6862
      vertex 87.111 -9 43.2697
      vertex 85.1075 -9 45.4472
    endloop
  endfacet
  facet normal 0 1 -0
    outer loop
      vertex 87.0037 -9 43.1874
      vertex 85.1075 -9 45.4472
      vertex 87.111 -9 43.2697
    endloop
  endfacet
  facet normal 0 1 0
    outer loop
      vertex 85.1075 -9 45.4472
      vertex 87.0037 -9 43.1874
      vertex 84.818 -9 45.182
    endloop
  endfacet
  facet normal 0 1 -0
    outer loop
      vertex 86.904 -9 43.096
      vertex 84.818 -9 45.182
      vertex 87.0037 -9 43.1874
    endloop
  endfacet
  facet normal 0 1 0
    outer loop
      vertex 84.818 -9 45.182
      vertex 86.904 -9 43.096
      vertex 84.5528 -9 44.8925
    endloop
  endfacet
  facet normal 0 1 -0
    outer loop
      vertex 86.8126 -9 42.9963
      vertex 84.5528 -9 44.8925
      vertex 86.904 -9 43.096
    endloop
  endfacet
  facet normal 0 1 0
    outer loop
      vertex 84.5528 -9 44.8925
      vertex 86.8126 -9 42.9963
      vertex 84.3138 -9 44.5811
    endloop
  endfacet
  facet normal 0 1 -0
    outer loop
      vertex 86.7303 -9 42.889
      vertex 84.3138 -9 44.5811
      vertex 86.8126 -9 42.9963
    endloop
  endfacet
  facet normal 0 1 0
    outer loop
      vertex 84.3138 -9 44.5811
      vertex 86.7303 -9 42.889
      vertex 84.1029 -9 44.25
    endloop
  endfacet
  facet normal 0 1 -0
    outer loop
      vertex 86.6577 -9 42.775
      vertex 84.1029 -9 44.25
      vertex 86.7303 -9 42.889
    endloop
  endfacet
  facet normal 0 1 0
    outer loop
      vertex 84.1029 -9 44.25
      vertex 86.6577 -9 42.775
      vertex 83.9216 -9 43.9018
    endloop
  endfacet
  facet normal 0 1 -0
    outer loop
      vertex 86.5952 -9 42.6551
      vertex 83.9216 -9 43.9018
      vertex 86.6577 -9 42.775
    endloop
  endfacet
  facet normal 0 1 0
    outer loop
      vertex 83.9216 -9 43.9018
      vertex 86.5952 -9 42.6551
      vertex 83.7714 -9 43.5391
    endloop
  endfacet
  facet normal 0 1 -0
    outer loop
      vertex 86.5435 -9 42.5301
      vertex 83.7714 -9 43.5391
      vertex 86.5952 -9 42.6551
    endloop
  endfacet
  facet normal 0 1 0
    outer loop
      vertex 83.7714 -9 43.5391
      vertex 86.5435 -9 42.5301
      vertex 83.6533 -9 43.1647
    endloop
  endfacet
  facet normal 0 1 -0
    outer loop
      vertex 86.5028 -9 42.4012
      vertex 83.6533 -9 43.1647
      vertex 86.5435 -9 42.5301
    endloop
  endfacet
  facet normal 0 1 0
    outer loop
      vertex 83.6533 -9 43.1647
      vertex 86.5028 -9 42.4012
      vertex 83.5684 -9 42.7814
    endloop
  endfacet
  facet normal 0 1 -0
    outer loop
      vertex 86.4735 -9 42.2692
      vertex 83.5684 -9 42.7814
      vertex 86.5028 -9 42.4012
    endloop
  endfacet
  facet normal 0 1 0
    outer loop
      vertex 83.5684 -9 42.7814
      vertex 86.4735 -9 42.2692
      vertex 83.5171 -9 42.3922
    endloop
  endfacet
  facet normal 0 1 -0
    outer loop
      vertex 86.4559 -9 42.1351
      vertex 83.5171 -9 42.3922
      vertex 86.4735 -9 42.2692
    endloop
  endfacet
  facet normal 0 1 -0
    outer loop
      vertex 86.45 -9 42
      vertex 83.5171 -9 42.3922
      vertex 86.4559 -9 42.1351
    endloop
  endfacet
  facet normal 0 1 0
    outer loop
      vertex 86.45 -9 42
      vertex 83.5 -9 42
      vertex 83.5171 -9 42.3922
    endloop
  endfacet
  facet normal 0 1 0
    outer loop
      vertex 86.4559 -9 41.8649
      vertex 83.5 -9 42
      vertex 86.45 -9 42
    endloop
  endfacet
  facet normal 0 1 0
    outer loop
      vertex 83.5171 -9 41.6078
      vertex 86.4559 -9 41.8649
      vertex 86.4735 -9 41.7308
    endloop
  endfacet
  facet normal 0 1 0
    outer loop
      vertex 86.4559 -9 41.8649
      vertex 83.5171 -9 41.6078
      vertex 83.5 -9 42
    endloop
  endfacet
  facet normal 0 1 0
    outer loop
      vertex 83.5684 -9 41.2186
      vertex 86.4735 -9 41.7308
      vertex 86.5028 -9 41.5988
    endloop
  endfacet
  facet normal 0 1 0
    outer loop
      vertex 83.6533 -9 40.8353
      vertex 86.5028 -9 41.5988
      vertex 86.5435 -9 41.4699
    endloop
  endfacet
  facet normal 0 1 0
    outer loop
      vertex 83.7714 -9 40.4609
      vertex 86.5435 -9 41.4699
      vertex 86.5952 -9 41.3449
    endloop
  endfacet
  facet normal 0 1 0
    outer loop
      vertex 83.9216 -9 40.0982
      vertex 86.5952 -9 41.3449
      vertex 86.6577 -9 41.225
    endloop
  endfacet
  facet normal 0 1 0
    outer loop
      vertex 86.4735 -9 41.7308
      vertex 83.5684 -9 41.2186
      vertex 83.5171 -9 41.6078
    endloop
  endfacet
  facet normal 0 1 0
    outer loop
      vertex 84.1029 -9 39.75
      vertex 86.6577 -9 41.225
      vertex 86.7303 -9 41.111
    endloop
  endfacet
  facet normal 0 1 0
    outer loop
      vertex 84.3138 -9 39.4189
      vertex 86.7303 -9 41.111
      vertex 86.8126 -9 41.0037
    endloop
  endfacet
  facet normal 0 1 0
    outer loop
      vertex 84.5528 -9 39.1075
      vertex 86.8126 -9 41.0037
      vertex 86.904 -9 40.904
    endloop
  endfacet
  facet normal 0 1 0
    outer loop
      vertex 86.5028 -9 41.5988
      vertex 83.6533 -9 40.8353
      vertex 83.5684 -9 41.2186
    endloop
  endfacet
  facet normal 0 1 0
    outer loop
      vertex 84.818 -9 38.818
      vertex 86.904 -9 40.904
      vertex 87.0037 -9 40.8126
    endloop
  endfacet
  facet normal 0 1 0
    outer loop
      vertex 85.1075 -9 38.5528
      vertex 87.0037 -9 40.8126
      vertex 87.111 -9 40.7303
    endloop
  endfacet
  facet normal 0 1 0
    outer loop
      vertex 85.4189 -9 38.3138
      vertex 87.111 -9 40.7303
      vertex 87.225 -9 40.6577
    endloop
  endfacet
  facet normal 0 1 0
    outer loop
      vertex 85.75 -9 38.1029
      vertex 87.225 -9 40.6577
      vertex 87.3449 -9 40.5952
    endloop
  endfacet
  facet normal 0 1 0
    outer loop
      vertex 86.0982 -9 37.9216
      vertex 87.3449 -9 40.5952
      vertex 87.4699 -9 40.5435
    endloop
  endfacet
  facet normal 0 1 0
    outer loop
      vertex 86.4609 -9 37.7714
      vertex 87.4699 -9 40.5435
      vertex 87.5988 -9 40.5028
    endloop
  endfacet
  facet normal 0 1 0
    outer loop
      vertex 86.8353 -9 37.6533
      vertex 87.5988 -9 40.5028
      vertex 87.7308 -9 40.4735
    endloop
  endfacet
  facet normal 0 1 0
    outer loop
      vertex 86.5435 -9 41.4699
      vertex 83.7714 -9 40.4609
      vertex 83.6533 -9 40.8353
    endloop
  endfacet
  facet normal 0 1 0
    outer loop
      vertex 87.2186 -9 37.5684
      vertex 87.7308 -9 40.4735
      vertex 87.8649 -9 40.4559
    endloop
  endfacet
  facet normal 0 1 0
    outer loop
      vertex 87.6078 -9 37.5171
      vertex 87.8649 -9 40.4559
      vertex 88 -9 40.45
    endloop
  endfacet
  facet normal 0 1 -0
    outer loop
      vertex 90.25 -9 38.1029
      vertex 88.775 -9 40.6577
      vertex 90.5811 -9 38.3138
    endloop
  endfacet
  facet normal 0 1 0
    outer loop
      vertex 86.5952 -9 41.3449
      vertex 83.9216 -9 40.0982
      vertex 83.7714 -9 40.4609
    endloop
  endfacet
  facet normal 0 1 0
    outer loop
      vertex 88.775 -9 40.6577
      vertex 90.25 -9 38.1029
      vertex 88.6551 -9 40.5952
    endloop
  endfacet
  facet normal 0 1 0
    outer loop
      vertex 86.6577 -9 41.225
      vertex 84.1029 -9 39.75
      vertex 83.9216 -9 40.0982
    endloop
  endfacet
  facet normal 0 1 -0
    outer loop
      vertex 89.9018 -9 37.9216
      vertex 88.6551 -9 40.5952
      vertex 90.25 -9 38.1029
    endloop
  endfacet
  facet normal 0 1 0
    outer loop
      vertex 86.7303 -9 41.111
      vertex 84.3138 -9 39.4189
      vertex 84.1029 -9 39.75
    endloop
  endfacet
  facet normal 0 1 0
    outer loop
      vertex 88.6551 -9 40.5952
      vertex 89.9018 -9 37.9216
      vertex 88.5301 -9 40.5435
    endloop
  endfacet
  facet normal 0 1 0
    outer loop
      vertex 86.8126 -9 41.0037
      vertex 84.5528 -9 39.1075
      vertex 84.3138 -9 39.4189
    endloop
  endfacet
  facet normal 0 1 -0
    outer loop
      vertex 89.5391 -9 37.7714
      vertex 88.5301 -9 40.5435
      vertex 89.9018 -9 37.9216
    endloop
  endfacet
  facet normal 0 1 0
    outer loop
      vertex 86.904 -9 40.904
      vertex 84.818 -9 38.818
      vertex 84.5528 -9 39.1075
    endloop
  endfacet
  facet normal 0 1 0
    outer loop
      vertex 88.5301 -9 40.5435
      vertex 89.5391 -9 37.7714
      vertex 88.4012 -9 40.5028
    endloop
  endfacet
  facet normal 0 1 0
    outer loop
      vertex 87.0037 -9 40.8126
      vertex 85.1075 -9 38.5528
      vertex 84.818 -9 38.818
    endloop
  endfacet
  facet normal 0 1 -0
    outer loop
      vertex 89.1647 -9 37.6533
      vertex 88.4012 -9 40.5028
      vertex 89.5391 -9 37.7714
    endloop
  endfacet
  facet normal 0 1 0
    outer loop
      vertex 87.111 -9 40.7303
      vertex 85.4189 -9 38.3138
      vertex 85.1075 -9 38.5528
    endloop
  endfacet
  facet normal 0 1 0
    outer loop
      vertex 88.4012 -9 40.5028
      vertex 89.1647 -9 37.6533
      vertex 88.2692 -9 40.4735
    endloop
  endfacet
  facet normal 0 1 0
    outer loop
      vertex 87.225 -9 40.6577
      vertex 85.75 -9 38.1029
      vertex 85.4189 -9 38.3138
    endloop
  endfacet
  facet normal 0 1 -0
    outer loop
      vertex 88.7814 -9 37.5684
      vertex 88.2692 -9 40.4735
      vertex 89.1647 -9 37.6533
    endloop
  endfacet
  facet normal 0 1 0
    outer loop
      vertex 87.3449 -9 40.5952
      vertex 86.0982 -9 37.9216
      vertex 85.75 -9 38.1029
    endloop
  endfacet
  facet normal 0 1 0
    outer loop
      vertex 88.2692 -9 40.4735
      vertex 88.7814 -9 37.5684
      vertex 88.1351 -9 40.4559
    endloop
  endfacet
  facet normal 0 1 0
    outer loop
      vertex 87.4699 -9 40.5435
      vertex 86.4609 -9 37.7714
      vertex 86.0982 -9 37.9216
    endloop
  endfacet
  facet normal 0 1 -0
    outer loop
      vertex 88.3922 -9 37.5171
      vertex 88.1351 -9 40.4559
      vertex 88.7814 -9 37.5684
    endloop
  endfacet
  facet normal 0 1 0
    outer loop
      vertex 87.5988 -9 40.5028
      vertex 86.8353 -9 37.6533
      vertex 86.4609 -9 37.7714
    endloop
  endfacet
  facet normal 0 1 0
    outer loop
      vertex 88.1351 -9 40.4559
      vertex 88.3922 -9 37.5171
      vertex 88 -9 40.45
    endloop
  endfacet
  facet normal 0 1 0
    outer loop
      vertex 87.7308 -9 40.4735
      vertex 87.2186 -9 37.5684
      vertex 86.8353 -9 37.6533
    endloop
  endfacet
  facet normal 0 1 0
    outer loop
      vertex 88 -9 37.5
      vertex 88 -9 40.45
      vertex 88.3922 -9 37.5171
    endloop
  endfacet
  facet normal 0 1 0
    outer loop
      vertex 87.8649 -9 40.4559
      vertex 87.6078 -9 37.5171
      vertex 87.2186 -9 37.5684
    endloop
  endfacet
  facet normal 0 1 0
    outer loop
      vertex 88 -9 40.45
      vertex 88 -9 37.5
      vertex 87.6078 -9 37.5171
    endloop
  endfacet
  facet normal 0.953679 -0 0.300827
    outer loop
      vertex 92.2286 -27 43.5391
      vertex 92.3467 -9 43.1647
      vertex 92.2286 -9 43.5391
    endloop
  endfacet
  facet normal 0.953679 0 0.300827
    outer loop
      vertex 92.3467 -9 43.1647
      vertex 92.2286 -27 43.5391
      vertex 92.3467 -27 43.1647
    endloop
  endfacet
  facet normal 0.923911 -0 0.382607
    outer loop
      vertex 92.0784 -27 43.9018
      vertex 92.2286 -9 43.5391
      vertex 92.0784 -9 43.9018
    endloop
  endfacet
  facet normal 0.923911 0 0.382607
    outer loop
      vertex 92.2286 -9 43.5391
      vertex 92.0784 -27 43.9018
      vertex 92.2286 -27 43.5391
    endloop
  endfacet
  facet normal 0.793286 -0 0.608849
    outer loop
      vertex 91.4472 -27 44.8925
      vertex 91.6862 -9 44.5811
      vertex 91.4472 -9 44.8925
    endloop
  endfacet
  facet normal 0.793286 0 0.608849
    outer loop
      vertex 91.6862 -9 44.5811
      vertex 91.4472 -27 44.8925
      vertex 91.6862 -27 44.5811
    endloop
  endfacet
  facet normal 0.843431 -0 0.537238
    outer loop
      vertex 91.6862 -27 44.5811
      vertex 91.8971 -9 44.25
      vertex 91.6862 -9 44.5811
    endloop
  endfacet
  facet normal 0.843431 0 0.537238
    outer loop
      vertex 91.8971 -9 44.25
      vertex 91.6862 -27 44.5811
      vertex 91.8971 -27 44.25
    endloop
  endfacet
  facet normal 0.216256 0 0.976337
    outer loop
      vertex 88.7814 -9 46.4316
      vertex 89.1647 -27 46.3467
      vertex 89.1647 -9 46.3467
    endloop
  endfacet
  facet normal 0.216256 0 0.976337
    outer loop
      vertex 89.1647 -27 46.3467
      vertex 88.7814 -9 46.4316
      vertex 88.7814 -27 46.4316
    endloop
  endfacet
  facet normal 0.130679 0 0.991425
    outer loop
      vertex 88.3922 -9 46.4829
      vertex 88.7814 -27 46.4316
      vertex 88.7814 -9 46.4316
    endloop
  endfacet
  facet normal 0.130679 0 0.991425
    outer loop
      vertex 88.7814 -27 46.4316
      vertex 88.3922 -9 46.4829
      vertex 88.3922 -27 46.4829
    endloop
  endfacet
  facet normal 0.537238 0 0.843431
    outer loop
      vertex 90.25 -9 45.8971
      vertex 90.5811 -27 45.6862
      vertex 90.5811 -9 45.6862
    endloop
  endfacet
  facet normal 0.537238 0 0.843431
    outer loop
      vertex 90.5811 -27 45.6862
      vertex 90.25 -9 45.8971
      vertex 90.25 -27 45.8971
    endloop
  endfacet
  facet normal 0.608849 0 0.793286
    outer loop
      vertex 90.5811 -9 45.6862
      vertex 90.8925 -27 45.4472
      vertex 90.8925 -9 45.4472
    endloop
  endfacet
  facet normal 0.608849 0 0.793286
    outer loop
      vertex 90.8925 -27 45.4472
      vertex 90.5811 -9 45.6862
      vertex 90.5811 -27 45.6862
    endloop
  endfacet
  facet normal -0.976337 0 0.216256
    outer loop
      vertex 83.5684 -27 42.7814
      vertex 83.6533 -9 43.1647
      vertex 83.5684 -9 42.7814
    endloop
  endfacet
  facet normal -0.976337 0 0.216256
    outer loop
      vertex 83.6533 -9 43.1647
      vertex 83.5684 -27 42.7814
      vertex 83.6533 -27 43.1647
    endloop
  endfacet
  facet normal -0.953679 0 0.300827
    outer loop
      vertex 83.6533 -27 43.1647
      vertex 83.7714 -9 43.5391
      vertex 83.6533 -9 43.1647
    endloop
  endfacet
  facet normal -0.953679 0 0.300827
    outer loop
      vertex 83.7714 -9 43.5391
      vertex 83.6533 -27 43.1647
      vertex 83.7714 -27 43.5391
    endloop
  endfacet
  facet normal -0.991425 0 0.130679
    outer loop
      vertex 83.5171 -27 42.3922
      vertex 83.5684 -9 42.7814
      vertex 83.5171 -9 42.3922
    endloop
  endfacet
  facet normal -0.991425 0 0.130679
    outer loop
      vertex 83.5684 -9 42.7814
      vertex 83.5171 -27 42.3922
      vertex 83.5684 -27 42.7814
    endloop
  endfacet
  facet normal 0 -1 0
    outer loop
      vertex 88 -27 43.55
      vertex 88 -27 46.5
      vertex 87.6078 -27 46.4829
    endloop
  endfacet
  facet normal 0 -1 0
    outer loop
      vertex 87.8649 -27 43.5441
      vertex 87.6078 -27 46.4829
      vertex 87.2186 -27 46.4316
    endloop
  endfacet
  facet normal 0 -1 0
    outer loop
      vertex 88 -27 46.5
      vertex 88 -27 43.55
      vertex 88.3922 -27 46.4829
    endloop
  endfacet
  facet normal 0 -1 0
    outer loop
      vertex 87.7308 -27 43.5265
      vertex 87.2186 -27 46.4316
      vertex 86.8353 -27 46.3467
    endloop
  endfacet
  facet normal 0 -1 0
    outer loop
      vertex 88.1351 -27 43.5441
      vertex 88.3922 -27 46.4829
      vertex 88 -27 43.55
    endloop
  endfacet
  facet normal 0 -1 0
    outer loop
      vertex 87.5988 -27 43.4972
      vertex 86.8353 -27 46.3467
      vertex 86.4609 -27 46.2286
    endloop
  endfacet
  facet normal 0 -1 -0
    outer loop
      vertex 88.3922 -27 46.4829
      vertex 88.1351 -27 43.5441
      vertex 88.7814 -27 46.4316
    endloop
  endfacet
  facet normal 0 -1 0
    outer loop
      vertex 87.4699 -27 43.4565
      vertex 86.4609 -27 46.2286
      vertex 86.0982 -27 46.0784
    endloop
  endfacet
  facet normal 0 -1 0
    outer loop
      vertex 88.2692 -27 43.5265
      vertex 88.7814 -27 46.4316
      vertex 88.1351 -27 43.5441
    endloop
  endfacet
  facet normal 0 -1 0
    outer loop
      vertex 87.3449 -27 43.4048
      vertex 86.0982 -27 46.0784
      vertex 85.75 -27 45.8971
    endloop
  endfacet
  facet normal 0 -1 -0
    outer loop
      vertex 88.7814 -27 46.4316
      vertex 88.2692 -27 43.5265
      vertex 89.1647 -27 46.3467
    endloop
  endfacet
  facet normal 0 -1 0
    outer loop
      vertex 87.225 -27 43.3423
      vertex 85.75 -27 45.8971
      vertex 85.4189 -27 45.6862
    endloop
  endfacet
  facet normal 0 -1 0
    outer loop
      vertex 88.4012 -27 43.4972
      vertex 89.1647 -27 46.3467
      vertex 88.2692 -27 43.5265
    endloop
  endfacet
  facet normal 0 -1 0
    outer loop
      vertex 87.111 -27 43.2697
      vertex 85.4189 -27 45.6862
      vertex 85.1075 -27 45.4472
    endloop
  endfacet
  facet normal 0 -1 -0
    outer loop
      vertex 89.1647 -27 46.3467
      vertex 88.4012 -27 43.4972
      vertex 89.5391 -27 46.2286
    endloop
  endfacet
  facet normal 0 -1 0
    outer loop
      vertex 87.0037 -27 43.1874
      vertex 85.1075 -27 45.4472
      vertex 84.818 -27 45.182
    endloop
  endfacet
  facet normal 0 -1 0
    outer loop
      vertex 88.5301 -27 43.4565
      vertex 89.5391 -27 46.2286
      vertex 88.4012 -27 43.4972
    endloop
  endfacet
  facet normal 0 -1 0
    outer loop
      vertex 86.904 -27 43.096
      vertex 84.818 -27 45.182
      vertex 84.5528 -27 44.8925
    endloop
  endfacet
  facet normal 0 -1 -0
    outer loop
      vertex 89.5391 -27 46.2286
      vertex 88.5301 -27 43.4565
      vertex 89.9018 -27 46.0784
    endloop
  endfacet
  facet normal 0 -1 0
    outer loop
      vertex 86.8126 -27 42.9963
      vertex 84.5528 -27 44.8925
      vertex 84.3138 -27 44.5811
    endloop
  endfacet
  facet normal 0 -1 0
    outer loop
      vertex 88.6551 -27 43.4048
      vertex 89.9018 -27 46.0784
      vertex 88.5301 -27 43.4565
    endloop
  endfacet
  facet normal 0 -1 0
    outer loop
      vertex 86.7303 -27 42.889
      vertex 84.3138 -27 44.5811
      vertex 84.1029 -27 44.25
    endloop
  endfacet
  facet normal 0 -1 -0
    outer loop
      vertex 89.9018 -27 46.0784
      vertex 88.6551 -27 43.4048
      vertex 90.25 -27 45.8971
    endloop
  endfacet
  facet normal 0 -1 0
    outer loop
      vertex 86.6577 -27 42.775
      vertex 84.1029 -27 44.25
      vertex 83.9216 -27 43.9018
    endloop
  endfacet
  facet normal 0 -1 0
    outer loop
      vertex 88.775 -27 43.3423
      vertex 90.25 -27 45.8971
      vertex 88.6551 -27 43.4048
    endloop
  endfacet
  facet normal 0 -1 -0
    outer loop
      vertex 90.25 -27 45.8971
      vertex 88.775 -27 43.3423
      vertex 90.5811 -27 45.6862
    endloop
  endfacet
  facet normal 0 -1 0
    outer loop
      vertex 87.6078 -27 46.4829
      vertex 87.8649 -27 43.5441
      vertex 88 -27 43.55
    endloop
  endfacet
  facet normal 0 -1 0
    outer loop
      vertex 86.5952 -27 42.6551
      vertex 83.9216 -27 43.9018
      vertex 83.7714 -27 43.5391
    endloop
  endfacet
  facet normal 0 -1 0
    outer loop
      vertex 87.2186 -27 46.4316
      vertex 87.7308 -27 43.5265
      vertex 87.8649 -27 43.5441
    endloop
  endfacet
  facet normal 0 -1 0
    outer loop
      vertex 86.8353 -27 46.3467
      vertex 87.5988 -27 43.4972
      vertex 87.7308 -27 43.5265
    endloop
  endfacet
  facet normal 0 -1 0
    outer loop
      vertex 86.4609 -27 46.2286
      vertex 87.4699 -27 43.4565
      vertex 87.5988 -27 43.4972
    endloop
  endfacet
  facet normal 0 -1 0
    outer loop
      vertex 86.0982 -27 46.0784
      vertex 87.3449 -27 43.4048
      vertex 87.4699 -27 43.4565
    endloop
  endfacet
  facet normal 0 -1 0
    outer loop
      vertex 85.75 -27 45.8971
      vertex 87.225 -27 43.3423
      vertex 87.3449 -27 43.4048
    endloop
  endfacet
  facet normal 0 -1 0
    outer loop
      vertex 85.4189 -27 45.6862
      vertex 87.111 -27 43.2697
      vertex 87.225 -27 43.3423
    endloop
  endfacet
  facet normal 0 -1 0
    outer loop
      vertex 85.1075 -27 45.4472
      vertex 87.0037 -27 43.1874
      vertex 87.111 -27 43.2697
    endloop
  endfacet
  facet normal 0 -1 0
    outer loop
      vertex 86.5435 -27 42.5301
      vertex 83.7714 -27 43.5391
      vertex 83.6533 -27 43.1647
    endloop
  endfacet
  facet normal 0 -1 0
    outer loop
      vertex 84.818 -27 45.182
      vertex 86.904 -27 43.096
      vertex 87.0037 -27 43.1874
    endloop
  endfacet
  facet normal 0 -1 0
    outer loop
      vertex 84.5528 -27 44.8925
      vertex 86.8126 -27 42.9963
      vertex 86.904 -27 43.096
    endloop
  endfacet
  facet normal 0 -1 0
    outer loop
      vertex 84.3138 -27 44.5811
      vertex 86.7303 -27 42.889
      vertex 86.8126 -27 42.9963
    endloop
  endfacet
  facet normal 0 -1 0
    outer loop
      vertex 86.5028 -27 42.4012
      vertex 83.6533 -27 43.1647
      vertex 83.5684 -27 42.7814
    endloop
  endfacet
  facet normal 0 -1 0
    outer loop
      vertex 84.1029 -27 44.25
      vertex 86.6577 -27 42.775
      vertex 86.7303 -27 42.889
    endloop
  endfacet
  facet normal 0 -1 0
    outer loop
      vertex 83.9216 -27 43.9018
      vertex 86.5952 -27 42.6551
      vertex 86.6577 -27 42.775
    endloop
  endfacet
  facet normal 0 -1 0
    outer loop
      vertex 83.7714 -27 43.5391
      vertex 86.5435 -27 42.5301
      vertex 86.5952 -27 42.6551
    endloop
  endfacet
  facet normal 0 -1 0
    outer loop
      vertex 83.6533 -27 43.1647
      vertex 86.5028 -27 42.4012
      vertex 86.5435 -27 42.5301
    endloop
  endfacet
  facet normal 0 -1 0
    outer loop
      vertex 86.4735 -27 42.2692
      vertex 83.5684 -27 42.7814
      vertex 83.5171 -27 42.3922
    endloop
  endfacet
  facet normal 0 -1 0
    outer loop
      vertex 83.5684 -27 42.7814
      vertex 86.4735 -27 42.2692
      vertex 86.5028 -27 42.4012
    endloop
  endfacet
  facet normal 0 -1 0
    outer loop
      vertex 83.5171 -27 42.3922
      vertex 86.4559 -27 42.1351
      vertex 86.4735 -27 42.2692
    endloop
  endfacet
  facet normal 0 -1 0
    outer loop
      vertex 83.5 -27 42
      vertex 86.4559 -27 42.1351
      vertex 83.5171 -27 42.3922
    endloop
  endfacet
  facet normal 0 -1 0
    outer loop
      vertex 83.5 -27 42
      vertex 86.45 -27 42
      vertex 86.4559 -27 42.1351
    endloop
  endfacet
  facet normal 0 -1 0
    outer loop
      vertex 83.5 -27 42
      vertex 86.4559 -27 41.8649
      vertex 86.45 -27 42
    endloop
  endfacet
  facet normal 0 -1 0
    outer loop
      vertex 83.5171 -27 41.6078
      vertex 86.4559 -27 41.8649
      vertex 83.5 -27 42
    endloop
  endfacet
  facet normal 0 -1 -0
    outer loop
      vertex 86.4559 -27 41.8649
      vertex 83.5171 -27 41.6078
      vertex 86.4735 -27 41.7308
    endloop
  endfacet
  facet normal 0 -1 0
    outer loop
      vertex 83.5684 -27 41.2186
      vertex 86.4735 -27 41.7308
      vertex 83.5171 -27 41.6078
    endloop
  endfacet
  facet normal 0 -1 -0
    outer loop
      vertex 86.4735 -27 41.7308
      vertex 83.5684 -27 41.2186
      vertex 86.5028 -27 41.5988
    endloop
  endfacet
  facet normal 0 -1 0
    outer loop
      vertex 83.6533 -27 40.8353
      vertex 86.5028 -27 41.5988
      vertex 83.5684 -27 41.2186
    endloop
  endfacet
  facet normal 0 -1 -0
    outer loop
      vertex 86.5028 -27 41.5988
      vertex 83.6533 -27 40.8353
      vertex 86.5435 -27 41.4699
    endloop
  endfacet
  facet normal 0 -1 0
    outer loop
      vertex 83.7714 -27 40.4609
      vertex 86.5435 -27 41.4699
      vertex 83.6533 -27 40.8353
    endloop
  endfacet
  facet normal 0 -1 -0
    outer loop
      vertex 86.5435 -27 41.4699
      vertex 83.7714 -27 40.4609
      vertex 86.5952 -27 41.3449
    endloop
  endfacet
  facet normal 0 -1 0
    outer loop
      vertex 83.9216 -27 40.0982
      vertex 86.5952 -27 41.3449
      vertex 83.7714 -27 40.4609
    endloop
  endfacet
  facet normal 0 -1 -0
    outer loop
      vertex 86.5952 -27 41.3449
      vertex 83.9216 -27 40.0982
      vertex 86.6577 -27 41.225
    endloop
  endfacet
  facet normal 0 -1 0
    outer loop
      vertex 84.1029 -27 39.75
      vertex 86.6577 -27 41.225
      vertex 83.9216 -27 40.0982
    endloop
  endfacet
  facet normal 0 -1 -0
    outer loop
      vertex 86.6577 -27 41.225
      vertex 84.1029 -27 39.75
      vertex 86.7303 -27 41.111
    endloop
  endfacet
  facet normal 0 -1 0
    outer loop
      vertex 84.3138 -27 39.4189
      vertex 86.7303 -27 41.111
      vertex 84.1029 -27 39.75
    endloop
  endfacet
  facet normal 0 -1 -0
    outer loop
      vertex 86.7303 -27 41.111
      vertex 84.3138 -27 39.4189
      vertex 86.8126 -27 41.0037
    endloop
  endfacet
  facet normal 0 -1 0
    outer loop
      vertex 84.5528 -27 39.1075
      vertex 86.8126 -27 41.0037
      vertex 84.3138 -27 39.4189
    endloop
  endfacet
  facet normal 0 -1 -0
    outer loop
      vertex 86.8126 -27 41.0037
      vertex 84.5528 -27 39.1075
      vertex 86.904 -27 40.904
    endloop
  endfacet
  facet normal 0 -1 0
    outer loop
      vertex 84.818 -27 38.818
      vertex 86.904 -27 40.904
      vertex 84.5528 -27 39.1075
    endloop
  endfacet
  facet normal 0 -1 -0
    outer loop
      vertex 86.904 -27 40.904
      vertex 84.818 -27 38.818
      vertex 87.0037 -27 40.8126
    endloop
  endfacet
  facet normal 0 -1 0
    outer loop
      vertex 85.1075 -27 38.5528
      vertex 87.0037 -27 40.8126
      vertex 84.818 -27 38.818
    endloop
  endfacet
  facet normal 0 -1 -0
    outer loop
      vertex 87.0037 -27 40.8126
      vertex 85.1075 -27 38.5528
      vertex 87.111 -27 40.7303
    endloop
  endfacet
  facet normal 0 -1 0
    outer loop
      vertex 85.4189 -27 38.3138
      vertex 87.111 -27 40.7303
      vertex 85.1075 -27 38.5528
    endloop
  endfacet
  facet normal 0 -1 -0
    outer loop
      vertex 87.111 -27 40.7303
      vertex 85.4189 -27 38.3138
      vertex 87.225 -27 40.6577
    endloop
  endfacet
  facet normal 0 -1 0
    outer loop
      vertex 88.889 -27 43.2697
      vertex 90.5811 -27 45.6862
      vertex 88.775 -27 43.3423
    endloop
  endfacet
  facet normal 0 -1 -0
    outer loop
      vertex 90.5811 -27 45.6862
      vertex 88.889 -27 43.2697
      vertex 90.8925 -27 45.4472
    endloop
  endfacet
  facet normal 0 -1 0
    outer loop
      vertex 88.9963 -27 43.1874
      vertex 90.8925 -27 45.4472
      vertex 88.889 -27 43.2697
    endloop
  endfacet
  facet normal 0 -1 -0
    outer loop
      vertex 90.8925 -27 45.4472
      vertex 88.9963 -27 43.1874
      vertex 91.182 -27 45.182
    endloop
  endfacet
  facet normal 0 -1 0
    outer loop
      vertex 89.096 -27 43.096
      vertex 91.182 -27 45.182
      vertex 88.9963 -27 43.1874
    endloop
  endfacet
  facet normal 0 -1 -0
    outer loop
      vertex 91.182 -27 45.182
      vertex 89.096 -27 43.096
      vertex 91.4472 -27 44.8925
    endloop
  endfacet
  facet normal 0 -1 0
    outer loop
      vertex 89.1874 -27 42.9963
      vertex 91.4472 -27 44.8925
      vertex 89.096 -27 43.096
    endloop
  endfacet
  facet normal 0 -1 -0
    outer loop
      vertex 91.4472 -27 44.8925
      vertex 89.1874 -27 42.9963
      vertex 91.6862 -27 44.5811
    endloop
  endfacet
  facet normal 0 -1 0
    outer loop
      vertex 89.2697 -27 42.889
      vertex 91.6862 -27 44.5811
      vertex 89.1874 -27 42.9963
    endloop
  endfacet
  facet normal 0 -1 -0
    outer loop
      vertex 91.6862 -27 44.5811
      vertex 89.2697 -27 42.889
      vertex 91.8971 -27 44.25
    endloop
  endfacet
  facet normal 0 -1 0
    outer loop
      vertex 89.3423 -27 42.775
      vertex 91.8971 -27 44.25
      vertex 89.2697 -27 42.889
    endloop
  endfacet
  facet normal 0 -1 -0
    outer loop
      vertex 91.8971 -27 44.25
      vertex 89.3423 -27 42.775
      vertex 92.0784 -27 43.9018
    endloop
  endfacet
  facet normal 0 -1 0
    outer loop
      vertex 89.4048 -27 42.6551
      vertex 92.0784 -27 43.9018
      vertex 89.3423 -27 42.775
    endloop
  endfacet
  facet normal 0 -1 -0
    outer loop
      vertex 92.0784 -27 43.9018
      vertex 89.4048 -27 42.6551
      vertex 92.2286 -27 43.5391
    endloop
  endfacet
  facet normal 0 -1 0
    outer loop
      vertex 89.4565 -27 42.5301
      vertex 92.2286 -27 43.5391
      vertex 89.4048 -27 42.6551
    endloop
  endfacet
  facet normal 0 -1 -0
    outer loop
      vertex 92.2286 -27 43.5391
      vertex 89.4565 -27 42.5301
      vertex 92.3467 -27 43.1647
    endloop
  endfacet
  facet normal 0 -1 0
    outer loop
      vertex 89.4972 -27 42.4012
      vertex 92.3467 -27 43.1647
      vertex 89.4565 -27 42.5301
    endloop
  endfacet
  facet normal 0 -1 -0
    outer loop
      vertex 92.3467 -27 43.1647
      vertex 89.4972 -27 42.4012
      vertex 92.4316 -27 42.7814
    endloop
  endfacet
  facet normal 0 -1 0
    outer loop
      vertex 89.5265 -27 42.2692
      vertex 92.4316 -27 42.7814
      vertex 89.4972 -27 42.4012
    endloop
  endfacet
  facet normal 0 -1 -0
    outer loop
      vertex 92.4316 -27 42.7814
      vertex 89.5265 -27 42.2692
      vertex 92.4829 -27 42.3922
    endloop
  endfacet
  facet normal 0 -1 0
    outer loop
      vertex 89.5441 -27 42.1351
      vertex 92.4829 -27 42.3922
      vertex 89.5265 -27 42.2692
    endloop
  endfacet
  facet normal 0 -1 0
    outer loop
      vertex 89.55 -27 42
      vertex 92.4829 -27 42.3922
      vertex 89.5441 -27 42.1351
    endloop
  endfacet
  facet normal 0 -1 0
    outer loop
      vertex 89.55 -27 42
      vertex 92.5 -27 42
      vertex 92.4829 -27 42.3922
    endloop
  endfacet
  facet normal 0 -1 0
    outer loop
      vertex 89.5441 -27 41.8649
      vertex 92.5 -27 42
      vertex 89.55 -27 42
    endloop
  endfacet
  facet normal 0 -1 0
    outer loop
      vertex 92.4829 -27 41.6078
      vertex 89.5441 -27 41.8649
      vertex 89.5265 -27 41.7308
    endloop
  endfacet
  facet normal 0 -1 0
    outer loop
      vertex 89.5441 -27 41.8649
      vertex 92.4829 -27 41.6078
      vertex 92.5 -27 42
    endloop
  endfacet
  facet normal 0 -1 0
    outer loop
      vertex 92.4316 -27 41.2186
      vertex 89.5265 -27 41.7308
      vertex 89.4972 -27 41.5988
    endloop
  endfacet
  facet normal 0 -1 0
    outer loop
      vertex 92.3467 -27 40.8353
      vertex 89.4972 -27 41.5988
      vertex 89.4565 -27 41.4699
    endloop
  endfacet
  facet normal 0 -1 0
    outer loop
      vertex 92.2286 -27 40.4609
      vertex 89.4565 -27 41.4699
      vertex 89.4048 -27 41.3449
    endloop
  endfacet
  facet normal 0 -1 0
    outer loop
      vertex 92.0784 -27 40.0982
      vertex 89.4048 -27 41.3449
      vertex 89.3423 -27 41.225
    endloop
  endfacet
  facet normal 0 -1 0
    outer loop
      vertex 89.5265 -27 41.7308
      vertex 92.4316 -27 41.2186
      vertex 92.4829 -27 41.6078
    endloop
  endfacet
  facet normal 0 -1 0
    outer loop
      vertex 91.8971 -27 39.75
      vertex 89.3423 -27 41.225
      vertex 89.2697 -27 41.111
    endloop
  endfacet
  facet normal 0 -1 0
    outer loop
      vertex 91.6862 -27 39.4189
      vertex 89.2697 -27 41.111
      vertex 89.1874 -27 41.0037
    endloop
  endfacet
  facet normal 0 -1 0
    outer loop
      vertex 91.4472 -27 39.1075
      vertex 89.1874 -27 41.0037
      vertex 89.096 -27 40.904
    endloop
  endfacet
  facet normal 0 -1 0
    outer loop
      vertex 89.4972 -27 41.5988
      vertex 92.3467 -27 40.8353
      vertex 92.4316 -27 41.2186
    endloop
  endfacet
  facet normal 0 -1 0
    outer loop
      vertex 91.182 -27 38.818
      vertex 89.096 -27 40.904
      vertex 88.9963 -27 40.8126
    endloop
  endfacet
  facet normal 0 -1 0
    outer loop
      vertex 90.8925 -27 38.5528
      vertex 88.9963 -27 40.8126
      vertex 88.889 -27 40.7303
    endloop
  endfacet
  facet normal 0 -1 0
    outer loop
      vertex 90.5811 -27 38.3138
      vertex 88.889 -27 40.7303
      vertex 88.775 -27 40.6577
    endloop
  endfacet
  facet normal 0 -1 0
    outer loop
      vertex 90.25 -27 38.1029
      vertex 88.775 -27 40.6577
      vertex 88.6551 -27 40.5952
    endloop
  endfacet
  facet normal 0 -1 0
    outer loop
      vertex 89.9018 -27 37.9216
      vertex 88.6551 -27 40.5952
      vertex 88.5301 -27 40.5435
    endloop
  endfacet
  facet normal 0 -1 0
    outer loop
      vertex 89.5391 -27 37.7714
      vertex 88.5301 -27 40.5435
      vertex 88.4012 -27 40.5028
    endloop
  endfacet
  facet normal 0 -1 0
    outer loop
      vertex 89.1647 -27 37.6533
      vertex 88.4012 -27 40.5028
      vertex 88.2692 -27 40.4735
    endloop
  endfacet
  facet normal 0 -1 0
    outer loop
      vertex 89.4565 -27 41.4699
      vertex 92.2286 -27 40.4609
      vertex 92.3467 -27 40.8353
    endloop
  endfacet
  facet normal 0 -1 0
    outer loop
      vertex 88.7814 -27 37.5684
      vertex 88.2692 -27 40.4735
      vertex 88.1351 -27 40.4559
    endloop
  endfacet
  facet normal 0 -1 0
    outer loop
      vertex 88.3922 -27 37.5171
      vertex 88.1351 -27 40.4559
      vertex 88 -27 40.45
    endloop
  endfacet
  facet normal 0 -1 0
    outer loop
      vertex 85.75 -27 38.1029
      vertex 87.225 -27 40.6577
      vertex 85.4189 -27 38.3138
    endloop
  endfacet
  facet normal 0 -1 0
    outer loop
      vertex 89.4048 -27 41.3449
      vertex 92.0784 -27 40.0982
      vertex 92.2286 -27 40.4609
    endloop
  endfacet
  facet normal 0 -1 -0
    outer loop
      vertex 87.225 -27 40.6577
      vertex 85.75 -27 38.1029
      vertex 87.3449 -27 40.5952
    endloop
  endfacet
  facet normal 0 -1 0
    outer loop
      vertex 89.3423 -27 41.225
      vertex 91.8971 -27 39.75
      vertex 92.0784 -27 40.0982
    endloop
  endfacet
  facet normal 0 -1 0
    outer loop
      vertex 86.0982 -27 37.9216
      vertex 87.3449 -27 40.5952
      vertex 85.75 -27 38.1029
    endloop
  endfacet
  facet normal 0 -1 0
    outer loop
      vertex 89.2697 -27 41.111
      vertex 91.6862 -27 39.4189
      vertex 91.8971 -27 39.75
    endloop
  endfacet
  facet normal 0 -1 -0
    outer loop
      vertex 87.3449 -27 40.5952
      vertex 86.0982 -27 37.9216
      vertex 87.4699 -27 40.5435
    endloop
  endfacet
  facet normal 0 -1 0
    outer loop
      vertex 89.1874 -27 41.0037
      vertex 91.4472 -27 39.1075
      vertex 91.6862 -27 39.4189
    endloop
  endfacet
  facet normal 0 -1 0
    outer loop
      vertex 86.4609 -27 37.7714
      vertex 87.4699 -27 40.5435
      vertex 86.0982 -27 37.9216
    endloop
  endfacet
  facet normal 0 -1 0
    outer loop
      vertex 89.096 -27 40.904
      vertex 91.182 -27 38.818
      vertex 91.4472 -27 39.1075
    endloop
  endfacet
  facet normal 0 -1 -0
    outer loop
      vertex 87.4699 -27 40.5435
      vertex 86.4609 -27 37.7714
      vertex 87.5988 -27 40.5028
    endloop
  endfacet
  facet normal 0 -1 0
    outer loop
      vertex 88.9963 -27 40.8126
      vertex 90.8925 -27 38.5528
      vertex 91.182 -27 38.818
    endloop
  endfacet
  facet normal 0 -1 0
    outer loop
      vertex 86.8353 -27 37.6533
      vertex 87.5988 -27 40.5028
      vertex 86.4609 -27 37.7714
    endloop
  endfacet
  facet normal 0 -1 0
    outer loop
      vertex 88.889 -27 40.7303
      vertex 90.5811 -27 38.3138
      vertex 90.8925 -27 38.5528
    endloop
  endfacet
  facet normal 0 -1 -0
    outer loop
      vertex 87.5988 -27 40.5028
      vertex 86.8353 -27 37.6533
      vertex 87.7308 -27 40.4735
    endloop
  endfacet
  facet normal 0 -1 0
    outer loop
      vertex 88.775 -27 40.6577
      vertex 90.25 -27 38.1029
      vertex 90.5811 -27 38.3138
    endloop
  endfacet
  facet normal 0 -1 0
    outer loop
      vertex 87.2186 -27 37.5684
      vertex 87.7308 -27 40.4735
      vertex 86.8353 -27 37.6533
    endloop
  endfacet
  facet normal 0 -1 0
    outer loop
      vertex 88.6551 -27 40.5952
      vertex 89.9018 -27 37.9216
      vertex 90.25 -27 38.1029
    endloop
  endfacet
  facet normal 0 -1 -0
    outer loop
      vertex 87.7308 -27 40.4735
      vertex 87.2186 -27 37.5684
      vertex 87.8649 -27 40.4559
    endloop
  endfacet
  facet normal 0 -1 0
    outer loop
      vertex 88.5301 -27 40.5435
      vertex 89.5391 -27 37.7714
      vertex 89.9018 -27 37.9216
    endloop
  endfacet
  facet normal 0 -1 0
    outer loop
      vertex 87.6078 -27 37.5171
      vertex 87.8649 -27 40.4559
      vertex 87.2186 -27 37.5684
    endloop
  endfacet
  facet normal 0 -1 0
    outer loop
      vertex 88.4012 -27 40.5028
      vertex 89.1647 -27 37.6533
      vertex 89.5391 -27 37.7714
    endloop
  endfacet
  facet normal 0 -1 -0
    outer loop
      vertex 87.8649 -27 40.4559
      vertex 87.6078 -27 37.5171
      vertex 88 -27 40.45
    endloop
  endfacet
  facet normal 0 -1 0
    outer loop
      vertex 88.2692 -27 40.4735
      vertex 88.7814 -27 37.5684
      vertex 89.1647 -27 37.6533
    endloop
  endfacet
  facet normal 0 -1 0
    outer loop
      vertex 88 -27 37.5
      vertex 88 -27 40.45
      vertex 87.6078 -27 37.5171
    endloop
  endfacet
  facet normal 0 -1 0
    outer loop
      vertex 88.1351 -27 40.4559
      vertex 88.3922 -27 37.5171
      vertex 88.7814 -27 37.5684
    endloop
  endfacet
  facet normal 0 -1 0
    outer loop
      vertex 88 -27 40.45
      vertex 88 -27 37.5
      vertex 88.3922 -27 37.5171
    endloop
  endfacet
  facet normal -0.537238 0 0.843431
    outer loop
      vertex 85.4189 -9 45.6862
      vertex 85.75 -27 45.8971
      vertex 85.75 -9 45.8971
    endloop
  endfacet
  facet normal -0.537238 0 0.843431
    outer loop
      vertex 85.75 -27 45.8971
      vertex 85.4189 -9 45.6862
      vertex 85.4189 -27 45.6862
    endloop
  endfacet
  facet normal -0.0435588 0 0.999051
    outer loop
      vertex 87.6078 -9 46.4829
      vertex 88 -27 46.5
      vertex 88 -9 46.5
    endloop
  endfacet
  facet normal -0.0435588 0 0.999051
    outer loop
      vertex 88 -27 46.5
      vertex 87.6078 -9 46.4829
      vertex 87.6078 -27 46.4829
    endloop
  endfacet
  facet normal 0.0435588 0 -0.999051
    outer loop
      vertex 88 -27 37.5
      vertex 88.3922 -9 37.5171
      vertex 88.3922 -27 37.5171
    endloop
  endfacet
  facet normal 0.0435588 0 -0.999051
    outer loop
      vertex 88.3922 -9 37.5171
      vertex 88 -27 37.5
      vertex 88 -9 37.5
    endloop
  endfacet
  facet normal 0.461826 0 -0.886971
    outer loop
      vertex 89.9018 -27 37.9216
      vertex 90.25 -9 38.1029
      vertex 90.25 -27 38.1029
    endloop
  endfacet
  facet normal 0.461826 0 -0.886971
    outer loop
      vertex 90.25 -9 38.1029
      vertex 89.9018 -27 37.9216
      vertex 89.9018 -9 37.9216
    endloop
  endfacet
  facet normal 0.608849 0 -0.793286
    outer loop
      vertex 90.5811 -27 38.3138
      vertex 90.8925 -9 38.5528
      vertex 90.8925 -27 38.5528
    endloop
  endfacet
  facet normal 0.608849 0 -0.793286
    outer loop
      vertex 90.8925 -9 38.5528
      vertex 90.5811 -27 38.3138
      vertex 90.5811 -9 38.3138
    endloop
  endfacet
  facet normal 0.537238 0 -0.843431
    outer loop
      vertex 90.25 -27 38.1029
      vertex 90.5811 -9 38.3138
      vertex 90.5811 -27 38.3138
    endloop
  endfacet
  facet normal 0.537238 0 -0.843431
    outer loop
      vertex 90.5811 -9 38.3138
      vertex 90.25 -27 38.1029
      vertex 90.25 -9 38.1029
    endloop
  endfacet
  facet normal 0.793286 0 -0.608849
    outer loop
      vertex 91.6862 -27 39.4189
      vertex 91.4472 -9 39.1075
      vertex 91.6862 -9 39.4189
    endloop
  endfacet
  facet normal 0.793286 0 -0.608849
    outer loop
      vertex 91.4472 -9 39.1075
      vertex 91.6862 -27 39.4189
      vertex 91.4472 -27 39.1075
    endloop
  endfacet
  facet normal 0.843431 0 -0.537238
    outer loop
      vertex 91.8971 -27 39.75
      vertex 91.6862 -9 39.4189
      vertex 91.8971 -9 39.75
    endloop
  endfacet
  facet normal 0.843431 0 -0.537238
    outer loop
      vertex 91.6862 -9 39.4189
      vertex 91.8971 -27 39.75
      vertex 91.6862 -27 39.4189
    endloop
  endfacet
  facet normal -0.675482 0 -0.737376
    outer loop
      vertex 84.818 -27 38.818
      vertex 85.1075 -9 38.5528
      vertex 85.1075 -27 38.5528
    endloop
  endfacet
  facet normal -0.675482 0 -0.737376
    outer loop
      vertex 85.1075 -9 38.5528
      vertex 84.818 -27 38.818
      vertex 84.818 -9 38.818
    endloop
  endfacet
  facet normal -0.608849 0 -0.793286
    outer loop
      vertex 85.1075 -27 38.5528
      vertex 85.4189 -9 38.3138
      vertex 85.4189 -27 38.3138
    endloop
  endfacet
  facet normal -0.608849 0 -0.793286
    outer loop
      vertex 85.4189 -9 38.3138
      vertex 85.1075 -27 38.5528
      vertex 85.1075 -9 38.5528
    endloop
  endfacet
  facet normal -0.537238 0 -0.843431
    outer loop
      vertex 85.4189 -27 38.3138
      vertex 85.75 -9 38.1029
      vertex 85.75 -27 38.1029
    endloop
  endfacet
  facet normal -0.537238 0 -0.843431
    outer loop
      vertex 85.75 -9 38.1029
      vertex 85.4189 -27 38.3138
      vertex 85.4189 -9 38.3138
    endloop
  endfacet
  facet normal -0.130679 0 -0.991425
    outer loop
      vertex 87.2186 -27 37.5684
      vertex 87.6078 -9 37.5171
      vertex 87.6078 -27 37.5171
    endloop
  endfacet
  facet normal -0.130679 0 -0.991425
    outer loop
      vertex 87.6078 -9 37.5171
      vertex 87.2186 -27 37.5684
      vertex 87.2186 -9 37.5684
    endloop
  endfacet
  facet normal -0.923911 0 -0.382607
    outer loop
      vertex 83.9216 -27 40.0982
      vertex 83.7714 -9 40.4609
      vertex 83.9216 -9 40.0982
    endloop
  endfacet
  facet normal -0.923911 -0 -0.382607
    outer loop
      vertex 83.7714 -9 40.4609
      vertex 83.9216 -27 40.0982
      vertex 83.7714 -27 40.4609
    endloop
  endfacet
  facet normal -0.999051 0 -0.0435588
    outer loop
      vertex 83.5171 -27 41.6078
      vertex 83.5 -9 42
      vertex 83.5171 -9 41.6078
    endloop
  endfacet
  facet normal -0.999051 -0 -0.0435588
    outer loop
      vertex 83.5 -9 42
      vertex 83.5171 -27 41.6078
      vertex 83.5 -27 42
    endloop
  endfacet
  facet normal 0.976337 -0 0.216256
    outer loop
      vertex 92.3467 -27 43.1647
      vertex 92.4316 -9 42.7814
      vertex 92.3467 -9 43.1647
    endloop
  endfacet
  facet normal 0.976337 0 0.216256
    outer loop
      vertex 92.4316 -9 42.7814
      vertex 92.3467 -27 43.1647
      vertex 92.4316 -27 42.7814
    endloop
  endfacet
  facet normal 0.991425 -0 0.130679
    outer loop
      vertex 92.4316 -27 42.7814
      vertex 92.4829 -9 42.3922
      vertex 92.4316 -9 42.7814
    endloop
  endfacet
  facet normal 0.991425 0 0.130679
    outer loop
      vertex 92.4829 -9 42.3922
      vertex 92.4316 -27 42.7814
      vertex 92.4829 -27 42.3922
    endloop
  endfacet
  facet normal 0.737376 -0 0.675482
    outer loop
      vertex 91.182 -27 45.182
      vertex 91.4472 -9 44.8925
      vertex 91.182 -9 45.182
    endloop
  endfacet
  facet normal 0.737376 0 0.675482
    outer loop
      vertex 91.4472 -9 44.8925
      vertex 91.182 -27 45.182
      vertex 91.4472 -27 44.8925
    endloop
  endfacet
  facet normal 0.300827 0 0.953679
    outer loop
      vertex 89.1647 -9 46.3467
      vertex 89.5391 -27 46.2286
      vertex 89.5391 -9 46.2286
    endloop
  endfacet
  facet normal 0.300827 0 0.953679
    outer loop
      vertex 89.5391 -27 46.2286
      vertex 89.1647 -9 46.3467
      vertex 89.1647 -27 46.3467
    endloop
  endfacet
  facet normal 0.461826 0 0.886971
    outer loop
      vertex 89.9018 -9 46.0784
      vertex 90.25 -27 45.8971
      vertex 90.25 -9 45.8971
    endloop
  endfacet
  facet normal 0.461826 0 0.886971
    outer loop
      vertex 90.25 -27 45.8971
      vertex 89.9018 -9 46.0784
      vertex 89.9018 -27 46.0784
    endloop
  endfacet
  facet normal -0.737376 0 0.675482
    outer loop
      vertex 84.5528 -27 44.8925
      vertex 84.818 -9 45.182
      vertex 84.5528 -9 44.8925
    endloop
  endfacet
  facet normal -0.737376 0 0.675482
    outer loop
      vertex 84.818 -9 45.182
      vertex 84.5528 -27 44.8925
      vertex 84.818 -27 45.182
    endloop
  endfacet
  facet normal -0.923911 0 0.382607
    outer loop
      vertex 83.7714 -27 43.5391
      vertex 83.9216 -9 43.9018
      vertex 83.7714 -9 43.5391
    endloop
  endfacet
  facet normal -0.923911 0 0.382607
    outer loop
      vertex 83.9216 -9 43.9018
      vertex 83.7714 -27 43.5391
      vertex 83.9216 -27 43.9018
    endloop
  endfacet
  facet normal -0.886971 0 0.461826
    outer loop
      vertex 83.9216 -27 43.9018
      vertex 84.1029 -9 44.25
      vertex 83.9216 -9 43.9018
    endloop
  endfacet
  facet normal -0.886971 0 0.461826
    outer loop
      vertex 84.1029 -9 44.25
      vertex 83.9216 -27 43.9018
      vertex 84.1029 -27 44.25
    endloop
  endfacet
  facet normal -0.608849 0 0.793286
    outer loop
      vertex 85.1075 -9 45.4472
      vertex 85.4189 -27 45.6862
      vertex 85.4189 -9 45.6862
    endloop
  endfacet
  facet normal -0.608849 0 0.793286
    outer loop
      vertex 85.4189 -27 45.6862
      vertex 85.1075 -9 45.4472
      vertex 85.1075 -27 45.4472
    endloop
  endfacet
  facet normal -0.461826 0 0.886971
    outer loop
      vertex 85.75 -9 45.8971
      vertex 86.0982 -27 46.0784
      vertex 86.0982 -9 46.0784
    endloop
  endfacet
  facet normal -0.461826 0 0.886971
    outer loop
      vertex 86.0982 -27 46.0784
      vertex 85.75 -9 45.8971
      vertex 85.75 -27 45.8971
    endloop
  endfacet
  facet normal -0.216256 0 0.976337
    outer loop
      vertex 86.8353 -9 46.3467
      vertex 87.2186 -27 46.4316
      vertex 87.2186 -9 46.4316
    endloop
  endfacet
  facet normal -0.216256 0 0.976337
    outer loop
      vertex 87.2186 -27 46.4316
      vertex 86.8353 -9 46.3467
      vertex 86.8353 -27 46.3467
    endloop
  endfacet
  facet normal 0.130679 0 -0.991425
    outer loop
      vertex 88.3922 -27 37.5171
      vertex 88.7814 -9 37.5684
      vertex 88.7814 -27 37.5684
    endloop
  endfacet
  facet normal 0.130679 0 -0.991425
    outer loop
      vertex 88.7814 -9 37.5684
      vertex 88.3922 -27 37.5171
      vertex 88.3922 -9 37.5171
    endloop
  endfacet
  facet normal 0.382607 0 -0.923911
    outer loop
      vertex 89.5391 -27 37.7714
      vertex 89.9018 -9 37.9216
      vertex 89.9018 -27 37.9216
    endloop
  endfacet
  facet normal 0.382607 0 -0.923911
    outer loop
      vertex 89.9018 -9 37.9216
      vertex 89.5391 -27 37.7714
      vertex 89.5391 -9 37.7714
    endloop
  endfacet
  facet normal 0.737376 0 -0.675482
    outer loop
      vertex 91.4472 -27 39.1075
      vertex 91.182 -9 38.818
      vertex 91.4472 -9 39.1075
    endloop
  endfacet
  facet normal 0.737376 0 -0.675482
    outer loop
      vertex 91.182 -9 38.818
      vertex 91.4472 -27 39.1075
      vertex 91.182 -27 38.818
    endloop
  endfacet
  facet normal 0.923911 0 -0.382607
    outer loop
      vertex 92.2286 -27 40.4609
      vertex 92.0784 -9 40.0982
      vertex 92.2286 -9 40.4609
    endloop
  endfacet
  facet normal 0.923911 0 -0.382607
    outer loop
      vertex 92.0784 -9 40.0982
      vertex 92.2286 -27 40.4609
      vertex 92.0784 -27 40.0982
    endloop
  endfacet
  facet normal 0.976337 0 -0.216256
    outer loop
      vertex 92.4316 -27 41.2186
      vertex 92.3467 -9 40.8353
      vertex 92.4316 -9 41.2186
    endloop
  endfacet
  facet normal 0.976337 0 -0.216256
    outer loop
      vertex 92.3467 -9 40.8353
      vertex 92.4316 -27 41.2186
      vertex 92.3467 -27 40.8353
    endloop
  endfacet
  facet normal 0.999051 0 -0.0435588
    outer loop
      vertex 92.5 -27 42
      vertex 92.4829 -9 41.6078
      vertex 92.5 -9 42
    endloop
  endfacet
  facet normal 0.999051 0 -0.0435588
    outer loop
      vertex 92.4829 -9 41.6078
      vertex 92.5 -27 42
      vertex 92.4829 -27 41.6078
    endloop
  endfacet
  facet normal -0.461826 0 -0.886971
    outer loop
      vertex 85.75 -27 38.1029
      vertex 86.0982 -9 37.9216
      vertex 86.0982 -27 37.9216
    endloop
  endfacet
  facet normal -0.461826 0 -0.886971
    outer loop
      vertex 86.0982 -9 37.9216
      vertex 85.75 -27 38.1029
      vertex 85.75 -9 38.1029
    endloop
  endfacet
  facet normal -0.216256 0 -0.976337
    outer loop
      vertex 86.8353 -27 37.6533
      vertex 87.2186 -9 37.5684
      vertex 87.2186 -27 37.5684
    endloop
  endfacet
  facet normal -0.216256 0 -0.976337
    outer loop
      vertex 87.2186 -9 37.5684
      vertex 86.8353 -27 37.6533
      vertex 86.8353 -9 37.6533
    endloop
  endfacet
  facet normal -0.0435588 0 -0.999051
    outer loop
      vertex 87.6078 -27 37.5171
      vertex 88 -9 37.5
      vertex 88 -27 37.5
    endloop
  endfacet
  facet normal -0.0435588 0 -0.999051
    outer loop
      vertex 88 -9 37.5
      vertex 87.6078 -27 37.5171
      vertex 87.6078 -9 37.5171
    endloop
  endfacet
  facet normal -0.843431 0 -0.537238
    outer loop
      vertex 84.3138 -27 39.4189
      vertex 84.1029 -9 39.75
      vertex 84.3138 -9 39.4189
    endloop
  endfacet
  facet normal -0.843431 -0 -0.537238
    outer loop
      vertex 84.1029 -9 39.75
      vertex 84.3138 -27 39.4189
      vertex 84.1029 -27 39.75
    endloop
  endfacet
  facet normal -0.953679 0 -0.300827
    outer loop
      vertex 83.7714 -27 40.4609
      vertex 83.6533 -9 40.8353
      vertex 83.7714 -9 40.4609
    endloop
  endfacet
  facet normal -0.953679 -0 -0.300827
    outer loop
      vertex 83.6533 -9 40.8353
      vertex 83.7714 -27 40.4609
      vertex 83.6533 -27 40.8353
    endloop
  endfacet
  facet normal -0.991425 0 -0.130679
    outer loop
      vertex 83.5684 -27 41.2186
      vertex 83.5171 -9 41.6078
      vertex 83.5684 -9 41.2186
    endloop
  endfacet
  facet normal -0.991425 -0 -0.130679
    outer loop
      vertex 83.5171 -9 41.6078
      vertex 83.5684 -27 41.2186
      vertex 83.5171 -27 41.6078
    endloop
  endfacet
  facet normal -0.382607 0 0.923911
    outer loop
      vertex 86.0982 -9 46.0784
      vertex 86.4609 -27 46.2286
      vertex 86.4609 -9 46.2286
    endloop
  endfacet
  facet normal -0.382607 0 0.923911
    outer loop
      vertex 86.4609 -27 46.2286
      vertex 86.0982 -9 46.0784
      vertex 86.0982 -27 46.0784
    endloop
  endfacet
  facet normal 0.216256 0 -0.976337
    outer loop
      vertex 88.7814 -27 37.5684
      vertex 89.1647 -9 37.6533
      vertex 89.1647 -27 37.6533
    endloop
  endfacet
  facet normal 0.216256 0 -0.976337
    outer loop
      vertex 89.1647 -9 37.6533
      vertex 88.7814 -27 37.5684
      vertex 88.7814 -9 37.5684
    endloop
  endfacet
  facet normal -0.382607 0 -0.923911
    outer loop
      vertex 86.0982 -27 37.9216
      vertex 86.4609 -9 37.7714
      vertex 86.4609 -27 37.7714
    endloop
  endfacet
  facet normal -0.382607 0 -0.923911
    outer loop
      vertex 86.4609 -9 37.7714
      vertex 86.0982 -27 37.9216
      vertex 86.0982 -9 37.9216
    endloop
  endfacet
  facet normal -0.886971 0 -0.461826
    outer loop
      vertex 84.1029 -27 39.75
      vertex 83.9216 -9 40.0982
      vertex 84.1029 -9 39.75
    endloop
  endfacet
  facet normal -0.886971 -0 -0.461826
    outer loop
      vertex 83.9216 -9 40.0982
      vertex 84.1029 -27 39.75
      vertex 83.9216 -27 40.0982
    endloop
  endfacet
  facet normal 0.991425 0 -0.130679
    outer loop
      vertex 92.4829 -27 41.6078
      vertex 92.4316 -9 41.2186
      vertex 92.4829 -9 41.6078
    endloop
  endfacet
  facet normal 0.991425 0 -0.130679
    outer loop
      vertex 92.4316 -9 41.2186
      vertex 92.4829 -27 41.6078
      vertex 92.4316 -27 41.2186
    endloop
  endfacet
  facet normal -0.886756 0 -0.462237
    outer loop
      vertex 89.4048 -27 42.6551
      vertex 89.3423 -9 42.775
      vertex 89.4048 -9 42.6551
    endloop
  endfacet
  facet normal -0.886756 -0 -0.462237
    outer loop
      vertex 89.3423 -9 42.775
      vertex 89.4048 -27 42.6551
      vertex 89.3423 -27 42.775
    endloop
  endfacet
  facet normal -0.301096 0 -0.953594
    outer loop
      vertex 88.4012 -27 43.4972
      vertex 88.5301 -9 43.4565
      vertex 88.5301 -27 43.4565
    endloop
  endfacet
  facet normal -0.301096 0 -0.953594
    outer loop
      vertex 88.5301 -9 43.4565
      vertex 88.4012 -27 43.4972
      vertex 88.4012 -9 43.4972
    endloop
  endfacet
  facet normal 0.382199 0 -0.92408
    outer loop
      vertex 87.3449 -27 43.4048
      vertex 87.4699 -9 43.4565
      vertex 87.4699 -27 43.4565
    endloop
  endfacet
  facet normal 0.382199 0 -0.92408
    outer loop
      vertex 87.4699 -9 43.4565
      vertex 87.3449 -27 43.4048
      vertex 87.3449 -9 43.4048
    endloop
  endfacet
  facet normal 0.92408 0 -0.382199
    outer loop
      vertex 86.5952 -27 42.6551
      vertex 86.5435 -9 42.5301
      vertex 86.5952 -9 42.6551
    endloop
  endfacet
  facet normal 0.92408 0 -0.382199
    outer loop
      vertex 86.5435 -9 42.5301
      vertex 86.5952 -27 42.6551
      vertex 86.5435 -27 42.5301
    endloop
  endfacet
  facet normal -0.999048 0 0.0436298
    outer loop
      vertex 89.5441 -27 41.8649
      vertex 89.55 -9 42
      vertex 89.5441 -9 41.8649
    endloop
  endfacet
  facet normal -0.999048 0 0.0436298
    outer loop
      vertex 89.55 -9 42
      vertex 89.5441 -27 41.8649
      vertex 89.55 -27 42
    endloop
  endfacet
  facet normal -0.0436298 0 -0.999048
    outer loop
      vertex 88 -27 43.55
      vertex 88.1351 -9 43.5441
      vertex 88.1351 -27 43.5441
    endloop
  endfacet
  facet normal -0.0436298 0 -0.999048
    outer loop
      vertex 88.1351 -9 43.5441
      vertex 88 -27 43.55
      vertex 88 -9 43.55
    endloop
  endfacet
  facet normal -0.462237 0 -0.886756
    outer loop
      vertex 88.6551 -27 43.4048
      vertex 88.775 -9 43.3423
      vertex 88.775 -27 43.3423
    endloop
  endfacet
  facet normal -0.462237 0 -0.886756
    outer loop
      vertex 88.775 -9 43.3423
      vertex 88.6551 -27 43.4048
      vertex 88.6551 -9 43.4048
    endloop
  endfacet
  facet normal 0.991497 0 -0.130129
    outer loop
      vertex 86.4735 -27 42.2692
      vertex 86.4559 -9 42.1351
      vertex 86.4735 -9 42.2692
    endloop
  endfacet
  facet normal 0.991497 0 -0.130129
    outer loop
      vertex 86.4559 -9 42.1351
      vertex 86.4735 -27 42.2692
      vertex 86.4559 -27 42.1351
    endloop
  endfacet
  facet normal 0.793475 0 -0.608602
    outer loop
      vertex 86.8126 -27 42.9963
      vertex 86.7303 -9 42.889
      vertex 86.8126 -9 42.9963
    endloop
  endfacet
  facet normal 0.793475 0 -0.608602
    outer loop
      vertex 86.7303 -9 42.889
      vertex 86.8126 -27 42.9963
      vertex 86.7303 -27 42.889
    endloop
  endfacet
  facet normal 0.216696 0 -0.976239
    outer loop
      vertex 87.5988 -27 43.4972
      vertex 87.7308 -9 43.5265
      vertex 87.7308 -27 43.5265
    endloop
  endfacet
  facet normal 0.216696 0 -0.976239
    outer loop
      vertex 87.7308 -9 43.5265
      vertex 87.5988 -27 43.4972
      vertex 87.5988 -9 43.4972
    endloop
  endfacet
  facet normal -0.793475 0 -0.608602
    outer loop
      vertex 89.2697 -27 42.889
      vertex 89.1874 -9 42.9963
      vertex 89.2697 -9 42.889
    endloop
  endfacet
  facet normal -0.793475 -0 -0.608602
    outer loop
      vertex 89.1874 -9 42.9963
      vertex 89.2697 -27 42.889
      vertex 89.1874 -27 42.9963
    endloop
  endfacet
  facet normal -0.675758 0 -0.737123
    outer loop
      vertex 88.9963 -27 43.1874
      vertex 89.096 -9 43.096
      vertex 89.096 -27 43.096
    endloop
  endfacet
  facet normal -0.675758 0 -0.737123
    outer loop
      vertex 89.096 -9 43.096
      vertex 88.9963 -27 43.1874
      vertex 88.9963 -9 43.1874
    endloop
  endfacet
  facet normal -0.737123 0 -0.675758
    outer loop
      vertex 89.1874 -27 42.9963
      vertex 89.096 -9 43.096
      vertex 89.1874 -9 42.9963
    endloop
  endfacet
  facet normal -0.737123 -0 -0.675758
    outer loop
      vertex 89.096 -9 43.096
      vertex 89.1874 -27 42.9963
      vertex 89.096 -27 43.096
    endloop
  endfacet
  facet normal 0.0436298 0 -0.999048
    outer loop
      vertex 87.8649 -27 43.5441
      vertex 88 -9 43.55
      vertex 88 -27 43.55
    endloop
  endfacet
  facet normal 0.0436298 0 -0.999048
    outer loop
      vertex 88 -9 43.55
      vertex 87.8649 -27 43.5441
      vertex 87.8649 -9 43.5441
    endloop
  endfacet
  facet normal -0.216696 0 -0.976239
    outer loop
      vertex 88.2692 -27 43.5265
      vertex 88.4012 -9 43.4972
      vertex 88.4012 -27 43.4972
    endloop
  endfacet
  facet normal -0.216696 0 -0.976239
    outer loop
      vertex 88.4012 -9 43.4972
      vertex 88.2692 -27 43.5265
      vertex 88.2692 -9 43.5265
    endloop
  endfacet
  facet normal -0.130129 0 -0.991497
    outer loop
      vertex 88.1351 -27 43.5441
      vertex 88.2692 -9 43.5265
      vertex 88.2692 -27 43.5265
    endloop
  endfacet
  facet normal -0.130129 0 -0.991497
    outer loop
      vertex 88.2692 -9 43.5265
      vertex 88.1351 -27 43.5441
      vertex 88.1351 -9 43.5441
    endloop
  endfacet
  facet normal -0.537163 0 -0.843479
    outer loop
      vertex 88.775 -27 43.3423
      vertex 88.889 -9 43.2697
      vertex 88.889 -27 43.2697
    endloop
  endfacet
  facet normal -0.537163 0 -0.843479
    outer loop
      vertex 88.889 -9 43.2697
      vertex 88.775 -27 43.3423
      vertex 88.775 -9 43.3423
    endloop
  endfacet
  facet normal -0.382199 0 -0.92408
    outer loop
      vertex 88.5301 -27 43.4565
      vertex 88.6551 -9 43.4048
      vertex 88.6551 -27 43.4048
    endloop
  endfacet
  facet normal -0.382199 0 -0.92408
    outer loop
      vertex 88.6551 -9 43.4048
      vertex 88.5301 -27 43.4565
      vertex 88.5301 -9 43.4565
    endloop
  endfacet
  facet normal 0.999048 0 -0.0436298
    outer loop
      vertex 86.4559 -27 42.1351
      vertex 86.45 -9 42
      vertex 86.4559 -9 42.1351
    endloop
  endfacet
  facet normal 0.999048 0 -0.0436298
    outer loop
      vertex 86.45 -9 42
      vertex 86.4559 -27 42.1351
      vertex 86.45 -27 42
    endloop
  endfacet
  facet normal 0.953594 0 -0.301096
    outer loop
      vertex 86.5435 -27 42.5301
      vertex 86.5028 -9 42.4012
      vertex 86.5435 -9 42.5301
    endloop
  endfacet
  facet normal 0.953594 0 -0.301096
    outer loop
      vertex 86.5028 -9 42.4012
      vertex 86.5435 -27 42.5301
      vertex 86.5028 -27 42.4012
    endloop
  endfacet
  facet normal 0.976239 0 -0.216696
    outer loop
      vertex 86.5028 -27 42.4012
      vertex 86.4735 -9 42.2692
      vertex 86.5028 -9 42.4012
    endloop
  endfacet
  facet normal 0.976239 0 -0.216696
    outer loop
      vertex 86.4735 -9 42.2692
      vertex 86.5028 -27 42.4012
      vertex 86.4735 -27 42.2692
    endloop
  endfacet
  facet normal 0.886756 0 -0.462237
    outer loop
      vertex 86.6577 -27 42.775
      vertex 86.5952 -9 42.6551
      vertex 86.6577 -9 42.775
    endloop
  endfacet
  facet normal 0.886756 0 -0.462237
    outer loop
      vertex 86.5952 -9 42.6551
      vertex 86.6577 -27 42.775
      vertex 86.5952 -27 42.6551
    endloop
  endfacet
  facet normal 0.843479 0 -0.537163
    outer loop
      vertex 86.7303 -27 42.889
      vertex 86.6577 -9 42.775
      vertex 86.7303 -9 42.889
    endloop
  endfacet
  facet normal 0.843479 0 -0.537163
    outer loop
      vertex 86.6577 -9 42.775
      vertex 86.7303 -27 42.889
      vertex 86.6577 -27 42.775
    endloop
  endfacet
  facet normal 0.301096 0 -0.953594
    outer loop
      vertex 87.4699 -27 43.4565
      vertex 87.5988 -9 43.4972
      vertex 87.5988 -27 43.4972
    endloop
  endfacet
  facet normal 0.301096 0 -0.953594
    outer loop
      vertex 87.5988 -9 43.4972
      vertex 87.4699 -27 43.4565
      vertex 87.4699 -9 43.4565
    endloop
  endfacet
  facet normal 0.130129 0 -0.991497
    outer loop
      vertex 87.7308 -27 43.5265
      vertex 87.8649 -9 43.5441
      vertex 87.8649 -27 43.5441
    endloop
  endfacet
  facet normal 0.130129 0 -0.991497
    outer loop
      vertex 87.8649 -9 43.5441
      vertex 87.7308 -27 43.5265
      vertex 87.7308 -9 43.5265
    endloop
  endfacet
  facet normal 0.608602 0 -0.793475
    outer loop
      vertex 87.0037 -27 43.1874
      vertex 87.111 -9 43.2697
      vertex 87.111 -27 43.2697
    endloop
  endfacet
  facet normal 0.608602 0 -0.793475
    outer loop
      vertex 87.111 -9 43.2697
      vertex 87.0037 -27 43.1874
      vertex 87.0037 -9 43.1874
    endloop
  endfacet
  facet normal 0.675758 0 -0.737123
    outer loop
      vertex 86.904 -27 43.096
      vertex 87.0037 -9 43.1874
      vertex 87.0037 -27 43.1874
    endloop
  endfacet
  facet normal 0.675758 0 -0.737123
    outer loop
      vertex 87.0037 -9 43.1874
      vertex 86.904 -27 43.096
      vertex 86.904 -9 43.096
    endloop
  endfacet
  facet normal 0.462237 0 -0.886756
    outer loop
      vertex 87.225 -27 43.3423
      vertex 87.3449 -9 43.4048
      vertex 87.3449 -27 43.4048
    endloop
  endfacet
  facet normal 0.462237 0 -0.886756
    outer loop
      vertex 87.3449 -9 43.4048
      vertex 87.225 -27 43.3423
      vertex 87.225 -9 43.3423
    endloop
  endfacet
  facet normal 0.737123 0 -0.675758
    outer loop
      vertex 86.904 -27 43.096
      vertex 86.8126 -9 42.9963
      vertex 86.904 -9 43.096
    endloop
  endfacet
  facet normal 0.737123 0 -0.675758
    outer loop
      vertex 86.8126 -9 42.9963
      vertex 86.904 -27 43.096
      vertex 86.8126 -27 42.9963
    endloop
  endfacet
  facet normal -0.999048 0 -0.0436298
    outer loop
      vertex 89.55 -27 42
      vertex 89.5441 -9 42.1351
      vertex 89.55 -9 42
    endloop
  endfacet
  facet normal -0.999048 -0 -0.0436298
    outer loop
      vertex 89.5441 -9 42.1351
      vertex 89.55 -27 42
      vertex 89.5441 -27 42.1351
    endloop
  endfacet
  facet normal -0.976239 0 0.216696
    outer loop
      vertex 89.4972 -27 41.5988
      vertex 89.5265 -9 41.7308
      vertex 89.4972 -9 41.5988
    endloop
  endfacet
  facet normal -0.976239 0 0.216696
    outer loop
      vertex 89.5265 -9 41.7308
      vertex 89.4972 -27 41.5988
      vertex 89.5265 -27 41.7308
    endloop
  endfacet
  facet normal -0.793475 0 0.608602
    outer loop
      vertex 89.1874 -27 41.0037
      vertex 89.2697 -9 41.111
      vertex 89.1874 -9 41.0037
    endloop
  endfacet
  facet normal -0.793475 0 0.608602
    outer loop
      vertex 89.2697 -9 41.111
      vertex 89.1874 -27 41.0037
      vertex 89.2697 -27 41.111
    endloop
  endfacet
  facet normal -0.0436298 0 0.999048
    outer loop
      vertex 88 -9 40.45
      vertex 88.1351 -27 40.4559
      vertex 88.1351 -9 40.4559
    endloop
  endfacet
  facet normal -0.0436298 0 0.999048
    outer loop
      vertex 88.1351 -27 40.4559
      vertex 88 -9 40.45
      vertex 88 -27 40.45
    endloop
  endfacet
  facet normal 0.953594 -0 0.301096
    outer loop
      vertex 86.5028 -27 41.5988
      vertex 86.5435 -9 41.4699
      vertex 86.5028 -9 41.5988
    endloop
  endfacet
  facet normal 0.953594 0 0.301096
    outer loop
      vertex 86.5435 -9 41.4699
      vertex 86.5028 -27 41.5988
      vertex 86.5435 -27 41.4699
    endloop
  endfacet
  facet normal 0.886756 -0 0.462237
    outer loop
      vertex 86.5952 -27 41.3449
      vertex 86.6577 -9 41.225
      vertex 86.5952 -9 41.3449
    endloop
  endfacet
  facet normal 0.886756 0 0.462237
    outer loop
      vertex 86.6577 -9 41.225
      vertex 86.5952 -27 41.3449
      vertex 86.6577 -27 41.225
    endloop
  endfacet
  facet normal -0.92408 0 -0.382199
    outer loop
      vertex 89.4565 -27 42.5301
      vertex 89.4048 -9 42.6551
      vertex 89.4565 -9 42.5301
    endloop
  endfacet
  facet normal -0.92408 -0 -0.382199
    outer loop
      vertex 89.4048 -9 42.6551
      vertex 89.4565 -27 42.5301
      vertex 89.4048 -27 42.6551
    endloop
  endfacet
  facet normal -0.953594 0 -0.301096
    outer loop
      vertex 89.4972 -27 42.4012
      vertex 89.4565 -9 42.5301
      vertex 89.4972 -9 42.4012
    endloop
  endfacet
  facet normal -0.953594 -0 -0.301096
    outer loop
      vertex 89.4565 -9 42.5301
      vertex 89.4972 -27 42.4012
      vertex 89.4565 -27 42.5301
    endloop
  endfacet
  facet normal -0.976239 0 -0.216696
    outer loop
      vertex 89.5265 -27 42.2692
      vertex 89.4972 -9 42.4012
      vertex 89.5265 -9 42.2692
    endloop
  endfacet
  facet normal -0.976239 -0 -0.216696
    outer loop
      vertex 89.4972 -9 42.4012
      vertex 89.5265 -27 42.2692
      vertex 89.4972 -27 42.4012
    endloop
  endfacet
  facet normal -0.843479 0 -0.537163
    outer loop
      vertex 89.3423 -27 42.775
      vertex 89.2697 -9 42.889
      vertex 89.3423 -9 42.775
    endloop
  endfacet
  facet normal -0.843479 -0 -0.537163
    outer loop
      vertex 89.2697 -9 42.889
      vertex 89.3423 -27 42.775
      vertex 89.2697 -27 42.889
    endloop
  endfacet
  facet normal -0.608602 0 -0.793475
    outer loop
      vertex 88.889 -27 43.2697
      vertex 88.9963 -9 43.1874
      vertex 88.9963 -27 43.1874
    endloop
  endfacet
  facet normal -0.608602 0 -0.793475
    outer loop
      vertex 88.9963 -9 43.1874
      vertex 88.889 -27 43.2697
      vertex 88.889 -9 43.2697
    endloop
  endfacet
  facet normal 0.537163 0 -0.843479
    outer loop
      vertex 87.111 -27 43.2697
      vertex 87.225 -9 43.3423
      vertex 87.225 -27 43.3423
    endloop
  endfacet
  facet normal 0.537163 0 -0.843479
    outer loop
      vertex 87.225 -9 43.3423
      vertex 87.111 -27 43.2697
      vertex 87.111 -9 43.2697
    endloop
  endfacet
  facet normal -0.991497 0 0.130129
    outer loop
      vertex 89.5265 -27 41.7308
      vertex 89.5441 -9 41.8649
      vertex 89.5265 -9 41.7308
    endloop
  endfacet
  facet normal -0.991497 0 0.130129
    outer loop
      vertex 89.5441 -9 41.8649
      vertex 89.5265 -27 41.7308
      vertex 89.5441 -27 41.8649
    endloop
  endfacet
  facet normal -0.737123 0 0.675758
    outer loop
      vertex 89.096 -27 40.904
      vertex 89.1874 -9 41.0037
      vertex 89.096 -9 40.904
    endloop
  endfacet
  facet normal -0.737123 0 0.675758
    outer loop
      vertex 89.1874 -9 41.0037
      vertex 89.096 -27 40.904
      vertex 89.1874 -27 41.0037
    endloop
  endfacet
  facet normal -0.92408 0 0.382199
    outer loop
      vertex 89.4048 -27 41.3449
      vertex 89.4565 -9 41.4699
      vertex 89.4048 -9 41.3449
    endloop
  endfacet
  facet normal -0.92408 0 0.382199
    outer loop
      vertex 89.4565 -9 41.4699
      vertex 89.4048 -27 41.3449
      vertex 89.4565 -27 41.4699
    endloop
  endfacet
  facet normal 0.976239 -0 0.216696
    outer loop
      vertex 86.4735 -27 41.7308
      vertex 86.5028 -9 41.5988
      vertex 86.4735 -9 41.7308
    endloop
  endfacet
  facet normal 0.976239 0 0.216696
    outer loop
      vertex 86.5028 -9 41.5988
      vertex 86.4735 -27 41.7308
      vertex 86.5028 -27 41.5988
    endloop
  endfacet
  facet normal -0.382199 0 0.92408
    outer loop
      vertex 88.5301 -9 40.5435
      vertex 88.6551 -27 40.5952
      vertex 88.6551 -9 40.5952
    endloop
  endfacet
  facet normal -0.382199 0 0.92408
    outer loop
      vertex 88.6551 -27 40.5952
      vertex 88.5301 -9 40.5435
      vertex 88.5301 -27 40.5435
    endloop
  endfacet
  facet normal -0.301096 0 0.953594
    outer loop
      vertex 88.4012 -9 40.5028
      vertex 88.5301 -27 40.5435
      vertex 88.5301 -9 40.5435
    endloop
  endfacet
  facet normal -0.301096 0 0.953594
    outer loop
      vertex 88.5301 -27 40.5435
      vertex 88.4012 -9 40.5028
      vertex 88.4012 -27 40.5028
    endloop
  endfacet
  facet normal -0.991497 0 -0.130129
    outer loop
      vertex 89.5441 -27 42.1351
      vertex 89.5265 -9 42.2692
      vertex 89.5441 -9 42.1351
    endloop
  endfacet
  facet normal -0.991497 -0 -0.130129
    outer loop
      vertex 89.5265 -9 42.2692
      vertex 89.5441 -27 42.1351
      vertex 89.5265 -27 42.2692
    endloop
  endfacet
  facet normal -0.608602 0 0.793475
    outer loop
      vertex 88.889 -9 40.7303
      vertex 88.9963 -27 40.8126
      vertex 88.9963 -9 40.8126
    endloop
  endfacet
  facet normal -0.608602 0 0.793475
    outer loop
      vertex 88.9963 -27 40.8126
      vertex 88.889 -9 40.7303
      vertex 88.889 -27 40.7303
    endloop
  endfacet
  facet normal -0.886756 0 0.462237
    outer loop
      vertex 89.3423 -27 41.225
      vertex 89.4048 -9 41.3449
      vertex 89.3423 -9 41.225
    endloop
  endfacet
  facet normal -0.886756 0 0.462237
    outer loop
      vertex 89.4048 -9 41.3449
      vertex 89.3423 -27 41.225
      vertex 89.4048 -27 41.3449
    endloop
  endfacet
  facet normal -0.953594 0 0.301096
    outer loop
      vertex 89.4565 -27 41.4699
      vertex 89.4972 -9 41.5988
      vertex 89.4565 -9 41.4699
    endloop
  endfacet
  facet normal -0.953594 0 0.301096
    outer loop
      vertex 89.4972 -9 41.5988
      vertex 89.4565 -27 41.4699
      vertex 89.4972 -27 41.5988
    endloop
  endfacet
  facet normal 0.382199 0 0.92408
    outer loop
      vertex 87.3449 -9 40.5952
      vertex 87.4699 -27 40.5435
      vertex 87.4699 -9 40.5435
    endloop
  endfacet
  facet normal 0.382199 0 0.92408
    outer loop
      vertex 87.4699 -27 40.5435
      vertex 87.3449 -9 40.5952
      vertex 87.3449 -27 40.5952
    endloop
  endfacet
  facet normal 0.462237 0 0.886756
    outer loop
      vertex 87.225 -9 40.6577
      vertex 87.3449 -27 40.5952
      vertex 87.3449 -9 40.5952
    endloop
  endfacet
  facet normal 0.462237 0 0.886756
    outer loop
      vertex 87.3449 -27 40.5952
      vertex 87.225 -9 40.6577
      vertex 87.225 -27 40.6577
    endloop
  endfacet
  facet normal 0.0436298 0 0.999048
    outer loop
      vertex 87.8649 -9 40.4559
      vertex 88 -27 40.45
      vertex 88 -9 40.45
    endloop
  endfacet
  facet normal 0.0436298 0 0.999048
    outer loop
      vertex 88 -27 40.45
      vertex 87.8649 -9 40.4559
      vertex 87.8649 -27 40.4559
    endloop
  endfacet
  facet normal 0.793475 -0 0.608602
    outer loop
      vertex 86.7303 -27 41.111
      vertex 86.8126 -9 41.0037
      vertex 86.7303 -9 41.111
    endloop
  endfacet
  facet normal 0.793475 0 0.608602
    outer loop
      vertex 86.8126 -9 41.0037
      vertex 86.7303 -27 41.111
      vertex 86.8126 -27 41.0037
    endloop
  endfacet
  facet normal 0.92408 -0 0.382199
    outer loop
      vertex 86.5435 -27 41.4699
      vertex 86.5952 -9 41.3449
      vertex 86.5435 -9 41.4699
    endloop
  endfacet
  facet normal 0.92408 0 0.382199
    outer loop
      vertex 86.5952 -9 41.3449
      vertex 86.5435 -27 41.4699
      vertex 86.5952 -27 41.3449
    endloop
  endfacet
  facet normal 0.991497 -0 0.130129
    outer loop
      vertex 86.4559 -27 41.8649
      vertex 86.4735 -9 41.7308
      vertex 86.4559 -9 41.8649
    endloop
  endfacet
  facet normal 0.991497 0 0.130129
    outer loop
      vertex 86.4735 -9 41.7308
      vertex 86.4559 -27 41.8649
      vertex 86.4735 -27 41.7308
    endloop
  endfacet
  facet normal 0.999048 -0 0.0436298
    outer loop
      vertex 86.45 -27 42
      vertex 86.4559 -9 41.8649
      vertex 86.45 -9 42
    endloop
  endfacet
  facet normal 0.999048 0 0.0436298
    outer loop
      vertex 86.4559 -9 41.8649
      vertex 86.45 -27 42
      vertex 86.4559 -27 41.8649
    endloop
  endfacet
  facet normal -0.216696 0 0.976239
    outer loop
      vertex 88.2692 -9 40.4735
      vertex 88.4012 -27 40.5028
      vertex 88.4012 -9 40.5028
    endloop
  endfacet
  facet normal -0.216696 0 0.976239
    outer loop
      vertex 88.4012 -27 40.5028
      vertex 88.2692 -9 40.4735
      vertex 88.2692 -27 40.4735
    endloop
  endfacet
  facet normal -0.130129 0 0.991497
    outer loop
      vertex 88.1351 -9 40.4559
      vertex 88.2692 -27 40.4735
      vertex 88.2692 -9 40.4735
    endloop
  endfacet
  facet normal -0.130129 0 0.991497
    outer loop
      vertex 88.2692 -27 40.4735
      vertex 88.1351 -9 40.4559
      vertex 88.1351 -27 40.4559
    endloop
  endfacet
  facet normal -0.675758 0 0.737123
    outer loop
      vertex 88.9963 -9 40.8126
      vertex 89.096 -27 40.904
      vertex 89.096 -9 40.904
    endloop
  endfacet
  facet normal -0.675758 0 0.737123
    outer loop
      vertex 89.096 -27 40.904
      vertex 88.9963 -9 40.8126
      vertex 88.9963 -27 40.8126
    endloop
  endfacet
  facet normal -0.843479 0 0.537163
    outer loop
      vertex 89.2697 -27 41.111
      vertex 89.3423 -9 41.225
      vertex 89.2697 -9 41.111
    endloop
  endfacet
  facet normal -0.843479 0 0.537163
    outer loop
      vertex 89.3423 -9 41.225
      vertex 89.2697 -27 41.111
      vertex 89.3423 -27 41.225
    endloop
  endfacet
  facet normal 0.216696 0 0.976239
    outer loop
      vertex 87.5988 -9 40.5028
      vertex 87.7308 -27 40.4735
      vertex 87.7308 -9 40.4735
    endloop
  endfacet
  facet normal 0.216696 0 0.976239
    outer loop
      vertex 87.7308 -27 40.4735
      vertex 87.5988 -9 40.5028
      vertex 87.5988 -27 40.5028
    endloop
  endfacet
  facet normal 0.843479 -0 0.537163
    outer loop
      vertex 86.6577 -27 41.225
      vertex 86.7303 -9 41.111
      vertex 86.6577 -9 41.225
    endloop
  endfacet
  facet normal 0.843479 0 0.537163
    outer loop
      vertex 86.7303 -9 41.111
      vertex 86.6577 -27 41.225
      vertex 86.7303 -27 41.111
    endloop
  endfacet
  facet normal 0.737123 -0 0.675758
    outer loop
      vertex 86.8126 -27 41.0037
      vertex 86.904 -9 40.904
      vertex 86.8126 -9 41.0037
    endloop
  endfacet
  facet normal 0.737123 0 0.675758
    outer loop
      vertex 86.904 -9 40.904
      vertex 86.8126 -27 41.0037
      vertex 86.904 -27 40.904
    endloop
  endfacet
  facet normal 0.675758 0 0.737123
    outer loop
      vertex 86.904 -9 40.904
      vertex 87.0037 -27 40.8126
      vertex 87.0037 -9 40.8126
    endloop
  endfacet
  facet normal 0.675758 0 0.737123
    outer loop
      vertex 87.0037 -27 40.8126
      vertex 86.904 -9 40.904
      vertex 86.904 -27 40.904
    endloop
  endfacet
  facet normal -0.537163 0 0.843479
    outer loop
      vertex 88.775 -9 40.6577
      vertex 88.889 -27 40.7303
      vertex 88.889 -9 40.7303
    endloop
  endfacet
  facet normal -0.537163 0 0.843479
    outer loop
      vertex 88.889 -27 40.7303
      vertex 88.775 -9 40.6577
      vertex 88.775 -27 40.6577
    endloop
  endfacet
  facet normal -0.462237 0 0.886756
    outer loop
      vertex 88.6551 -9 40.5952
      vertex 88.775 -27 40.6577
      vertex 88.775 -9 40.6577
    endloop
  endfacet
  facet normal -0.462237 0 0.886756
    outer loop
      vertex 88.775 -27 40.6577
      vertex 88.6551 -9 40.5952
      vertex 88.6551 -27 40.5952
    endloop
  endfacet
  facet normal 0.301096 0 0.953594
    outer loop
      vertex 87.4699 -9 40.5435
      vertex 87.5988 -27 40.5028
      vertex 87.5988 -9 40.5028
    endloop
  endfacet
  facet normal 0.301096 0 0.953594
    outer loop
      vertex 87.5988 -27 40.5028
      vertex 87.4699 -9 40.5435
      vertex 87.4699 -27 40.5435
    endloop
  endfacet
  facet normal 0.537163 0 0.843479
    outer loop
      vertex 87.111 -9 40.7303
      vertex 87.225 -27 40.6577
      vertex 87.225 -9 40.6577
    endloop
  endfacet
  facet normal 0.537163 0 0.843479
    outer loop
      vertex 87.225 -27 40.6577
      vertex 87.111 -9 40.7303
      vertex 87.111 -27 40.7303
    endloop
  endfacet
  facet normal 0.608602 0 0.793475
    outer loop
      vertex 87.0037 -9 40.8126
      vertex 87.111 -27 40.7303
      vertex 87.111 -9 40.7303
    endloop
  endfacet
  facet normal 0.608602 0 0.793475
    outer loop
      vertex 87.111 -27 40.7303
      vertex 87.0037 -9 40.8126
      vertex 87.0037 -27 40.8126
    endloop
  endfacet
  facet normal 0.130129 0 0.991497
    outer loop
      vertex 87.7308 -9 40.4735
      vertex 87.8649 -27 40.4559
      vertex 87.8649 -9 40.4559
    endloop
  endfacet
  facet normal 0.130129 0 0.991497
    outer loop
      vertex 87.8649 -27 40.4559
      vertex 87.7308 -9 40.4735
      vertex 87.7308 -27 40.4735
    endloop
  endfacet
endsolid OpenSCAD_Model
